oracle_name,oracle_path,sample_count,stale_count,stale_rate,usable_signal_count,toxic_candidate_count,benign_candidate_count,uncertain_decision_count,uncertain_decision_rate,toxic_confirmed_count,benign_confirmed_count,toxic_candidate_precision,toxic_candidate_recall,toxic_candidate_false_positive_rate,mean_oracle_gap_bps,mean_markout_12s,signed_gap_markout_12s_correlation,signed_gap_markout_60s_correlation,signed_gap_markout_300s_correlation,signed_gap_markout_3600s_correlation,mean_markout_12s_when_toxic_candidate,mean_markout_60s_when_toxic_candidate,mean_markout_300s_when_toxic_candidate,mean_markout_3600s_when_toxic_candidate,mean_markout_12s_when_benign_candidate,mean_markout_60s_when_benign_candidate,mean_markout_300s_when_benign_candidate,mean_markout_3600s_when_benign_candidate,study,month,window_id,pair,fee_tier,block_start,block_end,window_idx,regime
chainlink,exports/oct2025/windows/link_weth_3000_month_23479243_23486442_w01/chainlink_reference_updates.csv,487,0,0.0,487,350,127,10,0.0205338809034907,64,6,0.0542857142857142,0.296875,0.0,21.428853969598407,28.000698811089116,-0.1840205675371901,-0.1358002831722257,-0.1852539080415691,0.1261280291381879,27.40662302166541,25.89414657732162,22.79252802151496,21.584274784662323,27.91798390687029,22.030803795933796,28.00319680441281,1.9952641227211985,oct2025,,link_weth_3000_month_23479243_23486442_w01,link_weth,3000,23479243,23486442,1,stress
chainlink,exports/oct2025/windows/link_weth_3000_month_23486443_23493642_w02/chainlink_reference_updates.csv,497,0,0.0,497,392,90,15,0.0301810865191146,105,4,0.1403061224489795,0.5238095238095238,0.0,25.75758965850633,35.890137015874934,0.3139275571982436,0.3038733795160408,0.2951879455000118,0.2421562489584734,40.77492632387097,40.17304203158573,40.39202855300933,49.96317173110263,15.75632725536817,17.36295069607602,16.677661968560304,10.28380743018553,oct2025,,link_weth_3000_month_23486443_23493642_w02,link_weth,3000,23486443,23493642,2,stress
chainlink,exports/oct2025/windows/link_weth_3000_month_23493643_23500842_w03/chainlink_reference_updates.csv,252,0,0.0,252,175,69,8,0.0317460317460317,45,4,0.1371428571428571,0.5333333333333333,0.0,23.624839207315507,34.17913227679881,0.3364715814988259,0.4414469765495332,0.2553425549256354,-0.1775537988112698,45.56238511298114,44.997503276050466,43.32473412136847,49.317226155275506,4.553856799278688,2.2735789355175253,12.091652467695669,67.96460749563337,oct2025,,link_weth_3000_month_23493643_23500842_w03,link_weth,3000,23493643,23500842,3,stress
chainlink,exports/oct2025/windows/link_weth_3000_month_23500843_23508042_w04/chainlink_reference_updates.csv,302,0,0.0,302,197,97,8,0.0264900662251655,109,1,0.1979695431472081,0.3577981651376147,0.0,19.55584808008195,25.154427279033428,0.0408835483780536,0.0654978734299354,0.0470787713127898,0.0296380041458945,26.41295160283385,26.316489335293895,26.325479929663963,32.37581213613625,21.27960302544125,20.994530395785404,23.524767441967754,37.04449379588188,oct2025,,link_weth_3000_month_23500843_23508042_w04,link_weth,3000,23500843,23508042,4,stress
chainlink,exports/oct2025/windows/link_weth_3000_month_23508043_23515242_w05/chainlink_reference_updates.csv,446,0,0.0,446,317,118,11,0.0246636771300448,111,3,0.1041009463722397,0.2972972972972973,0.0,23.329676138828617,30.771597001318117,-0.2335909741612092,-0.248165177120568,-0.2331246771666792,-0.0864870386741351,30.010892477992996,29.183571056096262,30.956547705214625,30.659868693335987,33.57767241377189,35.11803804978688,38.705412951294726,41.45140314938301,oct2025,,link_weth_3000_month_23508043_23515242_w05,link_weth,3000,23508043,23515242,5,stress
chainlink,exports/oct2025/windows/link_weth_3000_month_23515243_23522442_w06/chainlink_reference_updates.csv,436,0,0.0,436,315,112,9,0.0206422018348623,63,15,0.0952380952380952,0.4761904761904761,0.0,23.35971286804004,21.865147487778184,0.208070032506654,0.1972447062576854,0.1619261160934499,0.25021601272251,26.471099621993147,23.211006451357832,22.456703639887028,25.153418112890332,10.634427556722304,9.692026371317068,11.131572505521394,-2.6934564483658407,oct2025,,link_weth_3000_month_23515243_23522442_w06,link_weth,3000,23515243,23522442,6,stress
chainlink,exports/oct2025/windows/link_weth_3000_month_23522443_23529642_w07/chainlink_reference_updates.csv,662,0,0.0,662,456,182,24,0.0362537764350453,158,6,0.0723684210526315,0.2088607594936709,0.0,18.869011864752856,40.24576327813316,0.109439248111789,0.144038483679952,0.1117871212737384,0.172877600793503,44.68417968735868,43.46899314211608,42.507973606422986,55.13182985055287,30.987269659812497,31.254926689960595,34.43292143415431,41.607665546537845,oct2025,,link_weth_3000_month_23522443_23529642_w07,link_weth,3000,23522443,23529642,7,stress
chainlink,exports/oct2025/windows/link_weth_3000_month_23529643_23536842_w08/chainlink_reference_updates.csv,333,0,0.0,333,270,60,3,0.009009009009009,29,5,0.0074074074074074,0.0689655172413793,0.0,22.941781950132295,15.452018852818918,-0.0732602904853095,-0.0366080095061592,-0.0057483974816529,0.111752543765636,13.528699488009137,11.433058449465443,9.539402399934456,12.492745707696752,24.919494468315513,22.623607914931917,12.444849170187243,-1.6233170286121614,oct2025,,link_weth_3000_month_23529643_23536842_w08,link_weth,3000,23529643,23536842,8,stress
chainlink,exports/oct2025/windows/link_weth_3000_month_23536843_23544042_w09/chainlink_reference_updates.csv,656,0,0.0,656,471,170,15,0.0228658536585365,87,5,0.0721868365180467,0.3908045977011494,0.0,25.264127392466595,28.66951161546907,0.0448817631577625,0.0638413616340733,0.0687586170694779,-0.0484144480933807,32.52197326817212,32.598073797137296,32.00754464443391,20.09687309928648,16.1364877621323,14.72018944787511,13.041227527542762,31.054020419567895,oct2025,,link_weth_3000_month_23536843_23544042_w09,link_weth,3000,23536843,23544042,9,stress
chainlink,exports/oct2025/windows/link_weth_3000_month_23544043_23551242_w10/chainlink_reference_updates.csv,1367,0,0.0,1367,956,393,18,0.0131675201170446,172,51,0.1202928870292887,0.6686046511627907,0.0,211.43622249209503,142.44673372872853,0.917828116450762,0.8907695915057527,0.6997748128046157,0.4657691256463461,260.014114740095,301.8537943816975,426.4021246698092,361.6508898491167,-139.4126525985637,-153.4513257379685,-220.00690834737273,-61.44800113232887,oct2025,,link_weth_3000_month_23544043_23551242_w10,link_weth,3000,23544043,23551242,10,stress
chainlink,exports/oct2025/windows/link_weth_3000_month_23551243_23558442_w11/chainlink_reference_updates.csv,761,0,0.0,761,512,231,18,0.0236530880420499,124,25,0.048828125,0.2016129032258064,0.0,26.95489855770508,36.41271302395707,0.1361748919298722,0.1323758774141942,0.0597083630178473,0.0448950793764799,40.278280367821026,38.413425609102795,31.896796234103142,44.409018754269646,27.463756964407292,26.32844827593811,26.885300267950125,26.63906517358478,oct2025,,link_weth_3000_month_23551243_23558442_w11,link_weth,3000,23551243,23558442,11,stress
chainlink,exports/oct2025/windows/link_weth_3000_month_23558443_23565642_w12/chainlink_reference_updates.csv,511,0,0.0,511,380,112,19,0.0371819960861056,52,13,0.0473684210526315,0.3461538461538461,0.0,28.5370078623982,29.655718876071173,0.1969599413918963,0.2176654611144701,0.1028614469245721,0.2293320816941489,33.773403274814726,31.7344480756819,29.727977051097213,38.6345993420268,13.315795506998432,10.723430043366198,12.159544854355804,-1.2648276581894409,oct2025,,link_weth_3000_month_23558443_23565642_w12,link_weth,3000,23558443,23565642,12,stress
chainlink,exports/oct2025/windows/link_weth_3000_month_23565643_23572842_w13/chainlink_reference_updates.csv,518,0,0.0,518,381,126,11,0.0212355212355212,61,10,0.0288713910761154,0.180327868852459,0.0,25.26676245754135,32.75629708164388,0.0010635128704843,0.0887664205597518,0.022610231134497,-0.0165014538347962,35.95802856438098,33.03350397681215,22.436972850848804,28.93962566313657,22.439684170840973,10.600787202284788,12.568176542381243,33.097271026224476,oct2025,,link_weth_3000_month_23565643_23572842_w13,link_weth,3000,23565643,23572842,13,stress
chainlink,exports/oct2025/windows/link_weth_3000_month_23572843_23580042_w14/chainlink_reference_updates.csv,405,0,0.0,405,292,105,8,0.019753086419753,51,13,0.0684931506849315,0.392156862745098,0.0,28.608289612670426,33.281346698892044,0.2710716491248402,0.281925201105888,0.2895953395869556,0.1390619386544866,38.15033591007414,39.833454681406415,29.954905661406105,19.27010545422384,19.08741377348563,16.135055157153506,15.690938604201085,14.324477853173835,oct2025,,link_weth_3000_month_23572843_23580042_w14,link_weth,3000,23572843,23580042,14,stress
chainlink,exports/oct2025/windows/link_weth_3000_month_23580043_23587242_w15/chainlink_reference_updates.csv,288,0,0.0,288,184,97,7,0.0243055555555555,60,3,0.0760869565217391,0.2333333333333333,0.0,24.726684580805305,27.974363219456222,-0.0467584334373952,-0.1015129799177952,0.0337589829772432,0.0191535404653148,28.55381665487759,25.19634542964759,22.610529591941873,32.48913561668763,27.449137964164898,26.46508365835401,18.566763984882943,21.707143309970167,oct2025,,link_weth_3000_month_23580043_23587242_w15,link_weth,3000,23580043,23587242,15,stress
chainlink,exports/oct2025/windows/link_weth_3000_month_23587243_23594442_w16/chainlink_reference_updates.csv,371,0,0.0,371,234,132,5,0.013477088948787,75,6,0.1153846153846153,0.36,0.0,25.648665121055885,17.089642945191034,-0.1731776713531939,-0.0637537736543014,0.1038878272202457,-0.1281674945155648,10.2742192045163,11.574327867169448,12.494831150569352,9.208566588625237,28.91720434723942,23.876797417536444,7.677909853459973,20.71333612486644,oct2025,,link_weth_3000_month_23587243_23594442_w16,link_weth,3000,23587243,23594442,16,stress
chainlink,exports/oct2025/windows/link_weth_3000_month_23594443_23601642_w17/chainlink_reference_updates.csv,635,0,0.0,635,450,167,18,0.0283464566929133,134,8,0.0911111111111111,0.3059701492537313,0.0,27.22021730240493,35.138962915348976,0.0249924676960621,-0.0071144449800335,0.003402187366587,0.1656808608882606,37.75717742745628,35.26841520836004,33.75588768596972,63.99892220370218,26.538042485887814,29.76682307914709,35.24113538349037,38.66671634071705,oct2025,,link_weth_3000_month_23594443_23601642_w17,link_weth,3000,23594443,23601642,17,stress
chainlink,exports/oct2025/windows/link_weth_3000_month_23601643_23608842_w18/chainlink_reference_updates.csv,221,0,0.0,221,183,30,8,0.0361990950226244,34,2,0.1311475409836065,0.7058823529411765,0.0,24.523551894828724,24.92446963295037,-0.081875027447543,-0.1316537631069465,-0.142599924334101,-0.0193904996939152,25.39551186890181,24.14018675175024,16.520620896662795,15.695149551589584,22.853298248862924,21.893529344468845,13.314191013661397,-0.3741647832057324,oct2025,,link_weth_3000_month_23601643_23608842_w18,link_weth,3000,23601643,23608842,18,stress
chainlink,exports/oct2025/windows/link_weth_3000_month_23608843_23616042_w19/chainlink_reference_updates.csv,347,0,0.0,347,255,79,13,0.0374639769452449,42,3,0.0549019607843137,0.3333333333333333,0.0,21.900600819425343,23.202061341403233,-0.1457093494284646,-0.0138969727264259,0.0097645780010211,-0.0460115705805667,21.106005570027495,20.748665036983333,15.365110640735423,18.612780057134906,28.20042533703272,17.71618017307351,8.000575331486175,16.951954615200364,oct2025,,link_weth_3000_month_23608843_23616042_w19,link_weth,3000,23608843,23616042,19,stress
chainlink,exports/oct2025/windows/link_weth_3000_month_23616043_23623242_w20/chainlink_reference_updates.csv,806,0,0.0,806,489,301,16,0.0198511166253101,169,12,0.0286298568507157,0.0828402366863905,0.0,24.967187190557706,39.59822621462117,0.1822234847096005,0.1559039977329121,0.2404344415054279,0.1667127664453509,45.288623820653115,45.72908321739751,49.729041072018795,78.17702266715192,29.804140394723404,31.50127812125264,27.932326749908267,40.805163512449454,oct2025,,link_weth_3000_month_23616043_23623242_w20,link_weth,3000,23616043,23623242,20,stress
chainlink,exports/oct2025/windows/link_weth_3000_month_23623243_23630442_w21/chainlink_reference_updates.csv,608,0,0.0,608,447,148,13,0.0213815789473684,99,8,0.0782997762863534,0.3535353535353535,0.0,30.620349020680393,43.55006536633061,0.2559807386505676,0.2741063233086953,0.2053515459008401,0.5674090128411861,46.90932819510435,46.003212380646154,40.267220501628216,71.98921518729355,31.846333268230403,32.86733613742588,34.68005403595329,28.6310251403054,oct2025,,link_weth_3000_month_23623243_23630442_w21,link_weth,3000,23623243,23630442,21,stress
chainlink,exports/oct2025/windows/link_weth_3000_month_23630443_23637642_w22/chainlink_reference_updates.csv,302,0,0.0,302,260,41,1,0.0033112582781456,43,2,0.1,0.6046511627906976,0.0,30.59598968951562,27.828015110756,-0.1396362983543466,-0.112307031520854,0.0156114012008112,0.0916540113838434,27.662204649386823,26.78510703694439,24.03943827584708,16.657678281728906,28.15792079050884,23.52592773186751,14.789860608668786,8.050095728573437,oct2025,,link_weth_3000_month_23630443_23637642_w22,link_weth,3000,23630443,23637642,22,stress
chainlink,exports/oct2025/windows/link_weth_3000_month_23637643_23644842_w23/chainlink_reference_updates.csv,292,0,0.0,292,213,73,6,0.0205479452054794,57,10,0.107981220657277,0.4035087719298245,0.0,27.559210958409544,21.762276869674697,0.1685607660251505,0.1735081384870588,0.1685170154419375,0.0534408047216277,24.220510130400687,25.350231292763,27.54962599825907,35.74341383111165,14.608456666773264,16.12169023266463,23.611147005813944,37.589728662515576,oct2025,,link_weth_3000_month_23637643_23644842_w23,link_weth,3000,23637643,23644842,23,stress
chainlink,exports/oct2025/windows/link_weth_3000_month_23644843_23652042_w24/chainlink_reference_updates.csv,325,0,0.0,325,252,66,7,0.0215384615384615,59,3,0.0595238095238095,0.2542372881355932,0.0,20.73080073066057,39.242015017543125,0.0671763406320305,0.0724622726574523,0.1114486356835012,0.0631196819334334,41.560012760697624,40.63883579890617,40.08183158139855,33.59020569828795,31.27374482617363,33.922855925854705,32.76171319343097,35.95371248006209,oct2025,,link_weth_3000_month_23644843_23652042_w24,link_weth,3000,23644843,23652042,24,stress
chainlink,exports/oct2025/windows/link_weth_3000_month_23652043_23659242_w25/chainlink_reference_updates.csv,270,0,0.0,270,222,42,6,0.0222222222222222,34,3,0.0315315315315315,0.2058823529411764,0.0,20.12229023097401,28.926139465134053,0.27793891682905,0.246809675715651,0.1284759687754411,0.1495001922609446,31.209021258132505,31.584411005389367,31.622187989744315,32.53565010735778,18.378197833283327,19.189830606145684,19.062630203042847,15.2154690270107,oct2025,,link_weth_3000_month_23652043_23659242_w25,link_weth,3000,23652043,23659242,25,stress
chainlink,exports/oct2025/windows/link_weth_3000_month_23659243_23666442_w26/chainlink_reference_updates.csv,283,0,0.0,283,190,84,9,0.0318021201413427,51,3,0.0368421052631578,0.1372549019607843,0.0,21.144623231002548,29.63148643411451,0.0853424844528676,0.0114086417679274,-0.1270557832473314,0.0522733193400709,29.17109510459061,26.455507740933,20.63044417366742,31.906467595895084,32.52407502704768,28.729670758204964,22.352526572539404,18.207818128467363,oct2025,,link_weth_3000_month_23659243_23666442_w26,link_weth,3000,23659243,23666442,26,stress
chainlink,exports/oct2025/windows/link_weth_3000_month_23666443_23673642_w27/chainlink_reference_updates.csv,390,0,0.0,390,295,91,4,0.0102564102564102,57,4,0.0576271186440678,0.2982456140350877,0.0,25.542537159113916,40.45095355084126,0.1646504061172907,0.2059324946388197,0.2125696317028073,0.0157582104494642,43.07087865384413,41.78769677585496,41.39668057185268,19.663731535551292,32.32388169799674,29.071233303146848,29.66981563387726,18.55595652734847,oct2025,,link_weth_3000_month_23666443_23673642_w27,link_weth,3000,23666443,23673642,27,stress
chainlink,exports/oct2025/windows/link_weth_3000_month_23673643_23680842_w28/chainlink_reference_updates.csv,477,0,0.0,477,318,144,15,0.0314465408805031,83,12,0.0723270440251572,0.2771084337349397,0.0,25.850363375533888,32.426250549954034,0.0191224441505313,0.0225492053131685,-0.0512425461367053,-0.0160338301230527,35.20426527110242,33.79281063070761,30.910610338674427,18.152800378074836,24.420039907996888,23.1665847433812,25.890745527315055,16.605529132542383,oct2025,,link_weth_3000_month_23673643_23680842_w28,link_weth,3000,23673643,23680842,28,stress
chainlink,exports/oct2025/windows/link_weth_3000_month_23680843_23688042_w29/chainlink_reference_updates.csv,544,0,0.0,544,380,147,17,0.03125,67,5,0.0368421052631578,0.208955223880597,0.0,23.23377787161256,29.145731636628277,-0.1873848663006382,-0.0531345329512975,0.0177945973868401,0.1022536503771185,26.696142750280753,26.500742629189876,26.88417379418345,49.458436098906205,34.55391385106014,23.4040821666495,20.615336461219194,46.47544367224852,oct2025,,link_weth_3000_month_23680843_23688042_w29,link_weth,3000,23680843,23688042,29,stress
chainlink,exports/oct2025/windows/link_weth_3000_month_23688043_23695242_w30/chainlink_reference_updates.csv,690,0,0.0,690,468,205,17,0.0246376811594202,114,28,0.0662393162393162,0.2719298245614035,0.0,24.01827370858012,29.83599686870023,0.0731696990154958,0.1278616910296647,0.2014832365800293,0.1815919260467926,32.58171546986381,31.962225868330663,32.411649443624974,62.8705727194063,22.823458546180003,17.875045096359788,9.332215693681436,23.49955217079652,oct2025,,link_weth_3000_month_23688043_23695242_w30,link_weth,3000,23688043,23695242,30,stress
chainlink,exports/oct2025/windows/link_weth_3000_month_23695243_23700766_w31/chainlink_reference_updates.csv,304,0,0.0,304,238,59,7,0.0230263157894736,49,1,0.0462184873949579,0.2244897959183673,0.0,22.709880886545733,27.03073013456792,-0.2695689854328067,-0.2323504119282115,-0.224949020444645,-0.0109631254457217,24.943539128974752,23.745518748226377,16.01920450032965,32.069611229411144,33.59230306403856,34.23992639991027,30.97221491069496,38.25703745523178,oct2025,,link_weth_3000_month_23695243_23700766_w31,link_weth,3000,23695243,23700766,31,stress
chainlink,exports/oct2025/windows/uni_weth_3000_month_23479243_23486442_w01/chainlink_reference_updates.csv,149,0,0.0,149,85,59,5,0.0335570469798657,34,11,0.0823529411764705,0.2058823529411764,0.0,27.18444661351682,16.395788473547633,0.3932987428311827,0.3989098048090007,0.292093126542275,0.2709852483712971,28.917564896545205,29.546750535027503,25.585271032323625,28.51678498976925,-0.1935770882311609,0.6006457015824597,8.719843158807029,21.95262888789957,oct2025,,uni_weth_3000_month_23479243_23486442_w01,uni_weth,3000,23479243,23486442,1,stress
chainlink,exports/oct2025/windows/uni_weth_3000_month_23486443_23493642_w02/chainlink_reference_updates.csv,177,0,0.0,177,100,76,1,0.0056497175141242,65,2,0.18,0.2769230769230769,0.0,36.58946311408698,22.77211205387375,-0.0479775222407066,-0.1277353955899226,-0.1209266614704044,-0.1342543661913068,17.44531160940332,16.32518285957667,16.782556379189153,11.300972592577212,29.78434714991817,33.228992786228076,34.51465645638122,53.658680793754215,oct2025,,uni_weth_3000_month_23486443_23493642_w02,uni_weth,3000,23486443,23493642,2,stress
chainlink,exports/oct2025/windows/uni_weth_3000_month_23493643_23500842_w03/chainlink_reference_updates.csv,192,0,0.0,192,84,99,9,0.046875,42,5,0.0952380952380952,0.1904761904761904,0.0,24.886109477043217,23.36438288284438,-0.0147777448491195,0.0339469183004666,0.0865694902832145,0.0219545218921203,21.627779612544742,24.33176078322941,31.337854959959156,28.460230554789874,21.223770022932936,18.957204206802665,20.534714015717103,15.976083128458342,oct2025,,uni_weth_3000_month_23493643_23500842_w03,uni_weth,3000,23493643,23500842,3,stress
chainlink,exports/oct2025/windows/uni_weth_3000_month_23500843_23508042_w04/chainlink_reference_updates.csv,118,0,0.0,118,62,52,4,0.0338983050847457,30,8,0.1774193548387097,0.3666666666666666,0.0,22.54240427981675,4.769979806971563,0.2591380461848603,0.2619826335235529,0.1704484963223981,0.033295301297904,15.036949509018196,15.374688528577272,17.24249602995781,28.05281632157411,-7.508864490862168,-7.508864490862168,-0.806109348624773,20.59139475026921,oct2025,,uni_weth_3000_month_23500843_23508042_w04,uni_weth,3000,23500843,23508042,4,stress
chainlink,exports/oct2025/windows/uni_weth_3000_month_23508043_23515242_w05/chainlink_reference_updates.csv,231,0,0.0,231,105,121,5,0.0216450216450216,59,4,0.0666666666666666,0.1186440677966101,0.0,24.46942794807643,15.536080215394769,-0.1185837265229857,-0.0188648558782858,0.1012858488481608,-0.0949530224205079,7.538225822965962,8.255875578794084,9.669690477049851,24.56660647252736,22.756573642747263,21.536500532817534,16.580017328943583,29.685617069910418,oct2025,,uni_weth_3000_month_23508043_23515242_w05,uni_weth,3000,23508043,23515242,5,stress
chainlink,exports/oct2025/windows/uni_weth_3000_month_23515243_23522442_w06/chainlink_reference_updates.csv,141,0,0.0,141,77,58,6,0.0425531914893617,24,8,0.0649350649350649,0.2083333333333333,0.0,28.101987011911746,24.014067713788386,0.0307971451549321,0.0203844327877475,0.0579673784962901,0.2878467443124803,29.626154759670825,28.94536743356183,35.6362016100286,38.16398471013877,18.86884605653222,18.747334764822448,19.502699263864113,4.144359757946754,oct2025,,uni_weth_3000_month_23515243_23522442_w06,uni_weth,3000,23515243,23522442,6,stress
chainlink,exports/oct2025/windows/uni_weth_3000_month_23522443_23529642_w07/chainlink_reference_updates.csv,153,0,0.0,153,105,46,2,0.0130718954248366,31,3,0.1714285714285714,0.5806451612903226,0.0,39.67113647733647,38.09021276844853,0.233364409047008,0.2067215221737174,0.2211355289379764,0.2915914130027282,51.351919234724974,50.25372392936288,50.87511997187104,55.34349835240547,9.805664288750664,12.949750269957518,11.217744654795425,1.7073080451127811,oct2025,,uni_weth_3000_month_23522443_23529642_w07,uni_weth,3000,23522443,23529642,7,stress
chainlink,exports/oct2025/windows/uni_weth_3000_month_23529643_23536842_w08/chainlink_reference_updates.csv,112,0,0.0,112,63,46,3,0.0267857142857142,25,2,0.0793650793650793,0.2,0.0,21.315972374533462,15.05544351839274,0.0182866449774502,0.0721136818620824,0.0466302789267959,0.3135023481417764,16.623231946480438,18.125713638353968,16.20820038149844,76.81880966041912,11.547044112992086,4.660053187333515,10.454535719214418,17.949230414445697,oct2025,,uni_weth_3000_month_23529643_23536842_w08,uni_weth,3000,23529643,23536842,8,stress
chainlink,exports/oct2025/windows/uni_weth_3000_month_23536843_23544042_w09/chainlink_reference_updates.csv,97,0,0.0,97,39,57,1,0.0103092783505154,20,14,0.1025641025641025,0.2,0.0,30.311026912596628,7.45383504188159,0.2452443066165191,0.2475829290432861,0.2563916843214768,-0.0399146125136322,16.60568790335429,16.568875446724753,26.624858468686817,1.82301145350681,0.6168005508640816,0.4226548236501119,0.1319456801941639,4.556246752489084,oct2025,,uni_weth_3000_month_23536843_23544042_w09,uni_weth,3000,23536843,23544042,9,stress
chainlink,exports/oct2025/windows/uni_weth_3000_month_23544043_23551242_w10/chainlink_reference_updates.csv,657,0,0.0,657,356,295,6,0.0091324200913242,102,64,0.1207865168539325,0.4215686274509804,0.0,342.2198883905418,116.77387056418212,0.969080980235968,0.9217088712950992,0.505161590685734,-0.1437053140358997,422.9584758750462,489.5421350674125,561.8348826530586,177.1724048158593,-250.57172983093676,-276.80133298102163,-259.1856317697643,169.0090316969491,oct2025,,uni_weth_3000_month_23544043_23551242_w10,uni_weth,3000,23544043,23551242,10,stress
chainlink,exports/oct2025/windows/uni_weth_3000_month_23551243_23558442_w11/chainlink_reference_updates.csv,501,0,0.0,501,277,213,11,0.0219560878243512,109,26,0.0866425992779783,0.2201834862385321,0.0,36.75775896307184,23.325764649729635,0.052535618592113,0.0716868719137359,0.0965302767621236,-0.0092954835954122,22.74629012269855,25.053413921252965,24.84964122622565,21.205523597517217,22.917324290359023,21.976905441563183,13.887924254852887,13.891453710500016,oct2025,,uni_weth_3000_month_23551243_23558442_w11,uni_weth,3000,23551243,23558442,11,stress
chainlink,exports/oct2025/windows/uni_weth_3000_month_23558443_23565642_w12/chainlink_reference_updates.csv,317,0,0.0,317,178,133,6,0.0189274447949526,77,11,0.0449438202247191,0.1038961038961039,0.0,28.37299468127756,24.145370116406724,-0.1029874281127967,-0.0593757329933542,-0.1089377989730629,-0.0645472681084697,21.63760906202442,21.277469872387364,26.428047900810306,33.77749820268861,28.113189876270084,23.747187771579576,26.087554120081627,37.97745860418796,oct2025,,uni_weth_3000_month_23558443_23565642_w12,uni_weth,3000,23558443,23565642,12,stress
chainlink,exports/oct2025/windows/uni_weth_3000_month_23565643_23572842_w13/chainlink_reference_updates.csv,277,0,0.0,277,133,140,4,0.0144404332129963,65,10,0.0526315789473684,0.1076923076923077,0.0,31.333079203597283,18.540658276956776,-0.1322715761308752,-0.0889067346588625,0.0512458722023272,0.0291903403042453,12.423351568549808,12.436770676309932,17.357092958111952,25.8481073549582,24.62543228531696,21.43728105932618,14.541149796451512,14.555496036413546,oct2025,,uni_weth_3000_month_23565643_23572842_w13,uni_weth,3000,23565643,23572842,13,stress
chainlink,exports/oct2025/windows/uni_weth_3000_month_23572843_23580042_w14/chainlink_reference_updates.csv,313,0,0.0,313,178,130,5,0.0159744408945686,65,10,0.0842696629213483,0.2307692307692307,0.0,30.0309716196703,16.280671427425,-0.1414127061174702,-0.0443577334973425,0.0861380577872046,0.164315588616903,4.925898711905129,8.065756942109035,11.036862500067317,5.632498700301447,28.903186919450967,22.03637525469011,16.986797424973368,0.326715321828552,oct2025,,uni_weth_3000_month_23572843_23580042_w14,uni_weth,3000,23572843,23580042,14,stress
chainlink,exports/oct2025/windows/uni_weth_3000_month_23580043_23587242_w15/chainlink_reference_updates.csv,165,0,0.0,165,90,75,0,0.0,29,8,0.0888888888888888,0.2758620689655172,0.0,33.8864472158035,8.198339996499993,0.0864430485557606,0.0839579305796791,0.2097580923963686,-0.0089900552447453,10.252752515048698,12.29998055448486,20.183902566186852,16.119643462191416,5.733044974241545,5.640144434828091,2.2051532258929916,10.7584961622779,oct2025,,uni_weth_3000_month_23580043_23587242_w15,uni_weth,3000,23580043,23587242,15,stress
chainlink,exports/oct2025/windows/uni_weth_3000_month_23587243_23594442_w16/chainlink_reference_updates.csv,141,0,0.0,141,82,55,4,0.0283687943262411,30,1,0.0975609756097561,0.2666666666666666,0.0,27.72448884385489,9.601212479570474,-0.1740618058258494,-0.1163016108315745,0.0184497472380445,-0.0519392560998221,-1.0058669133736855,4.0247797140564066,12.02268783255917,7.718401079228956,22.933891409302657,22.314156383365273,18.516144804665508,13.5232873638053,oct2025,,uni_weth_3000_month_23587243_23594442_w16,uni_weth,3000,23587243,23594442,16,stress
chainlink,exports/oct2025/windows/uni_weth_3000_month_23594443_23601642_w17/chainlink_reference_updates.csv,183,0,0.0,183,105,74,4,0.0218579234972677,53,8,0.1904761904761904,0.3773584905660377,0.0,31.40865985151035,22.14446360250136,0.0209334805105832,0.0924951822428795,0.1919984883255793,0.335283046559015,25.94169757613618,31.052636846461855,30.78693548247572,56.626359745277206,17.476654999631872,12.97463495926124,15.384665295257568,27.47663314853408,oct2025,,uni_weth_3000_month_23594443_23601642_w17,uni_weth,3000,23594443,23601642,17,stress
chainlink,exports/oct2025/windows/uni_weth_3000_month_23601643_23608842_w18/chainlink_reference_updates.csv,243,0,0.0,243,111,123,9,0.037037037037037,56,19,0.036036036036036,0.0714285714285714,0.0,23.384899590639485,14.968680033678408,0.1139611506793933,0.1692067359898797,0.178948025339093,-0.0007871417685463,20.60452395673679,22.665481291131503,27.671032700307013,31.01439315116581,11.3090965952828,9.76243878064443,6.929371357342821,20.508864236529504,oct2025,,uni_weth_3000_month_23601643_23608842_w18,uni_weth,3000,23601643,23608842,18,stress
chainlink,exports/oct2025/windows/uni_weth_3000_month_23608843_23616042_w19/chainlink_reference_updates.csv,159,0,0.0,159,86,70,3,0.0188679245283018,34,7,0.1046511627906976,0.2647058823529412,0.0,35.72752465299638,28.669340789411866,0.247252599796467,0.152014877595474,0.2209830529283502,0.1598533460312885,40.26985698157997,33.916427844672626,27.911830991344537,11.51274182323121,17.95424510997857,14.568624008397236,13.840805696598435,15.29313436838529,oct2025,,uni_weth_3000_month_23608843_23616042_w19,uni_weth,3000,23608843,23616042,19,stress
chainlink,exports/oct2025/windows/uni_weth_3000_month_23616043_23623242_w20/chainlink_reference_updates.csv,183,0,0.0,183,131,49,3,0.0163934426229508,35,3,0.1526717557251908,0.5714285714285714,0.0,32.150995253028306,22.417842363683185,0.2757580315780524,0.3067683245495213,0.1964202664070592,0.098543504201406,30.73831977713989,32.3272578891371,26.218541466073056,17.252640529657064,1.7238182830181308,-0.101180622956259,4.594593634972647,-2.820962242736704,oct2025,,uni_weth_3000_month_23616043_23623242_w20,uni_weth,3000,23616043,23623242,20,stress
chainlink,exports/oct2025/windows/uni_weth_3000_month_23623243_23630442_w21/chainlink_reference_updates.csv,233,0,0.0,233,130,98,5,0.0214592274678111,42,16,0.023076923076923,0.0714285714285714,0.0,26.997038418142814,25.14851015875406,0.158586870248352,0.1469998787844538,0.0623056602978695,0.0979761332789053,31.016625609854607,29.46381177223409,24.122335022949404,56.0903649391984,18.736459436511527,16.961572244247506,21.86789872117855,10.357272968440752,oct2025,,uni_weth_3000_month_23623243_23630442_w21,uni_weth,3000,23623243,23630442,21,stress
chainlink,exports/oct2025/windows/uni_weth_3000_month_23630443_23637642_w22/chainlink_reference_updates.csv,166,0,0.0,166,108,51,7,0.0421686746987951,43,4,0.1481481481481481,0.3720930232558139,0.0,25.4462018161237,19.50299308791904,0.1876257349096007,0.1091455394281337,-0.0373718949020568,0.0427455949385506,22.89257731831562,22.864481527571694,26.901447886162888,40.3540714454456,12.175493656540148,15.68860696812914,26.549636819354543,28.275291852680457,oct2025,,uni_weth_3000_month_23630443_23637642_w22,uni_weth,3000,23630443,23637642,22,stress
chainlink,exports/oct2025/windows/uni_weth_3000_month_23637643_23644842_w23/chainlink_reference_updates.csv,221,0,0.0,221,144,71,6,0.0271493212669683,37,12,0.0902777777777777,0.3513513513513513,0.0,22.889657401709616,19.54308401121025,0.1662233607930355,0.2578766347467436,0.2844735067751819,0.2553716435969119,28.729895132232382,30.203400296085945,28.027284396728568,42.558178143175766,2.48305566853541,-1.5247807495108248,-0.5433388677935617,4.992895384905243,oct2025,,uni_weth_3000_month_23637643_23644842_w23,uni_weth,3000,23637643,23644842,23,stress
chainlink,exports/oct2025/windows/uni_weth_3000_month_23644843_23652042_w24/chainlink_reference_updates.csv,212,0,0.0,212,112,93,7,0.0330188679245283,47,9,0.0535714285714285,0.1276595744680851,0.0,20.63220508021668,9.106732079556442,-0.2087920213369915,-0.223111168910844,-0.1046783725761918,0.0808168024473828,3.052491343292123,2.72487068406155,6.46763171912388,21.78285818130509,16.54331599208053,18.80516779286734,15.834403516288065,25.58943471560347,oct2025,,uni_weth_3000_month_23644843_23652042_w24,uni_weth,3000,23644843,23652042,24,stress
chainlink,exports/oct2025/windows/uni_weth_3000_month_23652043_23659242_w25/chainlink_reference_updates.csv,202,0,0.0,202,128,70,4,0.0198019801980198,43,8,0.1484375,0.4418604651162791,0.0,21.67159889938857,20.62369779477817,0.428354930870865,0.4308268177839977,0.5019962893148127,0.4005303614993262,29.233841974468653,29.44294366928269,34.99978390694307,31.80399377779998,5.5995673799124175,5.567052104714587,4.382361118952141,6.305718129765852,oct2025,,uni_weth_3000_month_23652043_23659242_w25,uni_weth,3000,23652043,23659242,25,stress
chainlink,exports/oct2025/windows/uni_weth_3000_month_23659243_23666442_w26/chainlink_reference_updates.csv,291,0,0.0,291,172,110,9,0.0309278350515463,63,11,0.1046511627906976,0.2857142857142857,0.0,23.629660893351005,26.345448383028803,0.2757928503621326,0.2383746256861162,0.1807753663676418,-0.0026949116210845,41.173433002290686,44.02764283401577,44.17574814100705,31.939894864925,4.068907139288037,7.218079337070852,11.793069697753005,28.572964097593218,oct2025,,uni_weth_3000_month_23659243_23666442_w26,uni_weth,3000,23659243,23666442,26,stress
chainlink,exports/oct2025/windows/uni_weth_3000_month_23666443_23673642_w27/chainlink_reference_updates.csv,193,0,0.0,193,94,96,3,0.0155440414507772,70,3,0.1808510638297872,0.2428571428571428,0.0,34.10546864640722,23.468153902745616,-0.0248234556679755,0.0010380885400883,0.0694314893023095,-0.0538693418664907,22.345508821100637,23.959680872583352,26.997367587271132,15.102586260098777,23.858213102201635,24.404152970991777,26.759969197670085,34.880420719821316,oct2025,,uni_weth_3000_month_23666443_23673642_w27,uni_weth,3000,23666443,23673642,27,stress
chainlink,exports/oct2025/windows/uni_weth_3000_month_23673643_23680842_w28/chainlink_reference_updates.csv,190,0,0.0,190,107,76,7,0.0368421052631578,31,8,0.0654205607476635,0.2258064516129032,0.0,28.56050770903291,29.60964588559528,-0.1171640650489394,-0.1789641595203584,-0.0300910853400597,0.1517961760527016,22.022925138065585,21.352891979019123,24.565184855419467,17.20743555350844,38.47787059476581,39.42218932715825,34.092083307881055,-5.4438686586959975,oct2025,,uni_weth_3000_month_23673643_23680842_w28,uni_weth,3000,23673643,23680842,28,stress
chainlink,exports/oct2025/windows/uni_weth_3000_month_23680843_23688042_w29/chainlink_reference_updates.csv,325,0,0.0,325,158,153,14,0.043076923076923,57,20,0.0569620253164556,0.1578947368421052,0.0,26.448797300755793,23.153125241718616,0.1575731773103983,0.2222436476755821,0.0911711052411804,0.0041940417663524,29.875864111933954,26.406680829817205,30.98393362707907,29.274325044455377,17.482746354431573,6.92452791872349,10.665970391171752,35.88468278565077,oct2025,,uni_weth_3000_month_23680843_23688042_w29,uni_weth,3000,23680843,23688042,29,stress
chainlink,exports/oct2025/windows/uni_weth_3000_month_23688043_23695242_w30/chainlink_reference_updates.csv,140,0,0.0,140,65,75,0,0.0,30,13,0.0307692307692307,0.0666666666666666,0.0,30.822830504822292,20.74141899402774,0.2638226903018871,0.260817213791895,0.3127856545610007,0.2552346020003841,31.245439145304235,30.69416329295453,30.091162958826423,36.340516089679475,11.637934862921444,11.917932642006152,12.926250352786058,10.92857286257846,oct2025,,uni_weth_3000_month_23688043_23695242_w30,uni_weth,3000,23688043,23695242,30,stress
chainlink,exports/oct2025/windows/uni_weth_3000_month_23695243_23700766_w31/chainlink_reference_updates.csv,165,0,0.0,165,88,74,3,0.0181818181818181,53,8,0.1363636363636363,0.2264150943396226,0.0,23.149307539561804,18.77520572205005,0.0804188454996069,0.0471011584746535,-0.036739843014741,-0.0044135018695646,24.814748356664985,25.188723645808068,22.87808223259991,34.941336309325834,11.74536208016471,13.421824937842253,17.60000450659459,42.53251051579773,oct2025,,uni_weth_3000_month_23695243_23700766_w31,uni_weth,3000,23695243,23700766,31,stress
chainlink,exports/oct2025/windows/wbtc_usdc_500_month_23479243_23486442_w01/chainlink_reference_updates.csv,799,6,0.0075093867334167,799,359,381,59,0.0738423028785982,208,45,0.0891364902506963,0.1538461538461538,0.0,14.657895284533176,5.386501109000485,-0.142113382484614,-0.1502282351684899,-0.1632970854300671,-0.1217524241345477,0.8000741475322886,1.1228001250078463,1.9813315490894976,-1.3098577620815426,9.60272188101482,10.705758843394726,12.265218455887922,13.225953056044002,oct2025,,wbtc_usdc_500_month_23479243_23486442_w01,wbtc_usdc,500,23479243,23486442,1,stress
chainlink,exports/oct2025/windows/wbtc_usdc_500_month_23486443_23493642_w02/chainlink_reference_updates.csv,805,259,0.3217391304347826,547,261,255,289,0.3590062111801242,117,63,0.1340996168582375,0.2991452991452991,0.0,13.535875978135495,4.644154855366438,0.0745212719338235,0.0863854857309783,0.1078279708171148,0.1629164504070489,9.652806051611412,9.618021191068465,10.30274663742157,13.586605309460806,1.263872197987632,0.6516556110038638,1.2548827618361684,0.2454218905923877,oct2025,,wbtc_usdc_500_month_23486443_23493642_w02,wbtc_usdc,500,23486443,23493642,2,stress
chainlink,exports/oct2025/windows/wbtc_usdc_500_month_23493643_23500842_w03/chainlink_reference_updates.csv,1128,197,0.1746453900709219,933,449,439,240,0.2127659574468085,188,79,0.0489977728285077,0.1170212765957446,0.0,16.567640147110872,6.06427477704906,0.0437800289931757,0.054535240203328,0.0696245959157834,0.0771924877076925,8.12865237673258,8.333562287848224,8.422748065143569,12.108763135516073,3.6750438670532586,3.555309999894446,2.331973438519809,-2.9622082514115595,oct2025,,wbtc_usdc_500_month_23493643_23500842_w03,wbtc_usdc,500,23493643,23500842,3,stress
chainlink,exports/oct2025/windows/wbtc_usdc_500_month_23500843_23508042_w04/chainlink_reference_updates.csv,628,192,0.3057324840764331,438,184,212,232,0.3694267515923566,111,34,0.1793478260869565,0.2972972972972973,0.0,9.46620840292536,1.8846764088730932,0.4795827885919558,0.4741898650672335,0.4454074412804094,0.2974325501898283,4.431134986454409,4.457512208570379,4.091911452032886,2.507273489639823,0.6451537234189754,0.8256107086521989,0.7768709763646839,-0.0112151153829503,oct2025,,wbtc_usdc_500_month_23500843_23508042_w04,wbtc_usdc,500,23500843,23508042,4,stress
chainlink,exports/oct2025/windows/wbtc_usdc_500_month_23508043_23515242_w05/chainlink_reference_updates.csv,1515,502,0.3313531353135313,1020,450,503,562,0.3709570957095709,272,64,0.0422222222222222,0.0698529411764705,0.0,14.949251985248162,1.4832198580269982,-0.1319721270656485,-0.1663135052216333,-0.2227890588611384,-0.2436129881267771,-1.3792161233227065,-2.033050904598179,-3.5658242728865717,-7.761954164376202,7.433493738581488,7.375933924153011,8.366454582748988,21.044880745109115,oct2025,,wbtc_usdc_500_month_23508043_23515242_w05,wbtc_usdc,500,23508043,23515242,5,stress
chainlink,exports/oct2025/windows/wbtc_usdc_500_month_23515243_23522442_w06/chainlink_reference_updates.csv,943,290,0.3075291622481442,655,306,321,316,0.3351007423117709,150,37,0.0751633986928104,0.1533333333333333,0.0,13.748089294979296,4.453882351143132,-0.2094722212676431,-0.17266633290219,-0.0270633759827098,0.0251491275750921,1.012065630106386,1.1892850336375085,3.0732612496343648,1.2813380186678174,10.492001627646692,9.961574111921449,7.884787074279702,1.1755776183335551,oct2025,,wbtc_usdc_500_month_23515243_23522442_w06,wbtc_usdc,500,23515243,23522442,6,stress
chainlink,exports/oct2025/windows/wbtc_usdc_500_month_23522443_23529642_w07/chainlink_reference_updates.csv,1068,290,0.2715355805243445,780,326,400,342,0.3202247191011236,210,65,0.0368098159509202,0.0571428571428571,0.0,18.40896716617998,5.329239798387258,0.8907837616030697,0.8869973149276297,0.87150563165784,0.7348712036077052,0.5756339804132612,0.5933601036830276,-1.102149995312153,0.3825534626294251,9.782307144093814,9.61598406211839,10.43015028309902,12.56651398093942,oct2025,,wbtc_usdc_500_month_23522443_23529642_w07,wbtc_usdc,500,23522443,23529642,7,stress
chainlink,exports/oct2025/windows/wbtc_usdc_500_month_23529643_23536842_w08/chainlink_reference_updates.csv,1098,329,0.2996357012750455,772,363,369,366,0.3333333333333333,240,45,0.1129476584022038,0.1708333333333333,0.0,14.757186190276832,6.07198272044723,-0.125698280693265,-0.1073217027495707,-0.1067337444959457,-0.0489008712522361,0.9066636914092058,0.456893557240962,0.2840875584444352,0.9400534275220136,9.597880158991668,10.12059376510795,9.391682694125056,9.521094343761217,oct2025,,wbtc_usdc_500_month_23529643_23536842_w08,wbtc_usdc,500,23529643,23536842,8,stress
chainlink,exports/oct2025/windows/wbtc_usdc_500_month_23536843_23544042_w09/chainlink_reference_updates.csv,1169,219,0.1873396065012831,953,421,488,260,0.2224123182207014,261,63,0.0641330166270783,0.1034482758620689,0.0,15.564428056550964,3.7973118727990354,-0.3184837901054234,-0.2635502211295822,-0.1943599362647372,-0.2966034584060453,-4.246574837949986,-2.9197719229098884,-0.854300168951033,-13.242202586152173,10.843033936396465,10.57883704838725,7.62769168860323,14.343311741551055,oct2025,,wbtc_usdc_500_month_23536843_23544042_w09,wbtc_usdc,500,23536843,23544042,9,stress
chainlink,exports/oct2025/windows/wbtc_usdc_500_month_23544043_23551242_w10/chainlink_reference_updates.csv,1369,278,0.2030679327976625,1091,534,512,323,0.2359386413440467,206,130,0.0898876404494382,0.233009708737864,0.0,69.95765644935324,25.19556460121152,0.9463168750033084,0.9303482612319374,0.8404513099893294,0.811756381831649,79.89666709730805,80.48435940102394,78.99244911574989,128.17295268859132,-17.292441397801543,-17.611772396430872,-14.81352313776105,-61.58504084914125,oct2025,,wbtc_usdc_500_month_23544043_23551242_w10,wbtc_usdc,500,23544043,23551242,10,stress
chainlink,exports/oct2025/windows/wbtc_usdc_500_month_23551243_23558442_w11/chainlink_reference_updates.csv,1663,6,0.0036079374624173,1663,840,746,77,0.0463018641010222,391,133,0.1083333333333333,0.2327365728900255,0.0,18.421725514762763,5.864352231335191,0.3741463502682191,0.3328660886714378,0.2785162516049752,0.1730717903457246,6.6247214009989746,5.775685216382732,4.108323430713118,4.227755108879244,5.722120553601567,6.5821152483175,8.063647737093818,11.085358342403389,oct2025,,wbtc_usdc_500_month_23551243_23558442_w11,wbtc_usdc,500,23551243,23558442,11,stress
chainlink,exports/oct2025/windows/wbtc_usdc_500_month_23558443_23565642_w12/chainlink_reference_updates.csv,2087,429,0.2055582175371346,1664,773,820,494,0.236703402012458,350,112,0.0776196636481241,0.1714285714285714,0.0,17.442593965751538,3.2839439045960432,-0.0198092292910724,0.014526784811084,0.0052867428128961,0.0891657855997483,2.4650218172517104,2.779683838959241,1.388323507495708,3.057499328437153,9.512047705558182,8.58670142308722,7.198363921595287,0.8390013724004771,oct2025,,wbtc_usdc_500_month_23558443_23565642_w12,wbtc_usdc,500,23558443,23565642,12,stress
chainlink,exports/oct2025/windows/wbtc_usdc_500_month_23565643_23572842_w13/chainlink_reference_updates.csv,1393,378,0.271356783919598,1018,478,501,414,0.2972002871500359,268,175,0.0732217573221757,0.1305970149253731,0.0,14.62843835418236,4.308787563655701,0.2351594044513355,0.2375732447903169,0.2322872261179099,0.1070105213750033,12.247729484693568,12.804310555427609,12.69620465776264,10.239888900268426,-4.104091439954774,-3.773019989787771,-4.048829689993827,0.1839169544496359,oct2025,,wbtc_usdc_500_month_23565643_23572842_w13,wbtc_usdc,500,23565643,23572842,13,stress
chainlink,exports/oct2025/windows/wbtc_usdc_500_month_23572843_23580042_w14/chainlink_reference_updates.csv,2116,378,0.1786389413988658,1739,824,857,435,0.2055765595463138,403,165,0.0509708737864077,0.1042183622828784,0.0,19.559337980453524,6.01202172602096,0.577828018710567,0.5849606836076725,0.5503535472239559,0.5402109582844916,3.664517507485552,4.52993755390891,3.2593608687780287,7.59353686088074,6.74640544728825,6.172456397723002,5.988667116123132,1.1312907988214491,oct2025,,wbtc_usdc_500_month_23572843_23580042_w14,wbtc_usdc,500,23572843,23580042,14,stress
chainlink,exports/oct2025/windows/wbtc_usdc_500_month_23580043_23587242_w15/chainlink_reference_updates.csv,1448,267,0.1843922651933701,1182,545,586,317,0.2189226519337016,329,46,0.1339449541284403,0.2218844984802431,0.0,16.688739785041832,8.10633538683007,-0.1746324703953073,-0.1319162995997804,-0.0565946310809052,-0.1013389028545386,0.605019214848432,1.1055013130770952,2.787965630737057,-0.957662848448066,11.880495567714824,11.385436006028216,8.786772731862447,6.868522885109338,oct2025,,wbtc_usdc_500_month_23580043_23587242_w15,wbtc_usdc,500,23580043,23587242,15,stress
chainlink,exports/oct2025/windows/wbtc_usdc_500_month_23587243_23594442_w16/chainlink_reference_updates.csv,1810,181,0.1,1632,769,801,240,0.1325966850828729,322,154,0.048114434330299,0.1149068322981366,0.0,21.109346606867906,7.809505054707774,0.582430101406563,0.5694397890447199,0.5487396760395714,0.4500150768895085,9.079750507859073,8.790286596406016,8.796187605688264,8.94107770191802,7.214732637652238,6.931509948590776,5.23637601661922,1.924156315876598,oct2025,,wbtc_usdc_500_month_23587243_23594442_w16,wbtc_usdc,500,23587243,23594442,16,stress
chainlink,exports/oct2025/windows/wbtc_usdc_500_month_23594443_23601642_w17/chainlink_reference_updates.csv,1634,93,0.0569155446756425,1547,747,736,151,0.0924112607099143,428,86,0.0562248995983935,0.0981308411214953,0.0,18.211028418083796,6.981397945063182,-0.1203394533080117,-0.13587612414205,-0.1761765432969951,-0.1380507022044723,0.2855036260566755,-0.0935066875975409,-1.0160891275549857,-2.200494456929307,14.552710535242658,14.845518990825417,18.182435995932337,25.046457634353494,oct2025,,wbtc_usdc_500_month_23594443_23601642_w17,wbtc_usdc,500,23594443,23601642,17,stress
chainlink,exports/oct2025/windows/wbtc_usdc_500_month_23601643_23608842_w18/chainlink_reference_updates.csv,991,58,0.0585267406659939,942,488,376,127,0.1281533804238143,235,53,0.1741803278688524,0.3617021276595745,0.0,14.506136272056734,9.020123231813765,0.3805315317100799,0.4081250096439087,0.4522066331012815,0.3411976384027007,12.28696109482411,12.313998599900978,12.432166307814724,9.026235878679122,4.943626021183715,4.25258608590638,2.383083352285379,1.481192831871276,oct2025,,wbtc_usdc_500_month_23601643_23608842_w18,wbtc_usdc,500,23601643,23608842,18,stress
chainlink,exports/oct2025/windows/wbtc_usdc_500_month_23608843_23616042_w19/chainlink_reference_updates.csv,1573,9,0.0057215511760966,1570,739,736,98,0.0623013350286077,389,119,0.094722598105548,0.1799485861182519,0.0,15.583439222663468,3.97267289026124,-0.1481930611889792,-0.0934716586868731,-0.0275258877482965,0.0262197244264473,-0.5543447614352707,-0.0356518538389328,1.1078254889049806,0.8118489964546202,8.252602249896908,7.091642758823689,6.480390585665595,0.1954076963102588,oct2025,,wbtc_usdc_500_month_23608843_23616042_w19,wbtc_usdc,500,23608843,23616042,19,stress
chainlink,exports/oct2025/windows/wbtc_usdc_500_month_23616043_23623242_w20/chainlink_reference_updates.csv,1343,7,0.0052122114668652,1343,601,661,81,0.0603127326880119,351,146,0.1048252911813644,0.1794871794871795,0.0,14.737551541350442,5.100916856921268,0.0239637451625766,0.0109352209812151,0.0017828755145348,-0.0087662666427582,4.926831664663869,4.817881099019219,5.4635108044758995,1.6219859688199434,5.36107330925261,5.485086852296084,5.9897242799559995,7.441933267681849,oct2025,,wbtc_usdc_500_month_23616043_23623242_w20,wbtc_usdc,500,23616043,23623242,20,stress
chainlink,exports/oct2025/windows/wbtc_usdc_500_month_23623243_23630442_w21/chainlink_reference_updates.csv,2359,6,0.0025434506146672,2359,1180,1095,84,0.0356083086053412,539,265,0.1008474576271186,0.2207792207792207,0.0,19.444382021582157,5.512806694900599,0.3717799232577166,0.3275834845742956,0.2590696757444273,0.0843280780010636,9.143888310181378,8.10613434681204,7.451589632314355,5.66479040825828,1.6754780039381632,2.6849328960066603,4.819707435446709,8.618242196563378,oct2025,,wbtc_usdc_500_month_23623243_23630442_w21,wbtc_usdc,500,23623243,23630442,21,stress
chainlink,exports/oct2025/windows/wbtc_usdc_500_month_23630443_23637642_w22/chainlink_reference_updates.csv,1670,5,0.0029940119760479,1670,759,831,80,0.0479041916167664,359,133,0.0382081686429512,0.0807799442896936,0.0,17.31959049827321,5.8062338521035235,0.0030172219648079,0.0809066058696313,0.1879592920945945,0.095885032392873,3.37430859416609,4.298883161219293,5.662096378683267,4.390731658294205,7.796570067326608,6.0890074789215625,2.233675090899282,4.737065561029529,oct2025,,wbtc_usdc_500_month_23630443_23637642_w22,wbtc_usdc,500,23630443,23637642,22,stress
chainlink,exports/oct2025/windows/wbtc_usdc_500_month_23637643_23644842_w23/chainlink_reference_updates.csv,1622,2,0.001233045622688,1622,766,807,49,0.0302096177558569,434,99,0.0848563968668407,0.1497695852534562,0.0,19.235019803335685,7.139973546103723,-0.2527727025860359,-0.2495688791856612,-0.1876687988871495,0.1245738852826199,-1.1392123409711257,-0.7439467537361825,0.9936509837585806,10.392231699761547,14.93720788601442,14.665261892671944,11.90271984941116,0.2522030170365455,oct2025,,wbtc_usdc_500_month_23637643_23644842_w23,wbtc_usdc,500,23637643,23644842,23,stress
chainlink,exports/oct2025/windows/wbtc_usdc_500_month_23644843_23652042_w24/chainlink_reference_updates.csv,1027,4,0.0038948393378773,1027,431,543,53,0.0516066212268743,272,90,0.1276102088167053,0.2022058823529411,0.0,20.127228259860377,5.008094298952056,0.9467448609719008,0.9489843725476786,0.944765778586181,0.9151409274036624,9.700896084708369,10.87908113240369,10.743411740380497,11.447712923796717,1.3612537186260971,1.0067030473815832,0.9214399919662948,0.5746727806727457,oct2025,,wbtc_usdc_500_month_23644843_23652042_w24,wbtc_usdc,500,23644843,23652042,24,stress
chainlink,exports/oct2025/windows/wbtc_usdc_500_month_23652043_23659242_w25/chainlink_reference_updates.csv,551,0,0.0,551,236,269,46,0.0834845735027223,166,29,0.2076271186440678,0.2951807228915662,0.0,9.841477852195975,3.0110215063427104,0.0636433259609155,0.0482699242757457,0.0540062545853685,-0.0135980829981506,3.3377103616589294,3.2888896938252357,3.4872308971758845,0.4168021015204047,2.5991805139848143,2.7882075324747406,2.7871871363723395,1.79506558481912,oct2025,,wbtc_usdc_500_month_23652043_23659242_w25,wbtc_usdc,500,23652043,23659242,25,stress
chainlink,exports/oct2025/windows/wbtc_usdc_500_month_23659243_23666442_w26/chainlink_reference_updates.csv,1200,9,0.0075,1200,575,544,81,0.0675,244,152,0.0991304347826086,0.2336065573770492,0.0,15.358035671422412,2.9814654701229033,0.1493630824101491,0.0965225695632735,0.1220943673818969,0.0403770002891763,5.3438463975637545,5.056075062230091,4.933786803865854,0.6458193447922717,0.9288567497945692,0.9712294859192656,1.098177590822741,2.7404502703948963,oct2025,,wbtc_usdc_500_month_23659243_23666442_w26,wbtc_usdc,500,23659243,23666442,26,stress
chainlink,exports/oct2025/windows/wbtc_usdc_500_month_23666443_23673642_w27/chainlink_reference_updates.csv,1016,7,0.0068897637795275,1016,441,519,56,0.0551181102362204,294,84,0.0453514739229024,0.0680272108843537,0.0,14.575028487116048,3.7066069076886703,-0.2128586450631167,-0.2085373289691933,-0.201231964085135,-0.1379467626305964,-1.0364057017420951,-0.9331741234143632,-0.9993395868225866,-1.4746754846712065,7.442561033976953,7.724774194495568,8.250580080958747,12.698060529072649,oct2025,,wbtc_usdc_500_month_23666443_23673642_w27,wbtc_usdc,500,23666443,23673642,27,stress
chainlink,exports/oct2025/windows/wbtc_usdc_500_month_23673643_23680842_w28/chainlink_reference_updates.csv,1202,6,0.0049916805324459,1202,550,582,70,0.0582362728785357,303,132,0.0636363636363636,0.1155115511551155,0.0,14.755017130564664,6.893256545146244,-0.0011209323132119,-0.029122030335029,-0.0361297056133959,-0.0538912820568477,8.148075258811287,7.792840741543181,7.611756258495271,6.291510334057193,6.219718860900209,6.683963511604519,7.196536743652921,12.78169351727663,oct2025,,wbtc_usdc_500_month_23673643_23680842_w28,wbtc_usdc,500,23673643,23680842,28,stress
chainlink,exports/oct2025/windows/wbtc_usdc_500_month_23680843_23688042_w29/chainlink_reference_updates.csv,1559,11,0.0070558050032071,1559,732,744,83,0.0532392559332905,461,111,0.0778688524590164,0.123644251626898,0.0,17.10782492137373,8.01422027559395,-0.0470395575460801,-0.0734859803142065,-0.0930196902013846,-0.1432994884356036,5.5214194510451025,5.0755908926605935,3.135224902353016,1.4020191890838607,10.306000814259129,10.663222828388658,11.687399347396482,17.979081142914204,oct2025,,wbtc_usdc_500_month_23680843_23688042_w29,wbtc_usdc,500,23680843,23688042,29,stress
chainlink,exports/oct2025/windows/wbtc_usdc_500_month_23688043_23695242_w30/chainlink_reference_updates.csv,2020,0,0.0,2020,936,1002,82,0.0405940594059405,688,149,0.047008547008547,0.063953488372093,0.0,19.18661426319309,5.779987269219964,-0.229809781675693,-0.2265946226816954,-0.2528804024149944,-0.3206854173804385,-5.093357926895301,-5.179108256407627,-6.173442683441901,-16.740239261683506,15.879264351598495,16.008232185317276,17.363861859596888,28.040078462312177,oct2025,,wbtc_usdc_500_month_23688043_23695242_w30,wbtc_usdc,500,23688043,23695242,30,stress
chainlink,exports/oct2025/windows/wbtc_usdc_500_month_23695243_23700766_w31/chainlink_reference_updates.csv,1055,3,0.0028436018957345,1055,491,504,60,0.0568720379146919,277,95,0.075356415478615,0.1335740072202166,0.0,15.740273206555814,7.450580218861305,0.0179285126662561,0.0571775363647089,0.0865849929890419,-0.0211927599640951,8.851318920177551,9.233884139516508,9.166122646967551,6.905906987722172,6.953311760507855,6.0596837205799625,4.443098861936419,7.100023499340659,oct2025,,wbtc_usdc_500_month_23695243_23700766_w31,wbtc_usdc,500,23695243,23700766,31,stress
chainlink,exports/oct2025/windows/weth_usdc_3000_month_23479243_23486442_w01/chainlink_reference_updates.csv,503,1,0.0019880715705765,503,286,196,21,0.0417495029821073,124,19,0.0489510489510489,0.1129032258064516,0.0,14.72484687587743,23.04829126119373,-0.067095850034482,-0.1098383664488283,-0.0930258879313717,0.0623114779327923,20.21605314085423,19.79118322560491,22.82470156132686,59.72336778664372,28.075034061689895,29.760086665200298,31.0033121740852,39.65999752876489,oct2025,,weth_usdc_3000_month_23479243_23486442_w01,weth_usdc,3000,23479243,23486442,1,stress
chainlink,exports/oct2025/windows/weth_usdc_3000_month_23486443_23493642_w02/chainlink_reference_updates.csv,653,213,0.3261868300153139,440,259,166,228,0.3491577335375191,100,22,0.0463320463320463,0.12,0.0,17.139874311318668,17.493940018150084,-0.0139956996279474,-0.0087488549857227,-0.0157482094742542,-0.0796670913335918,21.25552510610524,21.057219082890093,20.093011924997427,8.760227461719492,18.91205273873941,18.095396722150213,16.905336604966784,4.776921873924489,oct2025,,weth_usdc_3000_month_23486443_23493642_w02,weth_usdc,3000,23486443,23493642,2,stress
chainlink,exports/oct2025/windows/weth_usdc_3000_month_23493643_23500842_w03/chainlink_reference_updates.csv,669,143,0.2137518684603886,526,231,274,164,0.2451420029895366,102,36,0.0346320346320346,0.0784313725490196,0.0,14.28426517985408,23.211752139265094,0.0853780215129306,0.1370419180301531,0.1139090831521552,0.1538626806143556,28.315891649061424,28.322416177005582,24.375078157154608,31.019078419936815,17.91017254498031,14.49837250130277,12.7147994074476,3.235616773677877,oct2025,,weth_usdc_3000_month_23493643_23500842_w03,weth_usdc,3000,23493643,23500842,3,stress
chainlink,exports/oct2025/windows/weth_usdc_3000_month_23500843_23508042_w04/chainlink_reference_updates.csv,368,119,0.3233695652173913,249,141,101,126,0.3423913043478261,53,28,0.0070921985815602,0.0188679245283018,0.0,12.88091817529361,14.48964381193915,0.3032041787997553,0.3057778094567614,0.2576516740073205,0.0449798148525273,18.708663910636233,18.71001724188697,19.484903122265465,13.350308533594667,8.560295691531456,8.24836148071243,10.333005162283898,14.356129937717505,oct2025,,weth_usdc_3000_month_23500843_23508042_w04,weth_usdc,3000,23500843,23508042,4,stress
chainlink,exports/oct2025/windows/weth_usdc_3000_month_23508043_23515242_w05/chainlink_reference_updates.csv,511,161,0.3150684931506849,351,217,130,164,0.3209393346379647,79,18,0.0967741935483871,0.2658227848101265,0.0,15.627577295659874,18.05038881482777,0.0180150267450282,0.0489960068244979,0.0690045317483733,0.0926516839582527,12.90858065208362,12.567109999103476,12.279471250511785,16.305074773334923,11.687577664114157,9.977032724012162,6.361300793987075,10.164179808086274,oct2025,,weth_usdc_3000_month_23508043_23515242_w05,weth_usdc,3000,23508043,23515242,5,stress
chainlink,exports/oct2025/windows/weth_usdc_3000_month_23515243_23522442_w06/chainlink_reference_updates.csv,527,157,0.2979127134724857,371,214,151,162,0.3074003795066413,88,23,0.0794392523364486,0.1931818181818181,0.0,12.825542090785582,18.44373087113885,0.0497367260453205,0.0138241192602442,0.0010961853373271,0.1338836958999259,18.357414052681097,17.721804285175228,18.90044498536572,32.14966430355446,15.1155819800186,16.56647176966804,19.002691024802367,14.247626793098233,oct2025,,weth_usdc_3000_month_23515243_23522442_w06,weth_usdc,3000,23515243,23522442,6,stress
chainlink,exports/oct2025/windows/weth_usdc_3000_month_23522443_23529642_w07/chainlink_reference_updates.csv,703,141,0.2005689900426742,566,284,256,163,0.2318634423897581,135,39,0.0035211267605633,0.0074074074074074,0.0,13.328074309947262,21.910279560960703,0.1208702816288628,0.10165881647011,0.0706282925380735,-0.0333613909634294,28.95829186253002,28.878734095291115,28.616956878789676,30.29486232893643,18.24286463368397,19.441325783999726,20.727803436453613,23.532582581908308,oct2025,,weth_usdc_3000_month_23522443_23529642_w07,weth_usdc,3000,23522443,23529642,7,stress
chainlink,exports/oct2025/windows/weth_usdc_3000_month_23529643_23536842_w08/chainlink_reference_updates.csv,584,143,0.2448630136986301,442,250,155,179,0.3065068493150685,98,28,0.052,0.1326530612244898,0.0,12.569788168384628,17.333848881297826,0.1172262238544951,0.076746221582663,0.0401978180922871,0.1084761887566762,26.43829407381591,26.43829407381591,26.42640656517723,42.37709091390144,23.436285197627775,25.287048656208302,28.605388214164904,31.53436729569108,oct2025,,weth_usdc_3000_month_23529643_23536842_w08,weth_usdc,3000,23529643,23536842,8,stress
chainlink,exports/oct2025/windows/weth_usdc_3000_month_23536843_23544042_w09/chainlink_reference_updates.csv,800,170,0.2125,631,326,272,202,0.2525,136,31,0.0030674846625766,0.0073529411764705,0.0,13.178905864133334,20.49597088779188,0.1862491449447499,0.1852720030904923,0.1577607745399615,0.1024382108588814,25.052091421043627,25.265162496297183,24.76483566979748,28.85929092411957,17.01436239040025,16.095372689406076,18.86683182816293,20.61686422970064,oct2025,,weth_usdc_3000_month_23536843_23544042_w09,weth_usdc,3000,23536843,23544042,9,stress
chainlink,exports/oct2025/windows/weth_usdc_3000_month_23544043_23551242_w10/chainlink_reference_updates.csv,1090,155,0.1422018348623853,935,514,400,176,0.1614678899082569,152,88,0.0447470817120622,0.1513157894736842,0.0,130.18872805901782,47.74694318517484,0.9295606889564276,0.8955161252981058,0.875575682717159,0.8613877922700763,153.77919589243965,155.29690974137586,171.01133657890182,234.98576607816088,-67.19079973606551,-67.69996746890811,-88.84925417477561,-181.6833691222286,oct2025,,weth_usdc_3000_month_23544043_23551242_w10,weth_usdc,3000,23544043,23551242,10,stress
chainlink,exports/oct2025/windows/weth_usdc_3000_month_23551243_23558442_w11/chainlink_reference_updates.csv,1075,1,0.0009302325581395,1075,551,492,32,0.0297674418604651,235,66,0.0308529945553539,0.0723404255319148,0.0,18.03242856849444,26.109631010700067,0.2654278250818153,0.24985081531166,0.2323304625181136,0.1027420170951356,29.124247142556182,29.02286525364474,29.442015262955035,10.465422308551814,23.439409799742304,23.577097651913576,24.32457226759012,11.636489810073426,oct2025,,weth_usdc_3000_month_23551243_23558442_w11,weth_usdc,3000,23551243,23558442,11,stress
chainlink,exports/oct2025/windows/weth_usdc_3000_month_23558443_23565642_w12/chainlink_reference_updates.csv,1017,195,0.191740412979351,828,401,394,222,0.2182890855457227,152,49,0.0049875311720698,0.0131578947368421,0.0,16.502217679357027,29.481517531658568,0.015464547213775,-0.0647008821202674,-0.1344621039152251,-0.1002667413583883,30.69558221974918,29.22060212770527,26.582870590560734,32.136674944870585,20.093487324425418,19.073213706979548,17.49219403155826,36.24696079271825,oct2025,,weth_usdc_3000_month_23558443_23565642_w12,weth_usdc,3000,23558443,23565642,12,stress
chainlink,exports/oct2025/windows/weth_usdc_3000_month_23565643_23572842_w13/chainlink_reference_updates.csv,682,139,0.2038123167155425,544,273,250,159,0.2331378299120234,109,27,0.0109890109890109,0.0275229357798165,0.0,15.59949961529685,21.83644994796753,0.1097662464743513,0.0721671791796299,0.1230414244433892,0.1520550644417268,28.581963860770212,29.413148639094004,25.590910579119004,34.962119182121924,20.17486453143155,22.210837759559737,17.54704843828998,20.096093264181853,oct2025,,weth_usdc_3000_month_23565643_23572842_w13,weth_usdc,3000,23565643,23572842,13,stress
chainlink,exports/oct2025/windows/weth_usdc_3000_month_23572843_23580042_w14/chainlink_reference_updates.csv,1044,240,0.2298850574712643,804,385,380,279,0.2672413793103448,127,42,0.0077922077922077,0.0236220472440944,0.0,16.895554303470576,35.41838412241613,0.0378320485720824,0.0377040527301706,0.1173052067593555,0.0599075301345214,26.477463765446572,26.5768982397786,26.96047003619919,7.97579767837318,19.902504755597494,20.510995387453796,9.531826447697483,4.0382865946701845,oct2025,,weth_usdc_3000_month_23572843_23580042_w14,weth_usdc,3000,23572843,23580042,14,stress
chainlink,exports/oct2025/windows/weth_usdc_3000_month_23580043_23587242_w15/chainlink_reference_updates.csv,915,174,0.1901639344262295,743,383,338,194,0.2120218579234972,178,45,0.0234986945169712,0.0505617977528089,0.0,15.672118960074922,22.071856709208415,0.1374014245255133,0.1311970102543679,0.1029342000847714,0.0537396911400273,30.418667330622583,30.36601411920403,30.98290569048409,26.81797442488606,20.11852145060476,21.392847099763145,25.66954098944427,22.58251022892122,oct2025,,weth_usdc_3000_month_23580043_23587242_w15,weth_usdc,3000,23580043,23587242,15,stress
chainlink,exports/oct2025/windows/weth_usdc_3000_month_23587243_23594442_w16/chainlink_reference_updates.csv,832,46,0.0552884615384615,787,418,355,59,0.0709134615384615,168,50,0.0526315789473684,0.1309523809523809,0.0,15.620289806969147,24.561676831934555,0.0657057870542365,-0.0046352449673413,-0.0370960562868384,0.1299149013212868,27.132703416641153,26.705703241888703,25.116490132130117,38.56316197754328,22.62280399639993,25.393758324120956,28.44965853969243,2.751108485552198,oct2025,,weth_usdc_3000_month_23587243_23594442_w16,weth_usdc,3000,23587243,23594442,16,stress
chainlink,exports/oct2025/windows/weth_usdc_3000_month_23594443_23601642_w17/chainlink_reference_updates.csv,939,31,0.0330138445154419,909,432,446,61,0.0649627263045793,187,79,0.0023148148148148,0.0053475935828877,0.0,15.349564167912105,29.72445051996173,0.1718353047350542,0.1397977764909201,0.1214319983938757,0.0833810228319816,42.97192019661744,43.15421470091732,45.731146567365705,45.90343728669885,20.96256755350562,22.6849914870846,23.945283325829607,25.184031274979603,oct2025,,weth_usdc_3000_month_23594443_23601642_w17,weth_usdc,3000,23594443,23601642,17,stress
chainlink,exports/oct2025/windows/weth_usdc_3000_month_23601643_23608842_w18/chainlink_reference_updates.csv,369,34,0.0921409214092141,339,183,143,43,0.1165311653116531,59,34,0.087431693989071,0.2711864406779661,0.0,14.49448363991274,10.037481949078575,0.1545872946771525,0.0922079104368742,0.1268053553021991,0.1693286401488505,16.80952742304699,16.835021636325074,15.674085634351917,13.46084068483588,3.799273892439332,4.583438457444394,3.2721450297919756,3.551316644236241,oct2025,,weth_usdc_3000_month_23601643_23608842_w18,weth_usdc,3000,23601643,23608842,18,stress
chainlink,exports/oct2025/windows/weth_usdc_3000_month_23608843_23616042_w19/chainlink_reference_updates.csv,713,4,0.005610098176718,713,365,326,22,0.0308555399719495,208,56,0.0465753424657534,0.0817307692307692,0.0,16.931777336867746,18.590138002907775,-0.0313979577411114,-0.0133999611961156,0.0530488125467924,0.0083656405164528,17.30530268510791,17.67690766169934,16.687167000714997,17.231060659810453,19.540526442967725,19.717836826936143,20.272988385732884,29.00840140475495,oct2025,,weth_usdc_3000_month_23608843_23616042_w19,weth_usdc,3000,23608843,23616042,19,stress
chainlink,exports/oct2025/windows/weth_usdc_3000_month_23616043_23623242_w20/chainlink_reference_updates.csv,764,0,0.0,764,388,349,27,0.0353403141361256,218,55,0.0644329896907216,0.1146788990825688,0.0,13.626657912581727,19.75692939097135,0.0258340041390836,-0.0395475389737097,-0.0525643691819794,-0.0644770624751116,21.498623804052823,21.223397996271263,23.781893809287613,29.006249594220616,17.205455241239974,19.508926763897875,22.84515643574005,31.902424077133222,oct2025,,weth_usdc_3000_month_23616043_23623242_w20,weth_usdc,3000,23616043,23623242,20,stress
chainlink,exports/oct2025/windows/weth_usdc_3000_month_23623243_23630442_w21/chainlink_reference_updates.csv,981,0,0.0,981,468,480,33,0.0336391437308868,217,87,0.0213675213675213,0.0460829493087557,0.0,15.666190115317049,20.592112321925217,0.0627084747478832,0.0780451289214566,0.0473104466303509,0.011948496004711,20.50065464730104,21.33746615216374,24.5891895232704,46.19891585998734,21.179235043042585,20.51440764020218,26.129935600937817,32.89498079969509,oct2025,,weth_usdc_3000_month_23623243_23630442_w21,weth_usdc,3000,23623243,23630442,21,stress
chainlink,exports/oct2025/windows/weth_usdc_3000_month_23630443_23637642_w22/chainlink_reference_updates.csv,808,2,0.0024752475247524,808,401,376,31,0.0383663366336633,196,54,0.054862842892768,0.1122448979591836,0.0,15.47691845399492,16.152374053936057,-0.0509407808732488,0.0163887393933862,0.0727350419093208,0.0323614170177142,12.748118301442569,12.807114788574989,14.755653655451562,10.301423149480923,19.809867599835385,16.44358974687959,13.702688342515351,15.557655347034034,oct2025,,weth_usdc_3000_month_23630443_23637642_w22,weth_usdc,3000,23630443,23637642,22,stress
chainlink,exports/oct2025/windows/weth_usdc_3000_month_23637643_23644842_w23/chainlink_reference_updates.csv,761,4,0.0052562417871222,761,423,321,17,0.0223390275952693,172,42,0.0709219858156028,0.1744186046511628,0.0,16.660833364898604,16.21198650391027,0.0173519483990993,0.0487652054312104,0.0441162331864667,0.2661676445551824,15.343947708625256,15.599494535624974,15.816186030746126,39.09659905598421,16.08516581691768,14.311261022877684,15.929176588089996,5.423355954141577,oct2025,,weth_usdc_3000_month_23637643_23644842_w23,weth_usdc,3000,23637643,23644842,23,stress
chainlink,exports/oct2025/windows/weth_usdc_3000_month_23644843_23652042_w24/chainlink_reference_updates.csv,2247,42,0.0186915887850467,2247,1705,476,66,0.0293724966622162,167,247,0.0082111436950146,0.0838323353293413,0.0,11.72012405086034,2.94471241946417,0.0179624608004714,-0.0277238976209715,-0.0044149753902345,0.0222102136578193,2.538258732979939,2.608742092166146,1.612383058185353,-2.1559551034091227,3.7990558025654417,6.300063338640883,7.785879743133607,7.970797736509296,oct2025,,weth_usdc_3000_month_23644843_23652042_w24,weth_usdc,3000,23644843,23652042,24,stress
chainlink,exports/oct2025/windows/weth_usdc_3000_month_23652043_23659242_w25/chainlink_reference_updates.csv,576,2,0.0034722222222222,576,317,255,4,0.0069444444444444,51,82,0.0157728706624605,0.0980392156862745,0.0,9.79391203491268,4.559299059442464,0.0698559463831466,0.0734823530058477,0.1008026665231918,-0.0559236556728478,5.875945205517014,5.937236901486796,5.64061528112562,2.0122511058842747,2.7250346994396275,2.5853407677579257,1.4385605880802437,1.1243465228457714,oct2025,,weth_usdc_3000_month_23652043_23659242_w25,weth_usdc,3000,23652043,23659242,25,stress
chainlink,exports/oct2025/windows/weth_usdc_3000_month_23659243_23666442_w26/chainlink_reference_updates.csv,932,2,0.0021459227467811,932,509,399,24,0.0257510729613733,212,99,0.0333988212180746,0.080188679245283,0.0,16.921574306094026,14.36804125798413,0.0758387264897679,0.0810155489365554,0.120177915382331,0.1424790709877411,19.79960564309332,20.453182385068427,22.18965800126554,29.900754436390084,7.1797588340065355,8.533487251026228,7.946818104520201,1.5981536732681851,oct2025,,weth_usdc_3000_month_23659243_23666442_w26,weth_usdc,3000,23659243,23666442,26,stress
chainlink,exports/oct2025/windows/weth_usdc_3000_month_23666443_23673642_w27/chainlink_reference_updates.csv,1311,2,0.0015255530129672,1311,678,618,15,0.011441647597254,210,173,0.0412979351032448,0.1333333333333333,0.0,16.381598020140668,9.892991416480944,0.1502412747583098,0.152856026843998,0.1420314228039437,0.2012436889402044,15.919176664783238,16.031817462987892,15.82005323754878,22.944956671144368,2.721455448255367,2.2494376645038283,2.5928094438619755,-4.744984030551612,oct2025,,weth_usdc_3000_month_23666443_23673642_w27,weth_usdc,3000,23666443,23673642,27,stress
chainlink,exports/oct2025/windows/weth_usdc_3000_month_23673643_23680842_w28/chainlink_reference_updates.csv,876,2,0.002283105022831,876,494,361,21,0.023972602739726,156,65,0.0101214574898785,0.032051282051282,0.0,14.181017135014272,23.069761852096654,0.2958167698888563,0.2589778654340769,0.2027477918655001,0.1542309922661356,31.271007638078338,30.857284239370113,30.823954326763857,50.47691060398038,12.098099779038847,13.436030288776127,15.062950529396227,4.995381942719126,oct2025,,weth_usdc_3000_month_23673643_23680842_w28,weth_usdc,3000,23673643,23680842,28,stress
chainlink,exports/oct2025/windows/weth_usdc_3000_month_23680843_23688042_w29/chainlink_reference_updates.csv,901,1,0.0011098779134295,901,462,400,39,0.0432852386237513,186,51,0.0129870129870129,0.032258064516129,0.0,15.70430970043885,24.41922032404223,0.1364847011811029,-0.0107445340523773,-0.2028854313500525,-0.0842352432954234,27.328675023889215,26.28225991017908,20.20025258294592,2.0972935708758973,20.028605267309143,22.048832456071203,25.816705356724984,10.33022737669203,oct2025,,weth_usdc_3000_month_23680843_23688042_w29,weth_usdc,3000,23680843,23688042,29,stress
chainlink,exports/oct2025/windows/weth_usdc_3000_month_23688043_23695242_w30/chainlink_reference_updates.csv,1014,1,0.0009861932938856,1014,499,489,26,0.0256410256410256,274,64,0.0280561122244488,0.0510948905109489,0.0,14.75466980226078,23.6876509432206,0.1083217803079998,0.0928058628162688,0.0497970371008125,-0.0251024887756523,29.514820419731603,28.978366149709984,27.751988446883104,38.346953745105694,17.98277043712297,18.191334954168788,22.06788205874609,35.18880284934311,oct2025,,weth_usdc_3000_month_23688043_23695242_w30,weth_usdc,3000,23688043,23695242,30,stress
chainlink,exports/oct2025/windows/weth_usdc_3000_month_23695243_23700766_w31/chainlink_reference_updates.csv,561,1,0.0017825311942959,561,274,273,14,0.0249554367201426,152,42,0.0583941605839416,0.1052631578947368,0.0,13.5977083991097,15.134857471368212,-0.1195971743140228,-0.104783344220031,-0.1409702686859218,-0.0392478200629188,13.734005656328602,14.34385274967218,10.942765806414016,10.37555991209717,16.13447297489407,16.10005775497206,18.03370091605277,14.808328778442585,oct2025,,weth_usdc_3000_month_23695243_23700766_w31,weth_usdc,3000,23695243,23700766,31,stress
chainlink,exports/study_eurc/2026_01_eurc_usdc/eurc_usdc_500_month_24136052_24143251_w01/chainlink_reference_updates.csv,117,115,0.9829059829059827,117,2,0,115,0.9829059829059827,0,7,0.0,,0.0,6.8181685951976245,-3.764471922694116,0.9999999977130558,0.9999999977130558,0.9999999977130558,0.9999931569190468,,,,,,,,,study_eurc,2026_01,eurc_usdc_500_month_24136052_24143251_w01,eurc_usdc,500,24136052,24143251,1,stress
chainlink,exports/study_eurc/2026_01_eurc_usdc/eurc_usdc_500_month_24150452_24157651_w03/chainlink_reference_updates.csv,193,175,0.9067357512953368,153,6,12,175,0.9067357512953368,0,0,0.0,,,10.701894822831624,4.889961521441226,0.822242309073016,0.822242309073016,0.7812211282650354,0.9999999999999998,14.614606574693852,14.614606574693852,11.494944586174691,,-12.375299141844945,-12.375299141844945,-12.375299141844945,-2.562366690793342,study_eurc,2026_01,eurc_usdc_500_month_24150452_24157651_w03,eurc_usdc,500,24150452,24157651,3,stress
chainlink,exports/study_eurc/2026_01_eurc_usdc/eurc_usdc_500_month_24344852_24352051_w30/chainlink_reference_updates.csv,737,614,0.8331071913161465,620,55,64,618,0.8385345997286295,173,29,0.0,0.0,0.0,11.695414763979704,0.6635409639017259,-0.2935756771000247,-0.2935756771000247,-0.3177728755430039,-0.5272612662640226,-7.899551283399917,-7.899551283399917,-8.679750228401785,-18.822336513426393,5.468199249794922,5.468199249794922,7.369934178237004,18.146432106075476,study_eurc,2026_01,eurc_usdc_500_month_24344852_24352051_w30,eurc_usdc,500,24344852,24352051,30,stress
chainlink,exports/study_eurc/2026_01_eurc_usdc/eurc_usdc_500_month_24352052_24358292_w31/chainlink_reference_updates.csv,491,395,0.8044806517311609,458,52,35,404,0.8228105906313645,125,27,0.2884615384615384,0.12,0.0,11.3229535058111,-2.1349903413742566,0.0880445700691223,0.0885892436194796,0.0777157632727756,0.0212831132735332,3.119220334865271,3.119220334865271,3.119220334865271,0.9888032116220432,-10.11177767639754,-10.11177767639754,-10.11177767639754,-9.370763024834634,study_eurc,2026_01,eurc_usdc_500_month_24352052_24358292_w31,eurc_usdc,500,24352052,24358292,31,stress
chainlink,exports/study_eurc/2026_02_eurc_usdc/eurc_usdc_500_month_24358292_24365491_w01/chainlink_reference_updates.csv,445,400,0.898876404494382,445,8,26,411,0.9235955056179777,126,16,0.0,0.0,0.0,12.003823394695466,-0.5591994414020534,-0.5676843272751383,-0.5676843272751383,-0.5735381265457155,-0.6842997176234984,-7.817965720091359,-7.817965720091359,-7.817965720091359,-14.166113428682394,-4.800097282198081,-4.800097282198081,-4.800097282198081,14.2443458435748,study_eurc,2026_02,eurc_usdc_500_month_24358292_24365491_w01,eurc_usdc,500,24358292,24365491,1,stress
chainlink,exports/study_eurc/2026_02_eurc_usdc/eurc_usdc_500_month_24365492_24372691_w02/chainlink_reference_updates.csv,644,535,0.8307453416149069,449,52,57,535,0.8307453416149069,27,52,0.0,0.0,0.0,18.162156093535668,-2.9386732526691013,0.5221401595609264,0.5263446067681442,0.5451586498553058,0.8267253048313064,24.862453832989463,24.862453832989463,24.862453832989463,49.309194198545654,-30.366762646482123,-31.18605881008456,-31.18605881008456,-51.66846290014521,study_eurc,2026_02,eurc_usdc_500_month_24365492_24372691_w02,eurc_usdc,500,24365492,24372691,2,stress
chainlink,exports/study_eurc/2026_02_eurc_usdc/eurc_usdc_500_month_24545492_24552691_w27/chainlink_reference_updates.csv,324,288,0.8888888888888888,285,23,13,288,0.8888888888888888,0,0,0.0,,,8.478545800561323,-3.2473954754937058,0.8535794161974569,0.8535794161974569,0.7553054008091737,-0.9999953808676322,13.504633634811675,13.504633634811675,5.739983643931796,-11.648626042507107,-19.00754241995004,-19.00754241995004,-19.00754241995004,11.622349448205629,study_eurc,2026_02,eurc_usdc_500_month_24545492_24552691_w27,eurc_usdc,500,24545492,24552691,27,stress
chainlink,exports/study_eurc/2026_02_eurc_usdc/eurc_usdc_500_month_24552692_24558867_w28/chainlink_reference_updates.csv,214,207,0.9672897196261684,155,1,6,207,0.9672897196261684,0,0,0.0,,,3.838135469075539,-3.6845077532134383,,,,,,,,,,,,,study_eurc,2026_02,eurc_usdc_500_month_24552692_24558867_w28,eurc_usdc,500,24552692,24558867,28,stress
chainlink,exports/study_eurc/2026_03_eurc_usdc/eurc_usdc_500_month_24558867_24566066_w01/chainlink_reference_updates.csv,441,400,0.90702947845805,441,32,9,400,0.90702947845805,27,121,0.0,0.0,0.0,6.289712146213366,-8.362447172298543,0.3688723512161678,0.3850406401158808,0.4161753400682704,0.628873762878361,-15.230183880052602,-15.230183880052602,-15.230183880052602,-8.608853250468746,20.45845870406039,20.45845870406039,16.666502217271216,13.649347273829012,study_eurc,2026_03,eurc_usdc_500_month_24558867_24566066_w01,eurc_usdc,500,24558867,24566066,1,stress
chainlink,exports/study_eurc/2026_03_eurc_usdc/eurc_usdc_500_month_24566067_24573266_w02/chainlink_reference_updates.csv,650,541,0.8323076923076923,528,36,65,549,0.8446153846153847,89,49,0.0,0.0,0.0,8.786062342575073,-0.8981692226187576,-0.2863222206512423,-0.288405822700383,-0.2924273563832729,-0.2850559341793736,-4.298596987105966,-4.298596987105966,-4.288423775641538,-12.412353494343602,2.1125370327390427,2.1125370327390427,2.735663961904906,12.793862661250266,study_eurc,2026_03,eurc_usdc_500_month_24566067_24573266_w02,eurc_usdc,500,24566067,24573266,2,stress
chainlink,exports/study_eurc/2026_03_eurc_usdc/eurc_usdc_500_month_24760467_24767666_w29/chainlink_reference_updates.csv,141,135,0.9574468085106383,115,0,0,141,1.0,0,0,,,,2.517212063422537,0.2834317691528432,,,,,,,,,,,,,study_eurc,2026_03,eurc_usdc_500_month_24760467_24767666_w29,eurc_usdc,500,24760467,24767666,29,stress
chainlink,exports/study_eurc/2026_03_eurc_usdc/eurc_usdc_500_month_24774867_24781026_w31/chainlink_reference_updates.csv,419,308,0.7350835322195705,390,39,54,326,0.7780429594272077,145,41,0.0,0.0,0.0,11.137086706225324,-0.6763469826361733,-0.4144213153690265,-0.4412090491421256,-0.5384353666262447,-0.5915979321528542,5.213705803722608,5.213705803722608,5.213705803722608,3.4241484606456427,-6.585718555936507,-6.585718555936507,-5.878219141231635,-1.633222653002445,study_eurc,2026_03,eurc_usdc_500_month_24774867_24781026_w31,eurc_usdc,500,24774867,24781026,31,stress
chainlink,exports/study_eurc/2026_04_eurc_usdc/eurc_usdc_500_month_24781026_24788225_w01/chainlink_reference_updates.csv,360,300,0.8333333333333334,360,25,34,301,0.8361111111111111,0,44,0.0,,0.0,9.619360686450229,-1.051326216679925,0.7270353260763603,0.7536483495590642,0.769401071307822,0.7671624519451145,5.537490301456433,6.460435401215505,8.985499705435108,-1.9649629254694716,-8.526659952651412,-8.526659952651412,-5.451559354407552,-3.7208343100781858,study_eurc,2026_04,eurc_usdc_500_month_24781026_24788225_w01,eurc_usdc,500,24781026,24788225,1,stress
chainlink,exports/study_eurc/2026_04_eurc_usdc/eurc_usdc_500_month_24802626_24809825_w04/chainlink_reference_updates.csv,77,65,0.8441558441558441,61,5,7,65,0.8441558441558441,0,0,0.0,,,2.946225946088851,1.0178964806252089,0.999995760537186,0.999995760537186,0.999995760537186,,3.244529884446742,3.244529884446742,3.244529884446742,,-3.331416044367901,-3.331416044367901,-3.331416044367901,,study_eurc,2026_04,eurc_usdc_500_month_24802626_24809825_w04,eurc_usdc,500,24802626,24809825,4,stress
chainlink,exports/study_eurc/2026_04_eurc_usdc/eurc_usdc_500_month_24961026_24968225_w26/chainlink_reference_updates.csv,98,93,0.9489795918367347,90,1,4,93,0.9489795918367347,0,0,0.0,,,3.783725484835538,0.2040759893616143,0.9874275673130564,0.9874275673130564,0.9874275673130564,0.9994814190450616,,,,,-1.7820434090647628,-1.7820434090647628,-1.7820434090647628,-2.3347816725133193,study_eurc,2026_04,eurc_usdc_500_month_24961026_24968225_w26,eurc_usdc,500,24961026,24968225,26,stress
chainlink,exports/study_eurc/2026_04_eurc_usdc/eurc_usdc_500_month_24989826_24996367_w30/chainlink_reference_updates.csv,246,179,0.7276422764227642,212,28,34,184,0.7479674796747967,19,3,0.0,0.0,0.0,10.836318348286968,-5.11030328841511,-0.8418039954306121,-0.8568186013284941,-0.8773395565424806,-0.7573457785145842,-22.084926004013624,-22.084926004013624,-22.084926004013624,-22.084926004013624,9.151918223180074,9.151918223180074,9.151918223180074,1.717168907539097,study_eurc,2026_04,eurc_usdc_500_month_24989826_24996367_w30,eurc_usdc,500,24989826,24996367,30,stress
chainlink,exports/study_eurc/2026_05_eurc_usdc/eurc_usdc_500_month_24996367_25003566_w01/chainlink_reference_updates.csv,183,148,0.8087431693989071,183,16,13,154,0.8415300546448088,16,10,0.0,0.0,0.0,12.581087271989691,-7.512543824399847,0.1478356726925912,0.1438454878486163,0.160672202331214,0.2363873465238109,-12.959590450950326,-15.715899948658256,-18.472209446366232,-18.472209446366232,-0.6403503744557986,-0.6403503744557986,-0.6403503744557986,14.5171970643113,study_eurc,2026_05,eurc_usdc_500_month_24996367_25003566_w01,eurc_usdc,500,24996367,25003566,1,stress
chainlink,exports/study_eurc/2026_05_eurc_usdc/eurc_usdc_500_month_25003567_25010766_w02/chainlink_reference_updates.csv,72,64,0.8888888888888888,70,2,6,64,0.8888888888888888,24,0,0.0,0.0,,9.055389422747284,0.5795339816752908,-0.6733826640902946,-0.6733826640902946,-0.6733826640902946,-0.6630990257827463,,,,,0.7404440667670342,0.7404440667670342,0.7404440667670342,0.7404440667670342,study_eurc,2026_05,eurc_usdc_500_month_25003567_25010766_w02,eurc_usdc,500,25003567,25010766,2,stress
chainlink,exports/study_eurc/2026_05_eurc_usdc/eurc_usdc_500_month_25197967_25205166_w29/chainlink_reference_updates.csv,205,142,0.6926829268292682,183,34,25,146,0.7121951219512195,24,16,0.0,0.0,0.0,9.873242857331064,-3.2038947285757247,-0.2079304862511478,-0.2097508543898272,-0.1994688274438484,0.0578517657107554,-0.6625893473126213,-0.6625893473126213,-0.6625893473126213,14.268909561709812,-6.447850676353631,-6.447850676353631,-6.447850676353631,-1.898596230139807,study_eurc,2026_05,eurc_usdc_500_month_25197967_25205166_w29,eurc_usdc,500,25197967,25205166,29,stress
chainlink,exports/study_eurc/2026_05_eurc_usdc/eurc_usdc_500_month_25212367_25218797_w31/chainlink_reference_updates.csv,88,86,0.9772727272727272,82,0,2,86,0.9772727272727272,6,0,,0.0,,3.659912797238556,0.3086253125192598,-0.0053219351526522,-0.0053219351526522,-0.00134094669832,0.1346034809648167,,,,,,,,,study_eurc,2026_05,eurc_usdc_500_month_25212367_25218797_w31,eurc_usdc,500,25212367,25218797,31,stress
chainlink,exports/study_eurc/2026_06_eurc_usdc/eurc_usdc_500_month_25218797_25225996_w01/chainlink_reference_updates.csv,164,134,0.8170731707317073,164,3,24,137,0.8353658536585366,9,13,0.0,0.0,0.0,5.872220474784715,-9.885147750371193,-0.1334860176488708,-0.1479599628004826,-0.2102034256244499,0.0001671926952736,,,,,-12.270613460461954,-12.270613460461954,-10.59395813215126,-25.683856086947777,study_eurc,2026_06,eurc_usdc_500_month_25218797_25225996_w01,eurc_usdc,500,25218797,25225996,1,stress
chainlink,exports/study_eurc/2026_06_eurc_usdc/eurc_usdc_500_month_25254797_25261996_w06/chainlink_reference_updates.csv,129,107,0.8294573643410853,90,9,13,107,0.8294573643410853,15,0,0.0,0.0,,18.01592611519669,-1.6472441503530844,0.3334379076332586,0.3334379076332586,0.2392205273076263,-0.3970406276003018,5.257862385662661,5.257862385662661,0.9959297998976426,-7.527935371632656,-21.57411770498228,-21.57411770498228,-15.181218826334469,3.997477809608309,study_eurc,2026_06,eurc_usdc_500_month_25254797_25261996_w06,eurc_usdc,500,25254797,25261996,6,stress
chainlink,exports/study_eurc/2026_06_eurc_usdc/eurc_usdc_500_month_25413197_25420396_w28/chainlink_reference_updates.csv,80,69,0.8625,77,3,4,73,0.9125,3,2,0.0,0.0,0.0,5.843417248445906,-3.836443556229768,0.9808689008015758,0.9808689008015758,0.9808689008015758,0.9884570423094624,11.509799839842644,11.509799839842644,11.509799839842644,11.509799839842644,-13.576602947435182,-13.576602947435182,-13.576602947435182,-12.048110863586777,study_eurc,2026_06,eurc_usdc_500_month_25413197_25420396_w28,eurc_usdc,500,25413197,25420396,28,stress
chainlink,exports/study_eurc/2026_06_eurc_usdc/eurc_usdc_500_month_25427597_25433938_w30/chainlink_reference_updates.csv,197,152,0.7715736040609137,169,18,25,154,0.7817258883248731,34,6,0.0,0.0,0.0,8.325979782372292,-3.4599506465862127,-0.5087255427718523,-0.5594590650523273,-0.5743914036635156,-0.7536757934934868,-11.020365946246496,-11.020365946246496,-11.020365946246496,-22.654474165998177,19.03894794425285,19.03894794425285,19.03894794425285,20.590162373553017,study_eurc,2026_06,eurc_usdc_500_month_25427597_25433938_w30,eurc_usdc,500,25427597,25433938,30,stress
chainlink,exports/study_eurc/age25h/2026_01_eurc_usdc/eurc_usdc_500_month_24136052_24143251_w01/chainlink_reference_updates.csv,117,115,0.9829059829059827,117,2,0,115,0.9829059829059827,0,7,0.0,,0.0,6.8181685951976245,-3.764471922694116,0.9999999977130558,0.9999999977130558,0.9999999977130558,0.9999931569190468,,,,,,,,,study_eurc,,eurc_usdc_500_month_24136052_24143251_w01,eurc_usdc,500,24136052,24143251,1,stress
chainlink,exports/study_eurc/age25h/2026_01_eurc_usdc/eurc_usdc_500_month_24150452_24157651_w03/chainlink_reference_updates.csv,193,175,0.9067357512953368,153,6,12,175,0.9067357512953368,0,0,0.0,,,10.701894822831624,4.889961521441226,0.822242309073016,0.822242309073016,0.7812211282650354,0.9999999999999998,14.614606574693852,14.614606574693852,11.494944586174691,,-12.375299141844945,-12.375299141844945,-12.375299141844945,-2.562366690793342,study_eurc,,eurc_usdc_500_month_24150452_24157651_w03,eurc_usdc,500,24150452,24157651,3,stress
chainlink,exports/study_eurc/age25h/2026_01_eurc_usdc/eurc_usdc_500_month_24344852_24352051_w30/chainlink_reference_updates.csv,737,614,0.8331071913161465,620,55,64,618,0.8385345997286295,173,29,0.0,0.0,0.0,11.695414763979704,0.6635409639017259,-0.2935756771000247,-0.2935756771000247,-0.3177728755430039,-0.5272612662640226,-7.899551283399917,-7.899551283399917,-8.679750228401785,-18.822336513426393,5.468199249794922,5.468199249794922,7.369934178237004,18.146432106075476,study_eurc,,eurc_usdc_500_month_24344852_24352051_w30,eurc_usdc,500,24344852,24352051,30,stress
chainlink,exports/study_eurc/age25h/2026_01_eurc_usdc/eurc_usdc_500_month_24352052_24358292_w31/chainlink_reference_updates.csv,491,395,0.8044806517311609,458,52,35,404,0.8228105906313645,125,27,0.2884615384615384,0.12,0.0,11.3229535058111,-2.1349903413742566,0.0880445700691223,0.0885892436194796,0.0777157632727756,0.0212831132735332,3.119220334865271,3.119220334865271,3.119220334865271,0.9888032116220432,-10.11177767639754,-10.11177767639754,-10.11177767639754,-9.370763024834634,study_eurc,,eurc_usdc_500_month_24352052_24358292_w31,eurc_usdc,500,24352052,24358292,31,stress
chainlink,exports/study_eurc/age25h/2026_02_eurc_usdc/eurc_usdc_500_month_24358292_24365491_w01/chainlink_reference_updates.csv,445,400,0.898876404494382,445,8,26,411,0.9235955056179777,126,16,0.0,0.0,0.0,12.003823394695466,-0.5591994414020534,-0.5676843272751383,-0.5676843272751383,-0.5735381265457155,-0.6842997176234984,-7.817965720091359,-7.817965720091359,-7.817965720091359,-14.166113428682394,-4.800097282198081,-4.800097282198081,-4.800097282198081,14.2443458435748,study_eurc,,eurc_usdc_500_month_24358292_24365491_w01,eurc_usdc,500,24358292,24365491,1,stress
chainlink,exports/study_eurc/age25h/2026_02_eurc_usdc/eurc_usdc_500_month_24365492_24372691_w02/chainlink_reference_updates.csv,644,535,0.8307453416149069,449,52,57,535,0.8307453416149069,27,52,0.0,0.0,0.0,18.162156093535668,-2.9386732526691013,0.5221401595609264,0.5263446067681442,0.5451586498553058,0.8267253048313064,24.862453832989463,24.862453832989463,24.862453832989463,49.309194198545654,-30.366762646482123,-31.18605881008456,-31.18605881008456,-51.66846290014521,study_eurc,,eurc_usdc_500_month_24365492_24372691_w02,eurc_usdc,500,24365492,24372691,2,stress
chainlink,exports/study_eurc/age25h/2026_02_eurc_usdc/eurc_usdc_500_month_24545492_24552691_w27/chainlink_reference_updates.csv,324,288,0.8888888888888888,285,23,13,288,0.8888888888888888,0,0,0.0,,,8.478545800561323,-3.2473954754937058,0.8535794161974569,0.8535794161974569,0.7553054008091737,-0.9999953808676322,13.504633634811675,13.504633634811675,5.739983643931796,-11.648626042507107,-19.00754241995004,-19.00754241995004,-19.00754241995004,11.622349448205629,study_eurc,,eurc_usdc_500_month_24545492_24552691_w27,eurc_usdc,500,24545492,24552691,27,stress
chainlink,exports/study_eurc/age25h/2026_02_eurc_usdc/eurc_usdc_500_month_24552692_24558867_w28/chainlink_reference_updates.csv,214,207,0.9672897196261684,155,1,6,207,0.9672897196261684,0,0,0.0,,,3.838135469075539,-3.6845077532134383,,,,,,,,,,,,,study_eurc,,eurc_usdc_500_month_24552692_24558867_w28,eurc_usdc,500,24552692,24558867,28,stress
chainlink,exports/study_eurc/age25h/2026_03_eurc_usdc/eurc_usdc_500_month_24558867_24566066_w01/chainlink_reference_updates.csv,441,400,0.90702947845805,441,32,9,400,0.90702947845805,27,121,0.0,0.0,0.0,6.289712146213366,-8.362447172298543,0.3688723512161678,0.3850406401158808,0.4161753400682704,0.628873762878361,-15.230183880052602,-15.230183880052602,-15.230183880052602,-8.608853250468746,20.45845870406039,20.45845870406039,16.666502217271216,13.649347273829012,study_eurc,,eurc_usdc_500_month_24558867_24566066_w01,eurc_usdc,500,24558867,24566066,1,stress
chainlink,exports/study_eurc/age25h/2026_03_eurc_usdc/eurc_usdc_500_month_24566067_24573266_w02/chainlink_reference_updates.csv,650,541,0.8323076923076923,528,36,65,549,0.8446153846153847,89,49,0.0,0.0,0.0,8.786062342575073,-0.8981692226187576,-0.2863222206512423,-0.288405822700383,-0.2924273563832729,-0.2850559341793736,-4.298596987105966,-4.298596987105966,-4.288423775641538,-12.412353494343602,2.1125370327390427,2.1125370327390427,2.735663961904906,12.793862661250266,study_eurc,,eurc_usdc_500_month_24566067_24573266_w02,eurc_usdc,500,24566067,24573266,2,stress
chainlink,exports/study_eurc/age25h/2026_03_eurc_usdc/eurc_usdc_500_month_24760467_24767666_w29/chainlink_reference_updates.csv,141,135,0.9574468085106383,115,0,0,141,1.0,0,0,,,,2.517212063422537,0.2834317691528432,,,,,,,,,,,,,study_eurc,,eurc_usdc_500_month_24760467_24767666_w29,eurc_usdc,500,24760467,24767666,29,stress
chainlink,exports/study_eurc/age25h/2026_03_eurc_usdc/eurc_usdc_500_month_24774867_24781026_w31/chainlink_reference_updates.csv,419,308,0.7350835322195705,390,39,54,326,0.7780429594272077,145,41,0.0,0.0,0.0,11.137086706225324,-0.6763469826361733,-0.4144213153690265,-0.4412090491421256,-0.5384353666262447,-0.5915979321528542,5.213705803722608,5.213705803722608,5.213705803722608,3.4241484606456427,-6.585718555936507,-6.585718555936507,-5.878219141231635,-1.633222653002445,study_eurc,,eurc_usdc_500_month_24774867_24781026_w31,eurc_usdc,500,24774867,24781026,31,stress
chainlink,exports/study_eurc/age25h/2026_04_eurc_usdc/eurc_usdc_500_month_24781026_24788225_w01/chainlink_reference_updates.csv,360,300,0.8333333333333334,360,25,34,301,0.8361111111111111,0,44,0.0,,0.0,9.619360686450229,-1.051326216679925,0.7270353260763603,0.7536483495590642,0.769401071307822,0.7671624519451145,5.537490301456433,6.460435401215505,8.985499705435108,-1.9649629254694716,-8.526659952651412,-8.526659952651412,-5.451559354407552,-3.7208343100781858,study_eurc,,eurc_usdc_500_month_24781026_24788225_w01,eurc_usdc,500,24781026,24788225,1,stress
chainlink,exports/study_eurc/age25h/2026_04_eurc_usdc/eurc_usdc_500_month_24802626_24809825_w04/chainlink_reference_updates.csv,77,65,0.8441558441558441,61,5,7,65,0.8441558441558441,0,0,0.0,,,2.946225946088851,1.0178964806252089,0.999995760537186,0.999995760537186,0.999995760537186,,3.244529884446742,3.244529884446742,3.244529884446742,,-3.331416044367901,-3.331416044367901,-3.331416044367901,,study_eurc,,eurc_usdc_500_month_24802626_24809825_w04,eurc_usdc,500,24802626,24809825,4,stress
chainlink,exports/study_eurc/age25h/2026_04_eurc_usdc/eurc_usdc_500_month_24961026_24968225_w26/chainlink_reference_updates.csv,98,93,0.9489795918367347,90,1,4,93,0.9489795918367347,0,0,0.0,,,3.783725484835538,0.2040759893616143,0.9874275673130564,0.9874275673130564,0.9874275673130564,0.9994814190450616,,,,,-1.7820434090647628,-1.7820434090647628,-1.7820434090647628,-2.3347816725133193,study_eurc,,eurc_usdc_500_month_24961026_24968225_w26,eurc_usdc,500,24961026,24968225,26,stress
chainlink,exports/study_eurc/age25h/2026_04_eurc_usdc/eurc_usdc_500_month_24989826_24996367_w30/chainlink_reference_updates.csv,246,179,0.7276422764227642,212,28,34,184,0.7479674796747967,19,3,0.0,0.0,0.0,10.836318348286968,-5.11030328841511,-0.8418039954306121,-0.8568186013284941,-0.8773395565424806,-0.7573457785145842,-22.084926004013624,-22.084926004013624,-22.084926004013624,-22.084926004013624,9.151918223180074,9.151918223180074,9.151918223180074,1.717168907539097,study_eurc,,eurc_usdc_500_month_24989826_24996367_w30,eurc_usdc,500,24989826,24996367,30,stress
chainlink,exports/study_eurc/age25h/2026_05_eurc_usdc/eurc_usdc_500_month_24996367_25003566_w01/chainlink_reference_updates.csv,183,148,0.8087431693989071,183,16,13,154,0.8415300546448088,16,10,0.0,0.0,0.0,12.581087271989691,-7.512543824399847,0.1478356726925912,0.1438454878486163,0.160672202331214,0.2363873465238109,-12.959590450950326,-15.715899948658256,-18.472209446366232,-18.472209446366232,-0.6403503744557986,-0.6403503744557986,-0.6403503744557986,14.5171970643113,study_eurc,,eurc_usdc_500_month_24996367_25003566_w01,eurc_usdc,500,24996367,25003566,1,stress
chainlink,exports/study_eurc/age25h/2026_05_eurc_usdc/eurc_usdc_500_month_25003567_25010766_w02/chainlink_reference_updates.csv,72,64,0.8888888888888888,70,2,6,64,0.8888888888888888,24,0,0.0,0.0,,9.055389422747284,0.5795339816752908,-0.6733826640902946,-0.6733826640902946,-0.6733826640902946,-0.6630990257827463,,,,,0.7404440667670342,0.7404440667670342,0.7404440667670342,0.7404440667670342,study_eurc,,eurc_usdc_500_month_25003567_25010766_w02,eurc_usdc,500,25003567,25010766,2,stress
chainlink,exports/study_eurc/age25h/2026_05_eurc_usdc/eurc_usdc_500_month_25197967_25205166_w29/chainlink_reference_updates.csv,205,142,0.6926829268292682,183,34,25,146,0.7121951219512195,24,16,0.0,0.0,0.0,9.873242857331064,-3.2038947285757247,-0.2079304862511478,-0.2097508543898272,-0.1994688274438484,0.0578517657107554,-0.6625893473126213,-0.6625893473126213,-0.6625893473126213,14.268909561709812,-6.447850676353631,-6.447850676353631,-6.447850676353631,-1.898596230139807,study_eurc,,eurc_usdc_500_month_25197967_25205166_w29,eurc_usdc,500,25197967,25205166,29,stress
chainlink,exports/study_eurc/age25h/2026_05_eurc_usdc/eurc_usdc_500_month_25212367_25218797_w31/chainlink_reference_updates.csv,88,86,0.9772727272727272,82,0,2,86,0.9772727272727272,6,0,,0.0,,3.659912797238556,0.3086253125192598,-0.0053219351526522,-0.0053219351526522,-0.00134094669832,0.1346034809648167,,,,,,,,,study_eurc,,eurc_usdc_500_month_25212367_25218797_w31,eurc_usdc,500,25212367,25218797,31,stress
chainlink,exports/study_eurc/age25h/2026_06_eurc_usdc/eurc_usdc_500_month_25218797_25225996_w01/chainlink_reference_updates.csv,164,134,0.8170731707317073,164,3,24,137,0.8353658536585366,9,13,0.0,0.0,0.0,5.872220474784715,-9.885147750371193,-0.1334860176488708,-0.1479599628004826,-0.2102034256244499,0.0001671926952736,,,,,-12.270613460461954,-12.270613460461954,-10.59395813215126,-25.683856086947777,study_eurc,,eurc_usdc_500_month_25218797_25225996_w01,eurc_usdc,500,25218797,25225996,1,stress
chainlink,exports/study_eurc/age25h/2026_06_eurc_usdc/eurc_usdc_500_month_25254797_25261996_w06/chainlink_reference_updates.csv,129,107,0.8294573643410853,90,9,13,107,0.8294573643410853,15,0,0.0,0.0,,18.01592611519669,-1.6472441503530844,0.3334379076332586,0.3334379076332586,0.2392205273076263,-0.3970406276003018,5.257862385662661,5.257862385662661,0.9959297998976426,-7.527935371632656,-21.57411770498228,-21.57411770498228,-15.181218826334469,3.997477809608309,study_eurc,,eurc_usdc_500_month_25254797_25261996_w06,eurc_usdc,500,25254797,25261996,6,stress
chainlink,exports/study_eurc/age25h/2026_06_eurc_usdc/eurc_usdc_500_month_25413197_25420396_w28/chainlink_reference_updates.csv,80,69,0.8625,77,3,4,73,0.9125,3,2,0.0,0.0,0.0,5.843417248445906,-3.836443556229768,0.9808689008015758,0.9808689008015758,0.9808689008015758,0.9884570423094624,11.509799839842644,11.509799839842644,11.509799839842644,11.509799839842644,-13.576602947435182,-13.576602947435182,-13.576602947435182,-12.048110863586777,study_eurc,,eurc_usdc_500_month_25413197_25420396_w28,eurc_usdc,500,25413197,25420396,28,stress
chainlink,exports/study_eurc/age25h/2026_06_eurc_usdc/eurc_usdc_500_month_25427597_25433938_w30/chainlink_reference_updates.csv,197,152,0.7715736040609137,169,18,25,154,0.7817258883248731,34,6,0.0,0.0,0.0,8.325979782372292,-3.4599506465862127,-0.5087255427718523,-0.5594590650523273,-0.5743914036635156,-0.7536757934934868,-11.020365946246496,-11.020365946246496,-11.020365946246496,-22.654474165998177,19.03894794425285,19.03894794425285,19.03894794425285,20.590162373553017,study_eurc,,eurc_usdc_500_month_25427597_25433938_w30,eurc_usdc,500,25427597,25433938,30,stress
chainlink,exports/study_eurc/fixed/2026_01_eurc_usdc/eurc_usdc_500_month_24136052_24143251_w01/chainlink_reference_updates.csv,117,115,0.9829059829059827,117,0,2,115,0.9829059829059827,0,4,,,0.0,6.818168595197503,3.764471922694282,0.9999999977130558,0.9999999977130558,0.9999999977130558,0.9999931569190468,,,,,,,,,study_eurc,,eurc_usdc_500_month_24136052_24143251_w01,eurc_usdc,500,24136052,24143251,1,stress
chainlink,exports/study_eurc/fixed/2026_01_eurc_usdc/eurc_usdc_500_month_24150452_24157651_w03/chainlink_reference_updates.csv,193,175,0.9067357512953368,153,12,6,175,0.9067357512953368,0,0,0.0,,,10.701894822831902,-4.889961521441184,0.8222423090730225,0.8222423090730225,0.7812211282650415,1.0,12.375299141845304,12.375299141845304,12.375299141845304,2.5623666907934695,-14.614606574694086,-14.614606574694086,-11.494944586175064,,study_eurc,,eurc_usdc_500_month_24150452_24157651_w03,eurc_usdc,500,24150452,24157651,3,stress
chainlink,exports/study_eurc/fixed/2026_01_eurc_usdc/eurc_usdc_500_month_24344852_24352051_w30/chainlink_reference_updates.csv,737,614,0.8331071913161465,620,62,57,618,0.8385345997286295,135,18,0.0,0.0,0.0,11.695414763979624,-0.6635409639016815,-0.2935756771000492,-0.2935756771000492,-0.3177728755430268,-0.5272612662640378,-5.468199249795092,-5.468199249795092,-7.369934178237276,-18.14643210607628,7.899551283400469,7.899551283400469,8.679750228402384,18.822336513427334,study_eurc,,eurc_usdc_500_month_24344852_24352051_w30,eurc_usdc,500,24344852,24352051,30,stress
chainlink,exports/study_eurc/fixed/2026_01_eurc_usdc/eurc_usdc_500_month_24352052_24358292_w31/chainlink_reference_updates.csv,491,395,0.8044806517311609,458,27,60,404,0.8228105906313645,148,9,0.2592592592592592,0.0472972972972973,0.0,11.322953505810805,2.1349903413743534,0.0880445700691001,0.088589243619458,0.0777157632727549,0.0212831132735198,8.013368769520222,8.013368769520222,8.013368769520222,7.201781293998977,-1.4399683570803892,-1.4399683570803892,-1.4399683570803892,0.5890003317229142,study_eurc,,eurc_usdc_500_month_24352052_24358292_w31,eurc_usdc,500,24352052,24358292,31,stress
chainlink,exports/study_eurc/fixed/2026_02_eurc_usdc/eurc_usdc_500_month_24358292_24365491_w01/chainlink_reference_updates.csv,445,400,0.898876404494382,445,12,22,411,0.9235955056179777,134,24,0.0,0.0,0.0,12.003823394695152,0.559199441402015,-0.5676843272751537,-0.5676843272751537,-0.5735381265457301,-0.6842997176235006,4.800097282197373,4.800097282197373,4.800097282197373,-14.244345843575502,7.81796572009168,7.81796572009168,7.81796572009168,14.16611342868268,study_eurc,,eurc_usdc_500_month_24358292_24365491_w01,eurc_usdc,500,24358292,24365491,1,stress
chainlink,exports/study_eurc/fixed/2026_02_eurc_usdc/eurc_usdc_500_month_24365492_24372691_w02/chainlink_reference_updates.csv,644,535,0.8307453416149069,449,57,52,535,0.8307453416149069,20,63,0.0,0.0,0.0,18.162156093535636,2.938673252669095,0.5221401595609445,0.5263446067681621,0.545158649855324,0.8267253048313163,30.366762646482265,31.18605881008467,31.18605881008467,51.668462900145045,-24.86245383298956,-24.86245383298956,-24.86245383298956,-49.30919419854553,study_eurc,,eurc_usdc_500_month_24365492_24372691_w02,eurc_usdc,500,24365492,24372691,2,stress
chainlink,exports/study_eurc/fixed/2026_02_eurc_usdc/eurc_usdc_500_month_24545492_24552691_w27/chainlink_reference_updates.csv,324,288,0.8888888888888888,285,13,23,288,0.8888888888888888,0,0,0.0,,,8.47854580056176,3.247395475493542,0.853579416197441,0.853579416197441,0.7553054008091423,-0.9999953808676324,19.0075424199491,19.0075424199491,19.0075424199491,-11.62234944820647,-13.504633634811237,-13.504633634811237,-5.739983643931088,11.648626042507692,study_eurc,,eurc_usdc_500_month_24545492_24552691_w27,eurc_usdc,500,24545492,24552691,27,stress
chainlink,exports/study_eurc/fixed/2026_02_eurc_usdc/eurc_usdc_500_month_24552692_24558867_w28/chainlink_reference_updates.csv,214,207,0.9672897196261684,155,6,1,207,0.9672897196261684,0,0,0.0,,,3.8381354690758833,3.684507753213345,,,,,,,,,,,,,study_eurc,,eurc_usdc_500_month_24552692_24558867_w28,eurc_usdc,500,24552692,24558867,28,stress
chainlink,exports/study_eurc/fixed/2026_03_eurc_usdc/eurc_usdc_500_month_24558867_24566066_w01/chainlink_reference_updates.csv,441,400,0.90702947845805,441,9,32,400,0.90702947845805,74,69,0.0,0.0,0.0,6.289712146213377,8.36244717229858,0.3688723512162093,0.385040640115923,0.4161753400683116,0.628873762878393,-20.458458704060288,-20.458458704060288,-16.666502217271088,-13.649347273828818,15.23018388005299,15.23018388005299,15.23018388005299,8.608853250469133,study_eurc,,eurc_usdc_500_month_24558867_24566066_w01,eurc_usdc,500,24558867,24566066,1,stress
chainlink,exports/study_eurc/fixed/2026_03_eurc_usdc/eurc_usdc_500_month_24566067_24573266_w02/chainlink_reference_updates.csv,650,541,0.8323076923076923,528,63,38,549,0.8446153846153847,63,30,0.0317460317460317,0.0317460317460317,0.0,8.786062342575049,0.8981692226187893,-0.2863222206512569,-0.2884058227003978,-0.2924273563832872,-0.2850559341793885,-2.137195259997125,-2.137195259997125,-2.7735802089324766,-12.403770452986732,4.104071159746035,4.104071159746035,4.094274733891396,10.799740533455129,study_eurc,,eurc_usdc_500_month_24566067_24573266_w02,eurc_usdc,500,24566067,24573266,2,stress
chainlink,exports/study_eurc/fixed/2026_03_eurc_usdc/eurc_usdc_500_month_24760467_24767666_w29/chainlink_reference_updates.csv,141,135,0.9574468085106383,115,0,0,141,1.0,0,0,,,,2.5172120634222077,-0.2834317691525008,,,,,,,,,,,,,study_eurc,,eurc_usdc_500_month_24760467_24767666_w29,eurc_usdc,500,24760467,24767666,29,stress
chainlink,exports/study_eurc/fixed/2026_03_eurc_usdc/eurc_usdc_500_month_24774867_24781026_w31/chainlink_reference_updates.csv,419,308,0.7350835322195705,390,44,49,326,0.7780429594272077,130,38,0.0,0.0,0.0,11.137086706225585,0.6763469826361946,-0.4144213153690474,-0.4412090491421453,-0.5384353666262646,-0.5915979321528765,6.053696226952632,6.053696226952632,5.231467177430769,0.298092880299583,-2.9516714954639935,-2.9516714954639935,-2.9516714954639935,-1.430547753848547,study_eurc,,eurc_usdc_500_month_24774867_24781026_w31,eurc_usdc,500,24774867,24781026,31,stress
chainlink,exports/study_eurc/fixed/2026_04_eurc_usdc/eurc_usdc_500_month_24781026_24788225_w01/chainlink_reference_updates.csv,360,300,0.8333333333333334,360,27,32,301,0.8361111111111111,0,37,0.0,,0.0,9.619360686450095,1.0513262166799755,0.7270353260763575,0.7536483495590636,0.7694010713078215,0.7671624519451012,9.350614663959744,9.350614663959744,6.102348997490155,5.066742373226241,-5.3794412829696165,-6.2303201081789785,-8.525746343914355,1.4675960323557289,study_eurc,,eurc_usdc_500_month_24781026_24788225_w01,eurc_usdc,500,24781026,24788225,1,stress
chainlink,exports/study_eurc/fixed/2026_04_eurc_usdc/eurc_usdc_500_month_24802626_24809825_w04/chainlink_reference_updates.csv,77,65,0.8441558441558441,61,7,5,65,0.8441558441558441,0,0,0.0,,,2.946225946088336,-1.017896480625155,0.999995760537186,0.999995760537186,0.999995760537186,,3.3314160443668928,3.3314160443668928,3.3314160443668928,,-3.244529884445357,-3.244529884445357,-3.244529884445357,,study_eurc,,eurc_usdc_500_month_24802626_24809825_w04,eurc_usdc,500,24802626,24809825,4,stress
chainlink,exports/study_eurc/fixed/2026_04_eurc_usdc/eurc_usdc_500_month_24961026_24968225_w26/chainlink_reference_updates.csv,98,93,0.9489795918367347,90,3,2,93,0.9489795918367347,1,5,0.0,0.0,0.0,3.7837254848355673,-0.2040759893616859,0.9874275673130746,0.9874275673130746,0.9874275673130746,0.9994814190450556,,,,,1.7820434090636323,1.7820434090636323,1.7820434090636323,2.334781672512603,study_eurc,,eurc_usdc_500_month_24961026_24968225_w26,eurc_usdc,500,24961026,24968225,26,stress
chainlink,exports/study_eurc/fixed/2026_04_eurc_usdc/eurc_usdc_500_month_24989826_24996367_w30/chainlink_reference_updates.csv,246,179,0.7276422764227642,212,31,31,184,0.7479674796747967,24,0,0.0,0.0,,10.836318348286476,5.11030328841546,-0.8418039954305997,-0.8568186013284826,-0.8773395565424634,-0.7573457785145785,-11.800393983207073,-11.800393983207073,-11.800393983207073,-6.168008138024565,20.473832096696626,20.473832096696626,20.473832096696626,23.290025019287956,study_eurc,,eurc_usdc_500_month_24989826_24996367_w30,eurc_usdc,500,24989826,24996367,30,stress
chainlink,exports/study_eurc/fixed/2026_05_eurc_usdc/eurc_usdc_500_month_24996367_25003566_w01/chainlink_reference_updates.csv,183,148,0.8087431693989071,183,11,18,154,0.8415300546448088,44,17,0.0,0.0,0.0,12.58108727198981,7.512543824399653,0.1478356726925574,0.1438454878485819,0.1606722023311798,0.2363873465237893,0.7932578898809058,0.7932578898809058,0.7932578898809058,-17.395799036639936,10.946701581162786,13.278963463838696,15.61122534651483,15.61122534651483,study_eurc,,eurc_usdc_500_month_24996367_25003566_w01,eurc_usdc,500,24996367,25003566,1,stress
chainlink,exports/study_eurc/fixed/2026_05_eurc_usdc/eurc_usdc_500_month_25003567_25010766_w02/chainlink_reference_updates.csv,72,64,0.8888888888888888,70,6,2,64,0.8888888888888888,15,0,0.0,0.0,,9.055389422746924,-0.5795339816752426,-0.6733826640902348,-0.6733826640902348,-0.6733826640902348,-0.6630990257826844,-0.7404440667669246,-0.7404440667669246,-0.7404440667669246,-0.7404440667669246,,,,,study_eurc,,eurc_usdc_500_month_25003567_25010766_w02,eurc_usdc,500,25003567,25010766,2,stress
chainlink,exports/study_eurc/fixed/2026_05_eurc_usdc/eurc_usdc_500_month_25197967_25205166_w29/chainlink_reference_updates.csv,205,142,0.6926829268292682,183,21,38,146,0.7121951219512195,20,18,0.0,0.0,0.0,9.873242857331537,3.2038947285758548,-0.2079304862511283,-0.2097508543898048,-0.1994688274438177,0.0578517657108112,5.315320345485188,5.315320345485188,5.315320345485188,2.9822080354442475,2.0581868973958777,2.0581868973958777,2.0581868973958777,-13.386719991191676,study_eurc,,eurc_usdc_500_month_25197967_25205166_w29,eurc_usdc,500,25197967,25205166,29,stress
chainlink,exports/study_eurc/fixed/2026_05_eurc_usdc/eurc_usdc_500_month_25212367_25218797_w31/chainlink_reference_updates.csv,88,86,0.9772727272727272,82,0,2,86,0.9772727272727272,8,1,,0.0,0.0,3.659912797238592,-0.3086253125191908,-0.0053219351523048,-0.0053219351523048,-0.0013409466979778,0.1346034809647219,,,,,,,,,study_eurc,,eurc_usdc_500_month_25212367_25218797_w31,eurc_usdc,500,25212367,25218797,31,stress
chainlink,exports/study_eurc/fixed/2026_06_eurc_usdc/eurc_usdc_500_month_25218797_25225996_w01/chainlink_reference_updates.csv,164,134,0.8170731707317073,164,14,13,137,0.8353658536585366,18,9,0.0,0.0,0.0,5.872220474784653,9.88514775037173,-0.1334860176488653,-0.147959962800478,-0.2102034256244468,0.0001671926953237,15.421352334502853,15.421352334502853,15.421352334502853,33.52922988025897,8.332189867911845,8.332189867911845,4.559715379212543,15.877138845309656,study_eurc,,eurc_usdc_500_month_25218797_25225996_w01,eurc_usdc,500,25218797,25225996,1,stress
chainlink,exports/study_eurc/fixed/2026_06_eurc_usdc/eurc_usdc_500_month_25254797_25261996_w06/chainlink_reference_updates.csv,129,107,0.8294573643410853,90,13,9,107,0.8294573643410853,35,0,0.0,0.0,,18.01592611519637,1.6472441503531974,0.3334379076332186,0.3334379076332186,0.239220527307585,-0.3970406276003927,21.57411770498243,21.57411770498243,15.181218826334854,-3.9974778096085375,-5.257862385662162,-5.257862385662162,-0.9959297998970472,7.527935371632995,study_eurc,,eurc_usdc_500_month_25254797_25261996_w06,eurc_usdc,500,25254797,25261996,6,stress
chainlink,exports/study_eurc/fixed/2026_06_eurc_usdc/eurc_usdc_500_month_25413197_25420396_w28/chainlink_reference_updates.csv,80,69,0.8625,77,4,3,73,0.9125,7,0,0.0,0.0,,5.84341724844543,3.836443556229556,0.9808689008015616,0.9808689008015616,0.9808689008015616,0.9884570423094536,13.57660294743498,13.57660294743498,13.57660294743498,12.048110863585984,-11.509799839842415,-11.509799839842415,-11.509799839842415,-11.509799839842415,study_eurc,,eurc_usdc_500_month_25413197_25420396_w28,eurc_usdc,500,25413197,25420396,28,stress
chainlink,exports/study_eurc/fixed/2026_06_eurc_usdc/eurc_usdc_500_month_25427597_25433938_w30/chainlink_reference_updates.csv,197,152,0.7715736040609137,169,22,21,154,0.7817258883248731,36,0,0.0,0.0,,8.325979782372139,3.459950646585999,-0.5087255427718528,-0.5594590650523303,-0.5743914036635213,-0.7536757934934911,-18.513401968921304,-18.513401968921304,-18.513401968921304,-20.146259262921536,8.664796097905587,8.664796097905587,8.664796097905587,19.61454501061266,study_eurc,,eurc_usdc_500_month_25427597_25433938_w30,eurc_usdc,500,25427597,25433938,30,stress
chainlink,exports/study_recent/2026_01_weth_usdc/weth_usdc_3000_month_24136052_24143251_w01/chainlink_reference_updates.csv,292,2,0.0068493150684931,292,89,140,63,0.2157534246575342,24,60,0.0337078651685393,0.125,0.0,10.677483532547766,-4.404615514818632,0.2737974798375319,0.3599864467101078,0.3783024703765619,0.1421143146722091,1.0957960006509566,2.898749254963301,4.5983937697262585,3.2367751263096856,-9.30609658707843,-9.152442089187758,-8.710425806499524,-7.459251450107789,study_recent,2026_01,weth_usdc_3000_month_24136052_24143251_w01,weth_usdc,3000,24136052,24143251,1,stress
chainlink,exports/study_recent/2026_01_weth_usdc/weth_usdc_3000_month_24208052_24215251_w11/chainlink_reference_updates.csv,473,43,0.0909090909090909,430,136,278,59,0.1247357293868921,15,129,0.0367647058823529,0.3333333333333333,0.0,19.189537272496526,-26.67930335548654,0.3372112041098104,0.4044130884699526,0.437252110692667,0.4714739353854937,-4.323843779175982,3.183865172003323,8.323975899735832,11.91118894715459,-37.224676027105275,-37.224676027105275,-35.60959185285724,-32.88489893779175,study_recent,2026_01,weth_usdc_3000_month_24208052_24215251_w11,weth_usdc,3000,24208052,24215251,11,stress
chainlink,exports/study_recent/2026_01_weth_usdc/weth_usdc_3000_month_24280052_24287251_w21/chainlink_reference_updates.csv,835,111,0.1329341317365269,724,325,370,140,0.1676646706586826,80,209,0.003076923076923,0.0125,0.0,15.63562119892532,-29.639452606843214,0.1760961976137471,0.1093750718500855,-0.1322165342592215,-0.0808849784216414,-25.950467430279595,-27.396470661436823,-39.246874839656655,-58.33284079100289,-39.097180311275615,-38.58877181318799,-37.52945552701771,-62.92362019444946,study_recent,2026_01,weth_usdc_3000_month_24280052_24287251_w21,weth_usdc,3000,24280052,24287251,21,stress
chainlink,exports/study_recent/2026_01_weth_usdc/weth_usdc_3000_month_24352052_24358292_w31/chainlink_reference_updates.csv,1128,21,0.0186170212765957,1108,422,660,46,0.0407801418439716,154,217,0.0165876777251184,0.0454545454545454,0.032258064516129,73.48151154412223,-42.41484872193219,0.7989430650805217,0.7728998389284065,0.6897855818007302,0.4101107893449434,5.422598598735531,2.508042061835545,-0.0272412638131301,-48.79766160928345,-76.20644900251183,-76.0507082258201,-78.19757353014461,-59.535876116897725,study_recent,2026_01,weth_usdc_3000_month_24352052_24358292_w31,weth_usdc,3000,24352052,24358292,31,stress
chainlink,exports/study_recent/2026_02_weth_usdc/weth_usdc_3000_month_24358292_24365491_w01/chainlink_reference_updates.csv,1224,0,0.0,1224,599,591,34,0.0277777777777777,147,194,0.015025041736227,0.0612244897959183,0.0206185567010309,25.13272310618104,-27.8191231917389,0.4023795754893692,0.29201705706892,0.2388168309850091,0.1653008765105717,-23.054682353969906,-24.70056230599121,-27.40093036443784,-12.666980999935848,-32.48871818970378,-31.652869350777273,-29.356422535292175,-22.638019506434617,study_recent,2026_02,weth_usdc_3000_month_24358292_24365491_w01,weth_usdc,3000,24358292,24365491,1,stress
chainlink,exports/study_recent/2026_02_weth_usdc/weth_usdc_3000_month_24423092_24430291_w10/chainlink_reference_updates.csv,632,203,0.3212025316455696,432,198,223,211,0.3338607594936709,63,96,0.0,0.0,0.0,15.487076120314534,-11.40023869404434,-0.0846106671320796,-0.1068404643812266,-0.107958137717118,-0.0158428220527015,-15.835876543669375,-11.982467614381807,-12.140679846945982,-9.357266506103572,-15.179061156488636,-14.42046748850176,-14.21650874523867,-19.1774933542604,study_recent,2026_02,weth_usdc_3000_month_24423092_24430291_w10,weth_usdc,3000,24423092,24430291,10,stress
chainlink,exports/study_recent/2026_02_weth_usdc/weth_usdc_3000_month_24487892_24495091_w19/chainlink_reference_updates.csv,590,87,0.147457627118644,503,252,236,102,0.1728813559322033,43,109,0.0,0.0,0.0,14.82223503107821,-16.83919624930646,0.2744685708110197,0.2764106073237412,0.2945928740837134,0.1838030952085264,-4.06710771106877,-1.7394530398869912,2.8187805924343388,11.631611385065634,-23.76893144536607,-23.512932409465225,-21.382321508843948,-5.602017676084715,study_recent,2026_02,weth_usdc_3000_month_24487892_24495091_w19,weth_usdc,3000,24487892,24495091,19,stress
chainlink,exports/study_recent/2026_02_weth_usdc/weth_usdc_3000_month_24552692_24558867_w28/chainlink_reference_updates.csv,723,132,0.1825726141078838,591,274,308,141,0.1950207468879668,75,143,0.0036496350364963,0.0133333333333333,0.0,17.50738249991465,-20.22310858558822,0.0814390369335454,0.0615057628311782,0.0144555510740444,0.1036295487813215,-21.875779295080168,-19.034251279917168,-15.909918972405396,-18.98630551219463,-25.176769390165344,-24.95227440334925,-22.559912461849017,-31.59322456338076,study_recent,2026_02,weth_usdc_3000_month_24552692_24558867_w28,weth_usdc,3000,24552692,24558867,28,stress
chainlink,exports/study_recent/2026_03_weth_usdc/weth_usdc_3000_month_24558867_24566066_w01/chainlink_reference_updates.csv,749,1,0.0013351134846461,749,350,374,25,0.0333778371161548,116,170,0.0171428571428571,0.0517241379310344,0.0,19.603832871482673,-24.97454627215561,-0.0148101438520641,-0.0263366765928441,0.0590937953183304,0.0324471791659777,-27.581011020098337,-27.61292016376942,-30.05896061183603,-33.61267406461213,-22.590421837309464,-23.537638811314647,-28.31029037687448,-23.849376724883506,study_recent,2026_03,weth_usdc_3000_month_24558867_24566066_w01,weth_usdc,3000,24558867,24566066,1,stress
chainlink,exports/study_recent/2026_03_weth_usdc/weth_usdc_3000_month_24630867_24638066_w11/chainlink_reference_updates.csv,442,79,0.1787330316742081,363,164,191,87,0.1968325791855203,24,106,0.0,0.0,0.0,17.123284721939868,-27.055559587569043,0.1772660584823544,0.1810911330469357,0.239344989317699,0.1497466280306362,-26.11794911222777,-24.27483029355197,-19.800455471681055,-19.692418927234247,-41.6324949450848,-40.496213972272905,-40.16833540300995,-34.9339863341875,study_recent,2026_03,weth_usdc_3000_month_24630867_24638066_w11,weth_usdc,3000,24630867,24638066,11,stress
chainlink,exports/study_recent/2026_03_weth_usdc/weth_usdc_3000_month_24702867_24710066_w21/chainlink_reference_updates.csv,230,24,0.1043478260869565,206,62,139,29,0.1260869565217391,13,50,0.0161290322580645,0.0769230769230769,0.02,13.603317976525895,-28.164533083846585,-0.0141975910954394,-0.00981438137855,-0.1293782098940629,-0.0235486464283813,-32.84883166921023,-35.63904745266766,-53.37478799467464,-37.65765487410179,-29.86939728876547,-30.871522748004544,-25.380680142236216,-39.158745712922894,study_recent,2026_03,weth_usdc_3000_month_24702867_24710066_w21,weth_usdc,3000,24702867,24710066,21,stress
chainlink,exports/study_recent/2026_03_weth_usdc/weth_usdc_3000_month_24774867_24781026_w31/chainlink_reference_updates.csv,512,44,0.0859375,468,188,265,59,0.115234375,42,131,0.0053191489361702,0.0238095238095238,0.0,15.190289338715166,-26.198837047574372,0.0081839523417194,0.0061992655274301,-0.000575254604896,0.0913113640246938,-25.799751112319136,-26.90934174929693,-30.80503928226588,-28.0480045650968,-28.003273522894876,-27.39559715506735,-27.26306062001239,-35.647691104680476,study_recent,2026_03,weth_usdc_3000_month_24774867_24781026_w31,weth_usdc,3000,24774867,24781026,31,stress
chainlink,exports/study_recent/2026_04_weth_usdc/weth_usdc_3000_month_24781026_24788225_w01/chainlink_reference_updates.csv,550,4,0.0072727272727272,550,222,306,22,0.04,38,149,0.0,0.0,0.0,16.04622551205626,-19.86097228661114,0.2006615565615697,0.1821124071056265,0.1788992991403901,0.3269500317886814,-12.554643045959724,-13.3862863999512,-14.00121892099739,-8.502174853914578,-25.270029780376554,-25.680388351180618,-24.779882169131504,-32.435478069620636,study_recent,2026_04,weth_usdc_3000_month_24781026_24788225_w01,weth_usdc,3000,24781026,24788225,1,stress
chainlink,exports/study_recent/2026_04_weth_usdc/weth_usdc_3000_month_24853026_24860225_w11/chainlink_reference_updates.csv,284,88,0.3098591549295774,197,83,106,95,0.3345070422535211,27,57,0.0481927710843373,0.1481481481481481,0.0,12.920626544601586,-11.74405317750441,0.105067288047255,0.111539602032777,0.1391104320041689,0.0631284440730344,-10.47955440495549,-10.53170797223008,-10.79586631880598,-11.985714609288294,-29.345018032448984,-29.996301264177163,-33.43197796266267,-28.966668733160127,study_recent,2026_04,weth_usdc_3000_month_24853026_24860225_w11,weth_usdc,3000,24853026,24860225,11,stress
chainlink,exports/study_recent/2026_04_weth_usdc/weth_usdc_3000_month_24917826_24925025_w20/chainlink_reference_updates.csv,557,135,0.2423698384201077,422,162,251,144,0.2585278276481149,55,48,0.0061728395061728,0.0181818181818181,0.0,13.744276410457244,-11.39454064501724,-0.0375409470308274,-0.0664628757586486,-0.0693457522465419,-0.0686382248508114,-13.986460412046124,-17.372140830469966,-16.414798290019537,-14.875070308729828,-11.184917870917072,-10.963279624628738,-10.99157337315183,-3.755473041445475,study_recent,2026_04,weth_usdc_3000_month_24917826_24925025_w20,weth_usdc,3000,24917826,24925025,20,stress
chainlink,exports/study_recent/2026_04_weth_usdc/weth_usdc_3000_month_24989826_24996367_w30/chainlink_reference_updates.csv,435,167,0.3839080459770115,268,82,179,174,0.4,18,65,0.024390243902439,0.1111111111111111,0.0,16.090052842931563,-15.107639550591768,-0.1326989377142305,-0.0218754525720642,0.1637684990133794,0.1690443347159704,-20.286501796968572,-14.24912817186124,-3.3727436465229386,-3.34156228854038,-16.55254763345414,-17.15919925482042,-17.857797643546224,-13.47380968060511,study_recent,2026_04,weth_usdc_3000_month_24989826_24996367_w30,weth_usdc,3000,24989826,24996367,30,stress
chainlink,exports/study_recent/2026_05_weth_usdc/weth_usdc_3000_month_24996367_25003566_w01/chainlink_reference_updates.csv,273,1,0.0036630036630036,273,125,140,8,0.0293040293040293,23,56,0.064,0.3478260869565217,0.0,14.206611839710908,-17.947631143965683,0.1311639433063715,0.0605878075449711,0.0773181222440347,0.1288935040470012,-14.431134160418512,-14.980699364725997,-14.167026470891996,-12.96389643862473,-20.265222477146143,-20.132178826124782,-18.99773027953278,-19.54330862872111,study_recent,2026_05,weth_usdc_3000_month_24996367_25003566_w01,weth_usdc,3000,24996367,25003566,1,stress
chainlink,exports/study_recent/2026_05_weth_usdc/weth_usdc_3000_month_25068367_25075566_w11/chainlink_reference_updates.csv,420,188,0.4476190476190476,232,101,128,191,0.4547619047619047,28,58,0.0198019801980198,0.0714285714285714,0.0,14.123133908005972,-8.69619734698958,0.2481945953301258,0.1995881703123679,0.1783755654915922,-0.0530497671541176,2.1608111051191217,0.5996734150673039,0.4354926784669075,-12.885638230049574,-15.337888846260393,-14.940735293760143,-14.28440393919426,0.3851047930919155,study_recent,2026_05,weth_usdc_3000_month_25068367_25075566_w11,weth_usdc,3000,25068367,25075566,11,stress
chainlink,exports/study_recent/2026_05_weth_usdc/weth_usdc_3000_month_25140367_25147566_w21/chainlink_reference_updates.csv,362,69,0.1906077348066298,294,117,163,82,0.2265193370165746,42,89,0.1196581196581196,0.3333333333333333,0.0,12.943347657350197,-13.91554327143302,0.0995944355278345,0.1583125066504234,0.1930038611860881,0.1252991596828879,-10.991729379497258,-7.856165268543194,-4.83437923408468,-4.966147946421801,-23.071875102010203,-23.071875102010203,-21.650913670080232,-23.309996730448084,study_recent,2026_05,weth_usdc_3000_month_25140367_25147566_w21,weth_usdc,3000,25140367,25147566,21,stress
chainlink,exports/study_recent/2026_05_weth_usdc/weth_usdc_3000_month_25212367_25218797_w31/chainlink_reference_updates.csv,210,25,0.119047619047619,185,70,99,41,0.1952380952380952,27,49,0.0285714285714285,0.074074074074074,0.0,10.647504431968375,-14.16934945654238,0.0606381814620625,0.1309686102334065,0.1911730868722091,0.2729788889001712,-13.217012113199733,-10.479252037446136,-4.080514928956876,-0.7482995241041678,-22.890986144688807,-23.39735793150884,-21.04227932521487,-16.138805535364988,study_recent,2026_05,weth_usdc_3000_month_25212367_25218797_w31,weth_usdc,3000,25212367,25218797,31,stress
chainlink,exports/study_recent/2026_06_weth_usdc/weth_usdc_3000_month_25218797_25225996_w01/chainlink_reference_updates.csv,385,0,0.0,385,163,206,16,0.0415584415584415,49,99,0.0184049079754601,0.0612244897959183,0.0,13.713979633271208,-21.78238275050906,0.0472375754099227,0.0779816793496268,0.08047763522981,-0.0845428916471953,-21.87384649741089,-20.305875049418223,-19.632169600956008,-23.6731706792328,-21.078457408489346,-21.375693432796155,-20.996973685458073,-10.76842934027096,study_recent,2026_06,weth_usdc_3000_month_25218797_25225996_w01,weth_usdc,3000,25218797,25225996,1,stress
chainlink,exports/study_recent/2026_06_weth_usdc/weth_usdc_3000_month_25225997_25233196_w02/chainlink_reference_updates.csv,736,185,0.2513586956521739,552,195,333,208,0.2826086956521739,92,143,0.0051282051282051,0.0108695652173913,0.0,15.732411056187352,-13.076424720308196,0.0711584482460564,0.1455289460072293,0.1644247617846905,0.0554844812349928,-22.117126682170536,-21.457771572143933,-18.288011454568966,-26.75349262284701,-20.19552450448017,-21.063623685315505,-22.90110679386354,-9.496840185142556,study_recent,2026_06,weth_usdc_3000_month_25225997_25233196_w02,weth_usdc,3000,25225997,25233196,2,stress
chainlink,exports/study_recent/2026_06_weth_usdc/weth_usdc_3000_month_25233197_25240396_w03/chainlink_reference_updates.csv,653,252,0.3859111791730474,401,165,226,262,0.4012251148545176,49,117,0.0,0.0,0.0,17.58704836227866,-35.85695784472692,0.3588868433229547,0.2681310407814592,0.114473084739054,0.3805458250010708,-29.06470555137699,-35.78047327361914,-40.34118793862272,-35.433119081607,-31.124757381369538,-30.912184945772193,-31.302191621674027,-44.25779299597676,study_recent,2026_06,weth_usdc_3000_month_25233197_25240396_w03,weth_usdc,3000,25233197,25240396,3,stress
chainlink,exports/study_recent/2026_06_weth_usdc/weth_usdc_3000_month_25240397_25247596_w04/chainlink_reference_updates.csv,868,270,0.3110599078341013,602,254,318,296,0.3410138248847926,110,113,0.0,0.0,0.0,14.53916091839951,-17.754825246153203,-0.0658116820626366,-0.0227415774063787,0.0339898588066747,0.1097988638117488,-22.74112246093554,-19.54417651323238,-11.63371346224434,-10.856744300047325,-11.095492560435549,-11.539960147675297,-9.787241183857793,-19.35043601092424,study_recent,2026_06,weth_usdc_3000_month_25240397_25247596_w04,weth_usdc,3000,25240397,25247596,4,stress
chainlink,exports/study_recent/2026_06_weth_usdc/weth_usdc_3000_month_25290797_25297996_w11/chainlink_reference_updates.csv,637,162,0.2543171114599686,476,237,223,177,0.2778649921507064,63,79,0.0042194092827004,0.0158730158730158,0.0,16.47905894192902,-21.320348774964007,-0.0093584941194256,-0.0186961651968423,-0.068814231398747,-0.0257561077488162,-11.854791034453823,-11.5915883991569,-14.945704058455592,0.2097183500152014,-14.694618373348408,-14.090574273315688,-12.18146446799155,-13.597242533791706,study_recent,2026_06,weth_usdc_3000_month_25290797_25297996_w11,weth_usdc,3000,25290797,25297996,11,stress
chainlink,exports/study_recent/2026_06_weth_usdc/weth_usdc_3000_month_25355597_25362796_w20/chainlink_reference_updates.csv,591,73,0.1235194585448392,521,242,256,93,0.1573604060913705,62,104,0.0041322314049586,0.0161290322580645,0.0,12.94552775063773,-10.0877423807284,0.3347585358110334,0.1520097761012519,0.0579452487004495,0.1235049082412191,1.966198540043957,1.5187577255909095,-4.810755430129733,-3.239770556494043,-20.733185941666548,-19.634992760898253,-17.935724905805277,-16.629510438385587,study_recent,2026_06,weth_usdc_3000_month_25355597_25362796_w20,weth_usdc,3000,25355597,25362796,20,stress
chainlink,exports/study_recent/2026_06_weth_usdc/weth_usdc_3000_month_25427597_25433938_w30/chainlink_reference_updates.csv,589,116,0.1969439728353141,473,188,270,131,0.2224108658743633,72,66,0.0319148936170212,0.0833333333333333,0.0,12.641213985133628,-11.34238835266166,-0.067401682207962,-0.0641567421637091,-0.0863952202057077,-0.0241543584568197,-11.18371134177637,-10.120762958668603,-10.08242258532023,-7.476383511799733,-6.421290746279199,-5.7334488640013825,-1.071151522432773,-2.909519774570944,study_recent,2026_06,weth_usdc_3000_month_25427597_25433938_w30,weth_usdc,3000,25427597,25433938,30,stress
chainlink,exports/study_recent/fixed/2026_01_weth_usdc/weth_usdc_3000_month_24136052_24143251_w01/chainlink_reference_updates.csv,292,2,0.0068493150684931,292,138,91,63,0.2157534246575342,28,35,0.0072463768115942,0.0357142857142857,0.0,10.677483532546592,4.40461551482608,0.2737974798377593,0.3599864467102994,0.3783024703767377,0.1421143146727601,9.430238168873348,9.403334960733956,8.954912644963096,7.710050832917488,-1.0554416392256514,-3.0143628108217317,-4.676652501084244,-3.5724546929987255,study_recent,,weth_usdc_3000_month_24136052_24143251_w01,weth_usdc,3000,24136052,24143251,1,stress
chainlink,exports/study_recent/fixed/2026_01_weth_usdc/weth_usdc_3000_month_24208052_24215251_w11/chainlink_reference_updates.csv,473,43,0.0909090909090909,430,269,145,59,0.1247357293868921,87,22,0.1858736059479553,0.5747126436781609,0.0,19.189537272505643,26.679303355498767,0.3372112041100725,0.4044130884701766,0.4372521106929111,0.4714739353858583,37.8570290068189,37.8570290068189,36.35468739664886,33.910147082731335,5.192840597748368,-1.848872625426604,-6.979345496301345,-10.669869276252042,study_recent,,weth_usdc_3000_month_24208052_24215251_w11,weth_usdc,3000,24208052,24215251,11,stress
chainlink,exports/study_recent/fixed/2026_01_weth_usdc/weth_usdc_3000_month_24280052_24287251_w21/chainlink_reference_updates.csv,835,111,0.1329341317365269,724,339,356,140,0.1676646706586826,188,41,0.0,0.0,0.0,15.635621198925104,29.639452606847772,0.1760961976137164,0.1093750718500681,-0.1322165342592672,-0.0808849784216037,40.27643625660783,39.54592492601025,37.19917670048698,64.47729248168706,25.972322300632538,27.45963479194323,39.41183136635631,57.261848096373384,study_recent,,weth_usdc_3000_month_24280052_24287251_w21,weth_usdc,3000,24280052,24287251,21,stress
chainlink,exports/study_recent/fixed/2026_01_weth_usdc/weth_usdc_3000_month_24352052_24358292_w31/chainlink_reference_updates.csv,1128,21,0.0186170212765957,1108,639,443,46,0.0407801418439716,226,54,0.081377151799687,0.2300884955752212,0.0,73.48151154412878,42.414848721933495,0.7989430650805392,0.772899838928423,0.6897855818007399,0.410110789344962,77.92574452856678,77.51478251620149,78.61733279015318,59.08343744127133,-4.033027134901222,-0.895874376759798,3.1273559600859446,49.94308714254063,study_recent,,weth_usdc_3000_month_24352052_24358292_w31,weth_usdc,3000,24352052,24358292,31,stress
chainlink,exports/study_recent/fixed/2026_02_weth_usdc/weth_usdc_3000_month_24358292_24365491_w01/chainlink_reference_updates.csv,1224,0,0.0,1224,556,634,34,0.0277777777777777,252,79,0.0413669064748201,0.0912698412698412,0.0,25.1327231061816,27.81912319173952,0.402379575489394,0.2920170570689347,0.2388168309850095,0.1653008765105399,33.26990866897571,32.48676851444961,30.270077160412132,21.863235440537466,22.89040687727618,24.353058854203574,26.707634235753495,13.903450170774027,study_recent,,weth_usdc_3000_month_24358292_24365491_w01,weth_usdc,3000,24358292,24365491,1,stress
chainlink,exports/study_recent/fixed/2026_02_weth_usdc/weth_usdc_3000_month_24423092_24430291_w10/chainlink_reference_updates.csv,632,203,0.3212025316455696,432,206,215,211,0.3338607594936709,105,26,0.0145631067961165,0.0285714285714285,0.0,15.487076120315873,11.40023869404764,-0.0846106671320143,-0.1068404643811551,-0.1079581377170544,-0.0158428220526428,12.947699959402174,12.118892904927998,11.5347104226165,15.151975689456288,17.921897683296137,14.380469298466917,14.874352152681574,14.092041504708396,study_recent,,weth_usdc_3000_month_24423092_24430291_w10,weth_usdc,3000,24423092,24430291,10,stress
chainlink,exports/study_recent/fixed/2026_02_weth_usdc/weth_usdc_3000_month_24487892_24495091_w19/chainlink_reference_updates.csv,590,87,0.147457627118644,503,215,273,102,0.1728813559322033,88,74,0.0,0.0,0.0,14.822235031079655,16.839196249308372,0.2744685708108748,0.2764106073235835,0.2945928740835912,0.1838030952084064,23.80563117323816,23.524627580342383,21.61284214587147,4.494885210225272,5.55372989761886,3.405125585758886,-1.1387029105066393,-9.45444313806908,study_recent,,weth_usdc_3000_month_24487892_24495091_w19,weth_usdc,3000,24487892,24495091,19,stress
chainlink,exports/study_recent/fixed/2026_02_weth_usdc/weth_usdc_3000_month_24552692_24558867_w28/chainlink_reference_updates.csv,723,132,0.1825726141078838,591,286,296,141,0.1950207468879668,127,32,0.0069930069930069,0.0157480314960629,0.0,17.507382499915426,20.223108585591486,0.0814390369335436,0.0615057628312065,0.0144555510740782,0.103629548781429,26.551015178312213,26.309251346356405,23.1335653632972,33.18299541155553,20.79330458793232,18.162971222544225,15.849902509418,18.43348176230558,study_recent,,weth_usdc_3000_month_24552692_24558867_w28,weth_usdc,3000,24552692,24558867,28,stress
chainlink,exports/study_recent/fixed/2026_03_weth_usdc/weth_usdc_3000_month_24558867_24566066_w01/chainlink_reference_updates.csv,749,1,0.0013351134846461,749,355,369,25,0.0333778371161548,184,40,0.0169014084507042,0.0326086956521739,0.0,19.603832871483444,24.974546272156665,-0.0148101438520957,-0.0263366765928598,0.0590937953183044,0.0324471791659988,22.440529029824624,23.59171291864979,28.553313042029313,24.55968733059747,27.4682488308974,27.351059313362786,29.735118388005425,32.42659570558002,study_recent,,weth_usdc_3000_month_24558867_24566066_w01,weth_usdc,3000,24558867,24566066,1,stress
chainlink,exports/study_recent/fixed/2026_03_weth_usdc/weth_usdc_3000_month_24630867_24638066_w11/chainlink_reference_updates.csv,442,79,0.1787330316742081,363,181,174,87,0.1968325791855203,89,10,0.0,0.0,0.0,17.12328472194194,27.055559587572176,0.1772660584822712,0.1810911330468842,0.2393449893176905,0.149746628030762,40.71742883770021,39.81732198422005,39.22507549696816,35.29058332303702,27.96146878904535,25.91329745806695,21.952230427470127,20.197428232341565,study_recent,,weth_usdc_3000_month_24630867_24638066_w11,weth_usdc,3000,24630867,24638066,11,stress
chainlink,exports/study_recent/fixed/2026_03_weth_usdc/weth_usdc_3000_month_24702867_24710066_w21/chainlink_reference_updates.csv,230,24,0.1043478260869565,206,131,70,29,0.1260869565217391,34,3,0.0305343511450381,0.1176470588235294,0.0,13.603317976529164,28.16453308385061,-0.0141975910954939,-0.009814381378664,-0.1293782098942301,-0.0235486464285701,30.039751804181147,31.099470247474827,26.155337195487217,41.910462859202774,32.18951857546323,34.667600023136515,48.34444340405618,32.702969998981466,study_recent,,weth_usdc_3000_month_24702867_24710066_w21,weth_usdc,3000,24702867,24710066,21,stress
chainlink,exports/study_recent/fixed/2026_03_weth_usdc/weth_usdc_3000_month_24774867_24781026_w31/chainlink_reference_updates.csv,512,44,0.0859375,468,250,203,59,0.115234375,115,18,0.012,0.0260869565217391,0.0,15.190289338716758,26.198837047576465,0.0081839523418234,0.0061992655275359,-0.0005752546048094,0.0913113640247258,27.96438286895525,27.320245919058117,27.012476598536885,35.484548803019756,26.01046785933711,27.038069040380385,30.85191773268928,28.808060952311216,study_recent,,weth_usdc_3000_month_24774867_24781026_w31,weth_usdc,3000,24774867,24781026,31,stress
chainlink,exports/study_recent/fixed/2026_04_weth_usdc/weth_usdc_3000_month_24781026_24788225_w01/chainlink_reference_updates.csv,550,4,0.0072727272727272,550,297,231,22,0.04,110,45,0.0168350168350168,0.0454545454545454,0.0,16.046225512054846,19.860972286612455,0.2006615565615552,0.1821124071056256,0.1788992991403961,0.3269500317886772,25.77852885081121,26.201322529821507,25.10094949975416,32.236886418069155,12.396263204796597,13.195504869671062,14.008365986099966,9.689973336395086,study_recent,,weth_usdc_3000_month_24781026_24788225_w01,weth_usdc,3000,24781026,24788225,1,stress
chainlink,exports/study_recent/fixed/2026_04_weth_usdc/weth_usdc_3000_month_24853026_24860225_w11/chainlink_reference_updates.csv,284,88,0.3098591549295774,197,93,96,95,0.3345070422535211,50,11,0.064516129032258,0.12,0.0,12.920626544599491,11.744053177506045,0.1050672880470747,0.1115396020325957,0.1391104320040326,0.0631284440729562,28.94854742014748,29.43004415929289,32.62037244269102,23.586968969011693,13.418333510181265,13.716099884206676,14.647415951385396,19.575867047983373,study_recent,,weth_usdc_3000_month_24853026_24860225_w11,weth_usdc,3000,24853026,24860225,11,stress
chainlink,exports/study_recent/fixed/2026_04_weth_usdc/weth_usdc_3000_month_24917826_24925025_w20/chainlink_reference_updates.csv,557,135,0.2423698384201077,422,218,195,144,0.2585278276481149,95,10,0.0504587155963302,0.1157894736842105,0.0,13.74427641045766,11.394540645020507,-0.0375409470310271,-0.0664628757588475,-0.0693457522467008,-0.0686382248507969,9.55079875568332,9.53298095528318,9.234241470258642,2.957147033807995,15.339214582633392,17.886564882395348,17.461628713480483,13.659094071905969,study_recent,,weth_usdc_3000_month_24917826_24925025_w20,weth_usdc,3000,24917826,24925025,20,stress
chainlink,exports/study_recent/fixed/2026_04_weth_usdc/weth_usdc_3000_month_24989826_24996367_w30/chainlink_reference_updates.csv,435,167,0.3839080459770115,268,173,88,174,0.4,36,7,0.0693641618497109,0.3333333333333333,0.0,16.090052842936508,15.107639550598623,-0.132698937714054,-0.0218754525718793,0.1637684990134647,0.1690443347160526,16.95733633618475,17.58502789817648,18.307855132753964,13.885495932686185,19.236136222514308,13.61040170821014,3.475588855054617,3.2230595924568033,study_recent,,weth_usdc_3000_month_24989826_24996367_w30,weth_usdc,3000,24989826,24996367,30,stress
chainlink,exports/study_recent/fixed/2026_05_weth_usdc/weth_usdc_3000_month_24996367_25003566_w01/chainlink_reference_updates.csv,273,1,0.0036630036630036,273,123,142,8,0.0293040293040293,98,12,0.2113821138211382,0.2653061224489796,0.0,14.206611839710936,17.947631143970042,0.1311639433063871,0.060587807544982,0.0773181222440381,0.1288935040471499,22.370739717812775,22.219307919902413,20.928065671749557,22.56978036852395,13.305788250443149,13.789560437333572,13.07329908712804,11.11704525590801,study_recent,,weth_usdc_3000_month_24996367_25003566_w01,weth_usdc,3000,24996367,25003566,1,stress
chainlink,exports/study_recent/fixed/2026_05_weth_usdc/weth_usdc_3000_month_25068367_25075566_w11/chainlink_reference_updates.csv,420,188,0.4476190476190476,232,128,101,191,0.4547619047619047,41,20,0.0390625,0.1219512195121951,0.0,14.123133908006457,8.696197346993168,0.2481945953301395,0.1995881703123723,0.1783755654915865,-0.0530497671540763,15.337888846264454,14.940735293764297,14.284403939198375,-0.3851047930900814,-2.1608111051169265,-0.5996734150649637,-0.4354926784640394,12.885638230053596,study_recent,,weth_usdc_3000_month_25068367_25075566_w11,weth_usdc,3000,25068367,25075566,11,stress
chainlink,exports/study_recent/fixed/2026_05_weth_usdc/weth_usdc_3000_month_25140367_25147566_w21/chainlink_reference_updates.csv,362,69,0.1906077348066298,294,156,124,82,0.2265193370165746,59,28,0.0769230769230769,0.2033898305084746,0.0,12.943347657351142,13.915543271435675,0.0995944355277411,0.1583125066503462,0.1930038611860428,0.1252991596828288,23.08836709401191,23.08836709401191,21.603644572187715,21.832303174282732,11.652925099708964,8.694368640179187,5.843167301213842,7.812172132712887,study_recent,,weth_usdc_3000_month_25140367_25147566_w21,weth_usdc,3000,25140367,25147566,21,stress
chainlink,exports/study_recent/fixed/2026_05_weth_usdc/weth_usdc_3000_month_25212367_25218797_w31/chainlink_reference_updates.csv,210,25,0.119047619047619,185,89,80,41,0.1952380952380952,37,14,0.0337078651685393,0.081081081081081,0.0,10.64750443196918,14.169349456545916,0.0606381814617545,0.1309686102331457,0.1911730868720053,0.2729788889001929,23.401339896691287,23.96460738989572,21.344913209860906,15.109048273549217,13.85849031803742,11.462950251752863,5.8866317419859095,4.1127172792846265,study_recent,,weth_usdc_3000_month_25212367_25218797_w31,weth_usdc,3000,25212367,25218797,31,stress
chainlink,exports/study_recent/fixed/2026_06_weth_usdc/weth_usdc_3000_month_25218797_25225996_w01/chainlink_reference_updates.csv,385,0,0.0,385,192,177,16,0.0415584415584415,104,21,0.015625,0.0288461538461538,0.0,13.713979633272926,21.78238275051082,0.0472375754099208,0.0779816793496072,0.0804776352298109,-0.0845428916472086,22.228113124469346,22.228113124469346,21.93989565298774,11.841132131173849,20.56385019960059,19.46583480403265,18.717289597668124,21.48862574164013,study_recent,,weth_usdc_3000_month_25218797_25225996_w01,weth_usdc,3000,25218797,25225996,1,stress
chainlink,exports/study_recent/fixed/2026_06_weth_usdc/weth_usdc_3000_month_25290797_25297996_w11/chainlink_reference_updates.csv,637,162,0.2543171114599686,476,207,253,177,0.2778649921507064,102,55,0.0144927536231884,0.0294117647058823,0.0,16.479058941929452,21.320348774966703,-0.0093584941196264,-0.0186961651970328,-0.0688142313989043,-0.02575610774892,11.354468276459402,10.703734777390268,9.264944051528923,2.348028661466356,14.767234937533605,14.520677528184333,17.157134464626168,9.858011602049409,study_recent,,weth_usdc_3000_month_25290797_25297996_w11,weth_usdc,3000,25290797,25297996,11,stress
chainlink,exports/study_recent/fixed/2026_06_weth_usdc/weth_usdc_3000_month_25355597_25362796_w20/chainlink_reference_updates.csv,591,73,0.1235194585448392,521,240,258,93,0.1573604060913705,134,80,0.0041666666666666,0.0074626865671641,0.0,12.945527750637108,10.087742380733516,0.3347585358109621,0.1520097761011609,0.0579452487003602,0.1235049082412263,23.35382025006488,22.182414190578747,20.621938277572333,19.188224565842923,-2.9962841303746464,-2.576591583484587,3.1259038890043356,1.6839123756518672,study_recent,,weth_usdc_3000_month_25355597_25362796_w20,weth_usdc,3000,25355597,25362796,20,stress
chainlink,exports/study_recent/fixed/2026_06_weth_usdc/weth_usdc_3000_month_25427597_25433938_w30/chainlink_reference_updates.csv,589,116,0.1969439728353141,473,247,211,131,0.2224108658743633,109,38,0.1052631578947368,0.2385321100917431,0.0,12.64121398513596,11.342388352664294,-0.0674016822081632,-0.0641567421639042,-0.0863952202058705,-0.0241543584569414,6.8069656038926665,6.0550736677994745,0.8186584009123332,2.481318888831037,10.213107723167866,9.266025751488671,9.39572384868254,7.47984900142829,study_recent,,weth_usdc_3000_month_25427597_25433938_w30,weth_usdc,3000,25427597,25433938,30,stress
chainlink,exports/study_recent/retune/c_current_gas/2026_01/weth_usdc_3000_month_24136052_24143251_w01/chainlink_reference_updates.csv,292,2,0.0068493150684931,292,89,140,63,0.2157534246575342,24,60,0.0337078651685393,0.125,0.0,10.677483532547766,-4.404615514818632,0.2737974798375319,0.3599864467101078,0.3783024703765619,0.1421143146722091,1.0957960006509566,2.898749254963301,4.5983937697262585,3.2367751263096856,-9.30609658707843,-9.152442089187758,-8.710425806499524,-7.459251450107789,study_recent,,weth_usdc_3000_month_24136052_24143251_w01,weth_usdc,3000,24136052,24143251,1,stress
chainlink,exports/study_recent/retune/c_current_gas/2026_01/weth_usdc_3000_month_24208052_24215251_w11/chainlink_reference_updates.csv,473,43,0.0909090909090909,430,136,278,59,0.1247357293868921,15,129,0.0367647058823529,0.3333333333333333,0.0,19.189537272496526,-26.67930335548654,0.3372112041098104,0.4044130884699526,0.437252110692667,0.4714739353854937,-4.323843779175982,3.183865172003323,8.323975899735832,11.91118894715459,-37.224676027105275,-37.224676027105275,-35.60959185285724,-32.88489893779175,study_recent,,weth_usdc_3000_month_24208052_24215251_w11,weth_usdc,3000,24208052,24215251,11,stress
chainlink,exports/study_recent/retune/c_current_gas/2026_01/weth_usdc_3000_month_24280052_24287251_w21/chainlink_reference_updates.csv,835,111,0.1329341317365269,724,325,370,140,0.1676646706586826,80,209,0.003076923076923,0.0125,0.0,15.63562119892532,-29.639452606843214,0.1760961976137471,0.1093750718500855,-0.1322165342592215,-0.0808849784216414,-25.950467430279595,-27.396470661436823,-39.246874839656655,-58.33284079100289,-39.097180311275615,-38.58877181318799,-37.52945552701771,-62.92362019444946,study_recent,,weth_usdc_3000_month_24280052_24287251_w21,weth_usdc,3000,24280052,24287251,21,stress
chainlink,exports/study_recent/retune/c_current_gas/2026_01/weth_usdc_3000_month_24352052_24358292_w31/chainlink_reference_updates.csv,1128,21,0.0186170212765957,1108,422,660,46,0.0407801418439716,154,217,0.0165876777251184,0.0454545454545454,0.032258064516129,73.48151154412223,-42.41484872193219,0.7989430650805217,0.7728998389284065,0.6897855818007302,0.4101107893449434,5.422598598735531,2.508042061835545,-0.0272412638131301,-48.79766160928345,-76.20644900251183,-76.0507082258201,-78.19757353014461,-59.535876116897725,study_recent,,weth_usdc_3000_month_24352052_24358292_w31,weth_usdc,3000,24352052,24358292,31,stress
chainlink,exports/study_recent/retune/c_current_gas/2026_02/weth_usdc_3000_month_24358292_24365491_w01/chainlink_reference_updates.csv,1224,0,0.0,1224,599,591,34,0.0277777777777777,147,194,0.015025041736227,0.0612244897959183,0.0206185567010309,25.13272310618104,-27.8191231917389,0.4023795754893692,0.29201705706892,0.2388168309850091,0.1653008765105717,-23.054682353969906,-24.70056230599121,-27.40093036443784,-12.666980999935848,-32.48871818970378,-31.652869350777273,-29.356422535292175,-22.638019506434617,study_recent,,weth_usdc_3000_month_24358292_24365491_w01,weth_usdc,3000,24358292,24365491,1,stress
chainlink,exports/study_recent/retune/c_current_gas/2026_02/weth_usdc_3000_month_24423092_24430291_w10/chainlink_reference_updates.csv,632,203,0.3212025316455696,432,198,223,211,0.3338607594936709,63,96,0.0,0.0,0.0,15.487076120314534,-11.40023869404434,-0.0846106671320796,-0.1068404643812266,-0.107958137717118,-0.0158428220527015,-15.835876543669375,-11.982467614381807,-12.140679846945982,-9.357266506103572,-15.179061156488636,-14.42046748850176,-14.21650874523867,-19.1774933542604,study_recent,,weth_usdc_3000_month_24423092_24430291_w10,weth_usdc,3000,24423092,24430291,10,stress
chainlink,exports/study_recent/retune/c_current_gas/2026_02/weth_usdc_3000_month_24487892_24495091_w19/chainlink_reference_updates.csv,590,87,0.147457627118644,503,252,236,102,0.1728813559322033,43,109,0.0,0.0,0.0,14.82223503107821,-16.83919624930646,0.2744685708110197,0.2764106073237412,0.2945928740837134,0.1838030952085264,-4.06710771106877,-1.7394530398869912,2.8187805924343388,11.631611385065634,-23.76893144536607,-23.512932409465225,-21.382321508843948,-5.602017676084715,study_recent,,weth_usdc_3000_month_24487892_24495091_w19,weth_usdc,3000,24487892,24495091,19,stress
chainlink,exports/study_recent/retune/c_current_gas/2026_02/weth_usdc_3000_month_24552692_24558867_w28/chainlink_reference_updates.csv,723,132,0.1825726141078838,591,274,308,141,0.1950207468879668,75,143,0.0036496350364963,0.0133333333333333,0.0,17.50738249991465,-20.22310858558822,0.0814390369335454,0.0615057628311782,0.0144555510740444,0.1036295487813215,-21.875779295080168,-19.034251279917168,-15.909918972405396,-18.98630551219463,-25.176769390165344,-24.95227440334925,-22.559912461849017,-31.59322456338076,study_recent,,weth_usdc_3000_month_24552692_24558867_w28,weth_usdc,3000,24552692,24558867,28,stress
chainlink,exports/study_recent/retune/c_current_gas/2026_03/weth_usdc_3000_month_24558867_24566066_w01/chainlink_reference_updates.csv,749,1,0.0013351134846461,749,350,374,25,0.0333778371161548,116,170,0.0171428571428571,0.0517241379310344,0.0,19.603832871482673,-24.97454627215561,-0.0148101438520641,-0.0263366765928441,0.0590937953183304,0.0324471791659777,-27.581011020098337,-27.61292016376942,-30.05896061183603,-33.61267406461213,-22.590421837309464,-23.537638811314647,-28.31029037687448,-23.849376724883506,study_recent,,weth_usdc_3000_month_24558867_24566066_w01,weth_usdc,3000,24558867,24566066,1,stress
chainlink,exports/study_recent/retune/c_current_gas/2026_03/weth_usdc_3000_month_24630867_24638066_w11/chainlink_reference_updates.csv,442,79,0.1787330316742081,363,164,191,87,0.1968325791855203,24,106,0.0,0.0,0.0,17.123284721939868,-27.055559587569043,0.1772660584823544,0.1810911330469357,0.239344989317699,0.1497466280306362,-26.11794911222777,-24.27483029355197,-19.800455471681055,-19.692418927234247,-41.6324949450848,-40.496213972272905,-40.16833540300995,-34.9339863341875,study_recent,,weth_usdc_3000_month_24630867_24638066_w11,weth_usdc,3000,24630867,24638066,11,stress
chainlink,exports/study_recent/retune/c_current_gas/2026_03/weth_usdc_3000_month_24702867_24710066_w21/chainlink_reference_updates.csv,230,24,0.1043478260869565,206,62,139,29,0.1260869565217391,13,50,0.0161290322580645,0.0769230769230769,0.02,13.603317976525895,-28.164533083846585,-0.0141975910954394,-0.00981438137855,-0.1293782098940629,-0.0235486464283813,-32.84883166921023,-35.63904745266766,-53.37478799467464,-37.65765487410179,-29.86939728876547,-30.871522748004544,-25.380680142236216,-39.158745712922894,study_recent,,weth_usdc_3000_month_24702867_24710066_w21,weth_usdc,3000,24702867,24710066,21,stress
chainlink,exports/study_recent/retune/c_current_gas/2026_03/weth_usdc_3000_month_24774867_24781026_w31/chainlink_reference_updates.csv,512,44,0.0859375,468,188,265,59,0.115234375,42,131,0.0053191489361702,0.0238095238095238,0.0,15.190289338715166,-26.198837047574372,0.0081839523417194,0.0061992655274301,-0.000575254604896,0.0913113640246938,-25.799751112319136,-26.90934174929693,-30.80503928226588,-28.0480045650968,-28.003273522894876,-27.39559715506735,-27.26306062001239,-35.647691104680476,study_recent,,weth_usdc_3000_month_24774867_24781026_w31,weth_usdc,3000,24774867,24781026,31,stress
chainlink,exports/study_recent/retune/c_current_gas/2026_04/weth_usdc_3000_month_24781026_24788225_w01/chainlink_reference_updates.csv,550,4,0.0072727272727272,550,222,306,22,0.04,38,149,0.0,0.0,0.0,16.04622551205626,-19.86097228661114,0.2006615565615697,0.1821124071056265,0.1788992991403901,0.3269500317886814,-12.554643045959724,-13.3862863999512,-14.00121892099739,-8.502174853914578,-25.270029780376554,-25.680388351180618,-24.779882169131504,-32.435478069620636,study_recent,,weth_usdc_3000_month_24781026_24788225_w01,weth_usdc,3000,24781026,24788225,1,stress
chainlink,exports/study_recent/retune/c_current_gas/2026_04/weth_usdc_3000_month_24853026_24860225_w11/chainlink_reference_updates.csv,284,88,0.3098591549295774,197,83,106,95,0.3345070422535211,27,57,0.0481927710843373,0.1481481481481481,0.0,12.920626544601586,-11.74405317750441,0.105067288047255,0.111539602032777,0.1391104320041689,0.0631284440730344,-10.47955440495549,-10.53170797223008,-10.79586631880598,-11.985714609288294,-29.345018032448984,-29.996301264177163,-33.43197796266267,-28.966668733160127,study_recent,,weth_usdc_3000_month_24853026_24860225_w11,weth_usdc,3000,24853026,24860225,11,stress
chainlink,exports/study_recent/retune/c_current_gas/2026_04/weth_usdc_3000_month_24917826_24925025_w20/chainlink_reference_updates.csv,557,135,0.2423698384201077,422,162,251,144,0.2585278276481149,55,48,0.0061728395061728,0.0181818181818181,0.0,13.744276410457244,-11.39454064501724,-0.0375409470308274,-0.0664628757586486,-0.0693457522465419,-0.0686382248508114,-13.986460412046124,-17.372140830469966,-16.414798290019537,-14.875070308729828,-11.184917870917072,-10.963279624628738,-10.99157337315183,-3.755473041445475,study_recent,,weth_usdc_3000_month_24917826_24925025_w20,weth_usdc,3000,24917826,24925025,20,stress
chainlink,exports/study_recent/retune/c_current_gas/2026_04/weth_usdc_3000_month_24989826_24996367_w30/chainlink_reference_updates.csv,435,167,0.3839080459770115,268,82,179,174,0.4,18,65,0.024390243902439,0.1111111111111111,0.0,16.090052842931563,-15.107639550591768,-0.1326989377142305,-0.0218754525720642,0.1637684990133794,0.1690443347159704,-20.286501796968572,-14.24912817186124,-3.3727436465229386,-3.34156228854038,-16.55254763345414,-17.15919925482042,-17.857797643546224,-13.47380968060511,study_recent,,weth_usdc_3000_month_24989826_24996367_w30,weth_usdc,3000,24989826,24996367,30,stress
chainlink,exports/study_recent/retune/c_current_gas/2026_05/weth_usdc_3000_month_24996367_25003566_w01/chainlink_reference_updates.csv,273,1,0.0036630036630036,273,125,140,8,0.0293040293040293,23,56,0.064,0.3478260869565217,0.0,14.206611839710908,-17.947631143965683,0.1311639433063715,0.0605878075449711,0.0773181222440347,0.1288935040470012,-14.431134160418512,-14.980699364725997,-14.167026470891996,-12.96389643862473,-20.265222477146143,-20.132178826124782,-18.99773027953278,-19.54330862872111,study_recent,,weth_usdc_3000_month_24996367_25003566_w01,weth_usdc,3000,24996367,25003566,1,stress
chainlink,exports/study_recent/retune/c_current_gas/2026_05/weth_usdc_3000_month_25068367_25075566_w11/chainlink_reference_updates.csv,420,188,0.4476190476190476,232,101,128,191,0.4547619047619047,28,58,0.0198019801980198,0.0714285714285714,0.0,14.123133908005972,-8.69619734698958,0.2481945953301258,0.1995881703123679,0.1783755654915922,-0.0530497671541176,2.1608111051191217,0.5996734150673039,0.4354926784669075,-12.885638230049574,-15.337888846260393,-14.940735293760143,-14.28440393919426,0.3851047930919155,study_recent,,weth_usdc_3000_month_25068367_25075566_w11,weth_usdc,3000,25068367,25075566,11,stress
chainlink,exports/study_recent/retune/c_current_gas/2026_05/weth_usdc_3000_month_25140367_25147566_w21/chainlink_reference_updates.csv,362,69,0.1906077348066298,294,117,163,82,0.2265193370165746,42,89,0.1196581196581196,0.3333333333333333,0.0,12.943347657350197,-13.91554327143302,0.0995944355278345,0.1583125066504234,0.1930038611860881,0.1252991596828879,-10.991729379497258,-7.856165268543194,-4.83437923408468,-4.966147946421801,-23.071875102010203,-23.071875102010203,-21.650913670080232,-23.309996730448084,study_recent,,weth_usdc_3000_month_25140367_25147566_w21,weth_usdc,3000,25140367,25147566,21,stress
chainlink,exports/study_recent/retune/c_current_gas/2026_05/weth_usdc_3000_month_25212367_25218797_w31/chainlink_reference_updates.csv,210,25,0.119047619047619,185,70,99,41,0.1952380952380952,27,49,0.0285714285714285,0.074074074074074,0.0,10.647504431968375,-14.16934945654238,0.0606381814620625,0.1309686102334065,0.1911730868722091,0.2729788889001712,-13.217012113199733,-10.479252037446136,-4.080514928956876,-0.7482995241041678,-22.890986144688807,-23.39735793150884,-21.04227932521487,-16.138805535364988,study_recent,,weth_usdc_3000_month_25212367_25218797_w31,weth_usdc,3000,25212367,25218797,31,stress
chainlink,exports/study_recent/retune/c_current_gas/2026_06/weth_usdc_3000_month_25218797_25225996_w01/chainlink_reference_updates.csv,385,0,0.0,385,163,206,16,0.0415584415584415,49,99,0.0184049079754601,0.0612244897959183,0.0,13.713979633271208,-21.78238275050906,0.0472375754099227,0.0779816793496268,0.08047763522981,-0.0845428916471953,-21.87384649741089,-20.305875049418223,-19.632169600956008,-23.6731706792328,-21.078457408489346,-21.375693432796155,-20.996973685458073,-10.76842934027096,study_recent,,weth_usdc_3000_month_25218797_25225996_w01,weth_usdc,3000,25218797,25225996,1,stress
chainlink,exports/study_recent/retune/c_current_gas/2026_06/weth_usdc_3000_month_25290797_25297996_w11/chainlink_reference_updates.csv,637,162,0.2543171114599686,476,237,223,177,0.2778649921507064,63,79,0.0042194092827004,0.0158730158730158,0.0,16.47905894192902,-21.320348774964007,-0.0093584941194256,-0.0186961651968423,-0.068814231398747,-0.0257561077488162,-11.854791034453823,-11.5915883991569,-14.945704058455592,0.2097183500152014,-14.694618373348408,-14.090574273315688,-12.18146446799155,-13.597242533791706,study_recent,,weth_usdc_3000_month_25290797_25297996_w11,weth_usdc,3000,25290797,25297996,11,stress
chainlink,exports/study_recent/retune/c_current_gas/2026_06/weth_usdc_3000_month_25355597_25362796_w20/chainlink_reference_updates.csv,591,73,0.1235194585448392,521,242,256,93,0.1573604060913705,62,104,0.0041322314049586,0.0161290322580645,0.0,12.94552775063773,-10.0877423807284,0.3347585358110334,0.1520097761012519,0.0579452487004495,0.1235049082412191,1.966198540043957,1.5187577255909095,-4.810755430129733,-3.239770556494043,-20.733185941666548,-19.634992760898253,-17.935724905805277,-16.629510438385587,study_recent,,weth_usdc_3000_month_25355597_25362796_w20,weth_usdc,3000,25355597,25362796,20,stress
chainlink,exports/study_recent/retune/c_current_gas/2026_06/weth_usdc_3000_month_25427597_25433938_w30/chainlink_reference_updates.csv,589,116,0.1969439728353141,473,188,270,131,0.2224108658743633,72,66,0.0319148936170212,0.0833333333333333,0.0,12.641213985133628,-11.34238835266166,-0.067401682207962,-0.0641567421637091,-0.0863952202057077,-0.0241543584568197,-11.18371134177637,-10.120762958668603,-10.08242258532023,-7.476383511799733,-6.421290746279199,-5.7334488640013825,-1.071151522432773,-2.909519774570944,study_recent,,weth_usdc_3000_month_25427597_25433938_w30,weth_usdc,3000,25427597,25433938,30,stress
chainlink,exports/study_recent/retune/c_current_zerogas/2026_01/weth_usdc_3000_month_24136052_24143251_w01/chainlink_reference_updates.csv,292,2,0.0068493150684931,292,89,140,63,0.2157534246575342,24,60,0.0337078651685393,0.125,0.0,10.677483532547766,-4.404615514818632,0.2737974798375319,0.3599864467101078,0.3783024703765619,0.1421143146722091,1.0957960006509566,2.898749254963301,4.5983937697262585,3.2367751263096856,-9.30609658707843,-9.152442089187758,-8.710425806499524,-7.459251450107789,study_recent,,weth_usdc_3000_month_24136052_24143251_w01,weth_usdc,3000,24136052,24143251,1,stress
chainlink,exports/study_recent/retune/c_current_zerogas/2026_01/weth_usdc_3000_month_24208052_24215251_w11/chainlink_reference_updates.csv,473,43,0.0909090909090909,430,136,278,59,0.1247357293868921,15,129,0.0367647058823529,0.3333333333333333,0.0,19.189537272496526,-26.67930335548654,0.3372112041098104,0.4044130884699526,0.437252110692667,0.4714739353854937,-4.323843779175982,3.183865172003323,8.323975899735832,11.91118894715459,-37.224676027105275,-37.224676027105275,-35.60959185285724,-32.88489893779175,study_recent,,weth_usdc_3000_month_24208052_24215251_w11,weth_usdc,3000,24208052,24215251,11,stress
chainlink,exports/study_recent/retune/c_current_zerogas/2026_01/weth_usdc_3000_month_24280052_24287251_w21/chainlink_reference_updates.csv,835,111,0.1329341317365269,724,325,370,140,0.1676646706586826,80,209,0.003076923076923,0.0125,0.0,15.63562119892532,-29.639452606843214,0.1760961976137471,0.1093750718500855,-0.1322165342592215,-0.0808849784216414,-25.950467430279595,-27.396470661436823,-39.246874839656655,-58.33284079100289,-39.097180311275615,-38.58877181318799,-37.52945552701771,-62.92362019444946,study_recent,,weth_usdc_3000_month_24280052_24287251_w21,weth_usdc,3000,24280052,24287251,21,stress
chainlink,exports/study_recent/retune/c_current_zerogas/2026_01/weth_usdc_3000_month_24352052_24358292_w31/chainlink_reference_updates.csv,1128,21,0.0186170212765957,1108,422,660,46,0.0407801418439716,154,217,0.0165876777251184,0.0454545454545454,0.032258064516129,73.48151154412223,-42.41484872193219,0.7989430650805217,0.7728998389284065,0.6897855818007302,0.4101107893449434,5.422598598735531,2.508042061835545,-0.0272412638131301,-48.79766160928345,-76.20644900251183,-76.0507082258201,-78.19757353014461,-59.535876116897725,study_recent,,weth_usdc_3000_month_24352052_24358292_w31,weth_usdc,3000,24352052,24358292,31,stress
chainlink,exports/study_recent/retune/c_current_zerogas/2026_02/weth_usdc_3000_month_24358292_24365491_w01/chainlink_reference_updates.csv,1224,0,0.0,1224,599,591,34,0.0277777777777777,147,194,0.015025041736227,0.0612244897959183,0.0206185567010309,25.13272310618104,-27.8191231917389,0.4023795754893692,0.29201705706892,0.2388168309850091,0.1653008765105717,-23.054682353969906,-24.70056230599121,-27.40093036443784,-12.666980999935848,-32.48871818970378,-31.652869350777273,-29.356422535292175,-22.638019506434617,study_recent,,weth_usdc_3000_month_24358292_24365491_w01,weth_usdc,3000,24358292,24365491,1,stress
chainlink,exports/study_recent/retune/c_current_zerogas/2026_02/weth_usdc_3000_month_24423092_24430291_w10/chainlink_reference_updates.csv,632,203,0.3212025316455696,432,198,223,211,0.3338607594936709,63,96,0.0,0.0,0.0,15.487076120314534,-11.40023869404434,-0.0846106671320796,-0.1068404643812266,-0.107958137717118,-0.0158428220527015,-15.835876543669375,-11.982467614381807,-12.140679846945982,-9.357266506103572,-15.179061156488636,-14.42046748850176,-14.21650874523867,-19.1774933542604,study_recent,,weth_usdc_3000_month_24423092_24430291_w10,weth_usdc,3000,24423092,24430291,10,stress
chainlink,exports/study_recent/retune/c_current_zerogas/2026_02/weth_usdc_3000_month_24487892_24495091_w19/chainlink_reference_updates.csv,590,87,0.147457627118644,503,252,236,102,0.1728813559322033,43,109,0.0,0.0,0.0,14.82223503107821,-16.83919624930646,0.2744685708110197,0.2764106073237412,0.2945928740837134,0.1838030952085264,-4.06710771106877,-1.7394530398869912,2.8187805924343388,11.631611385065634,-23.76893144536607,-23.512932409465225,-21.382321508843948,-5.602017676084715,study_recent,,weth_usdc_3000_month_24487892_24495091_w19,weth_usdc,3000,24487892,24495091,19,stress
chainlink,exports/study_recent/retune/c_current_zerogas/2026_02/weth_usdc_3000_month_24552692_24558867_w28/chainlink_reference_updates.csv,723,132,0.1825726141078838,591,274,308,141,0.1950207468879668,75,143,0.0036496350364963,0.0133333333333333,0.0,17.50738249991465,-20.22310858558822,0.0814390369335454,0.0615057628311782,0.0144555510740444,0.1036295487813215,-21.875779295080168,-19.034251279917168,-15.909918972405396,-18.98630551219463,-25.176769390165344,-24.95227440334925,-22.559912461849017,-31.59322456338076,study_recent,,weth_usdc_3000_month_24552692_24558867_w28,weth_usdc,3000,24552692,24558867,28,stress
chainlink,exports/study_recent/retune/c_current_zerogas/2026_03/weth_usdc_3000_month_24558867_24566066_w01/chainlink_reference_updates.csv,749,1,0.0013351134846461,749,350,374,25,0.0333778371161548,116,170,0.0171428571428571,0.0517241379310344,0.0,19.603832871482673,-24.97454627215561,-0.0148101438520641,-0.0263366765928441,0.0590937953183304,0.0324471791659777,-27.581011020098337,-27.61292016376942,-30.05896061183603,-33.61267406461213,-22.590421837309464,-23.537638811314647,-28.31029037687448,-23.849376724883506,study_recent,,weth_usdc_3000_month_24558867_24566066_w01,weth_usdc,3000,24558867,24566066,1,stress
chainlink,exports/study_recent/retune/c_current_zerogas/2026_03/weth_usdc_3000_month_24630867_24638066_w11/chainlink_reference_updates.csv,442,79,0.1787330316742081,363,164,191,87,0.1968325791855203,24,106,0.0,0.0,0.0,17.123284721939868,-27.055559587569043,0.1772660584823544,0.1810911330469357,0.239344989317699,0.1497466280306362,-26.11794911222777,-24.27483029355197,-19.800455471681055,-19.692418927234247,-41.6324949450848,-40.496213972272905,-40.16833540300995,-34.9339863341875,study_recent,,weth_usdc_3000_month_24630867_24638066_w11,weth_usdc,3000,24630867,24638066,11,stress
chainlink,exports/study_recent/retune/c_current_zerogas/2026_03/weth_usdc_3000_month_24702867_24710066_w21/chainlink_reference_updates.csv,230,24,0.1043478260869565,206,62,139,29,0.1260869565217391,13,50,0.0161290322580645,0.0769230769230769,0.02,13.603317976525895,-28.164533083846585,-0.0141975910954394,-0.00981438137855,-0.1293782098940629,-0.0235486464283813,-32.84883166921023,-35.63904745266766,-53.37478799467464,-37.65765487410179,-29.86939728876547,-30.871522748004544,-25.380680142236216,-39.158745712922894,study_recent,,weth_usdc_3000_month_24702867_24710066_w21,weth_usdc,3000,24702867,24710066,21,stress
chainlink,exports/study_recent/retune/c_current_zerogas/2026_03/weth_usdc_3000_month_24774867_24781026_w31/chainlink_reference_updates.csv,512,44,0.0859375,468,188,265,59,0.115234375,42,131,0.0053191489361702,0.0238095238095238,0.0,15.190289338715166,-26.198837047574372,0.0081839523417194,0.0061992655274301,-0.000575254604896,0.0913113640246938,-25.799751112319136,-26.90934174929693,-30.80503928226588,-28.0480045650968,-28.003273522894876,-27.39559715506735,-27.26306062001239,-35.647691104680476,study_recent,,weth_usdc_3000_month_24774867_24781026_w31,weth_usdc,3000,24774867,24781026,31,stress
chainlink,exports/study_recent/retune/c_current_zerogas/2026_04/weth_usdc_3000_month_24781026_24788225_w01/chainlink_reference_updates.csv,550,4,0.0072727272727272,550,222,306,22,0.04,38,149,0.0,0.0,0.0,16.04622551205626,-19.86097228661114,0.2006615565615697,0.1821124071056265,0.1788992991403901,0.3269500317886814,-12.554643045959724,-13.3862863999512,-14.00121892099739,-8.502174853914578,-25.270029780376554,-25.680388351180618,-24.779882169131504,-32.435478069620636,study_recent,,weth_usdc_3000_month_24781026_24788225_w01,weth_usdc,3000,24781026,24788225,1,stress
chainlink,exports/study_recent/retune/c_current_zerogas/2026_04/weth_usdc_3000_month_24853026_24860225_w11/chainlink_reference_updates.csv,284,88,0.3098591549295774,197,83,106,95,0.3345070422535211,27,57,0.0481927710843373,0.1481481481481481,0.0,12.920626544601586,-11.74405317750441,0.105067288047255,0.111539602032777,0.1391104320041689,0.0631284440730344,-10.47955440495549,-10.53170797223008,-10.79586631880598,-11.985714609288294,-29.345018032448984,-29.996301264177163,-33.43197796266267,-28.966668733160127,study_recent,,weth_usdc_3000_month_24853026_24860225_w11,weth_usdc,3000,24853026,24860225,11,stress
chainlink,exports/study_recent/retune/c_current_zerogas/2026_04/weth_usdc_3000_month_24917826_24925025_w20/chainlink_reference_updates.csv,557,135,0.2423698384201077,422,162,251,144,0.2585278276481149,55,48,0.0061728395061728,0.0181818181818181,0.0,13.744276410457244,-11.39454064501724,-0.0375409470308274,-0.0664628757586486,-0.0693457522465419,-0.0686382248508114,-13.986460412046124,-17.372140830469966,-16.414798290019537,-14.875070308729828,-11.184917870917072,-10.963279624628738,-10.99157337315183,-3.755473041445475,study_recent,,weth_usdc_3000_month_24917826_24925025_w20,weth_usdc,3000,24917826,24925025,20,stress
chainlink,exports/study_recent/retune/c_current_zerogas/2026_04/weth_usdc_3000_month_24989826_24996367_w30/chainlink_reference_updates.csv,435,167,0.3839080459770115,268,82,179,174,0.4,18,65,0.024390243902439,0.1111111111111111,0.0,16.090052842931563,-15.107639550591768,-0.1326989377142305,-0.0218754525720642,0.1637684990133794,0.1690443347159704,-20.286501796968572,-14.24912817186124,-3.3727436465229386,-3.34156228854038,-16.55254763345414,-17.15919925482042,-17.857797643546224,-13.47380968060511,study_recent,,weth_usdc_3000_month_24989826_24996367_w30,weth_usdc,3000,24989826,24996367,30,stress
chainlink,exports/study_recent/retune/c_current_zerogas/2026_05/weth_usdc_3000_month_24996367_25003566_w01/chainlink_reference_updates.csv,273,1,0.0036630036630036,273,125,140,8,0.0293040293040293,23,56,0.064,0.3478260869565217,0.0,14.206611839710908,-17.947631143965683,0.1311639433063715,0.0605878075449711,0.0773181222440347,0.1288935040470012,-14.431134160418512,-14.980699364725997,-14.167026470891996,-12.96389643862473,-20.265222477146143,-20.132178826124782,-18.99773027953278,-19.54330862872111,study_recent,,weth_usdc_3000_month_24996367_25003566_w01,weth_usdc,3000,24996367,25003566,1,stress
chainlink,exports/study_recent/retune/c_current_zerogas/2026_05/weth_usdc_3000_month_25068367_25075566_w11/chainlink_reference_updates.csv,420,188,0.4476190476190476,232,101,128,191,0.4547619047619047,28,58,0.0198019801980198,0.0714285714285714,0.0,14.123133908005972,-8.69619734698958,0.2481945953301258,0.1995881703123679,0.1783755654915922,-0.0530497671541176,2.1608111051191217,0.5996734150673039,0.4354926784669075,-12.885638230049574,-15.337888846260393,-14.940735293760143,-14.28440393919426,0.3851047930919155,study_recent,,weth_usdc_3000_month_25068367_25075566_w11,weth_usdc,3000,25068367,25075566,11,stress
chainlink,exports/study_recent/retune/c_current_zerogas/2026_05/weth_usdc_3000_month_25140367_25147566_w21/chainlink_reference_updates.csv,362,69,0.1906077348066298,294,117,163,82,0.2265193370165746,42,89,0.1196581196581196,0.3333333333333333,0.0,12.943347657350197,-13.91554327143302,0.0995944355278345,0.1583125066504234,0.1930038611860881,0.1252991596828879,-10.991729379497258,-7.856165268543194,-4.83437923408468,-4.966147946421801,-23.071875102010203,-23.071875102010203,-21.650913670080232,-23.309996730448084,study_recent,,weth_usdc_3000_month_25140367_25147566_w21,weth_usdc,3000,25140367,25147566,21,stress
chainlink,exports/study_recent/retune/c_current_zerogas/2026_05/weth_usdc_3000_month_25212367_25218797_w31/chainlink_reference_updates.csv,210,25,0.119047619047619,185,70,99,41,0.1952380952380952,27,49,0.0285714285714285,0.074074074074074,0.0,10.647504431968375,-14.16934945654238,0.0606381814620625,0.1309686102334065,0.1911730868722091,0.2729788889001712,-13.217012113199733,-10.479252037446136,-4.080514928956876,-0.7482995241041678,-22.890986144688807,-23.39735793150884,-21.04227932521487,-16.138805535364988,study_recent,,weth_usdc_3000_month_25212367_25218797_w31,weth_usdc,3000,25212367,25218797,31,stress
chainlink,exports/study_recent/retune/c_current_zerogas/2026_06/weth_usdc_3000_month_25218797_25225996_w01/chainlink_reference_updates.csv,385,0,0.0,385,163,206,16,0.0415584415584415,49,99,0.0184049079754601,0.0612244897959183,0.0,13.713979633271208,-21.78238275050906,0.0472375754099227,0.0779816793496268,0.08047763522981,-0.0845428916471953,-21.87384649741089,-20.305875049418223,-19.632169600956008,-23.6731706792328,-21.078457408489346,-21.375693432796155,-20.996973685458073,-10.76842934027096,study_recent,,weth_usdc_3000_month_25218797_25225996_w01,weth_usdc,3000,25218797,25225996,1,stress
chainlink,exports/study_recent/retune/c_current_zerogas/2026_06/weth_usdc_3000_month_25290797_25297996_w11/chainlink_reference_updates.csv,637,162,0.2543171114599686,476,237,223,177,0.2778649921507064,63,79,0.0042194092827004,0.0158730158730158,0.0,16.47905894192902,-21.320348774964007,-0.0093584941194256,-0.0186961651968423,-0.068814231398747,-0.0257561077488162,-11.854791034453823,-11.5915883991569,-14.945704058455592,0.2097183500152014,-14.694618373348408,-14.090574273315688,-12.18146446799155,-13.597242533791706,study_recent,,weth_usdc_3000_month_25290797_25297996_w11,weth_usdc,3000,25290797,25297996,11,stress
chainlink,exports/study_recent/retune/c_current_zerogas/2026_06/weth_usdc_3000_month_25355597_25362796_w20/chainlink_reference_updates.csv,591,73,0.1235194585448392,521,242,256,93,0.1573604060913705,62,104,0.0041322314049586,0.0161290322580645,0.0,12.94552775063773,-10.0877423807284,0.3347585358110334,0.1520097761012519,0.0579452487004495,0.1235049082412191,1.966198540043957,1.5187577255909095,-4.810755430129733,-3.239770556494043,-20.733185941666548,-19.634992760898253,-17.935724905805277,-16.629510438385587,study_recent,,weth_usdc_3000_month_25355597_25362796_w20,weth_usdc,3000,25355597,25362796,20,stress
chainlink,exports/study_recent/retune/c_current_zerogas/2026_06/weth_usdc_3000_month_25427597_25433938_w30/chainlink_reference_updates.csv,589,116,0.1969439728353141,473,188,270,131,0.2224108658743633,72,66,0.0319148936170212,0.0833333333333333,0.0,12.641213985133628,-11.34238835266166,-0.067401682207962,-0.0641567421637091,-0.0863952202057077,-0.0241543584568197,-11.18371134177637,-10.120762958668603,-10.08242258532023,-7.476383511799733,-6.421290746279199,-5.7334488640013825,-1.071151522432773,-2.909519774570944,study_recent,,weth_usdc_3000_month_25427597_25433938_w30,weth_usdc,3000,25427597,25433938,30,stress
chainlink,exports/study_recent/retune/s100_g0.5/2026_01/weth_usdc_3000_month_24136052_24143251_w01/chainlink_reference_updates.csv,292,2,0.0068493150684931,292,89,140,63,0.2157534246575342,24,60,0.0337078651685393,0.125,0.0,10.677483532547766,-4.404615514818632,0.2737974798375319,0.3599864467101078,0.3783024703765619,0.1421143146722091,1.0957960006509566,2.898749254963301,4.5983937697262585,3.2367751263096856,-9.30609658707843,-9.152442089187758,-8.710425806499524,-7.459251450107789,study_recent,,weth_usdc_3000_month_24136052_24143251_w01,weth_usdc,3000,24136052,24143251,1,stress
chainlink,exports/study_recent/retune/s100_g0.5/2026_01/weth_usdc_3000_month_24208052_24215251_w11/chainlink_reference_updates.csv,473,43,0.0909090909090909,430,136,278,59,0.1247357293868921,15,129,0.0367647058823529,0.3333333333333333,0.0,19.189537272496526,-26.67930335548654,0.3372112041098104,0.4044130884699526,0.437252110692667,0.4714739353854937,-4.323843779175982,3.183865172003323,8.323975899735832,11.91118894715459,-37.224676027105275,-37.224676027105275,-35.60959185285724,-32.88489893779175,study_recent,,weth_usdc_3000_month_24208052_24215251_w11,weth_usdc,3000,24208052,24215251,11,stress
chainlink,exports/study_recent/retune/s100_g0.5/2026_01/weth_usdc_3000_month_24280052_24287251_w21/chainlink_reference_updates.csv,835,111,0.1329341317365269,724,325,370,140,0.1676646706586826,80,209,0.003076923076923,0.0125,0.0,15.63562119892532,-29.639452606843214,0.1760961976137471,0.1093750718500855,-0.1322165342592215,-0.0808849784216414,-25.950467430279595,-27.396470661436823,-39.246874839656655,-58.33284079100289,-39.097180311275615,-38.58877181318799,-37.52945552701771,-62.92362019444946,study_recent,,weth_usdc_3000_month_24280052_24287251_w21,weth_usdc,3000,24280052,24287251,21,stress
chainlink,exports/study_recent/retune/s100_g0.5/2026_01/weth_usdc_3000_month_24352052_24358292_w31/chainlink_reference_updates.csv,1128,21,0.0186170212765957,1108,422,660,46,0.0407801418439716,154,217,0.0165876777251184,0.0454545454545454,0.032258064516129,73.48151154412223,-42.41484872193219,0.7989430650805217,0.7728998389284065,0.6897855818007302,0.4101107893449434,5.422598598735531,2.508042061835545,-0.0272412638131301,-48.79766160928345,-76.20644900251183,-76.0507082258201,-78.19757353014461,-59.535876116897725,study_recent,,weth_usdc_3000_month_24352052_24358292_w31,weth_usdc,3000,24352052,24358292,31,stress
chainlink,exports/study_recent/retune/s100_g0.5/2026_02/weth_usdc_3000_month_24358292_24365491_w01/chainlink_reference_updates.csv,1224,0,0.0,1224,599,591,34,0.0277777777777777,147,194,0.015025041736227,0.0612244897959183,0.0206185567010309,25.13272310618104,-27.8191231917389,0.4023795754893692,0.29201705706892,0.2388168309850091,0.1653008765105717,-23.054682353969906,-24.70056230599121,-27.40093036443784,-12.666980999935848,-32.48871818970378,-31.652869350777273,-29.356422535292175,-22.638019506434617,study_recent,,weth_usdc_3000_month_24358292_24365491_w01,weth_usdc,3000,24358292,24365491,1,stress
chainlink,exports/study_recent/retune/s100_g0.5/2026_02/weth_usdc_3000_month_24423092_24430291_w10/chainlink_reference_updates.csv,632,203,0.3212025316455696,432,198,223,211,0.3338607594936709,63,96,0.0,0.0,0.0,15.487076120314534,-11.40023869404434,-0.0846106671320796,-0.1068404643812266,-0.107958137717118,-0.0158428220527015,-15.835876543669375,-11.982467614381807,-12.140679846945982,-9.357266506103572,-15.179061156488636,-14.42046748850176,-14.21650874523867,-19.1774933542604,study_recent,,weth_usdc_3000_month_24423092_24430291_w10,weth_usdc,3000,24423092,24430291,10,stress
chainlink,exports/study_recent/retune/s100_g0.5/2026_02/weth_usdc_3000_month_24487892_24495091_w19/chainlink_reference_updates.csv,590,87,0.147457627118644,503,252,236,102,0.1728813559322033,43,109,0.0,0.0,0.0,14.82223503107821,-16.83919624930646,0.2744685708110197,0.2764106073237412,0.2945928740837134,0.1838030952085264,-4.06710771106877,-1.7394530398869912,2.8187805924343388,11.631611385065634,-23.76893144536607,-23.512932409465225,-21.382321508843948,-5.602017676084715,study_recent,,weth_usdc_3000_month_24487892_24495091_w19,weth_usdc,3000,24487892,24495091,19,stress
chainlink,exports/study_recent/retune/s100_g0.5/2026_02/weth_usdc_3000_month_24552692_24558867_w28/chainlink_reference_updates.csv,723,132,0.1825726141078838,591,274,308,141,0.1950207468879668,75,143,0.0036496350364963,0.0133333333333333,0.0,17.50738249991465,-20.22310858558822,0.0814390369335454,0.0615057628311782,0.0144555510740444,0.1036295487813215,-21.875779295080168,-19.034251279917168,-15.909918972405396,-18.98630551219463,-25.176769390165344,-24.95227440334925,-22.559912461849017,-31.59322456338076,study_recent,,weth_usdc_3000_month_24552692_24558867_w28,weth_usdc,3000,24552692,24558867,28,stress
chainlink,exports/study_recent/retune/s100_g0.5/2026_03/weth_usdc_3000_month_24558867_24566066_w01/chainlink_reference_updates.csv,749,1,0.0013351134846461,749,350,374,25,0.0333778371161548,116,170,0.0171428571428571,0.0517241379310344,0.0,19.603832871482673,-24.97454627215561,-0.0148101438520641,-0.0263366765928441,0.0590937953183304,0.0324471791659777,-27.581011020098337,-27.61292016376942,-30.05896061183603,-33.61267406461213,-22.590421837309464,-23.537638811314647,-28.31029037687448,-23.849376724883506,study_recent,,weth_usdc_3000_month_24558867_24566066_w01,weth_usdc,3000,24558867,24566066,1,stress
chainlink,exports/study_recent/retune/s100_g0.5/2026_03/weth_usdc_3000_month_24630867_24638066_w11/chainlink_reference_updates.csv,442,79,0.1787330316742081,363,164,191,87,0.1968325791855203,24,106,0.0,0.0,0.0,17.123284721939868,-27.055559587569043,0.1772660584823544,0.1810911330469357,0.239344989317699,0.1497466280306362,-26.11794911222777,-24.27483029355197,-19.800455471681055,-19.692418927234247,-41.6324949450848,-40.496213972272905,-40.16833540300995,-34.9339863341875,study_recent,,weth_usdc_3000_month_24630867_24638066_w11,weth_usdc,3000,24630867,24638066,11,stress
chainlink,exports/study_recent/retune/s100_g0.5/2026_03/weth_usdc_3000_month_24702867_24710066_w21/chainlink_reference_updates.csv,230,24,0.1043478260869565,206,62,139,29,0.1260869565217391,13,50,0.0161290322580645,0.0769230769230769,0.02,13.603317976525895,-28.164533083846585,-0.0141975910954394,-0.00981438137855,-0.1293782098940629,-0.0235486464283813,-32.84883166921023,-35.63904745266766,-53.37478799467464,-37.65765487410179,-29.86939728876547,-30.871522748004544,-25.380680142236216,-39.158745712922894,study_recent,,weth_usdc_3000_month_24702867_24710066_w21,weth_usdc,3000,24702867,24710066,21,stress
chainlink,exports/study_recent/retune/s100_g0.5/2026_03/weth_usdc_3000_month_24774867_24781026_w31/chainlink_reference_updates.csv,512,44,0.0859375,468,188,265,59,0.115234375,42,131,0.0053191489361702,0.0238095238095238,0.0,15.190289338715166,-26.198837047574372,0.0081839523417194,0.0061992655274301,-0.000575254604896,0.0913113640246938,-25.799751112319136,-26.90934174929693,-30.80503928226588,-28.0480045650968,-28.003273522894876,-27.39559715506735,-27.26306062001239,-35.647691104680476,study_recent,,weth_usdc_3000_month_24774867_24781026_w31,weth_usdc,3000,24774867,24781026,31,stress
chainlink,exports/study_recent/retune/s100_g0.5/2026_04/weth_usdc_3000_month_24781026_24788225_w01/chainlink_reference_updates.csv,550,4,0.0072727272727272,550,222,306,22,0.04,38,149,0.0,0.0,0.0,16.04622551205626,-19.86097228661114,0.2006615565615697,0.1821124071056265,0.1788992991403901,0.3269500317886814,-12.554643045959724,-13.3862863999512,-14.00121892099739,-8.502174853914578,-25.270029780376554,-25.680388351180618,-24.779882169131504,-32.435478069620636,study_recent,,weth_usdc_3000_month_24781026_24788225_w01,weth_usdc,3000,24781026,24788225,1,stress
chainlink,exports/study_recent/retune/s100_g0.5/2026_04/weth_usdc_3000_month_24853026_24860225_w11/chainlink_reference_updates.csv,284,88,0.3098591549295774,197,83,106,95,0.3345070422535211,27,57,0.0481927710843373,0.1481481481481481,0.0,12.920626544601586,-11.74405317750441,0.105067288047255,0.111539602032777,0.1391104320041689,0.0631284440730344,-10.47955440495549,-10.53170797223008,-10.79586631880598,-11.985714609288294,-29.345018032448984,-29.996301264177163,-33.43197796266267,-28.966668733160127,study_recent,,weth_usdc_3000_month_24853026_24860225_w11,weth_usdc,3000,24853026,24860225,11,stress
chainlink,exports/study_recent/retune/s100_g0.5/2026_04/weth_usdc_3000_month_24917826_24925025_w20/chainlink_reference_updates.csv,557,135,0.2423698384201077,422,162,251,144,0.2585278276481149,55,48,0.0061728395061728,0.0181818181818181,0.0,13.744276410457244,-11.39454064501724,-0.0375409470308274,-0.0664628757586486,-0.0693457522465419,-0.0686382248508114,-13.986460412046124,-17.372140830469966,-16.414798290019537,-14.875070308729828,-11.184917870917072,-10.963279624628738,-10.99157337315183,-3.755473041445475,study_recent,,weth_usdc_3000_month_24917826_24925025_w20,weth_usdc,3000,24917826,24925025,20,stress
chainlink,exports/study_recent/retune/s100_g0.5/2026_04/weth_usdc_3000_month_24989826_24996367_w30/chainlink_reference_updates.csv,435,167,0.3839080459770115,268,82,179,174,0.4,18,65,0.024390243902439,0.1111111111111111,0.0,16.090052842931563,-15.107639550591768,-0.1326989377142305,-0.0218754525720642,0.1637684990133794,0.1690443347159704,-20.286501796968572,-14.24912817186124,-3.3727436465229386,-3.34156228854038,-16.55254763345414,-17.15919925482042,-17.857797643546224,-13.47380968060511,study_recent,,weth_usdc_3000_month_24989826_24996367_w30,weth_usdc,3000,24989826,24996367,30,stress
chainlink,exports/study_recent/retune/s100_g0.5/2026_05/weth_usdc_3000_month_24996367_25003566_w01/chainlink_reference_updates.csv,273,1,0.0036630036630036,273,125,140,8,0.0293040293040293,23,56,0.064,0.3478260869565217,0.0,14.206611839710908,-17.947631143965683,0.1311639433063715,0.0605878075449711,0.0773181222440347,0.1288935040470012,-14.431134160418512,-14.980699364725997,-14.167026470891996,-12.96389643862473,-20.265222477146143,-20.132178826124782,-18.99773027953278,-19.54330862872111,study_recent,,weth_usdc_3000_month_24996367_25003566_w01,weth_usdc,3000,24996367,25003566,1,stress
chainlink,exports/study_recent/retune/s100_g0.5/2026_05/weth_usdc_3000_month_25068367_25075566_w11/chainlink_reference_updates.csv,420,188,0.4476190476190476,232,101,128,191,0.4547619047619047,28,58,0.0198019801980198,0.0714285714285714,0.0,14.123133908005972,-8.69619734698958,0.2481945953301258,0.1995881703123679,0.1783755654915922,-0.0530497671541176,2.1608111051191217,0.5996734150673039,0.4354926784669075,-12.885638230049574,-15.337888846260393,-14.940735293760143,-14.28440393919426,0.3851047930919155,study_recent,,weth_usdc_3000_month_25068367_25075566_w11,weth_usdc,3000,25068367,25075566,11,stress
chainlink,exports/study_recent/retune/s100_g0.5/2026_05/weth_usdc_3000_month_25140367_25147566_w21/chainlink_reference_updates.csv,362,69,0.1906077348066298,294,117,163,82,0.2265193370165746,42,89,0.1196581196581196,0.3333333333333333,0.0,12.943347657350197,-13.91554327143302,0.0995944355278345,0.1583125066504234,0.1930038611860881,0.1252991596828879,-10.991729379497258,-7.856165268543194,-4.83437923408468,-4.966147946421801,-23.071875102010203,-23.071875102010203,-21.650913670080232,-23.309996730448084,study_recent,,weth_usdc_3000_month_25140367_25147566_w21,weth_usdc,3000,25140367,25147566,21,stress
chainlink,exports/study_recent/retune/s100_g0.5/2026_05/weth_usdc_3000_month_25212367_25218797_w31/chainlink_reference_updates.csv,210,25,0.119047619047619,185,70,99,41,0.1952380952380952,27,49,0.0285714285714285,0.074074074074074,0.0,10.647504431968375,-14.16934945654238,0.0606381814620625,0.1309686102334065,0.1911730868722091,0.2729788889001712,-13.217012113199733,-10.479252037446136,-4.080514928956876,-0.7482995241041678,-22.890986144688807,-23.39735793150884,-21.04227932521487,-16.138805535364988,study_recent,,weth_usdc_3000_month_25212367_25218797_w31,weth_usdc,3000,25212367,25218797,31,stress
chainlink,exports/study_recent/retune/s100_g0.5/2026_06/weth_usdc_3000_month_25218797_25225996_w01/chainlink_reference_updates.csv,385,0,0.0,385,163,206,16,0.0415584415584415,49,99,0.0184049079754601,0.0612244897959183,0.0,13.713979633271208,-21.78238275050906,0.0472375754099227,0.0779816793496268,0.08047763522981,-0.0845428916471953,-21.87384649741089,-20.305875049418223,-19.632169600956008,-23.6731706792328,-21.078457408489346,-21.375693432796155,-20.996973685458073,-10.76842934027096,study_recent,,weth_usdc_3000_month_25218797_25225996_w01,weth_usdc,3000,25218797,25225996,1,stress
chainlink,exports/study_recent/retune/s100_g0.5/2026_06/weth_usdc_3000_month_25290797_25297996_w11/chainlink_reference_updates.csv,637,162,0.2543171114599686,476,237,223,177,0.2778649921507064,63,79,0.0042194092827004,0.0158730158730158,0.0,16.47905894192902,-21.320348774964007,-0.0093584941194256,-0.0186961651968423,-0.068814231398747,-0.0257561077488162,-11.854791034453823,-11.5915883991569,-14.945704058455592,0.2097183500152014,-14.694618373348408,-14.090574273315688,-12.18146446799155,-13.597242533791706,study_recent,,weth_usdc_3000_month_25290797_25297996_w11,weth_usdc,3000,25290797,25297996,11,stress
chainlink,exports/study_recent/retune/s100_g0.5/2026_06/weth_usdc_3000_month_25355597_25362796_w20/chainlink_reference_updates.csv,591,73,0.1235194585448392,521,242,256,93,0.1573604060913705,62,104,0.0041322314049586,0.0161290322580645,0.0,12.94552775063773,-10.0877423807284,0.3347585358110334,0.1520097761012519,0.0579452487004495,0.1235049082412191,1.966198540043957,1.5187577255909095,-4.810755430129733,-3.239770556494043,-20.733185941666548,-19.634992760898253,-17.935724905805277,-16.629510438385587,study_recent,,weth_usdc_3000_month_25355597_25362796_w20,weth_usdc,3000,25355597,25362796,20,stress
chainlink,exports/study_recent/retune/s100_g0.5/2026_06/weth_usdc_3000_month_25427597_25433938_w30/chainlink_reference_updates.csv,589,116,0.1969439728353141,473,188,270,131,0.2224108658743633,72,66,0.0319148936170212,0.0833333333333333,0.0,12.641213985133628,-11.34238835266166,-0.067401682207962,-0.0641567421637091,-0.0863952202057077,-0.0241543584568197,-11.18371134177637,-10.120762958668603,-10.08242258532023,-7.476383511799733,-6.421290746279199,-5.7334488640013825,-1.071151522432773,-2.909519774570944,study_recent,,weth_usdc_3000_month_25427597_25433938_w30,weth_usdc,3000,25427597,25433938,30,stress
chainlink,exports/study_recent/retune/s100_g2/2026_01/weth_usdc_3000_month_24136052_24143251_w01/chainlink_reference_updates.csv,292,2,0.0068493150684931,292,89,140,63,0.2157534246575342,24,60,0.0337078651685393,0.125,0.0,10.677483532547766,-4.404615514818632,0.2737974798375319,0.3599864467101078,0.3783024703765619,0.1421143146722091,1.0957960006509566,2.898749254963301,4.5983937697262585,3.2367751263096856,-9.30609658707843,-9.152442089187758,-8.710425806499524,-7.459251450107789,study_recent,,weth_usdc_3000_month_24136052_24143251_w01,weth_usdc,3000,24136052,24143251,1,stress
chainlink,exports/study_recent/retune/s100_g2/2026_01/weth_usdc_3000_month_24208052_24215251_w11/chainlink_reference_updates.csv,473,43,0.0909090909090909,430,136,278,59,0.1247357293868921,15,129,0.0367647058823529,0.3333333333333333,0.0,19.189537272496526,-26.67930335548654,0.3372112041098104,0.4044130884699526,0.437252110692667,0.4714739353854937,-4.323843779175982,3.183865172003323,8.323975899735832,11.91118894715459,-37.224676027105275,-37.224676027105275,-35.60959185285724,-32.88489893779175,study_recent,,weth_usdc_3000_month_24208052_24215251_w11,weth_usdc,3000,24208052,24215251,11,stress
chainlink,exports/study_recent/retune/s100_g2/2026_01/weth_usdc_3000_month_24280052_24287251_w21/chainlink_reference_updates.csv,835,111,0.1329341317365269,724,325,370,140,0.1676646706586826,80,209,0.003076923076923,0.0125,0.0,15.63562119892532,-29.639452606843214,0.1760961976137471,0.1093750718500855,-0.1322165342592215,-0.0808849784216414,-25.950467430279595,-27.396470661436823,-39.246874839656655,-58.33284079100289,-39.097180311275615,-38.58877181318799,-37.52945552701771,-62.92362019444946,study_recent,,weth_usdc_3000_month_24280052_24287251_w21,weth_usdc,3000,24280052,24287251,21,stress
chainlink,exports/study_recent/retune/s100_g2/2026_01/weth_usdc_3000_month_24352052_24358292_w31/chainlink_reference_updates.csv,1128,21,0.0186170212765957,1108,422,660,46,0.0407801418439716,154,217,0.0165876777251184,0.0454545454545454,0.032258064516129,73.48151154412223,-42.41484872193219,0.7989430650805217,0.7728998389284065,0.6897855818007302,0.4101107893449434,5.422598598735531,2.508042061835545,-0.0272412638131301,-48.79766160928345,-76.20644900251183,-76.0507082258201,-78.19757353014461,-59.535876116897725,study_recent,,weth_usdc_3000_month_24352052_24358292_w31,weth_usdc,3000,24352052,24358292,31,stress
chainlink,exports/study_recent/retune/s100_g2/2026_02/weth_usdc_3000_month_24358292_24365491_w01/chainlink_reference_updates.csv,1224,0,0.0,1224,599,591,34,0.0277777777777777,147,194,0.015025041736227,0.0612244897959183,0.0206185567010309,25.13272310618104,-27.8191231917389,0.4023795754893692,0.29201705706892,0.2388168309850091,0.1653008765105717,-23.054682353969906,-24.70056230599121,-27.40093036443784,-12.666980999935848,-32.48871818970378,-31.652869350777273,-29.356422535292175,-22.638019506434617,study_recent,,weth_usdc_3000_month_24358292_24365491_w01,weth_usdc,3000,24358292,24365491,1,stress
chainlink,exports/study_recent/retune/s100_g2/2026_02/weth_usdc_3000_month_24423092_24430291_w10/chainlink_reference_updates.csv,632,203,0.3212025316455696,432,198,223,211,0.3338607594936709,63,96,0.0,0.0,0.0,15.487076120314534,-11.40023869404434,-0.0846106671320796,-0.1068404643812266,-0.107958137717118,-0.0158428220527015,-15.835876543669375,-11.982467614381807,-12.140679846945982,-9.357266506103572,-15.179061156488636,-14.42046748850176,-14.21650874523867,-19.1774933542604,study_recent,,weth_usdc_3000_month_24423092_24430291_w10,weth_usdc,3000,24423092,24430291,10,stress
chainlink,exports/study_recent/retune/s100_g2/2026_02/weth_usdc_3000_month_24487892_24495091_w19/chainlink_reference_updates.csv,590,87,0.147457627118644,503,252,236,102,0.1728813559322033,43,109,0.0,0.0,0.0,14.82223503107821,-16.83919624930646,0.2744685708110197,0.2764106073237412,0.2945928740837134,0.1838030952085264,-4.06710771106877,-1.7394530398869912,2.8187805924343388,11.631611385065634,-23.76893144536607,-23.512932409465225,-21.382321508843948,-5.602017676084715,study_recent,,weth_usdc_3000_month_24487892_24495091_w19,weth_usdc,3000,24487892,24495091,19,stress
chainlink,exports/study_recent/retune/s100_g2/2026_02/weth_usdc_3000_month_24552692_24558867_w28/chainlink_reference_updates.csv,723,132,0.1825726141078838,591,274,308,141,0.1950207468879668,75,143,0.0036496350364963,0.0133333333333333,0.0,17.50738249991465,-20.22310858558822,0.0814390369335454,0.0615057628311782,0.0144555510740444,0.1036295487813215,-21.875779295080168,-19.034251279917168,-15.909918972405396,-18.98630551219463,-25.176769390165344,-24.95227440334925,-22.559912461849017,-31.59322456338076,study_recent,,weth_usdc_3000_month_24552692_24558867_w28,weth_usdc,3000,24552692,24558867,28,stress
chainlink,exports/study_recent/retune/s100_g2/2026_03/weth_usdc_3000_month_24558867_24566066_w01/chainlink_reference_updates.csv,749,1,0.0013351134846461,749,350,374,25,0.0333778371161548,116,170,0.0171428571428571,0.0517241379310344,0.0,19.603832871482673,-24.97454627215561,-0.0148101438520641,-0.0263366765928441,0.0590937953183304,0.0324471791659777,-27.581011020098337,-27.61292016376942,-30.05896061183603,-33.61267406461213,-22.590421837309464,-23.537638811314647,-28.31029037687448,-23.849376724883506,study_recent,,weth_usdc_3000_month_24558867_24566066_w01,weth_usdc,3000,24558867,24566066,1,stress
chainlink,exports/study_recent/retune/s100_g2/2026_03/weth_usdc_3000_month_24630867_24638066_w11/chainlink_reference_updates.csv,442,79,0.1787330316742081,363,164,191,87,0.1968325791855203,24,106,0.0,0.0,0.0,17.123284721939868,-27.055559587569043,0.1772660584823544,0.1810911330469357,0.239344989317699,0.1497466280306362,-26.11794911222777,-24.27483029355197,-19.800455471681055,-19.692418927234247,-41.6324949450848,-40.496213972272905,-40.16833540300995,-34.9339863341875,study_recent,,weth_usdc_3000_month_24630867_24638066_w11,weth_usdc,3000,24630867,24638066,11,stress
chainlink,exports/study_recent/retune/s100_g2/2026_03/weth_usdc_3000_month_24702867_24710066_w21/chainlink_reference_updates.csv,230,24,0.1043478260869565,206,62,139,29,0.1260869565217391,13,50,0.0161290322580645,0.0769230769230769,0.02,13.603317976525895,-28.164533083846585,-0.0141975910954394,-0.00981438137855,-0.1293782098940629,-0.0235486464283813,-32.84883166921023,-35.63904745266766,-53.37478799467464,-37.65765487410179,-29.86939728876547,-30.871522748004544,-25.380680142236216,-39.158745712922894,study_recent,,weth_usdc_3000_month_24702867_24710066_w21,weth_usdc,3000,24702867,24710066,21,stress
chainlink,exports/study_recent/retune/s100_g2/2026_03/weth_usdc_3000_month_24774867_24781026_w31/chainlink_reference_updates.csv,512,44,0.0859375,468,188,265,59,0.115234375,42,131,0.0053191489361702,0.0238095238095238,0.0,15.190289338715166,-26.198837047574372,0.0081839523417194,0.0061992655274301,-0.000575254604896,0.0913113640246938,-25.799751112319136,-26.90934174929693,-30.80503928226588,-28.0480045650968,-28.003273522894876,-27.39559715506735,-27.26306062001239,-35.647691104680476,study_recent,,weth_usdc_3000_month_24774867_24781026_w31,weth_usdc,3000,24774867,24781026,31,stress
chainlink,exports/study_recent/retune/s100_g2/2026_04/weth_usdc_3000_month_24781026_24788225_w01/chainlink_reference_updates.csv,550,4,0.0072727272727272,550,222,306,22,0.04,38,149,0.0,0.0,0.0,16.04622551205626,-19.86097228661114,0.2006615565615697,0.1821124071056265,0.1788992991403901,0.3269500317886814,-12.554643045959724,-13.3862863999512,-14.00121892099739,-8.502174853914578,-25.270029780376554,-25.680388351180618,-24.779882169131504,-32.435478069620636,study_recent,,weth_usdc_3000_month_24781026_24788225_w01,weth_usdc,3000,24781026,24788225,1,stress
chainlink,exports/study_recent/retune/s100_g2/2026_04/weth_usdc_3000_month_24853026_24860225_w11/chainlink_reference_updates.csv,284,88,0.3098591549295774,197,83,106,95,0.3345070422535211,27,57,0.0481927710843373,0.1481481481481481,0.0,12.920626544601586,-11.74405317750441,0.105067288047255,0.111539602032777,0.1391104320041689,0.0631284440730344,-10.47955440495549,-10.53170797223008,-10.79586631880598,-11.985714609288294,-29.345018032448984,-29.996301264177163,-33.43197796266267,-28.966668733160127,study_recent,,weth_usdc_3000_month_24853026_24860225_w11,weth_usdc,3000,24853026,24860225,11,stress
chainlink,exports/study_recent/retune/s100_g2/2026_04/weth_usdc_3000_month_24917826_24925025_w20/chainlink_reference_updates.csv,557,135,0.2423698384201077,422,162,251,144,0.2585278276481149,55,48,0.0061728395061728,0.0181818181818181,0.0,13.744276410457244,-11.39454064501724,-0.0375409470308274,-0.0664628757586486,-0.0693457522465419,-0.0686382248508114,-13.986460412046124,-17.372140830469966,-16.414798290019537,-14.875070308729828,-11.184917870917072,-10.963279624628738,-10.99157337315183,-3.755473041445475,study_recent,,weth_usdc_3000_month_24917826_24925025_w20,weth_usdc,3000,24917826,24925025,20,stress
chainlink,exports/study_recent/retune/s100_g2/2026_04/weth_usdc_3000_month_24989826_24996367_w30/chainlink_reference_updates.csv,435,167,0.3839080459770115,268,82,179,174,0.4,18,65,0.024390243902439,0.1111111111111111,0.0,16.090052842931563,-15.107639550591768,-0.1326989377142305,-0.0218754525720642,0.1637684990133794,0.1690443347159704,-20.286501796968572,-14.24912817186124,-3.3727436465229386,-3.34156228854038,-16.55254763345414,-17.15919925482042,-17.857797643546224,-13.47380968060511,study_recent,,weth_usdc_3000_month_24989826_24996367_w30,weth_usdc,3000,24989826,24996367,30,stress
chainlink,exports/study_recent/retune/s100_g2/2026_05/weth_usdc_3000_month_24996367_25003566_w01/chainlink_reference_updates.csv,273,1,0.0036630036630036,273,125,140,8,0.0293040293040293,23,56,0.064,0.3478260869565217,0.0,14.206611839710908,-17.947631143965683,0.1311639433063715,0.0605878075449711,0.0773181222440347,0.1288935040470012,-14.431134160418512,-14.980699364725997,-14.167026470891996,-12.96389643862473,-20.265222477146143,-20.132178826124782,-18.99773027953278,-19.54330862872111,study_recent,,weth_usdc_3000_month_24996367_25003566_w01,weth_usdc,3000,24996367,25003566,1,stress
chainlink,exports/study_recent/retune/s100_g2/2026_05/weth_usdc_3000_month_25068367_25075566_w11/chainlink_reference_updates.csv,420,188,0.4476190476190476,232,101,128,191,0.4547619047619047,28,58,0.0198019801980198,0.0714285714285714,0.0,14.123133908005972,-8.69619734698958,0.2481945953301258,0.1995881703123679,0.1783755654915922,-0.0530497671541176,2.1608111051191217,0.5996734150673039,0.4354926784669075,-12.885638230049574,-15.337888846260393,-14.940735293760143,-14.28440393919426,0.3851047930919155,study_recent,,weth_usdc_3000_month_25068367_25075566_w11,weth_usdc,3000,25068367,25075566,11,stress
chainlink,exports/study_recent/retune/s100_g2/2026_05/weth_usdc_3000_month_25140367_25147566_w21/chainlink_reference_updates.csv,362,69,0.1906077348066298,294,117,163,82,0.2265193370165746,42,89,0.1196581196581196,0.3333333333333333,0.0,12.943347657350197,-13.91554327143302,0.0995944355278345,0.1583125066504234,0.1930038611860881,0.1252991596828879,-10.991729379497258,-7.856165268543194,-4.83437923408468,-4.966147946421801,-23.071875102010203,-23.071875102010203,-21.650913670080232,-23.309996730448084,study_recent,,weth_usdc_3000_month_25140367_25147566_w21,weth_usdc,3000,25140367,25147566,21,stress
chainlink,exports/study_recent/retune/s100_g2/2026_05/weth_usdc_3000_month_25212367_25218797_w31/chainlink_reference_updates.csv,210,25,0.119047619047619,185,70,99,41,0.1952380952380952,27,49,0.0285714285714285,0.074074074074074,0.0,10.647504431968375,-14.16934945654238,0.0606381814620625,0.1309686102334065,0.1911730868722091,0.2729788889001712,-13.217012113199733,-10.479252037446136,-4.080514928956876,-0.7482995241041678,-22.890986144688807,-23.39735793150884,-21.04227932521487,-16.138805535364988,study_recent,,weth_usdc_3000_month_25212367_25218797_w31,weth_usdc,3000,25212367,25218797,31,stress
chainlink,exports/study_recent/retune/s100_g2/2026_06/weth_usdc_3000_month_25218797_25225996_w01/chainlink_reference_updates.csv,385,0,0.0,385,163,206,16,0.0415584415584415,49,99,0.0184049079754601,0.0612244897959183,0.0,13.713979633271208,-21.78238275050906,0.0472375754099227,0.0779816793496268,0.08047763522981,-0.0845428916471953,-21.87384649741089,-20.305875049418223,-19.632169600956008,-23.6731706792328,-21.078457408489346,-21.375693432796155,-20.996973685458073,-10.76842934027096,study_recent,,weth_usdc_3000_month_25218797_25225996_w01,weth_usdc,3000,25218797,25225996,1,stress
chainlink,exports/study_recent/retune/s100_g2/2026_06/weth_usdc_3000_month_25290797_25297996_w11/chainlink_reference_updates.csv,637,162,0.2543171114599686,476,237,223,177,0.2778649921507064,63,79,0.0042194092827004,0.0158730158730158,0.0,16.47905894192902,-21.320348774964007,-0.0093584941194256,-0.0186961651968423,-0.068814231398747,-0.0257561077488162,-11.854791034453823,-11.5915883991569,-14.945704058455592,0.2097183500152014,-14.694618373348408,-14.090574273315688,-12.18146446799155,-13.597242533791706,study_recent,,weth_usdc_3000_month_25290797_25297996_w11,weth_usdc,3000,25290797,25297996,11,stress
chainlink,exports/study_recent/retune/s100_g2/2026_06/weth_usdc_3000_month_25355597_25362796_w20/chainlink_reference_updates.csv,591,73,0.1235194585448392,521,242,256,93,0.1573604060913705,62,104,0.0041322314049586,0.0161290322580645,0.0,12.94552775063773,-10.0877423807284,0.3347585358110334,0.1520097761012519,0.0579452487004495,0.1235049082412191,1.966198540043957,1.5187577255909095,-4.810755430129733,-3.239770556494043,-20.733185941666548,-19.634992760898253,-17.935724905805277,-16.629510438385587,study_recent,,weth_usdc_3000_month_25355597_25362796_w20,weth_usdc,3000,25355597,25362796,20,stress
chainlink,exports/study_recent/retune/s100_g2/2026_06/weth_usdc_3000_month_25427597_25433938_w30/chainlink_reference_updates.csv,589,116,0.1969439728353141,473,188,270,131,0.2224108658743633,72,66,0.0319148936170212,0.0833333333333333,0.0,12.641213985133628,-11.34238835266166,-0.067401682207962,-0.0641567421637091,-0.0863952202057077,-0.0241543584568197,-11.18371134177637,-10.120762958668603,-10.08242258532023,-7.476383511799733,-6.421290746279199,-5.7334488640013825,-1.071151522432773,-2.909519774570944,study_recent,,weth_usdc_3000_month_25427597_25433938_w30,weth_usdc,3000,25427597,25433938,30,stress
chainlink,exports/study_recent/retune/s100_g5/2026_01/weth_usdc_3000_month_24136052_24143251_w01/chainlink_reference_updates.csv,292,2,0.0068493150684931,292,89,140,63,0.2157534246575342,24,60,0.0337078651685393,0.125,0.0,10.677483532547766,-4.404615514818632,0.2737974798375319,0.3599864467101078,0.3783024703765619,0.1421143146722091,1.0957960006509566,2.898749254963301,4.5983937697262585,3.2367751263096856,-9.30609658707843,-9.152442089187758,-8.710425806499524,-7.459251450107789,study_recent,,weth_usdc_3000_month_24136052_24143251_w01,weth_usdc,3000,24136052,24143251,1,stress
chainlink,exports/study_recent/retune/s100_g5/2026_01/weth_usdc_3000_month_24208052_24215251_w11/chainlink_reference_updates.csv,473,43,0.0909090909090909,430,136,278,59,0.1247357293868921,15,129,0.0367647058823529,0.3333333333333333,0.0,19.189537272496526,-26.67930335548654,0.3372112041098104,0.4044130884699526,0.437252110692667,0.4714739353854937,-4.323843779175982,3.183865172003323,8.323975899735832,11.91118894715459,-37.224676027105275,-37.224676027105275,-35.60959185285724,-32.88489893779175,study_recent,,weth_usdc_3000_month_24208052_24215251_w11,weth_usdc,3000,24208052,24215251,11,stress
chainlink,exports/study_recent/retune/s100_g5/2026_01/weth_usdc_3000_month_24280052_24287251_w21/chainlink_reference_updates.csv,835,111,0.1329341317365269,724,325,370,140,0.1676646706586826,80,209,0.003076923076923,0.0125,0.0,15.63562119892532,-29.639452606843214,0.1760961976137471,0.1093750718500855,-0.1322165342592215,-0.0808849784216414,-25.950467430279595,-27.396470661436823,-39.246874839656655,-58.33284079100289,-39.097180311275615,-38.58877181318799,-37.52945552701771,-62.92362019444946,study_recent,,weth_usdc_3000_month_24280052_24287251_w21,weth_usdc,3000,24280052,24287251,21,stress
chainlink,exports/study_recent/retune/s100_g5/2026_01/weth_usdc_3000_month_24352052_24358292_w31/chainlink_reference_updates.csv,1128,21,0.0186170212765957,1108,422,660,46,0.0407801418439716,154,217,0.0165876777251184,0.0454545454545454,0.032258064516129,73.48151154412223,-42.41484872193219,0.7989430650805217,0.7728998389284065,0.6897855818007302,0.4101107893449434,5.422598598735531,2.508042061835545,-0.0272412638131301,-48.79766160928345,-76.20644900251183,-76.0507082258201,-78.19757353014461,-59.535876116897725,study_recent,,weth_usdc_3000_month_24352052_24358292_w31,weth_usdc,3000,24352052,24358292,31,stress
chainlink,exports/study_recent/retune/s100_g5/2026_02/weth_usdc_3000_month_24358292_24365491_w01/chainlink_reference_updates.csv,1224,0,0.0,1224,599,591,34,0.0277777777777777,147,194,0.015025041736227,0.0612244897959183,0.0206185567010309,25.13272310618104,-27.8191231917389,0.4023795754893692,0.29201705706892,0.2388168309850091,0.1653008765105717,-23.054682353969906,-24.70056230599121,-27.40093036443784,-12.666980999935848,-32.48871818970378,-31.652869350777273,-29.356422535292175,-22.638019506434617,study_recent,,weth_usdc_3000_month_24358292_24365491_w01,weth_usdc,3000,24358292,24365491,1,stress
chainlink,exports/study_recent/retune/s100_g5/2026_02/weth_usdc_3000_month_24423092_24430291_w10/chainlink_reference_updates.csv,632,203,0.3212025316455696,432,198,223,211,0.3338607594936709,63,96,0.0,0.0,0.0,15.487076120314534,-11.40023869404434,-0.0846106671320796,-0.1068404643812266,-0.107958137717118,-0.0158428220527015,-15.835876543669375,-11.982467614381807,-12.140679846945982,-9.357266506103572,-15.179061156488636,-14.42046748850176,-14.21650874523867,-19.1774933542604,study_recent,,weth_usdc_3000_month_24423092_24430291_w10,weth_usdc,3000,24423092,24430291,10,stress
chainlink,exports/study_recent/retune/s100_g5/2026_02/weth_usdc_3000_month_24487892_24495091_w19/chainlink_reference_updates.csv,590,87,0.147457627118644,503,252,236,102,0.1728813559322033,43,109,0.0,0.0,0.0,14.82223503107821,-16.83919624930646,0.2744685708110197,0.2764106073237412,0.2945928740837134,0.1838030952085264,-4.06710771106877,-1.7394530398869912,2.8187805924343388,11.631611385065634,-23.76893144536607,-23.512932409465225,-21.382321508843948,-5.602017676084715,study_recent,,weth_usdc_3000_month_24487892_24495091_w19,weth_usdc,3000,24487892,24495091,19,stress
chainlink,exports/study_recent/retune/s100_g5/2026_02/weth_usdc_3000_month_24552692_24558867_w28/chainlink_reference_updates.csv,723,132,0.1825726141078838,591,274,308,141,0.1950207468879668,75,143,0.0036496350364963,0.0133333333333333,0.0,17.50738249991465,-20.22310858558822,0.0814390369335454,0.0615057628311782,0.0144555510740444,0.1036295487813215,-21.875779295080168,-19.034251279917168,-15.909918972405396,-18.98630551219463,-25.176769390165344,-24.95227440334925,-22.559912461849017,-31.59322456338076,study_recent,,weth_usdc_3000_month_24552692_24558867_w28,weth_usdc,3000,24552692,24558867,28,stress
chainlink,exports/study_recent/retune/s100_g5/2026_03/weth_usdc_3000_month_24558867_24566066_w01/chainlink_reference_updates.csv,749,1,0.0013351134846461,749,350,374,25,0.0333778371161548,116,170,0.0171428571428571,0.0517241379310344,0.0,19.603832871482673,-24.97454627215561,-0.0148101438520641,-0.0263366765928441,0.0590937953183304,0.0324471791659777,-27.581011020098337,-27.61292016376942,-30.05896061183603,-33.61267406461213,-22.590421837309464,-23.537638811314647,-28.31029037687448,-23.849376724883506,study_recent,,weth_usdc_3000_month_24558867_24566066_w01,weth_usdc,3000,24558867,24566066,1,stress
chainlink,exports/study_recent/retune/s100_g5/2026_03/weth_usdc_3000_month_24630867_24638066_w11/chainlink_reference_updates.csv,442,79,0.1787330316742081,363,164,191,87,0.1968325791855203,24,106,0.0,0.0,0.0,17.123284721939868,-27.055559587569043,0.1772660584823544,0.1810911330469357,0.239344989317699,0.1497466280306362,-26.11794911222777,-24.27483029355197,-19.800455471681055,-19.692418927234247,-41.6324949450848,-40.496213972272905,-40.16833540300995,-34.9339863341875,study_recent,,weth_usdc_3000_month_24630867_24638066_w11,weth_usdc,3000,24630867,24638066,11,stress
chainlink,exports/study_recent/retune/s100_g5/2026_03/weth_usdc_3000_month_24702867_24710066_w21/chainlink_reference_updates.csv,230,24,0.1043478260869565,206,62,139,29,0.1260869565217391,13,50,0.0161290322580645,0.0769230769230769,0.02,13.603317976525895,-28.164533083846585,-0.0141975910954394,-0.00981438137855,-0.1293782098940629,-0.0235486464283813,-32.84883166921023,-35.63904745266766,-53.37478799467464,-37.65765487410179,-29.86939728876547,-30.871522748004544,-25.380680142236216,-39.158745712922894,study_recent,,weth_usdc_3000_month_24702867_24710066_w21,weth_usdc,3000,24702867,24710066,21,stress
chainlink,exports/study_recent/retune/s100_g5/2026_03/weth_usdc_3000_month_24774867_24781026_w31/chainlink_reference_updates.csv,512,44,0.0859375,468,188,265,59,0.115234375,42,131,0.0053191489361702,0.0238095238095238,0.0,15.190289338715166,-26.198837047574372,0.0081839523417194,0.0061992655274301,-0.000575254604896,0.0913113640246938,-25.799751112319136,-26.90934174929693,-30.80503928226588,-28.0480045650968,-28.003273522894876,-27.39559715506735,-27.26306062001239,-35.647691104680476,study_recent,,weth_usdc_3000_month_24774867_24781026_w31,weth_usdc,3000,24774867,24781026,31,stress
chainlink,exports/study_recent/retune/s100_g5/2026_04/weth_usdc_3000_month_24781026_24788225_w01/chainlink_reference_updates.csv,550,4,0.0072727272727272,550,222,306,22,0.04,38,149,0.0,0.0,0.0,16.04622551205626,-19.86097228661114,0.2006615565615697,0.1821124071056265,0.1788992991403901,0.3269500317886814,-12.554643045959724,-13.3862863999512,-14.00121892099739,-8.502174853914578,-25.270029780376554,-25.680388351180618,-24.779882169131504,-32.435478069620636,study_recent,,weth_usdc_3000_month_24781026_24788225_w01,weth_usdc,3000,24781026,24788225,1,stress
chainlink,exports/study_recent/retune/s100_g5/2026_04/weth_usdc_3000_month_24853026_24860225_w11/chainlink_reference_updates.csv,284,88,0.3098591549295774,197,83,106,95,0.3345070422535211,27,57,0.0481927710843373,0.1481481481481481,0.0,12.920626544601586,-11.74405317750441,0.105067288047255,0.111539602032777,0.1391104320041689,0.0631284440730344,-10.47955440495549,-10.53170797223008,-10.79586631880598,-11.985714609288294,-29.345018032448984,-29.996301264177163,-33.43197796266267,-28.966668733160127,study_recent,,weth_usdc_3000_month_24853026_24860225_w11,weth_usdc,3000,24853026,24860225,11,stress
chainlink,exports/study_recent/retune/s100_g5/2026_04/weth_usdc_3000_month_24917826_24925025_w20/chainlink_reference_updates.csv,557,135,0.2423698384201077,422,162,251,144,0.2585278276481149,55,48,0.0061728395061728,0.0181818181818181,0.0,13.744276410457244,-11.39454064501724,-0.0375409470308274,-0.0664628757586486,-0.0693457522465419,-0.0686382248508114,-13.986460412046124,-17.372140830469966,-16.414798290019537,-14.875070308729828,-11.184917870917072,-10.963279624628738,-10.99157337315183,-3.755473041445475,study_recent,,weth_usdc_3000_month_24917826_24925025_w20,weth_usdc,3000,24917826,24925025,20,stress
chainlink,exports/study_recent/retune/s100_g5/2026_04/weth_usdc_3000_month_24989826_24996367_w30/chainlink_reference_updates.csv,435,167,0.3839080459770115,268,82,179,174,0.4,18,65,0.024390243902439,0.1111111111111111,0.0,16.090052842931563,-15.107639550591768,-0.1326989377142305,-0.0218754525720642,0.1637684990133794,0.1690443347159704,-20.286501796968572,-14.24912817186124,-3.3727436465229386,-3.34156228854038,-16.55254763345414,-17.15919925482042,-17.857797643546224,-13.47380968060511,study_recent,,weth_usdc_3000_month_24989826_24996367_w30,weth_usdc,3000,24989826,24996367,30,stress
chainlink,exports/study_recent/retune/s100_g5/2026_05/weth_usdc_3000_month_24996367_25003566_w01/chainlink_reference_updates.csv,273,1,0.0036630036630036,273,125,140,8,0.0293040293040293,23,56,0.064,0.3478260869565217,0.0,14.206611839710908,-17.947631143965683,0.1311639433063715,0.0605878075449711,0.0773181222440347,0.1288935040470012,-14.431134160418512,-14.980699364725997,-14.167026470891996,-12.96389643862473,-20.265222477146143,-20.132178826124782,-18.99773027953278,-19.54330862872111,study_recent,,weth_usdc_3000_month_24996367_25003566_w01,weth_usdc,3000,24996367,25003566,1,stress
chainlink,exports/study_recent/retune/s100_g5/2026_05/weth_usdc_3000_month_25068367_25075566_w11/chainlink_reference_updates.csv,420,188,0.4476190476190476,232,101,128,191,0.4547619047619047,28,58,0.0198019801980198,0.0714285714285714,0.0,14.123133908005972,-8.69619734698958,0.2481945953301258,0.1995881703123679,0.1783755654915922,-0.0530497671541176,2.1608111051191217,0.5996734150673039,0.4354926784669075,-12.885638230049574,-15.337888846260393,-14.940735293760143,-14.28440393919426,0.3851047930919155,study_recent,,weth_usdc_3000_month_25068367_25075566_w11,weth_usdc,3000,25068367,25075566,11,stress
chainlink,exports/study_recent/retune/s100_g5/2026_05/weth_usdc_3000_month_25140367_25147566_w21/chainlink_reference_updates.csv,362,69,0.1906077348066298,294,117,163,82,0.2265193370165746,42,89,0.1196581196581196,0.3333333333333333,0.0,12.943347657350197,-13.91554327143302,0.0995944355278345,0.1583125066504234,0.1930038611860881,0.1252991596828879,-10.991729379497258,-7.856165268543194,-4.83437923408468,-4.966147946421801,-23.071875102010203,-23.071875102010203,-21.650913670080232,-23.309996730448084,study_recent,,weth_usdc_3000_month_25140367_25147566_w21,weth_usdc,3000,25140367,25147566,21,stress
chainlink,exports/study_recent/retune/s100_g5/2026_05/weth_usdc_3000_month_25212367_25218797_w31/chainlink_reference_updates.csv,210,25,0.119047619047619,185,70,99,41,0.1952380952380952,27,49,0.0285714285714285,0.074074074074074,0.0,10.647504431968375,-14.16934945654238,0.0606381814620625,0.1309686102334065,0.1911730868722091,0.2729788889001712,-13.217012113199733,-10.479252037446136,-4.080514928956876,-0.7482995241041678,-22.890986144688807,-23.39735793150884,-21.04227932521487,-16.138805535364988,study_recent,,weth_usdc_3000_month_25212367_25218797_w31,weth_usdc,3000,25212367,25218797,31,stress
chainlink,exports/study_recent/retune/s100_g5/2026_06/weth_usdc_3000_month_25218797_25225996_w01/chainlink_reference_updates.csv,385,0,0.0,385,163,206,16,0.0415584415584415,49,99,0.0184049079754601,0.0612244897959183,0.0,13.713979633271208,-21.78238275050906,0.0472375754099227,0.0779816793496268,0.08047763522981,-0.0845428916471953,-21.87384649741089,-20.305875049418223,-19.632169600956008,-23.6731706792328,-21.078457408489346,-21.375693432796155,-20.996973685458073,-10.76842934027096,study_recent,,weth_usdc_3000_month_25218797_25225996_w01,weth_usdc,3000,25218797,25225996,1,stress
chainlink,exports/study_recent/retune/s100_g5/2026_06/weth_usdc_3000_month_25290797_25297996_w11/chainlink_reference_updates.csv,637,162,0.2543171114599686,476,237,223,177,0.2778649921507064,63,79,0.0042194092827004,0.0158730158730158,0.0,16.47905894192902,-21.320348774964007,-0.0093584941194256,-0.0186961651968423,-0.068814231398747,-0.0257561077488162,-11.854791034453823,-11.5915883991569,-14.945704058455592,0.2097183500152014,-14.694618373348408,-14.090574273315688,-12.18146446799155,-13.597242533791706,study_recent,,weth_usdc_3000_month_25290797_25297996_w11,weth_usdc,3000,25290797,25297996,11,stress
chainlink,exports/study_recent/retune/s100_g5/2026_06/weth_usdc_3000_month_25355597_25362796_w20/chainlink_reference_updates.csv,591,73,0.1235194585448392,521,242,256,93,0.1573604060913705,62,104,0.0041322314049586,0.0161290322580645,0.0,12.94552775063773,-10.0877423807284,0.3347585358110334,0.1520097761012519,0.0579452487004495,0.1235049082412191,1.966198540043957,1.5187577255909095,-4.810755430129733,-3.239770556494043,-20.733185941666548,-19.634992760898253,-17.935724905805277,-16.629510438385587,study_recent,,weth_usdc_3000_month_25355597_25362796_w20,weth_usdc,3000,25355597,25362796,20,stress
chainlink,exports/study_recent/retune/s100_g5/2026_06/weth_usdc_3000_month_25427597_25433938_w30/chainlink_reference_updates.csv,589,116,0.1969439728353141,473,188,270,131,0.2224108658743633,72,66,0.0319148936170212,0.0833333333333333,0.0,12.641213985133628,-11.34238835266166,-0.067401682207962,-0.0641567421637091,-0.0863952202057077,-0.0241543584568197,-11.18371134177637,-10.120762958668603,-10.08242258532023,-7.476383511799733,-6.421290746279199,-5.7334488640013825,-1.071151522432773,-2.909519774570944,study_recent,,weth_usdc_3000_month_25427597_25433938_w30,weth_usdc,3000,25427597,25433938,30,stress
chainlink,exports/study_recent/retune/s200_g0.5/2026_01/weth_usdc_3000_month_24136052_24143251_w01/chainlink_reference_updates.csv,292,2,0.0068493150684931,292,89,140,63,0.2157534246575342,24,60,0.0337078651685393,0.125,0.0,10.677483532547766,-4.404615514818632,0.2737974798375319,0.3599864467101078,0.3783024703765619,0.1421143146722091,1.0957960006509566,2.898749254963301,4.5983937697262585,3.2367751263096856,-9.30609658707843,-9.152442089187758,-8.710425806499524,-7.459251450107789,study_recent,,weth_usdc_3000_month_24136052_24143251_w01,weth_usdc,3000,24136052,24143251,1,stress
chainlink,exports/study_recent/retune/s200_g0.5/2026_01/weth_usdc_3000_month_24208052_24215251_w11/chainlink_reference_updates.csv,473,43,0.0909090909090909,430,136,278,59,0.1247357293868921,15,129,0.0367647058823529,0.3333333333333333,0.0,19.189537272496526,-26.67930335548654,0.3372112041098104,0.4044130884699526,0.437252110692667,0.4714739353854937,-4.323843779175982,3.183865172003323,8.323975899735832,11.91118894715459,-37.224676027105275,-37.224676027105275,-35.60959185285724,-32.88489893779175,study_recent,,weth_usdc_3000_month_24208052_24215251_w11,weth_usdc,3000,24208052,24215251,11,stress
chainlink,exports/study_recent/retune/s200_g0.5/2026_01/weth_usdc_3000_month_24280052_24287251_w21/chainlink_reference_updates.csv,835,111,0.1329341317365269,724,325,370,140,0.1676646706586826,80,209,0.003076923076923,0.0125,0.0,15.63562119892532,-29.639452606843214,0.1760961976137471,0.1093750718500855,-0.1322165342592215,-0.0808849784216414,-25.950467430279595,-27.396470661436823,-39.246874839656655,-58.33284079100289,-39.097180311275615,-38.58877181318799,-37.52945552701771,-62.92362019444946,study_recent,,weth_usdc_3000_month_24280052_24287251_w21,weth_usdc,3000,24280052,24287251,21,stress
chainlink,exports/study_recent/retune/s200_g0.5/2026_01/weth_usdc_3000_month_24352052_24358292_w31/chainlink_reference_updates.csv,1128,21,0.0186170212765957,1108,422,660,46,0.0407801418439716,154,217,0.0165876777251184,0.0454545454545454,0.032258064516129,73.48151154412223,-42.41484872193219,0.7989430650805217,0.7728998389284065,0.6897855818007302,0.4101107893449434,5.422598598735531,2.508042061835545,-0.0272412638131301,-48.79766160928345,-76.20644900251183,-76.0507082258201,-78.19757353014461,-59.535876116897725,study_recent,,weth_usdc_3000_month_24352052_24358292_w31,weth_usdc,3000,24352052,24358292,31,stress
chainlink,exports/study_recent/retune/s200_g0.5/2026_02/weth_usdc_3000_month_24358292_24365491_w01/chainlink_reference_updates.csv,1224,0,0.0,1224,599,591,34,0.0277777777777777,147,194,0.015025041736227,0.0612244897959183,0.0206185567010309,25.13272310618104,-27.8191231917389,0.4023795754893692,0.29201705706892,0.2388168309850091,0.1653008765105717,-23.054682353969906,-24.70056230599121,-27.40093036443784,-12.666980999935848,-32.48871818970378,-31.652869350777273,-29.356422535292175,-22.638019506434617,study_recent,,weth_usdc_3000_month_24358292_24365491_w01,weth_usdc,3000,24358292,24365491,1,stress
chainlink,exports/study_recent/retune/s200_g0.5/2026_02/weth_usdc_3000_month_24423092_24430291_w10/chainlink_reference_updates.csv,632,203,0.3212025316455696,432,198,223,211,0.3338607594936709,63,96,0.0,0.0,0.0,15.487076120314534,-11.40023869404434,-0.0846106671320796,-0.1068404643812266,-0.107958137717118,-0.0158428220527015,-15.835876543669375,-11.982467614381807,-12.140679846945982,-9.357266506103572,-15.179061156488636,-14.42046748850176,-14.21650874523867,-19.1774933542604,study_recent,,weth_usdc_3000_month_24423092_24430291_w10,weth_usdc,3000,24423092,24430291,10,stress
chainlink,exports/study_recent/retune/s200_g0.5/2026_02/weth_usdc_3000_month_24487892_24495091_w19/chainlink_reference_updates.csv,590,87,0.147457627118644,503,252,236,102,0.1728813559322033,43,109,0.0,0.0,0.0,14.82223503107821,-16.83919624930646,0.2744685708110197,0.2764106073237412,0.2945928740837134,0.1838030952085264,-4.06710771106877,-1.7394530398869912,2.8187805924343388,11.631611385065634,-23.76893144536607,-23.512932409465225,-21.382321508843948,-5.602017676084715,study_recent,,weth_usdc_3000_month_24487892_24495091_w19,weth_usdc,3000,24487892,24495091,19,stress
chainlink,exports/study_recent/retune/s200_g0.5/2026_02/weth_usdc_3000_month_24552692_24558867_w28/chainlink_reference_updates.csv,723,132,0.1825726141078838,591,274,308,141,0.1950207468879668,75,143,0.0036496350364963,0.0133333333333333,0.0,17.50738249991465,-20.22310858558822,0.0814390369335454,0.0615057628311782,0.0144555510740444,0.1036295487813215,-21.875779295080168,-19.034251279917168,-15.909918972405396,-18.98630551219463,-25.176769390165344,-24.95227440334925,-22.559912461849017,-31.59322456338076,study_recent,,weth_usdc_3000_month_24552692_24558867_w28,weth_usdc,3000,24552692,24558867,28,stress
chainlink,exports/study_recent/retune/s200_g0.5/2026_03/weth_usdc_3000_month_24558867_24566066_w01/chainlink_reference_updates.csv,749,1,0.0013351134846461,749,350,374,25,0.0333778371161548,116,170,0.0171428571428571,0.0517241379310344,0.0,19.603832871482673,-24.97454627215561,-0.0148101438520641,-0.0263366765928441,0.0590937953183304,0.0324471791659777,-27.581011020098337,-27.61292016376942,-30.05896061183603,-33.61267406461213,-22.590421837309464,-23.537638811314647,-28.31029037687448,-23.849376724883506,study_recent,,weth_usdc_3000_month_24558867_24566066_w01,weth_usdc,3000,24558867,24566066,1,stress
chainlink,exports/study_recent/retune/s200_g0.5/2026_03/weth_usdc_3000_month_24630867_24638066_w11/chainlink_reference_updates.csv,442,79,0.1787330316742081,363,164,191,87,0.1968325791855203,24,106,0.0,0.0,0.0,17.123284721939868,-27.055559587569043,0.1772660584823544,0.1810911330469357,0.239344989317699,0.1497466280306362,-26.11794911222777,-24.27483029355197,-19.800455471681055,-19.692418927234247,-41.6324949450848,-40.496213972272905,-40.16833540300995,-34.9339863341875,study_recent,,weth_usdc_3000_month_24630867_24638066_w11,weth_usdc,3000,24630867,24638066,11,stress
chainlink,exports/study_recent/retune/s200_g0.5/2026_03/weth_usdc_3000_month_24702867_24710066_w21/chainlink_reference_updates.csv,230,24,0.1043478260869565,206,62,139,29,0.1260869565217391,13,50,0.0161290322580645,0.0769230769230769,0.02,13.603317976525895,-28.164533083846585,-0.0141975910954394,-0.00981438137855,-0.1293782098940629,-0.0235486464283813,-32.84883166921023,-35.63904745266766,-53.37478799467464,-37.65765487410179,-29.86939728876547,-30.871522748004544,-25.380680142236216,-39.158745712922894,study_recent,,weth_usdc_3000_month_24702867_24710066_w21,weth_usdc,3000,24702867,24710066,21,stress
chainlink,exports/study_recent/retune/s200_g0.5/2026_03/weth_usdc_3000_month_24774867_24781026_w31/chainlink_reference_updates.csv,512,44,0.0859375,468,188,265,59,0.115234375,42,131,0.0053191489361702,0.0238095238095238,0.0,15.190289338715166,-26.198837047574372,0.0081839523417194,0.0061992655274301,-0.000575254604896,0.0913113640246938,-25.799751112319136,-26.90934174929693,-30.80503928226588,-28.0480045650968,-28.003273522894876,-27.39559715506735,-27.26306062001239,-35.647691104680476,study_recent,,weth_usdc_3000_month_24774867_24781026_w31,weth_usdc,3000,24774867,24781026,31,stress
chainlink,exports/study_recent/retune/s200_g0.5/2026_04/weth_usdc_3000_month_24781026_24788225_w01/chainlink_reference_updates.csv,550,4,0.0072727272727272,550,222,306,22,0.04,38,149,0.0,0.0,0.0,16.04622551205626,-19.86097228661114,0.2006615565615697,0.1821124071056265,0.1788992991403901,0.3269500317886814,-12.554643045959724,-13.3862863999512,-14.00121892099739,-8.502174853914578,-25.270029780376554,-25.680388351180618,-24.779882169131504,-32.435478069620636,study_recent,,weth_usdc_3000_month_24781026_24788225_w01,weth_usdc,3000,24781026,24788225,1,stress
chainlink,exports/study_recent/retune/s200_g0.5/2026_04/weth_usdc_3000_month_24853026_24860225_w11/chainlink_reference_updates.csv,284,88,0.3098591549295774,197,83,106,95,0.3345070422535211,27,57,0.0481927710843373,0.1481481481481481,0.0,12.920626544601586,-11.74405317750441,0.105067288047255,0.111539602032777,0.1391104320041689,0.0631284440730344,-10.47955440495549,-10.53170797223008,-10.79586631880598,-11.985714609288294,-29.345018032448984,-29.996301264177163,-33.43197796266267,-28.966668733160127,study_recent,,weth_usdc_3000_month_24853026_24860225_w11,weth_usdc,3000,24853026,24860225,11,stress
chainlink,exports/study_recent/retune/s200_g0.5/2026_04/weth_usdc_3000_month_24917826_24925025_w20/chainlink_reference_updates.csv,557,135,0.2423698384201077,422,162,251,144,0.2585278276481149,55,48,0.0061728395061728,0.0181818181818181,0.0,13.744276410457244,-11.39454064501724,-0.0375409470308274,-0.0664628757586486,-0.0693457522465419,-0.0686382248508114,-13.986460412046124,-17.372140830469966,-16.414798290019537,-14.875070308729828,-11.184917870917072,-10.963279624628738,-10.99157337315183,-3.755473041445475,study_recent,,weth_usdc_3000_month_24917826_24925025_w20,weth_usdc,3000,24917826,24925025,20,stress
chainlink,exports/study_recent/retune/s200_g0.5/2026_04/weth_usdc_3000_month_24989826_24996367_w30/chainlink_reference_updates.csv,435,167,0.3839080459770115,268,82,179,174,0.4,18,65,0.024390243902439,0.1111111111111111,0.0,16.090052842931563,-15.107639550591768,-0.1326989377142305,-0.0218754525720642,0.1637684990133794,0.1690443347159704,-20.286501796968572,-14.24912817186124,-3.3727436465229386,-3.34156228854038,-16.55254763345414,-17.15919925482042,-17.857797643546224,-13.47380968060511,study_recent,,weth_usdc_3000_month_24989826_24996367_w30,weth_usdc,3000,24989826,24996367,30,stress
chainlink,exports/study_recent/retune/s200_g0.5/2026_05/weth_usdc_3000_month_24996367_25003566_w01/chainlink_reference_updates.csv,273,1,0.0036630036630036,273,125,140,8,0.0293040293040293,23,56,0.064,0.3478260869565217,0.0,14.206611839710908,-17.947631143965683,0.1311639433063715,0.0605878075449711,0.0773181222440347,0.1288935040470012,-14.431134160418512,-14.980699364725997,-14.167026470891996,-12.96389643862473,-20.265222477146143,-20.132178826124782,-18.99773027953278,-19.54330862872111,study_recent,,weth_usdc_3000_month_24996367_25003566_w01,weth_usdc,3000,24996367,25003566,1,stress
chainlink,exports/study_recent/retune/s200_g0.5/2026_05/weth_usdc_3000_month_25068367_25075566_w11/chainlink_reference_updates.csv,420,188,0.4476190476190476,232,101,128,191,0.4547619047619047,28,58,0.0198019801980198,0.0714285714285714,0.0,14.123133908005972,-8.69619734698958,0.2481945953301258,0.1995881703123679,0.1783755654915922,-0.0530497671541176,2.1608111051191217,0.5996734150673039,0.4354926784669075,-12.885638230049574,-15.337888846260393,-14.940735293760143,-14.28440393919426,0.3851047930919155,study_recent,,weth_usdc_3000_month_25068367_25075566_w11,weth_usdc,3000,25068367,25075566,11,stress
chainlink,exports/study_recent/retune/s200_g0.5/2026_05/weth_usdc_3000_month_25140367_25147566_w21/chainlink_reference_updates.csv,362,69,0.1906077348066298,294,117,163,82,0.2265193370165746,42,89,0.1196581196581196,0.3333333333333333,0.0,12.943347657350197,-13.91554327143302,0.0995944355278345,0.1583125066504234,0.1930038611860881,0.1252991596828879,-10.991729379497258,-7.856165268543194,-4.83437923408468,-4.966147946421801,-23.071875102010203,-23.071875102010203,-21.650913670080232,-23.309996730448084,study_recent,,weth_usdc_3000_month_25140367_25147566_w21,weth_usdc,3000,25140367,25147566,21,stress
chainlink,exports/study_recent/retune/s200_g0.5/2026_05/weth_usdc_3000_month_25212367_25218797_w31/chainlink_reference_updates.csv,210,25,0.119047619047619,185,70,99,41,0.1952380952380952,27,49,0.0285714285714285,0.074074074074074,0.0,10.647504431968375,-14.16934945654238,0.0606381814620625,0.1309686102334065,0.1911730868722091,0.2729788889001712,-13.217012113199733,-10.479252037446136,-4.080514928956876,-0.7482995241041678,-22.890986144688807,-23.39735793150884,-21.04227932521487,-16.138805535364988,study_recent,,weth_usdc_3000_month_25212367_25218797_w31,weth_usdc,3000,25212367,25218797,31,stress
chainlink,exports/study_recent/retune/s200_g0.5/2026_06/weth_usdc_3000_month_25218797_25225996_w01/chainlink_reference_updates.csv,385,0,0.0,385,163,206,16,0.0415584415584415,49,99,0.0184049079754601,0.0612244897959183,0.0,13.713979633271208,-21.78238275050906,0.0472375754099227,0.0779816793496268,0.08047763522981,-0.0845428916471953,-21.87384649741089,-20.305875049418223,-19.632169600956008,-23.6731706792328,-21.078457408489346,-21.375693432796155,-20.996973685458073,-10.76842934027096,study_recent,,weth_usdc_3000_month_25218797_25225996_w01,weth_usdc,3000,25218797,25225996,1,stress
chainlink,exports/study_recent/retune/s200_g0.5/2026_06/weth_usdc_3000_month_25290797_25297996_w11/chainlink_reference_updates.csv,637,162,0.2543171114599686,476,237,223,177,0.2778649921507064,63,79,0.0042194092827004,0.0158730158730158,0.0,16.47905894192902,-21.320348774964007,-0.0093584941194256,-0.0186961651968423,-0.068814231398747,-0.0257561077488162,-11.854791034453823,-11.5915883991569,-14.945704058455592,0.2097183500152014,-14.694618373348408,-14.090574273315688,-12.18146446799155,-13.597242533791706,study_recent,,weth_usdc_3000_month_25290797_25297996_w11,weth_usdc,3000,25290797,25297996,11,stress
chainlink,exports/study_recent/retune/s200_g0.5/2026_06/weth_usdc_3000_month_25355597_25362796_w20/chainlink_reference_updates.csv,591,73,0.1235194585448392,521,242,256,93,0.1573604060913705,62,104,0.0041322314049586,0.0161290322580645,0.0,12.94552775063773,-10.0877423807284,0.3347585358110334,0.1520097761012519,0.0579452487004495,0.1235049082412191,1.966198540043957,1.5187577255909095,-4.810755430129733,-3.239770556494043,-20.733185941666548,-19.634992760898253,-17.935724905805277,-16.629510438385587,study_recent,,weth_usdc_3000_month_25355597_25362796_w20,weth_usdc,3000,25355597,25362796,20,stress
chainlink,exports/study_recent/retune/s200_g0.5/2026_06/weth_usdc_3000_month_25427597_25433938_w30/chainlink_reference_updates.csv,589,116,0.1969439728353141,473,188,270,131,0.2224108658743633,72,66,0.0319148936170212,0.0833333333333333,0.0,12.641213985133628,-11.34238835266166,-0.067401682207962,-0.0641567421637091,-0.0863952202057077,-0.0241543584568197,-11.18371134177637,-10.120762958668603,-10.08242258532023,-7.476383511799733,-6.421290746279199,-5.7334488640013825,-1.071151522432773,-2.909519774570944,study_recent,,weth_usdc_3000_month_25427597_25433938_w30,weth_usdc,3000,25427597,25433938,30,stress
chainlink,exports/study_recent/retune/s200_g2/2026_01/weth_usdc_3000_month_24136052_24143251_w01/chainlink_reference_updates.csv,292,2,0.0068493150684931,292,89,140,63,0.2157534246575342,24,60,0.0337078651685393,0.125,0.0,10.677483532547766,-4.404615514818632,0.2737974798375319,0.3599864467101078,0.3783024703765619,0.1421143146722091,1.0957960006509566,2.898749254963301,4.5983937697262585,3.2367751263096856,-9.30609658707843,-9.152442089187758,-8.710425806499524,-7.459251450107789,study_recent,,weth_usdc_3000_month_24136052_24143251_w01,weth_usdc,3000,24136052,24143251,1,stress
chainlink,exports/study_recent/retune/s200_g2/2026_01/weth_usdc_3000_month_24208052_24215251_w11/chainlink_reference_updates.csv,473,43,0.0909090909090909,430,136,278,59,0.1247357293868921,15,129,0.0367647058823529,0.3333333333333333,0.0,19.189537272496526,-26.67930335548654,0.3372112041098104,0.4044130884699526,0.437252110692667,0.4714739353854937,-4.323843779175982,3.183865172003323,8.323975899735832,11.91118894715459,-37.224676027105275,-37.224676027105275,-35.60959185285724,-32.88489893779175,study_recent,,weth_usdc_3000_month_24208052_24215251_w11,weth_usdc,3000,24208052,24215251,11,stress
chainlink,exports/study_recent/retune/s200_g2/2026_01/weth_usdc_3000_month_24280052_24287251_w21/chainlink_reference_updates.csv,835,111,0.1329341317365269,724,325,370,140,0.1676646706586826,80,209,0.003076923076923,0.0125,0.0,15.63562119892532,-29.639452606843214,0.1760961976137471,0.1093750718500855,-0.1322165342592215,-0.0808849784216414,-25.950467430279595,-27.396470661436823,-39.246874839656655,-58.33284079100289,-39.097180311275615,-38.58877181318799,-37.52945552701771,-62.92362019444946,study_recent,,weth_usdc_3000_month_24280052_24287251_w21,weth_usdc,3000,24280052,24287251,21,stress
chainlink,exports/study_recent/retune/s200_g2/2026_01/weth_usdc_3000_month_24352052_24358292_w31/chainlink_reference_updates.csv,1128,21,0.0186170212765957,1108,422,660,46,0.0407801418439716,154,217,0.0165876777251184,0.0454545454545454,0.032258064516129,73.48151154412223,-42.41484872193219,0.7989430650805217,0.7728998389284065,0.6897855818007302,0.4101107893449434,5.422598598735531,2.508042061835545,-0.0272412638131301,-48.79766160928345,-76.20644900251183,-76.0507082258201,-78.19757353014461,-59.535876116897725,study_recent,,weth_usdc_3000_month_24352052_24358292_w31,weth_usdc,3000,24352052,24358292,31,stress
chainlink,exports/study_recent/retune/s200_g2/2026_02/weth_usdc_3000_month_24358292_24365491_w01/chainlink_reference_updates.csv,1224,0,0.0,1224,599,591,34,0.0277777777777777,147,194,0.015025041736227,0.0612244897959183,0.0206185567010309,25.13272310618104,-27.8191231917389,0.4023795754893692,0.29201705706892,0.2388168309850091,0.1653008765105717,-23.054682353969906,-24.70056230599121,-27.40093036443784,-12.666980999935848,-32.48871818970378,-31.652869350777273,-29.356422535292175,-22.638019506434617,study_recent,,weth_usdc_3000_month_24358292_24365491_w01,weth_usdc,3000,24358292,24365491,1,stress
chainlink,exports/study_recent/retune/s200_g2/2026_02/weth_usdc_3000_month_24423092_24430291_w10/chainlink_reference_updates.csv,632,203,0.3212025316455696,432,198,223,211,0.3338607594936709,63,96,0.0,0.0,0.0,15.487076120314534,-11.40023869404434,-0.0846106671320796,-0.1068404643812266,-0.107958137717118,-0.0158428220527015,-15.835876543669375,-11.982467614381807,-12.140679846945982,-9.357266506103572,-15.179061156488636,-14.42046748850176,-14.21650874523867,-19.1774933542604,study_recent,,weth_usdc_3000_month_24423092_24430291_w10,weth_usdc,3000,24423092,24430291,10,stress
chainlink,exports/study_recent/retune/s200_g2/2026_02/weth_usdc_3000_month_24487892_24495091_w19/chainlink_reference_updates.csv,590,87,0.147457627118644,503,252,236,102,0.1728813559322033,43,109,0.0,0.0,0.0,14.82223503107821,-16.83919624930646,0.2744685708110197,0.2764106073237412,0.2945928740837134,0.1838030952085264,-4.06710771106877,-1.7394530398869912,2.8187805924343388,11.631611385065634,-23.76893144536607,-23.512932409465225,-21.382321508843948,-5.602017676084715,study_recent,,weth_usdc_3000_month_24487892_24495091_w19,weth_usdc,3000,24487892,24495091,19,stress
chainlink,exports/study_recent/retune/s200_g2/2026_02/weth_usdc_3000_month_24552692_24558867_w28/chainlink_reference_updates.csv,723,132,0.1825726141078838,591,274,308,141,0.1950207468879668,75,143,0.0036496350364963,0.0133333333333333,0.0,17.50738249991465,-20.22310858558822,0.0814390369335454,0.0615057628311782,0.0144555510740444,0.1036295487813215,-21.875779295080168,-19.034251279917168,-15.909918972405396,-18.98630551219463,-25.176769390165344,-24.95227440334925,-22.559912461849017,-31.59322456338076,study_recent,,weth_usdc_3000_month_24552692_24558867_w28,weth_usdc,3000,24552692,24558867,28,stress
chainlink,exports/study_recent/retune/s200_g2/2026_03/weth_usdc_3000_month_24558867_24566066_w01/chainlink_reference_updates.csv,749,1,0.0013351134846461,749,350,374,25,0.0333778371161548,116,170,0.0171428571428571,0.0517241379310344,0.0,19.603832871482673,-24.97454627215561,-0.0148101438520641,-0.0263366765928441,0.0590937953183304,0.0324471791659777,-27.581011020098337,-27.61292016376942,-30.05896061183603,-33.61267406461213,-22.590421837309464,-23.537638811314647,-28.31029037687448,-23.849376724883506,study_recent,,weth_usdc_3000_month_24558867_24566066_w01,weth_usdc,3000,24558867,24566066,1,stress
chainlink,exports/study_recent/retune/s200_g2/2026_03/weth_usdc_3000_month_24630867_24638066_w11/chainlink_reference_updates.csv,442,79,0.1787330316742081,363,164,191,87,0.1968325791855203,24,106,0.0,0.0,0.0,17.123284721939868,-27.055559587569043,0.1772660584823544,0.1810911330469357,0.239344989317699,0.1497466280306362,-26.11794911222777,-24.27483029355197,-19.800455471681055,-19.692418927234247,-41.6324949450848,-40.496213972272905,-40.16833540300995,-34.9339863341875,study_recent,,weth_usdc_3000_month_24630867_24638066_w11,weth_usdc,3000,24630867,24638066,11,stress
chainlink,exports/study_recent/retune/s200_g2/2026_03/weth_usdc_3000_month_24702867_24710066_w21/chainlink_reference_updates.csv,230,24,0.1043478260869565,206,62,139,29,0.1260869565217391,13,50,0.0161290322580645,0.0769230769230769,0.02,13.603317976525895,-28.164533083846585,-0.0141975910954394,-0.00981438137855,-0.1293782098940629,-0.0235486464283813,-32.84883166921023,-35.63904745266766,-53.37478799467464,-37.65765487410179,-29.86939728876547,-30.871522748004544,-25.380680142236216,-39.158745712922894,study_recent,,weth_usdc_3000_month_24702867_24710066_w21,weth_usdc,3000,24702867,24710066,21,stress
chainlink,exports/study_recent/retune/s200_g2/2026_03/weth_usdc_3000_month_24774867_24781026_w31/chainlink_reference_updates.csv,512,44,0.0859375,468,188,265,59,0.115234375,42,131,0.0053191489361702,0.0238095238095238,0.0,15.190289338715166,-26.198837047574372,0.0081839523417194,0.0061992655274301,-0.000575254604896,0.0913113640246938,-25.799751112319136,-26.90934174929693,-30.80503928226588,-28.0480045650968,-28.003273522894876,-27.39559715506735,-27.26306062001239,-35.647691104680476,study_recent,,weth_usdc_3000_month_24774867_24781026_w31,weth_usdc,3000,24774867,24781026,31,stress
chainlink,exports/study_recent/retune/s200_g2/2026_04/weth_usdc_3000_month_24781026_24788225_w01/chainlink_reference_updates.csv,550,4,0.0072727272727272,550,222,306,22,0.04,38,149,0.0,0.0,0.0,16.04622551205626,-19.86097228661114,0.2006615565615697,0.1821124071056265,0.1788992991403901,0.3269500317886814,-12.554643045959724,-13.3862863999512,-14.00121892099739,-8.502174853914578,-25.270029780376554,-25.680388351180618,-24.779882169131504,-32.435478069620636,study_recent,,weth_usdc_3000_month_24781026_24788225_w01,weth_usdc,3000,24781026,24788225,1,stress
chainlink,exports/study_recent/retune/s200_g2/2026_04/weth_usdc_3000_month_24853026_24860225_w11/chainlink_reference_updates.csv,284,88,0.3098591549295774,197,83,106,95,0.3345070422535211,27,57,0.0481927710843373,0.1481481481481481,0.0,12.920626544601586,-11.74405317750441,0.105067288047255,0.111539602032777,0.1391104320041689,0.0631284440730344,-10.47955440495549,-10.53170797223008,-10.79586631880598,-11.985714609288294,-29.345018032448984,-29.996301264177163,-33.43197796266267,-28.966668733160127,study_recent,,weth_usdc_3000_month_24853026_24860225_w11,weth_usdc,3000,24853026,24860225,11,stress
chainlink,exports/study_recent/retune/s200_g2/2026_04/weth_usdc_3000_month_24917826_24925025_w20/chainlink_reference_updates.csv,557,135,0.2423698384201077,422,162,251,144,0.2585278276481149,55,48,0.0061728395061728,0.0181818181818181,0.0,13.744276410457244,-11.39454064501724,-0.0375409470308274,-0.0664628757586486,-0.0693457522465419,-0.0686382248508114,-13.986460412046124,-17.372140830469966,-16.414798290019537,-14.875070308729828,-11.184917870917072,-10.963279624628738,-10.99157337315183,-3.755473041445475,study_recent,,weth_usdc_3000_month_24917826_24925025_w20,weth_usdc,3000,24917826,24925025,20,stress
chainlink,exports/study_recent/retune/s200_g2/2026_04/weth_usdc_3000_month_24989826_24996367_w30/chainlink_reference_updates.csv,435,167,0.3839080459770115,268,82,179,174,0.4,18,65,0.024390243902439,0.1111111111111111,0.0,16.090052842931563,-15.107639550591768,-0.1326989377142305,-0.0218754525720642,0.1637684990133794,0.1690443347159704,-20.286501796968572,-14.24912817186124,-3.3727436465229386,-3.34156228854038,-16.55254763345414,-17.15919925482042,-17.857797643546224,-13.47380968060511,study_recent,,weth_usdc_3000_month_24989826_24996367_w30,weth_usdc,3000,24989826,24996367,30,stress
chainlink,exports/study_recent/retune/s200_g2/2026_05/weth_usdc_3000_month_24996367_25003566_w01/chainlink_reference_updates.csv,273,1,0.0036630036630036,273,125,140,8,0.0293040293040293,23,56,0.064,0.3478260869565217,0.0,14.206611839710908,-17.947631143965683,0.1311639433063715,0.0605878075449711,0.0773181222440347,0.1288935040470012,-14.431134160418512,-14.980699364725997,-14.167026470891996,-12.96389643862473,-20.265222477146143,-20.132178826124782,-18.99773027953278,-19.54330862872111,study_recent,,weth_usdc_3000_month_24996367_25003566_w01,weth_usdc,3000,24996367,25003566,1,stress
chainlink,exports/study_recent/retune/s200_g2/2026_05/weth_usdc_3000_month_25068367_25075566_w11/chainlink_reference_updates.csv,420,188,0.4476190476190476,232,101,128,191,0.4547619047619047,28,58,0.0198019801980198,0.0714285714285714,0.0,14.123133908005972,-8.69619734698958,0.2481945953301258,0.1995881703123679,0.1783755654915922,-0.0530497671541176,2.1608111051191217,0.5996734150673039,0.4354926784669075,-12.885638230049574,-15.337888846260393,-14.940735293760143,-14.28440393919426,0.3851047930919155,study_recent,,weth_usdc_3000_month_25068367_25075566_w11,weth_usdc,3000,25068367,25075566,11,stress
chainlink,exports/study_recent/retune/s200_g2/2026_05/weth_usdc_3000_month_25140367_25147566_w21/chainlink_reference_updates.csv,362,69,0.1906077348066298,294,117,163,82,0.2265193370165746,42,89,0.1196581196581196,0.3333333333333333,0.0,12.943347657350197,-13.91554327143302,0.0995944355278345,0.1583125066504234,0.1930038611860881,0.1252991596828879,-10.991729379497258,-7.856165268543194,-4.83437923408468,-4.966147946421801,-23.071875102010203,-23.071875102010203,-21.650913670080232,-23.309996730448084,study_recent,,weth_usdc_3000_month_25140367_25147566_w21,weth_usdc,3000,25140367,25147566,21,stress
chainlink,exports/study_recent/retune/s200_g2/2026_05/weth_usdc_3000_month_25212367_25218797_w31/chainlink_reference_updates.csv,210,25,0.119047619047619,185,70,99,41,0.1952380952380952,27,49,0.0285714285714285,0.074074074074074,0.0,10.647504431968375,-14.16934945654238,0.0606381814620625,0.1309686102334065,0.1911730868722091,0.2729788889001712,-13.217012113199733,-10.479252037446136,-4.080514928956876,-0.7482995241041678,-22.890986144688807,-23.39735793150884,-21.04227932521487,-16.138805535364988,study_recent,,weth_usdc_3000_month_25212367_25218797_w31,weth_usdc,3000,25212367,25218797,31,stress
chainlink,exports/study_recent/retune/s200_g2/2026_06/weth_usdc_3000_month_25218797_25225996_w01/chainlink_reference_updates.csv,385,0,0.0,385,163,206,16,0.0415584415584415,49,99,0.0184049079754601,0.0612244897959183,0.0,13.713979633271208,-21.78238275050906,0.0472375754099227,0.0779816793496268,0.08047763522981,-0.0845428916471953,-21.87384649741089,-20.305875049418223,-19.632169600956008,-23.6731706792328,-21.078457408489346,-21.375693432796155,-20.996973685458073,-10.76842934027096,study_recent,,weth_usdc_3000_month_25218797_25225996_w01,weth_usdc,3000,25218797,25225996,1,stress
chainlink,exports/study_recent/retune/s200_g2/2026_06/weth_usdc_3000_month_25290797_25297996_w11/chainlink_reference_updates.csv,637,162,0.2543171114599686,476,237,223,177,0.2778649921507064,63,79,0.0042194092827004,0.0158730158730158,0.0,16.47905894192902,-21.320348774964007,-0.0093584941194256,-0.0186961651968423,-0.068814231398747,-0.0257561077488162,-11.854791034453823,-11.5915883991569,-14.945704058455592,0.2097183500152014,-14.694618373348408,-14.090574273315688,-12.18146446799155,-13.597242533791706,study_recent,,weth_usdc_3000_month_25290797_25297996_w11,weth_usdc,3000,25290797,25297996,11,stress
chainlink,exports/study_recent/retune/s200_g2/2026_06/weth_usdc_3000_month_25355597_25362796_w20/chainlink_reference_updates.csv,591,73,0.1235194585448392,521,242,256,93,0.1573604060913705,62,104,0.0041322314049586,0.0161290322580645,0.0,12.94552775063773,-10.0877423807284,0.3347585358110334,0.1520097761012519,0.0579452487004495,0.1235049082412191,1.966198540043957,1.5187577255909095,-4.810755430129733,-3.239770556494043,-20.733185941666548,-19.634992760898253,-17.935724905805277,-16.629510438385587,study_recent,,weth_usdc_3000_month_25355597_25362796_w20,weth_usdc,3000,25355597,25362796,20,stress
chainlink,exports/study_recent/retune/s200_g2/2026_06/weth_usdc_3000_month_25427597_25433938_w30/chainlink_reference_updates.csv,589,116,0.1969439728353141,473,188,270,131,0.2224108658743633,72,66,0.0319148936170212,0.0833333333333333,0.0,12.641213985133628,-11.34238835266166,-0.067401682207962,-0.0641567421637091,-0.0863952202057077,-0.0241543584568197,-11.18371134177637,-10.120762958668603,-10.08242258532023,-7.476383511799733,-6.421290746279199,-5.7334488640013825,-1.071151522432773,-2.909519774570944,study_recent,,weth_usdc_3000_month_25427597_25433938_w30,weth_usdc,3000,25427597,25433938,30,stress
chainlink,exports/study_recent/retune/s200_g5/2026_01/weth_usdc_3000_month_24136052_24143251_w01/chainlink_reference_updates.csv,292,2,0.0068493150684931,292,89,140,63,0.2157534246575342,24,60,0.0337078651685393,0.125,0.0,10.677483532547766,-4.404615514818632,0.2737974798375319,0.3599864467101078,0.3783024703765619,0.1421143146722091,1.0957960006509566,2.898749254963301,4.5983937697262585,3.2367751263096856,-9.30609658707843,-9.152442089187758,-8.710425806499524,-7.459251450107789,study_recent,,weth_usdc_3000_month_24136052_24143251_w01,weth_usdc,3000,24136052,24143251,1,stress
chainlink,exports/study_recent/retune/s200_g5/2026_01/weth_usdc_3000_month_24208052_24215251_w11/chainlink_reference_updates.csv,473,43,0.0909090909090909,430,136,278,59,0.1247357293868921,15,129,0.0367647058823529,0.3333333333333333,0.0,19.189537272496526,-26.67930335548654,0.3372112041098104,0.4044130884699526,0.437252110692667,0.4714739353854937,-4.323843779175982,3.183865172003323,8.323975899735832,11.91118894715459,-37.224676027105275,-37.224676027105275,-35.60959185285724,-32.88489893779175,study_recent,,weth_usdc_3000_month_24208052_24215251_w11,weth_usdc,3000,24208052,24215251,11,stress
chainlink,exports/study_recent/retune/s200_g5/2026_01/weth_usdc_3000_month_24280052_24287251_w21/chainlink_reference_updates.csv,835,111,0.1329341317365269,724,325,370,140,0.1676646706586826,80,209,0.003076923076923,0.0125,0.0,15.63562119892532,-29.639452606843214,0.1760961976137471,0.1093750718500855,-0.1322165342592215,-0.0808849784216414,-25.950467430279595,-27.396470661436823,-39.246874839656655,-58.33284079100289,-39.097180311275615,-38.58877181318799,-37.52945552701771,-62.92362019444946,study_recent,,weth_usdc_3000_month_24280052_24287251_w21,weth_usdc,3000,24280052,24287251,21,stress
chainlink,exports/study_recent/retune/s200_g5/2026_01/weth_usdc_3000_month_24352052_24358292_w31/chainlink_reference_updates.csv,1128,21,0.0186170212765957,1108,422,660,46,0.0407801418439716,154,217,0.0165876777251184,0.0454545454545454,0.032258064516129,73.48151154412223,-42.41484872193219,0.7989430650805217,0.7728998389284065,0.6897855818007302,0.4101107893449434,5.422598598735531,2.508042061835545,-0.0272412638131301,-48.79766160928345,-76.20644900251183,-76.0507082258201,-78.19757353014461,-59.535876116897725,study_recent,,weth_usdc_3000_month_24352052_24358292_w31,weth_usdc,3000,24352052,24358292,31,stress
chainlink,exports/study_recent/retune/s200_g5/2026_02/weth_usdc_3000_month_24358292_24365491_w01/chainlink_reference_updates.csv,1224,0,0.0,1224,599,591,34,0.0277777777777777,147,194,0.015025041736227,0.0612244897959183,0.0206185567010309,25.13272310618104,-27.8191231917389,0.4023795754893692,0.29201705706892,0.2388168309850091,0.1653008765105717,-23.054682353969906,-24.70056230599121,-27.40093036443784,-12.666980999935848,-32.48871818970378,-31.652869350777273,-29.356422535292175,-22.638019506434617,study_recent,,weth_usdc_3000_month_24358292_24365491_w01,weth_usdc,3000,24358292,24365491,1,stress
chainlink,exports/study_recent/retune/s200_g5/2026_02/weth_usdc_3000_month_24423092_24430291_w10/chainlink_reference_updates.csv,632,203,0.3212025316455696,432,198,223,211,0.3338607594936709,63,96,0.0,0.0,0.0,15.487076120314534,-11.40023869404434,-0.0846106671320796,-0.1068404643812266,-0.107958137717118,-0.0158428220527015,-15.835876543669375,-11.982467614381807,-12.140679846945982,-9.357266506103572,-15.179061156488636,-14.42046748850176,-14.21650874523867,-19.1774933542604,study_recent,,weth_usdc_3000_month_24423092_24430291_w10,weth_usdc,3000,24423092,24430291,10,stress
chainlink,exports/study_recent/retune/s200_g5/2026_02/weth_usdc_3000_month_24487892_24495091_w19/chainlink_reference_updates.csv,590,87,0.147457627118644,503,252,236,102,0.1728813559322033,43,109,0.0,0.0,0.0,14.82223503107821,-16.83919624930646,0.2744685708110197,0.2764106073237412,0.2945928740837134,0.1838030952085264,-4.06710771106877,-1.7394530398869912,2.8187805924343388,11.631611385065634,-23.76893144536607,-23.512932409465225,-21.382321508843948,-5.602017676084715,study_recent,,weth_usdc_3000_month_24487892_24495091_w19,weth_usdc,3000,24487892,24495091,19,stress
chainlink,exports/study_recent/retune/s200_g5/2026_02/weth_usdc_3000_month_24552692_24558867_w28/chainlink_reference_updates.csv,723,132,0.1825726141078838,591,274,308,141,0.1950207468879668,75,143,0.0036496350364963,0.0133333333333333,0.0,17.50738249991465,-20.22310858558822,0.0814390369335454,0.0615057628311782,0.0144555510740444,0.1036295487813215,-21.875779295080168,-19.034251279917168,-15.909918972405396,-18.98630551219463,-25.176769390165344,-24.95227440334925,-22.559912461849017,-31.59322456338076,study_recent,,weth_usdc_3000_month_24552692_24558867_w28,weth_usdc,3000,24552692,24558867,28,stress
chainlink,exports/study_recent/retune/s200_g5/2026_03/weth_usdc_3000_month_24558867_24566066_w01/chainlink_reference_updates.csv,749,1,0.0013351134846461,749,350,374,25,0.0333778371161548,116,170,0.0171428571428571,0.0517241379310344,0.0,19.603832871482673,-24.97454627215561,-0.0148101438520641,-0.0263366765928441,0.0590937953183304,0.0324471791659777,-27.581011020098337,-27.61292016376942,-30.05896061183603,-33.61267406461213,-22.590421837309464,-23.537638811314647,-28.31029037687448,-23.849376724883506,study_recent,,weth_usdc_3000_month_24558867_24566066_w01,weth_usdc,3000,24558867,24566066,1,stress
chainlink,exports/study_recent/retune/s200_g5/2026_03/weth_usdc_3000_month_24630867_24638066_w11/chainlink_reference_updates.csv,442,79,0.1787330316742081,363,164,191,87,0.1968325791855203,24,106,0.0,0.0,0.0,17.123284721939868,-27.055559587569043,0.1772660584823544,0.1810911330469357,0.239344989317699,0.1497466280306362,-26.11794911222777,-24.27483029355197,-19.800455471681055,-19.692418927234247,-41.6324949450848,-40.496213972272905,-40.16833540300995,-34.9339863341875,study_recent,,weth_usdc_3000_month_24630867_24638066_w11,weth_usdc,3000,24630867,24638066,11,stress
chainlink,exports/study_recent/retune/s200_g5/2026_03/weth_usdc_3000_month_24702867_24710066_w21/chainlink_reference_updates.csv,230,24,0.1043478260869565,206,62,139,29,0.1260869565217391,13,50,0.0161290322580645,0.0769230769230769,0.02,13.603317976525895,-28.164533083846585,-0.0141975910954394,-0.00981438137855,-0.1293782098940629,-0.0235486464283813,-32.84883166921023,-35.63904745266766,-53.37478799467464,-37.65765487410179,-29.86939728876547,-30.871522748004544,-25.380680142236216,-39.158745712922894,study_recent,,weth_usdc_3000_month_24702867_24710066_w21,weth_usdc,3000,24702867,24710066,21,stress
chainlink,exports/study_recent/retune/s200_g5/2026_03/weth_usdc_3000_month_24774867_24781026_w31/chainlink_reference_updates.csv,512,44,0.0859375,468,188,265,59,0.115234375,42,131,0.0053191489361702,0.0238095238095238,0.0,15.190289338715166,-26.198837047574372,0.0081839523417194,0.0061992655274301,-0.000575254604896,0.0913113640246938,-25.799751112319136,-26.90934174929693,-30.80503928226588,-28.0480045650968,-28.003273522894876,-27.39559715506735,-27.26306062001239,-35.647691104680476,study_recent,,weth_usdc_3000_month_24774867_24781026_w31,weth_usdc,3000,24774867,24781026,31,stress
chainlink,exports/study_recent/retune/s200_g5/2026_04/weth_usdc_3000_month_24781026_24788225_w01/chainlink_reference_updates.csv,550,4,0.0072727272727272,550,222,306,22,0.04,38,149,0.0,0.0,0.0,16.04622551205626,-19.86097228661114,0.2006615565615697,0.1821124071056265,0.1788992991403901,0.3269500317886814,-12.554643045959724,-13.3862863999512,-14.00121892099739,-8.502174853914578,-25.270029780376554,-25.680388351180618,-24.779882169131504,-32.435478069620636,study_recent,,weth_usdc_3000_month_24781026_24788225_w01,weth_usdc,3000,24781026,24788225,1,stress
chainlink,exports/study_recent/retune/s200_g5/2026_04/weth_usdc_3000_month_24853026_24860225_w11/chainlink_reference_updates.csv,284,88,0.3098591549295774,197,83,106,95,0.3345070422535211,27,57,0.0481927710843373,0.1481481481481481,0.0,12.920626544601586,-11.74405317750441,0.105067288047255,0.111539602032777,0.1391104320041689,0.0631284440730344,-10.47955440495549,-10.53170797223008,-10.79586631880598,-11.985714609288294,-29.345018032448984,-29.996301264177163,-33.43197796266267,-28.966668733160127,study_recent,,weth_usdc_3000_month_24853026_24860225_w11,weth_usdc,3000,24853026,24860225,11,stress
chainlink,exports/study_recent/retune/s200_g5/2026_04/weth_usdc_3000_month_24917826_24925025_w20/chainlink_reference_updates.csv,557,135,0.2423698384201077,422,162,251,144,0.2585278276481149,55,48,0.0061728395061728,0.0181818181818181,0.0,13.744276410457244,-11.39454064501724,-0.0375409470308274,-0.0664628757586486,-0.0693457522465419,-0.0686382248508114,-13.986460412046124,-17.372140830469966,-16.414798290019537,-14.875070308729828,-11.184917870917072,-10.963279624628738,-10.99157337315183,-3.755473041445475,study_recent,,weth_usdc_3000_month_24917826_24925025_w20,weth_usdc,3000,24917826,24925025,20,stress
chainlink,exports/study_recent/retune/s200_g5/2026_04/weth_usdc_3000_month_24989826_24996367_w30/chainlink_reference_updates.csv,435,167,0.3839080459770115,268,82,179,174,0.4,18,65,0.024390243902439,0.1111111111111111,0.0,16.090052842931563,-15.107639550591768,-0.1326989377142305,-0.0218754525720642,0.1637684990133794,0.1690443347159704,-20.286501796968572,-14.24912817186124,-3.3727436465229386,-3.34156228854038,-16.55254763345414,-17.15919925482042,-17.857797643546224,-13.47380968060511,study_recent,,weth_usdc_3000_month_24989826_24996367_w30,weth_usdc,3000,24989826,24996367,30,stress
chainlink,exports/study_recent/retune/s200_g5/2026_05/weth_usdc_3000_month_24996367_25003566_w01/chainlink_reference_updates.csv,273,1,0.0036630036630036,273,125,140,8,0.0293040293040293,23,56,0.064,0.3478260869565217,0.0,14.206611839710908,-17.947631143965683,0.1311639433063715,0.0605878075449711,0.0773181222440347,0.1288935040470012,-14.431134160418512,-14.980699364725997,-14.167026470891996,-12.96389643862473,-20.265222477146143,-20.132178826124782,-18.99773027953278,-19.54330862872111,study_recent,,weth_usdc_3000_month_24996367_25003566_w01,weth_usdc,3000,24996367,25003566,1,stress
chainlink,exports/study_recent/retune/s200_g5/2026_05/weth_usdc_3000_month_25068367_25075566_w11/chainlink_reference_updates.csv,420,188,0.4476190476190476,232,101,128,191,0.4547619047619047,28,58,0.0198019801980198,0.0714285714285714,0.0,14.123133908005972,-8.69619734698958,0.2481945953301258,0.1995881703123679,0.1783755654915922,-0.0530497671541176,2.1608111051191217,0.5996734150673039,0.4354926784669075,-12.885638230049574,-15.337888846260393,-14.940735293760143,-14.28440393919426,0.3851047930919155,study_recent,,weth_usdc_3000_month_25068367_25075566_w11,weth_usdc,3000,25068367,25075566,11,stress
chainlink,exports/study_recent/retune/s200_g5/2026_05/weth_usdc_3000_month_25140367_25147566_w21/chainlink_reference_updates.csv,362,69,0.1906077348066298,294,117,163,82,0.2265193370165746,42,89,0.1196581196581196,0.3333333333333333,0.0,12.943347657350197,-13.91554327143302,0.0995944355278345,0.1583125066504234,0.1930038611860881,0.1252991596828879,-10.991729379497258,-7.856165268543194,-4.83437923408468,-4.966147946421801,-23.071875102010203,-23.071875102010203,-21.650913670080232,-23.309996730448084,study_recent,,weth_usdc_3000_month_25140367_25147566_w21,weth_usdc,3000,25140367,25147566,21,stress
chainlink,exports/study_recent/retune/s200_g5/2026_05/weth_usdc_3000_month_25212367_25218797_w31/chainlink_reference_updates.csv,210,25,0.119047619047619,185,70,99,41,0.1952380952380952,27,49,0.0285714285714285,0.074074074074074,0.0,10.647504431968375,-14.16934945654238,0.0606381814620625,0.1309686102334065,0.1911730868722091,0.2729788889001712,-13.217012113199733,-10.479252037446136,-4.080514928956876,-0.7482995241041678,-22.890986144688807,-23.39735793150884,-21.04227932521487,-16.138805535364988,study_recent,,weth_usdc_3000_month_25212367_25218797_w31,weth_usdc,3000,25212367,25218797,31,stress
chainlink,exports/study_recent/retune/s200_g5/2026_06/weth_usdc_3000_month_25218797_25225996_w01/chainlink_reference_updates.csv,385,0,0.0,385,163,206,16,0.0415584415584415,49,99,0.0184049079754601,0.0612244897959183,0.0,13.713979633271208,-21.78238275050906,0.0472375754099227,0.0779816793496268,0.08047763522981,-0.0845428916471953,-21.87384649741089,-20.305875049418223,-19.632169600956008,-23.6731706792328,-21.078457408489346,-21.375693432796155,-20.996973685458073,-10.76842934027096,study_recent,,weth_usdc_3000_month_25218797_25225996_w01,weth_usdc,3000,25218797,25225996,1,stress
chainlink,exports/study_recent/retune/s200_g5/2026_06/weth_usdc_3000_month_25290797_25297996_w11/chainlink_reference_updates.csv,637,162,0.2543171114599686,476,237,223,177,0.2778649921507064,63,79,0.0042194092827004,0.0158730158730158,0.0,16.47905894192902,-21.320348774964007,-0.0093584941194256,-0.0186961651968423,-0.068814231398747,-0.0257561077488162,-11.854791034453823,-11.5915883991569,-14.945704058455592,0.2097183500152014,-14.694618373348408,-14.090574273315688,-12.18146446799155,-13.597242533791706,study_recent,,weth_usdc_3000_month_25290797_25297996_w11,weth_usdc,3000,25290797,25297996,11,stress
chainlink,exports/study_recent/retune/s200_g5/2026_06/weth_usdc_3000_month_25355597_25362796_w20/chainlink_reference_updates.csv,591,73,0.1235194585448392,521,242,256,93,0.1573604060913705,62,104,0.0041322314049586,0.0161290322580645,0.0,12.94552775063773,-10.0877423807284,0.3347585358110334,0.1520097761012519,0.0579452487004495,0.1235049082412191,1.966198540043957,1.5187577255909095,-4.810755430129733,-3.239770556494043,-20.733185941666548,-19.634992760898253,-17.935724905805277,-16.629510438385587,study_recent,,weth_usdc_3000_month_25355597_25362796_w20,weth_usdc,3000,25355597,25362796,20,stress
chainlink,exports/study_recent/retune/s200_g5/2026_06/weth_usdc_3000_month_25427597_25433938_w30/chainlink_reference_updates.csv,589,116,0.1969439728353141,473,188,270,131,0.2224108658743633,72,66,0.0319148936170212,0.0833333333333333,0.0,12.641213985133628,-11.34238835266166,-0.067401682207962,-0.0641567421637091,-0.0863952202057077,-0.0241543584568197,-11.18371134177637,-10.120762958668603,-10.08242258532023,-7.476383511799733,-6.421290746279199,-5.7334488640013825,-1.071151522432773,-2.909519774570944,study_recent,,weth_usdc_3000_month_25427597_25433938_w30,weth_usdc,3000,25427597,25433938,30,stress
chainlink,exports/study_recent/retune/s25_g0.5/2026_01/weth_usdc_3000_month_24136052_24143251_w01/chainlink_reference_updates.csv,292,2,0.0068493150684931,292,89,140,63,0.2157534246575342,24,60,0.0337078651685393,0.125,0.0,10.677483532547766,-4.404615514818632,0.2737974798375319,0.3599864467101078,0.3783024703765619,0.1421143146722091,1.0957960006509566,2.898749254963301,4.5983937697262585,3.2367751263096856,-9.30609658707843,-9.152442089187758,-8.710425806499524,-7.459251450107789,study_recent,,weth_usdc_3000_month_24136052_24143251_w01,weth_usdc,3000,24136052,24143251,1,stress
chainlink,exports/study_recent/retune/s25_g0.5/2026_01/weth_usdc_3000_month_24208052_24215251_w11/chainlink_reference_updates.csv,473,43,0.0909090909090909,430,136,278,59,0.1247357293868921,15,129,0.0367647058823529,0.3333333333333333,0.0,19.189537272496526,-26.67930335548654,0.3372112041098104,0.4044130884699526,0.437252110692667,0.4714739353854937,-4.323843779175982,3.183865172003323,8.323975899735832,11.91118894715459,-37.224676027105275,-37.224676027105275,-35.60959185285724,-32.88489893779175,study_recent,,weth_usdc_3000_month_24208052_24215251_w11,weth_usdc,3000,24208052,24215251,11,stress
chainlink,exports/study_recent/retune/s25_g0.5/2026_01/weth_usdc_3000_month_24280052_24287251_w21/chainlink_reference_updates.csv,835,111,0.1329341317365269,724,325,370,140,0.1676646706586826,80,209,0.003076923076923,0.0125,0.0,15.63562119892532,-29.639452606843214,0.1760961976137471,0.1093750718500855,-0.1322165342592215,-0.0808849784216414,-25.950467430279595,-27.396470661436823,-39.246874839656655,-58.33284079100289,-39.097180311275615,-38.58877181318799,-37.52945552701771,-62.92362019444946,study_recent,,weth_usdc_3000_month_24280052_24287251_w21,weth_usdc,3000,24280052,24287251,21,stress
chainlink,exports/study_recent/retune/s25_g0.5/2026_01/weth_usdc_3000_month_24352052_24358292_w31/chainlink_reference_updates.csv,1128,21,0.0186170212765957,1108,422,660,46,0.0407801418439716,154,217,0.0165876777251184,0.0454545454545454,0.032258064516129,73.48151154412223,-42.41484872193219,0.7989430650805217,0.7728998389284065,0.6897855818007302,0.4101107893449434,5.422598598735531,2.508042061835545,-0.0272412638131301,-48.79766160928345,-76.20644900251183,-76.0507082258201,-78.19757353014461,-59.535876116897725,study_recent,,weth_usdc_3000_month_24352052_24358292_w31,weth_usdc,3000,24352052,24358292,31,stress
chainlink,exports/study_recent/retune/s25_g0.5/2026_02/weth_usdc_3000_month_24358292_24365491_w01/chainlink_reference_updates.csv,1224,0,0.0,1224,599,591,34,0.0277777777777777,147,194,0.015025041736227,0.0612244897959183,0.0206185567010309,25.13272310618104,-27.8191231917389,0.4023795754893692,0.29201705706892,0.2388168309850091,0.1653008765105717,-23.054682353969906,-24.70056230599121,-27.40093036443784,-12.666980999935848,-32.48871818970378,-31.652869350777273,-29.356422535292175,-22.638019506434617,study_recent,,weth_usdc_3000_month_24358292_24365491_w01,weth_usdc,3000,24358292,24365491,1,stress
chainlink,exports/study_recent/retune/s25_g0.5/2026_02/weth_usdc_3000_month_24423092_24430291_w10/chainlink_reference_updates.csv,632,203,0.3212025316455696,432,198,223,211,0.3338607594936709,63,96,0.0,0.0,0.0,15.487076120314534,-11.40023869404434,-0.0846106671320796,-0.1068404643812266,-0.107958137717118,-0.0158428220527015,-15.835876543669375,-11.982467614381807,-12.140679846945982,-9.357266506103572,-15.179061156488636,-14.42046748850176,-14.21650874523867,-19.1774933542604,study_recent,,weth_usdc_3000_month_24423092_24430291_w10,weth_usdc,3000,24423092,24430291,10,stress
chainlink,exports/study_recent/retune/s25_g0.5/2026_02/weth_usdc_3000_month_24487892_24495091_w19/chainlink_reference_updates.csv,590,87,0.147457627118644,503,252,236,102,0.1728813559322033,43,109,0.0,0.0,0.0,14.82223503107821,-16.83919624930646,0.2744685708110197,0.2764106073237412,0.2945928740837134,0.1838030952085264,-4.06710771106877,-1.7394530398869912,2.8187805924343388,11.631611385065634,-23.76893144536607,-23.512932409465225,-21.382321508843948,-5.602017676084715,study_recent,,weth_usdc_3000_month_24487892_24495091_w19,weth_usdc,3000,24487892,24495091,19,stress
chainlink,exports/study_recent/retune/s25_g0.5/2026_02/weth_usdc_3000_month_24552692_24558867_w28/chainlink_reference_updates.csv,723,132,0.1825726141078838,591,274,308,141,0.1950207468879668,75,143,0.0036496350364963,0.0133333333333333,0.0,17.50738249991465,-20.22310858558822,0.0814390369335454,0.0615057628311782,0.0144555510740444,0.1036295487813215,-21.875779295080168,-19.034251279917168,-15.909918972405396,-18.98630551219463,-25.176769390165344,-24.95227440334925,-22.559912461849017,-31.59322456338076,study_recent,,weth_usdc_3000_month_24552692_24558867_w28,weth_usdc,3000,24552692,24558867,28,stress
chainlink,exports/study_recent/retune/s25_g0.5/2026_03/weth_usdc_3000_month_24558867_24566066_w01/chainlink_reference_updates.csv,749,1,0.0013351134846461,749,350,374,25,0.0333778371161548,116,170,0.0171428571428571,0.0517241379310344,0.0,19.603832871482673,-24.97454627215561,-0.0148101438520641,-0.0263366765928441,0.0590937953183304,0.0324471791659777,-27.581011020098337,-27.61292016376942,-30.05896061183603,-33.61267406461213,-22.590421837309464,-23.537638811314647,-28.31029037687448,-23.849376724883506,study_recent,,weth_usdc_3000_month_24558867_24566066_w01,weth_usdc,3000,24558867,24566066,1,stress
chainlink,exports/study_recent/retune/s25_g0.5/2026_03/weth_usdc_3000_month_24630867_24638066_w11/chainlink_reference_updates.csv,442,79,0.1787330316742081,363,164,191,87,0.1968325791855203,24,106,0.0,0.0,0.0,17.123284721939868,-27.055559587569043,0.1772660584823544,0.1810911330469357,0.239344989317699,0.1497466280306362,-26.11794911222777,-24.27483029355197,-19.800455471681055,-19.692418927234247,-41.6324949450848,-40.496213972272905,-40.16833540300995,-34.9339863341875,study_recent,,weth_usdc_3000_month_24630867_24638066_w11,weth_usdc,3000,24630867,24638066,11,stress
chainlink,exports/study_recent/retune/s25_g0.5/2026_03/weth_usdc_3000_month_24702867_24710066_w21/chainlink_reference_updates.csv,230,24,0.1043478260869565,206,62,139,29,0.1260869565217391,13,50,0.0161290322580645,0.0769230769230769,0.02,13.603317976525895,-28.164533083846585,-0.0141975910954394,-0.00981438137855,-0.1293782098940629,-0.0235486464283813,-32.84883166921023,-35.63904745266766,-53.37478799467464,-37.65765487410179,-29.86939728876547,-30.871522748004544,-25.380680142236216,-39.158745712922894,study_recent,,weth_usdc_3000_month_24702867_24710066_w21,weth_usdc,3000,24702867,24710066,21,stress
chainlink,exports/study_recent/retune/s25_g0.5/2026_03/weth_usdc_3000_month_24774867_24781026_w31/chainlink_reference_updates.csv,512,44,0.0859375,468,188,265,59,0.115234375,42,131,0.0053191489361702,0.0238095238095238,0.0,15.190289338715166,-26.198837047574372,0.0081839523417194,0.0061992655274301,-0.000575254604896,0.0913113640246938,-25.799751112319136,-26.90934174929693,-30.80503928226588,-28.0480045650968,-28.003273522894876,-27.39559715506735,-27.26306062001239,-35.647691104680476,study_recent,,weth_usdc_3000_month_24774867_24781026_w31,weth_usdc,3000,24774867,24781026,31,stress
chainlink,exports/study_recent/retune/s25_g0.5/2026_04/weth_usdc_3000_month_24781026_24788225_w01/chainlink_reference_updates.csv,550,4,0.0072727272727272,550,222,306,22,0.04,38,149,0.0,0.0,0.0,16.04622551205626,-19.86097228661114,0.2006615565615697,0.1821124071056265,0.1788992991403901,0.3269500317886814,-12.554643045959724,-13.3862863999512,-14.00121892099739,-8.502174853914578,-25.270029780376554,-25.680388351180618,-24.779882169131504,-32.435478069620636,study_recent,,weth_usdc_3000_month_24781026_24788225_w01,weth_usdc,3000,24781026,24788225,1,stress
chainlink,exports/study_recent/retune/s25_g0.5/2026_04/weth_usdc_3000_month_24853026_24860225_w11/chainlink_reference_updates.csv,284,88,0.3098591549295774,197,83,106,95,0.3345070422535211,27,57,0.0481927710843373,0.1481481481481481,0.0,12.920626544601586,-11.74405317750441,0.105067288047255,0.111539602032777,0.1391104320041689,0.0631284440730344,-10.47955440495549,-10.53170797223008,-10.79586631880598,-11.985714609288294,-29.345018032448984,-29.996301264177163,-33.43197796266267,-28.966668733160127,study_recent,,weth_usdc_3000_month_24853026_24860225_w11,weth_usdc,3000,24853026,24860225,11,stress
chainlink,exports/study_recent/retune/s25_g0.5/2026_04/weth_usdc_3000_month_24917826_24925025_w20/chainlink_reference_updates.csv,557,135,0.2423698384201077,422,162,251,144,0.2585278276481149,55,48,0.0061728395061728,0.0181818181818181,0.0,13.744276410457244,-11.39454064501724,-0.0375409470308274,-0.0664628757586486,-0.0693457522465419,-0.0686382248508114,-13.986460412046124,-17.372140830469966,-16.414798290019537,-14.875070308729828,-11.184917870917072,-10.963279624628738,-10.99157337315183,-3.755473041445475,study_recent,,weth_usdc_3000_month_24917826_24925025_w20,weth_usdc,3000,24917826,24925025,20,stress
chainlink,exports/study_recent/retune/s25_g0.5/2026_04/weth_usdc_3000_month_24989826_24996367_w30/chainlink_reference_updates.csv,435,167,0.3839080459770115,268,82,179,174,0.4,18,65,0.024390243902439,0.1111111111111111,0.0,16.090052842931563,-15.107639550591768,-0.1326989377142305,-0.0218754525720642,0.1637684990133794,0.1690443347159704,-20.286501796968572,-14.24912817186124,-3.3727436465229386,-3.34156228854038,-16.55254763345414,-17.15919925482042,-17.857797643546224,-13.47380968060511,study_recent,,weth_usdc_3000_month_24989826_24996367_w30,weth_usdc,3000,24989826,24996367,30,stress
chainlink,exports/study_recent/retune/s25_g0.5/2026_05/weth_usdc_3000_month_24996367_25003566_w01/chainlink_reference_updates.csv,273,1,0.0036630036630036,273,125,140,8,0.0293040293040293,23,56,0.064,0.3478260869565217,0.0,14.206611839710908,-17.947631143965683,0.1311639433063715,0.0605878075449711,0.0773181222440347,0.1288935040470012,-14.431134160418512,-14.980699364725997,-14.167026470891996,-12.96389643862473,-20.265222477146143,-20.132178826124782,-18.99773027953278,-19.54330862872111,study_recent,,weth_usdc_3000_month_24996367_25003566_w01,weth_usdc,3000,24996367,25003566,1,stress
chainlink,exports/study_recent/retune/s25_g0.5/2026_05/weth_usdc_3000_month_25068367_25075566_w11/chainlink_reference_updates.csv,420,188,0.4476190476190476,232,101,128,191,0.4547619047619047,28,58,0.0198019801980198,0.0714285714285714,0.0,14.123133908005972,-8.69619734698958,0.2481945953301258,0.1995881703123679,0.1783755654915922,-0.0530497671541176,2.1608111051191217,0.5996734150673039,0.4354926784669075,-12.885638230049574,-15.337888846260393,-14.940735293760143,-14.28440393919426,0.3851047930919155,study_recent,,weth_usdc_3000_month_25068367_25075566_w11,weth_usdc,3000,25068367,25075566,11,stress
chainlink,exports/study_recent/retune/s25_g0.5/2026_05/weth_usdc_3000_month_25140367_25147566_w21/chainlink_reference_updates.csv,362,69,0.1906077348066298,294,117,163,82,0.2265193370165746,42,89,0.1196581196581196,0.3333333333333333,0.0,12.943347657350197,-13.91554327143302,0.0995944355278345,0.1583125066504234,0.1930038611860881,0.1252991596828879,-10.991729379497258,-7.856165268543194,-4.83437923408468,-4.966147946421801,-23.071875102010203,-23.071875102010203,-21.650913670080232,-23.309996730448084,study_recent,,weth_usdc_3000_month_25140367_25147566_w21,weth_usdc,3000,25140367,25147566,21,stress
chainlink,exports/study_recent/retune/s25_g0.5/2026_05/weth_usdc_3000_month_25212367_25218797_w31/chainlink_reference_updates.csv,210,25,0.119047619047619,185,70,99,41,0.1952380952380952,27,49,0.0285714285714285,0.074074074074074,0.0,10.647504431968375,-14.16934945654238,0.0606381814620625,0.1309686102334065,0.1911730868722091,0.2729788889001712,-13.217012113199733,-10.479252037446136,-4.080514928956876,-0.7482995241041678,-22.890986144688807,-23.39735793150884,-21.04227932521487,-16.138805535364988,study_recent,,weth_usdc_3000_month_25212367_25218797_w31,weth_usdc,3000,25212367,25218797,31,stress
chainlink,exports/study_recent/retune/s25_g0.5/2026_06/weth_usdc_3000_month_25218797_25225996_w01/chainlink_reference_updates.csv,385,0,0.0,385,163,206,16,0.0415584415584415,49,99,0.0184049079754601,0.0612244897959183,0.0,13.713979633271208,-21.78238275050906,0.0472375754099227,0.0779816793496268,0.08047763522981,-0.0845428916471953,-21.87384649741089,-20.305875049418223,-19.632169600956008,-23.6731706792328,-21.078457408489346,-21.375693432796155,-20.996973685458073,-10.76842934027096,study_recent,,weth_usdc_3000_month_25218797_25225996_w01,weth_usdc,3000,25218797,25225996,1,stress
chainlink,exports/study_recent/retune/s25_g0.5/2026_06/weth_usdc_3000_month_25290797_25297996_w11/chainlink_reference_updates.csv,637,162,0.2543171114599686,476,237,223,177,0.2778649921507064,63,79,0.0042194092827004,0.0158730158730158,0.0,16.47905894192902,-21.320348774964007,-0.0093584941194256,-0.0186961651968423,-0.068814231398747,-0.0257561077488162,-11.854791034453823,-11.5915883991569,-14.945704058455592,0.2097183500152014,-14.694618373348408,-14.090574273315688,-12.18146446799155,-13.597242533791706,study_recent,,weth_usdc_3000_month_25290797_25297996_w11,weth_usdc,3000,25290797,25297996,11,stress
chainlink,exports/study_recent/retune/s25_g0.5/2026_06/weth_usdc_3000_month_25355597_25362796_w20/chainlink_reference_updates.csv,591,73,0.1235194585448392,521,242,256,93,0.1573604060913705,62,104,0.0041322314049586,0.0161290322580645,0.0,12.94552775063773,-10.0877423807284,0.3347585358110334,0.1520097761012519,0.0579452487004495,0.1235049082412191,1.966198540043957,1.5187577255909095,-4.810755430129733,-3.239770556494043,-20.733185941666548,-19.634992760898253,-17.935724905805277,-16.629510438385587,study_recent,,weth_usdc_3000_month_25355597_25362796_w20,weth_usdc,3000,25355597,25362796,20,stress
chainlink,exports/study_recent/retune/s25_g0.5/2026_06/weth_usdc_3000_month_25427597_25433938_w30/chainlink_reference_updates.csv,589,116,0.1969439728353141,473,188,270,131,0.2224108658743633,72,66,0.0319148936170212,0.0833333333333333,0.0,12.641213985133628,-11.34238835266166,-0.067401682207962,-0.0641567421637091,-0.0863952202057077,-0.0241543584568197,-11.18371134177637,-10.120762958668603,-10.08242258532023,-7.476383511799733,-6.421290746279199,-5.7334488640013825,-1.071151522432773,-2.909519774570944,study_recent,,weth_usdc_3000_month_25427597_25433938_w30,weth_usdc,3000,25427597,25433938,30,stress
chainlink,exports/study_recent/retune/s25_g2/2026_01/weth_usdc_3000_month_24136052_24143251_w01/chainlink_reference_updates.csv,292,2,0.0068493150684931,292,89,140,63,0.2157534246575342,24,60,0.0337078651685393,0.125,0.0,10.677483532547766,-4.404615514818632,0.2737974798375319,0.3599864467101078,0.3783024703765619,0.1421143146722091,1.0957960006509566,2.898749254963301,4.5983937697262585,3.2367751263096856,-9.30609658707843,-9.152442089187758,-8.710425806499524,-7.459251450107789,study_recent,,weth_usdc_3000_month_24136052_24143251_w01,weth_usdc,3000,24136052,24143251,1,stress
chainlink,exports/study_recent/retune/s25_g2/2026_01/weth_usdc_3000_month_24208052_24215251_w11/chainlink_reference_updates.csv,473,43,0.0909090909090909,430,136,278,59,0.1247357293868921,15,129,0.0367647058823529,0.3333333333333333,0.0,19.189537272496526,-26.67930335548654,0.3372112041098104,0.4044130884699526,0.437252110692667,0.4714739353854937,-4.323843779175982,3.183865172003323,8.323975899735832,11.91118894715459,-37.224676027105275,-37.224676027105275,-35.60959185285724,-32.88489893779175,study_recent,,weth_usdc_3000_month_24208052_24215251_w11,weth_usdc,3000,24208052,24215251,11,stress
chainlink,exports/study_recent/retune/s25_g2/2026_01/weth_usdc_3000_month_24280052_24287251_w21/chainlink_reference_updates.csv,835,111,0.1329341317365269,724,325,370,140,0.1676646706586826,80,209,0.003076923076923,0.0125,0.0,15.63562119892532,-29.639452606843214,0.1760961976137471,0.1093750718500855,-0.1322165342592215,-0.0808849784216414,-25.950467430279595,-27.396470661436823,-39.246874839656655,-58.33284079100289,-39.097180311275615,-38.58877181318799,-37.52945552701771,-62.92362019444946,study_recent,,weth_usdc_3000_month_24280052_24287251_w21,weth_usdc,3000,24280052,24287251,21,stress
chainlink,exports/study_recent/retune/s25_g2/2026_01/weth_usdc_3000_month_24352052_24358292_w31/chainlink_reference_updates.csv,1128,21,0.0186170212765957,1108,422,660,46,0.0407801418439716,154,217,0.0165876777251184,0.0454545454545454,0.032258064516129,73.48151154412223,-42.41484872193219,0.7989430650805217,0.7728998389284065,0.6897855818007302,0.4101107893449434,5.422598598735531,2.508042061835545,-0.0272412638131301,-48.79766160928345,-76.20644900251183,-76.0507082258201,-78.19757353014461,-59.535876116897725,study_recent,,weth_usdc_3000_month_24352052_24358292_w31,weth_usdc,3000,24352052,24358292,31,stress
chainlink,exports/study_recent/retune/s25_g2/2026_02/weth_usdc_3000_month_24358292_24365491_w01/chainlink_reference_updates.csv,1224,0,0.0,1224,599,591,34,0.0277777777777777,147,194,0.015025041736227,0.0612244897959183,0.0206185567010309,25.13272310618104,-27.8191231917389,0.4023795754893692,0.29201705706892,0.2388168309850091,0.1653008765105717,-23.054682353969906,-24.70056230599121,-27.40093036443784,-12.666980999935848,-32.48871818970378,-31.652869350777273,-29.356422535292175,-22.638019506434617,study_recent,,weth_usdc_3000_month_24358292_24365491_w01,weth_usdc,3000,24358292,24365491,1,stress
chainlink,exports/study_recent/retune/s25_g2/2026_02/weth_usdc_3000_month_24423092_24430291_w10/chainlink_reference_updates.csv,632,203,0.3212025316455696,432,198,223,211,0.3338607594936709,63,96,0.0,0.0,0.0,15.487076120314534,-11.40023869404434,-0.0846106671320796,-0.1068404643812266,-0.107958137717118,-0.0158428220527015,-15.835876543669375,-11.982467614381807,-12.140679846945982,-9.357266506103572,-15.179061156488636,-14.42046748850176,-14.21650874523867,-19.1774933542604,study_recent,,weth_usdc_3000_month_24423092_24430291_w10,weth_usdc,3000,24423092,24430291,10,stress
chainlink,exports/study_recent/retune/s25_g2/2026_02/weth_usdc_3000_month_24487892_24495091_w19/chainlink_reference_updates.csv,590,87,0.147457627118644,503,252,236,102,0.1728813559322033,43,109,0.0,0.0,0.0,14.82223503107821,-16.83919624930646,0.2744685708110197,0.2764106073237412,0.2945928740837134,0.1838030952085264,-4.06710771106877,-1.7394530398869912,2.8187805924343388,11.631611385065634,-23.76893144536607,-23.512932409465225,-21.382321508843948,-5.602017676084715,study_recent,,weth_usdc_3000_month_24487892_24495091_w19,weth_usdc,3000,24487892,24495091,19,stress
chainlink,exports/study_recent/retune/s25_g2/2026_02/weth_usdc_3000_month_24552692_24558867_w28/chainlink_reference_updates.csv,723,132,0.1825726141078838,591,274,308,141,0.1950207468879668,75,143,0.0036496350364963,0.0133333333333333,0.0,17.50738249991465,-20.22310858558822,0.0814390369335454,0.0615057628311782,0.0144555510740444,0.1036295487813215,-21.875779295080168,-19.034251279917168,-15.909918972405396,-18.98630551219463,-25.176769390165344,-24.95227440334925,-22.559912461849017,-31.59322456338076,study_recent,,weth_usdc_3000_month_24552692_24558867_w28,weth_usdc,3000,24552692,24558867,28,stress
chainlink,exports/study_recent/retune/s25_g2/2026_03/weth_usdc_3000_month_24558867_24566066_w01/chainlink_reference_updates.csv,749,1,0.0013351134846461,749,350,374,25,0.0333778371161548,116,170,0.0171428571428571,0.0517241379310344,0.0,19.603832871482673,-24.97454627215561,-0.0148101438520641,-0.0263366765928441,0.0590937953183304,0.0324471791659777,-27.581011020098337,-27.61292016376942,-30.05896061183603,-33.61267406461213,-22.590421837309464,-23.537638811314647,-28.31029037687448,-23.849376724883506,study_recent,,weth_usdc_3000_month_24558867_24566066_w01,weth_usdc,3000,24558867,24566066,1,stress
chainlink,exports/study_recent/retune/s25_g2/2026_03/weth_usdc_3000_month_24630867_24638066_w11/chainlink_reference_updates.csv,442,79,0.1787330316742081,363,164,191,87,0.1968325791855203,24,106,0.0,0.0,0.0,17.123284721939868,-27.055559587569043,0.1772660584823544,0.1810911330469357,0.239344989317699,0.1497466280306362,-26.11794911222777,-24.27483029355197,-19.800455471681055,-19.692418927234247,-41.6324949450848,-40.496213972272905,-40.16833540300995,-34.9339863341875,study_recent,,weth_usdc_3000_month_24630867_24638066_w11,weth_usdc,3000,24630867,24638066,11,stress
chainlink,exports/study_recent/retune/s25_g2/2026_03/weth_usdc_3000_month_24702867_24710066_w21/chainlink_reference_updates.csv,230,24,0.1043478260869565,206,62,139,29,0.1260869565217391,13,50,0.0161290322580645,0.0769230769230769,0.02,13.603317976525895,-28.164533083846585,-0.0141975910954394,-0.00981438137855,-0.1293782098940629,-0.0235486464283813,-32.84883166921023,-35.63904745266766,-53.37478799467464,-37.65765487410179,-29.86939728876547,-30.871522748004544,-25.380680142236216,-39.158745712922894,study_recent,,weth_usdc_3000_month_24702867_24710066_w21,weth_usdc,3000,24702867,24710066,21,stress
chainlink,exports/study_recent/retune/s25_g2/2026_03/weth_usdc_3000_month_24774867_24781026_w31/chainlink_reference_updates.csv,512,44,0.0859375,468,188,265,59,0.115234375,42,131,0.0053191489361702,0.0238095238095238,0.0,15.190289338715166,-26.198837047574372,0.0081839523417194,0.0061992655274301,-0.000575254604896,0.0913113640246938,-25.799751112319136,-26.90934174929693,-30.80503928226588,-28.0480045650968,-28.003273522894876,-27.39559715506735,-27.26306062001239,-35.647691104680476,study_recent,,weth_usdc_3000_month_24774867_24781026_w31,weth_usdc,3000,24774867,24781026,31,stress
chainlink,exports/study_recent/retune/s25_g2/2026_04/weth_usdc_3000_month_24781026_24788225_w01/chainlink_reference_updates.csv,550,4,0.0072727272727272,550,222,306,22,0.04,38,149,0.0,0.0,0.0,16.04622551205626,-19.86097228661114,0.2006615565615697,0.1821124071056265,0.1788992991403901,0.3269500317886814,-12.554643045959724,-13.3862863999512,-14.00121892099739,-8.502174853914578,-25.270029780376554,-25.680388351180618,-24.779882169131504,-32.435478069620636,study_recent,,weth_usdc_3000_month_24781026_24788225_w01,weth_usdc,3000,24781026,24788225,1,stress
chainlink,exports/study_recent/retune/s25_g2/2026_04/weth_usdc_3000_month_24853026_24860225_w11/chainlink_reference_updates.csv,284,88,0.3098591549295774,197,83,106,95,0.3345070422535211,27,57,0.0481927710843373,0.1481481481481481,0.0,12.920626544601586,-11.74405317750441,0.105067288047255,0.111539602032777,0.1391104320041689,0.0631284440730344,-10.47955440495549,-10.53170797223008,-10.79586631880598,-11.985714609288294,-29.345018032448984,-29.996301264177163,-33.43197796266267,-28.966668733160127,study_recent,,weth_usdc_3000_month_24853026_24860225_w11,weth_usdc,3000,24853026,24860225,11,stress
chainlink,exports/study_recent/retune/s25_g2/2026_04/weth_usdc_3000_month_24917826_24925025_w20/chainlink_reference_updates.csv,557,135,0.2423698384201077,422,162,251,144,0.2585278276481149,55,48,0.0061728395061728,0.0181818181818181,0.0,13.744276410457244,-11.39454064501724,-0.0375409470308274,-0.0664628757586486,-0.0693457522465419,-0.0686382248508114,-13.986460412046124,-17.372140830469966,-16.414798290019537,-14.875070308729828,-11.184917870917072,-10.963279624628738,-10.99157337315183,-3.755473041445475,study_recent,,weth_usdc_3000_month_24917826_24925025_w20,weth_usdc,3000,24917826,24925025,20,stress
chainlink,exports/study_recent/retune/s25_g2/2026_04/weth_usdc_3000_month_24989826_24996367_w30/chainlink_reference_updates.csv,435,167,0.3839080459770115,268,82,179,174,0.4,18,65,0.024390243902439,0.1111111111111111,0.0,16.090052842931563,-15.107639550591768,-0.1326989377142305,-0.0218754525720642,0.1637684990133794,0.1690443347159704,-20.286501796968572,-14.24912817186124,-3.3727436465229386,-3.34156228854038,-16.55254763345414,-17.15919925482042,-17.857797643546224,-13.47380968060511,study_recent,,weth_usdc_3000_month_24989826_24996367_w30,weth_usdc,3000,24989826,24996367,30,stress
chainlink,exports/study_recent/retune/s25_g2/2026_05/weth_usdc_3000_month_24996367_25003566_w01/chainlink_reference_updates.csv,273,1,0.0036630036630036,273,125,140,8,0.0293040293040293,23,56,0.064,0.3478260869565217,0.0,14.206611839710908,-17.947631143965683,0.1311639433063715,0.0605878075449711,0.0773181222440347,0.1288935040470012,-14.431134160418512,-14.980699364725997,-14.167026470891996,-12.96389643862473,-20.265222477146143,-20.132178826124782,-18.99773027953278,-19.54330862872111,study_recent,,weth_usdc_3000_month_24996367_25003566_w01,weth_usdc,3000,24996367,25003566,1,stress
chainlink,exports/study_recent/retune/s25_g2/2026_05/weth_usdc_3000_month_25068367_25075566_w11/chainlink_reference_updates.csv,420,188,0.4476190476190476,232,101,128,191,0.4547619047619047,28,58,0.0198019801980198,0.0714285714285714,0.0,14.123133908005972,-8.69619734698958,0.2481945953301258,0.1995881703123679,0.1783755654915922,-0.0530497671541176,2.1608111051191217,0.5996734150673039,0.4354926784669075,-12.885638230049574,-15.337888846260393,-14.940735293760143,-14.28440393919426,0.3851047930919155,study_recent,,weth_usdc_3000_month_25068367_25075566_w11,weth_usdc,3000,25068367,25075566,11,stress
chainlink,exports/study_recent/retune/s25_g2/2026_05/weth_usdc_3000_month_25140367_25147566_w21/chainlink_reference_updates.csv,362,69,0.1906077348066298,294,117,163,82,0.2265193370165746,42,89,0.1196581196581196,0.3333333333333333,0.0,12.943347657350197,-13.91554327143302,0.0995944355278345,0.1583125066504234,0.1930038611860881,0.1252991596828879,-10.991729379497258,-7.856165268543194,-4.83437923408468,-4.966147946421801,-23.071875102010203,-23.071875102010203,-21.650913670080232,-23.309996730448084,study_recent,,weth_usdc_3000_month_25140367_25147566_w21,weth_usdc,3000,25140367,25147566,21,stress
chainlink,exports/study_recent/retune/s25_g2/2026_05/weth_usdc_3000_month_25212367_25218797_w31/chainlink_reference_updates.csv,210,25,0.119047619047619,185,70,99,41,0.1952380952380952,27,49,0.0285714285714285,0.074074074074074,0.0,10.647504431968375,-14.16934945654238,0.0606381814620625,0.1309686102334065,0.1911730868722091,0.2729788889001712,-13.217012113199733,-10.479252037446136,-4.080514928956876,-0.7482995241041678,-22.890986144688807,-23.39735793150884,-21.04227932521487,-16.138805535364988,study_recent,,weth_usdc_3000_month_25212367_25218797_w31,weth_usdc,3000,25212367,25218797,31,stress
chainlink,exports/study_recent/retune/s25_g2/2026_06/weth_usdc_3000_month_25218797_25225996_w01/chainlink_reference_updates.csv,385,0,0.0,385,163,206,16,0.0415584415584415,49,99,0.0184049079754601,0.0612244897959183,0.0,13.713979633271208,-21.78238275050906,0.0472375754099227,0.0779816793496268,0.08047763522981,-0.0845428916471953,-21.87384649741089,-20.305875049418223,-19.632169600956008,-23.6731706792328,-21.078457408489346,-21.375693432796155,-20.996973685458073,-10.76842934027096,study_recent,,weth_usdc_3000_month_25218797_25225996_w01,weth_usdc,3000,25218797,25225996,1,stress
chainlink,exports/study_recent/retune/s25_g2/2026_06/weth_usdc_3000_month_25290797_25297996_w11/chainlink_reference_updates.csv,637,162,0.2543171114599686,476,237,223,177,0.2778649921507064,63,79,0.0042194092827004,0.0158730158730158,0.0,16.47905894192902,-21.320348774964007,-0.0093584941194256,-0.0186961651968423,-0.068814231398747,-0.0257561077488162,-11.854791034453823,-11.5915883991569,-14.945704058455592,0.2097183500152014,-14.694618373348408,-14.090574273315688,-12.18146446799155,-13.597242533791706,study_recent,,weth_usdc_3000_month_25290797_25297996_w11,weth_usdc,3000,25290797,25297996,11,stress
chainlink,exports/study_recent/retune/s25_g2/2026_06/weth_usdc_3000_month_25355597_25362796_w20/chainlink_reference_updates.csv,591,73,0.1235194585448392,521,242,256,93,0.1573604060913705,62,104,0.0041322314049586,0.0161290322580645,0.0,12.94552775063773,-10.0877423807284,0.3347585358110334,0.1520097761012519,0.0579452487004495,0.1235049082412191,1.966198540043957,1.5187577255909095,-4.810755430129733,-3.239770556494043,-20.733185941666548,-19.634992760898253,-17.935724905805277,-16.629510438385587,study_recent,,weth_usdc_3000_month_25355597_25362796_w20,weth_usdc,3000,25355597,25362796,20,stress
chainlink,exports/study_recent/retune/s25_g2/2026_06/weth_usdc_3000_month_25427597_25433938_w30/chainlink_reference_updates.csv,589,116,0.1969439728353141,473,188,270,131,0.2224108658743633,72,66,0.0319148936170212,0.0833333333333333,0.0,12.641213985133628,-11.34238835266166,-0.067401682207962,-0.0641567421637091,-0.0863952202057077,-0.0241543584568197,-11.18371134177637,-10.120762958668603,-10.08242258532023,-7.476383511799733,-6.421290746279199,-5.7334488640013825,-1.071151522432773,-2.909519774570944,study_recent,,weth_usdc_3000_month_25427597_25433938_w30,weth_usdc,3000,25427597,25433938,30,stress
chainlink,exports/study_recent/retune/s25_g5/2026_01/weth_usdc_3000_month_24136052_24143251_w01/chainlink_reference_updates.csv,292,2,0.0068493150684931,292,89,140,63,0.2157534246575342,24,60,0.0337078651685393,0.125,0.0,10.677483532547766,-4.404615514818632,0.2737974798375319,0.3599864467101078,0.3783024703765619,0.1421143146722091,1.0957960006509566,2.898749254963301,4.5983937697262585,3.2367751263096856,-9.30609658707843,-9.152442089187758,-8.710425806499524,-7.459251450107789,study_recent,,weth_usdc_3000_month_24136052_24143251_w01,weth_usdc,3000,24136052,24143251,1,stress
chainlink,exports/study_recent/retune/s25_g5/2026_01/weth_usdc_3000_month_24208052_24215251_w11/chainlink_reference_updates.csv,473,43,0.0909090909090909,430,136,278,59,0.1247357293868921,15,129,0.0367647058823529,0.3333333333333333,0.0,19.189537272496526,-26.67930335548654,0.3372112041098104,0.4044130884699526,0.437252110692667,0.4714739353854937,-4.323843779175982,3.183865172003323,8.323975899735832,11.91118894715459,-37.224676027105275,-37.224676027105275,-35.60959185285724,-32.88489893779175,study_recent,,weth_usdc_3000_month_24208052_24215251_w11,weth_usdc,3000,24208052,24215251,11,stress
chainlink,exports/study_recent/retune/s25_g5/2026_01/weth_usdc_3000_month_24280052_24287251_w21/chainlink_reference_updates.csv,835,111,0.1329341317365269,724,325,370,140,0.1676646706586826,80,209,0.003076923076923,0.0125,0.0,15.63562119892532,-29.639452606843214,0.1760961976137471,0.1093750718500855,-0.1322165342592215,-0.0808849784216414,-25.950467430279595,-27.396470661436823,-39.246874839656655,-58.33284079100289,-39.097180311275615,-38.58877181318799,-37.52945552701771,-62.92362019444946,study_recent,,weth_usdc_3000_month_24280052_24287251_w21,weth_usdc,3000,24280052,24287251,21,stress
chainlink,exports/study_recent/retune/s25_g5/2026_01/weth_usdc_3000_month_24352052_24358292_w31/chainlink_reference_updates.csv,1128,21,0.0186170212765957,1108,422,660,46,0.0407801418439716,154,217,0.0165876777251184,0.0454545454545454,0.032258064516129,73.48151154412223,-42.41484872193219,0.7989430650805217,0.7728998389284065,0.6897855818007302,0.4101107893449434,5.422598598735531,2.508042061835545,-0.0272412638131301,-48.79766160928345,-76.20644900251183,-76.0507082258201,-78.19757353014461,-59.535876116897725,study_recent,,weth_usdc_3000_month_24352052_24358292_w31,weth_usdc,3000,24352052,24358292,31,stress
chainlink,exports/study_recent/retune/s25_g5/2026_02/weth_usdc_3000_month_24358292_24365491_w01/chainlink_reference_updates.csv,1224,0,0.0,1224,599,591,34,0.0277777777777777,147,194,0.015025041736227,0.0612244897959183,0.0206185567010309,25.13272310618104,-27.8191231917389,0.4023795754893692,0.29201705706892,0.2388168309850091,0.1653008765105717,-23.054682353969906,-24.70056230599121,-27.40093036443784,-12.666980999935848,-32.48871818970378,-31.652869350777273,-29.356422535292175,-22.638019506434617,study_recent,,weth_usdc_3000_month_24358292_24365491_w01,weth_usdc,3000,24358292,24365491,1,stress
chainlink,exports/study_recent/retune/s25_g5/2026_02/weth_usdc_3000_month_24423092_24430291_w10/chainlink_reference_updates.csv,632,203,0.3212025316455696,432,198,223,211,0.3338607594936709,63,96,0.0,0.0,0.0,15.487076120314534,-11.40023869404434,-0.0846106671320796,-0.1068404643812266,-0.107958137717118,-0.0158428220527015,-15.835876543669375,-11.982467614381807,-12.140679846945982,-9.357266506103572,-15.179061156488636,-14.42046748850176,-14.21650874523867,-19.1774933542604,study_recent,,weth_usdc_3000_month_24423092_24430291_w10,weth_usdc,3000,24423092,24430291,10,stress
chainlink,exports/study_recent/retune/s25_g5/2026_02/weth_usdc_3000_month_24487892_24495091_w19/chainlink_reference_updates.csv,590,87,0.147457627118644,503,252,236,102,0.1728813559322033,43,109,0.0,0.0,0.0,14.82223503107821,-16.83919624930646,0.2744685708110197,0.2764106073237412,0.2945928740837134,0.1838030952085264,-4.06710771106877,-1.7394530398869912,2.8187805924343388,11.631611385065634,-23.76893144536607,-23.512932409465225,-21.382321508843948,-5.602017676084715,study_recent,,weth_usdc_3000_month_24487892_24495091_w19,weth_usdc,3000,24487892,24495091,19,stress
chainlink,exports/study_recent/retune/s25_g5/2026_02/weth_usdc_3000_month_24552692_24558867_w28/chainlink_reference_updates.csv,723,132,0.1825726141078838,591,274,308,141,0.1950207468879668,75,143,0.0036496350364963,0.0133333333333333,0.0,17.50738249991465,-20.22310858558822,0.0814390369335454,0.0615057628311782,0.0144555510740444,0.1036295487813215,-21.875779295080168,-19.034251279917168,-15.909918972405396,-18.98630551219463,-25.176769390165344,-24.95227440334925,-22.559912461849017,-31.59322456338076,study_recent,,weth_usdc_3000_month_24552692_24558867_w28,weth_usdc,3000,24552692,24558867,28,stress
chainlink,exports/study_recent/retune/s25_g5/2026_03/weth_usdc_3000_month_24558867_24566066_w01/chainlink_reference_updates.csv,749,1,0.0013351134846461,749,350,374,25,0.0333778371161548,116,170,0.0171428571428571,0.0517241379310344,0.0,19.603832871482673,-24.97454627215561,-0.0148101438520641,-0.0263366765928441,0.0590937953183304,0.0324471791659777,-27.581011020098337,-27.61292016376942,-30.05896061183603,-33.61267406461213,-22.590421837309464,-23.537638811314647,-28.31029037687448,-23.849376724883506,study_recent,,weth_usdc_3000_month_24558867_24566066_w01,weth_usdc,3000,24558867,24566066,1,stress
chainlink,exports/study_recent/retune/s25_g5/2026_03/weth_usdc_3000_month_24630867_24638066_w11/chainlink_reference_updates.csv,442,79,0.1787330316742081,363,164,191,87,0.1968325791855203,24,106,0.0,0.0,0.0,17.123284721939868,-27.055559587569043,0.1772660584823544,0.1810911330469357,0.239344989317699,0.1497466280306362,-26.11794911222777,-24.27483029355197,-19.800455471681055,-19.692418927234247,-41.6324949450848,-40.496213972272905,-40.16833540300995,-34.9339863341875,study_recent,,weth_usdc_3000_month_24630867_24638066_w11,weth_usdc,3000,24630867,24638066,11,stress
chainlink,exports/study_recent/retune/s25_g5/2026_03/weth_usdc_3000_month_24702867_24710066_w21/chainlink_reference_updates.csv,230,24,0.1043478260869565,206,62,139,29,0.1260869565217391,13,50,0.0161290322580645,0.0769230769230769,0.02,13.603317976525895,-28.164533083846585,-0.0141975910954394,-0.00981438137855,-0.1293782098940629,-0.0235486464283813,-32.84883166921023,-35.63904745266766,-53.37478799467464,-37.65765487410179,-29.86939728876547,-30.871522748004544,-25.380680142236216,-39.158745712922894,study_recent,,weth_usdc_3000_month_24702867_24710066_w21,weth_usdc,3000,24702867,24710066,21,stress
chainlink,exports/study_recent/retune/s25_g5/2026_03/weth_usdc_3000_month_24774867_24781026_w31/chainlink_reference_updates.csv,512,44,0.0859375,468,188,265,59,0.115234375,42,131,0.0053191489361702,0.0238095238095238,0.0,15.190289338715166,-26.198837047574372,0.0081839523417194,0.0061992655274301,-0.000575254604896,0.0913113640246938,-25.799751112319136,-26.90934174929693,-30.80503928226588,-28.0480045650968,-28.003273522894876,-27.39559715506735,-27.26306062001239,-35.647691104680476,study_recent,,weth_usdc_3000_month_24774867_24781026_w31,weth_usdc,3000,24774867,24781026,31,stress
chainlink,exports/study_recent/retune/s25_g5/2026_04/weth_usdc_3000_month_24781026_24788225_w01/chainlink_reference_updates.csv,550,4,0.0072727272727272,550,222,306,22,0.04,38,149,0.0,0.0,0.0,16.04622551205626,-19.86097228661114,0.2006615565615697,0.1821124071056265,0.1788992991403901,0.3269500317886814,-12.554643045959724,-13.3862863999512,-14.00121892099739,-8.502174853914578,-25.270029780376554,-25.680388351180618,-24.779882169131504,-32.435478069620636,study_recent,,weth_usdc_3000_month_24781026_24788225_w01,weth_usdc,3000,24781026,24788225,1,stress
chainlink,exports/study_recent/retune/s25_g5/2026_04/weth_usdc_3000_month_24853026_24860225_w11/chainlink_reference_updates.csv,284,88,0.3098591549295774,197,83,106,95,0.3345070422535211,27,57,0.0481927710843373,0.1481481481481481,0.0,12.920626544601586,-11.74405317750441,0.105067288047255,0.111539602032777,0.1391104320041689,0.0631284440730344,-10.47955440495549,-10.53170797223008,-10.79586631880598,-11.985714609288294,-29.345018032448984,-29.996301264177163,-33.43197796266267,-28.966668733160127,study_recent,,weth_usdc_3000_month_24853026_24860225_w11,weth_usdc,3000,24853026,24860225,11,stress
chainlink,exports/study_recent/retune/s25_g5/2026_04/weth_usdc_3000_month_24917826_24925025_w20/chainlink_reference_updates.csv,557,135,0.2423698384201077,422,162,251,144,0.2585278276481149,55,48,0.0061728395061728,0.0181818181818181,0.0,13.744276410457244,-11.39454064501724,-0.0375409470308274,-0.0664628757586486,-0.0693457522465419,-0.0686382248508114,-13.986460412046124,-17.372140830469966,-16.414798290019537,-14.875070308729828,-11.184917870917072,-10.963279624628738,-10.99157337315183,-3.755473041445475,study_recent,,weth_usdc_3000_month_24917826_24925025_w20,weth_usdc,3000,24917826,24925025,20,stress
chainlink,exports/study_recent/retune/s25_g5/2026_04/weth_usdc_3000_month_24989826_24996367_w30/chainlink_reference_updates.csv,435,167,0.3839080459770115,268,82,179,174,0.4,18,65,0.024390243902439,0.1111111111111111,0.0,16.090052842931563,-15.107639550591768,-0.1326989377142305,-0.0218754525720642,0.1637684990133794,0.1690443347159704,-20.286501796968572,-14.24912817186124,-3.3727436465229386,-3.34156228854038,-16.55254763345414,-17.15919925482042,-17.857797643546224,-13.47380968060511,study_recent,,weth_usdc_3000_month_24989826_24996367_w30,weth_usdc,3000,24989826,24996367,30,stress
chainlink,exports/study_recent/retune/s25_g5/2026_05/weth_usdc_3000_month_24996367_25003566_w01/chainlink_reference_updates.csv,273,1,0.0036630036630036,273,125,140,8,0.0293040293040293,23,56,0.064,0.3478260869565217,0.0,14.206611839710908,-17.947631143965683,0.1311639433063715,0.0605878075449711,0.0773181222440347,0.1288935040470012,-14.431134160418512,-14.980699364725997,-14.167026470891996,-12.96389643862473,-20.265222477146143,-20.132178826124782,-18.99773027953278,-19.54330862872111,study_recent,,weth_usdc_3000_month_24996367_25003566_w01,weth_usdc,3000,24996367,25003566,1,stress
chainlink,exports/study_recent/retune/s25_g5/2026_05/weth_usdc_3000_month_25068367_25075566_w11/chainlink_reference_updates.csv,420,188,0.4476190476190476,232,101,128,191,0.4547619047619047,28,58,0.0198019801980198,0.0714285714285714,0.0,14.123133908005972,-8.69619734698958,0.2481945953301258,0.1995881703123679,0.1783755654915922,-0.0530497671541176,2.1608111051191217,0.5996734150673039,0.4354926784669075,-12.885638230049574,-15.337888846260393,-14.940735293760143,-14.28440393919426,0.3851047930919155,study_recent,,weth_usdc_3000_month_25068367_25075566_w11,weth_usdc,3000,25068367,25075566,11,stress
chainlink,exports/study_recent/retune/s25_g5/2026_05/weth_usdc_3000_month_25140367_25147566_w21/chainlink_reference_updates.csv,362,69,0.1906077348066298,294,117,163,82,0.2265193370165746,42,89,0.1196581196581196,0.3333333333333333,0.0,12.943347657350197,-13.91554327143302,0.0995944355278345,0.1583125066504234,0.1930038611860881,0.1252991596828879,-10.991729379497258,-7.856165268543194,-4.83437923408468,-4.966147946421801,-23.071875102010203,-23.071875102010203,-21.650913670080232,-23.309996730448084,study_recent,,weth_usdc_3000_month_25140367_25147566_w21,weth_usdc,3000,25140367,25147566,21,stress
chainlink,exports/study_recent/retune/s25_g5/2026_05/weth_usdc_3000_month_25212367_25218797_w31/chainlink_reference_updates.csv,210,25,0.119047619047619,185,70,99,41,0.1952380952380952,27,49,0.0285714285714285,0.074074074074074,0.0,10.647504431968375,-14.16934945654238,0.0606381814620625,0.1309686102334065,0.1911730868722091,0.2729788889001712,-13.217012113199733,-10.479252037446136,-4.080514928956876,-0.7482995241041678,-22.890986144688807,-23.39735793150884,-21.04227932521487,-16.138805535364988,study_recent,,weth_usdc_3000_month_25212367_25218797_w31,weth_usdc,3000,25212367,25218797,31,stress
chainlink,exports/study_recent/retune/s25_g5/2026_06/weth_usdc_3000_month_25218797_25225996_w01/chainlink_reference_updates.csv,385,0,0.0,385,163,206,16,0.0415584415584415,49,99,0.0184049079754601,0.0612244897959183,0.0,13.713979633271208,-21.78238275050906,0.0472375754099227,0.0779816793496268,0.08047763522981,-0.0845428916471953,-21.87384649741089,-20.305875049418223,-19.632169600956008,-23.6731706792328,-21.078457408489346,-21.375693432796155,-20.996973685458073,-10.76842934027096,study_recent,,weth_usdc_3000_month_25218797_25225996_w01,weth_usdc,3000,25218797,25225996,1,stress
chainlink,exports/study_recent/retune/s25_g5/2026_06/weth_usdc_3000_month_25290797_25297996_w11/chainlink_reference_updates.csv,637,162,0.2543171114599686,476,237,223,177,0.2778649921507064,63,79,0.0042194092827004,0.0158730158730158,0.0,16.47905894192902,-21.320348774964007,-0.0093584941194256,-0.0186961651968423,-0.068814231398747,-0.0257561077488162,-11.854791034453823,-11.5915883991569,-14.945704058455592,0.2097183500152014,-14.694618373348408,-14.090574273315688,-12.18146446799155,-13.597242533791706,study_recent,,weth_usdc_3000_month_25290797_25297996_w11,weth_usdc,3000,25290797,25297996,11,stress
chainlink,exports/study_recent/retune/s25_g5/2026_06/weth_usdc_3000_month_25355597_25362796_w20/chainlink_reference_updates.csv,591,73,0.1235194585448392,521,242,256,93,0.1573604060913705,62,104,0.0041322314049586,0.0161290322580645,0.0,12.94552775063773,-10.0877423807284,0.3347585358110334,0.1520097761012519,0.0579452487004495,0.1235049082412191,1.966198540043957,1.5187577255909095,-4.810755430129733,-3.239770556494043,-20.733185941666548,-19.634992760898253,-17.935724905805277,-16.629510438385587,study_recent,,weth_usdc_3000_month_25355597_25362796_w20,weth_usdc,3000,25355597,25362796,20,stress
chainlink,exports/study_recent/retune/s25_g5/2026_06/weth_usdc_3000_month_25427597_25433938_w30/chainlink_reference_updates.csv,589,116,0.1969439728353141,473,188,270,131,0.2224108658743633,72,66,0.0319148936170212,0.0833333333333333,0.0,12.641213985133628,-11.34238835266166,-0.067401682207962,-0.0641567421637091,-0.0863952202057077,-0.0241543584568197,-11.18371134177637,-10.120762958668603,-10.08242258532023,-7.476383511799733,-6.421290746279199,-5.7334488640013825,-1.071151522432773,-2.909519774570944,study_recent,,weth_usdc_3000_month_25427597_25433938_w30,weth_usdc,3000,25427597,25433938,30,stress
chainlink,exports/study_recent/retune/s50_g0.5/2026_01/weth_usdc_3000_month_24136052_24143251_w01/chainlink_reference_updates.csv,292,2,0.0068493150684931,292,89,140,63,0.2157534246575342,24,60,0.0337078651685393,0.125,0.0,10.677483532547766,-4.404615514818632,0.2737974798375319,0.3599864467101078,0.3783024703765619,0.1421143146722091,1.0957960006509566,2.898749254963301,4.5983937697262585,3.2367751263096856,-9.30609658707843,-9.152442089187758,-8.710425806499524,-7.459251450107789,study_recent,,weth_usdc_3000_month_24136052_24143251_w01,weth_usdc,3000,24136052,24143251,1,stress
chainlink,exports/study_recent/retune/s50_g0.5/2026_01/weth_usdc_3000_month_24208052_24215251_w11/chainlink_reference_updates.csv,473,43,0.0909090909090909,430,136,278,59,0.1247357293868921,15,129,0.0367647058823529,0.3333333333333333,0.0,19.189537272496526,-26.67930335548654,0.3372112041098104,0.4044130884699526,0.437252110692667,0.4714739353854937,-4.323843779175982,3.183865172003323,8.323975899735832,11.91118894715459,-37.224676027105275,-37.224676027105275,-35.60959185285724,-32.88489893779175,study_recent,,weth_usdc_3000_month_24208052_24215251_w11,weth_usdc,3000,24208052,24215251,11,stress
chainlink,exports/study_recent/retune/s50_g0.5/2026_01/weth_usdc_3000_month_24280052_24287251_w21/chainlink_reference_updates.csv,835,111,0.1329341317365269,724,325,370,140,0.1676646706586826,80,209,0.003076923076923,0.0125,0.0,15.63562119892532,-29.639452606843214,0.1760961976137471,0.1093750718500855,-0.1322165342592215,-0.0808849784216414,-25.950467430279595,-27.396470661436823,-39.246874839656655,-58.33284079100289,-39.097180311275615,-38.58877181318799,-37.52945552701771,-62.92362019444946,study_recent,,weth_usdc_3000_month_24280052_24287251_w21,weth_usdc,3000,24280052,24287251,21,stress
chainlink,exports/study_recent/retune/s50_g0.5/2026_01/weth_usdc_3000_month_24352052_24358292_w31/chainlink_reference_updates.csv,1128,21,0.0186170212765957,1108,422,660,46,0.0407801418439716,154,217,0.0165876777251184,0.0454545454545454,0.032258064516129,73.48151154412223,-42.41484872193219,0.7989430650805217,0.7728998389284065,0.6897855818007302,0.4101107893449434,5.422598598735531,2.508042061835545,-0.0272412638131301,-48.79766160928345,-76.20644900251183,-76.0507082258201,-78.19757353014461,-59.535876116897725,study_recent,,weth_usdc_3000_month_24352052_24358292_w31,weth_usdc,3000,24352052,24358292,31,stress
chainlink,exports/study_recent/retune/s50_g0.5/2026_02/weth_usdc_3000_month_24358292_24365491_w01/chainlink_reference_updates.csv,1224,0,0.0,1224,599,591,34,0.0277777777777777,147,194,0.015025041736227,0.0612244897959183,0.0206185567010309,25.13272310618104,-27.8191231917389,0.4023795754893692,0.29201705706892,0.2388168309850091,0.1653008765105717,-23.054682353969906,-24.70056230599121,-27.40093036443784,-12.666980999935848,-32.48871818970378,-31.652869350777273,-29.356422535292175,-22.638019506434617,study_recent,,weth_usdc_3000_month_24358292_24365491_w01,weth_usdc,3000,24358292,24365491,1,stress
chainlink,exports/study_recent/retune/s50_g0.5/2026_02/weth_usdc_3000_month_24423092_24430291_w10/chainlink_reference_updates.csv,632,203,0.3212025316455696,432,198,223,211,0.3338607594936709,63,96,0.0,0.0,0.0,15.487076120314534,-11.40023869404434,-0.0846106671320796,-0.1068404643812266,-0.107958137717118,-0.0158428220527015,-15.835876543669375,-11.982467614381807,-12.140679846945982,-9.357266506103572,-15.179061156488636,-14.42046748850176,-14.21650874523867,-19.1774933542604,study_recent,,weth_usdc_3000_month_24423092_24430291_w10,weth_usdc,3000,24423092,24430291,10,stress
chainlink,exports/study_recent/retune/s50_g0.5/2026_02/weth_usdc_3000_month_24487892_24495091_w19/chainlink_reference_updates.csv,590,87,0.147457627118644,503,252,236,102,0.1728813559322033,43,109,0.0,0.0,0.0,14.82223503107821,-16.83919624930646,0.2744685708110197,0.2764106073237412,0.2945928740837134,0.1838030952085264,-4.06710771106877,-1.7394530398869912,2.8187805924343388,11.631611385065634,-23.76893144536607,-23.512932409465225,-21.382321508843948,-5.602017676084715,study_recent,,weth_usdc_3000_month_24487892_24495091_w19,weth_usdc,3000,24487892,24495091,19,stress
chainlink,exports/study_recent/retune/s50_g0.5/2026_02/weth_usdc_3000_month_24552692_24558867_w28/chainlink_reference_updates.csv,723,132,0.1825726141078838,591,274,308,141,0.1950207468879668,75,143,0.0036496350364963,0.0133333333333333,0.0,17.50738249991465,-20.22310858558822,0.0814390369335454,0.0615057628311782,0.0144555510740444,0.1036295487813215,-21.875779295080168,-19.034251279917168,-15.909918972405396,-18.98630551219463,-25.176769390165344,-24.95227440334925,-22.559912461849017,-31.59322456338076,study_recent,,weth_usdc_3000_month_24552692_24558867_w28,weth_usdc,3000,24552692,24558867,28,stress
chainlink,exports/study_recent/retune/s50_g0.5/2026_03/weth_usdc_3000_month_24558867_24566066_w01/chainlink_reference_updates.csv,749,1,0.0013351134846461,749,350,374,25,0.0333778371161548,116,170,0.0171428571428571,0.0517241379310344,0.0,19.603832871482673,-24.97454627215561,-0.0148101438520641,-0.0263366765928441,0.0590937953183304,0.0324471791659777,-27.581011020098337,-27.61292016376942,-30.05896061183603,-33.61267406461213,-22.590421837309464,-23.537638811314647,-28.31029037687448,-23.849376724883506,study_recent,,weth_usdc_3000_month_24558867_24566066_w01,weth_usdc,3000,24558867,24566066,1,stress
chainlink,exports/study_recent/retune/s50_g0.5/2026_03/weth_usdc_3000_month_24630867_24638066_w11/chainlink_reference_updates.csv,442,79,0.1787330316742081,363,164,191,87,0.1968325791855203,24,106,0.0,0.0,0.0,17.123284721939868,-27.055559587569043,0.1772660584823544,0.1810911330469357,0.239344989317699,0.1497466280306362,-26.11794911222777,-24.27483029355197,-19.800455471681055,-19.692418927234247,-41.6324949450848,-40.496213972272905,-40.16833540300995,-34.9339863341875,study_recent,,weth_usdc_3000_month_24630867_24638066_w11,weth_usdc,3000,24630867,24638066,11,stress
chainlink,exports/study_recent/retune/s50_g0.5/2026_03/weth_usdc_3000_month_24702867_24710066_w21/chainlink_reference_updates.csv,230,24,0.1043478260869565,206,62,139,29,0.1260869565217391,13,50,0.0161290322580645,0.0769230769230769,0.02,13.603317976525895,-28.164533083846585,-0.0141975910954394,-0.00981438137855,-0.1293782098940629,-0.0235486464283813,-32.84883166921023,-35.63904745266766,-53.37478799467464,-37.65765487410179,-29.86939728876547,-30.871522748004544,-25.380680142236216,-39.158745712922894,study_recent,,weth_usdc_3000_month_24702867_24710066_w21,weth_usdc,3000,24702867,24710066,21,stress
chainlink,exports/study_recent/retune/s50_g0.5/2026_03/weth_usdc_3000_month_24774867_24781026_w31/chainlink_reference_updates.csv,512,44,0.0859375,468,188,265,59,0.115234375,42,131,0.0053191489361702,0.0238095238095238,0.0,15.190289338715166,-26.198837047574372,0.0081839523417194,0.0061992655274301,-0.000575254604896,0.0913113640246938,-25.799751112319136,-26.90934174929693,-30.80503928226588,-28.0480045650968,-28.003273522894876,-27.39559715506735,-27.26306062001239,-35.647691104680476,study_recent,,weth_usdc_3000_month_24774867_24781026_w31,weth_usdc,3000,24774867,24781026,31,stress
chainlink,exports/study_recent/retune/s50_g0.5/2026_04/weth_usdc_3000_month_24781026_24788225_w01/chainlink_reference_updates.csv,550,4,0.0072727272727272,550,222,306,22,0.04,38,149,0.0,0.0,0.0,16.04622551205626,-19.86097228661114,0.2006615565615697,0.1821124071056265,0.1788992991403901,0.3269500317886814,-12.554643045959724,-13.3862863999512,-14.00121892099739,-8.502174853914578,-25.270029780376554,-25.680388351180618,-24.779882169131504,-32.435478069620636,study_recent,,weth_usdc_3000_month_24781026_24788225_w01,weth_usdc,3000,24781026,24788225,1,stress
chainlink,exports/study_recent/retune/s50_g0.5/2026_04/weth_usdc_3000_month_24853026_24860225_w11/chainlink_reference_updates.csv,284,88,0.3098591549295774,197,83,106,95,0.3345070422535211,27,57,0.0481927710843373,0.1481481481481481,0.0,12.920626544601586,-11.74405317750441,0.105067288047255,0.111539602032777,0.1391104320041689,0.0631284440730344,-10.47955440495549,-10.53170797223008,-10.79586631880598,-11.985714609288294,-29.345018032448984,-29.996301264177163,-33.43197796266267,-28.966668733160127,study_recent,,weth_usdc_3000_month_24853026_24860225_w11,weth_usdc,3000,24853026,24860225,11,stress
chainlink,exports/study_recent/retune/s50_g0.5/2026_04/weth_usdc_3000_month_24917826_24925025_w20/chainlink_reference_updates.csv,557,135,0.2423698384201077,422,162,251,144,0.2585278276481149,55,48,0.0061728395061728,0.0181818181818181,0.0,13.744276410457244,-11.39454064501724,-0.0375409470308274,-0.0664628757586486,-0.0693457522465419,-0.0686382248508114,-13.986460412046124,-17.372140830469966,-16.414798290019537,-14.875070308729828,-11.184917870917072,-10.963279624628738,-10.99157337315183,-3.755473041445475,study_recent,,weth_usdc_3000_month_24917826_24925025_w20,weth_usdc,3000,24917826,24925025,20,stress
chainlink,exports/study_recent/retune/s50_g0.5/2026_04/weth_usdc_3000_month_24989826_24996367_w30/chainlink_reference_updates.csv,435,167,0.3839080459770115,268,82,179,174,0.4,18,65,0.024390243902439,0.1111111111111111,0.0,16.090052842931563,-15.107639550591768,-0.1326989377142305,-0.0218754525720642,0.1637684990133794,0.1690443347159704,-20.286501796968572,-14.24912817186124,-3.3727436465229386,-3.34156228854038,-16.55254763345414,-17.15919925482042,-17.857797643546224,-13.47380968060511,study_recent,,weth_usdc_3000_month_24989826_24996367_w30,weth_usdc,3000,24989826,24996367,30,stress
chainlink,exports/study_recent/retune/s50_g0.5/2026_05/weth_usdc_3000_month_24996367_25003566_w01/chainlink_reference_updates.csv,273,1,0.0036630036630036,273,125,140,8,0.0293040293040293,23,56,0.064,0.3478260869565217,0.0,14.206611839710908,-17.947631143965683,0.1311639433063715,0.0605878075449711,0.0773181222440347,0.1288935040470012,-14.431134160418512,-14.980699364725997,-14.167026470891996,-12.96389643862473,-20.265222477146143,-20.132178826124782,-18.99773027953278,-19.54330862872111,study_recent,,weth_usdc_3000_month_24996367_25003566_w01,weth_usdc,3000,24996367,25003566,1,stress
chainlink,exports/study_recent/retune/s50_g0.5/2026_05/weth_usdc_3000_month_25068367_25075566_w11/chainlink_reference_updates.csv,420,188,0.4476190476190476,232,101,128,191,0.4547619047619047,28,58,0.0198019801980198,0.0714285714285714,0.0,14.123133908005972,-8.69619734698958,0.2481945953301258,0.1995881703123679,0.1783755654915922,-0.0530497671541176,2.1608111051191217,0.5996734150673039,0.4354926784669075,-12.885638230049574,-15.337888846260393,-14.940735293760143,-14.28440393919426,0.3851047930919155,study_recent,,weth_usdc_3000_month_25068367_25075566_w11,weth_usdc,3000,25068367,25075566,11,stress
chainlink,exports/study_recent/retune/s50_g0.5/2026_05/weth_usdc_3000_month_25140367_25147566_w21/chainlink_reference_updates.csv,362,69,0.1906077348066298,294,117,163,82,0.2265193370165746,42,89,0.1196581196581196,0.3333333333333333,0.0,12.943347657350197,-13.91554327143302,0.0995944355278345,0.1583125066504234,0.1930038611860881,0.1252991596828879,-10.991729379497258,-7.856165268543194,-4.83437923408468,-4.966147946421801,-23.071875102010203,-23.071875102010203,-21.650913670080232,-23.309996730448084,study_recent,,weth_usdc_3000_month_25140367_25147566_w21,weth_usdc,3000,25140367,25147566,21,stress
chainlink,exports/study_recent/retune/s50_g0.5/2026_05/weth_usdc_3000_month_25212367_25218797_w31/chainlink_reference_updates.csv,210,25,0.119047619047619,185,70,99,41,0.1952380952380952,27,49,0.0285714285714285,0.074074074074074,0.0,10.647504431968375,-14.16934945654238,0.0606381814620625,0.1309686102334065,0.1911730868722091,0.2729788889001712,-13.217012113199733,-10.479252037446136,-4.080514928956876,-0.7482995241041678,-22.890986144688807,-23.39735793150884,-21.04227932521487,-16.138805535364988,study_recent,,weth_usdc_3000_month_25212367_25218797_w31,weth_usdc,3000,25212367,25218797,31,stress
chainlink,exports/study_recent/retune/s50_g0.5/2026_06/weth_usdc_3000_month_25218797_25225996_w01/chainlink_reference_updates.csv,385,0,0.0,385,163,206,16,0.0415584415584415,49,99,0.0184049079754601,0.0612244897959183,0.0,13.713979633271208,-21.78238275050906,0.0472375754099227,0.0779816793496268,0.08047763522981,-0.0845428916471953,-21.87384649741089,-20.305875049418223,-19.632169600956008,-23.6731706792328,-21.078457408489346,-21.375693432796155,-20.996973685458073,-10.76842934027096,study_recent,,weth_usdc_3000_month_25218797_25225996_w01,weth_usdc,3000,25218797,25225996,1,stress
chainlink,exports/study_recent/retune/s50_g0.5/2026_06/weth_usdc_3000_month_25290797_25297996_w11/chainlink_reference_updates.csv,637,162,0.2543171114599686,476,237,223,177,0.2778649921507064,63,79,0.0042194092827004,0.0158730158730158,0.0,16.47905894192902,-21.320348774964007,-0.0093584941194256,-0.0186961651968423,-0.068814231398747,-0.0257561077488162,-11.854791034453823,-11.5915883991569,-14.945704058455592,0.2097183500152014,-14.694618373348408,-14.090574273315688,-12.18146446799155,-13.597242533791706,study_recent,,weth_usdc_3000_month_25290797_25297996_w11,weth_usdc,3000,25290797,25297996,11,stress
chainlink,exports/study_recent/retune/s50_g0.5/2026_06/weth_usdc_3000_month_25355597_25362796_w20/chainlink_reference_updates.csv,591,73,0.1235194585448392,521,242,256,93,0.1573604060913705,62,104,0.0041322314049586,0.0161290322580645,0.0,12.94552775063773,-10.0877423807284,0.3347585358110334,0.1520097761012519,0.0579452487004495,0.1235049082412191,1.966198540043957,1.5187577255909095,-4.810755430129733,-3.239770556494043,-20.733185941666548,-19.634992760898253,-17.935724905805277,-16.629510438385587,study_recent,,weth_usdc_3000_month_25355597_25362796_w20,weth_usdc,3000,25355597,25362796,20,stress
chainlink,exports/study_recent/retune/s50_g0.5/2026_06/weth_usdc_3000_month_25427597_25433938_w30/chainlink_reference_updates.csv,589,116,0.1969439728353141,473,188,270,131,0.2224108658743633,72,66,0.0319148936170212,0.0833333333333333,0.0,12.641213985133628,-11.34238835266166,-0.067401682207962,-0.0641567421637091,-0.0863952202057077,-0.0241543584568197,-11.18371134177637,-10.120762958668603,-10.08242258532023,-7.476383511799733,-6.421290746279199,-5.7334488640013825,-1.071151522432773,-2.909519774570944,study_recent,,weth_usdc_3000_month_25427597_25433938_w30,weth_usdc,3000,25427597,25433938,30,stress
chainlink,exports/study_recent/retune/s50_g2/2026_01/weth_usdc_3000_month_24136052_24143251_w01/chainlink_reference_updates.csv,292,2,0.0068493150684931,292,89,140,63,0.2157534246575342,24,60,0.0337078651685393,0.125,0.0,10.677483532547766,-4.404615514818632,0.2737974798375319,0.3599864467101078,0.3783024703765619,0.1421143146722091,1.0957960006509566,2.898749254963301,4.5983937697262585,3.2367751263096856,-9.30609658707843,-9.152442089187758,-8.710425806499524,-7.459251450107789,study_recent,,weth_usdc_3000_month_24136052_24143251_w01,weth_usdc,3000,24136052,24143251,1,stress
chainlink,exports/study_recent/retune/s50_g2/2026_01/weth_usdc_3000_month_24208052_24215251_w11/chainlink_reference_updates.csv,473,43,0.0909090909090909,430,136,278,59,0.1247357293868921,15,129,0.0367647058823529,0.3333333333333333,0.0,19.189537272496526,-26.67930335548654,0.3372112041098104,0.4044130884699526,0.437252110692667,0.4714739353854937,-4.323843779175982,3.183865172003323,8.323975899735832,11.91118894715459,-37.224676027105275,-37.224676027105275,-35.60959185285724,-32.88489893779175,study_recent,,weth_usdc_3000_month_24208052_24215251_w11,weth_usdc,3000,24208052,24215251,11,stress
chainlink,exports/study_recent/retune/s50_g2/2026_01/weth_usdc_3000_month_24280052_24287251_w21/chainlink_reference_updates.csv,835,111,0.1329341317365269,724,325,370,140,0.1676646706586826,80,209,0.003076923076923,0.0125,0.0,15.63562119892532,-29.639452606843214,0.1760961976137471,0.1093750718500855,-0.1322165342592215,-0.0808849784216414,-25.950467430279595,-27.396470661436823,-39.246874839656655,-58.33284079100289,-39.097180311275615,-38.58877181318799,-37.52945552701771,-62.92362019444946,study_recent,,weth_usdc_3000_month_24280052_24287251_w21,weth_usdc,3000,24280052,24287251,21,stress
chainlink,exports/study_recent/retune/s50_g2/2026_01/weth_usdc_3000_month_24352052_24358292_w31/chainlink_reference_updates.csv,1128,21,0.0186170212765957,1108,422,660,46,0.0407801418439716,154,217,0.0165876777251184,0.0454545454545454,0.032258064516129,73.48151154412223,-42.41484872193219,0.7989430650805217,0.7728998389284065,0.6897855818007302,0.4101107893449434,5.422598598735531,2.508042061835545,-0.0272412638131301,-48.79766160928345,-76.20644900251183,-76.0507082258201,-78.19757353014461,-59.535876116897725,study_recent,,weth_usdc_3000_month_24352052_24358292_w31,weth_usdc,3000,24352052,24358292,31,stress
chainlink,exports/study_recent/retune/s50_g2/2026_02/weth_usdc_3000_month_24358292_24365491_w01/chainlink_reference_updates.csv,1224,0,0.0,1224,599,591,34,0.0277777777777777,147,194,0.015025041736227,0.0612244897959183,0.0206185567010309,25.13272310618104,-27.8191231917389,0.4023795754893692,0.29201705706892,0.2388168309850091,0.1653008765105717,-23.054682353969906,-24.70056230599121,-27.40093036443784,-12.666980999935848,-32.48871818970378,-31.652869350777273,-29.356422535292175,-22.638019506434617,study_recent,,weth_usdc_3000_month_24358292_24365491_w01,weth_usdc,3000,24358292,24365491,1,stress
chainlink,exports/study_recent/retune/s50_g2/2026_02/weth_usdc_3000_month_24423092_24430291_w10/chainlink_reference_updates.csv,632,203,0.3212025316455696,432,198,223,211,0.3338607594936709,63,96,0.0,0.0,0.0,15.487076120314534,-11.40023869404434,-0.0846106671320796,-0.1068404643812266,-0.107958137717118,-0.0158428220527015,-15.835876543669375,-11.982467614381807,-12.140679846945982,-9.357266506103572,-15.179061156488636,-14.42046748850176,-14.21650874523867,-19.1774933542604,study_recent,,weth_usdc_3000_month_24423092_24430291_w10,weth_usdc,3000,24423092,24430291,10,stress
chainlink,exports/study_recent/retune/s50_g2/2026_02/weth_usdc_3000_month_24487892_24495091_w19/chainlink_reference_updates.csv,590,87,0.147457627118644,503,252,236,102,0.1728813559322033,43,109,0.0,0.0,0.0,14.82223503107821,-16.83919624930646,0.2744685708110197,0.2764106073237412,0.2945928740837134,0.1838030952085264,-4.06710771106877,-1.7394530398869912,2.8187805924343388,11.631611385065634,-23.76893144536607,-23.512932409465225,-21.382321508843948,-5.602017676084715,study_recent,,weth_usdc_3000_month_24487892_24495091_w19,weth_usdc,3000,24487892,24495091,19,stress
chainlink,exports/study_recent/retune/s50_g2/2026_02/weth_usdc_3000_month_24552692_24558867_w28/chainlink_reference_updates.csv,723,132,0.1825726141078838,591,274,308,141,0.1950207468879668,75,143,0.0036496350364963,0.0133333333333333,0.0,17.50738249991465,-20.22310858558822,0.0814390369335454,0.0615057628311782,0.0144555510740444,0.1036295487813215,-21.875779295080168,-19.034251279917168,-15.909918972405396,-18.98630551219463,-25.176769390165344,-24.95227440334925,-22.559912461849017,-31.59322456338076,study_recent,,weth_usdc_3000_month_24552692_24558867_w28,weth_usdc,3000,24552692,24558867,28,stress
chainlink,exports/study_recent/retune/s50_g2/2026_03/weth_usdc_3000_month_24558867_24566066_w01/chainlink_reference_updates.csv,749,1,0.0013351134846461,749,350,374,25,0.0333778371161548,116,170,0.0171428571428571,0.0517241379310344,0.0,19.603832871482673,-24.97454627215561,-0.0148101438520641,-0.0263366765928441,0.0590937953183304,0.0324471791659777,-27.581011020098337,-27.61292016376942,-30.05896061183603,-33.61267406461213,-22.590421837309464,-23.537638811314647,-28.31029037687448,-23.849376724883506,study_recent,,weth_usdc_3000_month_24558867_24566066_w01,weth_usdc,3000,24558867,24566066,1,stress
chainlink,exports/study_recent/retune/s50_g2/2026_03/weth_usdc_3000_month_24630867_24638066_w11/chainlink_reference_updates.csv,442,79,0.1787330316742081,363,164,191,87,0.1968325791855203,24,106,0.0,0.0,0.0,17.123284721939868,-27.055559587569043,0.1772660584823544,0.1810911330469357,0.239344989317699,0.1497466280306362,-26.11794911222777,-24.27483029355197,-19.800455471681055,-19.692418927234247,-41.6324949450848,-40.496213972272905,-40.16833540300995,-34.9339863341875,study_recent,,weth_usdc_3000_month_24630867_24638066_w11,weth_usdc,3000,24630867,24638066,11,stress
chainlink,exports/study_recent/retune/s50_g2/2026_03/weth_usdc_3000_month_24702867_24710066_w21/chainlink_reference_updates.csv,230,24,0.1043478260869565,206,62,139,29,0.1260869565217391,13,50,0.0161290322580645,0.0769230769230769,0.02,13.603317976525895,-28.164533083846585,-0.0141975910954394,-0.00981438137855,-0.1293782098940629,-0.0235486464283813,-32.84883166921023,-35.63904745266766,-53.37478799467464,-37.65765487410179,-29.86939728876547,-30.871522748004544,-25.380680142236216,-39.158745712922894,study_recent,,weth_usdc_3000_month_24702867_24710066_w21,weth_usdc,3000,24702867,24710066,21,stress
chainlink,exports/study_recent/retune/s50_g2/2026_03/weth_usdc_3000_month_24774867_24781026_w31/chainlink_reference_updates.csv,512,44,0.0859375,468,188,265,59,0.115234375,42,131,0.0053191489361702,0.0238095238095238,0.0,15.190289338715166,-26.198837047574372,0.0081839523417194,0.0061992655274301,-0.000575254604896,0.0913113640246938,-25.799751112319136,-26.90934174929693,-30.80503928226588,-28.0480045650968,-28.003273522894876,-27.39559715506735,-27.26306062001239,-35.647691104680476,study_recent,,weth_usdc_3000_month_24774867_24781026_w31,weth_usdc,3000,24774867,24781026,31,stress
chainlink,exports/study_recent/retune/s50_g2/2026_04/weth_usdc_3000_month_24781026_24788225_w01/chainlink_reference_updates.csv,550,4,0.0072727272727272,550,222,306,22,0.04,38,149,0.0,0.0,0.0,16.04622551205626,-19.86097228661114,0.2006615565615697,0.1821124071056265,0.1788992991403901,0.3269500317886814,-12.554643045959724,-13.3862863999512,-14.00121892099739,-8.502174853914578,-25.270029780376554,-25.680388351180618,-24.779882169131504,-32.435478069620636,study_recent,,weth_usdc_3000_month_24781026_24788225_w01,weth_usdc,3000,24781026,24788225,1,stress
chainlink,exports/study_recent/retune/s50_g2/2026_04/weth_usdc_3000_month_24853026_24860225_w11/chainlink_reference_updates.csv,284,88,0.3098591549295774,197,83,106,95,0.3345070422535211,27,57,0.0481927710843373,0.1481481481481481,0.0,12.920626544601586,-11.74405317750441,0.105067288047255,0.111539602032777,0.1391104320041689,0.0631284440730344,-10.47955440495549,-10.53170797223008,-10.79586631880598,-11.985714609288294,-29.345018032448984,-29.996301264177163,-33.43197796266267,-28.966668733160127,study_recent,,weth_usdc_3000_month_24853026_24860225_w11,weth_usdc,3000,24853026,24860225,11,stress
chainlink,exports/study_recent/retune/s50_g2/2026_04/weth_usdc_3000_month_24917826_24925025_w20/chainlink_reference_updates.csv,557,135,0.2423698384201077,422,162,251,144,0.2585278276481149,55,48,0.0061728395061728,0.0181818181818181,0.0,13.744276410457244,-11.39454064501724,-0.0375409470308274,-0.0664628757586486,-0.0693457522465419,-0.0686382248508114,-13.986460412046124,-17.372140830469966,-16.414798290019537,-14.875070308729828,-11.184917870917072,-10.963279624628738,-10.99157337315183,-3.755473041445475,study_recent,,weth_usdc_3000_month_24917826_24925025_w20,weth_usdc,3000,24917826,24925025,20,stress
chainlink,exports/study_recent/retune/s50_g2/2026_04/weth_usdc_3000_month_24989826_24996367_w30/chainlink_reference_updates.csv,435,167,0.3839080459770115,268,82,179,174,0.4,18,65,0.024390243902439,0.1111111111111111,0.0,16.090052842931563,-15.107639550591768,-0.1326989377142305,-0.0218754525720642,0.1637684990133794,0.1690443347159704,-20.286501796968572,-14.24912817186124,-3.3727436465229386,-3.34156228854038,-16.55254763345414,-17.15919925482042,-17.857797643546224,-13.47380968060511,study_recent,,weth_usdc_3000_month_24989826_24996367_w30,weth_usdc,3000,24989826,24996367,30,stress
chainlink,exports/study_recent/retune/s50_g2/2026_05/weth_usdc_3000_month_24996367_25003566_w01/chainlink_reference_updates.csv,273,1,0.0036630036630036,273,125,140,8,0.0293040293040293,23,56,0.064,0.3478260869565217,0.0,14.206611839710908,-17.947631143965683,0.1311639433063715,0.0605878075449711,0.0773181222440347,0.1288935040470012,-14.431134160418512,-14.980699364725997,-14.167026470891996,-12.96389643862473,-20.265222477146143,-20.132178826124782,-18.99773027953278,-19.54330862872111,study_recent,,weth_usdc_3000_month_24996367_25003566_w01,weth_usdc,3000,24996367,25003566,1,stress
chainlink,exports/study_recent/retune/s50_g2/2026_05/weth_usdc_3000_month_25068367_25075566_w11/chainlink_reference_updates.csv,420,188,0.4476190476190476,232,101,128,191,0.4547619047619047,28,58,0.0198019801980198,0.0714285714285714,0.0,14.123133908005972,-8.69619734698958,0.2481945953301258,0.1995881703123679,0.1783755654915922,-0.0530497671541176,2.1608111051191217,0.5996734150673039,0.4354926784669075,-12.885638230049574,-15.337888846260393,-14.940735293760143,-14.28440393919426,0.3851047930919155,study_recent,,weth_usdc_3000_month_25068367_25075566_w11,weth_usdc,3000,25068367,25075566,11,stress
chainlink,exports/study_recent/retune/s50_g2/2026_05/weth_usdc_3000_month_25140367_25147566_w21/chainlink_reference_updates.csv,362,69,0.1906077348066298,294,117,163,82,0.2265193370165746,42,89,0.1196581196581196,0.3333333333333333,0.0,12.943347657350197,-13.91554327143302,0.0995944355278345,0.1583125066504234,0.1930038611860881,0.1252991596828879,-10.991729379497258,-7.856165268543194,-4.83437923408468,-4.966147946421801,-23.071875102010203,-23.071875102010203,-21.650913670080232,-23.309996730448084,study_recent,,weth_usdc_3000_month_25140367_25147566_w21,weth_usdc,3000,25140367,25147566,21,stress
chainlink,exports/study_recent/retune/s50_g2/2026_05/weth_usdc_3000_month_25212367_25218797_w31/chainlink_reference_updates.csv,210,25,0.119047619047619,185,70,99,41,0.1952380952380952,27,49,0.0285714285714285,0.074074074074074,0.0,10.647504431968375,-14.16934945654238,0.0606381814620625,0.1309686102334065,0.1911730868722091,0.2729788889001712,-13.217012113199733,-10.479252037446136,-4.080514928956876,-0.7482995241041678,-22.890986144688807,-23.39735793150884,-21.04227932521487,-16.138805535364988,study_recent,,weth_usdc_3000_month_25212367_25218797_w31,weth_usdc,3000,25212367,25218797,31,stress
chainlink,exports/study_recent/retune/s50_g2/2026_06/weth_usdc_3000_month_25218797_25225996_w01/chainlink_reference_updates.csv,385,0,0.0,385,163,206,16,0.0415584415584415,49,99,0.0184049079754601,0.0612244897959183,0.0,13.713979633271208,-21.78238275050906,0.0472375754099227,0.0779816793496268,0.08047763522981,-0.0845428916471953,-21.87384649741089,-20.305875049418223,-19.632169600956008,-23.6731706792328,-21.078457408489346,-21.375693432796155,-20.996973685458073,-10.76842934027096,study_recent,,weth_usdc_3000_month_25218797_25225996_w01,weth_usdc,3000,25218797,25225996,1,stress
chainlink,exports/study_recent/retune/s50_g2/2026_06/weth_usdc_3000_month_25290797_25297996_w11/chainlink_reference_updates.csv,637,162,0.2543171114599686,476,237,223,177,0.2778649921507064,63,79,0.0042194092827004,0.0158730158730158,0.0,16.47905894192902,-21.320348774964007,-0.0093584941194256,-0.0186961651968423,-0.068814231398747,-0.0257561077488162,-11.854791034453823,-11.5915883991569,-14.945704058455592,0.2097183500152014,-14.694618373348408,-14.090574273315688,-12.18146446799155,-13.597242533791706,study_recent,,weth_usdc_3000_month_25290797_25297996_w11,weth_usdc,3000,25290797,25297996,11,stress
chainlink,exports/study_recent/retune/s50_g2/2026_06/weth_usdc_3000_month_25355597_25362796_w20/chainlink_reference_updates.csv,591,73,0.1235194585448392,521,242,256,93,0.1573604060913705,62,104,0.0041322314049586,0.0161290322580645,0.0,12.94552775063773,-10.0877423807284,0.3347585358110334,0.1520097761012519,0.0579452487004495,0.1235049082412191,1.966198540043957,1.5187577255909095,-4.810755430129733,-3.239770556494043,-20.733185941666548,-19.634992760898253,-17.935724905805277,-16.629510438385587,study_recent,,weth_usdc_3000_month_25355597_25362796_w20,weth_usdc,3000,25355597,25362796,20,stress
chainlink,exports/study_recent/retune/s50_g2/2026_06/weth_usdc_3000_month_25427597_25433938_w30/chainlink_reference_updates.csv,589,116,0.1969439728353141,473,188,270,131,0.2224108658743633,72,66,0.0319148936170212,0.0833333333333333,0.0,12.641213985133628,-11.34238835266166,-0.067401682207962,-0.0641567421637091,-0.0863952202057077,-0.0241543584568197,-11.18371134177637,-10.120762958668603,-10.08242258532023,-7.476383511799733,-6.421290746279199,-5.7334488640013825,-1.071151522432773,-2.909519774570944,study_recent,,weth_usdc_3000_month_25427597_25433938_w30,weth_usdc,3000,25427597,25433938,30,stress
chainlink,exports/study_recent/retune/s50_g5/2026_01/weth_usdc_3000_month_24136052_24143251_w01/chainlink_reference_updates.csv,292,2,0.0068493150684931,292,89,140,63,0.2157534246575342,24,60,0.0337078651685393,0.125,0.0,10.677483532547766,-4.404615514818632,0.2737974798375319,0.3599864467101078,0.3783024703765619,0.1421143146722091,1.0957960006509566,2.898749254963301,4.5983937697262585,3.2367751263096856,-9.30609658707843,-9.152442089187758,-8.710425806499524,-7.459251450107789,study_recent,,weth_usdc_3000_month_24136052_24143251_w01,weth_usdc,3000,24136052,24143251,1,stress
chainlink,exports/study_recent/retune/s50_g5/2026_01/weth_usdc_3000_month_24208052_24215251_w11/chainlink_reference_updates.csv,473,43,0.0909090909090909,430,136,278,59,0.1247357293868921,15,129,0.0367647058823529,0.3333333333333333,0.0,19.189537272496526,-26.67930335548654,0.3372112041098104,0.4044130884699526,0.437252110692667,0.4714739353854937,-4.323843779175982,3.183865172003323,8.323975899735832,11.91118894715459,-37.224676027105275,-37.224676027105275,-35.60959185285724,-32.88489893779175,study_recent,,weth_usdc_3000_month_24208052_24215251_w11,weth_usdc,3000,24208052,24215251,11,stress
chainlink,exports/study_recent/retune/s50_g5/2026_01/weth_usdc_3000_month_24280052_24287251_w21/chainlink_reference_updates.csv,835,111,0.1329341317365269,724,325,370,140,0.1676646706586826,80,209,0.003076923076923,0.0125,0.0,15.63562119892532,-29.639452606843214,0.1760961976137471,0.1093750718500855,-0.1322165342592215,-0.0808849784216414,-25.950467430279595,-27.396470661436823,-39.246874839656655,-58.33284079100289,-39.097180311275615,-38.58877181318799,-37.52945552701771,-62.92362019444946,study_recent,,weth_usdc_3000_month_24280052_24287251_w21,weth_usdc,3000,24280052,24287251,21,stress
chainlink,exports/study_recent/retune/s50_g5/2026_01/weth_usdc_3000_month_24352052_24358292_w31/chainlink_reference_updates.csv,1128,21,0.0186170212765957,1108,422,660,46,0.0407801418439716,154,217,0.0165876777251184,0.0454545454545454,0.032258064516129,73.48151154412223,-42.41484872193219,0.7989430650805217,0.7728998389284065,0.6897855818007302,0.4101107893449434,5.422598598735531,2.508042061835545,-0.0272412638131301,-48.79766160928345,-76.20644900251183,-76.0507082258201,-78.19757353014461,-59.535876116897725,study_recent,,weth_usdc_3000_month_24352052_24358292_w31,weth_usdc,3000,24352052,24358292,31,stress
chainlink,exports/study_recent/retune/s50_g5/2026_02/weth_usdc_3000_month_24358292_24365491_w01/chainlink_reference_updates.csv,1224,0,0.0,1224,599,591,34,0.0277777777777777,147,194,0.015025041736227,0.0612244897959183,0.0206185567010309,25.13272310618104,-27.8191231917389,0.4023795754893692,0.29201705706892,0.2388168309850091,0.1653008765105717,-23.054682353969906,-24.70056230599121,-27.40093036443784,-12.666980999935848,-32.48871818970378,-31.652869350777273,-29.356422535292175,-22.638019506434617,study_recent,,weth_usdc_3000_month_24358292_24365491_w01,weth_usdc,3000,24358292,24365491,1,stress
chainlink,exports/study_recent/retune/s50_g5/2026_02/weth_usdc_3000_month_24423092_24430291_w10/chainlink_reference_updates.csv,632,203,0.3212025316455696,432,198,223,211,0.3338607594936709,63,96,0.0,0.0,0.0,15.487076120314534,-11.40023869404434,-0.0846106671320796,-0.1068404643812266,-0.107958137717118,-0.0158428220527015,-15.835876543669375,-11.982467614381807,-12.140679846945982,-9.357266506103572,-15.179061156488636,-14.42046748850176,-14.21650874523867,-19.1774933542604,study_recent,,weth_usdc_3000_month_24423092_24430291_w10,weth_usdc,3000,24423092,24430291,10,stress
chainlink,exports/study_recent/retune/s50_g5/2026_02/weth_usdc_3000_month_24487892_24495091_w19/chainlink_reference_updates.csv,590,87,0.147457627118644,503,252,236,102,0.1728813559322033,43,109,0.0,0.0,0.0,14.82223503107821,-16.83919624930646,0.2744685708110197,0.2764106073237412,0.2945928740837134,0.1838030952085264,-4.06710771106877,-1.7394530398869912,2.8187805924343388,11.631611385065634,-23.76893144536607,-23.512932409465225,-21.382321508843948,-5.602017676084715,study_recent,,weth_usdc_3000_month_24487892_24495091_w19,weth_usdc,3000,24487892,24495091,19,stress
chainlink,exports/study_recent/retune/s50_g5/2026_02/weth_usdc_3000_month_24552692_24558867_w28/chainlink_reference_updates.csv,723,132,0.1825726141078838,591,274,308,141,0.1950207468879668,75,143,0.0036496350364963,0.0133333333333333,0.0,17.50738249991465,-20.22310858558822,0.0814390369335454,0.0615057628311782,0.0144555510740444,0.1036295487813215,-21.875779295080168,-19.034251279917168,-15.909918972405396,-18.98630551219463,-25.176769390165344,-24.95227440334925,-22.559912461849017,-31.59322456338076,study_recent,,weth_usdc_3000_month_24552692_24558867_w28,weth_usdc,3000,24552692,24558867,28,stress
chainlink,exports/study_recent/retune/s50_g5/2026_03/weth_usdc_3000_month_24558867_24566066_w01/chainlink_reference_updates.csv,749,1,0.0013351134846461,749,350,374,25,0.0333778371161548,116,170,0.0171428571428571,0.0517241379310344,0.0,19.603832871482673,-24.97454627215561,-0.0148101438520641,-0.0263366765928441,0.0590937953183304,0.0324471791659777,-27.581011020098337,-27.61292016376942,-30.05896061183603,-33.61267406461213,-22.590421837309464,-23.537638811314647,-28.31029037687448,-23.849376724883506,study_recent,,weth_usdc_3000_month_24558867_24566066_w01,weth_usdc,3000,24558867,24566066,1,stress
chainlink,exports/study_recent/retune/s50_g5/2026_03/weth_usdc_3000_month_24630867_24638066_w11/chainlink_reference_updates.csv,442,79,0.1787330316742081,363,164,191,87,0.1968325791855203,24,106,0.0,0.0,0.0,17.123284721939868,-27.055559587569043,0.1772660584823544,0.1810911330469357,0.239344989317699,0.1497466280306362,-26.11794911222777,-24.27483029355197,-19.800455471681055,-19.692418927234247,-41.6324949450848,-40.496213972272905,-40.16833540300995,-34.9339863341875,study_recent,,weth_usdc_3000_month_24630867_24638066_w11,weth_usdc,3000,24630867,24638066,11,stress
chainlink,exports/study_recent/retune/s50_g5/2026_03/weth_usdc_3000_month_24702867_24710066_w21/chainlink_reference_updates.csv,230,24,0.1043478260869565,206,62,139,29,0.1260869565217391,13,50,0.0161290322580645,0.0769230769230769,0.02,13.603317976525895,-28.164533083846585,-0.0141975910954394,-0.00981438137855,-0.1293782098940629,-0.0235486464283813,-32.84883166921023,-35.63904745266766,-53.37478799467464,-37.65765487410179,-29.86939728876547,-30.871522748004544,-25.380680142236216,-39.158745712922894,study_recent,,weth_usdc_3000_month_24702867_24710066_w21,weth_usdc,3000,24702867,24710066,21,stress
chainlink,exports/study_recent/retune/s50_g5/2026_03/weth_usdc_3000_month_24774867_24781026_w31/chainlink_reference_updates.csv,512,44,0.0859375,468,188,265,59,0.115234375,42,131,0.0053191489361702,0.0238095238095238,0.0,15.190289338715166,-26.198837047574372,0.0081839523417194,0.0061992655274301,-0.000575254604896,0.0913113640246938,-25.799751112319136,-26.90934174929693,-30.80503928226588,-28.0480045650968,-28.003273522894876,-27.39559715506735,-27.26306062001239,-35.647691104680476,study_recent,,weth_usdc_3000_month_24774867_24781026_w31,weth_usdc,3000,24774867,24781026,31,stress
chainlink,exports/study_recent/retune/s50_g5/2026_04/weth_usdc_3000_month_24781026_24788225_w01/chainlink_reference_updates.csv,550,4,0.0072727272727272,550,222,306,22,0.04,38,149,0.0,0.0,0.0,16.04622551205626,-19.86097228661114,0.2006615565615697,0.1821124071056265,0.1788992991403901,0.3269500317886814,-12.554643045959724,-13.3862863999512,-14.00121892099739,-8.502174853914578,-25.270029780376554,-25.680388351180618,-24.779882169131504,-32.435478069620636,study_recent,,weth_usdc_3000_month_24781026_24788225_w01,weth_usdc,3000,24781026,24788225,1,stress
chainlink,exports/study_recent/retune/s50_g5/2026_04/weth_usdc_3000_month_24853026_24860225_w11/chainlink_reference_updates.csv,284,88,0.3098591549295774,197,83,106,95,0.3345070422535211,27,57,0.0481927710843373,0.1481481481481481,0.0,12.920626544601586,-11.74405317750441,0.105067288047255,0.111539602032777,0.1391104320041689,0.0631284440730344,-10.47955440495549,-10.53170797223008,-10.79586631880598,-11.985714609288294,-29.345018032448984,-29.996301264177163,-33.43197796266267,-28.966668733160127,study_recent,,weth_usdc_3000_month_24853026_24860225_w11,weth_usdc,3000,24853026,24860225,11,stress
chainlink,exports/study_recent/retune/s50_g5/2026_04/weth_usdc_3000_month_24917826_24925025_w20/chainlink_reference_updates.csv,557,135,0.2423698384201077,422,162,251,144,0.2585278276481149,55,48,0.0061728395061728,0.0181818181818181,0.0,13.744276410457244,-11.39454064501724,-0.0375409470308274,-0.0664628757586486,-0.0693457522465419,-0.0686382248508114,-13.986460412046124,-17.372140830469966,-16.414798290019537,-14.875070308729828,-11.184917870917072,-10.963279624628738,-10.99157337315183,-3.755473041445475,study_recent,,weth_usdc_3000_month_24917826_24925025_w20,weth_usdc,3000,24917826,24925025,20,stress
chainlink,exports/study_recent/retune/s50_g5/2026_04/weth_usdc_3000_month_24989826_24996367_w30/chainlink_reference_updates.csv,435,167,0.3839080459770115,268,82,179,174,0.4,18,65,0.024390243902439,0.1111111111111111,0.0,16.090052842931563,-15.107639550591768,-0.1326989377142305,-0.0218754525720642,0.1637684990133794,0.1690443347159704,-20.286501796968572,-14.24912817186124,-3.3727436465229386,-3.34156228854038,-16.55254763345414,-17.15919925482042,-17.857797643546224,-13.47380968060511,study_recent,,weth_usdc_3000_month_24989826_24996367_w30,weth_usdc,3000,24989826,24996367,30,stress
chainlink,exports/study_recent/retune/s50_g5/2026_05/weth_usdc_3000_month_24996367_25003566_w01/chainlink_reference_updates.csv,273,1,0.0036630036630036,273,125,140,8,0.0293040293040293,23,56,0.064,0.3478260869565217,0.0,14.206611839710908,-17.947631143965683,0.1311639433063715,0.0605878075449711,0.0773181222440347,0.1288935040470012,-14.431134160418512,-14.980699364725997,-14.167026470891996,-12.96389643862473,-20.265222477146143,-20.132178826124782,-18.99773027953278,-19.54330862872111,study_recent,,weth_usdc_3000_month_24996367_25003566_w01,weth_usdc,3000,24996367,25003566,1,stress
chainlink,exports/study_recent/retune/s50_g5/2026_05/weth_usdc_3000_month_25068367_25075566_w11/chainlink_reference_updates.csv,420,188,0.4476190476190476,232,101,128,191,0.4547619047619047,28,58,0.0198019801980198,0.0714285714285714,0.0,14.123133908005972,-8.69619734698958,0.2481945953301258,0.1995881703123679,0.1783755654915922,-0.0530497671541176,2.1608111051191217,0.5996734150673039,0.4354926784669075,-12.885638230049574,-15.337888846260393,-14.940735293760143,-14.28440393919426,0.3851047930919155,study_recent,,weth_usdc_3000_month_25068367_25075566_w11,weth_usdc,3000,25068367,25075566,11,stress
chainlink,exports/study_recent/retune/s50_g5/2026_05/weth_usdc_3000_month_25140367_25147566_w21/chainlink_reference_updates.csv,362,69,0.1906077348066298,294,117,163,82,0.2265193370165746,42,89,0.1196581196581196,0.3333333333333333,0.0,12.943347657350197,-13.91554327143302,0.0995944355278345,0.1583125066504234,0.1930038611860881,0.1252991596828879,-10.991729379497258,-7.856165268543194,-4.83437923408468,-4.966147946421801,-23.071875102010203,-23.071875102010203,-21.650913670080232,-23.309996730448084,study_recent,,weth_usdc_3000_month_25140367_25147566_w21,weth_usdc,3000,25140367,25147566,21,stress
chainlink,exports/study_recent/retune/s50_g5/2026_05/weth_usdc_3000_month_25212367_25218797_w31/chainlink_reference_updates.csv,210,25,0.119047619047619,185,70,99,41,0.1952380952380952,27,49,0.0285714285714285,0.074074074074074,0.0,10.647504431968375,-14.16934945654238,0.0606381814620625,0.1309686102334065,0.1911730868722091,0.2729788889001712,-13.217012113199733,-10.479252037446136,-4.080514928956876,-0.7482995241041678,-22.890986144688807,-23.39735793150884,-21.04227932521487,-16.138805535364988,study_recent,,weth_usdc_3000_month_25212367_25218797_w31,weth_usdc,3000,25212367,25218797,31,stress
chainlink,exports/study_recent/retune/s50_g5/2026_06/weth_usdc_3000_month_25218797_25225996_w01/chainlink_reference_updates.csv,385,0,0.0,385,163,206,16,0.0415584415584415,49,99,0.0184049079754601,0.0612244897959183,0.0,13.713979633271208,-21.78238275050906,0.0472375754099227,0.0779816793496268,0.08047763522981,-0.0845428916471953,-21.87384649741089,-20.305875049418223,-19.632169600956008,-23.6731706792328,-21.078457408489346,-21.375693432796155,-20.996973685458073,-10.76842934027096,study_recent,,weth_usdc_3000_month_25218797_25225996_w01,weth_usdc,3000,25218797,25225996,1,stress
chainlink,exports/study_recent/retune/s50_g5/2026_06/weth_usdc_3000_month_25290797_25297996_w11/chainlink_reference_updates.csv,637,162,0.2543171114599686,476,237,223,177,0.2778649921507064,63,79,0.0042194092827004,0.0158730158730158,0.0,16.47905894192902,-21.320348774964007,-0.0093584941194256,-0.0186961651968423,-0.068814231398747,-0.0257561077488162,-11.854791034453823,-11.5915883991569,-14.945704058455592,0.2097183500152014,-14.694618373348408,-14.090574273315688,-12.18146446799155,-13.597242533791706,study_recent,,weth_usdc_3000_month_25290797_25297996_w11,weth_usdc,3000,25290797,25297996,11,stress
chainlink,exports/study_recent/retune/s50_g5/2026_06/weth_usdc_3000_month_25355597_25362796_w20/chainlink_reference_updates.csv,591,73,0.1235194585448392,521,242,256,93,0.1573604060913705,62,104,0.0041322314049586,0.0161290322580645,0.0,12.94552775063773,-10.0877423807284,0.3347585358110334,0.1520097761012519,0.0579452487004495,0.1235049082412191,1.966198540043957,1.5187577255909095,-4.810755430129733,-3.239770556494043,-20.733185941666548,-19.634992760898253,-17.935724905805277,-16.629510438385587,study_recent,,weth_usdc_3000_month_25355597_25362796_w20,weth_usdc,3000,25355597,25362796,20,stress
chainlink,exports/study_recent/retune/s50_g5/2026_06/weth_usdc_3000_month_25427597_25433938_w30/chainlink_reference_updates.csv,589,116,0.1969439728353141,473,188,270,131,0.2224108658743633,72,66,0.0319148936170212,0.0833333333333333,0.0,12.641213985133628,-11.34238835266166,-0.067401682207962,-0.0641567421637091,-0.0863952202057077,-0.0241543584568197,-11.18371134177637,-10.120762958668603,-10.08242258532023,-7.476383511799733,-6.421290746279199,-5.7334488640013825,-1.071151522432773,-2.909519774570944,study_recent,,weth_usdc_3000_month_25427597_25433938_w30,weth_usdc,3000,25427597,25433938,30,stress
chainlink,exports/study_rwa/2026_01_paxg_usdc/paxg_usdc_500_month_24136052_24143251_w01/chainlink_reference_updates.csv,1489,1247,0.8374748153122902,1489,50,192,1247,0.8374748153122902,109,531,0.0,0.0,0.0,49.453337051912506,-28.89658775861052,0.863308219019878,0.8582488967312684,0.8457127895540539,0.7957187372036798,-0.0354595351024903,-0.0354595351024903,-0.0354595351024903,22.83212840419058,-26.960112902248156,-26.739985359171385,-26.40979404455624,-23.987213656159355,study_rwa,2026_01,paxg_usdc_500_month_24136052_24143251_w01,paxg_usdc,500,24136052,24143251,1,stress
chainlink,exports/study_rwa/2026_01_paxg_usdc/paxg_usdc_500_month_24150452_24157651_w03/chainlink_reference_updates.csv,917,720,0.7851690294438386,776,148,49,720,0.7851690294438386,0,0,0.0,,,72.82243499826868,-12.14895652524664,0.999458604546613,0.999458604546613,0.9994755944724788,0.9992600422057216,47.358495674051184,47.358495674051184,46.94570784977418,42.57015691243785,-47.55723878211159,-47.55723878211159,-47.15299139557823,-43.11051753024475,study_rwa,2026_01,paxg_usdc_500_month_24150452_24157651_w03,paxg_usdc,500,24150452,24157651,3,stress
chainlink,exports/study_rwa/2026_01_paxg_usdc/paxg_usdc_500_month_24344852_24352051_w30/chainlink_reference_updates.csv,3825,859,0.2245751633986928,3250,1462,1498,865,0.2261437908496732,202,631,0.1162790697674418,0.8415841584158416,0.0,53.52761969079722,-6.126818403681732,0.8099502531236897,0.7616531515292432,0.6138539736669149,0.2055277400604126,50.281449146259504,49.4733469703041,49.06636526119048,57.2112195738211,-62.24265156987049,-62.63222094588488,-63.42530719894509,-77.12704810417691,study_rwa,2026_01,paxg_usdc_500_month_24344852_24352051_w30,paxg_usdc,500,24344852,24352051,30,stress
chainlink,exports/study_rwa/2026_01_paxg_usdc/paxg_usdc_500_month_24352052_24358292_w31/chainlink_reference_updates.csv,1174,1027,0.8747870528109029,896,89,58,1027,0.8747870528109029,0,10,0.0,,0.0,100.64840829055228,-11.642121740434462,0.9999997223571144,0.9999997223571144,0.9999997218268822,0.9999997108189576,116.73451324167054,116.73451324167054,116.73451324167054,116.73451324167054,-119.07120537011367,-119.07120537011367,-119.07120537011367,-119.07120537011367,study_rwa,2026_01,paxg_usdc_500_month_24352052_24358292_w31,paxg_usdc,500,24352052,24358292,31,stress
chainlink,/tmp/paxg_verify/paxg_usdc_500_month_24352052_24358292_w31/chainlink_reference_updates.csv,1174,1027,0.8747870528109029,896,89,58,1027,0.8747870528109029,0,10,0.0,,0.0,100.64840829055228,-11.642121740434462,0.9999997223571144,0.9999997223571144,0.9999997218268822,0.9999997108189576,116.73451324167054,116.73451324167054,116.73451324167054,116.73451324167054,-119.07120537011367,-119.07120537011367,-119.07120537011367,-119.07120537011367,study_rwa,2026_01,paxg_usdc_500_month_24352052_24358292_w31,paxg_usdc,500,24352052,24358292,31,stress
chainlink,exports/study_rwa/2026_02_paxg_usdc/paxg_usdc_500_month_24358292_24365491_w01/chainlink_reference_updates.csv,1398,986,0.7052932761087267,1398,201,209,988,0.7067238912732475,41,3,0.0,0.0,0.3333333333333333,101.52861707910264,-5.6968209571178905,0.9085840800306244,0.89876084291958,0.8403078391284117,0.5429608913609331,10.527741765634063,9.913965496916877,1.4850980544872638,-35.66507065912937,-20.11575679981236,-21.922699374022745,-13.805226883409414,39.00895501372808,study_rwa,2026_02,paxg_usdc_500_month_24358292_24365491_w01,paxg_usdc,500,24358292,24365491,1,stress
chainlink,exports/study_rwa/2026_02_paxg_usdc/paxg_usdc_500_month_24365492_24372691_w02/chainlink_reference_updates.csv,4168,1615,0.3874760076775432,2579,1201,1350,1617,0.3879558541266795,217,374,0.1007493755203996,0.5576036866359447,0.0,52.88705932301886,-29.693470435702313,0.6948791276493756,0.6515784309755153,0.5424374551877893,0.0564194867678803,35.81296869928771,34.4971412289274,31.42693368470339,2.586057167753627,-50.30583832154183,-49.5302319370532,-48.2385690049599,-14.219621287457873,study_rwa,2026_02,paxg_usdc_500_month_24365492_24372691_w02,paxg_usdc,500,24365492,24372691,2,stress
chainlink,exports/study_rwa/2026_02_paxg_usdc/paxg_usdc_500_month_24545492_24552691_w27/chainlink_reference_updates.csv,1179,611,0.5182357930449534,1020,306,262,611,0.5182357930449534,149,98,0.1045751633986928,0.2147651006711409,0.0,35.935084928244784,-1.6162037768607214,0.6597610856417085,0.6382716003938507,0.6379511255805269,0.2307513879735759,23.881044672287416,22.369222015765377,21.68828083812293,2.0502137473342916,-31.229800693522005,-30.851614182309884,-30.741016554374102,-11.368390584436698,study_rwa,2026_02,paxg_usdc_500_month_24545492_24552691_w27,paxg_usdc,500,24545492,24552691,27,stress
chainlink,exports/study_rwa/2026_02_paxg_usdc/paxg_usdc_500_month_24552692_24558867_w28/chainlink_reference_updates.csv,2547,2207,0.8665096191597959,2292,154,186,2207,0.8665096191597959,0,4,0.0,,0.0,306.89309725607103,-16.40343265710181,0.9999993305827574,0.9999993310612442,0.9999993354656734,0.9999993889483956,213.52466821304048,213.52466821304048,213.5131019843236,213.15454889410032,-205.5040505080453,-205.5040505080453,-205.46834268784556,-205.0309218903984,study_rwa,2026_02,paxg_usdc_500_month_24552692_24558867_w28,paxg_usdc,500,24552692,24558867,28,stress
chainlink,exports/study_rwa/2026_03_paxg_usdc/paxg_usdc_500_month_24558867_24566066_w01/chainlink_reference_updates.csv,1912,1551,0.8111924686192469,1912,205,156,1551,0.8111924686192469,104,24,0.3024390243902439,0.5961538461538461,0.0,190.86302994655432,6.37166431285234,0.970364271563324,0.9704295999725256,0.9710886158711768,0.955091929035988,116.83776710695648,115.64365915238702,114.89974654287286,127.4899930980171,-133.03937141849974,-132.42620960886362,-131.81897538478654,-139.37353635440104,study_rwa,2026_03,paxg_usdc_500_month_24558867_24566066_w01,paxg_usdc,500,24558867,24566066,1,stress
chainlink,exports/study_rwa/2026_03_paxg_usdc/paxg_usdc_500_month_24566067_24573266_w02/chainlink_reference_updates.csv,1851,906,0.4894651539708265,1341,457,486,908,0.4905456509994597,211,299,0.175054704595186,0.3791469194312796,0.0033444816053511,43.3023398793222,-2.5146337117565314,0.8019475441802996,0.7952899821242208,0.7838452257206328,0.708639938433025,39.827115046277974,39.47928247758773,39.49281562579212,49.048901835413425,-43.32984864708104,-43.621105699113166,-44.72422301184683,-62.27969838783946,study_rwa,2026_03,paxg_usdc_500_month_24566067_24573266_w02,paxg_usdc,500,24566067,24573266,2,stress
chainlink,exports/study_rwa/2026_03_paxg_usdc/paxg_usdc_500_month_24760467_24767666_w29/chainlink_reference_updates.csv,735,253,0.3442176870748299,724,242,214,279,0.3795918367346939,96,41,0.0,0.0,0.0,17.843251359783586,-2.9991842038246124,0.376684514281777,0.3274374282816517,0.2913026838073717,0.0760987256857473,-9.4339775693131,-10.362596488548666,-10.887269742906488,-32.79103278861031,1.8751418587169923,2.968645696983317,3.177170256926554,12.893544809672592,study_rwa,2026_03,paxg_usdc_500_month_24760467_24767666_w29,paxg_usdc,500,24760467,24767666,29,stress
chainlink,exports/study_rwa/2026_03_paxg_usdc/paxg_usdc_500_month_24774867_24781026_w31/chainlink_reference_updates.csv,895,272,0.3039106145251397,774,288,315,292,0.3262569832402234,64,291,0.0625,0.28125,0.0,17.090091443039924,-7.777490127357286,0.655306720069967,0.6667138232682618,0.6671761408318029,0.5977345324618115,19.09454804643933,20.979505367696568,23.592310773661634,30.795609485073665,-33.65750770389068,-33.75680033366673,-35.84743818405805,-45.47161367014002,study_rwa,2026_03,paxg_usdc_500_month_24774867_24781026_w31,paxg_usdc,500,24774867,24781026,31,stress
chainlink,exports/study_rwa/2026_04_paxg_usdc/paxg_usdc_500_month_24781026_24788225_w01/chainlink_reference_updates.csv,1074,105,0.0977653631284916,1074,425,541,108,0.1005586592178771,178,333,0.2047058823529411,0.4887640449438202,0.0,27.831148526491404,-9.44192904010414,0.6419137490515081,0.6321118745806682,0.6209830421924536,0.5280736903781378,22.142196496587836,21.986646559531152,22.411653467959013,24.76402768754165,-36.183225137979306,-35.43842323422602,-34.303248189760225,-37.837972350627055,study_rwa,2026_04,paxg_usdc_500_month_24781026_24788225_w01,paxg_usdc,500,24781026,24788225,1,stress
chainlink,exports/study_rwa/2026_04_paxg_usdc/paxg_usdc_500_month_24802626_24809825_w04/chainlink_reference_updates.csv,134,124,0.9253731343283582,107,6,4,124,0.9253731343283582,0,1,0.0,,0.0,51.38630586841884,-19.899254647731333,0.9999998994923596,0.9999998994923596,0.9999998994923596,0.999999891779648,47.88777973800683,47.88777973800683,47.88777973800683,47.88777973800683,-54.560914042995904,-54.560914042995904,-54.560914042995904,-54.560914042995904,study_rwa,2026_04,paxg_usdc_500_month_24802626_24809825_w04,paxg_usdc,500,24802626,24809825,4,stress
chainlink,exports/study_rwa/2026_04_paxg_usdc/paxg_usdc_500_month_24961026_24968225_w26/chainlink_reference_updates.csv,145,76,0.5241379310344828,134,32,36,77,0.5310344827586206,12,29,0.15625,0.4166666666666667,0.0,18.13862729751917,-8.882418156058964,0.4835063949021472,0.4615654140396776,0.3665329026099749,0.4636290565268552,13.308460320443928,15.368871402275827,15.321084163711822,29.413769258435646,-29.151112663587057,-29.151112663587057,-21.655296413290532,-39.90139821805556,study_rwa,2026_04,paxg_usdc_500_month_24961026_24968225_w26,paxg_usdc,500,24961026,24968225,26,stress
chainlink,exports/study_rwa/2026_04_paxg_usdc/paxg_usdc_500_month_24989826_24996367_w30/chainlink_reference_updates.csv,325,196,0.6030769230769231,233,62,64,199,0.6123076923076923,19,74,0.1612903225806451,0.5263157894736842,0.0,18.113211528818017,-2.294515314128205,0.7343473036510202,0.715748407388747,0.698412450222511,0.7251752623679716,24.105912733822617,25.35281503933217,25.835244281397586,35.93283117213432,-36.63449564679647,-36.13008272332787,-36.5051649967182,-51.03943659624739,study_rwa,2026_04,paxg_usdc_500_month_24989826_24996367_w30,paxg_usdc,500,24989826,24996367,30,stress
chainlink,exports/study_rwa/2026_05_paxg_usdc/paxg_usdc_500_month_24996367_25003566_w01/chainlink_reference_updates.csv,464,148,0.3189655172413793,464,181,129,154,0.3318965517241379,48,112,0.1270718232044199,0.4791666666666667,0.0,22.29655690123589,-9.22546985538255,0.5318734147248663,0.5281176538897436,0.4808165173455113,0.4463017582276281,8.304033606215567,8.166919305218022,7.559427963733223,11.072582442140986,-29.591826036591268,-29.333839245631612,-30.8740440820284,-30.41578331524433,study_rwa,2026_05,paxg_usdc_500_month_24996367_25003566_w01,paxg_usdc,500,24996367,25003566,1,stress
chainlink,exports/study_rwa/2026_05_paxg_usdc/paxg_usdc_500_month_25003567_25010766_w02/chainlink_reference_updates.csv,64,54,0.84375,55,4,6,54,0.84375,0,0,0.0,,,37.665676911755625,3.0960240108955563,0.984982217343032,0.984982217343032,0.984982217343032,0.999822065890228,33.37924624763387,33.37924624763387,33.37924624763387,26.034470678076893,-37.62417759764187,-37.62417759764187,-37.62417759764187,-25.87253668635004,study_rwa,2026_05,paxg_usdc_500_month_25003567_25010766_w02,paxg_usdc,500,25003567,25010766,2,stress
chainlink,exports/study_rwa/2026_05_paxg_usdc/paxg_usdc_500_month_25197967_25205166_w29/chainlink_reference_updates.csv,528,272,0.5151515151515151,441,130,126,272,0.5151515151515151,79,88,0.1769230769230769,0.2911392405063291,0.0,30.59593359111174,-5.0651844922356775,0.6280078825276424,0.6034295808737751,0.6033504317439796,0.5534903009672055,29.908803080032165,30.006830953595266,30.56884907756183,36.75327574464197,-39.91636111388008,-38.846062636350176,-36.20227616568222,-41.21369487460556,study_rwa,2026_05,paxg_usdc_500_month_25197967_25205166_w29,paxg_usdc,500,25197967,25205166,29,stress
chainlink,exports/study_rwa/2026_05_paxg_usdc/paxg_usdc_500_month_25212367_25218797_w31/chainlink_reference_updates.csv,184,126,0.6847826086956522,126,14,44,126,0.6847826086956522,1,0,0.0,0.0,,28.518139696500786,-13.210217881934009,0.7944239026438106,0.8293738677996737,0.8586847475007987,0.8936934631111364,26.782472649838923,26.782472649838923,26.782472649838923,24.60017900156878,-32.70850984234055,-32.6271252202133,-32.506136682189286,-28.23328765826161,study_rwa,2026_05,paxg_usdc_500_month_25212367_25218797_w31,paxg_usdc,500,25212367,25218797,31,stress
chainlink,exports/study_rwa/2026_06_paxg_usdc/paxg_usdc_500_month_25218797_25225996_w01/chainlink_reference_updates.csv,556,247,0.4442446043165468,556,160,142,254,0.4568345323741007,131,76,0.11875,0.1450381679389313,0.0,24.310520710252153,-4.48088888700409,0.271235654177252,0.2632945406642178,0.2241824540801172,0.1434300246615482,9.685722269229244,11.083205222023002,12.803412993684187,21.761933763157575,-17.531205511923762,-17.30624645546037,-15.694505885123808,-19.83294875108779,study_rwa,2026_06,paxg_usdc_500_month_25218797_25225996_w01,paxg_usdc,500,25218797,25225996,1,stress
chainlink,exports/study_rwa/2026_06_paxg_usdc/paxg_usdc_500_month_25254797_25261996_w06/chainlink_reference_updates.csv,294,251,0.8537414965986394,196,18,25,251,0.8537414965986394,0,47,0.0,,0.0,66.8750962809724,1.5761486427898863,0.9993466708581126,0.9993466708581126,0.9993413029659708,0.999712239381803,48.15215702226363,48.15215702226363,48.15215702226363,52.72289709399791,-50.51087413766494,-50.51087413766494,-50.51087413766494,-55.58947421736978,study_rwa,2026_06,paxg_usdc_500_month_25254797_25261996_w06,paxg_usdc,500,25254797,25261996,6,stress
chainlink,exports/study_rwa/2026_06_paxg_usdc/paxg_usdc_500_month_25413197_25420396_w28/chainlink_reference_updates.csv,330,188,0.5696969696969697,314,63,79,188,0.5696969696969697,25,42,0.0158730158730158,0.04,0.0,24.53722447790006,2.13171105645543,0.6196184899610538,0.6074430570395376,0.587869399743644,0.4733691875763648,-4.538025810795141,-5.28698160335258,-10.968191631945222,-28.15372010623569,-15.514964361772035,-15.411931716802163,-13.20353592041966,-0.6194415524464463,study_rwa,2026_06,paxg_usdc_500_month_25413197_25420396_w28,paxg_usdc,500,25413197,25420396,28,stress
chainlink,exports/study_rwa/2026_06_paxg_usdc/paxg_usdc_500_month_25427597_25433938_w30/chainlink_reference_updates.csv,506,294,0.5810276679841897,346,118,91,297,0.5869565217391305,68,28,0.0762711864406779,0.1323529411764706,0.0,17.95239697270958,-7.1723572582398685,0.0965984000117302,0.1118242088285969,0.0967600981224839,-0.0548943639381928,2.8472052514251383,3.130065173646907,3.1160978988078276,-2.81275568879417,-11.13704319266375,-11.525344033912878,-11.87982343463109,-8.15980095681351,study_rwa,2026_06,paxg_usdc_500_month_25427597_25433938_w30,paxg_usdc,500,25427597,25433938,30,stress
chainlink,exports/study_rwa/age25h/2026_01_paxg_usdc/paxg_usdc_500_month_24136052_24143251_w01/chainlink_reference_updates.csv,1489,1247,0.8374748153122902,1489,50,192,1247,0.8374748153122902,109,531,0.0,0.0,0.0,49.453337051912506,-28.89658775861052,0.863308219019878,0.8582488967312684,0.8457127895540539,0.7957187372036798,-0.0354595351024903,-0.0354595351024903,-0.0354595351024903,22.83212840419058,-26.960112902248156,-26.739985359171385,-26.40979404455624,-23.987213656159355,study_rwa,,paxg_usdc_500_month_24136052_24143251_w01,paxg_usdc,500,24136052,24143251,1,stress
chainlink,exports/study_rwa/age25h/2026_01_paxg_usdc/paxg_usdc_500_month_24150452_24157651_w03/chainlink_reference_updates.csv,917,720,0.7851690294438386,776,148,49,720,0.7851690294438386,0,0,0.0,,,72.82243499826868,-12.14895652524664,0.999458604546613,0.999458604546613,0.9994755944724788,0.9992600422057216,47.358495674051184,47.358495674051184,46.94570784977418,42.57015691243785,-47.55723878211159,-47.55723878211159,-47.15299139557823,-43.11051753024475,study_rwa,,paxg_usdc_500_month_24150452_24157651_w03,paxg_usdc,500,24150452,24157651,3,stress
chainlink,exports/study_rwa/age25h/2026_01_paxg_usdc/paxg_usdc_500_month_24344852_24352051_w30/chainlink_reference_updates.csv,3825,859,0.2245751633986928,3250,1462,1498,865,0.2261437908496732,202,631,0.1162790697674418,0.8415841584158416,0.0,53.52761969079722,-6.126818403681732,0.8099502531236897,0.7616531515292432,0.6138539736669149,0.2055277400604126,50.281449146259504,49.4733469703041,49.06636526119048,57.2112195738211,-62.24265156987049,-62.63222094588488,-63.42530719894509,-77.12704810417691,study_rwa,,paxg_usdc_500_month_24344852_24352051_w30,paxg_usdc,500,24344852,24352051,30,stress
chainlink,exports/study_rwa/age25h/2026_01_paxg_usdc/paxg_usdc_500_month_24352052_24358292_w31/chainlink_reference_updates.csv,1174,1027,0.8747870528109029,896,89,58,1027,0.8747870528109029,0,10,0.0,,0.0,100.64840829055228,-11.642121740434462,0.9999997223571144,0.9999997223571144,0.9999997218268822,0.9999997108189576,116.73451324167054,116.73451324167054,116.73451324167054,116.73451324167054,-119.07120537011367,-119.07120537011367,-119.07120537011367,-119.07120537011367,study_rwa,,paxg_usdc_500_month_24352052_24358292_w31,paxg_usdc,500,24352052,24358292,31,stress
chainlink,exports/study_rwa/age25h/2026_02_paxg_usdc/paxg_usdc_500_month_24358292_24365491_w01/chainlink_reference_updates.csv,1398,986,0.7052932761087267,1398,201,209,988,0.7067238912732475,41,3,0.0,0.0,0.3333333333333333,101.52861707910264,-5.6968209571178905,0.9085840800306244,0.89876084291958,0.8403078391284117,0.5429608913609331,10.527741765634063,9.913965496916877,1.4850980544872638,-35.66507065912937,-20.11575679981236,-21.922699374022745,-13.805226883409414,39.00895501372808,study_rwa,,paxg_usdc_500_month_24358292_24365491_w01,paxg_usdc,500,24358292,24365491,1,stress
chainlink,exports/study_rwa/age25h/2026_02_paxg_usdc/paxg_usdc_500_month_24365492_24372691_w02/chainlink_reference_updates.csv,4168,1615,0.3874760076775432,2579,1201,1350,1617,0.3879558541266795,217,374,0.1007493755203996,0.5576036866359447,0.0,52.88705932301886,-29.693470435702313,0.6948791276493756,0.6515784309755153,0.5424374551877893,0.0564194867678803,35.81296869928771,34.4971412289274,31.42693368470339,2.586057167753627,-50.30583832154183,-49.5302319370532,-48.2385690049599,-14.219621287457873,study_rwa,,paxg_usdc_500_month_24365492_24372691_w02,paxg_usdc,500,24365492,24372691,2,stress
chainlink,exports/study_rwa/age25h/2026_02_paxg_usdc/paxg_usdc_500_month_24545492_24552691_w27/chainlink_reference_updates.csv,1179,611,0.5182357930449534,1020,306,262,611,0.5182357930449534,149,98,0.1045751633986928,0.2147651006711409,0.0,35.935084928244784,-1.6162037768607214,0.6597610856417085,0.6382716003938507,0.6379511255805269,0.2307513879735759,23.881044672287416,22.369222015765377,21.68828083812293,2.0502137473342916,-31.229800693522005,-30.851614182309884,-30.741016554374102,-11.368390584436698,study_rwa,,paxg_usdc_500_month_24545492_24552691_w27,paxg_usdc,500,24545492,24552691,27,stress
chainlink,exports/study_rwa/age25h/2026_02_paxg_usdc/paxg_usdc_500_month_24552692_24558867_w28/chainlink_reference_updates.csv,2547,2207,0.8665096191597959,2292,154,186,2207,0.8665096191597959,0,4,0.0,,0.0,306.89309725607103,-16.40343265710181,0.9999993305827574,0.9999993310612442,0.9999993354656734,0.9999993889483956,213.52466821304048,213.52466821304048,213.5131019843236,213.15454889410032,-205.5040505080453,-205.5040505080453,-205.46834268784556,-205.0309218903984,study_rwa,,paxg_usdc_500_month_24552692_24558867_w28,paxg_usdc,500,24552692,24558867,28,stress
chainlink,exports/study_rwa/age25h/2026_03_paxg_usdc/paxg_usdc_500_month_24558867_24566066_w01/chainlink_reference_updates.csv,1912,1551,0.8111924686192469,1912,205,156,1551,0.8111924686192469,104,24,0.3024390243902439,0.5961538461538461,0.0,190.86302994655432,6.37166431285234,0.970364271563324,0.9704295999725256,0.9710886158711768,0.955091929035988,116.83776710695648,115.64365915238702,114.89974654287286,127.4899930980171,-133.03937141849974,-132.42620960886362,-131.81897538478654,-139.37353635440104,study_rwa,,paxg_usdc_500_month_24558867_24566066_w01,paxg_usdc,500,24558867,24566066,1,stress
chainlink,exports/study_rwa/age25h/2026_03_paxg_usdc/paxg_usdc_500_month_24566067_24573266_w02/chainlink_reference_updates.csv,1851,906,0.4894651539708265,1341,457,486,908,0.4905456509994597,211,299,0.175054704595186,0.3791469194312796,0.0033444816053511,43.3023398793222,-2.5146337117565314,0.8019475441802996,0.7952899821242208,0.7838452257206328,0.708639938433025,39.827115046277974,39.47928247758773,39.49281562579212,49.048901835413425,-43.32984864708104,-43.621105699113166,-44.72422301184683,-62.27969838783946,study_rwa,,paxg_usdc_500_month_24566067_24573266_w02,paxg_usdc,500,24566067,24573266,2,stress
chainlink,exports/study_rwa/age25h/2026_03_paxg_usdc/paxg_usdc_500_month_24760467_24767666_w29/chainlink_reference_updates.csv,735,253,0.3442176870748299,724,242,214,279,0.3795918367346939,96,41,0.0,0.0,0.0,17.843251359783586,-2.9991842038246124,0.376684514281777,0.3274374282816517,0.2913026838073717,0.0760987256857473,-9.4339775693131,-10.362596488548666,-10.887269742906488,-32.79103278861031,1.8751418587169923,2.968645696983317,3.177170256926554,12.893544809672592,study_rwa,,paxg_usdc_500_month_24760467_24767666_w29,paxg_usdc,500,24760467,24767666,29,stress
chainlink,exports/study_rwa/age25h/2026_03_paxg_usdc/paxg_usdc_500_month_24774867_24781026_w31/chainlink_reference_updates.csv,895,272,0.3039106145251397,774,288,315,292,0.3262569832402234,64,291,0.0625,0.28125,0.0,17.090091443039924,-7.777490127357286,0.655306720069967,0.6667138232682618,0.6671761408318029,0.5977345324618115,19.09454804643933,20.979505367696568,23.592310773661634,30.795609485073665,-33.65750770389068,-33.75680033366673,-35.84743818405805,-45.47161367014002,study_rwa,,paxg_usdc_500_month_24774867_24781026_w31,paxg_usdc,500,24774867,24781026,31,stress
chainlink,exports/study_rwa/age25h/2026_04_paxg_usdc/paxg_usdc_500_month_24781026_24788225_w01/chainlink_reference_updates.csv,1074,105,0.0977653631284916,1074,425,541,108,0.1005586592178771,178,333,0.2047058823529411,0.4887640449438202,0.0,27.831148526491404,-9.44192904010414,0.6419137490515081,0.6321118745806682,0.6209830421924536,0.5280736903781378,22.142196496587836,21.986646559531152,22.411653467959013,24.76402768754165,-36.183225137979306,-35.43842323422602,-34.303248189760225,-37.837972350627055,study_rwa,,paxg_usdc_500_month_24781026_24788225_w01,paxg_usdc,500,24781026,24788225,1,stress
chainlink,exports/study_rwa/age25h/2026_04_paxg_usdc/paxg_usdc_500_month_24802626_24809825_w04/chainlink_reference_updates.csv,134,124,0.9253731343283582,107,6,4,124,0.9253731343283582,0,1,0.0,,0.0,51.38630586841884,-19.899254647731333,0.9999998994923596,0.9999998994923596,0.9999998994923596,0.999999891779648,47.88777973800683,47.88777973800683,47.88777973800683,47.88777973800683,-54.560914042995904,-54.560914042995904,-54.560914042995904,-54.560914042995904,study_rwa,,paxg_usdc_500_month_24802626_24809825_w04,paxg_usdc,500,24802626,24809825,4,stress
chainlink,exports/study_rwa/age25h/2026_04_paxg_usdc/paxg_usdc_500_month_24961026_24968225_w26/chainlink_reference_updates.csv,145,76,0.5241379310344828,134,32,36,77,0.5310344827586206,12,29,0.15625,0.4166666666666667,0.0,18.13862729751917,-8.882418156058964,0.4835063949021472,0.4615654140396776,0.3665329026099749,0.4636290565268552,13.308460320443928,15.368871402275827,15.321084163711822,29.413769258435646,-29.151112663587057,-29.151112663587057,-21.655296413290532,-39.90139821805556,study_rwa,,paxg_usdc_500_month_24961026_24968225_w26,paxg_usdc,500,24961026,24968225,26,stress
chainlink,exports/study_rwa/age25h/2026_04_paxg_usdc/paxg_usdc_500_month_24989826_24996367_w30/chainlink_reference_updates.csv,325,196,0.6030769230769231,233,62,64,199,0.6123076923076923,19,74,0.1612903225806451,0.5263157894736842,0.0,18.113211528818017,-2.294515314128205,0.7343473036510202,0.715748407388747,0.698412450222511,0.7251752623679716,24.105912733822617,25.35281503933217,25.835244281397586,35.93283117213432,-36.63449564679647,-36.13008272332787,-36.5051649967182,-51.03943659624739,study_rwa,,paxg_usdc_500_month_24989826_24996367_w30,paxg_usdc,500,24989826,24996367,30,stress
chainlink,exports/study_rwa/age25h/2026_05_paxg_usdc/paxg_usdc_500_month_24996367_25003566_w01/chainlink_reference_updates.csv,464,148,0.3189655172413793,464,181,129,154,0.3318965517241379,48,112,0.1270718232044199,0.4791666666666667,0.0,22.29655690123589,-9.22546985538255,0.5318734147248663,0.5281176538897436,0.4808165173455113,0.4463017582276281,8.304033606215567,8.166919305218022,7.559427963733223,11.072582442140986,-29.591826036591268,-29.333839245631612,-30.8740440820284,-30.41578331524433,study_rwa,,paxg_usdc_500_month_24996367_25003566_w01,paxg_usdc,500,24996367,25003566,1,stress
chainlink,exports/study_rwa/age25h/2026_05_paxg_usdc/paxg_usdc_500_month_25003567_25010766_w02/chainlink_reference_updates.csv,64,54,0.84375,55,4,6,54,0.84375,0,0,0.0,,,37.665676911755625,3.0960240108955563,0.984982217343032,0.984982217343032,0.984982217343032,0.999822065890228,33.37924624763387,33.37924624763387,33.37924624763387,26.034470678076893,-37.62417759764187,-37.62417759764187,-37.62417759764187,-25.87253668635004,study_rwa,,paxg_usdc_500_month_25003567_25010766_w02,paxg_usdc,500,25003567,25010766,2,stress
chainlink,exports/study_rwa/age25h/2026_05_paxg_usdc/paxg_usdc_500_month_25197967_25205166_w29/chainlink_reference_updates.csv,528,272,0.5151515151515151,441,130,126,272,0.5151515151515151,79,88,0.1769230769230769,0.2911392405063291,0.0,30.59593359111174,-5.0651844922356775,0.6280078825276424,0.6034295808737751,0.6033504317439796,0.5534903009672055,29.908803080032165,30.006830953595266,30.56884907756183,36.75327574464197,-39.91636111388008,-38.846062636350176,-36.20227616568222,-41.21369487460556,study_rwa,,paxg_usdc_500_month_25197967_25205166_w29,paxg_usdc,500,25197967,25205166,29,stress
chainlink,exports/study_rwa/age25h/2026_05_paxg_usdc/paxg_usdc_500_month_25212367_25218797_w31/chainlink_reference_updates.csv,184,126,0.6847826086956522,126,14,44,126,0.6847826086956522,1,0,0.0,0.0,,28.518139696500786,-13.210217881934009,0.7944239026438106,0.8293738677996737,0.8586847475007987,0.8936934631111364,26.782472649838923,26.782472649838923,26.782472649838923,24.60017900156878,-32.70850984234055,-32.6271252202133,-32.506136682189286,-28.23328765826161,study_rwa,,paxg_usdc_500_month_25212367_25218797_w31,paxg_usdc,500,25212367,25218797,31,stress
chainlink,exports/study_rwa/age25h/2026_06_paxg_usdc/paxg_usdc_500_month_25218797_25225996_w01/chainlink_reference_updates.csv,556,247,0.4442446043165468,556,160,142,254,0.4568345323741007,131,76,0.11875,0.1450381679389313,0.0,24.310520710252153,-4.48088888700409,0.271235654177252,0.2632945406642178,0.2241824540801172,0.1434300246615482,9.685722269229244,11.083205222023002,12.803412993684187,21.761933763157575,-17.531205511923762,-17.30624645546037,-15.694505885123808,-19.83294875108779,study_rwa,,paxg_usdc_500_month_25218797_25225996_w01,paxg_usdc,500,25218797,25225996,1,stress
chainlink,exports/study_rwa/age25h/2026_06_paxg_usdc/paxg_usdc_500_month_25254797_25261996_w06/chainlink_reference_updates.csv,294,251,0.8537414965986394,196,18,25,251,0.8537414965986394,0,47,0.0,,0.0,66.8750962809724,1.5761486427898863,0.9993466708581126,0.9993466708581126,0.9993413029659708,0.999712239381803,48.15215702226363,48.15215702226363,48.15215702226363,52.72289709399791,-50.51087413766494,-50.51087413766494,-50.51087413766494,-55.58947421736978,study_rwa,,paxg_usdc_500_month_25254797_25261996_w06,paxg_usdc,500,25254797,25261996,6,stress
chainlink,exports/study_rwa/age25h/2026_06_paxg_usdc/paxg_usdc_500_month_25413197_25420396_w28/chainlink_reference_updates.csv,330,188,0.5696969696969697,314,63,79,188,0.5696969696969697,25,42,0.0158730158730158,0.04,0.0,24.53722447790006,2.13171105645543,0.6196184899610538,0.6074430570395376,0.587869399743644,0.4733691875763648,-4.538025810795141,-5.28698160335258,-10.968191631945222,-28.15372010623569,-15.514964361772035,-15.411931716802163,-13.20353592041966,-0.6194415524464463,study_rwa,,paxg_usdc_500_month_25413197_25420396_w28,paxg_usdc,500,25413197,25420396,28,stress
chainlink,exports/study_rwa/age25h/2026_06_paxg_usdc/paxg_usdc_500_month_25427597_25433938_w30/chainlink_reference_updates.csv,506,294,0.5810276679841897,346,118,91,297,0.5869565217391305,68,28,0.0762711864406779,0.1323529411764706,0.0,17.95239697270958,-7.1723572582398685,0.0965984000117302,0.1118242088285969,0.0967600981224839,-0.0548943639381928,2.8472052514251383,3.130065173646907,3.1160978988078276,-2.81275568879417,-11.13704319266375,-11.525344033912878,-11.87982343463109,-8.15980095681351,study_rwa,,paxg_usdc_500_month_25427597_25433938_w30,paxg_usdc,500,25427597,25433938,30,stress
chainlink,exports/study_rwa/fixed/2026_01_paxg_usdc/paxg_usdc_500_month_24136052_24143251_w01/chainlink_reference_updates.csv,1489,1247,0.8374748153122902,1489,192,50,1247,0.8374748153122902,28,59,0.0572916666666666,0.3928571428571428,0.0,49.45333705193316,28.896587758625227,0.8633082190201056,0.8582488967315015,0.8457127895543064,0.7957187372039204,26.960112902270694,26.739985359194105,26.40979404457923,23.98721365618421,0.0354595350614781,0.0354595350614781,0.0354595350614781,-22.832128404216046,study_rwa,,paxg_usdc_500_month_24136052_24143251_w01,paxg_usdc,500,24136052,24143251,1,stress
chainlink,exports/study_rwa/fixed/2026_01_paxg_usdc/paxg_usdc_500_month_24150452_24157651_w03/chainlink_reference_updates.csv,917,720,0.7851690294438386,776,49,148,720,0.7851690294438386,0,27,0.0,,0.0,72.82243499829497,12.148956525251911,0.9994586045466136,0.9994586045466136,0.9994755944724798,0.9992600422057276,47.55723878214789,47.55723878214789,47.152991395615174,43.1105175302879,-47.35849567408712,-47.35849567408712,-46.945707849810745,-42.57015691248102,study_rwa,,paxg_usdc_500_month_24150452_24157651_w03,paxg_usdc,500,24150452,24157651,3,stress
chainlink,exports/study_rwa/fixed/2026_01_paxg_usdc/paxg_usdc_500_month_24344852_24352051_w30/chainlink_reference_updates.csv,3825,859,0.2245751633986928,3250,1491,1469,865,0.2261437908496732,239,452,0.1341381623071764,0.8368200836820083,0.0,53.5276196908185,6.126818403681712,0.8099502531238109,0.7616531515293902,0.6138539736671229,0.2055277400606041,62.57517906416233,62.785630501229974,63.43549304167231,77.05481046197566,-50.0669401700164,-49.07685092831587,-48.518751922345594,-56.44329144267493,study_rwa,,paxg_usdc_500_month_24344852_24352051_w30,paxg_usdc,500,24344852,24352051,30,stress
chainlink,exports/study_rwa/fixed/2026_01_paxg_usdc/paxg_usdc_500_month_24352052_24358292_w31/chainlink_reference_updates.csv,1174,1027,0.8747870528109029,896,58,89,1027,0.8747870528109029,13,372,0.0,0.0,0.0,100.64840829055194,11.64212174043558,0.9999997223571142,0.9999997223571142,0.999999721826882,0.9999997108189576,119.0712053701207,119.0712053701207,119.0712053701207,119.0712053701207,-116.73451324167767,-116.73451324167767,-116.73451324167767,-116.73451324167767,study_rwa,,paxg_usdc_500_month_24352052_24358292_w31,paxg_usdc,500,24352052,24358292,31,stress
chainlink,exports/study_rwa/fixed/2026_02_paxg_usdc/paxg_usdc_500_month_24358292_24365491_w01/chainlink_reference_updates.csv,1398,986,0.7052932761087267,1398,206,204,988,0.7067238912732475,80,166,0.0485436893203883,0.125,0.0,101.52861707909032,5.696820957117261,0.9085840800306132,0.898760842919564,0.8403078391283703,0.5429608913608066,20.22888415191311,22.0621414238054,13.284183760229975,-39.44294823658684,-10.191338524637608,-9.586588377519076,-0.7340889457213663,35.005171281136505,study_rwa,,paxg_usdc_500_month_24358292_24365491_w01,paxg_usdc,500,24358292,24365491,1,stress
chainlink,exports/study_rwa/fixed/2026_02_paxg_usdc/paxg_usdc_500_month_24365492_24372691_w02/chainlink_reference_updates.csv,4168,1615,0.3874760076775432,2579,1347,1204,1617,0.3879558541266795,261,204,0.1165553080920564,0.6015325670498084,0.0,52.88705932304206,29.693470435704015,0.6948791276495604,0.6515784309757257,0.5424374551880402,0.0564194867680809,50.39470486227441,49.593647564263,48.248301214103485,14.45865519223235,-35.697808241895665,-34.35871824749043,-31.239319712647212,-2.811606697954968,study_rwa,,paxg_usdc_500_month_24365492_24372691_w02,paxg_usdc,500,24365492,24372691,2,stress
chainlink,exports/study_rwa/fixed/2026_02_paxg_usdc/paxg_usdc_500_month_24545492_24552691_w27/chainlink_reference_updates.csv,1179,611,0.5182357930449534,1020,260,308,611,0.5182357930449534,191,91,0.1846153846153846,0.2513089005235602,0.0,35.935084928265674,1.616203776859053,0.6597610856420049,0.6382716003941679,0.637951125580838,0.2307513879742748,31.75469604943508,31.238262778386545,31.12676598274392,11.333226557693065,-23.94736946816169,-22.329481251694688,-21.653318608632095,-1.9207379116755272,study_rwa,,paxg_usdc_500_month_24545492_24552691_w27,paxg_usdc,500,24545492,24552691,27,stress
chainlink,exports/study_rwa/fixed/2026_02_paxg_usdc/paxg_usdc_500_month_24552692_24558867_w28/chainlink_reference_updates.csv,2547,2207,0.8665096191597959,2292,186,154,2207,0.8665096191597959,0,515,0.0,,0.0,306.89309725608643,16.403432657102787,0.9999993305827573,0.9999993310612444,0.9999993354656734,0.9999993889483956,205.50405050805443,205.50405050805443,205.46834268785443,205.03092189040453,-213.52466821304904,-213.52466821304904,-213.51310198433208,-213.1545488941065,study_rwa,,paxg_usdc_500_month_24552692_24558867_w28,paxg_usdc,500,24552692,24558867,28,stress
chainlink,exports/study_rwa/fixed/2026_03_paxg_usdc/paxg_usdc_500_month_24558867_24566066_w01/chainlink_reference_updates.csv,1912,1551,0.8111924686192469,1912,156,205,1551,0.8111924686192469,63,780,0.2371794871794871,0.5873015873015873,0.0,190.86302994658556,-6.3716643128548,0.9703642715633294,0.9704295999725306,0.9710886158711816,0.9550919290359938,133.03937141854053,132.4262096089046,131.8189753848274,139.373536354437,-116.83776710699289,-115.64365915242212,-114.89974654290756,-127.48999309804894,study_rwa,,paxg_usdc_500_month_24558867_24566066_w01,paxg_usdc,500,24558867,24566066,1,stress
chainlink,exports/study_rwa/fixed/2026_03_paxg_usdc/paxg_usdc_500_month_24566067_24573266_w02/chainlink_reference_updates.csv,1851,906,0.4894651539708265,1341,482,461,908,0.4905456509994597,253,250,0.2323651452282157,0.4426877470355731,0.0,43.30233987935112,2.514633711755371,0.8019475441805068,0.7952899821244336,0.7838452257208521,0.7086399384332023,44.042047313350054,44.412324522724106,45.54152124727286,63.473654448206474,-39.85022112516755,-39.58549922438531,-39.6166108425488,-49.33127151047463,study_rwa,,paxg_usdc_500_month_24566067_24573266_w02,paxg_usdc,500,24566067,24573266,2,stress
chainlink,exports/study_rwa/fixed/2026_03_paxg_usdc/paxg_usdc_500_month_24760467_24767666_w29/chainlink_reference_updates.csv,735,253,0.3442176870748299,724,196,260,279,0.3795918367346939,131,151,0.0051020408163265,0.0076335877862595,0.0,17.843251359792884,2.999184203821885,0.3766845142821766,0.327437428282042,0.2913026838076992,0.0760987256859534,-3.073645840706628,-4.460068142769416,-4.84690456249667,-16.96801742095165,9.554526149176676,10.563967411756089,11.172300527116324,32.644301430275654,study_rwa,,paxg_usdc_500_month_24760467_24767666_w29,paxg_usdc,500,24760467,24767666,29,stress
chainlink,exports/study_rwa/fixed/2026_03_paxg_usdc/paxg_usdc_500_month_24774867_24781026_w31/chainlink_reference_updates.csv,895,272,0.3039106145251397,774,300,303,292,0.3262569832402234,79,193,0.0133333333333333,0.050632911392405,0.0,17.090091443026278,7.777490127355452,0.6553067200694512,0.6667138232677601,0.6671761408313405,0.5977345324612768,35.2503369103451,35.35459417161039,37.457780043123506,47.75791123273317,-18.060118758264856,-19.85176136064726,-22.244146824339396,-29.255947328657857,study_rwa,,paxg_usdc_500_month_24774867_24781026_w31,paxg_usdc,500,24774867,24781026,31,stress
chainlink,exports/study_rwa/fixed/2026_04_paxg_usdc/paxg_usdc_500_month_24781026_24788225_w01/chainlink_reference_updates.csv,1074,105,0.0977653631284916,1074,533,433,108,0.1005586592178771,175,170,0.1369606003752345,0.4171428571428571,0.0,27.831148526463124,9.441929040101169,0.6419137490510738,0.6321118745802214,0.6209830421919872,0.528073690377705,36.83930125461881,35.966087366104155,34.92806518964596,38.444603708006895,-21.872185404430457,-21.575201811135244,-22.13291962888371,-24.352738731013915,study_rwa,,paxg_usdc_500_month_24781026_24788225_w01,paxg_usdc,500,24781026,24788225,1,stress
chainlink,exports/study_rwa/fixed/2026_04_paxg_usdc/paxg_usdc_500_month_24802626_24809825_w04/chainlink_reference_updates.csv,134,124,0.9253731343283582,107,4,6,124,0.9253731343283582,0,31,0.0,,0.0,51.38630586838536,19.899254647719964,0.9999998994923596,0.9999998994923596,0.9999998994923596,0.999999891779648,54.56091404296219,54.56091404296219,54.56091404296219,54.56091404296219,-47.88777973797334,-47.88777973797334,-47.88777973797334,-47.88777973797334,study_rwa,,paxg_usdc_500_month_24802626_24809825_w04,paxg_usdc,500,24802626,24809825,4,stress
chainlink,exports/study_rwa/fixed/2026_04_paxg_usdc/paxg_usdc_500_month_24961026_24968225_w26/chainlink_reference_updates.csv,145,76,0.5241379310344828,134,32,36,77,0.5310344827586206,29,24,0.09375,0.1034482758620689,0.0,18.138627297498186,8.882418156053586,0.4835063949013283,0.4615654140388309,0.3665329026090247,0.4636290565261626,30.794807906526977,30.794807906526977,23.416113785140833,41.989586516749945,-10.051792427057736,-11.883268944241566,-12.77776843013829,-23.56825135988676,study_rwa,,paxg_usdc_500_month_24961026_24968225_w26,paxg_usdc,500,24961026,24968225,26,stress
chainlink,exports/study_rwa/fixed/2026_04_paxg_usdc/paxg_usdc_500_month_24989826_24996367_w30/chainlink_reference_updates.csv,325,196,0.6030769230769231,233,63,63,199,0.6123076923076923,13,74,0.0952380952380952,0.4615384615384615,0.0,18.11321152879053,2.2945153141288372,0.734347303650357,0.7157484073880647,0.6984124502218069,0.7251752623673536,37.79090385153009,37.27794155647703,37.65938115653501,52.43999634249692,-24.226681696703658,-25.453472674702898,-25.92812079996136,-35.86284338601,study_rwa,,paxg_usdc_500_month_24989826_24996367_w30,paxg_usdc,500,24989826,24996367,30,stress
chainlink,exports/study_rwa/fixed/2026_05_paxg_usdc/paxg_usdc_500_month_24996367_25003566_w01/chainlink_reference_updates.csv,464,148,0.3189655172413793,464,127,183,154,0.3318965517241379,61,58,0.0708661417322834,0.1475409836065573,0.0,22.296556901216455,9.225469855384068,0.5318734147244072,0.528117653889307,0.4808165173450549,0.4463017582272605,29.84059160156804,29.578232153134273,30.841891850062055,30.101620545580225,-8.040184841334389,-7.904628657394284,-7.101127353142103,-10.362239611757476,study_rwa,,paxg_usdc_500_month_24996367_25003566_w01,paxg_usdc,500,24996367,25003566,1,stress
chainlink,exports/study_rwa/fixed/2026_05_paxg_usdc/paxg_usdc_500_month_25003567_25010766_w02/chainlink_reference_updates.csv,64,54,0.84375,55,6,4,54,0.84375,0,1,0.0,,0.0,37.665676911719814,-3.0960240108905173,0.9849822173429852,0.9849822173429852,0.9849822173429852,0.9998220658902268,37.62417759760675,37.62417759760675,37.62417759760675,25.87253668630753,-33.37924624759564,-33.37924624759564,-33.37924624759564,-26.03447067803368,study_rwa,,paxg_usdc_500_month_25003567_25010766_w02,paxg_usdc,500,25003567,25010766,2,stress
chainlink,exports/study_rwa/fixed/2026_05_paxg_usdc/paxg_usdc_500_month_25197967_25205166_w29/chainlink_reference_updates.csv,528,272,0.5151515151515151,441,126,130,272,0.5151515151515151,75,71,0.1428571428571428,0.24,0.0,30.59593359109211,5.06518449223765,0.6280078825270633,0.6034295808731627,0.6033504317433762,0.5534903009667214,39.91636111385754,38.84606263632816,36.20227616566236,41.21369487458712,-29.908803080013303,-30.006830953576053,-30.568849077541785,-36.75327574462518,study_rwa,,paxg_usdc_500_month_25197967_25205166_w29,paxg_usdc,500,25197967,25205166,29,stress
chainlink,exports/study_rwa/fixed/2026_05_paxg_usdc/paxg_usdc_500_month_25212367_25218797_w31/chainlink_reference_updates.csv,184,126,0.6847826086956522,126,44,14,126,0.6847826086956522,1,13,0.0,0.0,0.0,28.51813969648746,13.21021788193092,0.7944239026438196,0.8293738677996729,0.8586847475007949,0.8936934631110586,32.708509842313156,32.62712522018641,32.50613668216289,28.233287658240396,-26.78247264981653,-26.78247264981653,-26.78247264981653,-24.60017900154212,study_rwa,,paxg_usdc_500_month_25212367_25218797_w31,paxg_usdc,500,25212367,25218797,31,stress
chainlink,exports/study_rwa/fixed/2026_06_paxg_usdc/paxg_usdc_500_month_25218797_25225996_w01/chainlink_reference_updates.csv,556,247,0.4442446043165468,556,138,164,254,0.4568345323741007,154,61,0.0217391304347826,0.0194805194805194,0.0,24.310520710232172,4.480888887005411,0.2712356541762614,0.2632945406632578,0.22418245407914,0.1434300246607884,17.16120019055007,16.929720581725157,15.78491486858127,20.556964575396595,-8.710548821212635,-10.073946823937984,-12.184417653447367,-21.356657261311582,study_rwa,,paxg_usdc_500_month_25218797_25225996_w01,paxg_usdc,500,25218797,25225996,1,stress
chainlink,exports/study_rwa/fixed/2026_06_paxg_usdc/paxg_usdc_500_month_25254797_25261996_w06/chainlink_reference_updates.csv,294,251,0.8537414965986394,196,25,18,251,0.8537414965986394,0,65,0.0,,0.0,66.87509628095309,-1.576148642788219,0.9993466708581132,0.9993466708581132,0.9993413029659708,0.9997122393818022,50.5108741376458,50.5108741376458,50.5108741376458,55.58947421735093,-48.15215702224442,-48.15215702224442,-48.15215702224442,-52.72289709397912,study_rwa,,paxg_usdc_500_month_25254797_25261996_w06,paxg_usdc,500,25254797,25261996,6,stress
chainlink,exports/study_rwa/fixed/2026_06_paxg_usdc/paxg_usdc_500_month_25413197_25420396_w28/chainlink_reference_updates.csv,330,188,0.5696969696969697,314,78,64,188,0.5696969696969697,50,68,0.0641025641025641,0.1,0.0,24.537224477869373,-2.131711056453704,0.6196184899601627,0.6074430570386232,0.5878693997427373,0.4733691875755956,15.181519338448451,15.41193171677638,13.203535920393886,0.6194415524163155,5.1664164861788,5.286981603375472,10.968191631972475,28.15372010627662,study_rwa,,paxg_usdc_500_month_25413197_25420396_w28,paxg_usdc,500,25413197,25420396,28,stress
chainlink,exports/study_rwa/fixed/2026_06_paxg_usdc/paxg_usdc_500_month_25427597_25433938_w30/chainlink_reference_updates.csv,506,294,0.5810276679841897,346,89,120,297,0.5869565217391305,100,23,0.0224719101123595,0.02,0.0,17.95239697268885,7.172357258242922,0.0965984000109014,0.1118242088278122,0.0967600981217095,-0.0548943639388531,10.632905822603908,11.02993252545422,11.752975051954555,7.891534975980434,-2.240232561222799,-2.518378151407799,-2.772086659426501,3.1008370457186074,study_rwa,,paxg_usdc_500_month_25427597_25433938_w30,paxg_usdc,500,25427597,25433938,30,stress
