study,month,window_id,window_dir,pair,fee_tier,block_start,block_end,window_idx,analysis_basis,confirmed_label_rate,dutch_auction_fallback_rate,dutch_auction_fill_rate,dutch_auction_lp_net_quote,dutch_auction_lp_net_vs_fixed_fee_quote,dutch_auction_lp_net_vs_hook_quote,dutch_auction_mean_solver_surplus_quote,dutch_auction_min_lp_uplift_quote,dutch_auction_min_lp_uplift_stale_loss_bps,dutch_auction_min_stale_loss_quote,dutch_auction_no_reference_rate,dutch_auction_oracle_failclosed_rate,dutch_auction_oracle_ranking,dutch_auction_reserve_mode,dutch_auction_solver_payment_hook_cap_multiple,dutch_auction_trigger_mode,dutch_auction_trigger_rate,exact_replay_reliable,fee_identity_holds,fee_identity_max_error_exact,fee_policy_ranking,hook_benign_mean_overcharge_bps,hook_rejected_fee_cap,hook_rejected_stale_oracle,hook_toxic_clip_rate,hook_volume_loss_rate,oracle_ranking,oracle_sources,oracle_updates,pool,primary_oracle_source,regime,replay_error_p50,replay_error_p99,replay_error_tolerance,swap_samples
oct2025,,link_weth_3000_month_23479243_23486442_w01,exports/oct2025/windows/link_weth_3000_month_23479243_23486442_w01,link_weth,3000,23479243,23486442,1,observed_pool,0.1437371663244353,,,-0.7338582623250679,1.8868504701394424,-6.661338147750939e-16,,0.0,100.0,1.0,0.0,,chainlink,hook_counterfactual,1.0,auction_beats_hook,0.0,,,,linear_fee|log_fee|hook_fee|fixed_fee,0.0,0,0,0.0,0.0,chainlink,chainlink,87,0xa6cc3c2531fdaa6ae1a3ca84c2855806728693e8,chainlink,stress,,,,487
oct2025,,link_weth_3000_month_23486443_23493642_w02,exports/oct2025/windows/link_weth_3000_month_23486443_23493642_w02,link_weth,3000,23486443,23493642,2,observed_pool,0.2193158953722334,,,-0.9098808789124336,1.883716962325758,2.220446049250313e-16,,0.0,100.0,1.0,0.0,,chainlink,hook_counterfactual,1.0,auction_beats_hook,0.0,,,,log_fee|linear_fee|hook_fee|fixed_fee,0.0,0,0,0.0,0.0,chainlink,chainlink,76,0xa6cc3c2531fdaa6ae1a3ca84c2855806728693e8,chainlink,stress,,,,497
oct2025,,link_weth_3000_month_23493643_23500842_w03,exports/oct2025/windows/link_weth_3000_month_23493643_23500842_w03,link_weth,3000,23493643,23500842,3,observed_pool,0.19444444444444445,,,-0.5009490783556394,1.0610149013976395,-1.1102230246251565e-16,,0.0,100.0,1.0,0.0,,chainlink,hook_counterfactual,1.0,auction_beats_hook,0.0,,,,linear_fee|log_fee|hook_fee|fixed_fee,0.0,0,0,0.0,0.0,chainlink,chainlink,93,0xa6cc3c2531fdaa6ae1a3ca84c2855806728693e8,chainlink,stress,,,,252
oct2025,,link_weth_3000_month_23500843_23508042_w04,exports/oct2025/windows/link_weth_3000_month_23500843_23508042_w04,link_weth,3000,23500843,23508042,4,observed_pool,0.36423841059602646,,,-0.12889083487735453,0.5571527942204829,0.0,,0.0,100.0,1.0,0.0,,chainlink,hook_counterfactual,1.0,auction_beats_hook,0.0,,,,linear_fee|log_fee|hook_fee|fixed_fee,0.0,0,0,0.0,0.0,chainlink,chainlink,57,0xa6cc3c2531fdaa6ae1a3ca84c2855806728693e8,chainlink,stress,,,,302
oct2025,,link_weth_3000_month_23508043_23515242_w05,exports/oct2025/windows/link_weth_3000_month_23508043_23515242_w05,link_weth,3000,23508043,23515242,5,observed_pool,0.2556053811659193,,,-0.4805794604915192,1.1382968270960452,2.7755575615628914e-16,,0.0,100.0,1.0,0.0,,chainlink,hook_counterfactual,1.0,auction_beats_hook,0.0,,,,linear_fee|log_fee|hook_fee|fixed_fee,0.0,0,0,0.0,0.0,chainlink,chainlink,84,0xa6cc3c2531fdaa6ae1a3ca84c2855806728693e8,chainlink,stress,,,,446
oct2025,,link_weth_3000_month_23515243_23522442_w06,exports/oct2025/windows/link_weth_3000_month_23515243_23522442_w06,link_weth,3000,23515243,23522442,6,observed_pool,0.17889908256880735,,,-0.7666864071235686,1.9945406128493843,0.0,,0.0,100.0,1.0,0.0,,chainlink,hook_counterfactual,1.0,auction_beats_hook,0.0,,,,linear_fee|log_fee|hook_fee|fixed_fee,0.0,0,0,0.0,0.0,chainlink,chainlink,89,0xa6cc3c2531fdaa6ae1a3ca84c2855806728693e8,chainlink,stress,,,,436
oct2025,,link_weth_3000_month_23522443_23529642_w07,exports/oct2025/windows/link_weth_3000_month_23522443_23529642_w07,link_weth,3000,23522443,23529642,7,observed_pool,0.24773413897280966,,,-0.5365800281396516,1.9651750045486287,2.220446049250313e-16,,0.0,100.0,1.0,0.0,,chainlink,hook_counterfactual,1.0,auction_beats_hook,0.0,,,,linear_fee|log_fee|hook_fee|fixed_fee,0.0,0,0,0.0,0.0,chainlink,chainlink,98,0xa6cc3c2531fdaa6ae1a3ca84c2855806728693e8,chainlink,stress,,,,662
oct2025,,link_weth_3000_month_23529643_23536842_w08,exports/oct2025/windows/link_weth_3000_month_23529643_23536842_w08,link_weth,3000,23529643,23536842,8,observed_pool,0.1021021021021021,,,-0.2351613034273658,0.7210002050620754,-5.551115123125783e-17,,0.0,100.0,1.0,0.0,,chainlink,hook_counterfactual,1.0,auction_beats_hook,0.0,,,,linear_fee|log_fee|hook_fee|fixed_fee,0.0,0,0,0.0,0.0,chainlink,chainlink,81,0xa6cc3c2531fdaa6ae1a3ca84c2855806728693e8,chainlink,stress,,,,333
oct2025,,link_weth_3000_month_23536843_23544042_w09,exports/oct2025/windows/link_weth_3000_month_23536843_23544042_w09,link_weth,3000,23536843,23544042,9,observed_pool,0.1402439024390244,,,-0.7754479861024172,2.2968890699393096,-5.551115123125783e-16,,0.0,100.0,1.0,0.0,,chainlink,hook_counterfactual,1.0,auction_beats_hook,0.0,,,,linear_fee|log_fee|hook_fee|fixed_fee,0.0,0,0,0.0,0.0,chainlink,chainlink,89,0xa6cc3c2531fdaa6ae1a3ca84c2855806728693e8,chainlink,stress,,,,656
oct2025,,link_weth_3000_month_23544043_23551242_w10,exports/oct2025/windows/link_weth_3000_month_23544043_23551242_w10,link_weth,3000,23544043,23551242,10,observed_pool,0.16313094367227504,0.0,1.0,-53.14957398704668,445.7464591623621,49.969988229069145,0.01866852458749261,0.0,100.0,1.0,0.0,0.0,chainlink,hook_counterfactual,1.0,auction_beats_hook,0.038039502560351136,,,,linear_fee|log_fee|hook_fee|fixed_fee,0.0,256,0,0.3286264441591784,0.1872713972201902,chainlink,chainlink,363,0xa6cc3c2531fdaa6ae1a3ca84c2855806728693e8,chainlink,stress,,,,1367
oct2025,,link_weth_3000_month_23551243_23558442_w11,exports/oct2025/windows/link_weth_3000_month_23551243_23558442_w11,link_weth,3000,23551243,23558442,11,observed_pool,0.19579500657030224,,,-0.74328106011889,2.7795785849167536,1.1102230246251565e-16,,0.0,100.0,1.0,0.0,,chainlink,hook_counterfactual,1.0,auction_beats_hook,0.0,,,,linear_fee|log_fee|hook_fee|fixed_fee,0.0,0,0,0.0,0.0,chainlink,chainlink,230,0xa6cc3c2531fdaa6ae1a3ca84c2855806728693e8,chainlink,stress,,,,761
oct2025,,link_weth_3000_month_23558443_23565642_w12,exports/oct2025/windows/link_weth_3000_month_23558443_23565642_w12,link_weth,3000,23558443,23565642,12,observed_pool,0.12720156555772993,,,-1.2065895256027028,2.8586828625373597,2.220446049250313e-16,,0.0,100.0,1.0,0.0,,chainlink,hook_counterfactual,1.0,auction_beats_hook,0.0,,,,linear_fee|log_fee|hook_fee|fixed_fee,0.0,0,0,0.0,0.0,chainlink,chainlink,189,0xa6cc3c2531fdaa6ae1a3ca84c2855806728693e8,chainlink,stress,,,,511
oct2025,,link_weth_3000_month_23565643_23572842_w13,exports/oct2025/windows/link_weth_3000_month_23565643_23572842_w13,link_weth,3000,23565643,23572842,13,observed_pool,0.13706563706563707,,,-0.47480062209925417,1.2565415984998614,3.885780586188048e-16,,0.0,100.0,1.0,0.0,,chainlink,hook_counterfactual,1.0,auction_beats_hook,0.0,,,,linear_fee|log_fee|hook_fee|fixed_fee,0.0,0,0,0.0,0.0,chainlink,chainlink,161,0xa6cc3c2531fdaa6ae1a3ca84c2855806728693e8,chainlink,stress,,,,518
oct2025,,link_weth_3000_month_23572843_23580042_w14,exports/oct2025/windows/link_weth_3000_month_23572843_23580042_w14,link_weth,3000,23572843,23580042,14,observed_pool,0.1580246913580247,,,-0.8856088111450398,4.174063789174754,-3.3306690738754696e-16,,0.0,100.0,1.0,0.0,,chainlink,hook_counterfactual,1.0,auction_beats_hook,0.0,,,,linear_fee|log_fee|hook_fee|fixed_fee,0.0,0,0,0.0,0.0,chainlink,chainlink,191,0xa6cc3c2531fdaa6ae1a3ca84c2855806728693e8,chainlink,stress,,,,405
oct2025,,link_weth_3000_month_23580043_23587242_w15,exports/oct2025/windows/link_weth_3000_month_23580043_23587242_w15,link_weth,3000,23580043,23587242,15,observed_pool,0.21875,,,-0.20421596884647567,0.831183987519536,8.326672684688674e-17,,0.0,100.0,1.0,0.0,,chainlink,hook_counterfactual,1.0,auction_beats_hook,0.0,,,,linear_fee|log_fee|hook_fee|fixed_fee,0.0,0,0,0.0,0.0,chainlink,chainlink,142,0xa6cc3c2531fdaa6ae1a3ca84c2855806728693e8,chainlink,stress,,,,288
oct2025,,link_weth_3000_month_23587243_23594442_w16,exports/oct2025/windows/link_weth_3000_month_23587243_23594442_w16,link_weth,3000,23587243,23594442,16,observed_pool,0.2183288409703504,,,-0.5543888046431211,1.9152032493327125,1.1102230246251565e-16,,0.0,100.0,1.0,0.0,,chainlink,hook_counterfactual,1.0,auction_beats_hook,0.0,,,,linear_fee|log_fee|hook_fee|fixed_fee,0.0,0,0,0.0,0.0,chainlink,chainlink,147,0xa6cc3c2531fdaa6ae1a3ca84c2855806728693e8,chainlink,stress,,,,371
oct2025,,link_weth_3000_month_23594443_23601642_w17,exports/oct2025/windows/link_weth_3000_month_23594443_23601642_w17,link_weth,3000,23594443,23601642,17,observed_pool,0.22362204724409449,,,-1.0564036512962296,3.461519504917888,0.0,,0.0,100.0,1.0,0.0,,chainlink,hook_counterfactual,1.0,auction_beats_hook,0.0,,,,linear_fee|log_fee|hook_fee|fixed_fee,0.0,0,0,0.0,0.0,chainlink,chainlink,182,0xa6cc3c2531fdaa6ae1a3ca84c2855806728693e8,chainlink,stress,,,,635
oct2025,,link_weth_3000_month_23601643_23608842_w18,exports/oct2025/windows/link_weth_3000_month_23601643_23608842_w18,link_weth,3000,23601643,23608842,18,observed_pool,0.16289592760180996,,,-0.264528922514649,0.5497895266840093,1.1102230246251565e-16,,0.0,100.0,1.0,0.0,,chainlink,hook_counterfactual,1.0,auction_beats_hook,0.0,,,,linear_fee|log_fee|hook_fee|fixed_fee,0.0,0,0,0.0,0.0,chainlink,chainlink,72,0xa6cc3c2531fdaa6ae1a3ca84c2855806728693e8,chainlink,stress,,,,221
oct2025,,link_weth_3000_month_23608843_23616042_w19,exports/oct2025/windows/link_weth_3000_month_23608843_23616042_w19,link_weth,3000,23608843,23616042,19,observed_pool,0.12968299711815562,,,-0.2429221695827825,0.8780929660340644,2.7755575615628914e-17,,0.0,100.0,1.0,0.0,,chainlink,hook_counterfactual,1.0,auction_beats_hook,0.0,,,,linear_fee|log_fee|hook_fee|fixed_fee,0.0,0,0,0.0,0.0,chainlink,chainlink,109,0xa6cc3c2531fdaa6ae1a3ca84c2855806728693e8,chainlink,stress,,,,347
oct2025,,link_weth_3000_month_23616043_23623242_w20,exports/oct2025/windows/link_weth_3000_month_23616043_23623242_w20,link_weth,3000,23616043,23623242,20,observed_pool,0.22456575682382135,,,-0.6405418470165989,2.941770292006606,-3.3306690738754696e-16,,0.0,100.0,1.0,0.0,,chainlink,hook_counterfactual,1.0,auction_beats_hook,0.0,,,,linear_fee|log_fee|hook_fee|fixed_fee,0.0,0,0,0.0,0.0,chainlink,chainlink,121,0xa6cc3c2531fdaa6ae1a3ca84c2855806728693e8,chainlink,stress,,,,806
oct2025,,link_weth_3000_month_23623243_23630442_w21,exports/oct2025/windows/link_weth_3000_month_23623243_23630442_w21,link_weth,3000,23623243,23630442,21,observed_pool,0.17598684210526316,,,-2.6599641526228117,4.752917895383861,-3.552713678800501e-15,,0.0,100.0,1.0,0.0,,chainlink,hook_counterfactual,1.0,auction_beats_hook,0.0,,,,linear_fee|log_fee|hook_fee|fixed_fee,0.0,0,0,0.0,0.0,chainlink,chainlink,154,0xa6cc3c2531fdaa6ae1a3ca84c2855806728693e8,chainlink,stress,,,,608
oct2025,,link_weth_3000_month_23630443_23637642_w22,exports/oct2025/windows/link_weth_3000_month_23630443_23637642_w22,link_weth,3000,23630443,23637642,22,observed_pool,0.1490066225165563,,,-0.7135822106960946,1.2848113773632366,0.0,,0.0,100.0,1.0,0.0,,chainlink,hook_counterfactual,1.0,auction_beats_hook,0.0,,,,linear_fee|log_fee|hook_fee|fixed_fee,0.0,0,0,0.0,0.0,chainlink,chainlink,125,0xa6cc3c2531fdaa6ae1a3ca84c2855806728693e8,chainlink,stress,,,,302
oct2025,,link_weth_3000_month_23637643_23644842_w23,exports/oct2025/windows/link_weth_3000_month_23637643_23644842_w23,link_weth,3000,23637643,23644842,23,observed_pool,0.22945205479452055,,,-0.5182498831931015,1.401724261912545,-1.1102230246251565e-16,,0.0,100.0,1.0,0.0,,chainlink,hook_counterfactual,1.0,auction_beats_hook,0.0,,,,linear_fee|log_fee|hook_fee|fixed_fee,0.0,0,0,0.0,0.0,chainlink,chainlink,88,0xa6cc3c2531fdaa6ae1a3ca84c2855806728693e8,chainlink,stress,,,,292
oct2025,,link_weth_3000_month_23644843_23652042_w24,exports/oct2025/windows/link_weth_3000_month_23644843_23652042_w24,link_weth,3000,23644843,23652042,24,observed_pool,0.19076923076923077,,,-0.2561248722345675,0.7388375489074642,0.0,,0.0,100.0,1.0,0.0,,chainlink,hook_counterfactual,1.0,auction_beats_hook,0.0,,,,linear_fee|log_fee|hook_fee|fixed_fee,0.0,0,0,0.0,0.0,chainlink,chainlink,85,0xa6cc3c2531fdaa6ae1a3ca84c2855806728693e8,chainlink,stress,,,,325
oct2025,,link_weth_3000_month_23652043_23659242_w25,exports/oct2025/windows/link_weth_3000_month_23652043_23659242_w25,link_weth,3000,23652043,23659242,25,observed_pool,0.13703703703703704,,,-0.19333849648203263,0.5498849413820677,2.7755575615628914e-17,,0.0,100.0,1.0,0.0,,chainlink,hook_counterfactual,1.0,auction_beats_hook,0.0,,,,linear_fee|log_fee|hook_fee|fixed_fee,0.0,0,0,0.0,0.0,chainlink,chainlink,54,0xa6cc3c2531fdaa6ae1a3ca84c2855806728693e8,chainlink,stress,,,,270
oct2025,,link_weth_3000_month_23659243_23666442_w26,exports/oct2025/windows/link_weth_3000_month_23659243_23666442_w26,link_weth,3000,23659243,23666442,26,observed_pool,0.19081272084805653,,,-0.18699998253244757,0.5960621454201253,-1.1102230246251565e-16,,0.0,100.0,1.0,0.0,,chainlink,hook_counterfactual,1.0,auction_beats_hook,0.0,,,,linear_fee|log_fee|hook_fee|fixed_fee,0.0,0,0,0.0,0.0,chainlink,chainlink,74,0xa6cc3c2531fdaa6ae1a3ca84c2855806728693e8,chainlink,stress,,,,283
oct2025,,link_weth_3000_month_23666443_23673642_w27,exports/oct2025/windows/link_weth_3000_month_23666443_23673642_w27,link_weth,3000,23666443,23673642,27,observed_pool,0.1564102564102564,,,-0.5632054130311802,1.2144431317493631,-1.1102230246251565e-16,,0.0,100.0,1.0,0.0,,chainlink,hook_counterfactual,1.0,auction_beats_hook,0.0,,,,linear_fee|log_fee|hook_fee|fixed_fee,0.0,0,0,0.0,0.0,chainlink,chainlink,90,0xa6cc3c2531fdaa6ae1a3ca84c2855806728693e8,chainlink,stress,,,,390
oct2025,,link_weth_3000_month_23673643_23680842_w28,exports/oct2025/windows/link_weth_3000_month_23673643_23680842_w28,link_weth,3000,23673643,23680842,28,observed_pool,0.19916142557651992,,,-0.5732991513702654,1.5889374164600987,0.0,,0.0,100.0,1.0,0.0,,chainlink,hook_counterfactual,1.0,auction_beats_hook,0.0,,,,linear_fee|log_fee|hook_fee|fixed_fee,0.0,0,0,0.0,0.0,chainlink,chainlink,110,0xa6cc3c2531fdaa6ae1a3ca84c2855806728693e8,chainlink,stress,,,,477
oct2025,,link_weth_3000_month_23680843_23688042_w29,exports/oct2025/windows/link_weth_3000_month_23680843_23688042_w29,link_weth,3000,23680843,23688042,29,observed_pool,0.1323529411764706,,,-0.6987252587106936,1.8094468579430492,-1.1102230246251565e-16,,0.0,100.0,1.0,0.0,,chainlink,hook_counterfactual,1.0,auction_beats_hook,0.0,,,,linear_fee|log_fee|hook_fee|fixed_fee,0.0,0,0,0.0,0.0,chainlink,chainlink,143,0xa6cc3c2531fdaa6ae1a3ca84c2855806728693e8,chainlink,stress,,,,544
oct2025,,link_weth_3000_month_23688043_23695242_w30,exports/oct2025/windows/link_weth_3000_month_23688043_23695242_w30,link_weth,3000,23688043,23695242,30,observed_pool,0.20579710144927535,,,-0.7496440055410667,2.604193160465268,4.440892098500626e-16,,0.0,100.0,1.0,0.0,,chainlink,hook_counterfactual,1.0,auction_beats_hook,0.0,,,,linear_fee|log_fee|hook_fee|fixed_fee,0.0,0,0,0.0,0.0,chainlink,chainlink,120,0xa6cc3c2531fdaa6ae1a3ca84c2855806728693e8,chainlink,stress,,,,690
oct2025,,link_weth_3000_month_23695243_23700766_w31,exports/oct2025/windows/link_weth_3000_month_23695243_23700766_w31,link_weth,3000,23695243,23700766,31,observed_pool,0.16447368421052633,,,-0.31191936217154476,0.8034069600569824,0.0,,0.0,100.0,1.0,0.0,,chainlink,hook_counterfactual,1.0,auction_beats_hook,0.0,,,,linear_fee|log_fee|hook_fee|fixed_fee,0.0,0,0,0.0,0.0,chainlink,chainlink,75,0xa6cc3c2531fdaa6ae1a3ca84c2855806728693e8,chainlink,stress,,,,304
oct2025,,uni_weth_3000_month_23479243_23486442_w01,exports/oct2025/windows/uni_weth_3000_month_23479243_23486442_w01,uni_weth,3000,23479243,23486442,1,observed_pool,0.30201342281879195,,,-0.04458137055851159,0.3519705916823398,0.0,,0.0,100.0,1.0,0.0,,chainlink,hook_counterfactual,1.0,auction_beats_hook,0.0,,,,linear_fee|log_fee|hook_fee|fixed_fee,0.0,0,0,0.0,0.0,chainlink,chainlink,66,0x1d42064fc4beb5f8aaf85f4617ae8b3b5b8bd801,chainlink,stress,,,,149
oct2025,,uni_weth_3000_month_23486443_23493642_w02,exports/oct2025/windows/uni_weth_3000_month_23486443_23493642_w02,uni_weth,3000,23486443,23493642,2,observed_pool,0.3785310734463277,,,-0.043170616118565194,0.21510265044899335,0.0,,0.0,100.0,1.0,0.0,,chainlink,hook_counterfactual,1.0,auction_beats_hook,0.0,,,,linear_fee|log_fee|hook_fee|fixed_fee,0.0,0,0,0.0,0.0,chainlink,chainlink,64,0x1d42064fc4beb5f8aaf85f4617ae8b3b5b8bd801,chainlink,stress,,,,177
oct2025,,uni_weth_3000_month_23493643_23500842_w03,exports/oct2025/windows/uni_weth_3000_month_23493643_23500842_w03,uni_weth,3000,23493643,23500842,3,observed_pool,0.24479166666666666,,,-0.009317001339026097,0.11904558705648169,-1.0408340855860843e-17,,0.0,100.0,1.0,0.0,,chainlink,hook_counterfactual,1.0,auction_beats_hook,0.0,,,,linear_fee|log_fee|hook_fee|fixed_fee,0.0,0,0,0.0,0.0,chainlink,chainlink,76,0x1d42064fc4beb5f8aaf85f4617ae8b3b5b8bd801,chainlink,stress,,,,192
oct2025,,uni_weth_3000_month_23500843_23508042_w04,exports/oct2025/windows/uni_weth_3000_month_23500843_23508042_w04,uni_weth,3000,23500843,23508042,4,observed_pool,0.3220338983050847,,,0.002726959723895986,0.025993224446992008,2.6020852139652106e-18,,0.0,100.0,1.0,0.0,,chainlink,hook_counterfactual,1.0,auction_beats_hook,0.0,,,,linear_fee|log_fee|hook_fee|fixed_fee,0.0,0,0,0.0,0.0,chainlink,chainlink,52,0x1d42064fc4beb5f8aaf85f4617ae8b3b5b8bd801,chainlink,stress,,,,118
oct2025,,uni_weth_3000_month_23508043_23515242_w05,exports/oct2025/windows/uni_weth_3000_month_23508043_23515242_w05,uni_weth,3000,23508043,23515242,5,observed_pool,0.2727272727272727,,,0.031047695453494974,0.07704815866553451,1.0408340855860843e-17,,0.0,100.0,1.0,0.0,,chainlink,hook_counterfactual,1.0,auction_beats_hook,0.0,,,,linear_fee|log_fee|hook_fee|fixed_fee,0.0,0,0,0.0,0.0,chainlink,chainlink,68,0x1d42064fc4beb5f8aaf85f4617ae8b3b5b8bd801,chainlink,stress,,,,231
oct2025,,uni_weth_3000_month_23515243_23522442_w06,exports/oct2025/windows/uni_weth_3000_month_23515243_23522442_w06,uni_weth,3000,23515243,23522442,6,observed_pool,0.22695035460992907,,,-0.035483983295389335,0.08771191574218178,0.0,,0.0,100.0,1.0,0.0,,chainlink,hook_counterfactual,1.0,auction_beats_hook,0.0,,,,linear_fee|log_fee|hook_fee|fixed_fee,0.0,0,0,0.0,0.0,chainlink,chainlink,62,0x1d42064fc4beb5f8aaf85f4617ae8b3b5b8bd801,chainlink,stress,,,,141
oct2025,,uni_weth_3000_month_23522443_23529642_w07,exports/oct2025/windows/uni_weth_3000_month_23522443_23529642_w07,uni_weth,3000,23522443,23529642,7,observed_pool,0.2222222222222222,,,-0.21990090313474514,0.4178918022083004,0.0,,0.0,100.0,1.0,0.0,,chainlink,hook_counterfactual,1.0,auction_beats_hook,0.0,,,,linear_fee|log_fee|hook_fee|fixed_fee,0.0,0,0,0.0,0.0,chainlink,chainlink,71,0x1d42064fc4beb5f8aaf85f4617ae8b3b5b8bd801,chainlink,stress,,,,153
oct2025,,uni_weth_3000_month_23529643_23536842_w08,exports/oct2025/windows/uni_weth_3000_month_23529643_23536842_w08,uni_weth,3000,23529643,23536842,8,observed_pool,0.24107142857142858,,,-0.018916078339283944,0.08290517668704034,3.469446951953614e-18,,0.0,100.0,1.0,0.0,,chainlink,hook_counterfactual,1.0,auction_beats_hook,0.0,,,,linear_fee|log_fee|hook_fee|fixed_fee,0.0,0,0,0.0,0.0,chainlink,chainlink,62,0x1d42064fc4beb5f8aaf85f4617ae8b3b5b8bd801,chainlink,stress,,,,112
oct2025,,uni_weth_3000_month_23536843_23544042_w09,exports/oct2025/windows/uni_weth_3000_month_23536843_23544042_w09,uni_weth,3000,23536843,23544042,9,observed_pool,0.35051546391752575,,,-0.009377079304612216,0.05805126227774166,-1.734723475976807e-18,,0.0,100.0,1.0,0.0,,chainlink,hook_counterfactual,1.0,auction_beats_hook,0.0,,,,linear_fee|log_fee|hook_fee|fixed_fee,0.0,0,0,0.0,0.0,chainlink,chainlink,66,0x1d42064fc4beb5f8aaf85f4617ae8b3b5b8bd801,chainlink,stress,,,,97
oct2025,,uni_weth_3000_month_23544043_23551242_w10,exports/oct2025/windows/uni_weth_3000_month_23544043_23551242_w10,uni_weth,3000,23544043,23551242,10,observed_pool,0.2526636225266362,0.0,1.0,-11.534587546607838,79.96590694663223,7.2586469719365745,0.0007050584127424505,0.0,100.0,1.0,0.0,0.0,chainlink,hook_counterfactual,1.0,auction_beats_hook,0.0228310502283105,,,,linear_fee|log_fee|hook_fee|fixed_fee,0.0,111,0,0.42045454545454547,0.1689497716894977,chainlink,chainlink,262,0x1d42064fc4beb5f8aaf85f4617ae8b3b5b8bd801,chainlink,stress,,,,657
oct2025,,uni_weth_3000_month_23551243_23558442_w11,exports/oct2025/windows/uni_weth_3000_month_23551243_23558442_w11,uni_weth,3000,23551243,23558442,11,observed_pool,0.2694610778443114,,,-0.08757903281206565,0.40657356096528274,-2.7755575615628914e-17,,0.0,100.0,1.0,0.0,,chainlink,hook_counterfactual,1.0,auction_beats_hook,0.0,,,,linear_fee|log_fee|hook_fee|fixed_fee,0.0,0,0,0.0,0.0,chainlink,chainlink,129,0x1d42064fc4beb5f8aaf85f4617ae8b3b5b8bd801,chainlink,stress,,,,501
oct2025,,uni_weth_3000_month_23558443_23565642_w12,exports/oct2025/windows/uni_weth_3000_month_23558443_23565642_w12,uni_weth,3000,23558443,23565642,12,observed_pool,0.277602523659306,,,-0.033957091905896734,0.17458751389523275,-2.0816681711721685e-17,,0.0,100.0,1.0,0.0,,chainlink,hook_counterfactual,1.0,auction_beats_hook,0.0,,,,linear_fee|log_fee|hook_fee|fixed_fee,0.0,0,0,0.0,0.0,chainlink,chainlink,111,0x1d42064fc4beb5f8aaf85f4617ae8b3b5b8bd801,chainlink,stress,,,,317
oct2025,,uni_weth_3000_month_23565643_23572842_w13,exports/oct2025/windows/uni_weth_3000_month_23565643_23572842_w13,uni_weth,3000,23565643,23572842,13,observed_pool,0.27075812274368233,,,-0.030356872030899165,0.14519748449715553,-3.469446951953614e-18,,0.0,100.0,1.0,0.0,,chainlink,hook_counterfactual,1.0,auction_beats_hook,0.0,,,,linear_fee|log_fee|hook_fee|fixed_fee,0.0,0,0,0.0,0.0,chainlink,chainlink,90,0x1d42064fc4beb5f8aaf85f4617ae8b3b5b8bd801,chainlink,stress,,,,277
oct2025,,uni_weth_3000_month_23572843_23580042_w14,exports/oct2025/windows/uni_weth_3000_month_23572843_23580042_w14,uni_weth,3000,23572843,23580042,14,observed_pool,0.23961661341853036,,,-0.017364330748641098,0.1026208608434308,6.938893903907228e-18,,0.0,100.0,1.0,0.0,,chainlink,hook_counterfactual,1.0,auction_beats_hook,0.0,,,,linear_fee|log_fee|hook_fee|fixed_fee,0.0,0,0,0.0,0.0,chainlink,chainlink,128,0x1d42064fc4beb5f8aaf85f4617ae8b3b5b8bd801,chainlink,stress,,,,313
oct2025,,uni_weth_3000_month_23580043_23587242_w15,exports/oct2025/windows/uni_weth_3000_month_23580043_23587242_w15,uni_weth,3000,23580043,23587242,15,observed_pool,0.22424242424242424,,,-0.030094937736953542,0.09037566699362341,-3.469446951953614e-18,,0.0,100.0,1.0,0.0,,chainlink,hook_counterfactual,1.0,auction_beats_hook,0.0,,,,linear_fee|log_fee|hook_fee|fixed_fee,0.0,0,0,0.0,0.0,chainlink,chainlink,100,0x1d42064fc4beb5f8aaf85f4617ae8b3b5b8bd801,chainlink,stress,,,,165
oct2025,,uni_weth_3000_month_23587243_23594442_w16,exports/oct2025/windows/uni_weth_3000_month_23587243_23594442_w16,uni_weth,3000,23587243,23594442,16,observed_pool,0.2198581560283688,,,-0.03333949210585133,0.09550304463004661,-6.938893903907228e-18,,0.0,100.0,1.0,0.0,,chainlink,hook_counterfactual,1.0,auction_beats_hook,0.0,,,,linear_fee|log_fee|hook_fee|fixed_fee,0.0,0,0,0.0,0.0,chainlink,chainlink,96,0x1d42064fc4beb5f8aaf85f4617ae8b3b5b8bd801,chainlink,stress,,,,141
oct2025,,uni_weth_3000_month_23594443_23601642_w17,exports/oct2025/windows/uni_weth_3000_month_23594443_23601642_w17,uni_weth,3000,23594443,23601642,17,observed_pool,0.3333333333333333,,,-0.11487420957292496,0.32805748974822846,-8.326672684688674e-17,,0.0,100.0,1.0,0.0,,chainlink,hook_counterfactual,1.0,auction_beats_hook,0.0,,,,linear_fee|log_fee|hook_fee|fixed_fee,0.0,0,0,0.0,0.0,chainlink,chainlink,106,0x1d42064fc4beb5f8aaf85f4617ae8b3b5b8bd801,chainlink,stress,,,,183
oct2025,,uni_weth_3000_month_23601643_23608842_w18,exports/oct2025/windows/uni_weth_3000_month_23601643_23608842_w18,uni_weth,3000,23601643,23608842,18,observed_pool,0.30864197530864196,,,0.003161898924809341,0.03672833758790234,-4.336808689942018e-19,,0.0,100.0,1.0,0.0,,chainlink,hook_counterfactual,1.0,auction_beats_hook,0.0,,,,linear_fee|log_fee|hook_fee|fixed_fee,0.0,0,0,0.0,0.0,chainlink,chainlink,58,0x1d42064fc4beb5f8aaf85f4617ae8b3b5b8bd801,chainlink,stress,,,,243
oct2025,,uni_weth_3000_month_23608843_23616042_w19,exports/oct2025/windows/uni_weth_3000_month_23608843_23616042_w19,uni_weth,3000,23608843,23616042,19,observed_pool,0.2578616352201258,,,-0.06687596534883586,0.15461906611312248,-1.3877787807814457e-17,,0.0,100.0,1.0,0.0,,chainlink,hook_counterfactual,1.0,auction_beats_hook,0.0,,,,linear_fee|log_fee|hook_fee|fixed_fee,0.0,0,0,0.0,0.0,chainlink,chainlink,76,0x1d42064fc4beb5f8aaf85f4617ae8b3b5b8bd801,chainlink,stress,,,,159
oct2025,,uni_weth_3000_month_23616043_23623242_w20,exports/oct2025/windows/uni_weth_3000_month_23616043_23623242_w20,uni_weth,3000,23616043,23623242,20,observed_pool,0.20765027322404372,,,-0.1736633082301142,0.3331565626786529,5.551115123125783e-17,,0.0,100.0,1.0,0.0,,chainlink,hook_counterfactual,1.0,auction_beats_hook,0.0,,,,linear_fee|log_fee|hook_fee|fixed_fee,0.0,0,0,0.0,0.0,chainlink,chainlink,65,0x1d42064fc4beb5f8aaf85f4617ae8b3b5b8bd801,chainlink,stress,,,,183
oct2025,,uni_weth_3000_month_23623243_23630442_w21,exports/oct2025/windows/uni_weth_3000_month_23623243_23630442_w21,uni_weth,3000,23623243,23630442,21,observed_pool,0.24892703862660945,,,-0.05503182688741109,0.17795042169648068,1.3877787807814457e-17,,0.0,100.0,1.0,0.0,,chainlink,hook_counterfactual,1.0,auction_beats_hook,0.0,,,,linear_fee|log_fee|hook_fee|fixed_fee,0.0,0,0,0.0,0.0,chainlink,chainlink,96,0x1d42064fc4beb5f8aaf85f4617ae8b3b5b8bd801,chainlink,stress,,,,233
oct2025,,uni_weth_3000_month_23630443_23637642_w22,exports/oct2025/windows/uni_weth_3000_month_23630443_23637642_w22,uni_weth,3000,23630443,23637642,22,observed_pool,0.28313253012048195,,,-0.06447166844495283,0.23351810374081172,-1.3877787807814457e-17,,0.0,100.0,1.0,0.0,,chainlink,hook_counterfactual,1.0,auction_beats_hook,0.0,,,,linear_fee|log_fee|hook_fee|fixed_fee,0.0,0,0,0.0,0.0,chainlink,chainlink,82,0x1d42064fc4beb5f8aaf85f4617ae8b3b5b8bd801,chainlink,stress,,,,166
oct2025,,uni_weth_3000_month_23637643_23644842_w23,exports/oct2025/windows/uni_weth_3000_month_23637643_23644842_w23,uni_weth,3000,23637643,23644842,23,observed_pool,0.22171945701357465,,,-0.03556395856405514,0.1290745391380178,1.3877787807814457e-17,,0.0,100.0,1.0,0.0,,chainlink,hook_counterfactual,1.0,auction_beats_hook,0.0,,,,linear_fee|log_fee|hook_fee|fixed_fee,0.0,0,0,0.0,0.0,chainlink,chainlink,66,0x1d42064fc4beb5f8aaf85f4617ae8b3b5b8bd801,chainlink,stress,,,,221
oct2025,,uni_weth_3000_month_23644843_23652042_w24,exports/oct2025/windows/uni_weth_3000_month_23644843_23652042_w24,uni_weth,3000,23644843,23652042,24,observed_pool,0.2641509433962264,,,0.013614813252240423,0.07791373618044112,3.469446951953614e-18,,0.0,100.0,1.0,0.0,,chainlink,hook_counterfactual,1.0,auction_beats_hook,0.0,,,,linear_fee|log_fee|hook_fee|fixed_fee,0.0,0,0,0.0,0.0,chainlink,chainlink,64,0x1d42064fc4beb5f8aaf85f4617ae8b3b5b8bd801,chainlink,stress,,,,212
oct2025,,uni_weth_3000_month_23652043_23659242_w25,exports/oct2025/windows/uni_weth_3000_month_23652043_23659242_w25,uni_weth,3000,23652043,23659242,25,observed_pool,0.2524752475247525,,,-0.01428976114397504,0.13887062673323455,1.734723475976807e-18,,0.0,100.0,1.0,0.0,,chainlink,hook_counterfactual,1.0,auction_beats_hook,0.0,,,,linear_fee|log_fee|hook_fee|fixed_fee,0.0,0,0,0.0,0.0,chainlink,chainlink,50,0x1d42064fc4beb5f8aaf85f4617ae8b3b5b8bd801,chainlink,stress,,,,202
oct2025,,uni_weth_3000_month_23659243_23666442_w26,exports/oct2025/windows/uni_weth_3000_month_23659243_23666442_w26,uni_weth,3000,23659243,23666442,26,observed_pool,0.2542955326460481,,,-0.042329262017331025,0.2565665356119387,3.469446951953614e-17,,0.0,100.0,1.0,0.0,,chainlink,hook_counterfactual,1.0,auction_beats_hook,0.0,,,,linear_fee|log_fee|hook_fee|fixed_fee,0.0,0,0,0.0,0.0,chainlink,chainlink,62,0x1d42064fc4beb5f8aaf85f4617ae8b3b5b8bd801,chainlink,stress,,,,291
oct2025,,uni_weth_3000_month_23666443_23673642_w27,exports/oct2025/windows/uni_weth_3000_month_23666443_23673642_w27,uni_weth,3000,23666443,23673642,27,observed_pool,0.37823834196891193,,,-0.023500469959847326,0.1285380038123552,-6.938893903907228e-18,,0.0,100.0,1.0,0.0,,chainlink,hook_counterfactual,1.0,auction_beats_hook,0.0,,,,linear_fee|log_fee|hook_fee|fixed_fee,0.0,0,0,0.0,0.0,chainlink,chainlink,62,0x1d42064fc4beb5f8aaf85f4617ae8b3b5b8bd801,chainlink,stress,,,,193
oct2025,,uni_weth_3000_month_23673643_23680842_w28,exports/oct2025/windows/uni_weth_3000_month_23673643_23680842_w28,uni_weth,3000,23673643,23680842,28,observed_pool,0.20526315789473684,,,-0.046278241073931276,0.10594137009050097,6.938893903907228e-18,,0.0,100.0,1.0,0.0,,chainlink,hook_counterfactual,1.0,auction_beats_hook,0.0,,,,linear_fee|log_fee|hook_fee|fixed_fee,0.0,0,0,0.0,0.0,chainlink,chainlink,72,0x1d42064fc4beb5f8aaf85f4617ae8b3b5b8bd801,chainlink,stress,,,,190
oct2025,,uni_weth_3000_month_23680843_23688042_w29,exports/oct2025/windows/uni_weth_3000_month_23680843_23688042_w29,uni_weth,3000,23680843,23688042,29,observed_pool,0.23692307692307693,,,-0.009287276082802819,0.20876338715419676,1.734723475976807e-18,,0.0,100.0,1.0,0.0,,chainlink,hook_counterfactual,1.0,auction_beats_hook,0.0,,,,linear_fee|log_fee|hook_fee|fixed_fee,0.0,0,0,0.0,0.0,chainlink,chainlink,102,0x1d42064fc4beb5f8aaf85f4617ae8b3b5b8bd801,chainlink,stress,,,,325
oct2025,,uni_weth_3000_month_23688043_23695242_w30,exports/oct2025/windows/uni_weth_3000_month_23688043_23695242_w30,uni_weth,3000,23688043,23695242,30,observed_pool,0.30714285714285716,,,0.008134738606727688,0.1614901520913899,-8.673617379884035e-18,,0.0,100.0,1.0,0.0,,chainlink,hook_counterfactual,1.0,auction_beats_hook,0.0,,,,linear_fee|log_fee|hook_fee|fixed_fee,0.0,0,0,0.0,0.0,chainlink,chainlink,74,0x1d42064fc4beb5f8aaf85f4617ae8b3b5b8bd801,chainlink,stress,,,,140
oct2025,,uni_weth_3000_month_23695243_23700766_w31,exports/oct2025/windows/uni_weth_3000_month_23695243_23700766_w31,uni_weth,3000,23695243,23700766,31,observed_pool,0.3696969696969697,,,0.0005691665409965869,0.033209785402301344,-1.3010426069826053e-18,,0.0,100.0,1.0,0.0,,chainlink,hook_counterfactual,1.0,auction_beats_hook,0.0,,,,linear_fee|log_fee|hook_fee|fixed_fee,0.0,0,0,0.0,0.0,chainlink,chainlink,53,0x1d42064fc4beb5f8aaf85f4617ae8b3b5b8bd801,chainlink,stress,,,,165
oct2025,,wbtc_usdc_500_month_23479243_23486442_w01,exports/oct2025/windows/wbtc_usdc_500_month_23479243_23486442_w01,wbtc_usdc,500,23479243,23486442,1,observed_pool,0.3166458072590738,0.08490566037735849,0.9150943396226415,730.3629693403159,1065.2440738359778,204.604366709308,0.0010062537779364472,0.0,100.0,1.0,0.0,0.08490566037735849,chainlink,hook_counterfactual,1.0,auction_beats_hook,0.13266583229036297,,,,linear_fee|log_fee|hook_fee|fixed_fee,0.0,0,5,0.0,0.006257822277847309,chainlink,chainlink,34,0x9a772018fbd77fcd2d25657e5c547baff3fd7d16,chainlink,stress,,,,799
oct2025,,wbtc_usdc_500_month_23486443_23493642_w02,exports/oct2025/windows/wbtc_usdc_500_month_23486443_23493642_w02,wbtc_usdc,500,23486443,23493642,2,observed_pool,0.2236024844720497,0.014084507042253521,0.9859154929577465,437.62052432419597,614.5520181113164,113.63962650511053,0.0007416480647145848,0.0,100.0,1.0,0.3204968944099379,0.014084507042253521,chainlink,hook_counterfactual,1.0,auction_beats_hook,0.08819875776397515,,,,linear_fee|log_fee|hook_fee|fixed_fee,0.0,0,1,0.0,0.3217391304347826,chainlink,chainlink,21,0x9a772018fbd77fcd2d25657e5c547baff3fd7d16,chainlink,stress,,,,805
oct2025,,wbtc_usdc_500_month_23493643_23500842_w03,exports/oct2025/windows/wbtc_usdc_500_month_23493643_23500842_w03,wbtc_usdc,500,23493643,23500842,3,observed_pool,0.23670212765957446,0.006172839506172839,0.9938271604938271,1852.5909569670089,4776.726403860718,831.0288158344931,0.009218042548813532,0.0,100.0,1.0,0.17287234042553193,0.006172839506172839,chainlink,hook_counterfactual,1.0,auction_beats_hook,0.14361702127659576,,,,linear_fee|log_fee|hook_fee|fixed_fee,0.0,0,2,0.0,0.17464539007092197,chainlink,chainlink,26,0x9a772018fbd77fcd2d25657e5c547baff3fd7d16,chainlink,stress,,,,1128
oct2025,,wbtc_usdc_500_month_23500843_23508042_w04,exports/oct2025/windows/wbtc_usdc_500_month_23500843_23508042_w04,wbtc_usdc,500,23500843,23508042,4,observed_pool,0.23089171974522293,0.13333333333333333,0.8666666666666667,384.27462870008856,1055.9018317855816,40.919228201957424,0.009404061140589478,0.0,100.0,1.0,0.30254777070063693,0.13333333333333333,chainlink,hook_counterfactual,1.0,auction_beats_hook,0.04777070063694268,,,,linear_fee|log_fee|hook_fee|fixed_fee,0.0,0,0,0.0,0.30254777070063693,chainlink,chainlink,20,0x9a772018fbd77fcd2d25657e5c547baff3fd7d16,chainlink,stress,,,,628
oct2025,,wbtc_usdc_500_month_23508043_23515242_w05,exports/oct2025/windows/wbtc_usdc_500_month_23508043_23515242_w05,wbtc_usdc,500,23508043,23515242,5,observed_pool,0.22178217821782178,0.046357615894039736,0.9536423841059603,682.6516487895865,1391.3833551818877,336.02630741828426,0.0020959064384981022,0.0,100.0,1.0,0.32673267326732675,0.046357615894039736,chainlink,hook_counterfactual,1.0,auction_beats_hook,0.09966996699669967,,,,linear_fee|log_fee|hook_fee|fixed_fee,0.0,0,5,0.0,0.33003300330033003,chainlink,chainlink,23,0x9a772018fbd77fcd2d25657e5c547baff3fd7d16,chainlink,stress,,,,1515
oct2025,,wbtc_usdc_500_month_23515243_23522442_w06,exports/oct2025/windows/wbtc_usdc_500_month_23515243_23522442_w06,wbtc_usdc,500,23515243,23522442,6,observed_pool,0.19830328738069988,0.05333333333333334,0.9466666666666667,617.9017854839493,832.1130139587829,147.27649377918152,0.0008178459827854205,0.0,100.0,1.0,0.3054082714740191,0.05333333333333334,chainlink,hook_counterfactual,1.0,auction_beats_hook,0.07953340402969247,,,,linear_fee|log_fee|hook_fee|fixed_fee,0.0,0,1,0.0,0.3064687168610817,chainlink,chainlink,22,0x9a772018fbd77fcd2d25657e5c547baff3fd7d16,chainlink,stress,,,,943
oct2025,,wbtc_usdc_500_month_23522443_23529642_w07,exports/oct2025/windows/wbtc_usdc_500_month_23522443_23529642_w07,wbtc_usdc,500,23522443,23529642,7,observed_pool,0.25749063670411987,0.03260869565217391,0.967391304347826,1339.6211195275052,115477.97256287548,17216.543372403135,1.353951779228353,0.0,100.0,1.0,0.2696629213483146,0.03260869565217391,chainlink,hook_counterfactual,1.0,auction_beats_hook,0.08614232209737828,,,,linear_fee|log_fee|hook_fee|fixed_fee,0.0,0,1,0.0,0.2705992509363296,chainlink,chainlink,26,0x9a772018fbd77fcd2d25657e5c547baff3fd7d16,chainlink,stress,,,,1068
oct2025,,wbtc_usdc_500_month_23529643_23536842_w08,exports/oct2025/windows/wbtc_usdc_500_month_23529643_23536842_w08,wbtc_usdc,500,23529643,23536842,8,observed_pool,0.25956284153005466,0.10869565217391304,0.8913043478260869,459.68329421473555,584.2978918285589,115.4372629697541,0.0006120102934293854,0.0,100.0,1.0,0.29690346083788705,0.10869565217391304,chainlink,hook_counterfactual,1.0,auction_beats_hook,0.08378870673952642,,,,linear_fee|log_fee|hook_fee|fixed_fee,0.0,0,3,0.0,0.2996357012750455,chainlink,chainlink,26,0x9a772018fbd77fcd2d25657e5c547baff3fd7d16,chainlink,stress,,,,1098
oct2025,,wbtc_usdc_500_month_23536843_23544042_w09,exports/oct2025/windows/wbtc_usdc_500_month_23536843_23544042_w09,wbtc_usdc,500,23536843,23544042,9,observed_pool,0.2771599657827203,0.024390243902439025,0.975609756097561,692.7580787059622,997.8287957641845,201.7958710921979,0.0009105546192051783,0.0,100.0,1.0,0.1847733105218135,0.024390243902439025,chainlink,hook_counterfactual,1.0,auction_beats_hook,0.10521813515825491,,,,linear_fee|log_fee|hook_fee|fixed_fee,0.0,0,3,0.0,0.18733960650128315,chainlink,chainlink,27,0x9a772018fbd77fcd2d25657e5c547baff3fd7d16,chainlink,stress,,,,1169
oct2025,,wbtc_usdc_500_month_23544043_23551242_w10,exports/oct2025/windows/wbtc_usdc_500_month_23544043_23551242_w10,wbtc_usdc,500,23544043,23551242,10,observed_pool,0.24543462381300218,0.008771929824561403,0.9912280701754386,5813.1659279651785,274916.12614215026,63947.23130446069,3.354928357568837,0.0,100.0,1.0,0.20306793279766253,0.008771929824561403,chainlink,hook_counterfactual,1.0,auction_beats_hook,0.16654492330168005,,,,linear_fee|log_fee|hook_fee|fixed_fee,0.0,0,0,0.0,0.20306793279766253,chainlink,chainlink,85,0x9a772018fbd77fcd2d25657e5c547baff3fd7d16,chainlink,stress,,,,1369
oct2025,,wbtc_usdc_500_month_23551243_23558442_w11,exports/oct2025/windows/wbtc_usdc_500_month_23551243_23558442_w11,wbtc_usdc,500,23551243,23558442,11,observed_pool,0.31509320505111243,0.03821656050955414,0.9617834394904459,2353.4137530807484,27131.42204492147,3481.972043619756,0.06743143988584194,0.0,100.0,1.0,0.0,0.03821656050955414,chainlink,hook_counterfactual,1.0,auction_beats_hook,0.1888153938665063,,,,linear_fee|log_fee|hook_fee|fixed_fee,0.0,0,4,0.0,0.0024052916416115455,chainlink,chainlink,41,0x9a772018fbd77fcd2d25657e5c547baff3fd7d16,chainlink,stress,,,,1663
oct2025,,wbtc_usdc_500_month_23558443_23565642_w12,exports/oct2025/windows/wbtc_usdc_500_month_23558443_23565642_w12,wbtc_usdc,500,23558443,23565642,12,observed_pool,0.22137038811691423,0.021021021021021023,0.978978978978979,6262.504274345207,5917.619736283741,1057.2382271031856,0.00309875026406038,0.0,100.0,1.0,0.20220412074748442,0.021021021021021023,chainlink,hook_counterfactual,1.0,auction_beats_hook,0.1595591758505031,,,,linear_fee|log_fee|hook_fee|fixed_fee,0.0,0,3,0.0,0.20364159080019167,chainlink,chainlink,30,0x9a772018fbd77fcd2d25657e5c547baff3fd7d16,chainlink,stress,,,,2087
oct2025,,wbtc_usdc_500_month_23565643_23572842_w13,exports/oct2025/windows/wbtc_usdc_500_month_23565643_23572842_w13,wbtc_usdc,500,23565643,23572842,13,observed_pool,0.3180186647523331,0.021739130434782608,0.9782608695652174,1075.4857819769452,1916.3424436119221,386.8371228198888,0.0015876398693996637,0.0,100.0,1.0,0.2684852835606604,0.021739130434782608,chainlink,hook_counterfactual,1.0,auction_beats_hook,0.13208901651112706,,,,linear_fee|log_fee|hook_fee|fixed_fee,0.0,0,2,0.0,0.2699210337401292,chainlink,chainlink,24,0x9a772018fbd77fcd2d25657e5c547baff3fd7d16,chainlink,stress,,,,1393
oct2025,,wbtc_usdc_500_month_23572843_23580042_w14,exports/oct2025/windows/wbtc_usdc_500_month_23572843_23580042_w14,wbtc_usdc,500,23572843,23580042,14,observed_pool,0.2684310018903592,0.03428571428571429,0.9657142857142857,2012.3980232128015,48265.472828111684,3903.632832254382,0.13653783276638204,0.0,100.0,1.0,0.1781663516068053,0.03428571428571429,chainlink,hook_counterfactual,1.0,auction_beats_hook,0.16540642722117202,,,,linear_fee|log_fee|fixed_fee|hook_fee,0.0,0,0,0.0,0.1781663516068053,chainlink,chainlink,34,0x9a772018fbd77fcd2d25657e5c547baff3fd7d16,chainlink,stress,,,,2116
oct2025,,wbtc_usdc_500_month_23580043_23587242_w15,exports/oct2025/windows/wbtc_usdc_500_month_23580043_23587242_w15,wbtc_usdc,500,23580043,23587242,15,observed_pool,0.2589779005524862,0.010256410256410256,0.9897435897435898,1296.8043531850572,2024.107054538079,382.3688365610593,0.000892513932035593,0.0,100.0,1.0,0.1830110497237569,0.010256410256410256,chainlink,hook_counterfactual,1.0,auction_beats_hook,0.13466850828729282,,,,linear_fee|log_fee|hook_fee|fixed_fee,0.0,0,0,0.0,0.1830110497237569,chainlink,chainlink,30,0x9a772018fbd77fcd2d25657e5c547baff3fd7d16,chainlink,stress,,,,1448
oct2025,,wbtc_usdc_500_month_23587243_23594442_w16,exports/oct2025/windows/wbtc_usdc_500_month_23587243_23594442_w16,wbtc_usdc,500,23587243,23594442,16,observed_pool,0.26298342541436465,0.030303030303030304,0.9696969696969697,2331.563626649982,59476.56327638173,8313.375553414162,0.18485194338783636,0.0,100.0,1.0,0.09834254143646409,0.030303030303030304,chainlink,hook_counterfactual,1.0,auction_beats_hook,0.18232044198895028,,,,linear_fee|log_fee|hook_fee|fixed_fee,0.0,0,1,0.0,0.09889502762430939,chainlink,chainlink,33,0x9a772018fbd77fcd2d25657e5c547baff3fd7d16,chainlink,stress,,,,1810
oct2025,,wbtc_usdc_500_month_23594443_23601642_w17,exports/oct2025/windows/wbtc_usdc_500_month_23594443_23601642_w17,wbtc_usdc,500,23594443,23601642,17,observed_pool,0.31456548347613217,0.010526315789473684,0.9894736842105263,2196.126455301061,4781.771831864438,754.5009146068619,0.0025102917856527117,0.0,100.0,1.0,0.05324357405140759,0.010526315789473684,chainlink,hook_counterfactual,1.0,auction_beats_hook,0.1744186046511628,,,,linear_fee|log_fee|hook_fee|fixed_fee,0.0,0,4,0.0,0.05569155446756426,chainlink,chainlink,45,0x9a772018fbd77fcd2d25657e5c547baff3fd7d16,chainlink,stress,,,,1634
oct2025,,wbtc_usdc_500_month_23601643_23608842_w18,exports/oct2025/windows/wbtc_usdc_500_month_23601643_23608842_w18,wbtc_usdc,500,23601643,23608842,18,observed_pool,0.29061553985872857,0.011299435028248588,0.9887005649717514,3603.143513078172,15495.55753682841,2866.9738781773613,0.042427740432288315,0.0,100.0,1.0,0.04944500504540868,0.011299435028248588,chainlink,hook_counterfactual,1.0,auction_beats_hook,0.17860746720484358,,,,linear_fee|log_fee|hook_fee|fixed_fee,0.0,0,5,0.0,0.054490413723511606,chainlink,chainlink,24,0x9a772018fbd77fcd2d25657e5c547baff3fd7d16,chainlink,stress,,,,991
oct2025,,wbtc_usdc_500_month_23608843_23616042_w19,exports/oct2025/windows/wbtc_usdc_500_month_23608843_23616042_w19,wbtc_usdc,500,23608843,23616042,19,observed_pool,0.322949777495232,0.051181102362204724,0.9488188976377953,2122.4050718609906,4465.7935091938925,847.6457980550665,0.005131812495875986,0.0,100.0,1.0,0.0019071837253655435,0.051181102362204724,chainlink,hook_counterfactual,1.0,auction_beats_hook,0.161474888747616,,,,linear_fee|log_fee|hook_fee|fixed_fee,0.0,0,4,0.0,0.004450095359186269,chainlink,chainlink,32,0x9a772018fbd77fcd2d25657e5c547baff3fd7d16,chainlink,stress,,,,1573
oct2025,,wbtc_usdc_500_month_23616043_23623242_w20,exports/oct2025/windows/wbtc_usdc_500_month_23616043_23623242_w20,wbtc_usdc,500,23616043,23623242,20,observed_pool,0.37006701414743115,0.030303030303030304,0.9696969696969697,1412.7209131899635,3942.4273727912196,877.6839409210894,0.009130085519269554,0.0,100.0,1.0,0.0,0.030303030303030304,chainlink,hook_counterfactual,1.0,auction_beats_hook,0.14743112434847358,,,,linear_fee|log_fee|hook_fee|fixed_fee,0.0,0,4,0.0,0.0029784065524944155,chainlink,chainlink,30,0x9a772018fbd77fcd2d25657e5c547baff3fd7d16,chainlink,stress,,,,1343
oct2025,,wbtc_usdc_500_month_23623243_23630442_w21,exports/oct2025/windows/wbtc_usdc_500_month_23623243_23630442_w21,wbtc_usdc,500,23623243,23630442,21,observed_pool,0.34082238236540907,0.025,0.975,3416.4698478245505,27686.236399464524,2747.517522727985,0.03946104240676443,0.0,100.0,1.0,0.0,0.025,chainlink,hook_counterfactual,1.0,auction_beats_hook,0.23738872403560832,,,,linear_fee|log_fee|hook_fee|fixed_fee,0.0,0,5,0.0,0.00211954217888936,chainlink,chainlink,42,0x9a772018fbd77fcd2d25657e5c547baff3fd7d16,chainlink,stress,,,,2359
oct2025,,wbtc_usdc_500_month_23630443_23637642_w22,exports/oct2025/windows/wbtc_usdc_500_month_23630443_23637642_w22,wbtc_usdc,500,23630443,23637642,22,observed_pool,0.2946107784431138,0.023809523809523808,0.9761904761904762,1718.9949211061644,3510.0348657213644,800.6035551580296,0.0034814000932078177,0.0,100.0,1.0,0.0,0.023809523809523808,chainlink,hook_counterfactual,1.0,auction_beats_hook,0.17604790419161676,,,,linear_fee|log_fee|hook_fee|fixed_fee,0.0,0,1,0.0,0.0005988023952095808,chainlink,chainlink,37,0x9a772018fbd77fcd2d25657e5c547baff3fd7d16,chainlink,stress,,,,1670
oct2025,,wbtc_usdc_500_month_23637643_23644842_w23,exports/oct2025/windows/wbtc_usdc_500_month_23637643_23644842_w23,wbtc_usdc,500,23637643,23644842,23,observed_pool,0.3286066584463625,0.0335195530726257,0.9664804469273743,1926.105380677108,5268.433868770889,1279.4561985390621,0.0026999169880712564,0.0,100.0,1.0,0.0,0.0335195530726257,chainlink,hook_counterfactual,1.0,auction_beats_hook,0.22071516646115907,,,,linear_fee|log_fee|hook_fee|fixed_fee,0.0,0,1,0.0,0.0006165228113440197,chainlink,chainlink,34,0x9a772018fbd77fcd2d25657e5c547baff3fd7d16,chainlink,stress,,,,1622
oct2025,,wbtc_usdc_500_month_23644843_23652042_w24,exports/oct2025/windows/wbtc_usdc_500_month_23644843_23652042_w24,wbtc_usdc,500,23644843,23652042,24,observed_pool,0.3524829600778968,0.04597701149425287,0.9540229885057471,1309.142512138107,198852.9592068482,46230.39648132832,1.4389786672698488,0.0,100.0,1.0,0.0,0.04597701149425287,chainlink,hook_counterfactual,1.0,auction_beats_hook,0.1694255111976631,,,,linear_fee|log_fee|hook_fee|fixed_fee,0.0,0,3,0.0,0.0029211295034079843,chainlink,chainlink,30,0x9a772018fbd77fcd2d25657e5c547baff3fd7d16,chainlink,stress,,,,1027
oct2025,,wbtc_usdc_500_month_23652043_23659242_w25,exports/oct2025/windows/wbtc_usdc_500_month_23652043_23659242_w25,wbtc_usdc,500,23652043,23659242,25,observed_pool,0.35390199637023595,0.1346153846153846,0.8653846153846154,270.9469935706439,215.4965246220234,24.316020716356178,0.00044044796358896725,0.0,100.0,1.0,0.0,0.1346153846153846,chainlink,hook_counterfactual,1.0,auction_beats_hook,0.09437386569872959,,,,log_fee|linear_fee|hook_fee|fixed_fee,0.0,0,0,0.0,0.0,chainlink,chainlink,26,0x9a772018fbd77fcd2d25657e5c547baff3fd7d16,chainlink,stress,,,,551
oct2025,,wbtc_usdc_500_month_23659243_23666442_w26,exports/oct2025/windows/wbtc_usdc_500_month_23659243_23666442_w26,wbtc_usdc,500,23659243,23666442,26,observed_pool,0.33,0.05759162303664921,0.9424083769633508,1346.0945169281608,4607.227542735308,1088.9869656471058,0.012021292798266173,0.0,100.0,1.0,0.0,0.05759162303664921,chainlink,hook_counterfactual,1.0,auction_beats_hook,0.15916666666666668,,,,linear_fee|log_fee|hook_fee|fixed_fee,0.0,0,7,0.0,0.005833333333333334,chainlink,chainlink,31,0x9a772018fbd77fcd2d25657e5c547baff3fd7d16,chainlink,stress,,,,1200
oct2025,,wbtc_usdc_500_month_23666443_23673642_w27,exports/oct2025/windows/wbtc_usdc_500_month_23666443_23673642_w27,wbtc_usdc,500,23666443,23673642,27,observed_pool,0.3720472440944882,0.045454545454545456,0.9545454545454546,838.26222092511,1259.927964108625,292.9552220431334,0.001152397362363665,0.0,100.0,1.0,0.0,0.045454545454545456,chainlink,hook_counterfactual,1.0,auction_beats_hook,0.12992125984251968,,,,linear_fee|log_fee|hook_fee|fixed_fee,0.0,0,5,0.0,0.004921259842519685,chainlink,chainlink,28,0x9a772018fbd77fcd2d25657e5c547baff3fd7d16,chainlink,stress,,,,1016
oct2025,,wbtc_usdc_500_month_23673643_23680842_w28,exports/oct2025/windows/wbtc_usdc_500_month_23673643_23680842_w28,wbtc_usdc,500,23673643,23680842,28,observed_pool,0.36189683860232946,0.042105263157894736,0.9578947368421052,1100.8658731875305,1732.6336131128123,340.08764659006727,0.0009560019552482684,0.0,100.0,1.0,0.0,0.042105263157894736,chainlink,hook_counterfactual,1.0,auction_beats_hook,0.15806988352745424,,,,linear_fee|log_fee|hook_fee|fixed_fee,0.0,0,4,0.0,0.0033277870216306157,chainlink,chainlink,33,0x9a772018fbd77fcd2d25657e5c547baff3fd7d16,chainlink,stress,,,,1202
oct2025,,wbtc_usdc_500_month_23680843_23688042_w29,exports/oct2025/windows/wbtc_usdc_500_month_23680843_23688042_w29,wbtc_usdc,500,23680843,23688042,29,observed_pool,0.36690186016677356,0.0456140350877193,0.9543859649122807,2050.3040619595517,4446.211415978869,819.4763973963773,0.001396753889415932,0.0,100.0,1.0,0.0,0.0456140350877193,chainlink,hook_counterfactual,1.0,auction_beats_hook,0.18280949326491341,,,,linear_fee|log_fee|hook_fee|fixed_fee,0.0,0,8,0.0,0.005131494547787043,chainlink,chainlink,40,0x9a772018fbd77fcd2d25657e5c547baff3fd7d16,chainlink,stress,,,,1559
oct2025,,wbtc_usdc_500_month_23688043_23695242_w30,exports/oct2025/windows/wbtc_usdc_500_month_23688043_23695242_w30,wbtc_usdc,500,23688043,23695242,30,observed_pool,0.41435643564356434,0.020361990950226245,0.9796380090497737,2500.612494763261,6835.7630130790785,1127.1785853268757,0.0010824206290630982,0.0,100.0,1.0,0.0,0.020361990950226245,chainlink,hook_counterfactual,1.0,auction_beats_hook,0.2188118811881188,,,,linear_fee|log_fee|hook_fee|fixed_fee,0.0,0,0,0.0,0.0,chainlink,chainlink,39,0x9a772018fbd77fcd2d25657e5c547baff3fd7d16,chainlink,stress,,,,2020
oct2025,,wbtc_usdc_500_month_23695243_23700766_w31,exports/oct2025/windows/wbtc_usdc_500_month_23695243_23700766_w31,wbtc_usdc,500,23695243,23700766,31,observed_pool,0.35260663507109,0.011627906976744186,0.9883720930232558,1022.7787657821834,1642.9159473962259,374.47686898248446,0.001155021943859878,0.0,100.0,1.0,0.0,0.011627906976744186,chainlink,hook_counterfactual,1.0,auction_beats_hook,0.16303317535545023,,,,log_fee|linear_fee|hook_fee|fixed_fee,0.0,0,2,0.0,0.0018957345971563982,chainlink,chainlink,26,0x9a772018fbd77fcd2d25657e5c547baff3fd7d16,chainlink,stress,,,,1055
oct2025,,weth_usdc_3000_month_23479243_23486442_w01,exports/oct2025/windows/weth_usdc_3000_month_23479243_23486442_w01,weth_usdc,3000,23479243,23486442,1,observed_pool,0.28429423459244535,,,0.7579467201243223,1.0964754435731132,0.0,,0.0,100.0,1.0,0.0,,chainlink,hook_counterfactual,1.0,auction_beats_hook,0.0,,,,linear_fee|log_fee|hook_fee|fixed_fee,0.0,0,1,0.0,0.0019880715705765406,chainlink,chainlink,40,0x8ad599c3a0ff1de082011efddc58f1908eb6e6d8,chainlink,stress,,,,503
oct2025,,weth_usdc_3000_month_23486443_23493642_w02,exports/oct2025/windows/weth_usdc_3000_month_23486443_23493642_w02,weth_usdc,3000,23486443,23493642,2,observed_pool,0.18683001531393567,,,0.1413548253261406,1.905247419237598,1.3877787807814457e-16,,0.0,100.0,1.0,0.32618683001531396,,chainlink,hook_counterfactual,1.0,auction_beats_hook,0.0,,,,linear_fee|log_fee|hook_fee|fixed_fee,0.0,0,0,0.0,0.32618683001531396,chainlink,chainlink,27,0x8ad599c3a0ff1de082011efddc58f1908eb6e6d8,chainlink,stress,,,,653
oct2025,,weth_usdc_3000_month_23493643_23500842_w03,exports/oct2025/windows/weth_usdc_3000_month_23493643_23500842_w03,weth_usdc,3000,23493643,23500842,3,observed_pool,0.2062780269058296,,,1.2764199240107248,2.0560764186766134,-2.220446049250313e-16,,0.0,100.0,1.0,0.21375186846038863,,chainlink,hook_counterfactual,1.0,auction_beats_hook,0.0,,,,linear_fee|log_fee|hook_fee|fixed_fee,0.0,0,0,0.0,0.21375186846038863,chainlink,chainlink,36,0x8ad599c3a0ff1de082011efddc58f1908eb6e6d8,chainlink,stress,,,,669
oct2025,,weth_usdc_3000_month_23500843_23508042_w04,exports/oct2025/windows/weth_usdc_3000_month_23500843_23508042_w04,weth_usdc,3000,23500843,23508042,4,observed_pool,0.22010869565217392,,,0.07025709431691883,0.3516817085081134,-4.163336342344337e-17,,0.0,100.0,1.0,0.3233695652173913,,chainlink,hook_counterfactual,1.0,auction_beats_hook,0.0,,,,linear_fee|log_fee|hook_fee|fixed_fee,0.0,0,0,0.0,0.3233695652173913,chainlink,chainlink,22,0x8ad599c3a0ff1de082011efddc58f1908eb6e6d8,chainlink,stress,,,,368
oct2025,,weth_usdc_3000_month_23508043_23515242_w05,exports/oct2025/windows/weth_usdc_3000_month_23508043_23515242_w05,weth_usdc,3000,23508043,23515242,5,observed_pool,0.1898238747553816,,,0.4053783437143799,0.9971599937422984,-5.551115123125783e-17,,0.0,100.0,1.0,0.3131115459882583,,chainlink,hook_counterfactual,1.0,auction_beats_hook,0.0,,,,linear_fee|log_fee|hook_fee|fixed_fee,0.0,0,1,0.0,0.3150684931506849,chainlink,chainlink,26,0x8ad599c3a0ff1de082011efddc58f1908eb6e6d8,chainlink,stress,,,,511
oct2025,,weth_usdc_3000_month_23515243_23522442_w06,exports/oct2025/windows/weth_usdc_3000_month_23515243_23522442_w06,weth_usdc,3000,23515243,23522442,6,observed_pool,0.21062618595825428,,,0.33717589557397026,1.018135903754912,-5.551115123125783e-17,,0.0,100.0,1.0,0.29601518026565465,,chainlink,hook_counterfactual,1.0,auction_beats_hook,0.0,,,,linear_fee|log_fee|hook_fee|fixed_fee,0.0,0,1,0.0,0.29791271347248577,chainlink,chainlink,27,0x8ad599c3a0ff1de082011efddc58f1908eb6e6d8,chainlink,stress,,,,527
oct2025,,weth_usdc_3000_month_23522443_23529642_w07,exports/oct2025/windows/weth_usdc_3000_month_23522443_23529642_w07,weth_usdc,3000,23522443,23529642,7,observed_pool,0.24751066856330015,,,1.300350479270848,1.838928467261381,2.220446049250313e-16,,0.0,100.0,1.0,0.19487908961593173,,chainlink,hook_counterfactual,1.0,auction_beats_hook,0.0,,,,linear_fee|log_fee|hook_fee|fixed_fee,0.0,0,3,0.0,0.19914651493598862,chainlink,chainlink,34,0x8ad599c3a0ff1de082011efddc58f1908eb6e6d8,chainlink,stress,,,,703
oct2025,,weth_usdc_3000_month_23529643_23536842_w08,exports/oct2025/windows/weth_usdc_3000_month_23529643_23536842_w08,weth_usdc,3000,23529643,23536842,8,observed_pool,0.21575342465753425,,,0.43413499482902695,1.3278074303236047,4.440892098500626e-16,,0.0,100.0,1.0,0.24315068493150685,,chainlink,hook_counterfactual,1.0,auction_beats_hook,0.0,,,,linear_fee|log_fee|hook_fee|fixed_fee,0.0,0,0,0.0,0.24315068493150685,chainlink,chainlink,29,0x8ad599c3a0ff1de082011efddc58f1908eb6e6d8,chainlink,stress,,,,584
oct2025,,weth_usdc_3000_month_23536843_23544042_w09,exports/oct2025/windows/weth_usdc_3000_month_23536843_23544042_w09,weth_usdc,3000,23536843,23544042,9,observed_pool,0.20875,,,0.7524933373355183,1.3504466396633896,7.771561172376096e-16,,0.0,100.0,1.0,0.21125,,chainlink,hook_counterfactual,1.0,auction_beats_hook,0.0,,,,linear_fee|log_fee|hook_fee|fixed_fee,0.0,0,1,0.0,0.2125,chainlink,chainlink,31,0x8ad599c3a0ff1de082011efddc58f1908eb6e6d8,chainlink,stress,,,,800
oct2025,,weth_usdc_3000_month_23544043_23551242_w10,exports/oct2025/windows/weth_usdc_3000_month_23544043_23551242_w10,weth_usdc,3000,23544043,23551242,10,observed_pool,0.22018348623853212,0.0,1.0,-25.264424528540893,246.68678018610504,49.10868042323313,0.00040562268192191126,0.0,100.0,1.0,0.14220183486238533,0.0,chainlink,hook_counterfactual,1.0,auction_beats_hook,0.03944954128440367,,,,linear_fee|log_fee|hook_fee|fixed_fee,0.0,0,0,0.0,0.14220183486238533,chainlink,chainlink,124,0x8ad599c3a0ff1de082011efddc58f1908eb6e6d8,chainlink,stress,,,,1090
oct2025,,weth_usdc_3000_month_23551243_23558442_w11,exports/oct2025/windows/weth_usdc_3000_month_23551243_23558442_w11,weth_usdc,3000,23551243,23558442,11,observed_pool,0.28,0.0,1.0,1.495603950097559,64.87178027724839,17.378305407226613,0.0005284170338771451,0.0,100.0,1.0,0.0,0.0,chainlink,hook_counterfactual,1.0,auction_beats_hook,0.0027906976744186047,,,,linear_fee|log_fee|hook_fee|fixed_fee,0.0,0,1,0.0,0.0009302325581395349,chainlink,chainlink,77,0x8ad599c3a0ff1de082011efddc58f1908eb6e6d8,chainlink,stress,,,,1075
oct2025,,weth_usdc_3000_month_23558443_23565642_w12,exports/oct2025/windows/weth_usdc_3000_month_23558443_23565642_w12,weth_usdc,3000,23558443,23565642,12,observed_pool,0.1976401179941003,,,1.5537136968049448,2.6048134215095664,-3.3306690738754696e-15,,0.0,100.0,1.0,0.18584070796460178,,chainlink,hook_counterfactual,1.0,auction_beats_hook,0.0,,,,linear_fee|log_fee|hook_fee|fixed_fee,0.0,0,5,0.0,0.19075712881022616,chainlink,chainlink,60,0x8ad599c3a0ff1de082011efddc58f1908eb6e6d8,chainlink,stress,,,,1017
oct2025,,weth_usdc_3000_month_23565643_23572842_w13,exports/oct2025/windows/weth_usdc_3000_month_23565643_23572842_w13,weth_usdc,3000,23565643,23572842,13,observed_pool,0.19941348973607037,,,1.0731603052072547,1.5066051402592482,4.440892098500626e-16,,0.0,100.0,1.0,0.20234604105571846,,chainlink,hook_counterfactual,1.0,auction_beats_hook,0.0,,,,linear_fee|log_fee|hook_fee|fixed_fee,0.0,0,1,0.0,0.20381231671554254,chainlink,chainlink,48,0x8ad599c3a0ff1de082011efddc58f1908eb6e6d8,chainlink,stress,,,,682
oct2025,,weth_usdc_3000_month_23572843_23580042_w14,exports/oct2025/windows/weth_usdc_3000_month_23572843_23580042_w14,weth_usdc,3000,23572843,23580042,14,observed_pool,0.16187739463601533,,,2.8227683169270446,3.355838133782491,-1.3322676295501878e-15,,0.0,100.0,1.0,0.22988505747126436,,chainlink,hook_counterfactual,1.0,auction_beats_hook,0.0,,,,linear_fee|log_fee|hook_fee|fixed_fee,0.0,0,0,0.0,0.22988505747126436,chainlink,chainlink,68,0x8ad599c3a0ff1de082011efddc58f1908eb6e6d8,chainlink,stress,,,,1044
oct2025,,weth_usdc_3000_month_23580043_23587242_w15,exports/oct2025/windows/weth_usdc_3000_month_23580043_23587242_w15,weth_usdc,3000,23580043,23587242,15,observed_pool,0.24371584699453552,,,1.5626899256196287,2.608578823964048,4.440892098500626e-16,,0.0,100.0,1.0,0.18797814207650274,,chainlink,hook_counterfactual,1.0,auction_beats_hook,0.0,,,,linear_fee|log_fee|hook_fee|fixed_fee,0.0,0,2,0.0,0.1901639344262295,chainlink,chainlink,55,0x8ad599c3a0ff1de082011efddc58f1908eb6e6d8,chainlink,stress,,,,915
oct2025,,weth_usdc_3000_month_23587243_23594442_w16,exports/oct2025/windows/weth_usdc_3000_month_23587243_23594442_w16,weth_usdc,3000,23587243,23594442,16,observed_pool,0.2620192307692308,,,2.566328879655748,3.5322236439532753,-1.7763568394002505e-15,,0.0,100.0,1.0,0.054086538461538464,,chainlink,hook_counterfactual,1.0,auction_beats_hook,0.0,,,,linear_fee|log_fee|hook_fee|fixed_fee,0.0,0,0,0.0,0.054086538461538464,chainlink,chainlink,54,0x8ad599c3a0ff1de082011efddc58f1908eb6e6d8,chainlink,stress,,,,832
oct2025,,weth_usdc_3000_month_23594443_23601642_w17,exports/oct2025/windows/weth_usdc_3000_month_23594443_23601642_w17,weth_usdc,3000,23594443,23601642,17,observed_pool,0.2832800851970181,,,2.7514066725640034,6.18988583111641,2.220446049250313e-15,,0.0,100.0,1.0,0.03194888178913738,,chainlink,hook_counterfactual,1.0,auction_beats_hook,0.0,,,,linear_fee|log_fee|hook_fee|fixed_fee,0.0,0,0,0.0,0.03194888178913738,chainlink,chainlink,63,0x8ad599c3a0ff1de082011efddc58f1908eb6e6d8,chainlink,stress,,,,939
oct2025,,weth_usdc_3000_month_23601643_23608842_w18,exports/oct2025/windows/weth_usdc_3000_month_23601643_23608842_w18,weth_usdc,3000,23601643,23608842,18,observed_pool,0.25203252032520324,,,0.5592279647207522,0.9339677570452627,-2.220446049250313e-16,,0.0,100.0,1.0,0.08130081300813008,,chainlink,hook_counterfactual,1.0,auction_beats_hook,0.0,,,,linear_fee|log_fee|hook_fee|fixed_fee,0.0,0,2,0.0,0.08672086720867209,chainlink,chainlink,30,0x8ad599c3a0ff1de082011efddc58f1908eb6e6d8,chainlink,stress,,,,369
oct2025,,weth_usdc_3000_month_23608843_23616042_w19,exports/oct2025/windows/weth_usdc_3000_month_23608843_23616042_w19,weth_usdc,3000,23608843,23616042,19,observed_pool,0.3702664796633941,,,1.5821974907082215,2.4371655485536428,-4.440892098500626e-16,,0.0,100.0,1.0,0.0,,chainlink,hook_counterfactual,1.0,auction_beats_hook,0.0,,,,linear_fee|log_fee|hook_fee|fixed_fee,0.0,0,4,0.0,0.005610098176718092,chainlink,chainlink,47,0x8ad599c3a0ff1de082011efddc58f1908eb6e6d8,chainlink,stress,,,,713
oct2025,,weth_usdc_3000_month_23616043_23623242_w20,exports/oct2025/windows/weth_usdc_3000_month_23616043_23623242_w20,weth_usdc,3000,23616043,23623242,20,observed_pool,0.35732984293193715,,,0.8409910834736705,1.7515872248250888,-2.220446049250313e-16,,0.0,100.0,1.0,0.0,,chainlink,hook_counterfactual,1.0,auction_beats_hook,0.0,,,,linear_fee|log_fee|hook_fee|fixed_fee,0.0,0,0,0.0,0.0,chainlink,chainlink,38,0x8ad599c3a0ff1de082011efddc58f1908eb6e6d8,chainlink,stress,,,,764
oct2025,,weth_usdc_3000_month_23623243_23630442_w21,exports/oct2025/windows/weth_usdc_3000_month_23623243_23630442_w21,weth_usdc,3000,23623243,23630442,21,observed_pool,0.30988786952089703,,,2.358105946139025,4.4408811224899445,-8.881784197001252e-16,,0.0,100.0,1.0,0.0,,chainlink,hook_counterfactual,1.0,auction_beats_hook,0.0,,,,linear_fee|log_fee|hook_fee|fixed_fee,0.0,0,0,0.0,0.0,chainlink,chainlink,63,0x8ad599c3a0ff1de082011efddc58f1908eb6e6d8,chainlink,stress,,,,981
oct2025,,weth_usdc_3000_month_23630443_23637642_w22,exports/oct2025/windows/weth_usdc_3000_month_23630443_23637642_w22,weth_usdc,3000,23630443,23637642,22,observed_pool,0.3094059405940594,,,2.062542721782476,3.133944842805299,0.0,,0.0,100.0,1.0,0.0,,chainlink,hook_counterfactual,1.0,auction_beats_hook,0.0,,,,linear_fee|log_fee|hook_fee|fixed_fee,0.0,0,1,0.0,0.0012376237623762376,chainlink,chainlink,55,0x8ad599c3a0ff1de082011efddc58f1908eb6e6d8,chainlink,stress,,,,808
oct2025,,weth_usdc_3000_month_23637643_23644842_w23,exports/oct2025/windows/weth_usdc_3000_month_23637643_23644842_w23,weth_usdc,3000,23637643,23644842,23,observed_pool,0.2812089356110381,,,1.3502880064068385,1.6293610256915647,1.5543122344752192e-15,,0.0,100.0,1.0,0.0,,chainlink,hook_counterfactual,1.0,auction_beats_hook,0.0,,,,linear_fee|log_fee|hook_fee|fixed_fee,0.0,0,4,0.0,0.005256241787122208,chainlink,chainlink,41,0x8ad599c3a0ff1de082011efddc58f1908eb6e6d8,chainlink,stress,,,,761
oct2025,,weth_usdc_3000_month_23644843_23652042_w24,exports/oct2025/windows/weth_usdc_3000_month_23644843_23652042_w24,weth_usdc,3000,23644843,23652042,24,observed_pool,0.1842456608811749,,,0.9640302966603197,2.3358868994013133,1.099120794378905e-14,,0.0,100.0,1.0,0.0,,chainlink,hook_counterfactual,1.0,auction_beats_hook,0.0,,,,linear_fee|log_fee|hook_fee|fixed_fee,0.0,0,38,0.0,0.016911437472185136,chainlink,chainlink,38,0x8ad599c3a0ff1de082011efddc58f1908eb6e6d8,chainlink,stress,,,,2247
oct2025,,weth_usdc_3000_month_23652043_23659242_w25,exports/oct2025/windows/weth_usdc_3000_month_23652043_23659242_w25,weth_usdc,3000,23652043,23659242,25,observed_pool,0.2309027777777778,,,0.20614593486585578,0.40956203872090313,2.7755575615628914e-17,,0.0,100.0,1.0,0.0,,chainlink,hook_counterfactual,1.0,auction_beats_hook,0.0,,,,linear_fee|log_fee|hook_fee|fixed_fee,0.0,0,0,0.0,0.0,chainlink,chainlink,27,0x8ad599c3a0ff1de082011efddc58f1908eb6e6d8,chainlink,stress,,,,576
oct2025,,weth_usdc_3000_month_23659243_23666442_w26,exports/oct2025/windows/weth_usdc_3000_month_23659243_23666442_w26,weth_usdc,3000,23659243,23666442,26,observed_pool,0.33369098712446355,,,0.30637236372766063,1.8272873105063026,-6.661338147750939e-16,,0.0,100.0,1.0,0.0,,chainlink,hook_counterfactual,1.0,auction_beats_hook,0.0,,,,linear_fee|log_fee|hook_fee|fixed_fee,0.0,0,2,0.0,0.002145922746781116,chainlink,chainlink,35,0x8ad599c3a0ff1de082011efddc58f1908eb6e6d8,chainlink,stress,,,,932
oct2025,,weth_usdc_3000_month_23666443_23673642_w27,exports/oct2025/windows/weth_usdc_3000_month_23666443_23673642_w27,weth_usdc,3000,23666443,23673642,27,observed_pool,0.2921434019832189,,,0.7767695390160656,1.3873816356182518,-6.661338147750939e-16,,0.0,100.0,1.0,0.0,,chainlink,hook_counterfactual,1.0,auction_beats_hook,0.0,,,,linear_fee|log_fee|hook_fee|fixed_fee,0.0,0,2,0.0,0.0015255530129672007,chainlink,chainlink,37,0x8ad599c3a0ff1de082011efddc58f1908eb6e6d8,chainlink,stress,,,,1311
oct2025,,weth_usdc_3000_month_23673643_23680842_w28,exports/oct2025/windows/weth_usdc_3000_month_23673643_23680842_w28,weth_usdc,3000,23673643,23680842,28,observed_pool,0.2522831050228311,,,1.089114679680115,3.883161271751179,-6.661338147750939e-16,,0.0,100.0,1.0,0.0,,chainlink,hook_counterfactual,1.0,auction_beats_hook,0.0,,,,linear_fee|log_fee|hook_fee|fixed_fee,0.0,0,2,0.0,0.00228310502283105,chainlink,chainlink,45,0x8ad599c3a0ff1de082011efddc58f1908eb6e6d8,chainlink,stress,,,,876
oct2025,,weth_usdc_3000_month_23680843_23688042_w29,exports/oct2025/windows/weth_usdc_3000_month_23680843_23688042_w29,weth_usdc,3000,23680843,23688042,29,observed_pool,0.2630410654827969,,,3.174264193715567,5.154948607829681,-8.881784197001252e-16,,0.0,100.0,1.0,0.0,,chainlink,hook_counterfactual,1.0,auction_beats_hook,0.0,,,,linear_fee|log_fee|hook_fee|fixed_fee,0.0,0,0,0.0,0.0,chainlink,chainlink,60,0x8ad599c3a0ff1de082011efddc58f1908eb6e6d8,chainlink,stress,,,,901
oct2025,,weth_usdc_3000_month_23688043_23695242_w30,exports/oct2025/windows/weth_usdc_3000_month_23688043_23695242_w30,weth_usdc,3000,23688043,23695242,30,observed_pool,0.3333333333333333,,,2.582028253357964,6.774325202135116,3.9968028886505635e-15,,0.0,100.0,1.0,0.0,,chainlink,hook_counterfactual,1.0,auction_beats_hook,0.0,,,,linear_fee|log_fee|hook_fee|fixed_fee,0.0,0,0,0.0,0.0,chainlink,chainlink,45,0x8ad599c3a0ff1de082011efddc58f1908eb6e6d8,chainlink,stress,,,,1014
oct2025,,weth_usdc_3000_month_23695243_23700766_w31,exports/oct2025/windows/weth_usdc_3000_month_23695243_23700766_w31,weth_usdc,3000,23695243,23700766,31,observed_pool,0.34581105169340465,,,1.771385198704142,3.9026048898922654,-1.3322676295501878e-15,,0.0,100.0,1.0,0.0,,chainlink,hook_counterfactual,1.0,auction_beats_hook,0.0,,,,linear_fee|log_fee|hook_fee|fixed_fee,0.0,0,1,0.0,0.0017825311942959,chainlink,chainlink,33,0x8ad599c3a0ff1de082011efddc58f1908eb6e6d8,chainlink,stress,,,,561
study_eurc,2026_01,eurc_usdc_500_month_24136052_24143251_w01,exports/study_eurc/2026_01_eurc_usdc/eurc_usdc_500_month_24136052_24143251_w01,eurc_usdc,500,24136052,24143251,1,observed_pool,0.05982905982905983,1.0,0.0,317.2492490921648,138.1427480198643,0.5393292981946161,,0.0,100.0,1.0,0.0,1.0,chainlink,hook_counterfactual,1.0,auction_beats_hook,0.008547008547008548,,,,linear_fee|log_fee|hook_fee|fixed_fee,0.0,0,115,0.0,0.9829059829059829,chainlink,chainlink,4,0x95dbb3c7546f22bce375900abfdd64a4e5bd73d6,chainlink,stress,,,,117
study_eurc,2026_01,eurc_usdc_500_month_24150452_24157651_w03,exports/study_eurc/2026_01_eurc_usdc/eurc_usdc_500_month_24150452_24157651_w03,eurc_usdc,500,24150452,24157651,3,observed_pool,0.0,0.45454545454545453,0.5454545454545454,717.4177978424573,414.6632678555653,28.469283338202217,0.1316559848577661,0.0,100.0,1.0,0.20725388601036268,0.45454545454545453,chainlink,hook_counterfactual,1.0,auction_beats_hook,0.05699481865284974,,,,linear_fee|log_fee|hook_fee|fixed_fee,0.0,0,135,0.0,0.9067357512953368,chainlink,chainlink,3,0x95dbb3c7546f22bce375900abfdd64a4e5bd73d6,chainlink,stress,,,,193
study_eurc,2026_01,eurc_usdc_500_month_24344852_24352051_w30,exports/study_eurc/2026_01_eurc_usdc/eurc_usdc_500_month_24344852_24352051_w30,eurc_usdc,500,24344852,24352051,30,observed_pool,0.27408412483039346,0.8255813953488372,0.1744186046511628,3956.8903206059827,2677.760746671478,381.13756263796813,0.03749095375152298,0.0,100.0,1.0,0.1587516960651289,0.8255813953488372,chainlink,hook_counterfactual,1.0,auction_beats_hook,0.11668928086838534,,,,linear_fee|log_fee|hook_fee|fixed_fee,0.0,0,497,0.0,0.8331071913161465,chainlink,chainlink,4,0x95dbb3c7546f22bce375900abfdd64a4e5bd73d6,chainlink,stress,,,,737
study_eurc,2026_01,eurc_usdc_500_month_24352052_24358292_w31,exports/study_eurc/2026_01_eurc_usdc/eurc_usdc_500_month_24352052_24358292_w31,eurc_usdc,500,24352052,24358292,31,observed_pool,0.3095723014256619,0.9795918367346939,0.02040816326530612,3105.745364567045,1530.991915333394,192.96854438357514,0.005436977451802494,0.0,100.0,1.0,0.06720977596741344,0.9795918367346939,chainlink,hook_counterfactual,1.0,auction_beats_hook,0.09979633401221996,,,,linear_fee|log_fee|hook_fee|fixed_fee,0.0,0,361,0.0,0.8024439918533605,chainlink,chainlink,4,0x95dbb3c7546f22bce375900abfdd64a4e5bd73d6,chainlink,stress,,,,491
study_eurc,2026_02,eurc_usdc_500_month_24358292_24365491_w01,exports/study_eurc/2026_02_eurc_usdc/eurc_usdc_500_month_24358292_24365491_w01,eurc_usdc,500,24358292,24365491,1,observed_pool,0.31910112359550563,0.9836065573770492,0.01639344262295082,862.0667962429081,1213.6084160621235,196.5718710413105,0.0015934131700429677,0.0,100.0,1.0,0.0,0.9836065573770492,chainlink,hook_counterfactual,1.0,auction_beats_hook,0.13707865168539327,,,,linear_fee|log_fee|hook_fee|fixed_fee,0.0,0,400,0.0,0.898876404494382,chainlink,chainlink,4,0x95dbb3c7546f22bce375900abfdd64a4e5bd73d6,chainlink,stress,,,,445
study_eurc,2026_02,eurc_usdc_500_month_24365492_24372691_w02,exports/study_eurc/2026_02_eurc_usdc/eurc_usdc_500_month_24365492_24372691_w02,eurc_usdc,500,24365492,24372691,2,observed_pool,0.12267080745341614,0.7777777777777778,0.2222222222222222,2061.1754177055996,3623.8797940259456,704.2443958698234,0.03429440016697893,0.0,100.0,1.0,0.3027950310559006,0.7777777777777778,chainlink,hook_counterfactual,1.0,auction_beats_hook,0.1956521739130435,,,,linear_fee|log_fee|hook_fee|fixed_fee,0.0,0,340,0.0,0.8307453416149069,chainlink,chainlink,3,0x95dbb3c7546f22bce375900abfdd64a4e5bd73d6,chainlink,stress,,,,644
study_eurc,2026_02,eurc_usdc_500_month_24545492_24552691_w27,exports/study_eurc/2026_02_eurc_usdc/eurc_usdc_500_month_24545492_24552691_w27,eurc_usdc,500,24545492,24552691,27,observed_pool,0.0,0.35294117647058826,0.6470588235294118,1721.5827560802359,1761.3986437078306,387.7110074860998,1.7731046065309195,0.0,100.0,1.0,0.12037037037037036,0.35294117647058826,chainlink,hook_counterfactual,1.0,auction_beats_hook,0.05246913580246913,,,,linear_fee|log_fee|hook_fee|fixed_fee,0.0,0,249,0.0,0.8888888888888888,chainlink,chainlink,3,0x95dbb3c7546f22bce375900abfdd64a4e5bd73d6,chainlink,stress,,,,324
study_eurc,2026_02,eurc_usdc_500_month_24552692_24558867_w28,exports/study_eurc/2026_02_eurc_usdc/eurc_usdc_500_month_24552692_24558867_w28,eurc_usdc,500,24552692,24558867,28,observed_pool,0.0,,,572.8012333705675,73.98294169764534,-4.547473508864641e-13,,0.0,100.0,1.0,0.2757009345794392,,chainlink,hook_counterfactual,1.0,auction_beats_hook,0.0,,,,fixed_fee|linear_fee|log_fee|hook_fee,0.0,0,148,0.0,0.9672897196261683,chainlink,chainlink,1,0x95dbb3c7546f22bce375900abfdd64a4e5bd73d6,chainlink,stress,,,,214
study_eurc,2026_03,eurc_usdc_500_month_24558867_24566066_w01,exports/study_eurc/2026_03_eurc_usdc/eurc_usdc_500_month_24558867_24566066_w01,eurc_usdc,500,24558867,24566066,1,observed_pool,0.3356009070294785,1.0,0.0,2463.0339310061236,832.1759832011278,108.6576308628969,,0.0,100.0,1.0,0.0,1.0,chainlink,hook_counterfactual,1.0,auction_beats_hook,0.04308390022675737,,,,linear_fee|log_fee|hook_fee|fixed_fee,0.0,0,398,0.0,0.9024943310657596,chainlink,chainlink,5,0x95dbb3c7546f22bce375900abfdd64a4e5bd73d6,chainlink,stress,,,,441
study_eurc,2026_03,eurc_usdc_500_month_24566067_24573266_w02,exports/study_eurc/2026_03_eurc_usdc/eurc_usdc_500_month_24566067_24573266_w02,eurc_usdc,500,24566067,24573266,2,observed_pool,0.2123076923076923,0.8292682926829268,0.17073170731707318,2594.9197341338886,1099.6407623756222,185.37511094913452,0.11654021413950202,0.0,100.0,1.0,0.18769230769230769,0.8292682926829268,chainlink,hook_counterfactual,1.0,auction_beats_hook,0.06307692307692307,,,,linear_fee|log_fee|hook_fee|fixed_fee,0.0,0,418,0.0,0.8307692307692308,chainlink,chainlink,4,0x95dbb3c7546f22bce375900abfdd64a4e5bd73d6,chainlink,stress,,,,650
study_eurc,2026_03,eurc_usdc_500_month_24760467_24767666_w29,exports/study_eurc/2026_03_eurc_usdc/eurc_usdc_500_month_24760467_24767666_w29,eurc_usdc,500,24760467,24767666,29,observed_pool,0.0,,,188.33516329649032,23.235775602653604,2.842170943040401e-14,,0.0,100.0,1.0,0.18439716312056736,,chainlink,hook_counterfactual,1.0,auction_beats_hook,0.0,,,,fixed_fee|log_fee|linear_fee|hook_fee,0.0,0,109,0.0,0.9574468085106383,chainlink,chainlink,1,0x95dbb3c7546f22bce375900abfdd64a4e5bd73d6,chainlink,stress,,,,141
study_eurc,2026_03,eurc_usdc_500_month_24774867_24781026_w31,exports/study_eurc/2026_03_eurc_usdc/eurc_usdc_500_month_24774867_24781026_w31,eurc_usdc,500,24774867,24781026,31,observed_pool,0.4439140811455847,0.9761904761904762,0.023809523809523808,906.8763564744512,1403.758192047856,276.4925624775052,0.0044161022625735236,0.0,100.0,1.0,0.06921241050119331,0.9761904761904762,chainlink,hook_counterfactual,1.0,auction_beats_hook,0.20047732696897375,,,,log_fee|linear_fee|hook_fee|fixed_fee,0.0,0,279,0.0,0.7350835322195705,chainlink,chainlink,5,0x95dbb3c7546f22bce375900abfdd64a4e5bd73d6,chainlink,stress,,,,419
study_eurc,2026_04,eurc_usdc_500_month_24781026_24788225_w01,exports/study_eurc/2026_04_eurc_usdc/eurc_usdc_500_month_24781026_24788225_w01,eurc_usdc,500,24781026,24788225,1,observed_pool,0.12222222222222222,0.8205128205128205,0.1794871794871795,1048.8166686949226,944.0856122801508,109.44919310241107,0.0524305053853017,0.0,100.0,1.0,0.0,0.8205128205128205,chainlink,hook_counterfactual,1.0,auction_beats_hook,0.10833333333333334,,,,linear_fee|log_fee|hook_fee|fixed_fee,0.0,0,300,0.0,0.8333333333333334,chainlink,chainlink,4,0x95dbb3c7546f22bce375900abfdd64a4e5bd73d6,chainlink,stress,,,,360
study_eurc,2026_04,eurc_usdc_500_month_24802626_24809825_w04,exports/study_eurc/2026_04_eurc_usdc/eurc_usdc_500_month_24802626_24809825_w04,eurc_usdc,500,24802626,24809825,4,observed_pool,0.0,,,109.5137917638429,14.14625388122866,2.842170943040401e-14,,0.0,100.0,1.0,0.2077922077922078,,chainlink,hook_counterfactual,1.0,auction_beats_hook,0.0,,,,fixed_fee|linear_fee|log_fee|hook_fee,0.0,0,49,0.0,0.8441558441558441,chainlink,chainlink,2,0x95dbb3c7546f22bce375900abfdd64a4e5bd73d6,chainlink,stress,,,,77
study_eurc,2026_04,eurc_usdc_500_month_24961026_24968225_w26,exports/study_eurc/2026_04_eurc_usdc/eurc_usdc_500_month_24961026_24968225_w26,eurc_usdc,500,24961026,24968225,26,observed_pool,0.0,,,354.2643932504041,67.4281246889492,0.0,,0.0,100.0,1.0,0.08163265306122448,,chainlink,hook_counterfactual,1.0,auction_beats_hook,0.0,,,,fixed_fee|linear_fee|log_fee|hook_fee,0.0,0,85,0.0,0.9489795918367347,chainlink,chainlink,3,0x95dbb3c7546f22bce375900abfdd64a4e5bd73d6,chainlink,stress,,,,98
study_eurc,2026_04,eurc_usdc_500_month_24989826_24996367_w30,exports/study_eurc/2026_04_eurc_usdc/eurc_usdc_500_month_24989826_24996367_w30,eurc_usdc,500,24989826,24996367,30,observed_pool,0.08943089430894309,0.9,0.1,998.8376184373693,1146.8546875565094,146.069887285625,0.0027083929456012262,0.0,100.0,1.0,0.13821138211382114,0.9,chainlink,hook_counterfactual,1.0,auction_beats_hook,0.16260162601626016,,,,linear_fee|log_fee|hook_fee|fixed_fee,0.0,0,144,0.0,0.7235772357723578,chainlink,chainlink,3,0x95dbb3c7546f22bce375900abfdd64a4e5bd73d6,chainlink,stress,,,,246
study_eurc,2026_05,eurc_usdc_500_month_24996367_25003566_w01,exports/study_eurc/2026_05_eurc_usdc/eurc_usdc_500_month_24996367_25003566_w01,eurc_usdc,500,24996367,25003566,1,observed_pool,0.14207650273224043,0.9591836734693877,0.04081632653061224,368.4546605516708,972.3596714282776,236.30537327603474,0.13335069933123242,0.0,100.0,1.0,0.0,0.9591836734693877,chainlink,hook_counterfactual,1.0,auction_beats_hook,0.2677595628415301,,,,linear_fee|log_fee|hook_fee|fixed_fee,0.0,0,145,0.0,0.7923497267759563,chainlink,chainlink,6,0x95dbb3c7546f22bce375900abfdd64a4e5bd73d6,chainlink,stress,,,,183
study_eurc,2026_05,eurc_usdc_500_month_25003567_25010766_w02,exports/study_eurc/2026_05_eurc_usdc/eurc_usdc_500_month_25003567_25010766_w02,eurc_usdc,500,25003567,25010766,2,observed_pool,0.3333333333333333,1.0,0.0,124.976078238524,49.0033679089326,1.8893636523440165,,0.0,100.0,1.0,0.027777777777777776,1.0,chainlink,hook_counterfactual,1.0,auction_beats_hook,0.041666666666666664,,,,fixed_fee|linear_fee|log_fee|hook_fee,0.0,0,62,0.0,0.8888888888888888,chainlink,chainlink,3,0x95dbb3c7546f22bce375900abfdd64a4e5bd73d6,chainlink,stress,,,,72
study_eurc,2026_05,eurc_usdc_500_month_25197967_25205166_w29,exports/study_eurc/2026_05_eurc_usdc/eurc_usdc_500_month_25197967_25205166_w29,eurc_usdc,500,25197967,25205166,29,observed_pool,0.1951219512195122,0.7692307692307693,0.23076923076923078,469.2732416248496,848.4213748322361,173.83526497354404,0.00301710520224834,0.0,100.0,1.0,0.1073170731707317,0.7692307692307693,chainlink,hook_counterfactual,1.0,auction_beats_hook,0.12682926829268293,,,,linear_fee|log_fee|hook_fee|fixed_fee,0.0,0,120,0.0,0.6926829268292682,chainlink,chainlink,4,0x95dbb3c7546f22bce375900abfdd64a4e5bd73d6,chainlink,stress,,,,205
study_eurc,2026_05,eurc_usdc_500_month_25212367_25218797_w31,exports/study_eurc/2026_05_eurc_usdc/eurc_usdc_500_month_25212367_25218797_w31,eurc_usdc,500,25212367,25218797,31,observed_pool,0.06818181818181818,,,156.51348120710543,40.7935153539581,-2.842170943040401e-14,,0.0,100.0,1.0,0.06818181818181818,,chainlink,hook_counterfactual,1.0,auction_beats_hook,0.0,,,,fixed_fee|linear_fee|log_fee|hook_fee,0.0,0,80,0.0,0.9772727272727273,chainlink,chainlink,3,0x95dbb3c7546f22bce375900abfdd64a4e5bd73d6,chainlink,stress,,,,88
study_eurc,2026_06,eurc_usdc_500_month_25218797_25225996_w01,exports/study_eurc/2026_06_eurc_usdc/eurc_usdc_500_month_25218797_25225996_w01,eurc_usdc,500,25218797,25225996,1,observed_pool,0.13414634146341464,1.0,0.0,706.0504547235543,346.9564693344468,78.1522506928153,,0.0,100.0,1.0,0.0,1.0,chainlink,hook_counterfactual,1.0,auction_beats_hook,0.0975609756097561,,,,linear_fee|log_fee|hook_fee|fixed_fee,0.0,0,134,0.0,0.8170731707317073,chainlink,chainlink,4,0x95dbb3c7546f22bce375900abfdd64a4e5bd73d6,chainlink,stress,,,,164
study_eurc,2026_06,eurc_usdc_500_month_25254797_25261996_w06,exports/study_eurc/2026_06_eurc_usdc/eurc_usdc_500_month_25254797_25261996_w06,eurc_usdc,500,25254797,25261996,6,observed_pool,0.11627906976744186,0.8387096774193549,0.16129032258064516,195.1177994237557,246.0339818371097,64.98401752171205,0.0028342972036815906,0.0,100.0,1.0,0.3023255813953488,0.8387096774193549,chainlink,hook_counterfactual,1.0,auction_beats_hook,0.24031007751937986,,,,linear_fee|log_fee|fixed_fee|hook_fee,0.0,0,68,0.0,0.8294573643410853,chainlink,chainlink,3,0x95dbb3c7546f22bce375900abfdd64a4e5bd73d6,chainlink,stress,,,,129
study_eurc,2026_06,eurc_usdc_500_month_25413197_25420396_w28,exports/study_eurc/2026_06_eurc_usdc/eurc_usdc_500_month_25413197_25420396_w28,eurc_usdc,500,25413197,25420396,28,observed_pool,0.0625,1.0,0.0,101.80818996688753,23.166955570181855,2.633787463602829,,0.0,100.0,1.0,0.0375,1.0,chainlink,hook_counterfactual,1.0,auction_beats_hook,0.025,,,,fixed_fee|linear_fee|log_fee|hook_fee,0.0,0,66,0.0,0.8625,chainlink,chainlink,3,0x95dbb3c7546f22bce375900abfdd64a4e5bd73d6,chainlink,stress,,,,80
study_eurc,2026_06,eurc_usdc_500_month_25427597_25433938_w30,exports/study_eurc/2026_06_eurc_usdc/eurc_usdc_500_month_25427597_25433938_w30,eurc_usdc,500,25427597,25433938,30,observed_pool,0.20304568527918782,1.0,0.0,594.5476370920723,545.7054179371461,103.70925374034238,,0.0,100.0,1.0,0.14213197969543148,1.0,chainlink,hook_counterfactual,1.0,auction_beats_hook,0.08121827411167512,,,,linear_fee|log_fee|hook_fee|fixed_fee,0.0,0,121,0.0,0.7563451776649747,chainlink,chainlink,3,0x95dbb3c7546f22bce375900abfdd64a4e5bd73d6,chainlink,stress,,,,197
study_eurc,,eurc_usdc_500_month_24136052_24143251_w01,exports/study_eurc/age25h/2026_01_eurc_usdc/eurc_usdc_500_month_24136052_24143251_w01,eurc_usdc,500,24136052,24143251,1,observed_pool,0.05982905982905983,0.0,1.0,316.9912799635477,137.8847788912472,0.28136016957751053,0.007969128617074994,0.0,100.0,1.0,0.0,0.0,chainlink,hook_counterfactual,1.0,auction_beats_hook,0.008547008547008548,,,,linear_fee|log_fee|hook_fee|fixed_fee,0.0,0,0,0.0,0.0,chainlink,chainlink,4,0x95dbb3c7546f22bce375900abfdd64a4e5bd73d6,chainlink,stress,,,,117
study_eurc,,eurc_usdc_500_month_24150452_24157651_w03,exports/study_eurc/age25h/2026_01_eurc_usdc/eurc_usdc_500_month_24150452_24157651_w03,eurc_usdc,500,24150452,24157651,3,observed_pool,0.0,0.0,1.0,716.1467826439565,413.39225265706455,27.19826813970144,0.07372282796794137,0.0,100.0,1.0,0.20725388601036268,0.0,chainlink,hook_counterfactual,1.0,auction_beats_hook,0.05699481865284974,,,,linear_fee|log_fee|hook_fee|fixed_fee,0.0,0,0,0.0,0.20725388601036268,chainlink,chainlink,3,0x95dbb3c7546f22bce375900abfdd64a4e5bd73d6,chainlink,stress,,,,193
study_eurc,,eurc_usdc_500_month_24344852_24352051_w30,exports/study_eurc/age25h/2026_01_eurc_usdc/eurc_usdc_500_month_24344852_24352051_w30,eurc_usdc,500,24344852,24352051,30,observed_pool,0.27408412483039346,0.0,1.0,3932.1318431556556,2653.0022692211514,356.37908518764107,0.0880330436814006,0.0,100.0,1.0,0.1587516960651289,0.0,chainlink,hook_counterfactual,1.0,auction_beats_hook,0.11668928086838534,,,,linear_fee|log_fee|hook_fee|fixed_fee,0.0,0,0,0.0,0.1587516960651289,chainlink,chainlink,4,0x95dbb3c7546f22bce375900abfdd64a4e5bd73d6,chainlink,stress,,,,737
study_eurc,,eurc_usdc_500_month_24352052_24358292_w31,exports/study_eurc/age25h/2026_01_eurc_usdc/eurc_usdc_500_month_24352052_24358292_w31,eurc_usdc,500,24352052,24358292,31,observed_pool,0.3095723014256619,0.0,1.0,3090.3946297313573,1515.6411804977065,177.61780954788765,0.0684933023089597,0.0,100.0,1.0,0.06720977596741344,0.0,chainlink,hook_counterfactual,1.0,auction_beats_hook,0.09979633401221996,,,,linear_fee|log_fee|fixed_fee|hook_fee,0.0,0,0,0.0,0.06720977596741344,chainlink,chainlink,4,0x95dbb3c7546f22bce375900abfdd64a4e5bd73d6,chainlink,stress,,,,491
study_eurc,,eurc_usdc_500_month_24358292_24365491_w01,exports/study_eurc/age25h/2026_02_eurc_usdc/eurc_usdc_500_month_24358292_24365491_w01,eurc_usdc,500,24358292,24365491,1,observed_pool,0.31910112359550563,0.0,1.0,839.6808095490086,1191.2224293682239,174.18588434741093,0.1211078706076946,0.0,100.0,1.0,0.0,0.0,chainlink,hook_counterfactual,1.0,auction_beats_hook,0.13707865168539327,,,,log_fee|linear_fee|hook_fee|fixed_fee,0.0,0,0,0.0,0.0,chainlink,chainlink,4,0x95dbb3c7546f22bce375900abfdd64a4e5bd73d6,chainlink,stress,,,,445
study_eurc,,eurc_usdc_500_month_24365492_24372691_w02,exports/study_eurc/age25h/2026_02_eurc_usdc/eurc_usdc_500_month_24365492_24372691_w02,eurc_usdc,500,24365492,24372691,2,observed_pool,0.12267080745341614,0.0,1.0,2016.6956891868683,3579.4000655072145,659.7646673510922,0.16619025177306845,0.0,100.0,1.0,0.3027950310559006,0.0,chainlink,hook_counterfactual,1.0,auction_beats_hook,0.1956521739130435,,,,linear_fee|log_fee|hook_fee|fixed_fee,0.0,0,0,0.0,0.3027950310559006,chainlink,chainlink,3,0x95dbb3c7546f22bce375900abfdd64a4e5bd73d6,chainlink,stress,,,,644
study_eurc,,eurc_usdc_500_month_24545492_24552691_w27,exports/study_eurc/age25h/2026_02_eurc_usdc/eurc_usdc_500_month_24545492_24552691_w27,eurc_usdc,500,24545492,24552691,27,observed_pool,0.0,0.0,1.0,1715.7769526734216,1755.5928403010164,381.90520407928557,1.4005855340384958,0.0,100.0,1.0,0.12037037037037036,0.0,chainlink,hook_counterfactual,1.0,auction_beats_hook,0.05246913580246913,,,,linear_fee|log_fee|hook_fee|fixed_fee,0.0,0,0,0.0,0.12037037037037036,chainlink,chainlink,3,0x95dbb3c7546f22bce375900abfdd64a4e5bd73d6,chainlink,stress,,,,324
study_eurc,,eurc_usdc_500_month_24552692_24558867_w28,exports/study_eurc/age25h/2026_02_eurc_usdc/eurc_usdc_500_month_24552692_24558867_w28,eurc_usdc,500,24552692,24558867,28,observed_pool,0.0,,,572.8012333705675,73.98294169764534,-4.547473508864641e-13,,0.0,100.0,1.0,0.2757009345794392,,chainlink,hook_counterfactual,1.0,auction_beats_hook,0.0,,,,linear_fee|log_fee|hook_fee|fixed_fee,0.0,0,0,0.0,0.2757009345794392,chainlink,chainlink,1,0x95dbb3c7546f22bce375900abfdd64a4e5bd73d6,chainlink,stress,,,,214
study_eurc,,eurc_usdc_500_month_24558867_24566066_w01,exports/study_eurc/age25h/2026_03_eurc_usdc/eurc_usdc_500_month_24558867_24566066_w01,eurc_usdc,500,24558867,24566066,1,observed_pool,0.3356009070294785,0.0,1.0,2456.027750143597,825.1698023386014,101.65145000037046,0.11874636118560478,0.0,100.0,1.0,0.0,0.0,chainlink,hook_counterfactual,1.0,auction_beats_hook,0.04308390022675737,,,,linear_fee|log_fee|hook_fee|fixed_fee,0.0,0,0,0.0,0.0,chainlink,chainlink,5,0x95dbb3c7546f22bce375900abfdd64a4e5bd73d6,chainlink,stress,,,,441
study_eurc,,eurc_usdc_500_month_24566067_24573266_w02,exports/study_eurc/age25h/2026_03_eurc_usdc/eurc_usdc_500_month_24566067_24573266_w02,eurc_usdc,500,24566067,24573266,2,observed_pool,0.2123076923076923,0.0,1.0,2583.4655800448195,1088.186608286553,173.92095686006542,0.09194964848891296,0.0,100.0,1.0,0.18769230769230769,0.0,chainlink,hook_counterfactual,1.0,auction_beats_hook,0.06307692307692307,,,,linear_fee|log_fee|hook_fee|fixed_fee,0.0,0,0,0.0,0.18769230769230769,chainlink,chainlink,4,0x95dbb3c7546f22bce375900abfdd64a4e5bd73d6,chainlink,stress,,,,650
study_eurc,,eurc_usdc_500_month_24760467_24767666_w29,exports/study_eurc/age25h/2026_03_eurc_usdc/eurc_usdc_500_month_24760467_24767666_w29,eurc_usdc,500,24760467,24767666,29,observed_pool,0.0,,,188.33516329649032,23.235775602653604,2.842170943040401e-14,,0.0,100.0,1.0,0.18439716312056736,,chainlink,hook_counterfactual,1.0,auction_beats_hook,0.0,,,,linear_fee|log_fee|hook_fee|fixed_fee,0.0,0,0,0.0,0.18439716312056736,chainlink,chainlink,1,0x95dbb3c7546f22bce375900abfdd64a4e5bd73d6,chainlink,stress,,,,141
study_eurc,,eurc_usdc_500_month_24774867_24781026_w31,exports/study_eurc/age25h/2026_03_eurc_usdc/eurc_usdc_500_month_24774867_24781026_w31,eurc_usdc,500,24774867,24781026,31,observed_pool,0.4439140811455847,0.0,1.0,883.0116391846755,1379.8934747580802,252.62784518772946,0.04016130350358324,0.0,100.0,1.0,0.06921241050119331,0.0,chainlink,hook_counterfactual,1.0,auction_beats_hook,0.20047732696897375,,,,log_fee|linear_fee|hook_fee|fixed_fee,0.0,0,0,0.0,0.06921241050119331,chainlink,chainlink,5,0x95dbb3c7546f22bce375900abfdd64a4e5bd73d6,chainlink,stress,,,,419
study_eurc,,eurc_usdc_500_month_24781026_24788225_w01,exports/study_eurc/age25h/2026_04_eurc_usdc/eurc_usdc_500_month_24781026_24788225_w01,eurc_usdc,500,24781026,24788225,1,observed_pool,0.12222222222222222,0.0,1.0,1040.6848574913365,935.9538010765648,101.31738189882503,0.012790377981619062,0.0,100.0,1.0,0.0,0.0,chainlink,hook_counterfactual,1.0,auction_beats_hook,0.10833333333333334,,,,linear_fee|log_fee|hook_fee|fixed_fee,0.0,0,0,0.0,0.0,chainlink,chainlink,4,0x95dbb3c7546f22bce375900abfdd64a4e5bd73d6,chainlink,stress,,,,360
study_eurc,,eurc_usdc_500_month_24802626_24809825_w04,exports/study_eurc/age25h/2026_04_eurc_usdc/eurc_usdc_500_month_24802626_24809825_w04,eurc_usdc,500,24802626,24809825,4,observed_pool,0.0,,,109.5137917638429,14.14625388122866,2.842170943040401e-14,,0.0,100.0,1.0,0.2077922077922078,,chainlink,hook_counterfactual,1.0,auction_beats_hook,0.0,,,,linear_fee|log_fee|hook_fee|fixed_fee,0.0,0,0,0.0,0.2077922077922078,chainlink,chainlink,2,0x95dbb3c7546f22bce375900abfdd64a4e5bd73d6,chainlink,stress,,,,77
study_eurc,,eurc_usdc_500_month_24961026_24968225_w26,exports/study_eurc/age25h/2026_04_eurc_usdc/eurc_usdc_500_month_24961026_24968225_w26,eurc_usdc,500,24961026,24968225,26,observed_pool,0.0,,,354.2643932504041,67.4281246889492,0.0,,0.0,100.0,1.0,0.08163265306122448,,chainlink,hook_counterfactual,1.0,auction_beats_hook,0.0,,,,linear_fee|log_fee|hook_fee|fixed_fee,0.0,0,0,0.0,0.08163265306122448,chainlink,chainlink,3,0x95dbb3c7546f22bce375900abfdd64a4e5bd73d6,chainlink,stress,,,,98
study_eurc,,eurc_usdc_500_month_24989826_24996367_w30,exports/study_eurc/age25h/2026_04_eurc_usdc/eurc_usdc_500_month_24989826_24996367_w30,eurc_usdc,500,24989826,24996367,30,observed_pool,0.08943089430894309,0.0,1.0,988.9960890813888,1137.013158200529,136.22835792964452,0.02130907319407239,0.0,100.0,1.0,0.13821138211382114,0.0,chainlink,hook_counterfactual,1.0,auction_beats_hook,0.16260162601626016,,,,linear_fee|log_fee|hook_fee|fixed_fee,0.0,0,0,0.0,0.13821138211382114,chainlink,chainlink,3,0x95dbb3c7546f22bce375900abfdd64a4e5bd73d6,chainlink,stress,,,,246
study_eurc,,eurc_usdc_500_month_24996367_25003566_w01,exports/study_eurc/age25h/2026_05_eurc_usdc/eurc_usdc_500_month_24996367_25003566_w01,eurc_usdc,500,24996367,25003566,1,observed_pool,0.14207650273224043,0.0,1.0,354.0543140630879,957.9593249396946,221.9050267874518,0.05953158953561984,0.0,100.0,1.0,0.0,0.0,chainlink,hook_counterfactual,1.0,auction_beats_hook,0.2677595628415301,,,,linear_fee|log_fee|hook_fee|fixed_fee,0.0,0,0,0.0,0.0,chainlink,chainlink,6,0x95dbb3c7546f22bce375900abfdd64a4e5bd73d6,chainlink,stress,,,,183
study_eurc,,eurc_usdc_500_month_25003567_25010766_w02,exports/study_eurc/age25h/2026_05_eurc_usdc/eurc_usdc_500_month_25003567_25010766_w02,eurc_usdc,500,25003567,25010766,2,observed_pool,0.3333333333333333,0.0,1.0,124.21510450206253,48.24239417247114,1.1283899158825506,0.0036579121538211634,0.0,100.0,1.0,0.027777777777777776,0.0,chainlink,hook_counterfactual,1.0,auction_beats_hook,0.041666666666666664,,,,linear_fee|log_fee|hook_fee|fixed_fee,0.0,0,0,0.0,0.027777777777777776,chainlink,chainlink,3,0x95dbb3c7546f22bce375900abfdd64a4e5bd73d6,chainlink,stress,,,,72
study_eurc,,eurc_usdc_500_month_25197967_25205166_w29,exports/study_eurc/age25h/2026_05_eurc_usdc/eurc_usdc_500_month_25197967_25205166_w29,eurc_usdc,500,25197967,25205166,29,observed_pool,0.1951219512195122,0.0,1.0,463.19089746825523,842.3390306756417,167.75292081694965,0.04232487645414765,0.0,100.0,1.0,0.1073170731707317,0.0,chainlink,hook_counterfactual,1.0,auction_beats_hook,0.12682926829268293,,,,linear_fee|log_fee|hook_fee|fixed_fee,0.0,0,0,0.0,0.1073170731707317,chainlink,chainlink,4,0x95dbb3c7546f22bce375900abfdd64a4e5bd73d6,chainlink,stress,,,,205
study_eurc,,eurc_usdc_500_month_25212367_25218797_w31,exports/study_eurc/age25h/2026_05_eurc_usdc/eurc_usdc_500_month_25212367_25218797_w31,eurc_usdc,500,25212367,25218797,31,observed_pool,0.06818181818181818,,,156.51348120710543,40.7935153539581,-2.842170943040401e-14,,0.0,100.0,1.0,0.06818181818181818,,chainlink,hook_counterfactual,1.0,auction_beats_hook,0.0,,,,linear_fee|log_fee|hook_fee|fixed_fee,0.0,0,0,0.0,0.06818181818181818,chainlink,chainlink,3,0x95dbb3c7546f22bce375900abfdd64a4e5bd73d6,chainlink,stress,,,,88
study_eurc,,eurc_usdc_500_month_25218797_25225996_w01,exports/study_eurc/age25h/2026_06_eurc_usdc/eurc_usdc_500_month_25218797_25225996_w01,eurc_usdc,500,25218797,25225996,1,observed_pool,0.13414634146341464,0.0,1.0,700.8856539728447,341.79166858373725,72.98744994210574,0.07280004691935091,0.0,100.0,1.0,0.0,0.0,chainlink,hook_counterfactual,1.0,auction_beats_hook,0.0975609756097561,,,,linear_fee|log_fee|hook_fee|fixed_fee,0.0,0,0,0.0,0.0,chainlink,chainlink,4,0x95dbb3c7546f22bce375900abfdd64a4e5bd73d6,chainlink,stress,,,,164
study_eurc,,eurc_usdc_500_month_25254797_25261996_w06,exports/study_eurc/age25h/2026_06_eurc_usdc/eurc_usdc_500_month_25254797_25261996_w06,eurc_usdc,500,25254797,25261996,6,observed_pool,0.11627906976744186,0.0,1.0,188.5193214776209,239.4355038909749,58.38553957557724,0.0036338526501035464,0.0,100.0,1.0,0.3023255813953488,0.0,chainlink,hook_counterfactual,1.0,auction_beats_hook,0.24031007751937986,,,,linear_fee|log_fee|hook_fee|fixed_fee,0.0,0,0,0.0,0.3023255813953488,chainlink,chainlink,3,0x95dbb3c7546f22bce375900abfdd64a4e5bd73d6,chainlink,stress,,,,129
study_eurc,,eurc_usdc_500_month_25413197_25420396_w28,exports/study_eurc/age25h/2026_06_eurc_usdc/eurc_usdc_500_month_25413197_25420396_w28,eurc_usdc,500,25413197,25420396,28,observed_pool,0.0625,0.0,1.0,101.30360284503149,22.66236844832582,2.1292003417467953,0.0022935609280179126,0.0,100.0,1.0,0.0375,0.0,chainlink,hook_counterfactual,1.0,auction_beats_hook,0.025,,,,linear_fee|log_fee|hook_fee|fixed_fee,0.0,0,0,0.0,0.0375,chainlink,chainlink,3,0x95dbb3c7546f22bce375900abfdd64a4e5bd73d6,chainlink,stress,,,,80
study_eurc,,eurc_usdc_500_month_25427597_25433938_w30,exports/study_eurc/age25h/2026_06_eurc_usdc/eurc_usdc_500_month_25427597_25433938_w30,eurc_usdc,500,25427597,25433938,30,observed_pool,0.20304568527918782,0.0,1.0,589.8224867846707,540.9802676297445,98.9841034329408,0.04532189421259781,0.0,100.0,1.0,0.14213197969543148,0.0,chainlink,hook_counterfactual,1.0,auction_beats_hook,0.08121827411167512,,,,linear_fee|log_fee|hook_fee|fixed_fee,0.0,0,0,0.0,0.14213197969543148,chainlink,chainlink,3,0x95dbb3c7546f22bce375900abfdd64a4e5bd73d6,chainlink,stress,,,,197
study_eurc,,eurc_usdc_500_month_24136052_24143251_w01,exports/study_eurc/fixed/2026_01_eurc_usdc/eurc_usdc_500_month_24136052_24143251_w01,eurc_usdc,500,24136052,24143251,1,observed_pool,0.03418803418803419,0.0,1.0,432.6400344446033,114.45826433840239,2.245979517445562,0.09111891035191254,0.0,100.0,1.0,0.0,0.0,chainlink,hook_counterfactual,1.0,auction_beats_hook,0.03418803418803419,,,,linear_fee|log_fee|hook_fee|fixed_fee,0.0,0,0,0.0,0.0,chainlink,chainlink,4,0x95dbb3c7546f22bce375900abfdd64a4e5bd73d6,chainlink,stress,,,,117
study_eurc,,eurc_usdc_500_month_24150452_24157651_w03,exports/study_eurc/fixed/2026_01_eurc_usdc/eurc_usdc_500_month_24150452_24157651_w03,eurc_usdc,500,24150452,24157651,3,observed_pool,0.0,0.0,1.0,678.2180474669109,912.7714485352208,158.33119714142117,0.11156245667901174,0.0,100.0,1.0,0.20725388601036268,0.0,chainlink,hook_counterfactual,1.0,auction_beats_hook,0.11398963730569948,,,,linear_fee|log_fee|hook_fee|fixed_fee,0.0,0,0,0.0,0.20725388601036268,chainlink,chainlink,3,0x95dbb3c7546f22bce375900abfdd64a4e5bd73d6,chainlink,stress,,,,193
study_eurc,,eurc_usdc_500_month_24344852_24352051_w30,exports/study_eurc/fixed/2026_01_eurc_usdc/eurc_usdc_500_month_24344852_24352051_w30,eurc_usdc,500,24344852,24352051,30,observed_pool,0.20759837177747625,0.0,1.0,4209.596668729167,4415.649075522868,646.0109362690291,0.13022594672218837,0.0,100.0,1.0,0.1587516960651289,0.0,chainlink,hook_counterfactual,1.0,auction_beats_hook,0.15061058344640435,,,,linear_fee|log_fee|hook_fee|fixed_fee,0.0,0,0,0.0,0.1587516960651289,chainlink,chainlink,4,0x95dbb3c7546f22bce375900abfdd64a4e5bd73d6,chainlink,stress,,,,737
study_eurc,,eurc_usdc_500_month_24352052_24358292_w31,exports/study_eurc/fixed/2026_01_eurc_usdc/eurc_usdc_500_month_24352052_24358292_w31,eurc_usdc,500,24352052,24358292,31,observed_pool,0.319755600814664,0.0,1.0,3423.6895234675258,2958.207331628875,327.303941705773,0.14427107853744112,0.0,100.0,1.0,0.06720977596741344,0.0,chainlink,hook_counterfactual,1.0,auction_beats_hook,0.1120162932790224,,,,linear_fee|log_fee|hook_fee|fixed_fee,0.0,0,0,0.0,0.06720977596741344,chainlink,chainlink,4,0x95dbb3c7546f22bce375900abfdd64a4e5bd73d6,chainlink,stress,,,,491
study_eurc,,eurc_usdc_500_month_24358292_24365491_w01,exports/study_eurc/fixed/2026_02_eurc_usdc/eurc_usdc_500_month_24358292_24365491_w01,eurc_usdc,500,24358292,24365491,1,observed_pool,0.3550561797752809,0.0,1.0,1147.6552710444066,1264.143930724199,216.25459301996443,0.22490067081843848,0.0,100.0,1.0,0.0,0.0,chainlink,hook_counterfactual,1.0,auction_beats_hook,0.10786516853932585,,,,linear_fee|log_fee|hook_fee|fixed_fee,0.0,0,0,0.0,0.0,chainlink,chainlink,4,0x95dbb3c7546f22bce375900abfdd64a4e5bd73d6,chainlink,stress,,,,445
study_eurc,,eurc_usdc_500_month_24365492_24372691_w02,exports/study_eurc/fixed/2026_02_eurc_usdc/eurc_usdc_500_month_24365492_24372691_w02,eurc_usdc,500,24365492,24372691,2,observed_pool,0.12888198757763975,0.0,1.0,2185.078372602466,5607.389083726019,1464.5309940507223,0.3252755780467272,0.0,100.0,1.0,0.3027950310559006,0.0,chainlink,hook_counterfactual,1.0,auction_beats_hook,0.17857142857142858,,,,linear_fee|log_fee|hook_fee|fixed_fee,0.0,0,0,0.0,0.3027950310559006,chainlink,chainlink,3,0x95dbb3c7546f22bce375900abfdd64a4e5bd73d6,chainlink,stress,,,,644
study_eurc,,eurc_usdc_500_month_24545492_24552691_w27,exports/study_eurc/fixed/2026_02_eurc_usdc/eurc_usdc_500_month_24545492_24552691_w27,eurc_usdc,500,24545492,24552691,27,observed_pool,0.0,0.0,1.0,1840.2495767096875,1384.2578555410703,69.66423583613687,1.164881885268534,0.0,100.0,1.0,0.12037037037037036,0.0,chainlink,hook_counterfactual,1.0,auction_beats_hook,0.040123456790123455,,,,linear_fee|log_fee|hook_fee|fixed_fee,0.0,0,0,0.0,0.12037037037037036,chainlink,chainlink,3,0x95dbb3c7546f22bce375900abfdd64a4e5bd73d6,chainlink,stress,,,,324
study_eurc,,eurc_usdc_500_month_24552692_24558867_w28,exports/study_eurc/fixed/2026_02_eurc_usdc/eurc_usdc_500_month_24552692_24558867_w28,eurc_usdc,500,24552692,24558867,28,observed_pool,0.0,,,727.6256903636446,159.65953931485126,2.2737367544323206e-13,,0.0,100.0,1.0,0.2757009345794392,,chainlink,hook_counterfactual,1.0,auction_beats_hook,0.0,,,,linear_fee|log_fee|hook_fee|fixed_fee,0.0,0,0,0.0,0.2757009345794392,chainlink,chainlink,1,0x95dbb3c7546f22bce375900abfdd64a4e5bd73d6,chainlink,stress,,,,214
study_eurc,,eurc_usdc_500_month_24558867_24566066_w01,exports/study_eurc/fixed/2026_03_eurc_usdc/eurc_usdc_500_month_24558867_24566066_w01,eurc_usdc,500,24558867,24566066,1,observed_pool,0.3242630385487528,0.0,1.0,2278.181448432035,994.1388347123755,17.66434373844504,0.11527822322903004,0.0,100.0,1.0,0.0,0.0,chainlink,hook_counterfactual,1.0,auction_beats_hook,0.031746031746031744,,,,linear_fee|log_fee|hook_fee|fixed_fee,0.0,0,0,0.0,0.0,chainlink,chainlink,5,0x95dbb3c7546f22bce375900abfdd64a4e5bd73d6,chainlink,stress,,,,441
study_eurc,,eurc_usdc_500_month_24566067_24573266_w02,exports/study_eurc/fixed/2026_03_eurc_usdc/eurc_usdc_500_month_24566067_24573266_w02,eurc_usdc,500,24566067,24573266,2,observed_pool,0.14307692307692307,0.0,1.0,2461.1695041603757,1923.4075521065056,265.19927801478843,0.22704323756493458,0.0,100.0,1.0,0.18769230769230769,0.0,chainlink,hook_counterfactual,1.0,auction_beats_hook,0.08923076923076922,,,,linear_fee|log_fee|hook_fee|fixed_fee,0.0,0,0,0.0,0.18769230769230769,chainlink,chainlink,4,0x95dbb3c7546f22bce375900abfdd64a4e5bd73d6,chainlink,stress,,,,650
study_eurc,,eurc_usdc_500_month_24760467_24767666_w29,exports/study_eurc/fixed/2026_03_eurc_usdc/eurc_usdc_500_month_24760467_24767666_w29,eurc_usdc,500,24760467,24767666,29,observed_pool,0.0,,,201.96573449340454,31.95957229260756,0.0,,0.0,100.0,1.0,0.18439716312056736,,chainlink,hook_counterfactual,1.0,auction_beats_hook,0.0,,,,linear_fee|log_fee|hook_fee|fixed_fee,0.0,0,0,0.0,0.18439716312056736,chainlink,chainlink,1,0x95dbb3c7546f22bce375900abfdd64a4e5bd73d6,chainlink,stress,,,,141
study_eurc,,eurc_usdc_500_month_24774867_24781026_w31,exports/study_eurc/fixed/2026_03_eurc_usdc/eurc_usdc_500_month_24774867_24781026_w31,eurc_usdc,500,24774867,24781026,31,observed_pool,0.4009546539379475,0.0,1.0,1237.0086211616883,758.5912672838583,113.65106255331034,0.051083792392684124,0.0,100.0,1.0,0.06921241050119331,0.0,chainlink,hook_counterfactual,1.0,auction_beats_hook,0.1718377088305489,,,,linear_fee|log_fee|hook_fee|fixed_fee,0.0,0,0,0.0,0.06921241050119331,chainlink,chainlink,5,0x95dbb3c7546f22bce375900abfdd64a4e5bd73d6,chainlink,stress,,,,419
study_eurc,,eurc_usdc_500_month_24781026_24788225_w01,exports/study_eurc/fixed/2026_04_eurc_usdc/eurc_usdc_500_month_24781026_24788225_w01,eurc_usdc,500,24781026,24788225,1,observed_pool,0.10277777777777777,0.0,1.0,1209.371399084622,1060.7796838078605,151.35971756985964,0.02390566308361971,0.0,100.0,1.0,0.0,0.0,chainlink,hook_counterfactual,1.0,auction_beats_hook,0.17777777777777778,,,,linear_fee|log_fee|hook_fee|fixed_fee,0.0,0,0,0.0,0.0,chainlink,chainlink,4,0x95dbb3c7546f22bce375900abfdd64a4e5bd73d6,chainlink,stress,,,,360
study_eurc,,eurc_usdc_500_month_24802626_24809825_w04,exports/study_eurc/fixed/2026_04_eurc_usdc/eurc_usdc_500_month_24802626_24809825_w04,eurc_usdc,500,24802626,24809825,4,observed_pool,0.0,,,123.12328029369172,25.30096280574884,0.0,,0.0,100.0,1.0,0.2077922077922078,,chainlink,hook_counterfactual,1.0,auction_beats_hook,0.0,,,,linear_fee|log_fee|hook_fee|fixed_fee,0.0,0,0,0.0,0.2077922077922078,chainlink,chainlink,2,0x95dbb3c7546f22bce375900abfdd64a4e5bd73d6,chainlink,stress,,,,77
study_eurc,,eurc_usdc_500_month_24961026_24968225_w26,exports/study_eurc/fixed/2026_04_eurc_usdc/eurc_usdc_500_month_24961026_24968225_w26,eurc_usdc,500,24961026,24968225,26,observed_pool,0.061224489795918366,0.0,1.0,373.5974444686626,123.9396574160389,1.9398874111791429,0.003915615061909139,0.0,100.0,1.0,0.08163265306122448,0.0,chainlink,hook_counterfactual,1.0,auction_beats_hook,0.05102040816326531,,,,linear_fee|log_fee|hook_fee|fixed_fee,0.0,0,0,0.0,0.08163265306122448,chainlink,chainlink,3,0x95dbb3c7546f22bce375900abfdd64a4e5bd73d6,chainlink,stress,,,,98
study_eurc,,eurc_usdc_500_month_24989826_24996367_w30,exports/study_eurc/fixed/2026_04_eurc_usdc/eurc_usdc_500_month_24989826_24996367_w30,eurc_usdc,500,24989826,24996367,30,observed_pool,0.0975609756097561,0.0,1.0,1260.8920025942946,914.1097141657038,119.15057613868112,0.07634659747063714,0.0,100.0,1.0,0.13821138211382114,0.0,chainlink,hook_counterfactual,1.0,auction_beats_hook,0.16666666666666666,,,,linear_fee|log_fee|hook_fee|fixed_fee,0.0,0,0,0.0,0.13821138211382114,chainlink,chainlink,3,0x95dbb3c7546f22bce375900abfdd64a4e5bd73d6,chainlink,stress,,,,246
study_eurc,,eurc_usdc_500_month_24996367_25003566_w01,exports/study_eurc/fixed/2026_05_eurc_usdc/eurc_usdc_500_month_24996367_25003566_w01,eurc_usdc,500,24996367,25003566,1,observed_pool,0.3333333333333333,0.0,1.0,779.555519002079,397.6315801030434,96.22884046766956,0.14785528829241723,0.0,100.0,1.0,0.0,0.0,chainlink,hook_counterfactual,1.0,auction_beats_hook,0.14207650273224043,,,,linear_fee|log_fee|hook_fee|fixed_fee,0.0,0,0,0.0,0.0,chainlink,chainlink,6,0x95dbb3c7546f22bce375900abfdd64a4e5bd73d6,chainlink,stress,,,,183
study_eurc,,eurc_usdc_500_month_25003567_25010766_w02,exports/study_eurc/fixed/2026_05_eurc_usdc/eurc_usdc_500_month_25003567_25010766_w02,eurc_usdc,500,25003567,25010766,2,observed_pool,0.20833333333333334,0.0,1.0,91.42036154542882,118.28656602087918,4.79752911982294,0.0034194224748786417,0.0,100.0,1.0,0.027777777777777776,0.0,chainlink,hook_counterfactual,1.0,auction_beats_hook,0.1527777777777778,,,,linear_fee|log_fee|hook_fee|fixed_fee,0.0,0,0,0.0,0.027777777777777776,chainlink,chainlink,3,0x95dbb3c7546f22bce375900abfdd64a4e5bd73d6,chainlink,stress,,,,72
study_eurc,,eurc_usdc_500_month_25197967_25205166_w29,exports/study_eurc/fixed/2026_05_eurc_usdc/eurc_usdc_500_month_25197967_25205166_w29,eurc_usdc,500,25197967,25205166,29,observed_pool,0.18536585365853658,0.0,1.0,754.2528200801896,680.8325540279109,200.40207391090655,0.2938378136995437,0.0,100.0,1.0,0.1073170731707317,0.0,chainlink,hook_counterfactual,1.0,auction_beats_hook,0.0975609756097561,,,,linear_fee|log_fee|hook_fee|fixed_fee,0.0,0,0,0.0,0.1073170731707317,chainlink,chainlink,4,0x95dbb3c7546f22bce375900abfdd64a4e5bd73d6,chainlink,stress,,,,205
study_eurc,,eurc_usdc_500_month_25212367_25218797_w31,exports/study_eurc/fixed/2026_05_eurc_usdc/eurc_usdc_500_month_25212367_25218797_w31,eurc_usdc,500,25212367,25218797,31,observed_pool,0.10227272727272728,,,190.80535547565455,60.69936646135517,2.842170943040401e-14,,0.0,100.0,1.0,0.06818181818181818,,chainlink,hook_counterfactual,1.0,auction_beats_hook,0.0,,,,linear_fee|log_fee|hook_fee|fixed_fee,0.0,0,0,0.0,0.06818181818181818,chainlink,chainlink,3,0x95dbb3c7546f22bce375900abfdd64a4e5bd73d6,chainlink,stress,,,,88
study_eurc,,eurc_usdc_500_month_25218797_25225996_w01,exports/study_eurc/fixed/2026_06_eurc_usdc/eurc_usdc_500_month_25218797_25225996_w01,eurc_usdc,500,25218797,25225996,1,observed_pool,0.16463414634146342,,,802.9768091585768,214.53379348767464,4.547473508864641e-13,,0.0,100.0,1.0,0.0,,chainlink,hook_counterfactual,1.0,auction_beats_hook,0.0,,,,log_fee|linear_fee|hook_fee|fixed_fee,0.0,0,0,0.0,0.0,chainlink,chainlink,4,0x95dbb3c7546f22bce375900abfdd64a4e5bd73d6,chainlink,stress,,,,164
study_eurc,,eurc_usdc_500_month_25254797_25261996_w06,exports/study_eurc/fixed/2026_06_eurc_usdc/eurc_usdc_500_month_25254797_25261996_w06,eurc_usdc,500,25254797,25261996,6,observed_pool,0.2713178294573643,0.0,1.0,162.06440023237562,400.70379650298014,92.60039595439306,0.004385789393240734,0.0,100.0,1.0,0.3023255813953488,0.0,chainlink,hook_counterfactual,1.0,auction_beats_hook,0.17829457364341086,,,,linear_fee|log_fee|hook_fee|fixed_fee,0.0,0,0,0.0,0.3023255813953488,chainlink,chainlink,3,0x95dbb3c7546f22bce375900abfdd64a4e5bd73d6,chainlink,stress,,,,129
study_eurc,,eurc_usdc_500_month_25413197_25420396_w28,exports/study_eurc/fixed/2026_06_eurc_usdc/eurc_usdc_500_month_25413197_25420396_w28,eurc_usdc,500,25413197,25420396,28,observed_pool,0.0875,0.0,1.0,73.03687227757803,83.14711328460429,8.325223244476518,0.0018633645334215677,0.0,100.0,1.0,0.0375,0.0,chainlink,hook_counterfactual,1.0,auction_beats_hook,0.15,,,,linear_fee|log_fee|hook_fee|fixed_fee,0.0,0,0,0.0,0.0375,chainlink,chainlink,3,0x95dbb3c7546f22bce375900abfdd64a4e5bd73d6,chainlink,stress,,,,80
study_eurc,,eurc_usdc_500_month_25427597_25433938_w30,exports/study_eurc/fixed/2026_06_eurc_usdc/eurc_usdc_500_month_25427597_25433938_w30,eurc_usdc,500,25427597,25433938,30,observed_pool,0.18274111675126903,0.0,1.0,680.3238133771405,350.93839649531833,15.244257814757134,0.04982362992969742,0.0,100.0,1.0,0.14213197969543148,0.0,chainlink,hook_counterfactual,1.0,auction_beats_hook,0.03553299492385787,,,,linear_fee|log_fee|hook_fee|fixed_fee,0.0,0,0,0.0,0.14213197969543148,chainlink,chainlink,3,0x95dbb3c7546f22bce375900abfdd64a4e5bd73d6,chainlink,stress,,,,197
study_recent,2026_01,weth_usdc_3000_month_24136052_24143251_w01,exports/study_recent/2026_01_weth_usdc/weth_usdc_3000_month_24136052_24143251_w01,weth_usdc,3000,24136052,24143251,1,observed_pool,0.2876712328767123,0.09090909090909091,0.9090909090909091,490285.714726782,1927.4921260831761,5.8212491811136715,0.002208760816278432,0.0,100.0,1.0,0.0,0.09090909090909091,chainlink,hook_counterfactual,1.0,auction_beats_hook,0.03767123287671233,,,,linear_fee|log_fee|hook_fee|fixed_fee,0.0,58,1,0.9666666666666667,0.20205479452054795,chainlink,chainlink,28,0x8ad599c3a0ff1de082011efddc58f1908eb6e6d8,chainlink,stress,,,,292
study_recent,2026_01,weth_usdc_3000_month_24208052_24215251_w11,exports/study_recent/2026_01_weth_usdc/weth_usdc_3000_month_24208052_24215251_w11,weth_usdc,3000,24208052,24215251,11,observed_pool,0.3044397463002114,0.0,1.0,3325652.7314653355,7179.470592373051,19.68478139070794,0.08289036646487631,0.0,100.0,1.0,0.09090909090909091,0.0,chainlink,hook_counterfactual,1.0,auction_beats_hook,0.02536997885835095,,,,linear_fee|log_fee|hook_fee|fixed_fee,0.0,80,0,0.9523809523809523,0.26004228329809725,chainlink,chainlink,26,0x8ad599c3a0ff1de082011efddc58f1908eb6e6d8,chainlink,stress,,,,473
study_recent,2026_01,weth_usdc_3000_month_24280052_24287251_w21,exports/study_recent/2026_01_weth_usdc/weth_usdc_3000_month_24280052_24287251_w21,weth_usdc,3000,24280052,24287251,21,observed_pool,0.3461077844311377,0.03225806451612903,0.967741935483871,5504285.630764795,26381.55851519853,61.09424315113574,0.09826345748486144,0.0,100.0,1.0,0.13293413173652693,0.03225806451612903,chainlink,hook_counterfactual,1.0,auction_beats_hook,0.037125748502994015,,,,linear_fee|log_fee|hook_fee|fixed_fee,0.0,233,0,0.8629629629629629,0.4119760479041916,chainlink,chainlink,56,0x8ad599c3a0ff1de082011efddc58f1908eb6e6d8,chainlink,stress,,,,835
study_recent,2026_01,weth_usdc_3000_month_24352052_24358292_w31,exports/study_recent/2026_01_weth_usdc/weth_usdc_3000_month_24352052_24358292_w31,weth_usdc,3000,24352052,24358292,31,observed_pool,0.32890070921985815,0.0,1.0,20121667.003846943,12128.36021348834,22.666565019637346,0.11264888657173032,0.0,100.0,1.0,0.01773049645390071,0.0,chainlink,hook_counterfactual,1.0,auction_beats_hook,0.0070921985815602835,,,,linear_fee|log_fee|hook_fee|fixed_fee,0.0,442,0,0.9587852494577006,0.4095744680851064,chainlink,chainlink,96,0x8ad599c3a0ff1de082011efddc58f1908eb6e6d8,chainlink,stress,,,,1128
study_recent,2026_02,weth_usdc_3000_month_24358292_24365491_w01,exports/study_recent/2026_02_weth_usdc/weth_usdc_3000_month_24358292_24365491_w01,weth_usdc,3000,24358292,24365491,1,observed_pool,0.2785947712418301,0.0,1.0,6829486.4402165115,21785.26377454307,341.6384723111987,0.043192475698178676,0.0,100.0,1.0,0.0,0.0,chainlink,hook_counterfactual,1.0,auction_beats_hook,0.04493464052287582,,,,hook_fee|linear_fee|log_fee|fixed_fee,0.0,586,0,1.0,0.47875816993464054,chainlink,chainlink,124,0x8ad599c3a0ff1de082011efddc58f1908eb6e6d8,chainlink,stress,,,,1224
study_recent,2026_02,weth_usdc_3000_month_24423092_24430291_w10,exports/study_recent/2026_02_weth_usdc/weth_usdc_3000_month_24423092_24430291_w10,weth_usdc,3000,24423092,24430291,10,observed_pool,0.25158227848101267,0.0,1.0,551882.301213593,2490.6901337839663,12.1012349674711,0.0014817663522506304,0.0,100.0,1.0,0.314873417721519,0.0,chainlink,hook_counterfactual,1.0,auction_beats_hook,0.02531645569620253,,,,hook_fee|linear_fee|log_fee|fixed_fee,0.0,128,3,1.0,0.5221518987341772,chainlink,chainlink,42,0x8ad599c3a0ff1de082011efddc58f1908eb6e6d8,chainlink,stress,,,,632
study_recent,2026_02,weth_usdc_3000_month_24487892_24495091_w19,exports/study_recent/2026_02_weth_usdc/weth_usdc_3000_month_24487892_24495091_w19,weth_usdc,3000,24487892,24495091,19,observed_pool,0.2576271186440678,0.0,1.0,669531.7519892679,2039.8552715426777,55.82838296960108,0.0026090751293057087,0.0,100.0,1.0,0.14745762711864407,0.0,chainlink,hook_counterfactual,1.0,auction_beats_hook,0.04915254237288136,,,,linear_fee|log_fee|hook_fee|fixed_fee,0.0,222,0,0.9779735682819384,0.523728813559322,chainlink,chainlink,40,0x8ad599c3a0ff1de082011efddc58f1908eb6e6d8,chainlink,stress,,,,590
study_recent,2026_02,weth_usdc_3000_month_24552692_24558867_w28,exports/study_recent/2026_02_weth_usdc/weth_usdc_3000_month_24552692_24558867_w28,weth_usdc,3000,24552692,24558867,28,observed_pool,0.301521438450899,0.0,1.0,1307019.661351102,8722.998448736966,31.64721558871679,0.03965978877267589,0.0,100.0,1.0,0.1825726141078838,0.0,chainlink,hook_counterfactual,1.0,auction_beats_hook,0.040110650069156296,,,,hook_fee|linear_fee|log_fee|fixed_fee,0.0,179,0,1.0,0.43015214384508993,chainlink,chainlink,48,0x8ad599c3a0ff1de082011efddc58f1908eb6e6d8,chainlink,stress,,,,723
study_recent,2026_03,weth_usdc_3000_month_24558867_24566066_w01,exports/study_recent/2026_03_weth_usdc/weth_usdc_3000_month_24558867_24566066_w01,weth_usdc,3000,24558867,24566066,1,observed_pool,0.3818424566088118,0.0,1.0,1538229.4659724701,19954.60899989889,174.74013190250844,0.5310933400483283,0.0,100.0,1.0,0.0,0.0,chainlink,hook_counterfactual,1.0,auction_beats_hook,0.021361815754339118,,,,linear_fee|log_fee|hook_fee|fixed_fee,0.0,325,0,0.9672619047619048,0.43391188251001334,chainlink,chainlink,69,0x8ad599c3a0ff1de082011efddc58f1908eb6e6d8,chainlink,stress,,,,749
study_recent,2026_03,weth_usdc_3000_month_24630867_24638066_w11,exports/study_recent/2026_03_weth_usdc/weth_usdc_3000_month_24630867_24638066_w11,weth_usdc,3000,24630867,24638066,11,observed_pool,0.29411764705882354,0.0,1.0,1187604.9508781245,3537.46409327304,14.39346318691969,0.0022800499666994767,0.0,100.0,1.0,0.17873303167420815,0.0,chainlink,hook_counterfactual,1.0,auction_beats_hook,0.04072398190045249,,,,linear_fee|log_fee|hook_fee|fixed_fee,0.0,123,0,0.9461538461538461,0.45701357466063347,chainlink,chainlink,42,0x8ad599c3a0ff1de082011efddc58f1908eb6e6d8,chainlink,stress,,,,442
study_recent,2026_03,weth_usdc_3000_month_24702867_24710066_w21,exports/study_recent/2026_03_weth_usdc/weth_usdc_3000_month_24702867_24710066_w21,weth_usdc,3000,24702867,24710066,21,observed_pool,0.27391304347826084,,,263855.61092809576,702.6674084556871,2.3283064365386963e-10,,0.0,100.0,1.0,0.10434782608695652,,chainlink,hook_counterfactual,1.0,auction_beats_hook,0.0,,,,hook_fee|linear_fee|log_fee|fixed_fee,0.0,76,0,1.0,0.43478260869565216,chainlink,chainlink,32,0x8ad599c3a0ff1de082011efddc58f1908eb6e6d8,chainlink,stress,,,,230
study_recent,2026_03,weth_usdc_3000_month_24774867_24781026_w31,exports/study_recent/2026_03_weth_usdc/weth_usdc_3000_month_24774867_24781026_w31,weth_usdc,3000,24774867,24781026,31,observed_pool,0.337890625,0.0,1.0,1378169.3577772453,4246.18929522438,9.336798569886014,0.001140134314733518,0.0,100.0,1.0,0.0859375,0.0,chainlink,hook_counterfactual,1.0,auction_beats_hook,0.0234375,,,,linear_fee|log_fee|hook_fee|fixed_fee,0.0,162,0,0.9642857142857143,0.40234375,chainlink,chainlink,39,0x8ad599c3a0ff1de082011efddc58f1908eb6e6d8,chainlink,stress,,,,512
study_recent,2026_04,weth_usdc_3000_month_24781026_24788225_w01,exports/study_recent/2026_04_weth_usdc/weth_usdc_3000_month_24781026_24788225_w01,weth_usdc,3000,24781026,24788225,1,observed_pool,0.34,0.0,1.0,1900923.4739381839,2803.9389411348384,73.52803969406523,0.0033861875377126003,0.0,100.0,1.0,0.0,0.0,chainlink,hook_counterfactual,1.0,auction_beats_hook,0.06,,,,log_fee|linear_fee|hook_fee|fixed_fee,0.0,240,4,0.9876543209876543,0.44363636363636366,chainlink,chainlink,38,0x8ad599c3a0ff1de082011efddc58f1908eb6e6d8,chainlink,stress,,,,550
study_recent,2026_04,weth_usdc_3000_month_24853026_24860225_w11,exports/study_recent/2026_04_weth_usdc/weth_usdc_3000_month_24853026_24860225_w11,weth_usdc,3000,24853026,24860225,11,observed_pool,0.29577464788732394,0.0,1.0,709849.5279579597,4589.269926776877,61.25560309982393,0.5031896901019632,0.0,100.0,1.0,0.30633802816901406,0.0,chainlink,hook_counterfactual,1.0,auction_beats_hook,0.0035211267605633804,,,,linear_fee|log_fee|hook_fee|fixed_fee,0.0,82,0,0.9534883720930233,0.5950704225352113,chainlink,chainlink,26,0x8ad599c3a0ff1de082011efddc58f1908eb6e6d8,chainlink,stress,,,,284
study_recent,2026_04,weth_usdc_3000_month_24917826_24925025_w20,exports/study_recent/2026_04_weth_usdc/weth_usdc_3000_month_24917826_24925025_w20,weth_usdc,3000,24917826,24925025,20,observed_pool,0.18491921005385997,0.0,1.0,1829552.0543775004,2107.332682703389,45.60048072459176,0.0022138879074778406,0.0,100.0,1.0,0.24236983842010773,0.0,chainlink,hook_counterfactual,1.0,auction_beats_hook,0.03411131059245961,,,,linear_fee|log_fee|hook_fee|fixed_fee,0.0,168,0,0.9940828402366864,0.5439856373429084,chainlink,chainlink,32,0x8ad599c3a0ff1de082011efddc58f1908eb6e6d8,chainlink,stress,,,,557
study_recent,2026_04,weth_usdc_3000_month_24989826_24996367_w30,exports/study_recent/2026_04_weth_usdc/weth_usdc_3000_month_24989826_24996367_w30,weth_usdc,3000,24989826,24996367,30,observed_pool,0.19080459770114944,0.0,1.0,610178.6548349791,3522.5888008195907,49.083290300215594,0.0029403258987115567,0.0,100.0,1.0,0.3839080459770115,0.0,chainlink,hook_counterfactual,1.0,auction_beats_hook,0.052873563218390804,,,,hook_fee|linear_fee|log_fee|fixed_fee,0.0,65,0,1.0,0.5333333333333333,chainlink,chainlink,25,0x8ad599c3a0ff1de082011efddc58f1908eb6e6d8,chainlink,stress,,,,435
study_recent,2026_05,weth_usdc_3000_month_24996367_25003566_w01,exports/study_recent/2026_05_weth_usdc/weth_usdc_3000_month_24996367_25003566_w01,weth_usdc,3000,24996367,25003566,1,observed_pool,0.2893772893772894,0.0,1.0,893357.8259911755,5271.836800313555,34.969676587497815,0.0520273059935193,0.0,100.0,1.0,0.0,0.0,chainlink,hook_counterfactual,1.0,auction_beats_hook,0.06593406593406594,,,,linear_fee|log_fee|hook_fee|fixed_fee,0.0,84,1,0.9767441860465116,0.31135531135531136,chainlink,chainlink,33,0x8ad599c3a0ff1de082011efddc58f1908eb6e6d8,chainlink,stress,,,,273
study_recent,2026_05,weth_usdc_3000_month_25068367_25075566_w11,exports/study_recent/2026_05_weth_usdc/weth_usdc_3000_month_25068367_25075566_w11,weth_usdc,3000,25068367,25075566,11,observed_pool,0.20476190476190476,0.0,1.0,492062.11426586244,1906.1524143420393,23.062974011991173,0.001692064149525166,0.0,100.0,1.0,0.44761904761904764,0.0,chainlink,hook_counterfactual,1.0,auction_beats_hook,0.04523809523809524,,,,linear_fee|log_fee|hook_fee|fixed_fee,0.0,59,0,0.7375,0.5880952380952381,chainlink,chainlink,23,0x8ad599c3a0ff1de082011efddc58f1908eb6e6d8,chainlink,stress,,,,420
study_recent,2026_05,weth_usdc_3000_month_25140367_25147566_w21,exports/study_recent/2026_05_weth_usdc/weth_usdc_3000_month_25140367_25147566_w21,weth_usdc,3000,25140367,25147566,21,observed_pool,0.36187845303867405,0.0,1.0,636589.3551564991,721.8768742801622,9.815878564491868,0.0017447050642176887,0.0,100.0,1.0,0.1878453038674033,0.0,chainlink,hook_counterfactual,1.0,auction_beats_hook,0.027624309392265192,,,,linear_fee|log_fee|hook_fee|fixed_fee,0.0,99,1,0.9339622641509434,0.46408839779005523,chainlink,chainlink,26,0x8ad599c3a0ff1de082011efddc58f1908eb6e6d8,chainlink,stress,,,,362
study_recent,2026_05,weth_usdc_3000_month_25212367_25218797_w31,exports/study_recent/2026_05_weth_usdc/weth_usdc_3000_month_25212367_25218797_w31,weth_usdc,3000,25212367,25218797,31,observed_pool,0.3619047619047619,0.0,1.0,93151.14484333755,221.16980292387598,16.644374161376618,0.00150566972948423,0.0,100.0,1.0,0.11904761904761904,0.0,chainlink,hook_counterfactual,1.0,auction_beats_hook,0.06666666666666667,,,,linear_fee|log_fee|hook_fee|fixed_fee,0.0,18,0,0.29508196721311475,0.20476190476190476,chainlink,chainlink,22,0x8ad599c3a0ff1de082011efddc58f1908eb6e6d8,chainlink,stress,,,,210
study_recent,2026_06,weth_usdc_3000_month_25218797_25225996_w01,exports/study_recent/2026_06_weth_usdc/weth_usdc_3000_month_25218797_25225996_w01,weth_usdc,3000,25218797,25225996,1,observed_pool,0.38441558441558443,0.0,1.0,779851.2258244607,1322.780577156227,8.69495101540815,0.0005300687151174321,0.0,100.0,1.0,0.0,0.0,chainlink,hook_counterfactual,1.0,auction_beats_hook,0.03636363636363636,,,,hook_fee|linear_fee|log_fee|fixed_fee,0.0,165,0,1.0,0.42857142857142855,chainlink,chainlink,37,0x8ad599c3a0ff1de082011efddc58f1908eb6e6d8,chainlink,stress,,,,385
study_recent,2026_06,weth_usdc_3000_month_25225997_25233196_w02,exports/study_recent/2026_06_weth_usdc/weth_usdc_3000_month_25225997_25233196_w02,weth_usdc,3000,25225997,25233196,2,observed_pool,0.31929347826086957,0.0,1.0,838514.334470403,1496.170015723328,9.295144733972847,0.001211815714790676,0.0,100.0,1.0,0.25,0.0,chainlink,hook_counterfactual,1.0,auction_beats_hook,0.010869565217391304,,,,linear_fee|log_fee|hook_fee|fixed_fee,0.0,200,1,0.8368200836820083,0.5230978260869565,chainlink,chainlink,50,0x8ad599c3a0ff1de082011efddc58f1908eb6e6d8,chainlink,stress,,,,736
study_recent,2026_06,weth_usdc_3000_month_25233197_25240396_w03,exports/study_recent/2026_06_weth_usdc/weth_usdc_3000_month_25233197_25240396_w03,weth_usdc,3000,25233197,25240396,3,observed_pool,0.2542113323124043,0.0,1.0,587426.8872467164,785.9733846503077,8.008963276748545,0.000787480610174765,0.0,100.0,1.0,0.38591117917304746,0.0,chainlink,hook_counterfactual,1.0,auction_beats_hook,0.006125574272588055,,,,linear_fee|log_fee|hook_fee|fixed_fee,0.0,207,0,0.9539170506912442,0.7029096477794793,chainlink,chainlink,43,0x8ad599c3a0ff1de082011efddc58f1908eb6e6d8,chainlink,stress,,,,653
study_recent,2026_06,weth_usdc_3000_month_25240397_25247596_w04,exports/study_recent/2026_06_weth_usdc/weth_usdc_3000_month_25240397_25247596_w04,weth_usdc,3000,25240397,25247596,4,observed_pool,0.2569124423963134,0.0,1.0,590717.8826674831,1612.868276652065,9.808234220836312,0.00124600872270801,0.0,100.0,1.0,0.3064516129032258,0.0,chainlink,hook_counterfactual,1.0,auction_beats_hook,0.012672811059907835,,,,linear_fee|log_fee|hook_fee|fixed_fee,0.0,280,3,0.9688581314878892,0.6324884792626728,chainlink,chainlink,46,0x8ad599c3a0ff1de082011efddc58f1908eb6e6d8,chainlink,stress,,,,868
study_recent,2026_06,weth_usdc_3000_month_25290797_25297996_w11,exports/study_recent/2026_06_weth_usdc/weth_usdc_3000_month_25290797_25297996_w11,weth_usdc,3000,25290797,25297996,11,observed_pool,0.22291993720565148,0.0,1.0,539900.3538620598,4602.312953377375,104.13686189742293,0.0023698835717452117,0.0,100.0,1.0,0.25274725274725274,0.0,chainlink,hook_counterfactual,1.0,auction_beats_hook,0.10047095761381476,,,,linear_fee|log_fee|hook_fee|fixed_fee,0.0,149,1,0.9802631578947368,0.48822605965463106,chainlink,chainlink,38,0x8ad599c3a0ff1de082011efddc58f1908eb6e6d8,chainlink,stress,,,,637
study_recent,2026_06,weth_usdc_3000_month_25355597_25362796_w20,exports/study_recent/2026_06_weth_usdc/weth_usdc_3000_month_25355597_25362796_w20,weth_usdc,3000,25355597,25362796,20,observed_pool,0.2808798646362098,0.05172413793103448,0.9482758620689655,128719.50905203719,4383.693135437003,45.25950188265415,0.06125248858812316,0.0,100.0,1.0,0.11844331641285956,0.05172413793103448,chainlink,hook_counterfactual,1.0,auction_beats_hook,0.09813874788494077,,,,linear_fee|log_fee|hook_fee|fixed_fee,0.0,77,2,0.6814159292035398,0.2521150592216582,chainlink,chainlink,25,0x8ad599c3a0ff1de082011efddc58f1908eb6e6d8,chainlink,stress,,,,591
study_recent,2026_06,weth_usdc_3000_month_25427597_25433938_w30,exports/study_recent/2026_06_weth_usdc/weth_usdc_3000_month_25427597_25433938_w30,weth_usdc,3000,25427597,25433938,30,observed_pool,0.23429541595925296,0.0,1.0,334095.9423528553,1715.2056545379455,14.357251649606042,0.0012658696343818936,0.0,100.0,1.0,0.1969439728353141,0.0,chainlink,hook_counterfactual,1.0,auction_beats_hook,0.027164685908319185,,,,hook_fee|linear_fee|log_fee|fixed_fee,0.0,190,0,1.0,0.5195246179966044,chainlink,chainlink,28,0x8ad599c3a0ff1de082011efddc58f1908eb6e6d8,chainlink,stress,,,,589
study_recent,,weth_usdc_3000_month_24136052_24143251_w01,exports/study_recent/fixed/2026_01_weth_usdc/weth_usdc_3000_month_24136052_24143251_w01,weth_usdc,3000,24136052,24143251,1,observed_pool,0.21575342465753425,,,0.079503735674926,0.07973789933905452,4.163336342344337e-17,,0.0,100.0,1.0,0.0,,chainlink,hook_counterfactual,1.0,auction_beats_hook,0.0,,,,linear_fee|log_fee|hook_fee|fixed_fee,0.0,0,0,0.0,0.0,chainlink,chainlink,28,0x8ad599c3a0ff1de082011efddc58f1908eb6e6d8,chainlink,stress,,,,292
study_recent,,weth_usdc_3000_month_24208052_24215251_w11,exports/study_recent/fixed/2026_01_weth_usdc/weth_usdc_3000_month_24208052_24215251_w11,weth_usdc,3000,24208052,24215251,11,observed_pool,0.23044397463002114,,,0.44209910523494417,0.7410051005429101,-1.1102230246251565e-16,,0.0,100.0,1.0,0.09090909090909091,,chainlink,hook_counterfactual,1.0,auction_beats_hook,0.0,,,,linear_fee|log_fee|hook_fee|fixed_fee,0.0,0,0,0.0,0.09090909090909091,chainlink,chainlink,26,0x8ad599c3a0ff1de082011efddc58f1908eb6e6d8,chainlink,stress,,,,473
study_recent,,weth_usdc_3000_month_24280052_24287251_w21,exports/study_recent/fixed/2026_01_weth_usdc/weth_usdc_3000_month_24280052_24287251_w21,weth_usdc,3000,24280052,24287251,21,observed_pool,0.274251497005988,,,1.3179107192603419,1.6839507011449892,-6.661338147750939e-16,,0.0,100.0,1.0,0.13293413173652693,,chainlink,hook_counterfactual,1.0,auction_beats_hook,0.0,,,,linear_fee|log_fee|hook_fee|fixed_fee,0.0,0,0,0.0,0.13293413173652693,chainlink,chainlink,56,0x8ad599c3a0ff1de082011efddc58f1908eb6e6d8,chainlink,stress,,,,835
study_recent,,weth_usdc_3000_month_24352052_24358292_w31,exports/study_recent/fixed/2026_01_weth_usdc/weth_usdc_3000_month_24352052_24358292_w31,weth_usdc,3000,24352052,24358292,31,observed_pool,0.24822695035460993,0.0,1.0,-22.126521694140752,86.02852369409648,8.621371019556793,0.00044721787591631146,0.0,100.0,1.0,0.01773049645390071,0.0,chainlink,hook_counterfactual,1.0,auction_beats_hook,0.005319148936170213,,,,linear_fee|log_fee|hook_fee|fixed_fee,0.0,0,0,0.0,0.01773049645390071,chainlink,chainlink,96,0x8ad599c3a0ff1de082011efddc58f1908eb6e6d8,chainlink,stress,,,,1128
study_recent,,weth_usdc_3000_month_24358292_24365491_w01,exports/study_recent/fixed/2026_02_weth_usdc/weth_usdc_3000_month_24358292_24365491_w01,weth_usdc,3000,24358292,24365491,1,observed_pool,0.2704248366013072,,,-2.5259161077500125,14.47286584036962,1.3322676295501878e-15,,0.0,100.0,1.0,0.0,,chainlink,hook_counterfactual,1.0,auction_beats_hook,0.0,,,,linear_fee|log_fee|hook_fee|fixed_fee,0.0,0,0,0.0,0.0,chainlink,chainlink,124,0x8ad599c3a0ff1de082011efddc58f1908eb6e6d8,chainlink,stress,,,,1224
study_recent,,weth_usdc_3000_month_24423092_24430291_w10,exports/study_recent/fixed/2026_02_weth_usdc/weth_usdc_3000_month_24423092_24430291_w10,weth_usdc,3000,24423092,24430291,10,observed_pool,0.20727848101265822,,,0.3195281175605802,0.31187109528915985,-3.885780586188048e-16,,0.0,100.0,1.0,0.314873417721519,,chainlink,hook_counterfactual,1.0,auction_beats_hook,0.0,,,,linear_fee|log_fee|hook_fee|fixed_fee,0.0,0,0,0.0,0.314873417721519,chainlink,chainlink,42,0x8ad599c3a0ff1de082011efddc58f1908eb6e6d8,chainlink,stress,,,,632
study_recent,,weth_usdc_3000_month_24487892_24495091_w19,exports/study_recent/fixed/2026_02_weth_usdc/weth_usdc_3000_month_24487892_24495091_w19,weth_usdc,3000,24487892,24495091,19,observed_pool,0.2745762711864407,,,0.3677357442722584,0.4609861549635242,-2.220446049250313e-16,,0.0,100.0,1.0,0.14745762711864407,,chainlink,hook_counterfactual,1.0,auction_beats_hook,0.0,,,,linear_fee|log_fee|hook_fee|fixed_fee,0.0,0,0,0.0,0.14745762711864407,chainlink,chainlink,40,0x8ad599c3a0ff1de082011efddc58f1908eb6e6d8,chainlink,stress,,,,590
study_recent,,weth_usdc_3000_month_24552692_24558867_w28,exports/study_recent/fixed/2026_02_weth_usdc/weth_usdc_3000_month_24552692_24558867_w28,weth_usdc,3000,24552692,24558867,28,observed_pool,0.21991701244813278,,,0.427138336074739,1.4275193521784748,-1.6653345369377348e-16,,0.0,100.0,1.0,0.1825726141078838,,chainlink,hook_counterfactual,1.0,auction_beats_hook,0.0,,,,linear_fee|log_fee|hook_fee|fixed_fee,0.0,0,0,0.0,0.1825726141078838,chainlink,chainlink,48,0x8ad599c3a0ff1de082011efddc58f1908eb6e6d8,chainlink,stress,,,,723
study_recent,,weth_usdc_3000_month_24558867_24566066_w01,exports/study_recent/fixed/2026_03_weth_usdc/weth_usdc_3000_month_24558867_24566066_w01,weth_usdc,3000,24558867,24566066,1,observed_pool,0.29906542056074764,,,0.8115220732630405,1.2655147235707855,9.992007221626409e-16,,0.0,100.0,1.0,0.0,,chainlink,hook_counterfactual,1.0,auction_beats_hook,0.0,,,,linear_fee|log_fee|hook_fee|fixed_fee,0.0,0,0,0.0,0.0,chainlink,chainlink,69,0x8ad599c3a0ff1de082011efddc58f1908eb6e6d8,chainlink,stress,,,,749
study_recent,,weth_usdc_3000_month_24630867_24638066_w11,exports/study_recent/fixed/2026_03_weth_usdc/weth_usdc_3000_month_24630867_24638066_w11,weth_usdc,3000,24630867,24638066,11,observed_pool,0.2239819004524887,,,0.4588149602509662,0.6053197255693221,5.551115123125783e-17,,0.0,100.0,1.0,0.17873303167420815,,chainlink,hook_counterfactual,1.0,auction_beats_hook,0.0,,,,linear_fee|log_fee|hook_fee|fixed_fee,0.0,0,0,0.0,0.17873303167420815,chainlink,chainlink,42,0x8ad599c3a0ff1de082011efddc58f1908eb6e6d8,chainlink,stress,,,,442
study_recent,,weth_usdc_3000_month_24702867_24710066_w21,exports/study_recent/fixed/2026_03_weth_usdc/weth_usdc_3000_month_24702867_24710066_w21,weth_usdc,3000,24702867,24710066,21,observed_pool,0.1608695652173913,,,0.27129386690460355,0.28619708966060053,1.1102230246251565e-16,,0.0,100.0,1.0,0.10434782608695652,,chainlink,hook_counterfactual,1.0,auction_beats_hook,0.0,,,,linear_fee|log_fee|hook_fee|fixed_fee,0.0,0,0,0.0,0.10434782608695652,chainlink,chainlink,32,0x8ad599c3a0ff1de082011efddc58f1908eb6e6d8,chainlink,stress,,,,230
study_recent,,weth_usdc_3000_month_24774867_24781026_w31,exports/study_recent/fixed/2026_03_weth_usdc/weth_usdc_3000_month_24774867_24781026_w31,weth_usdc,3000,24774867,24781026,31,observed_pool,0.259765625,,,0.5541160336548941,0.8047578297782612,1.1102230246251565e-16,,0.0,100.0,1.0,0.0859375,,chainlink,hook_counterfactual,1.0,auction_beats_hook,0.0,,,,linear_fee|log_fee|hook_fee|fixed_fee,0.0,0,0,0.0,0.0859375,chainlink,chainlink,39,0x8ad599c3a0ff1de082011efddc58f1908eb6e6d8,chainlink,stress,,,,512
study_recent,,weth_usdc_3000_month_24781026_24788225_w01,exports/study_recent/fixed/2026_04_weth_usdc/weth_usdc_3000_month_24781026_24788225_w01,weth_usdc,3000,24781026,24788225,1,observed_pool,0.2818181818181818,,,0.31795110413689676,1.4386452314487181,0.0,,0.0,100.0,1.0,0.0,,chainlink,hook_counterfactual,1.0,auction_beats_hook,0.0,,,,linear_fee|log_fee|hook_fee|fixed_fee,0.0,0,0,0.0,0.0,chainlink,chainlink,38,0x8ad599c3a0ff1de082011efddc58f1908eb6e6d8,chainlink,stress,,,,550
study_recent,,weth_usdc_3000_month_24853026_24860225_w11,exports/study_recent/fixed/2026_04_weth_usdc/weth_usdc_3000_month_24853026_24860225_w11,weth_usdc,3000,24853026,24860225,11,observed_pool,0.2147887323943662,,,0.32086235239263383,0.23630936017921556,1.1102230246251565e-16,,0.0,100.0,1.0,0.30633802816901406,,chainlink,hook_counterfactual,1.0,auction_beats_hook,0.0,,,,linear_fee|log_fee|hook_fee|fixed_fee,0.0,0,0,0.0,0.30633802816901406,chainlink,chainlink,26,0x8ad599c3a0ff1de082011efddc58f1908eb6e6d8,chainlink,stress,,,,284
study_recent,,weth_usdc_3000_month_24917826_24925025_w20,exports/study_recent/fixed/2026_04_weth_usdc/weth_usdc_3000_month_24917826_24925025_w20,weth_usdc,3000,24917826,24925025,20,observed_pool,0.18850987432675045,,,0.3588360717470561,0.9127176499404378,-1.6653345369377348e-16,,0.0,100.0,1.0,0.24236983842010773,,chainlink,hook_counterfactual,1.0,auction_beats_hook,0.0,,,,linear_fee|log_fee|hook_fee|fixed_fee,0.0,0,0,0.0,0.24236983842010773,chainlink,chainlink,32,0x8ad599c3a0ff1de082011efddc58f1908eb6e6d8,chainlink,stress,,,,557
study_recent,,weth_usdc_3000_month_24989826_24996367_w30,exports/study_recent/fixed/2026_04_weth_usdc/weth_usdc_3000_month_24989826_24996367_w30,weth_usdc,3000,24989826,24996367,30,observed_pool,0.09885057471264368,,,0.12403511106530518,0.30109863008544047,0.0,,0.0,100.0,1.0,0.3839080459770115,,chainlink,hook_counterfactual,1.0,auction_beats_hook,0.0,,,,linear_fee|log_fee|hook_fee|fixed_fee,0.0,0,0,0.0,0.3839080459770115,chainlink,chainlink,25,0x8ad599c3a0ff1de082011efddc58f1908eb6e6d8,chainlink,stress,,,,435
study_recent,,weth_usdc_3000_month_24996367_25003566_w01,exports/study_recent/fixed/2026_05_weth_usdc/weth_usdc_3000_month_24996367_25003566_w01,weth_usdc,3000,24996367,25003566,1,observed_pool,0.40293040293040294,,,0.22874671567408822,0.3376902074410423,0.0,,0.0,100.0,1.0,0.0,,chainlink,hook_counterfactual,1.0,auction_beats_hook,0.0,,,,linear_fee|log_fee|hook_fee|fixed_fee,0.0,0,0,0.0,0.0,chainlink,chainlink,33,0x8ad599c3a0ff1de082011efddc58f1908eb6e6d8,chainlink,stress,,,,273
study_recent,,weth_usdc_3000_month_25068367_25075566_w11,exports/study_recent/fixed/2026_05_weth_usdc/weth_usdc_3000_month_25068367_25075566_w11,weth_usdc,3000,25068367,25075566,11,observed_pool,0.14523809523809525,,,0.06656168152393273,0.26412404456204486,2.7755575615628914e-17,,0.0,100.0,1.0,0.44761904761904764,,chainlink,hook_counterfactual,1.0,auction_beats_hook,0.0,,,,linear_fee|log_fee|hook_fee|fixed_fee,0.0,0,0,0.0,0.44761904761904764,chainlink,chainlink,23,0x8ad599c3a0ff1de082011efddc58f1908eb6e6d8,chainlink,stress,,,,420
study_recent,,weth_usdc_3000_month_25140367_25147566_w21,exports/study_recent/fixed/2026_05_weth_usdc/weth_usdc_3000_month_25140367_25147566_w21,weth_usdc,3000,25140367,25147566,21,observed_pool,0.24033149171270718,,,0.19290404315997464,0.3934045030436313,-2.7755575615628914e-17,,0.0,100.0,1.0,0.1878453038674033,,chainlink,hook_counterfactual,1.0,auction_beats_hook,0.0,,,,linear_fee|log_fee|hook_fee|fixed_fee,0.0,0,0,0.0,0.1878453038674033,chainlink,chainlink,26,0x8ad599c3a0ff1de082011efddc58f1908eb6e6d8,chainlink,stress,,,,362
study_recent,,weth_usdc_3000_month_25212367_25218797_w31,exports/study_recent/fixed/2026_05_weth_usdc/weth_usdc_3000_month_25212367_25218797_w31,weth_usdc,3000,25212367,25218797,31,observed_pool,0.24285714285714285,,,0.09307829308854144,0.08675647407394253,-1.3877787807814457e-17,,0.0,100.0,1.0,0.11904761904761904,,chainlink,hook_counterfactual,1.0,auction_beats_hook,0.0,,,,linear_fee|log_fee|hook_fee|fixed_fee,0.0,0,0,0.0,0.11904761904761904,chainlink,chainlink,22,0x8ad599c3a0ff1de082011efddc58f1908eb6e6d8,chainlink,stress,,,,210
study_recent,,weth_usdc_3000_month_25218797_25225996_w01,exports/study_recent/fixed/2026_06_weth_usdc/weth_usdc_3000_month_25218797_25225996_w01,weth_usdc,3000,25218797,25225996,1,observed_pool,0.3246753246753247,,,0.20680165073922294,0.5040240476302658,-5.551115123125783e-17,,0.0,100.0,1.0,0.0,,chainlink,hook_counterfactual,1.0,auction_beats_hook,0.0,,,,linear_fee|log_fee|hook_fee|fixed_fee,0.0,0,0,0.0,0.0,chainlink,chainlink,37,0x8ad599c3a0ff1de082011efddc58f1908eb6e6d8,chainlink,stress,,,,385
study_recent,,weth_usdc_3000_month_25290797_25297996_w11,exports/study_recent/fixed/2026_06_weth_usdc/weth_usdc_3000_month_25290797_25297996_w11,weth_usdc,3000,25290797,25297996,11,observed_pool,0.24646781789638933,,,0.47693680020880774,0.7263458543565509,-1.6653345369377348e-16,,0.0,100.0,1.0,0.25274725274725274,,chainlink,hook_counterfactual,1.0,auction_beats_hook,0.0,,,,linear_fee|log_fee|hook_fee|fixed_fee,0.0,0,0,0.0,0.25274725274725274,chainlink,chainlink,38,0x8ad599c3a0ff1de082011efddc58f1908eb6e6d8,chainlink,stress,,,,637
study_recent,,weth_usdc_3000_month_25355597_25362796_w20,exports/study_recent/fixed/2026_06_weth_usdc/weth_usdc_3000_month_25355597_25362796_w20,weth_usdc,3000,25355597,25362796,20,observed_pool,0.36209813874788493,,,0.2597366652587456,0.23817983457534478,5.551115123125783e-17,,0.0,100.0,1.0,0.11844331641285956,,chainlink,hook_counterfactual,1.0,auction_beats_hook,0.0,,,,linear_fee|log_fee|hook_fee|fixed_fee,0.0,0,0,0.0,0.11844331641285956,chainlink,chainlink,25,0x8ad599c3a0ff1de082011efddc58f1908eb6e6d8,chainlink,stress,,,,591
study_recent,,weth_usdc_3000_month_25427597_25433938_w30,exports/study_recent/fixed/2026_06_weth_usdc/weth_usdc_3000_month_25427597_25433938_w30,weth_usdc,3000,25427597,25433938,30,observed_pool,0.2495755517826825,,,0.27323824037911115,0.449023586938491,4.996003610813204e-16,,0.0,100.0,1.0,0.1969439728353141,,chainlink,hook_counterfactual,1.0,auction_beats_hook,0.0,,,,linear_fee|log_fee|hook_fee|fixed_fee,0.0,0,0,0.0,0.1969439728353141,chainlink,chainlink,28,0x8ad599c3a0ff1de082011efddc58f1908eb6e6d8,chainlink,stress,,,,589
study_recent,,weth_usdc_3000_month_24136052_24143251_w01,exports/study_recent/retune/c_current_gas/2026_01/weth_usdc_3000_month_24136052_24143251_w01,weth_usdc,3000,24136052,24143251,1,observed_pool,0.2876712328767123,0.05,0.95,490287.6004168686,1929.3778161697555,7.7069392676930875,0.08591710057796119,0.0,100.0,1.0,0.0,0.05,chainlink,solver_cost,1.0,auction_beats_hook,0.0684931506849315,,,,linear_fee|log_fee|hook_fee|fixed_fee,0.0,58,1,0.9666666666666667,0.20205479452054795,chainlink,chainlink,28,0x8ad599c3a0ff1de082011efddc58f1908eb6e6d8,chainlink,stress,,,,292
study_recent,,weth_usdc_3000_month_24208052_24215251_w11,exports/study_recent/retune/c_current_gas/2026_01/weth_usdc_3000_month_24208052_24215251_w11,weth_usdc,3000,24208052,24215251,11,observed_pool,0.3044397463002114,0.0,1.0,3325652.851881571,7179.591008608695,19.80519762635231,0.2472536242835424,0.0,100.0,1.0,0.09090909090909091,0.0,chainlink,solver_cost,1.0,auction_beats_hook,0.035940803382663845,,,,linear_fee|log_fee|hook_fee|fixed_fee,0.0,80,0,0.9523809523809523,0.26004228329809725,chainlink,chainlink,26,0x8ad599c3a0ff1de082011efddc58f1908eb6e6d8,chainlink,stress,,,,473
study_recent,,weth_usdc_3000_month_24280052_24287251_w21,exports/study_recent/retune/c_current_gas/2026_01/weth_usdc_3000_month_24280052_24287251_w21,weth_usdc,3000,24280052,24287251,21,observed_pool,0.3461077844311377,0.0,1.0,5504289.324905268,26385.25265567191,64.78838362451643,0.1362896572423623,0.0,100.0,1.0,0.13293413173652693,0.0,chainlink,solver_cost,1.0,auction_beats_hook,0.07305389221556886,,,,linear_fee|log_fee|hook_fee|fixed_fee,0.0,233,0,0.8629629629629629,0.4119760479041916,chainlink,chainlink,56,0x8ad599c3a0ff1de082011efddc58f1908eb6e6d8,chainlink,stress,,,,835
study_recent,,weth_usdc_3000_month_24352052_24358292_w31,exports/study_recent/retune/c_current_gas/2026_01/weth_usdc_3000_month_24352052_24358292_w31,weth_usdc,3000,24352052,24358292,31,observed_pool,0.32890070921985815,0.0,1.0,20121667.93977301,12129.29613955319,23.602491084486246,0.07562297473329045,0.0,100.0,1.0,0.01773049645390071,0.0,chainlink,solver_cost,1.0,auction_beats_hook,0.02925531914893617,,,,linear_fee|log_fee|hook_fee|fixed_fee,0.0,442,0,0.9587852494577006,0.4095744680851064,chainlink,chainlink,96,0x8ad599c3a0ff1de082011efddc58f1908eb6e6d8,chainlink,stress,,,,1128
study_recent,,weth_usdc_3000_month_24358292_24365491_w01,exports/study_recent/retune/c_current_gas/2026_02/weth_usdc_3000_month_24358292_24365491_w01,weth_usdc,3000,24358292,24365491,1,observed_pool,0.2785947712418301,0.0,1.0,6829492.9343204945,21791.757878526114,348.13257629424334,0.11737096401303998,0.0,100.0,1.0,0.0,0.0,chainlink,solver_cost,1.0,auction_beats_hook,0.07598039215686274,,,,hook_fee|linear_fee|log_fee|fixed_fee,0.0,586,0,1.0,0.47875816993464054,chainlink,chainlink,124,0x8ad599c3a0ff1de082011efddc58f1908eb6e6d8,chainlink,stress,,,,1224
study_recent,,weth_usdc_3000_month_24423092_24430291_w10,exports/study_recent/retune/c_current_gas/2026_02/weth_usdc_3000_month_24423092_24430291_w10,weth_usdc,3000,24423092,24430291,10,observed_pool,0.25158227848101267,0.02631578947368421,0.9736842105263158,551886.8735131735,2495.2624333645217,16.67353454802651,0.01930502872915893,0.0,100.0,1.0,0.314873417721519,0.02631578947368421,chainlink,solver_cost,1.0,auction_beats_hook,0.060126582278481014,,,,hook_fee|linear_fee|log_fee|fixed_fee,0.0,128,3,1.0,0.5221518987341772,chainlink,chainlink,42,0x8ad599c3a0ff1de082011efddc58f1908eb6e6d8,chainlink,stress,,,,632
study_recent,,weth_usdc_3000_month_24487892_24495091_w19,exports/study_recent/retune/c_current_gas/2026_02/weth_usdc_3000_month_24487892_24495091_w19,weth_usdc,3000,24487892,24495091,19,observed_pool,0.2576271186440678,0.0,1.0,669538.3178013322,2046.4210836070124,62.39419503393583,0.04489999305899717,0.0,100.0,1.0,0.14745762711864407,0.0,chainlink,solver_cost,1.0,auction_beats_hook,0.07966101694915254,,,,linear_fee|log_fee|hook_fee|fixed_fee,0.0,222,0,0.9779735682819384,0.523728813559322,chainlink,chainlink,40,0x8ad599c3a0ff1de082011efddc58f1908eb6e6d8,chainlink,stress,,,,590
study_recent,,weth_usdc_3000_month_24552692_24558867_w28,exports/study_recent/retune/c_current_gas/2026_02/weth_usdc_3000_month_24552692_24558867_w28,weth_usdc,3000,24552692,24558867,28,observed_pool,0.301521438450899,0.0,1.0,1307028.584152736,8731.92125037103,40.570017222780734,0.04568110409879137,0.0,100.0,1.0,0.1825726141078838,0.0,chainlink,solver_cost,1.0,auction_beats_hook,0.12448132780082988,,,,hook_fee|linear_fee|log_fee|fixed_fee,0.0,179,0,1.0,0.43015214384508993,chainlink,chainlink,48,0x8ad599c3a0ff1de082011efddc58f1908eb6e6d8,chainlink,stress,,,,723
study_recent,,weth_usdc_3000_month_24558867_24566066_w01,exports/study_recent/retune/c_current_gas/2026_03/weth_usdc_3000_month_24558867_24566066_w01,weth_usdc,3000,24558867,24566066,1,observed_pool,0.3818424566088118,0.0,1.0,1538231.7116910217,19956.854718450457,176.98585045407526,0.2436415857031626,0.0,100.0,1.0,0.0,0.0,chainlink,solver_cost,1.0,auction_beats_hook,0.06141522029372497,,,,linear_fee|log_fee|hook_fee|fixed_fee,0.0,325,0,0.9672619047619048,0.43391188251001334,chainlink,chainlink,69,0x8ad599c3a0ff1de082011efddc58f1908eb6e6d8,chainlink,stress,,,,749
study_recent,,weth_usdc_3000_month_24630867_24638066_w11,exports/study_recent/retune/c_current_gas/2026_03/weth_usdc_3000_month_24630867_24638066_w11,weth_usdc,3000,24630867,24638066,11,observed_pool,0.29411764705882354,0.0,1.0,1187608.5772083662,3541.0904235148337,18.019793428713456,0.05380527099187825,0.0,100.0,1.0,0.17873303167420815,0.0,chainlink,solver_cost,1.0,auction_beats_hook,0.06334841628959276,,,,linear_fee|log_fee|hook_fee|fixed_fee,0.0,123,0,0.9461538461538461,0.45701357466063347,chainlink,chainlink,42,0x8ad599c3a0ff1de082011efddc58f1908eb6e6d8,chainlink,stress,,,,442
study_recent,,weth_usdc_3000_month_24702867_24710066_w21,exports/study_recent/retune/c_current_gas/2026_03/weth_usdc_3000_month_24702867_24710066_w21,weth_usdc,3000,24702867,24710066,21,observed_pool,0.27391304347826084,0.0,1.0,263855.6146096826,702.6710900425096,0.003681587055325508,0.0032377910134190196,0.0,100.0,1.0,0.10434782608695652,0.0,chainlink,solver_cost,1.0,auction_beats_hook,0.004347826086956522,,,,hook_fee|linear_fee|log_fee|fixed_fee,0.0,76,0,1.0,0.43478260869565216,chainlink,chainlink,32,0x8ad599c3a0ff1de082011efddc58f1908eb6e6d8,chainlink,stress,,,,230
study_recent,,weth_usdc_3000_month_24774867_24781026_w31,exports/study_recent/retune/c_current_gas/2026_03/weth_usdc_3000_month_24774867_24781026_w31,weth_usdc,3000,24774867,24781026,31,observed_pool,0.337890625,0.0,1.0,1378172.6541515123,4249.485669491347,12.633172836853191,0.032585702013308133,0.0,100.0,1.0,0.0859375,0.0,chainlink,solver_cost,1.0,auction_beats_hook,0.044921875,,,,linear_fee|log_fee|hook_fee|fixed_fee,0.0,162,0,0.9642857142857143,0.40234375,chainlink,chainlink,39,0x8ad599c3a0ff1de082011efddc58f1908eb6e6d8,chainlink,stress,,,,512
study_recent,,weth_usdc_3000_month_24781026_24788225_w01,exports/study_recent/retune/c_current_gas/2026_04/weth_usdc_3000_month_24781026_24788225_w01,weth_usdc,3000,24781026,24788225,1,observed_pool,0.34,0.0,1.0,1900929.8584037337,2810.323406684678,79.91250524390489,0.06339014086990107,0.0,100.0,1.0,0.0,0.0,chainlink,solver_cost,1.0,auction_beats_hook,0.07454545454545454,,,,log_fee|linear_fee|hook_fee|fixed_fee,0.0,240,4,0.9876543209876543,0.44363636363636366,chainlink,chainlink,38,0x8ad599c3a0ff1de082011efddc58f1908eb6e6d8,chainlink,stress,,,,550
study_recent,,weth_usdc_3000_month_24853026_24860225_w11,exports/study_recent/retune/c_current_gas/2026_04/weth_usdc_3000_month_24853026_24860225_w11,weth_usdc,3000,24853026,24860225,11,observed_pool,0.29577464788732394,0.0,1.0,709849.81679821,4589.558767027222,61.544443350168876,0.1339537435627208,0.0,100.0,1.0,0.30633802816901406,0.0,chainlink,solver_cost,1.0,auction_beats_hook,0.02464788732394366,,,,linear_fee|log_fee|hook_fee|fixed_fee,0.0,82,0,0.9534883720930233,0.5950704225352113,chainlink,chainlink,26,0x8ad599c3a0ff1de082011efddc58f1908eb6e6d8,chainlink,stress,,,,284
study_recent,,weth_usdc_3000_month_24917826_24925025_w20,exports/study_recent/retune/c_current_gas/2026_04/weth_usdc_3000_month_24917826_24925025_w20,weth_usdc,3000,24917826,24925025,20,observed_pool,0.18491921005385997,0.0,1.0,1829555.6014463804,2110.8797515833285,49.14754960453138,0.04742753890469955,0.0,100.0,1.0,0.24236983842010773,0.0,chainlink,solver_cost,1.0,auction_beats_hook,0.04488330341113106,,,,linear_fee|log_fee|hook_fee|fixed_fee,0.0,168,0,0.9940828402366864,0.5439856373429084,chainlink,chainlink,32,0x8ad599c3a0ff1de082011efddc58f1908eb6e6d8,chainlink,stress,,,,557
study_recent,,weth_usdc_3000_month_24989826_24996367_w30,exports/study_recent/retune/c_current_gas/2026_04/weth_usdc_3000_month_24989826_24996367_w30,weth_usdc,3000,24989826,24996367,30,observed_pool,0.19080459770114944,0.0,1.0,610182.7358976846,3526.6698635250796,53.16435300570447,0.07518970689515708,0.0,100.0,1.0,0.3839080459770115,0.0,chainlink,solver_cost,1.0,auction_beats_hook,0.059770114942528735,,,,hook_fee|linear_fee|log_fee|fixed_fee,0.0,65,0,1.0,0.5333333333333333,chainlink,chainlink,25,0x8ad599c3a0ff1de082011efddc58f1908eb6e6d8,chainlink,stress,,,,435
study_recent,,weth_usdc_3000_month_24996367_25003566_w01,exports/study_recent/retune/c_current_gas/2026_05/weth_usdc_3000_month_24996367_25003566_w01,weth_usdc,3000,24996367,25003566,1,observed_pool,0.2893772893772894,0.0,1.0,893360.0558801595,5274.066689297557,37.19956557149999,0.15436131825832516,0.0,100.0,1.0,0.0,0.0,chainlink,solver_cost,1.0,auction_beats_hook,0.08424908424908426,,,,linear_fee|log_fee|hook_fee|fixed_fee,0.0,84,1,0.9767441860465116,0.31135531135531136,chainlink,chainlink,33,0x8ad599c3a0ff1de082011efddc58f1908eb6e6d8,chainlink,stress,,,,273
study_recent,,weth_usdc_3000_month_25068367_25075566_w11,exports/study_recent/retune/c_current_gas/2026_05/weth_usdc_3000_month_25068367_25075566_w11,weth_usdc,3000,25068367,25075566,11,observed_pool,0.20476190476190476,0.0,1.0,492066.0454707042,1910.0836191838025,26.99417885375442,0.05585920789195108,0.0,100.0,1.0,0.44761904761904764,0.0,chainlink,solver_cost,1.0,auction_beats_hook,0.05238095238095238,,,,linear_fee|log_fee|hook_fee|fixed_fee,0.0,59,0,0.7375,0.5880952380952381,chainlink,chainlink,23,0x8ad599c3a0ff1de082011efddc58f1908eb6e6d8,chainlink,stress,,,,420
study_recent,,weth_usdc_3000_month_25140367_25147566_w21,exports/study_recent/retune/c_current_gas/2026_05/weth_usdc_3000_month_25140367_25147566_w21,weth_usdc,3000,25140367,25147566,21,observed_pool,0.36187845303867405,0.0,1.0,636593.1163980991,725.638115880196,13.577120164525695,0.0397279813100892,0.0,100.0,1.0,0.1878453038674033,0.0,chainlink,solver_cost,1.0,auction_beats_hook,0.09668508287292818,,,,linear_fee|log_fee|hook_fee|fixed_fee,0.0,99,1,0.9339622641509434,0.46408839779005523,chainlink,chainlink,26,0x8ad599c3a0ff1de082011efddc58f1908eb6e6d8,chainlink,stress,,,,362
study_recent,,weth_usdc_3000_month_25212367_25218797_w31,exports/study_recent/retune/c_current_gas/2026_05/weth_usdc_3000_month_25212367_25218797_w31,weth_usdc,3000,25212367,25218797,31,observed_pool,0.3619047619047619,0.0,1.0,93154.59105495387,224.61601454019547,20.090585777696106,0.03250201904410846,0.0,100.0,1.0,0.11904761904761904,0.0,chainlink,solver_cost,1.0,auction_beats_hook,0.12857142857142856,,,,linear_fee|log_fee|hook_fee|fixed_fee,0.0,18,0,0.29508196721311475,0.20476190476190476,chainlink,chainlink,22,0x8ad599c3a0ff1de082011efddc58f1908eb6e6d8,chainlink,stress,,,,210
study_recent,,weth_usdc_3000_month_25218797_25225996_w01,exports/study_recent/retune/c_current_gas/2026_06/weth_usdc_3000_month_25218797_25225996_w01,weth_usdc,3000,25218797,25225996,1,observed_pool,0.38441558441558443,0.0,1.0,779854.6111896738,1326.1659423692618,12.080316228442825,0.04054177119192093,0.0,100.0,1.0,0.0,0.0,chainlink,solver_cost,1.0,auction_beats_hook,0.05194805194805195,,,,hook_fee|linear_fee|log_fee|fixed_fee,0.0,165,0,1.0,0.42857142857142855,chainlink,chainlink,37,0x8ad599c3a0ff1de082011efddc58f1908eb6e6d8,chainlink,stress,,,,385
study_recent,,weth_usdc_3000_month_25290797_25297996_w11,exports/study_recent/retune/c_current_gas/2026_06/weth_usdc_3000_month_25290797_25297996_w11,weth_usdc,3000,25290797,25297996,11,observed_pool,0.22291993720565148,0.0,1.0,539913.7609399667,4615.7200312842615,117.54393980430905,0.052916144125448955,0.0,100.0,1.0,0.25274725274725274,0.0,chainlink,solver_cost,1.0,auction_beats_hook,0.14913657770800628,,,,linear_fee|log_fee|hook_fee|fixed_fee,0.0,149,1,0.9802631578947368,0.48822605965463106,chainlink,chainlink,38,0x8ad599c3a0ff1de082011efddc58f1908eb6e6d8,chainlink,stress,,,,637
study_recent,,weth_usdc_3000_month_25355597_25362796_w20,exports/study_recent/retune/c_current_gas/2026_06/weth_usdc_3000_month_25355597_25362796_w20,weth_usdc,3000,25355597,25362796,20,observed_pool,0.2808798646362098,0.0,1.0,128731.70483712097,4395.8889205207815,57.45528696643305,0.08189184636667217,0.0,100.0,1.0,0.11844331641285956,0.0,chainlink,solver_cost,1.0,auction_beats_hook,0.16412859560067683,,,,linear_fee|log_fee|hook_fee|fixed_fee,0.0,77,2,0.6814159292035398,0.2521150592216582,chainlink,chainlink,25,0x8ad599c3a0ff1de082011efddc58f1908eb6e6d8,chainlink,stress,,,,591
study_recent,,weth_usdc_3000_month_25427597_25433938_w30,exports/study_recent/retune/c_current_gas/2026_06/weth_usdc_3000_month_25427597_25433938_w30,weth_usdc,3000,25427597,25433938,30,observed_pool,0.23429541595925296,0.0,1.0,334099.2207235704,1718.4840252530412,17.635622364701703,0.030300034687537846,0.0,100.0,1.0,0.1969439728353141,0.0,chainlink,solver_cost,1.0,auction_beats_hook,0.03395585738539898,,,,hook_fee|linear_fee|log_fee|fixed_fee,0.0,190,0,1.0,0.5195246179966044,chainlink,chainlink,28,0x8ad599c3a0ff1de082011efddc58f1908eb6e6d8,chainlink,stress,,,,589
study_recent,,weth_usdc_3000_month_24136052_24143251_w01,exports/study_recent/retune/c_current_zerogas/2026_01/weth_usdc_3000_month_24136052_24143251_w01,weth_usdc,3000,24136052,24143251,1,observed_pool,0.2876712328767123,0.05555555555555555,0.9444444444444444,490287.66165988374,1929.4390591849224,7.768182282859925,0.09484197174372286,0.0,100.0,1.0,0.0,0.05555555555555555,chainlink,hook_counterfactual,1.0,auction_beats_hook,0.06164383561643835,,,,linear_fee|log_fee|hook_fee|fixed_fee,0.0,58,1,0.9666666666666667,0.20205479452054795,chainlink,chainlink,28,0x8ad599c3a0ff1de082011efddc58f1908eb6e6d8,chainlink,stress,,,,292
study_recent,,weth_usdc_3000_month_24208052_24215251_w11,exports/study_recent/retune/c_current_zerogas/2026_01/weth_usdc_3000_month_24208052_24215251_w11,weth_usdc,3000,24208052,24215251,11,observed_pool,0.3044397463002114,0.0,1.0,3325652.9882538156,7179.727380853146,19.941569870803505,0.31149132646968675,0.0,100.0,1.0,0.09090909090909091,0.0,chainlink,hook_counterfactual,1.0,auction_beats_hook,0.02536997885835095,,,,linear_fee|log_fee|hook_fee|fixed_fee,0.0,80,0,0.9523809523809523,0.26004228329809725,chainlink,chainlink,26,0x8ad599c3a0ff1de082011efddc58f1908eb6e6d8,chainlink,stress,,,,473
study_recent,,weth_usdc_3000_month_24280052_24287251_w21,exports/study_recent/retune/c_current_zerogas/2026_01/weth_usdc_3000_month_24280052_24287251_w21,weth_usdc,3000,24280052,24287251,21,observed_pool,0.3461077844311377,0.0,1.0,5504289.887401186,26385.815151589923,65.35087954252958,0.1708673128054126,0.0,100.0,1.0,0.13293413173652693,0.0,chainlink,hook_counterfactual,1.0,auction_beats_hook,0.0562874251497006,,,,linear_fee|log_fee|hook_fee|fixed_fee,0.0,233,0,0.8629629629629629,0.4119760479041916,chainlink,chainlink,56,0x8ad599c3a0ff1de082011efddc58f1908eb6e6d8,chainlink,stress,,,,835
study_recent,,weth_usdc_3000_month_24352052_24358292_w31,exports/study_recent/retune/c_current_zerogas/2026_01/weth_usdc_3000_month_24352052_24358292_w31,weth_usdc,3000,24352052,24358292,31,observed_pool,0.32890070921985815,0.0,1.0,20121668.148543913,12129.50491045788,23.811261989176273,0.14008822984264727,0.0,100.0,1.0,0.01773049645390071,0.0,chainlink,hook_counterfactual,1.0,auction_beats_hook,0.015957446808510637,,,,linear_fee|log_fee|hook_fee|fixed_fee,0.0,442,0,0.9587852494577006,0.4095744680851064,chainlink,chainlink,96,0x8ad599c3a0ff1de082011efddc58f1908eb6e6d8,chainlink,stress,,,,1128
study_recent,,weth_usdc_3000_month_24358292_24365491_w01,exports/study_recent/retune/c_current_zerogas/2026_02/weth_usdc_3000_month_24358292_24365491_w01,weth_usdc,3000,24358292,24365491,1,observed_pool,0.2785947712418301,0.0,1.0,6829493.4131315425,21792.236689574085,348.6113873422146,0.15375789159141712,0.0,100.0,1.0,0.0,0.0,chainlink,hook_counterfactual,1.0,auction_beats_hook,0.059640522875817,,,,hook_fee|linear_fee|log_fee|fixed_fee,0.0,586,0,1.0,0.47875816993464054,chainlink,chainlink,124,0x8ad599c3a0ff1de082011efddc58f1908eb6e6d8,chainlink,stress,,,,1224
study_recent,,weth_usdc_3000_month_24423092_24430291_w10,exports/study_recent/retune/c_current_zerogas/2026_02/weth_usdc_3000_month_24423092_24430291_w10,weth_usdc,3000,24423092,24430291,10,observed_pool,0.25158227848101267,0.029411764705882353,0.9705882352941176,551886.9483728523,2495.337293043267,16.74839422677178,0.03522793524929415,0.0,100.0,1.0,0.314873417721519,0.029411764705882353,chainlink,hook_counterfactual,1.0,auction_beats_hook,0.05379746835443038,,,,hook_fee|linear_fee|log_fee|fixed_fee,0.0,128,3,1.0,0.5221518987341772,chainlink,chainlink,42,0x8ad599c3a0ff1de082011efddc58f1908eb6e6d8,chainlink,stress,,,,632
study_recent,,weth_usdc_3000_month_24487892_24495091_w19,exports/study_recent/retune/c_current_zerogas/2026_02/weth_usdc_3000_month_24487892_24495091_w19,weth_usdc,3000,24487892,24495091,19,observed_pool,0.2576271186440678,0.0,1.0,669538.346615711,2046.449897985789,62.42300941271242,0.06283464097405568,0.0,100.0,1.0,0.14745762711864407,0.0,chainlink,hook_counterfactual,1.0,auction_beats_hook,0.07457627118644068,,,,linear_fee|log_fee|hook_fee|fixed_fee,0.0,222,0,0.9779735682819384,0.523728813559322,chainlink,chainlink,40,0x8ad599c3a0ff1de082011efddc58f1908eb6e6d8,chainlink,stress,,,,590
study_recent,,weth_usdc_3000_month_24552692_24558867_w28,exports/study_recent/retune/c_current_zerogas/2026_02/weth_usdc_3000_month_24552692_24558867_w28,weth_usdc,3000,24552692,24558867,28,observed_pool,0.301521438450899,0.0,1.0,1307028.6641986985,8732.001296333503,40.65006318525411,0.06463785927974054,0.0,100.0,1.0,0.1825726141078838,0.0,chainlink,hook_counterfactual,1.0,auction_beats_hook,0.11065006915629322,,,,hook_fee|linear_fee|log_fee|fixed_fee,0.0,179,0,1.0,0.43015214384508993,chainlink,chainlink,48,0x8ad599c3a0ff1de082011efddc58f1908eb6e6d8,chainlink,stress,,,,723
study_recent,,weth_usdc_3000_month_24558867_24566066_w01,exports/study_recent/retune/c_current_zerogas/2026_03/weth_usdc_3000_month_24558867_24566066_w01,weth_usdc,3000,24558867,24566066,1,observed_pool,0.3818424566088118,0.0,1.0,1538231.829600634,19956.972628062824,177.1037600664422,0.32220975869562135,0.0,100.0,1.0,0.0,0.0,chainlink,hook_counterfactual,1.0,auction_beats_hook,0.04806408544726302,,,,linear_fee|log_fee|hook_fee|fixed_fee,0.0,325,0,0.9672619047619048,0.43391188251001334,chainlink,chainlink,69,0x8ad599c3a0ff1de082011efddc58f1908eb6e6d8,chainlink,stress,,,,749
study_recent,,weth_usdc_3000_month_24630867_24638066_w11,exports/study_recent/retune/c_current_zerogas/2026_03/weth_usdc_3000_month_24630867_24638066_w11,weth_usdc,3000,24630867,24638066,11,observed_pool,0.29411764705882354,0.0,1.0,1187608.634815391,3541.148030539509,18.07740045338869,0.06911162835738544,0.0,100.0,1.0,0.17873303167420815,0.0,chainlink,hook_counterfactual,1.0,auction_beats_hook,0.05429864253393665,,,,linear_fee|log_fee|hook_fee|fixed_fee,0.0,123,0,0.9461538461538461,0.45701357466063347,chainlink,chainlink,42,0x8ad599c3a0ff1de082011efddc58f1908eb6e6d8,chainlink,stress,,,,442
study_recent,,weth_usdc_3000_month_24702867_24710066_w21,exports/study_recent/retune/c_current_zerogas/2026_03/weth_usdc_3000_month_24702867_24710066_w21,weth_usdc,3000,24702867,24710066,21,observed_pool,0.27391304347826084,0.0,1.0,263855.6146096826,702.6710900425096,0.003681587055325508,0.01823779101341902,0.0,100.0,1.0,0.10434782608695652,0.0,chainlink,hook_counterfactual,1.0,auction_beats_hook,0.004347826086956522,,,,hook_fee|linear_fee|log_fee|fixed_fee,0.0,76,0,1.0,0.43478260869565216,chainlink,chainlink,32,0x8ad599c3a0ff1de082011efddc58f1908eb6e6d8,chainlink,stress,,,,230
study_recent,,weth_usdc_3000_month_24774867_24781026_w31,exports/study_recent/retune/c_current_zerogas/2026_03/weth_usdc_3000_month_24774867_24781026_w31,weth_usdc,3000,24774867,24781026,31,observed_pool,0.337890625,0.0,1.0,1378172.6541515123,4249.485669491347,12.633172836853191,0.04758570201330813,0.0,100.0,1.0,0.0859375,0.0,chainlink,hook_counterfactual,1.0,auction_beats_hook,0.044921875,,,,linear_fee|log_fee|hook_fee|fixed_fee,0.0,162,0,0.9642857142857143,0.40234375,chainlink,chainlink,39,0x8ad599c3a0ff1de082011efddc58f1908eb6e6d8,chainlink,stress,,,,512
study_recent,,weth_usdc_3000_month_24781026_24788225_w01,exports/study_recent/retune/c_current_zerogas/2026_04/weth_usdc_3000_month_24781026_24788225_w01,weth_usdc,3000,24781026,24788225,1,observed_pool,0.34,0.0,1.0,1900929.8584037337,2810.323406684678,79.91250524390489,0.07839014086990106,0.0,100.0,1.0,0.0,0.0,chainlink,hook_counterfactual,1.0,auction_beats_hook,0.07454545454545454,,,,log_fee|linear_fee|hook_fee|fixed_fee,0.0,240,4,0.9876543209876543,0.44363636363636366,chainlink,chainlink,38,0x8ad599c3a0ff1de082011efddc58f1908eb6e6d8,chainlink,stress,,,,550
study_recent,,weth_usdc_3000_month_24853026_24860225_w11,exports/study_recent/retune/c_current_zerogas/2026_04/weth_usdc_3000_month_24853026_24860225_w11,weth_usdc,3000,24853026,24860225,11,observed_pool,0.29577464788732394,0.0,1.0,709849.81679821,4589.558767027222,61.544443350168876,0.14895374356272081,0.0,100.0,1.0,0.30633802816901406,0.0,chainlink,hook_counterfactual,1.0,auction_beats_hook,0.02464788732394366,,,,linear_fee|log_fee|hook_fee|fixed_fee,0.0,82,0,0.9534883720930233,0.5950704225352113,chainlink,chainlink,26,0x8ad599c3a0ff1de082011efddc58f1908eb6e6d8,chainlink,stress,,,,284
study_recent,,weth_usdc_3000_month_24917826_24925025_w20,exports/study_recent/retune/c_current_zerogas/2026_04/weth_usdc_3000_month_24917826_24925025_w20,weth_usdc,3000,24917826,24925025,20,observed_pool,0.18491921005385997,0.0,1.0,1829555.6149938575,2110.893299060408,49.16109708161093,0.06603082855848755,0.0,100.0,1.0,0.24236983842010773,0.0,chainlink,hook_counterfactual,1.0,auction_beats_hook,0.04129263913824058,,,,linear_fee|log_fee|hook_fee|fixed_fee,0.0,168,0,0.9940828402366864,0.5439856373429084,chainlink,chainlink,32,0x8ad599c3a0ff1de082011efddc58f1908eb6e6d8,chainlink,stress,,,,557
study_recent,,weth_usdc_3000_month_24989826_24996367_w30,exports/study_recent/retune/c_current_zerogas/2026_04/weth_usdc_3000_month_24989826_24996367_w30,weth_usdc,3000,24989826,24996367,30,observed_pool,0.19080459770114944,0.0,1.0,610182.7358976846,3526.6698635250796,53.16435300570447,0.09018970689515708,0.0,100.0,1.0,0.3839080459770115,0.0,chainlink,hook_counterfactual,1.0,auction_beats_hook,0.059770114942528735,,,,hook_fee|linear_fee|log_fee|fixed_fee,0.0,65,0,1.0,0.5333333333333333,chainlink,chainlink,25,0x8ad599c3a0ff1de082011efddc58f1908eb6e6d8,chainlink,stress,,,,435
study_recent,,weth_usdc_3000_month_24996367_25003566_w01,exports/study_recent/retune/c_current_zerogas/2026_05/weth_usdc_3000_month_24996367_25003566_w01,weth_usdc,3000,24996367,25003566,1,observed_pool,0.2893772893772894,0.0,1.0,893360.1032604902,5274.114069628296,37.24694590223953,0.17763896810053512,0.0,100.0,1.0,0.0,0.0,chainlink,hook_counterfactual,1.0,auction_beats_hook,0.07692307692307693,,,,linear_fee|log_fee|hook_fee|fixed_fee,0.0,84,1,0.9767441860465116,0.31135531135531136,chainlink,chainlink,33,0x8ad599c3a0ff1de082011efddc58f1908eb6e6d8,chainlink,stress,,,,273
study_recent,,weth_usdc_3000_month_25068367_25075566_w11,exports/study_recent/retune/c_current_zerogas/2026_05/weth_usdc_3000_month_25068367_25075566_w11,weth_usdc,3000,25068367,25075566,11,observed_pool,0.20476190476190476,0.0,1.0,492066.0454707042,1910.0836191838025,26.99417885375442,0.07085920789195109,0.0,100.0,1.0,0.44761904761904764,0.0,chainlink,hook_counterfactual,1.0,auction_beats_hook,0.05238095238095238,,,,linear_fee|log_fee|hook_fee|fixed_fee,0.0,59,0,0.7375,0.5880952380952381,chainlink,chainlink,23,0x8ad599c3a0ff1de082011efddc58f1908eb6e6d8,chainlink,stress,,,,420
study_recent,,weth_usdc_3000_month_25140367_25147566_w21,exports/study_recent/retune/c_current_zerogas/2026_05/weth_usdc_3000_month_25140367_25147566_w21,weth_usdc,3000,25140367,25147566,21,observed_pool,0.36187845303867405,0.0,1.0,636593.1163980991,725.638115880196,13.577120164525695,0.05472798131008919,0.0,100.0,1.0,0.1878453038674033,0.0,chainlink,hook_counterfactual,1.0,auction_beats_hook,0.09668508287292818,,,,linear_fee|log_fee|hook_fee|fixed_fee,0.0,99,1,0.9339622641509434,0.46408839779005523,chainlink,chainlink,26,0x8ad599c3a0ff1de082011efddc58f1908eb6e6d8,chainlink,stress,,,,362
study_recent,,weth_usdc_3000_month_25212367_25218797_w31,exports/study_recent/retune/c_current_zerogas/2026_05/weth_usdc_3000_month_25212367_25218797_w31,weth_usdc,3000,25212367,25218797,31,observed_pool,0.3619047619047619,0.0,1.0,93154.59940531895,224.62436490527762,20.098936142778257,0.0471927462631999,0.0,100.0,1.0,0.11904761904761904,0.0,chainlink,hook_counterfactual,1.0,auction_beats_hook,0.12857142857142856,,,,linear_fee|log_fee|hook_fee|fixed_fee,0.0,18,0,0.29508196721311475,0.20476190476190476,chainlink,chainlink,22,0x8ad599c3a0ff1de082011efddc58f1908eb6e6d8,chainlink,stress,,,,210
study_recent,,weth_usdc_3000_month_25218797_25225996_w01,exports/study_recent/retune/c_current_zerogas/2026_06/weth_usdc_3000_month_25218797_25225996_w01,weth_usdc,3000,25218797,25225996,1,observed_pool,0.38441558441558443,0.0,1.0,779854.6111896738,1326.1659423692618,12.080316228442825,0.05554177119192093,0.0,100.0,1.0,0.0,0.0,chainlink,hook_counterfactual,1.0,auction_beats_hook,0.05194805194805195,,,,hook_fee|linear_fee|log_fee|fixed_fee,0.0,165,0,1.0,0.42857142857142855,chainlink,chainlink,37,0x8ad599c3a0ff1de082011efddc58f1908eb6e6d8,chainlink,stress,,,,385
study_recent,,weth_usdc_3000_month_25290797_25297996_w11,exports/study_recent/retune/c_current_zerogas/2026_06/weth_usdc_3000_month_25290797_25297996_w11,weth_usdc,3000,25290797,25297996,11,observed_pool,0.22291993720565148,0.0,1.0,539913.8317228331,4615.790814150707,117.61472267075442,0.07058339711350693,0.0,100.0,1.0,0.25274725274725274,0.0,chainlink,hook_counterfactual,1.0,auction_beats_hook,0.141287284144427,,,,linear_fee|log_fee|hook_fee|fixed_fee,0.0,149,1,0.9802631578947368,0.48822605965463106,chainlink,chainlink,38,0x8ad599c3a0ff1de082011efddc58f1908eb6e6d8,chainlink,stress,,,,637
study_recent,,weth_usdc_3000_month_25355597_25362796_w20,exports/study_recent/retune/c_current_zerogas/2026_06/weth_usdc_3000_month_25355597_25362796_w20,weth_usdc,3000,25355597,25362796,20,observed_pool,0.2808798646362098,0.0,1.0,128731.7757778873,4395.95986128712,57.526227732771076,0.10118696357371139,0.0,100.0,1.0,0.11844331641285956,0.0,chainlink,hook_counterfactual,1.0,auction_beats_hook,0.15397631133671744,,,,linear_fee|log_fee|hook_fee|fixed_fee,0.0,77,2,0.6814159292035398,0.2521150592216582,chainlink,chainlink,25,0x8ad599c3a0ff1de082011efddc58f1908eb6e6d8,chainlink,stress,,,,591
study_recent,,weth_usdc_3000_month_25427597_25433938_w30,exports/study_recent/retune/c_current_zerogas/2026_06/weth_usdc_3000_month_25427597_25433938_w30,weth_usdc,3000,25427597,25433938,30,observed_pool,0.23429541595925296,0.0,1.0,334099.2353887127,1718.4986903953832,17.650287507043686,0.046862897363982685,0.0,100.0,1.0,0.1969439728353141,0.0,chainlink,hook_counterfactual,1.0,auction_beats_hook,0.03225806451612903,,,,hook_fee|linear_fee|log_fee|fixed_fee,0.0,190,0,1.0,0.5195246179966044,chainlink,chainlink,28,0x8ad599c3a0ff1de082011efddc58f1908eb6e6d8,chainlink,stress,,,,589
study_recent,,weth_usdc_3000_month_24136052_24143251_w01,exports/study_recent/retune/s100_g0.5/2026_01/weth_usdc_3000_month_24136052_24143251_w01,weth_usdc,3000,24136052,24143251,1,observed_pool,0.2876712328767123,0.06666666666666667,0.9333333333333333,490276.00751941826,1917.784918719437,-3.8859581826254725,0.8689017442691448,0.0,100.0,1.0,0.0,0.06666666666666667,chainlink,solver_cost,1.0,auction_beats_hook,0.05136986301369863,,,,linear_fee|log_fee|hook_fee|fixed_fee,0.0,58,1,0.9666666666666667,0.20205479452054795,chainlink,chainlink,28,0x8ad599c3a0ff1de082011efddc58f1908eb6e6d8,chainlink,stress,,,,292
study_recent,,weth_usdc_3000_month_24208052_24215251_w11,exports/study_recent/retune/s100_g0.5/2026_01/weth_usdc_3000_month_24208052_24215251_w11,weth_usdc,3000,24208052,24215251,11,observed_pool,0.3044397463002114,0.0,1.0,3325637.4923174996,7164.231444537174,4.445633554831147,1.666506714850962,0.0,100.0,1.0,0.09090909090909091,0.0,chainlink,solver_cost,1.0,auction_beats_hook,0.019027484143763214,,,,linear_fee|log_fee|hook_fee|fixed_fee,0.0,80,0,0.9523809523809523,0.26004228329809725,chainlink,chainlink,26,0x8ad599c3a0ff1de082011efddc58f1908eb6e6d8,chainlink,stress,,,,473
study_recent,,weth_usdc_3000_month_24280052_24287251_w21,exports/study_recent/retune/s100_g0.5/2026_01/weth_usdc_3000_month_24280052_24287251_w21,weth_usdc,3000,24280052,24287251,21,observed_pool,0.3461077844311377,0.0,1.0,5504242.982701822,26338.910452226177,18.446180178783834,0.9842577583147311,0.0,100.0,1.0,0.13293413173652693,0.0,chainlink,solver_cost,1.0,auction_beats_hook,0.04790419161676647,,,,linear_fee|log_fee|hook_fee|fixed_fee,0.0,233,0,0.8629629629629629,0.4119760479041916,chainlink,chainlink,56,0x8ad599c3a0ff1de082011efddc58f1908eb6e6d8,chainlink,stress,,,,835
study_recent,,weth_usdc_3000_month_24352052_24358292_w31,exports/study_recent/retune/s100_g0.5/2026_01/weth_usdc_3000_month_24352052_24358292_w31,weth_usdc,3000,24352052,24358292,31,observed_pool,0.32890070921985815,0.0,1.0,20121661.10200764,12122.458374183625,16.76472571492195,0.5342606270804304,0.0,100.0,1.0,0.01773049645390071,0.0,chainlink,solver_cost,1.0,auction_beats_hook,0.008865248226950355,,,,linear_fee|log_fee|hook_fee|fixed_fee,0.0,442,0,0.9587852494577006,0.4095744680851064,chainlink,chainlink,96,0x8ad599c3a0ff1de082011efddc58f1908eb6e6d8,chainlink,stress,,,,1128
study_recent,,weth_usdc_3000_month_24358292_24365491_w01,exports/study_recent/retune/s100_g0.5/2026_02/weth_usdc_3000_month_24358292_24365491_w01,weth_usdc,3000,24358292,24365491,1,observed_pool,0.2785947712418301,0.0,1.0,6829419.854325403,21718.67788343504,275.0525812031701,1.3148304823748882,0.0,100.0,1.0,0.0,0.0,chainlink,solver_cost,1.0,auction_beats_hook,0.04738562091503268,,,,hook_fee|linear_fee|log_fee|fixed_fee,0.0,586,0,1.0,0.47875816993464054,chainlink,chainlink,124,0x8ad599c3a0ff1de082011efddc58f1908eb6e6d8,chainlink,stress,,,,1224
study_recent,,weth_usdc_3000_month_24423092_24430291_w10,exports/study_recent/retune/s100_g0.5/2026_02/weth_usdc_3000_month_24423092_24430291_w10,weth_usdc,3000,24423092,24430291,10,observed_pool,0.25158227848101267,0.0,1.0,551876.7999163354,2485.1888365263585,6.599937709863298,0.3215869457281092,0.0,100.0,1.0,0.314873417721519,0.0,chainlink,solver_cost,1.0,auction_beats_hook,0.05221518987341772,,,,hook_fee|linear_fee|log_fee|fixed_fee,0.0,128,3,1.0,0.5221518987341772,chainlink,chainlink,42,0x8ad599c3a0ff1de082011efddc58f1908eb6e6d8,chainlink,stress,,,,632
study_recent,,weth_usdc_3000_month_24487892_24495091_w19,exports/study_recent/retune/s100_g0.5/2026_02/weth_usdc_3000_month_24487892_24495091_w19,weth_usdc,3000,24487892,24495091,19,observed_pool,0.2576271186440678,0.0,1.0,669518.1562893223,2026.2595715970965,42.232683024019934,0.554606164691637,0.0,100.0,1.0,0.14745762711864407,0.0,chainlink,solver_cost,1.0,auction_beats_hook,0.06271186440677966,,,,linear_fee|log_fee|hook_fee|fixed_fee,0.0,222,0,0.9779735682819384,0.523728813559322,chainlink,chainlink,40,0x8ad599c3a0ff1de082011efddc58f1908eb6e6d8,chainlink,stress,,,,590
study_recent,,weth_usdc_3000_month_24552692_24558867_w28,exports/study_recent/retune/s100_g0.5/2026_02/weth_usdc_3000_month_24552692_24558867_w28,weth_usdc,3000,24552692,24558867,28,observed_pool,0.301521438450899,0.0,1.0,1307000.242043905,8703.579141539987,12.22790839173831,0.4299333250287977,0.0,100.0,1.0,0.1825726141078838,0.0,chainlink,solver_cost,1.0,auction_beats_hook,0.07883817427385892,,,,hook_fee|linear_fee|log_fee|fixed_fee,0.0,179,0,1.0,0.43015214384508993,chainlink,chainlink,48,0x8ad599c3a0ff1de082011efddc58f1908eb6e6d8,chainlink,stress,,,,723
study_recent,,weth_usdc_3000_month_24558867_24566066_w01,exports/study_recent/retune/s100_g0.5/2026_03/weth_usdc_3000_month_24558867_24566066_w01,weth_usdc,3000,24558867,24566066,1,observed_pool,0.3818424566088118,0.0,1.0,1538186.1494214665,19911.292448895285,131.4235808989033,2.4097537955547357,0.0,100.0,1.0,0.0,0.0,chainlink,solver_cost,1.0,auction_beats_hook,0.022696929238985315,,,,linear_fee|log_fee|hook_fee|fixed_fee,0.0,325,0,0.9672619047619048,0.43391188251001334,chainlink,chainlink,69,0x8ad599c3a0ff1de082011efddc58f1908eb6e6d8,chainlink,stress,,,,749
study_recent,,weth_usdc_3000_month_24630867_24638066_w11,exports/study_recent/retune/s100_g0.5/2026_03/weth_usdc_3000_month_24630867_24638066_w11,weth_usdc,3000,24630867,24638066,11,observed_pool,0.29411764705882354,0.0,1.0,1187599.5800654483,3532.0932805968914,9.0226505107712,0.5367882582135557,0.0,100.0,1.0,0.17873303167420815,0.0,chainlink,solver_cost,1.0,auction_beats_hook,0.033936651583710405,,,,linear_fee|log_fee|hook_fee|fixed_fee,0.0,123,0,0.9461538461538461,0.45701357466063347,chainlink,chainlink,42,0x8ad599c3a0ff1de082011efddc58f1908eb6e6d8,chainlink,stress,,,,442
study_recent,,weth_usdc_3000_month_24702867_24710066_w21,exports/study_recent/retune/s100_g0.5/2026_03/weth_usdc_3000_month_24702867_24710066_w21,weth_usdc,3000,24702867,24710066,21,observed_pool,0.27391304347826084,0.0,1.0,263855.4504695634,702.5069499233505,-0.160458532103803,0.16737791013419023,0.0,100.0,1.0,0.10434782608695652,0.0,chainlink,solver_cost,1.0,auction_beats_hook,0.004347826086956522,,,,hook_fee|linear_fee|log_fee|fixed_fee,0.0,76,0,1.0,0.43478260869565216,chainlink,chainlink,32,0x8ad599c3a0ff1de082011efddc58f1908eb6e6d8,chainlink,stress,,,,230
study_recent,,weth_usdc_3000_month_24774867_24781026_w31,exports/study_recent/retune/s100_g0.5/2026_03/weth_usdc_3000_month_24774867_24781026_w31,weth_usdc,3000,24774867,24781026,31,observed_pool,0.337890625,0.0,1.0,1378164.5360143175,4241.367532296572,4.515035642078146,0.46842641158886816,0.0,100.0,1.0,0.0859375,0.0,chainlink,solver_cost,1.0,auction_beats_hook,0.03515625,,,,linear_fee|log_fee|hook_fee|fixed_fee,0.0,162,0,0.9642857142857143,0.40234375,chainlink,chainlink,39,0x8ad599c3a0ff1de082011efddc58f1908eb6e6d8,chainlink,stress,,,,512
study_recent,,weth_usdc_3000_month_24781026_24788225_w01,exports/study_recent/retune/s100_g0.5/2026_04/weth_usdc_3000_month_24781026_24788225_w01,weth_usdc,3000,24781026,24788225,1,observed_pool,0.34,0.0,1.0,1900903.154868032,2783.619870983064,53.208969542291015,0.7650537848192359,0.0,100.0,1.0,0.0,0.0,chainlink,solver_cost,1.0,auction_beats_hook,0.06727272727272728,,,,log_fee|linear_fee|hook_fee|fixed_fee,0.0,240,4,0.9876543209876543,0.44363636363636366,chainlink,chainlink,38,0x8ad599c3a0ff1de082011efddc58f1908eb6e6d8,chainlink,stress,,,,550
study_recent,,weth_usdc_3000_month_24853026_24860225_w11,exports/study_recent/retune/s100_g0.5/2026_04/weth_usdc_3000_month_24853026_24860225_w11,weth_usdc,3000,24853026,24860225,11,observed_pool,0.29577464788732394,0.0,1.0,709842.1730958873,4581.915064704488,53.90074102743529,2.088997865616299,0.0,100.0,1.0,0.30633802816901406,0.0,chainlink,solver_cost,1.0,auction_beats_hook,0.014084507042253521,,,,linear_fee|log_fee|hook_fee|fixed_fee,0.0,82,0,0.9534883720930233,0.5950704225352113,chainlink,chainlink,26,0x8ad599c3a0ff1de082011efddc58f1908eb6e6d8,chainlink,stress,,,,284
study_recent,,weth_usdc_3000_month_24917826_24925025_w20,exports/study_recent/retune/s100_g0.5/2026_04/weth_usdc_3000_month_24917826_24925025_w20,weth_usdc,3000,24917826,24925025,20,observed_pool,0.18491921005385997,0.0,1.0,1829542.2920957075,2097.570400910452,35.838198931654915,0.5845508785315727,0.0,100.0,1.0,0.24236983842010773,0.0,chainlink,solver_cost,1.0,auction_beats_hook,0.04308797127468582,,,,linear_fee|log_fee|hook_fee|fixed_fee,0.0,168,0,0.9940828402366864,0.5439856373429084,chainlink,chainlink,32,0x8ad599c3a0ff1de082011efddc58f1908eb6e6d8,chainlink,stress,,,,557
study_recent,,weth_usdc_3000_month_24989826_24996367_w30,exports/study_recent/retune/s100_g0.5/2026_04/weth_usdc_3000_month_24989826_24996367_w30,weth_usdc,3000,24989826,24996367,30,observed_pool,0.19080459770114944,0.0,1.0,610166.0924414281,3510.026407268597,36.52089674922172,0.8583029373684413,0.0,100.0,1.0,0.3839080459770115,0.0,chainlink,solver_cost,1.0,auction_beats_hook,0.04597701149425287,,,,hook_fee|linear_fee|log_fee|fixed_fee,0.0,65,0,1.0,0.5333333333333333,chainlink,chainlink,25,0x8ad599c3a0ff1de082011efddc58f1908eb6e6d8,chainlink,stress,,,,435
study_recent,,weth_usdc_3000_month_24996367_25003566_w01,exports/study_recent/retune/s100_g0.5/2026_05/weth_usdc_3000_month_24996367_25003566_w01,weth_usdc,3000,24996367,25003566,1,observed_pool,0.2893772893772894,0.0,1.0,893340.6037497177,5254.61455885577,17.747435129713267,1.0572438996123659,0.0,100.0,1.0,0.0,0.0,chainlink,solver_cost,1.0,auction_beats_hook,0.05128205128205128,,,,linear_fee|log_fee|hook_fee|fixed_fee,0.0,84,1,0.9767441860465116,0.31135531135531136,chainlink,chainlink,33,0x8ad599c3a0ff1de082011efddc58f1908eb6e6d8,chainlink,stress,,,,273
study_recent,,weth_usdc_3000_month_25068367_25075566_w11,exports/study_recent/retune/s100_g0.5/2026_05/weth_usdc_3000_month_25068367_25075566_w11,weth_usdc,3000,25068367,25075566,11,observed_pool,0.20476190476190476,0.0,1.0,492052.82353441376,1896.861682893359,13.77224256331101,0.6726780812683514,0.0,100.0,1.0,0.44761904761904764,0.0,chainlink,solver_cost,1.0,auction_beats_hook,0.05,,,,linear_fee|log_fee|hook_fee|fixed_fee,0.0,59,0,0.7375,0.5880952380952381,chainlink,chainlink,23,0x8ad599c3a0ff1de082011efddc58f1908eb6e6d8,chainlink,stress,,,,420
study_recent,,weth_usdc_3000_month_25140367_25147566_w21,exports/study_recent/retune/s100_g0.5/2026_05/weth_usdc_3000_month_25140367_25147566_w21,weth_usdc,3000,25140367,25147566,21,observed_pool,0.36187845303867405,0.0,1.0,636582.1007185805,714.6224363616202,2.561440645949915,0.4673668372150327,0.0,100.0,1.0,0.1878453038674033,0.0,chainlink,solver_cost,1.0,auction_beats_hook,0.06353591160220995,,,,linear_fee|log_fee|hook_fee|fixed_fee,0.0,99,1,0.9339622641509434,0.46408839779005523,chainlink,chainlink,26,0x8ad599c3a0ff1de082011efddc58f1908eb6e6d8,chainlink,stress,,,,362
study_recent,,weth_usdc_3000_month_25212367_25218797_w31,exports/study_recent/retune/s100_g0.5/2026_05/weth_usdc_3000_month_25212367_25218797_w31,weth_usdc,3000,25212367,25218797,31,observed_pool,0.3619047619047619,0.0,1.0,93144.55790019807,214.5828597843938,10.057431021894445,0.43592207416051115,0.0,100.0,1.0,0.11904761904761904,0.0,chainlink,solver_cost,1.0,auction_beats_hook,0.11428571428571428,,,,linear_fee|log_fee|hook_fee|fixed_fee,0.0,18,0,0.29508196721311475,0.20476190476190476,chainlink,chainlink,22,0x8ad599c3a0ff1de082011efddc58f1908eb6e6d8,chainlink,stress,,,,210
study_recent,,weth_usdc_3000_month_25218797_25225996_w01,exports/study_recent/retune/s100_g0.5/2026_06/weth_usdc_3000_month_25218797_25225996_w01,weth_usdc,3000,25218797,25225996,1,observed_pool,0.38441558441558443,0.0,1.0,779845.7513257927,1317.30607848824,3.2204523474210873,0.5097721423497034,0.0,100.0,1.0,0.0,0.0,chainlink,solver_cost,1.0,auction_beats_hook,0.046753246753246755,,,,hook_fee|linear_fee|log_fee|fixed_fee,0.0,165,0,1.0,0.42857142857142855,chainlink,chainlink,37,0x8ad599c3a0ff1de082011efddc58f1908eb6e6d8,chainlink,stress,,,,385
study_recent,,weth_usdc_3000_month_25290797_25297996_w11,exports/study_recent/retune/s100_g0.5/2026_06/weth_usdc_3000_month_25290797_25297996_w11,weth_usdc,3000,25290797,25297996,11,observed_pool,0.22291993720565148,0.0,1.0,539867.9023315585,4569.861422876129,71.68533139617648,0.6360774616050571,0.0,100.0,1.0,0.25274725274725274,0.0,chainlink,solver_cost,1.0,auction_beats_hook,0.11459968602825746,,,,linear_fee|log_fee|hook_fee|fixed_fee,0.0,149,1,0.9802631578947368,0.48822605965463106,chainlink,chainlink,38,0x8ad599c3a0ff1de082011efddc58f1908eb6e6d8,chainlink,stress,,,,637
study_recent,,weth_usdc_3000_month_25355597_25362796_w20,exports/study_recent/retune/s100_g0.5/2026_06/weth_usdc_3000_month_25355597_25362796_w20,weth_usdc,3000,25355597,25362796,20,observed_pool,0.2808798646362098,0.0,1.0,128694.06860602861,4358.252689428424,19.819055874075275,0.529612477595695,0.0,100.0,1.0,0.11844331641285956,0.0,chainlink,solver_cost,1.0,auction_beats_hook,0.12013536379018612,,,,linear_fee|log_fee|hook_fee|fixed_fee,0.0,77,2,0.6814159292035398,0.2521150592216582,chainlink,chainlink,25,0x8ad599c3a0ff1de082011efddc58f1908eb6e6d8,chainlink,stress,,,,591
study_recent,,weth_usdc_3000_month_25427597_25433938_w30,exports/study_recent/retune/s100_g0.5/2026_06/weth_usdc_3000_month_25427597_25433938_w30,weth_usdc,3000,25427597,25433938,30,observed_pool,0.23429541595925296,0.0,1.0,334091.2218332635,1710.4851349461824,9.636732057842892,0.45362897363982685,0.0,100.0,1.0,0.1969439728353141,0.0,chainlink,solver_cost,1.0,auction_beats_hook,0.03225806451612903,,,,hook_fee|linear_fee|log_fee|fixed_fee,0.0,190,0,1.0,0.5195246179966044,chainlink,chainlink,28,0x8ad599c3a0ff1de082011efddc58f1908eb6e6d8,chainlink,stress,,,,589
study_recent,,weth_usdc_3000_month_24136052_24143251_w01,exports/study_recent/retune/s100_g2/2026_01/weth_usdc_3000_month_24136052_24143251_w01,weth_usdc,3000,24136052,24143251,1,observed_pool,0.2876712328767123,0.06666666666666667,0.9333333333333333,490276.00751941826,1917.784918719437,-3.8859581826254725,0.8689017442691448,0.0,100.0,1.0,0.0,0.06666666666666667,chainlink,solver_cost,1.0,auction_beats_hook,0.05136986301369863,,,,linear_fee|log_fee|hook_fee|fixed_fee,0.0,58,1,0.9666666666666667,0.20205479452054795,chainlink,chainlink,28,0x8ad599c3a0ff1de082011efddc58f1908eb6e6d8,chainlink,stress,,,,292
study_recent,,weth_usdc_3000_month_24208052_24215251_w11,exports/study_recent/retune/s100_g2/2026_01/weth_usdc_3000_month_24208052_24215251_w11,weth_usdc,3000,24208052,24215251,11,observed_pool,0.3044397463002114,0.0,1.0,3325637.4923174996,7164.231444537174,4.445633554831147,1.666506714850962,0.0,100.0,1.0,0.09090909090909091,0.0,chainlink,solver_cost,1.0,auction_beats_hook,0.019027484143763214,,,,linear_fee|log_fee|hook_fee|fixed_fee,0.0,80,0,0.9523809523809523,0.26004228329809725,chainlink,chainlink,26,0x8ad599c3a0ff1de082011efddc58f1908eb6e6d8,chainlink,stress,,,,473
study_recent,,weth_usdc_3000_month_24280052_24287251_w21,exports/study_recent/retune/s100_g2/2026_01/weth_usdc_3000_month_24280052_24287251_w21,weth_usdc,3000,24280052,24287251,21,observed_pool,0.3461077844311377,0.0,1.0,5504242.982701822,26338.910452226177,18.446180178783834,0.9842577583147311,0.0,100.0,1.0,0.13293413173652693,0.0,chainlink,solver_cost,1.0,auction_beats_hook,0.04790419161676647,,,,linear_fee|log_fee|hook_fee|fixed_fee,0.0,233,0,0.8629629629629629,0.4119760479041916,chainlink,chainlink,56,0x8ad599c3a0ff1de082011efddc58f1908eb6e6d8,chainlink,stress,,,,835
study_recent,,weth_usdc_3000_month_24352052_24358292_w31,exports/study_recent/retune/s100_g2/2026_01/weth_usdc_3000_month_24352052_24358292_w31,weth_usdc,3000,24352052,24358292,31,observed_pool,0.32890070921985815,0.0,1.0,20121661.10200764,12122.458374183625,16.76472571492195,0.5342606270804304,0.0,100.0,1.0,0.01773049645390071,0.0,chainlink,solver_cost,1.0,auction_beats_hook,0.008865248226950355,,,,linear_fee|log_fee|hook_fee|fixed_fee,0.0,442,0,0.9587852494577006,0.4095744680851064,chainlink,chainlink,96,0x8ad599c3a0ff1de082011efddc58f1908eb6e6d8,chainlink,stress,,,,1128
study_recent,,weth_usdc_3000_month_24358292_24365491_w01,exports/study_recent/retune/s100_g2/2026_02/weth_usdc_3000_month_24358292_24365491_w01,weth_usdc,3000,24358292,24365491,1,observed_pool,0.2785947712418301,0.0,1.0,6829419.854325403,21718.67788343504,275.0525812031701,1.3148304823748882,0.0,100.0,1.0,0.0,0.0,chainlink,solver_cost,1.0,auction_beats_hook,0.04738562091503268,,,,hook_fee|linear_fee|log_fee|fixed_fee,0.0,586,0,1.0,0.47875816993464054,chainlink,chainlink,124,0x8ad599c3a0ff1de082011efddc58f1908eb6e6d8,chainlink,stress,,,,1224
study_recent,,weth_usdc_3000_month_24423092_24430291_w10,exports/study_recent/retune/s100_g2/2026_02/weth_usdc_3000_month_24423092_24430291_w10,weth_usdc,3000,24423092,24430291,10,observed_pool,0.25158227848101267,0.0,1.0,551876.7999163354,2485.1888365263585,6.599937709863298,0.3215869457281092,0.0,100.0,1.0,0.314873417721519,0.0,chainlink,solver_cost,1.0,auction_beats_hook,0.05221518987341772,,,,hook_fee|linear_fee|log_fee|fixed_fee,0.0,128,3,1.0,0.5221518987341772,chainlink,chainlink,42,0x8ad599c3a0ff1de082011efddc58f1908eb6e6d8,chainlink,stress,,,,632
study_recent,,weth_usdc_3000_month_24487892_24495091_w19,exports/study_recent/retune/s100_g2/2026_02/weth_usdc_3000_month_24487892_24495091_w19,weth_usdc,3000,24487892,24495091,19,observed_pool,0.2576271186440678,0.0,1.0,669518.1562893223,2026.2595715970965,42.232683024019934,0.554606164691637,0.0,100.0,1.0,0.14745762711864407,0.0,chainlink,solver_cost,1.0,auction_beats_hook,0.06271186440677966,,,,linear_fee|log_fee|hook_fee|fixed_fee,0.0,222,0,0.9779735682819384,0.523728813559322,chainlink,chainlink,40,0x8ad599c3a0ff1de082011efddc58f1908eb6e6d8,chainlink,stress,,,,590
study_recent,,weth_usdc_3000_month_24552692_24558867_w28,exports/study_recent/retune/s100_g2/2026_02/weth_usdc_3000_month_24552692_24558867_w28,weth_usdc,3000,24552692,24558867,28,observed_pool,0.301521438450899,0.0,1.0,1307000.242043905,8703.579141539987,12.22790839173831,0.4299333250287977,0.0,100.0,1.0,0.1825726141078838,0.0,chainlink,solver_cost,1.0,auction_beats_hook,0.07883817427385892,,,,hook_fee|linear_fee|log_fee|fixed_fee,0.0,179,0,1.0,0.43015214384508993,chainlink,chainlink,48,0x8ad599c3a0ff1de082011efddc58f1908eb6e6d8,chainlink,stress,,,,723
study_recent,,weth_usdc_3000_month_24558867_24566066_w01,exports/study_recent/retune/s100_g2/2026_03/weth_usdc_3000_month_24558867_24566066_w01,weth_usdc,3000,24558867,24566066,1,observed_pool,0.3818424566088118,0.0,1.0,1538186.1494214665,19911.292448895285,131.4235808989033,2.4097537955547357,0.0,100.0,1.0,0.0,0.0,chainlink,solver_cost,1.0,auction_beats_hook,0.022696929238985315,,,,linear_fee|log_fee|hook_fee|fixed_fee,0.0,325,0,0.9672619047619048,0.43391188251001334,chainlink,chainlink,69,0x8ad599c3a0ff1de082011efddc58f1908eb6e6d8,chainlink,stress,,,,749
study_recent,,weth_usdc_3000_month_24630867_24638066_w11,exports/study_recent/retune/s100_g2/2026_03/weth_usdc_3000_month_24630867_24638066_w11,weth_usdc,3000,24630867,24638066,11,observed_pool,0.29411764705882354,0.0,1.0,1187599.5800654483,3532.0932805968914,9.0226505107712,0.5367882582135557,0.0,100.0,1.0,0.17873303167420815,0.0,chainlink,solver_cost,1.0,auction_beats_hook,0.033936651583710405,,,,linear_fee|log_fee|hook_fee|fixed_fee,0.0,123,0,0.9461538461538461,0.45701357466063347,chainlink,chainlink,42,0x8ad599c3a0ff1de082011efddc58f1908eb6e6d8,chainlink,stress,,,,442
study_recent,,weth_usdc_3000_month_24702867_24710066_w21,exports/study_recent/retune/s100_g2/2026_03/weth_usdc_3000_month_24702867_24710066_w21,weth_usdc,3000,24702867,24710066,21,observed_pool,0.27391304347826084,0.0,1.0,263855.4504695634,702.5069499233505,-0.160458532103803,0.16737791013419023,0.0,100.0,1.0,0.10434782608695652,0.0,chainlink,solver_cost,1.0,auction_beats_hook,0.004347826086956522,,,,hook_fee|linear_fee|log_fee|fixed_fee,0.0,76,0,1.0,0.43478260869565216,chainlink,chainlink,32,0x8ad599c3a0ff1de082011efddc58f1908eb6e6d8,chainlink,stress,,,,230
study_recent,,weth_usdc_3000_month_24774867_24781026_w31,exports/study_recent/retune/s100_g2/2026_03/weth_usdc_3000_month_24774867_24781026_w31,weth_usdc,3000,24774867,24781026,31,observed_pool,0.337890625,0.0,1.0,1378164.5360143175,4241.367532296572,4.515035642078146,0.46842641158886816,0.0,100.0,1.0,0.0859375,0.0,chainlink,solver_cost,1.0,auction_beats_hook,0.03515625,,,,linear_fee|log_fee|hook_fee|fixed_fee,0.0,162,0,0.9642857142857143,0.40234375,chainlink,chainlink,39,0x8ad599c3a0ff1de082011efddc58f1908eb6e6d8,chainlink,stress,,,,512
study_recent,,weth_usdc_3000_month_24781026_24788225_w01,exports/study_recent/retune/s100_g2/2026_04/weth_usdc_3000_month_24781026_24788225_w01,weth_usdc,3000,24781026,24788225,1,observed_pool,0.34,0.0,1.0,1900903.154868032,2783.619870983064,53.208969542291015,0.7650537848192359,0.0,100.0,1.0,0.0,0.0,chainlink,solver_cost,1.0,auction_beats_hook,0.06727272727272728,,,,log_fee|linear_fee|hook_fee|fixed_fee,0.0,240,4,0.9876543209876543,0.44363636363636366,chainlink,chainlink,38,0x8ad599c3a0ff1de082011efddc58f1908eb6e6d8,chainlink,stress,,,,550
study_recent,,weth_usdc_3000_month_24853026_24860225_w11,exports/study_recent/retune/s100_g2/2026_04/weth_usdc_3000_month_24853026_24860225_w11,weth_usdc,3000,24853026,24860225,11,observed_pool,0.29577464788732394,0.0,1.0,709842.1730958873,4581.915064704488,53.90074102743529,2.088997865616299,0.0,100.0,1.0,0.30633802816901406,0.0,chainlink,solver_cost,1.0,auction_beats_hook,0.014084507042253521,,,,linear_fee|log_fee|hook_fee|fixed_fee,0.0,82,0,0.9534883720930233,0.5950704225352113,chainlink,chainlink,26,0x8ad599c3a0ff1de082011efddc58f1908eb6e6d8,chainlink,stress,,,,284
study_recent,,weth_usdc_3000_month_24917826_24925025_w20,exports/study_recent/retune/s100_g2/2026_04/weth_usdc_3000_month_24917826_24925025_w20,weth_usdc,3000,24917826,24925025,20,observed_pool,0.18491921005385997,0.0,1.0,1829542.2920957075,2097.570400910452,35.838198931654915,0.5845508785315727,0.0,100.0,1.0,0.24236983842010773,0.0,chainlink,solver_cost,1.0,auction_beats_hook,0.04308797127468582,,,,linear_fee|log_fee|hook_fee|fixed_fee,0.0,168,0,0.9940828402366864,0.5439856373429084,chainlink,chainlink,32,0x8ad599c3a0ff1de082011efddc58f1908eb6e6d8,chainlink,stress,,,,557
study_recent,,weth_usdc_3000_month_24989826_24996367_w30,exports/study_recent/retune/s100_g2/2026_04/weth_usdc_3000_month_24989826_24996367_w30,weth_usdc,3000,24989826,24996367,30,observed_pool,0.19080459770114944,0.0,1.0,610166.0924414281,3510.026407268597,36.52089674922172,0.8583029373684413,0.0,100.0,1.0,0.3839080459770115,0.0,chainlink,solver_cost,1.0,auction_beats_hook,0.04597701149425287,,,,hook_fee|linear_fee|log_fee|fixed_fee,0.0,65,0,1.0,0.5333333333333333,chainlink,chainlink,25,0x8ad599c3a0ff1de082011efddc58f1908eb6e6d8,chainlink,stress,,,,435
study_recent,,weth_usdc_3000_month_24996367_25003566_w01,exports/study_recent/retune/s100_g2/2026_05/weth_usdc_3000_month_24996367_25003566_w01,weth_usdc,3000,24996367,25003566,1,observed_pool,0.2893772893772894,0.0,1.0,893340.6037497177,5254.61455885577,17.747435129713267,1.0572438996123659,0.0,100.0,1.0,0.0,0.0,chainlink,solver_cost,1.0,auction_beats_hook,0.05128205128205128,,,,linear_fee|log_fee|hook_fee|fixed_fee,0.0,84,1,0.9767441860465116,0.31135531135531136,chainlink,chainlink,33,0x8ad599c3a0ff1de082011efddc58f1908eb6e6d8,chainlink,stress,,,,273
study_recent,,weth_usdc_3000_month_25068367_25075566_w11,exports/study_recent/retune/s100_g2/2026_05/weth_usdc_3000_month_25068367_25075566_w11,weth_usdc,3000,25068367,25075566,11,observed_pool,0.20476190476190476,0.0,1.0,492052.82353441376,1896.861682893359,13.77224256331101,0.6726780812683514,0.0,100.0,1.0,0.44761904761904764,0.0,chainlink,solver_cost,1.0,auction_beats_hook,0.05,,,,linear_fee|log_fee|hook_fee|fixed_fee,0.0,59,0,0.7375,0.5880952380952381,chainlink,chainlink,23,0x8ad599c3a0ff1de082011efddc58f1908eb6e6d8,chainlink,stress,,,,420
study_recent,,weth_usdc_3000_month_25140367_25147566_w21,exports/study_recent/retune/s100_g2/2026_05/weth_usdc_3000_month_25140367_25147566_w21,weth_usdc,3000,25140367,25147566,21,observed_pool,0.36187845303867405,0.0,1.0,636582.1007185805,714.6224363616202,2.561440645949915,0.4673668372150327,0.0,100.0,1.0,0.1878453038674033,0.0,chainlink,solver_cost,1.0,auction_beats_hook,0.06353591160220995,,,,linear_fee|log_fee|hook_fee|fixed_fee,0.0,99,1,0.9339622641509434,0.46408839779005523,chainlink,chainlink,26,0x8ad599c3a0ff1de082011efddc58f1908eb6e6d8,chainlink,stress,,,,362
study_recent,,weth_usdc_3000_month_25212367_25218797_w31,exports/study_recent/retune/s100_g2/2026_05/weth_usdc_3000_month_25212367_25218797_w31,weth_usdc,3000,25212367,25218797,31,observed_pool,0.3619047619047619,0.0,1.0,93144.55790019807,214.5828597843938,10.057431021894445,0.43592207416051115,0.0,100.0,1.0,0.11904761904761904,0.0,chainlink,solver_cost,1.0,auction_beats_hook,0.11428571428571428,,,,linear_fee|log_fee|hook_fee|fixed_fee,0.0,18,0,0.29508196721311475,0.20476190476190476,chainlink,chainlink,22,0x8ad599c3a0ff1de082011efddc58f1908eb6e6d8,chainlink,stress,,,,210
study_recent,,weth_usdc_3000_month_25218797_25225996_w01,exports/study_recent/retune/s100_g2/2026_06/weth_usdc_3000_month_25218797_25225996_w01,weth_usdc,3000,25218797,25225996,1,observed_pool,0.38441558441558443,0.0,1.0,779845.7513257927,1317.30607848824,3.2204523474210873,0.5097721423497034,0.0,100.0,1.0,0.0,0.0,chainlink,solver_cost,1.0,auction_beats_hook,0.046753246753246755,,,,hook_fee|linear_fee|log_fee|fixed_fee,0.0,165,0,1.0,0.42857142857142855,chainlink,chainlink,37,0x8ad599c3a0ff1de082011efddc58f1908eb6e6d8,chainlink,stress,,,,385
study_recent,,weth_usdc_3000_month_25290797_25297996_w11,exports/study_recent/retune/s100_g2/2026_06/weth_usdc_3000_month_25290797_25297996_w11,weth_usdc,3000,25290797,25297996,11,observed_pool,0.22291993720565148,0.0,1.0,539867.9023315585,4569.861422876129,71.68533139617648,0.6360774616050571,0.0,100.0,1.0,0.25274725274725274,0.0,chainlink,solver_cost,1.0,auction_beats_hook,0.11459968602825746,,,,linear_fee|log_fee|hook_fee|fixed_fee,0.0,149,1,0.9802631578947368,0.48822605965463106,chainlink,chainlink,38,0x8ad599c3a0ff1de082011efddc58f1908eb6e6d8,chainlink,stress,,,,637
study_recent,,weth_usdc_3000_month_25355597_25362796_w20,exports/study_recent/retune/s100_g2/2026_06/weth_usdc_3000_month_25355597_25362796_w20,weth_usdc,3000,25355597,25362796,20,observed_pool,0.2808798646362098,0.0,1.0,128694.06860602861,4358.252689428424,19.819055874075275,0.529612477595695,0.0,100.0,1.0,0.11844331641285956,0.0,chainlink,solver_cost,1.0,auction_beats_hook,0.12013536379018612,,,,linear_fee|log_fee|hook_fee|fixed_fee,0.0,77,2,0.6814159292035398,0.2521150592216582,chainlink,chainlink,25,0x8ad599c3a0ff1de082011efddc58f1908eb6e6d8,chainlink,stress,,,,591
study_recent,,weth_usdc_3000_month_25427597_25433938_w30,exports/study_recent/retune/s100_g2/2026_06/weth_usdc_3000_month_25427597_25433938_w30,weth_usdc,3000,25427597,25433938,30,observed_pool,0.23429541595925296,0.0,1.0,334091.2218332635,1710.4851349461824,9.636732057842892,0.45362897363982685,0.0,100.0,1.0,0.1969439728353141,0.0,chainlink,solver_cost,1.0,auction_beats_hook,0.03225806451612903,,,,hook_fee|linear_fee|log_fee|fixed_fee,0.0,190,0,1.0,0.5195246179966044,chainlink,chainlink,28,0x8ad599c3a0ff1de082011efddc58f1908eb6e6d8,chainlink,stress,,,,589
study_recent,,weth_usdc_3000_month_24136052_24143251_w01,exports/study_recent/retune/s100_g5/2026_01/weth_usdc_3000_month_24136052_24143251_w01,weth_usdc,3000,24136052,24143251,1,observed_pool,0.2876712328767123,0.06666666666666667,0.9333333333333333,490276.00751941826,1917.784918719437,-3.8859581826254725,0.8689017442691448,0.0,100.0,1.0,0.0,0.06666666666666667,chainlink,solver_cost,1.0,auction_beats_hook,0.05136986301369863,,,,linear_fee|log_fee|hook_fee|fixed_fee,0.0,58,1,0.9666666666666667,0.20205479452054795,chainlink,chainlink,28,0x8ad599c3a0ff1de082011efddc58f1908eb6e6d8,chainlink,stress,,,,292
study_recent,,weth_usdc_3000_month_24208052_24215251_w11,exports/study_recent/retune/s100_g5/2026_01/weth_usdc_3000_month_24208052_24215251_w11,weth_usdc,3000,24208052,24215251,11,observed_pool,0.3044397463002114,0.0,1.0,3325637.4923174996,7164.231444537174,4.445633554831147,1.666506714850962,0.0,100.0,1.0,0.09090909090909091,0.0,chainlink,solver_cost,1.0,auction_beats_hook,0.019027484143763214,,,,linear_fee|log_fee|hook_fee|fixed_fee,0.0,80,0,0.9523809523809523,0.26004228329809725,chainlink,chainlink,26,0x8ad599c3a0ff1de082011efddc58f1908eb6e6d8,chainlink,stress,,,,473
study_recent,,weth_usdc_3000_month_24280052_24287251_w21,exports/study_recent/retune/s100_g5/2026_01/weth_usdc_3000_month_24280052_24287251_w21,weth_usdc,3000,24280052,24287251,21,observed_pool,0.3461077844311377,0.0,1.0,5504242.982701822,26338.910452226177,18.446180178783834,0.9842577583147311,0.0,100.0,1.0,0.13293413173652693,0.0,chainlink,solver_cost,1.0,auction_beats_hook,0.04790419161676647,,,,linear_fee|log_fee|hook_fee|fixed_fee,0.0,233,0,0.8629629629629629,0.4119760479041916,chainlink,chainlink,56,0x8ad599c3a0ff1de082011efddc58f1908eb6e6d8,chainlink,stress,,,,835
study_recent,,weth_usdc_3000_month_24352052_24358292_w31,exports/study_recent/retune/s100_g5/2026_01/weth_usdc_3000_month_24352052_24358292_w31,weth_usdc,3000,24352052,24358292,31,observed_pool,0.32890070921985815,0.0,1.0,20121661.10200764,12122.458374183625,16.76472571492195,0.5342606270804304,0.0,100.0,1.0,0.01773049645390071,0.0,chainlink,solver_cost,1.0,auction_beats_hook,0.008865248226950355,,,,linear_fee|log_fee|hook_fee|fixed_fee,0.0,442,0,0.9587852494577006,0.4095744680851064,chainlink,chainlink,96,0x8ad599c3a0ff1de082011efddc58f1908eb6e6d8,chainlink,stress,,,,1128
study_recent,,weth_usdc_3000_month_24358292_24365491_w01,exports/study_recent/retune/s100_g5/2026_02/weth_usdc_3000_month_24358292_24365491_w01,weth_usdc,3000,24358292,24365491,1,observed_pool,0.2785947712418301,0.0,1.0,6829419.854325403,21718.67788343504,275.0525812031701,1.3148304823748882,0.0,100.0,1.0,0.0,0.0,chainlink,solver_cost,1.0,auction_beats_hook,0.04738562091503268,,,,hook_fee|linear_fee|log_fee|fixed_fee,0.0,586,0,1.0,0.47875816993464054,chainlink,chainlink,124,0x8ad599c3a0ff1de082011efddc58f1908eb6e6d8,chainlink,stress,,,,1224
study_recent,,weth_usdc_3000_month_24423092_24430291_w10,exports/study_recent/retune/s100_g5/2026_02/weth_usdc_3000_month_24423092_24430291_w10,weth_usdc,3000,24423092,24430291,10,observed_pool,0.25158227848101267,0.0,1.0,551876.7999163354,2485.1888365263585,6.599937709863298,0.3215869457281092,0.0,100.0,1.0,0.314873417721519,0.0,chainlink,solver_cost,1.0,auction_beats_hook,0.05221518987341772,,,,hook_fee|linear_fee|log_fee|fixed_fee,0.0,128,3,1.0,0.5221518987341772,chainlink,chainlink,42,0x8ad599c3a0ff1de082011efddc58f1908eb6e6d8,chainlink,stress,,,,632
study_recent,,weth_usdc_3000_month_24487892_24495091_w19,exports/study_recent/retune/s100_g5/2026_02/weth_usdc_3000_month_24487892_24495091_w19,weth_usdc,3000,24487892,24495091,19,observed_pool,0.2576271186440678,0.0,1.0,669518.1562893223,2026.2595715970965,42.232683024019934,0.554606164691637,0.0,100.0,1.0,0.14745762711864407,0.0,chainlink,solver_cost,1.0,auction_beats_hook,0.06271186440677966,,,,linear_fee|log_fee|hook_fee|fixed_fee,0.0,222,0,0.9779735682819384,0.523728813559322,chainlink,chainlink,40,0x8ad599c3a0ff1de082011efddc58f1908eb6e6d8,chainlink,stress,,,,590
study_recent,,weth_usdc_3000_month_24552692_24558867_w28,exports/study_recent/retune/s100_g5/2026_02/weth_usdc_3000_month_24552692_24558867_w28,weth_usdc,3000,24552692,24558867,28,observed_pool,0.301521438450899,0.0,1.0,1307000.242043905,8703.579141539987,12.22790839173831,0.4299333250287977,0.0,100.0,1.0,0.1825726141078838,0.0,chainlink,solver_cost,1.0,auction_beats_hook,0.07883817427385892,,,,hook_fee|linear_fee|log_fee|fixed_fee,0.0,179,0,1.0,0.43015214384508993,chainlink,chainlink,48,0x8ad599c3a0ff1de082011efddc58f1908eb6e6d8,chainlink,stress,,,,723
study_recent,,weth_usdc_3000_month_24558867_24566066_w01,exports/study_recent/retune/s100_g5/2026_03/weth_usdc_3000_month_24558867_24566066_w01,weth_usdc,3000,24558867,24566066,1,observed_pool,0.3818424566088118,0.0,1.0,1538186.1494214665,19911.292448895285,131.4235808989033,2.4097537955547357,0.0,100.0,1.0,0.0,0.0,chainlink,solver_cost,1.0,auction_beats_hook,0.022696929238985315,,,,linear_fee|log_fee|hook_fee|fixed_fee,0.0,325,0,0.9672619047619048,0.43391188251001334,chainlink,chainlink,69,0x8ad599c3a0ff1de082011efddc58f1908eb6e6d8,chainlink,stress,,,,749
study_recent,,weth_usdc_3000_month_24630867_24638066_w11,exports/study_recent/retune/s100_g5/2026_03/weth_usdc_3000_month_24630867_24638066_w11,weth_usdc,3000,24630867,24638066,11,observed_pool,0.29411764705882354,0.0,1.0,1187599.5800654483,3532.0932805968914,9.0226505107712,0.5367882582135557,0.0,100.0,1.0,0.17873303167420815,0.0,chainlink,solver_cost,1.0,auction_beats_hook,0.033936651583710405,,,,linear_fee|log_fee|hook_fee|fixed_fee,0.0,123,0,0.9461538461538461,0.45701357466063347,chainlink,chainlink,42,0x8ad599c3a0ff1de082011efddc58f1908eb6e6d8,chainlink,stress,,,,442
study_recent,,weth_usdc_3000_month_24702867_24710066_w21,exports/study_recent/retune/s100_g5/2026_03/weth_usdc_3000_month_24702867_24710066_w21,weth_usdc,3000,24702867,24710066,21,observed_pool,0.27391304347826084,0.0,1.0,263855.4504695634,702.5069499233505,-0.160458532103803,0.16737791013419023,0.0,100.0,1.0,0.10434782608695652,0.0,chainlink,solver_cost,1.0,auction_beats_hook,0.004347826086956522,,,,hook_fee|linear_fee|log_fee|fixed_fee,0.0,76,0,1.0,0.43478260869565216,chainlink,chainlink,32,0x8ad599c3a0ff1de082011efddc58f1908eb6e6d8,chainlink,stress,,,,230
study_recent,,weth_usdc_3000_month_24774867_24781026_w31,exports/study_recent/retune/s100_g5/2026_03/weth_usdc_3000_month_24774867_24781026_w31,weth_usdc,3000,24774867,24781026,31,observed_pool,0.337890625,0.0,1.0,1378164.5360143175,4241.367532296572,4.515035642078146,0.46842641158886816,0.0,100.0,1.0,0.0859375,0.0,chainlink,solver_cost,1.0,auction_beats_hook,0.03515625,,,,linear_fee|log_fee|hook_fee|fixed_fee,0.0,162,0,0.9642857142857143,0.40234375,chainlink,chainlink,39,0x8ad599c3a0ff1de082011efddc58f1908eb6e6d8,chainlink,stress,,,,512
study_recent,,weth_usdc_3000_month_24781026_24788225_w01,exports/study_recent/retune/s100_g5/2026_04/weth_usdc_3000_month_24781026_24788225_w01,weth_usdc,3000,24781026,24788225,1,observed_pool,0.34,0.0,1.0,1900903.154868032,2783.619870983064,53.208969542291015,0.7650537848192359,0.0,100.0,1.0,0.0,0.0,chainlink,solver_cost,1.0,auction_beats_hook,0.06727272727272728,,,,log_fee|linear_fee|hook_fee|fixed_fee,0.0,240,4,0.9876543209876543,0.44363636363636366,chainlink,chainlink,38,0x8ad599c3a0ff1de082011efddc58f1908eb6e6d8,chainlink,stress,,,,550
study_recent,,weth_usdc_3000_month_24853026_24860225_w11,exports/study_recent/retune/s100_g5/2026_04/weth_usdc_3000_month_24853026_24860225_w11,weth_usdc,3000,24853026,24860225,11,observed_pool,0.29577464788732394,0.0,1.0,709842.1730958873,4581.915064704488,53.90074102743529,2.088997865616299,0.0,100.0,1.0,0.30633802816901406,0.0,chainlink,solver_cost,1.0,auction_beats_hook,0.014084507042253521,,,,linear_fee|log_fee|hook_fee|fixed_fee,0.0,82,0,0.9534883720930233,0.5950704225352113,chainlink,chainlink,26,0x8ad599c3a0ff1de082011efddc58f1908eb6e6d8,chainlink,stress,,,,284
study_recent,,weth_usdc_3000_month_24917826_24925025_w20,exports/study_recent/retune/s100_g5/2026_04/weth_usdc_3000_month_24917826_24925025_w20,weth_usdc,3000,24917826,24925025,20,observed_pool,0.18491921005385997,0.0,1.0,1829542.2920957075,2097.570400910452,35.838198931654915,0.5845508785315727,0.0,100.0,1.0,0.24236983842010773,0.0,chainlink,solver_cost,1.0,auction_beats_hook,0.04308797127468582,,,,linear_fee|log_fee|hook_fee|fixed_fee,0.0,168,0,0.9940828402366864,0.5439856373429084,chainlink,chainlink,32,0x8ad599c3a0ff1de082011efddc58f1908eb6e6d8,chainlink,stress,,,,557
study_recent,,weth_usdc_3000_month_24989826_24996367_w30,exports/study_recent/retune/s100_g5/2026_04/weth_usdc_3000_month_24989826_24996367_w30,weth_usdc,3000,24989826,24996367,30,observed_pool,0.19080459770114944,0.0,1.0,610166.0924414281,3510.026407268597,36.52089674922172,0.8583029373684413,0.0,100.0,1.0,0.3839080459770115,0.0,chainlink,solver_cost,1.0,auction_beats_hook,0.04597701149425287,,,,hook_fee|linear_fee|log_fee|fixed_fee,0.0,65,0,1.0,0.5333333333333333,chainlink,chainlink,25,0x8ad599c3a0ff1de082011efddc58f1908eb6e6d8,chainlink,stress,,,,435
study_recent,,weth_usdc_3000_month_24996367_25003566_w01,exports/study_recent/retune/s100_g5/2026_05/weth_usdc_3000_month_24996367_25003566_w01,weth_usdc,3000,24996367,25003566,1,observed_pool,0.2893772893772894,0.0,1.0,893340.6037497177,5254.61455885577,17.747435129713267,1.0572438996123659,0.0,100.0,1.0,0.0,0.0,chainlink,solver_cost,1.0,auction_beats_hook,0.05128205128205128,,,,linear_fee|log_fee|hook_fee|fixed_fee,0.0,84,1,0.9767441860465116,0.31135531135531136,chainlink,chainlink,33,0x8ad599c3a0ff1de082011efddc58f1908eb6e6d8,chainlink,stress,,,,273
study_recent,,weth_usdc_3000_month_25068367_25075566_w11,exports/study_recent/retune/s100_g5/2026_05/weth_usdc_3000_month_25068367_25075566_w11,weth_usdc,3000,25068367,25075566,11,observed_pool,0.20476190476190476,0.0,1.0,492052.82353441376,1896.861682893359,13.77224256331101,0.6726780812683514,0.0,100.0,1.0,0.44761904761904764,0.0,chainlink,solver_cost,1.0,auction_beats_hook,0.05,,,,linear_fee|log_fee|hook_fee|fixed_fee,0.0,59,0,0.7375,0.5880952380952381,chainlink,chainlink,23,0x8ad599c3a0ff1de082011efddc58f1908eb6e6d8,chainlink,stress,,,,420
study_recent,,weth_usdc_3000_month_25140367_25147566_w21,exports/study_recent/retune/s100_g5/2026_05/weth_usdc_3000_month_25140367_25147566_w21,weth_usdc,3000,25140367,25147566,21,observed_pool,0.36187845303867405,0.0,1.0,636582.1007185805,714.6224363616202,2.561440645949915,0.4673668372150327,0.0,100.0,1.0,0.1878453038674033,0.0,chainlink,solver_cost,1.0,auction_beats_hook,0.06353591160220995,,,,linear_fee|log_fee|hook_fee|fixed_fee,0.0,99,1,0.9339622641509434,0.46408839779005523,chainlink,chainlink,26,0x8ad599c3a0ff1de082011efddc58f1908eb6e6d8,chainlink,stress,,,,362
study_recent,,weth_usdc_3000_month_25212367_25218797_w31,exports/study_recent/retune/s100_g5/2026_05/weth_usdc_3000_month_25212367_25218797_w31,weth_usdc,3000,25212367,25218797,31,observed_pool,0.3619047619047619,0.0,1.0,93144.55790019807,214.5828597843938,10.057431021894445,0.43592207416051115,0.0,100.0,1.0,0.11904761904761904,0.0,chainlink,solver_cost,1.0,auction_beats_hook,0.11428571428571428,,,,linear_fee|log_fee|hook_fee|fixed_fee,0.0,18,0,0.29508196721311475,0.20476190476190476,chainlink,chainlink,22,0x8ad599c3a0ff1de082011efddc58f1908eb6e6d8,chainlink,stress,,,,210
study_recent,,weth_usdc_3000_month_25218797_25225996_w01,exports/study_recent/retune/s100_g5/2026_06/weth_usdc_3000_month_25218797_25225996_w01,weth_usdc,3000,25218797,25225996,1,observed_pool,0.38441558441558443,0.0,1.0,779845.7513257927,1317.30607848824,3.2204523474210873,0.5097721423497034,0.0,100.0,1.0,0.0,0.0,chainlink,solver_cost,1.0,auction_beats_hook,0.046753246753246755,,,,hook_fee|linear_fee|log_fee|fixed_fee,0.0,165,0,1.0,0.42857142857142855,chainlink,chainlink,37,0x8ad599c3a0ff1de082011efddc58f1908eb6e6d8,chainlink,stress,,,,385
study_recent,,weth_usdc_3000_month_25290797_25297996_w11,exports/study_recent/retune/s100_g5/2026_06/weth_usdc_3000_month_25290797_25297996_w11,weth_usdc,3000,25290797,25297996,11,observed_pool,0.22291993720565148,0.0,1.0,539867.9023315585,4569.861422876129,71.68533139617648,0.6360774616050571,0.0,100.0,1.0,0.25274725274725274,0.0,chainlink,solver_cost,1.0,auction_beats_hook,0.11459968602825746,,,,linear_fee|log_fee|hook_fee|fixed_fee,0.0,149,1,0.9802631578947368,0.48822605965463106,chainlink,chainlink,38,0x8ad599c3a0ff1de082011efddc58f1908eb6e6d8,chainlink,stress,,,,637
study_recent,,weth_usdc_3000_month_25355597_25362796_w20,exports/study_recent/retune/s100_g5/2026_06/weth_usdc_3000_month_25355597_25362796_w20,weth_usdc,3000,25355597,25362796,20,observed_pool,0.2808798646362098,0.0,1.0,128694.06860602861,4358.252689428424,19.819055874075275,0.529612477595695,0.0,100.0,1.0,0.11844331641285956,0.0,chainlink,solver_cost,1.0,auction_beats_hook,0.12013536379018612,,,,linear_fee|log_fee|hook_fee|fixed_fee,0.0,77,2,0.6814159292035398,0.2521150592216582,chainlink,chainlink,25,0x8ad599c3a0ff1de082011efddc58f1908eb6e6d8,chainlink,stress,,,,591
study_recent,,weth_usdc_3000_month_25427597_25433938_w30,exports/study_recent/retune/s100_g5/2026_06/weth_usdc_3000_month_25427597_25433938_w30,weth_usdc,3000,25427597,25433938,30,observed_pool,0.23429541595925296,0.0,1.0,334091.2218332635,1710.4851349461824,9.636732057842892,0.45362897363982685,0.0,100.0,1.0,0.1969439728353141,0.0,chainlink,solver_cost,1.0,auction_beats_hook,0.03225806451612903,,,,hook_fee|linear_fee|log_fee|fixed_fee,0.0,190,0,1.0,0.5195246179966044,chainlink,chainlink,28,0x8ad599c3a0ff1de082011efddc58f1908eb6e6d8,chainlink,stress,,,,589
study_recent,,weth_usdc_3000_month_24136052_24143251_w01,exports/study_recent/retune/s200_g0.5/2026_01/weth_usdc_3000_month_24136052_24143251_w01,weth_usdc,3000,24136052,24143251,1,observed_pool,0.2876712328767123,0.09090909090909091,0.9090909090909091,490268.8589044928,1910.6363037939882,-11.034573108074255,1.8779272672090361,0.0,100.0,1.0,0.0,0.09090909090909091,chainlink,solver_cost,1.0,auction_beats_hook,0.03767123287671233,,,,linear_fee|log_fee|hook_fee|fixed_fee,0.0,58,1,0.9666666666666667,0.20205479452054795,chainlink,chainlink,28,0x8ad599c3a0ff1de082011efddc58f1908eb6e6d8,chainlink,stress,,,,292
study_recent,,weth_usdc_3000_month_24208052_24215251_w11,exports/study_recent/retune/s200_g0.5/2026_01/weth_usdc_3000_month_24208052_24215251_w11,weth_usdc,3000,24208052,24215251,11,observed_pool,0.3044397463002114,0.0,1.0,3325630.881719516,7157.620846553706,-2.1649644286371768,3.271780095329986,0.0,100.0,1.0,0.09090909090909091,0.0,chainlink,solver_cost,1.0,auction_beats_hook,0.012684989429175475,,,,linear_fee|log_fee|hook_fee|fixed_fee,0.0,80,0,0.9523809523809523,0.26004228329809725,chainlink,chainlink,26,0x8ad599c3a0ff1de082011efddc58f1908eb6e6d8,chainlink,stress,,,,473
study_recent,,weth_usdc_3000_month_24280052_24287251_w21,exports/study_recent/retune/s200_g0.5/2026_01/weth_usdc_3000_month_24280052_24287251_w21,weth_usdc,3000,24280052,24287251,21,observed_pool,0.3461077844311377,0.0,1.0,5504226.20380149,26322.13155189436,1.6672798469662666,1.7164923814302013,0.0,100.0,1.0,0.13293413173652693,0.0,chainlink,solver_cost,1.0,auction_beats_hook,0.032335329341317366,,,,linear_fee|log_fee|hook_fee|fixed_fee,0.0,233,0,0.8629629629629629,0.4119760479041916,chainlink,chainlink,56,0x8ad599c3a0ff1de082011efddc58f1908eb6e6d8,chainlink,stress,,,,835
study_recent,,weth_usdc_3000_month_24352052_24358292_w31,exports/study_recent/retune/s200_g0.5/2026_01/weth_usdc_3000_month_24352052_24358292_w31,weth_usdc,3000,24352052,24358292,31,observed_pool,0.32890070921985815,0.0,1.0,20121658.613892846,12119.970259390771,14.276610922068357,1.0325714157784596,0.0,100.0,1.0,0.01773049645390071,0.0,chainlink,solver_cost,1.0,auction_beats_hook,0.0062056737588652485,,,,linear_fee|log_fee|hook_fee|fixed_fee,0.0,442,0,0.9587852494577006,0.4095744680851064,chainlink,chainlink,96,0x8ad599c3a0ff1de082011efddc58f1908eb6e6d8,chainlink,stress,,,,1128
study_recent,,weth_usdc_3000_month_24358292_24365491_w01,exports/study_recent/retune/s200_g0.5/2026_02/weth_usdc_3000_month_24358292_24365491_w01,weth_usdc,3000,24358292,24365491,1,observed_pool,0.2785947712418301,0.0,1.0,6829359.708838411,21658.532396442257,214.90709421038628,2.94425613940495,0.0,100.0,1.0,0.0,0.0,chainlink,solver_cost,1.0,auction_beats_hook,0.03676470588235294,,,,hook_fee|linear_fee|log_fee|fixed_fee,0.0,586,0,1.0,0.47875816993464054,chainlink,chainlink,124,0x8ad599c3a0ff1de082011efddc58f1908eb6e6d8,chainlink,stress,,,,1224
study_recent,,weth_usdc_3000_month_24423092_24430291_w10,exports/study_recent/retune/s200_g0.5/2026_02/weth_usdc_3000_month_24423092_24430291_w10,weth_usdc,3000,24423092,24430291,10,observed_pool,0.25158227848101267,0.0,1.0,551872.7942695504,2481.183189741336,2.5942909248406067,0.531675872962815,0.0,100.0,1.0,0.314873417721519,0.0,chainlink,solver_cost,1.0,auction_beats_hook,0.03322784810126582,,,,hook_fee|linear_fee|log_fee|fixed_fee,0.0,128,3,1.0,0.5221518987341772,chainlink,chainlink,42,0x8ad599c3a0ff1de082011efddc58f1908eb6e6d8,chainlink,stress,,,,632
study_recent,,weth_usdc_3000_month_24487892_24495091_w19,exports/study_recent/retune/s200_g0.5/2026_02/weth_usdc_3000_month_24487892_24495091_w19,weth_usdc,3000,24487892,24495091,19,observed_pool,0.2576271186440678,0.0,1.0,669501.6347649811,2009.7380472559016,25.711158682825044,1.1908828322093763,0.0,100.0,1.0,0.14745762711864407,0.0,chainlink,solver_cost,1.0,auction_beats_hook,0.05084745762711865,,,,linear_fee|log_fee|hook_fee|fixed_fee,0.0,222,0,0.9779735682819384,0.523728813559322,chainlink,chainlink,40,0x8ad599c3a0ff1de082011efddc58f1908eb6e6d8,chainlink,stress,,,,590
study_recent,,weth_usdc_3000_month_24552692_24558867_w28,exports/study_recent/retune/s200_g0.5/2026_02/weth_usdc_3000_month_24552692_24558867_w28,weth_usdc,3000,24552692,24558867,28,observed_pool,0.301521438450899,0.0,1.0,1306990.635038285,8693.972135920078,2.620902771828696,0.7736648652041372,0.0,100.0,1.0,0.1825726141078838,0.0,chainlink,solver_cost,1.0,auction_beats_hook,0.04426002766251729,,,,hook_fee|linear_fee|log_fee|fixed_fee,0.0,179,0,1.0,0.43015214384508993,chainlink,chainlink,48,0x8ad599c3a0ff1de082011efddc58f1908eb6e6d8,chainlink,stress,,,,723
study_recent,,weth_usdc_3000_month_24558867_24566066_w01,exports/study_recent/retune/s200_g0.5/2026_03/weth_usdc_3000_month_24558867_24566066_w01,weth_usdc,3000,24558867,24566066,1,observed_pool,0.3818424566088118,0.0,1.0,1538146.1932725299,19871.33629995864,91.46743196225725,6.219986318936491,0.0,100.0,1.0,0.0,0.0,chainlink,solver_cost,1.0,auction_beats_hook,0.017356475300400534,,,,linear_fee|log_fee|hook_fee|fixed_fee,0.0,325,0,0.9672619047619048,0.43391188251001334,chainlink,chainlink,69,0x8ad599c3a0ff1de082011efddc58f1908eb6e6d8,chainlink,stress,,,,749
study_recent,,weth_usdc_3000_month_24630867_24638066_w11,exports/study_recent/retune/s200_g0.5/2026_03/weth_usdc_3000_month_24630867_24638066_w11,weth_usdc,3000,24630867,24638066,11,observed_pool,0.29411764705882354,0.0,1.0,1187593.342348812,3525.855563960504,2.7849338743835688,1.1078142164314349,0.0,100.0,1.0,0.17873303167420815,0.0,chainlink,solver_cost,1.0,auction_beats_hook,0.027149321266968326,,,,linear_fee|log_fee|hook_fee|fixed_fee,0.0,123,0,0.9461538461538461,0.45701357466063347,chainlink,chainlink,42,0x8ad599c3a0ff1de082011efddc58f1908eb6e6d8,chainlink,stress,,,,442
study_recent,,weth_usdc_3000_month_24702867_24710066_w21,exports/study_recent/retune/s200_g0.5/2026_03/weth_usdc_3000_month_24702867_24710066_w21,weth_usdc,3000,24702867,24710066,21,observed_pool,0.27391304347826084,0.0,1.0,263855.2680916533,702.3245720132254,-0.34283644222887233,0.3497558202683804,0.0,100.0,1.0,0.10434782608695652,0.0,chainlink,solver_cost,1.0,auction_beats_hook,0.004347826086956522,,,,hook_fee|linear_fee|log_fee|fixed_fee,0.0,76,0,1.0,0.43478260869565216,chainlink,chainlink,32,0x8ad599c3a0ff1de082011efddc58f1908eb6e6d8,chainlink,stress,,,,230
study_recent,,weth_usdc_3000_month_24774867_24781026_w31,exports/study_recent/retune/s200_g0.5/2026_03/weth_usdc_3000_month_24774867_24781026_w31,weth_usdc,3000,24774867,24781026,31,observed_pool,0.337890625,0.0,1.0,1378157.9036977787,4234.735215757741,-2.1172808967530727,0.9781201362381068,0.0,100.0,1.0,0.0859375,0.0,chainlink,solver_cost,1.0,auction_beats_hook,0.029296875,,,,linear_fee|log_fee|hook_fee|fixed_fee,0.0,162,0,0.9642857142857143,0.40234375,chainlink,chainlink,39,0x8ad599c3a0ff1de082011efddc58f1908eb6e6d8,chainlink,stress,,,,512
study_recent,,weth_usdc_3000_month_24781026_24788225_w01,exports/study_recent/retune/s200_g0.5/2026_04/weth_usdc_3000_month_24781026_24788225_w01,weth_usdc,3000,24781026,24788225,1,observed_pool,0.34,0.0,1.0,1900882.893632747,2763.3586356979795,32.94773425720632,1.635275913428934,0.0,100.0,1.0,0.0,0.0,chainlink,solver_cost,1.0,auction_beats_hook,0.05090909090909091,,,,log_fee|linear_fee|hook_fee|fixed_fee,0.0,240,4,0.9876543209876543,0.44363636363636366,chainlink,chainlink,38,0x8ad599c3a0ff1de082011efddc58f1908eb6e6d8,chainlink,stress,,,,550
study_recent,,weth_usdc_3000_month_24853026_24860225_w11,exports/study_recent/retune/s200_g0.5/2026_04/weth_usdc_3000_month_24853026_24860225_w11,weth_usdc,3000,24853026,24860225,11,observed_pool,0.29577464788732394,0.0,1.0,709833.7571044249,4573.49907324207,45.48474956501741,4.192995731232598,0.0,100.0,1.0,0.30633802816901406,0.0,chainlink,solver_cost,1.0,auction_beats_hook,0.014084507042253521,,,,linear_fee|log_fee|hook_fee|fixed_fee,0.0,82,0,0.9534883720930233,0.5950704225352113,chainlink,chainlink,26,0x8ad599c3a0ff1de082011efddc58f1908eb6e6d8,chainlink,stress,,,,284
study_recent,,weth_usdc_3000_month_24917826_24925025_w20,exports/study_recent/retune/s200_g0.5/2026_04/weth_usdc_3000_month_24917826_24925025_w20,weth_usdc,3000,24917826,24925025,20,observed_pool,0.18491921005385997,0.0,1.0,1829530.104093845,2085.3823990479577,23.65019706916064,1.1628828909642865,0.0,100.0,1.0,0.24236983842010773,0.0,chainlink,solver_cost,1.0,auction_beats_hook,0.03949730700179533,,,,linear_fee|log_fee|hook_fee|fixed_fee,0.0,168,0,0.9940828402366864,0.5439856373429084,chainlink,chainlink,32,0x8ad599c3a0ff1de082011efddc58f1908eb6e6d8,chainlink,stress,,,,557
study_recent,,weth_usdc_3000_month_24989826_24996367_w30,exports/study_recent/retune/s200_g0.5/2026_04/weth_usdc_3000_month_24989826_24996367_w30,weth_usdc,3000,24989826,24996367,30,observed_pool,0.19080459770114944,0.0,1.0,610151.6541778869,3495.588143727393,22.082633208017796,1.683251771529764,0.0,100.0,1.0,0.3839080459770115,0.0,chainlink,solver_cost,1.0,auction_beats_hook,0.041379310344827586,,,,hook_fee|linear_fee|log_fee|fixed_fee,0.0,65,0,1.0,0.5333333333333333,chainlink,chainlink,25,0x8ad599c3a0ff1de082011efddc58f1908eb6e6d8,chainlink,stress,,,,435
study_recent,,weth_usdc_3000_month_24996367_25003566_w01,exports/study_recent/retune/s200_g0.5/2026_05/weth_usdc_3000_month_24996367_25003566_w01,weth_usdc,3000,24996367,25003566,1,observed_pool,0.2893772893772894,0.0,1.0,893330.6551812936,5244.665990431677,7.79886670561973,1.8378373168978346,0.0,100.0,1.0,0.0,0.0,chainlink,solver_cost,1.0,auction_beats_hook,0.04395604395604396,,,,linear_fee|log_fee|hook_fee|fixed_fee,0.0,84,1,0.9767441860465116,0.31135531135531136,chainlink,chainlink,33,0x8ad599c3a0ff1de082011efddc58f1908eb6e6d8,chainlink,stress,,,,273
study_recent,,weth_usdc_3000_month_25068367_25075566_w11,exports/study_recent/retune/s200_g0.5/2026_05/weth_usdc_3000_month_25068367_25075566_w11,weth_usdc,3000,25068367,25075566,11,observed_pool,0.20476190476190476,0.0,1.0,492041.4662770931,1885.504425572697,2.4149852426489815,1.2092342791872037,0.0,100.0,1.0,0.44761904761904764,0.0,chainlink,solver_cost,1.0,auction_beats_hook,0.047619047619047616,,,,linear_fee|log_fee|hook_fee|fixed_fee,0.0,59,0,0.7375,0.5880952380952381,chainlink,chainlink,23,0x8ad599c3a0ff1de082011efddc58f1908eb6e6d8,chainlink,stress,,,,420
study_recent,,weth_usdc_3000_month_25140367_25147566_w21,exports/study_recent/retune/s200_g0.5/2026_05/weth_usdc_3000_month_25140367_25147566_w21,weth_usdc,3000,25140367,25147566,21,observed_pool,0.36187845303867405,0.0,1.0,636576.8621136189,709.3838313999586,-2.677164315711707,0.8416536595889481,0.0,100.0,1.0,0.1878453038674033,0.0,chainlink,solver_cost,1.0,auction_beats_hook,0.04696132596685083,,,,linear_fee|log_fee|hook_fee|fixed_fee,0.0,99,1,0.9339622641509434,0.46408839779005523,chainlink,chainlink,26,0x8ad599c3a0ff1de082011efddc58f1908eb6e6d8,chainlink,stress,,,,362
study_recent,,weth_usdc_3000_month_25212367_25218797_w31,exports/study_recent/retune/s200_g0.5/2026_05/weth_usdc_3000_month_25212367_25218797_w31,weth_usdc,3000,25212367,25218797,31,observed_pool,0.3619047619047619,0.0,1.0,93139.40465064158,209.42961022790405,4.90418146540469,0.7537193781116408,0.0,100.0,1.0,0.11904761904761904,0.0,chainlink,solver_cost,1.0,auction_beats_hook,0.08571428571428572,,,,linear_fee|log_fee|hook_fee|fixed_fee,0.0,18,0,0.29508196721311475,0.20476190476190476,chainlink,chainlink,22,0x8ad599c3a0ff1de082011efddc58f1908eb6e6d8,chainlink,stress,,,,210
study_recent,,weth_usdc_3000_month_25218797_25225996_w01,exports/study_recent/retune/s200_g0.5/2026_06/weth_usdc_3000_month_25218797_25225996_w01,weth_usdc,3000,25218797,25225996,1,observed_pool,0.38441558441558443,0.0,1.0,779841.7098376665,1313.2645903619705,-0.8210357788484544,0.8746978483971249,0.0,100.0,1.0,0.0,0.0,chainlink,solver_cost,1.0,auction_beats_hook,0.033766233766233764,,,,hook_fee|linear_fee|log_fee|fixed_fee,0.0,165,0,1.0,0.42857142857142855,chainlink,chainlink,37,0x8ad599c3a0ff1de082011efddc58f1908eb6e6d8,chainlink,stress,,,,385
study_recent,,weth_usdc_3000_month_25290797_25297996_w11,exports/study_recent/retune/s200_g0.5/2026_06/weth_usdc_3000_month_25290797_25297996_w11,weth_usdc,3000,25290797,25297996,11,observed_pool,0.22291993720565148,0.0,1.0,539848.4744181362,4550.433509453782,52.25741797382943,1.2564425598925584,0.0,100.0,1.0,0.25274725274725274,0.0,chainlink,solver_cost,1.0,auction_beats_hook,0.0706436420722135,,,,linear_fee|log_fee|hook_fee|fixed_fee,0.0,149,1,0.9802631578947368,0.48822605965463106,chainlink,chainlink,38,0x8ad599c3a0ff1de082011efddc58f1908eb6e6d8,chainlink,stress,,,,637
study_recent,,weth_usdc_3000_month_25355597_25362796_w20,exports/study_recent/retune/s200_g0.5/2026_06/weth_usdc_3000_month_25355597_25362796_w20,weth_usdc,3000,25355597,25362796,20,observed_pool,0.2808798646362098,0.0,1.0,128679.53714243558,4343.7212258353975,5.287592281049001,0.9758023887050595,0.0,100.0,1.0,0.11844331641285956,0.0,chainlink,solver_cost,1.0,auction_beats_hook,0.07614213197969544,,,,linear_fee|log_fee|hook_fee|fixed_fee,0.0,77,2,0.6814159292035398,0.2521150592216582,chainlink,chainlink,25,0x8ad599c3a0ff1de082011efddc58f1908eb6e6d8,chainlink,stress,,,,591
study_recent,,weth_usdc_3000_month_25427597_25433938_w30,exports/study_recent/retune/s200_g0.5/2026_06/weth_usdc_3000_month_25427597_25433938_w30,weth_usdc,3000,25427597,25433938,30,observed_pool,0.23429541595925296,0.0,1.0,334084.2232688295,1703.4865705121774,2.638167623837944,0.8647518408354271,0.0,100.0,1.0,0.1969439728353141,0.0,chainlink,solver_cost,1.0,auction_beats_hook,0.028862478777589132,,,,hook_fee|linear_fee|log_fee|fixed_fee,0.0,190,0,1.0,0.5195246179966044,chainlink,chainlink,28,0x8ad599c3a0ff1de082011efddc58f1908eb6e6d8,chainlink,stress,,,,589
study_recent,,weth_usdc_3000_month_24136052_24143251_w01,exports/study_recent/retune/s200_g2/2026_01/weth_usdc_3000_month_24136052_24143251_w01,weth_usdc,3000,24136052,24143251,1,observed_pool,0.2876712328767123,0.09090909090909091,0.9090909090909091,490268.8589044928,1910.6363037939882,-11.034573108074255,1.8779272672090361,0.0,100.0,1.0,0.0,0.09090909090909091,chainlink,solver_cost,1.0,auction_beats_hook,0.03767123287671233,,,,linear_fee|log_fee|hook_fee|fixed_fee,0.0,58,1,0.9666666666666667,0.20205479452054795,chainlink,chainlink,28,0x8ad599c3a0ff1de082011efddc58f1908eb6e6d8,chainlink,stress,,,,292
study_recent,,weth_usdc_3000_month_24208052_24215251_w11,exports/study_recent/retune/s200_g2/2026_01/weth_usdc_3000_month_24208052_24215251_w11,weth_usdc,3000,24208052,24215251,11,observed_pool,0.3044397463002114,0.0,1.0,3325630.881719516,7157.620846553706,-2.1649644286371768,3.271780095329986,0.0,100.0,1.0,0.09090909090909091,0.0,chainlink,solver_cost,1.0,auction_beats_hook,0.012684989429175475,,,,linear_fee|log_fee|hook_fee|fixed_fee,0.0,80,0,0.9523809523809523,0.26004228329809725,chainlink,chainlink,26,0x8ad599c3a0ff1de082011efddc58f1908eb6e6d8,chainlink,stress,,,,473
study_recent,,weth_usdc_3000_month_24280052_24287251_w21,exports/study_recent/retune/s200_g2/2026_01/weth_usdc_3000_month_24280052_24287251_w21,weth_usdc,3000,24280052,24287251,21,observed_pool,0.3461077844311377,0.0,1.0,5504226.20380149,26322.13155189436,1.6672798469662666,1.7164923814302013,0.0,100.0,1.0,0.13293413173652693,0.0,chainlink,solver_cost,1.0,auction_beats_hook,0.032335329341317366,,,,linear_fee|log_fee|hook_fee|fixed_fee,0.0,233,0,0.8629629629629629,0.4119760479041916,chainlink,chainlink,56,0x8ad599c3a0ff1de082011efddc58f1908eb6e6d8,chainlink,stress,,,,835
study_recent,,weth_usdc_3000_month_24352052_24358292_w31,exports/study_recent/retune/s200_g2/2026_01/weth_usdc_3000_month_24352052_24358292_w31,weth_usdc,3000,24352052,24358292,31,observed_pool,0.32890070921985815,0.0,1.0,20121658.613892846,12119.970259390771,14.276610922068357,1.0325714157784596,0.0,100.0,1.0,0.01773049645390071,0.0,chainlink,solver_cost,1.0,auction_beats_hook,0.0062056737588652485,,,,linear_fee|log_fee|hook_fee|fixed_fee,0.0,442,0,0.9587852494577006,0.4095744680851064,chainlink,chainlink,96,0x8ad599c3a0ff1de082011efddc58f1908eb6e6d8,chainlink,stress,,,,1128
study_recent,,weth_usdc_3000_month_24358292_24365491_w01,exports/study_recent/retune/s200_g2/2026_02/weth_usdc_3000_month_24358292_24365491_w01,weth_usdc,3000,24358292,24365491,1,observed_pool,0.2785947712418301,0.0,1.0,6829359.708838411,21658.532396442257,214.90709421038628,2.94425613940495,0.0,100.0,1.0,0.0,0.0,chainlink,solver_cost,1.0,auction_beats_hook,0.03676470588235294,,,,hook_fee|linear_fee|log_fee|fixed_fee,0.0,586,0,1.0,0.47875816993464054,chainlink,chainlink,124,0x8ad599c3a0ff1de082011efddc58f1908eb6e6d8,chainlink,stress,,,,1224
study_recent,,weth_usdc_3000_month_24423092_24430291_w10,exports/study_recent/retune/s200_g2/2026_02/weth_usdc_3000_month_24423092_24430291_w10,weth_usdc,3000,24423092,24430291,10,observed_pool,0.25158227848101267,0.0,1.0,551872.7942695504,2481.183189741336,2.5942909248406067,0.531675872962815,0.0,100.0,1.0,0.314873417721519,0.0,chainlink,solver_cost,1.0,auction_beats_hook,0.03322784810126582,,,,hook_fee|linear_fee|log_fee|fixed_fee,0.0,128,3,1.0,0.5221518987341772,chainlink,chainlink,42,0x8ad599c3a0ff1de082011efddc58f1908eb6e6d8,chainlink,stress,,,,632
study_recent,,weth_usdc_3000_month_24487892_24495091_w19,exports/study_recent/retune/s200_g2/2026_02/weth_usdc_3000_month_24487892_24495091_w19,weth_usdc,3000,24487892,24495091,19,observed_pool,0.2576271186440678,0.0,1.0,669501.6347649811,2009.7380472559016,25.711158682825044,1.1908828322093763,0.0,100.0,1.0,0.14745762711864407,0.0,chainlink,solver_cost,1.0,auction_beats_hook,0.05084745762711865,,,,linear_fee|log_fee|hook_fee|fixed_fee,0.0,222,0,0.9779735682819384,0.523728813559322,chainlink,chainlink,40,0x8ad599c3a0ff1de082011efddc58f1908eb6e6d8,chainlink,stress,,,,590
study_recent,,weth_usdc_3000_month_24552692_24558867_w28,exports/study_recent/retune/s200_g2/2026_02/weth_usdc_3000_month_24552692_24558867_w28,weth_usdc,3000,24552692,24558867,28,observed_pool,0.301521438450899,0.0,1.0,1306990.635038285,8693.972135920078,2.620902771828696,0.7736648652041372,0.0,100.0,1.0,0.1825726141078838,0.0,chainlink,solver_cost,1.0,auction_beats_hook,0.04426002766251729,,,,hook_fee|linear_fee|log_fee|fixed_fee,0.0,179,0,1.0,0.43015214384508993,chainlink,chainlink,48,0x8ad599c3a0ff1de082011efddc58f1908eb6e6d8,chainlink,stress,,,,723
study_recent,,weth_usdc_3000_month_24558867_24566066_w01,exports/study_recent/retune/s200_g2/2026_03/weth_usdc_3000_month_24558867_24566066_w01,weth_usdc,3000,24558867,24566066,1,observed_pool,0.3818424566088118,0.0,1.0,1538146.1932725299,19871.33629995864,91.46743196225725,6.219986318936491,0.0,100.0,1.0,0.0,0.0,chainlink,solver_cost,1.0,auction_beats_hook,0.017356475300400534,,,,linear_fee|log_fee|hook_fee|fixed_fee,0.0,325,0,0.9672619047619048,0.43391188251001334,chainlink,chainlink,69,0x8ad599c3a0ff1de082011efddc58f1908eb6e6d8,chainlink,stress,,,,749
study_recent,,weth_usdc_3000_month_24630867_24638066_w11,exports/study_recent/retune/s200_g2/2026_03/weth_usdc_3000_month_24630867_24638066_w11,weth_usdc,3000,24630867,24638066,11,observed_pool,0.29411764705882354,0.0,1.0,1187593.342348812,3525.855563960504,2.7849338743835688,1.1078142164314349,0.0,100.0,1.0,0.17873303167420815,0.0,chainlink,solver_cost,1.0,auction_beats_hook,0.027149321266968326,,,,linear_fee|log_fee|hook_fee|fixed_fee,0.0,123,0,0.9461538461538461,0.45701357466063347,chainlink,chainlink,42,0x8ad599c3a0ff1de082011efddc58f1908eb6e6d8,chainlink,stress,,,,442
study_recent,,weth_usdc_3000_month_24702867_24710066_w21,exports/study_recent/retune/s200_g2/2026_03/weth_usdc_3000_month_24702867_24710066_w21,weth_usdc,3000,24702867,24710066,21,observed_pool,0.27391304347826084,0.0,1.0,263855.2680916533,702.3245720132254,-0.34283644222887233,0.3497558202683804,0.0,100.0,1.0,0.10434782608695652,0.0,chainlink,solver_cost,1.0,auction_beats_hook,0.004347826086956522,,,,hook_fee|linear_fee|log_fee|fixed_fee,0.0,76,0,1.0,0.43478260869565216,chainlink,chainlink,32,0x8ad599c3a0ff1de082011efddc58f1908eb6e6d8,chainlink,stress,,,,230
study_recent,,weth_usdc_3000_month_24774867_24781026_w31,exports/study_recent/retune/s200_g2/2026_03/weth_usdc_3000_month_24774867_24781026_w31,weth_usdc,3000,24774867,24781026,31,observed_pool,0.337890625,0.0,1.0,1378157.9036977787,4234.735215757741,-2.1172808967530727,0.9781201362381068,0.0,100.0,1.0,0.0859375,0.0,chainlink,solver_cost,1.0,auction_beats_hook,0.029296875,,,,linear_fee|log_fee|hook_fee|fixed_fee,0.0,162,0,0.9642857142857143,0.40234375,chainlink,chainlink,39,0x8ad599c3a0ff1de082011efddc58f1908eb6e6d8,chainlink,stress,,,,512
study_recent,,weth_usdc_3000_month_24781026_24788225_w01,exports/study_recent/retune/s200_g2/2026_04/weth_usdc_3000_month_24781026_24788225_w01,weth_usdc,3000,24781026,24788225,1,observed_pool,0.34,0.0,1.0,1900882.893632747,2763.3586356979795,32.94773425720632,1.635275913428934,0.0,100.0,1.0,0.0,0.0,chainlink,solver_cost,1.0,auction_beats_hook,0.05090909090909091,,,,log_fee|linear_fee|hook_fee|fixed_fee,0.0,240,4,0.9876543209876543,0.44363636363636366,chainlink,chainlink,38,0x8ad599c3a0ff1de082011efddc58f1908eb6e6d8,chainlink,stress,,,,550
study_recent,,weth_usdc_3000_month_24853026_24860225_w11,exports/study_recent/retune/s200_g2/2026_04/weth_usdc_3000_month_24853026_24860225_w11,weth_usdc,3000,24853026,24860225,11,observed_pool,0.29577464788732394,0.0,1.0,709833.7571044249,4573.49907324207,45.48474956501741,4.192995731232598,0.0,100.0,1.0,0.30633802816901406,0.0,chainlink,solver_cost,1.0,auction_beats_hook,0.014084507042253521,,,,linear_fee|log_fee|hook_fee|fixed_fee,0.0,82,0,0.9534883720930233,0.5950704225352113,chainlink,chainlink,26,0x8ad599c3a0ff1de082011efddc58f1908eb6e6d8,chainlink,stress,,,,284
study_recent,,weth_usdc_3000_month_24917826_24925025_w20,exports/study_recent/retune/s200_g2/2026_04/weth_usdc_3000_month_24917826_24925025_w20,weth_usdc,3000,24917826,24925025,20,observed_pool,0.18491921005385997,0.0,1.0,1829530.104093845,2085.3823990479577,23.65019706916064,1.1628828909642865,0.0,100.0,1.0,0.24236983842010773,0.0,chainlink,solver_cost,1.0,auction_beats_hook,0.03949730700179533,,,,linear_fee|log_fee|hook_fee|fixed_fee,0.0,168,0,0.9940828402366864,0.5439856373429084,chainlink,chainlink,32,0x8ad599c3a0ff1de082011efddc58f1908eb6e6d8,chainlink,stress,,,,557
study_recent,,weth_usdc_3000_month_24989826_24996367_w30,exports/study_recent/retune/s200_g2/2026_04/weth_usdc_3000_month_24989826_24996367_w30,weth_usdc,3000,24989826,24996367,30,observed_pool,0.19080459770114944,0.0,1.0,610151.6541778869,3495.588143727393,22.082633208017796,1.683251771529764,0.0,100.0,1.0,0.3839080459770115,0.0,chainlink,solver_cost,1.0,auction_beats_hook,0.041379310344827586,,,,hook_fee|linear_fee|log_fee|fixed_fee,0.0,65,0,1.0,0.5333333333333333,chainlink,chainlink,25,0x8ad599c3a0ff1de082011efddc58f1908eb6e6d8,chainlink,stress,,,,435
study_recent,,weth_usdc_3000_month_24996367_25003566_w01,exports/study_recent/retune/s200_g2/2026_05/weth_usdc_3000_month_24996367_25003566_w01,weth_usdc,3000,24996367,25003566,1,observed_pool,0.2893772893772894,0.0,1.0,893330.6551812936,5244.665990431677,7.79886670561973,1.8378373168978346,0.0,100.0,1.0,0.0,0.0,chainlink,solver_cost,1.0,auction_beats_hook,0.04395604395604396,,,,linear_fee|log_fee|hook_fee|fixed_fee,0.0,84,1,0.9767441860465116,0.31135531135531136,chainlink,chainlink,33,0x8ad599c3a0ff1de082011efddc58f1908eb6e6d8,chainlink,stress,,,,273
study_recent,,weth_usdc_3000_month_25068367_25075566_w11,exports/study_recent/retune/s200_g2/2026_05/weth_usdc_3000_month_25068367_25075566_w11,weth_usdc,3000,25068367,25075566,11,observed_pool,0.20476190476190476,0.0,1.0,492041.4662770931,1885.504425572697,2.4149852426489815,1.2092342791872037,0.0,100.0,1.0,0.44761904761904764,0.0,chainlink,solver_cost,1.0,auction_beats_hook,0.047619047619047616,,,,linear_fee|log_fee|hook_fee|fixed_fee,0.0,59,0,0.7375,0.5880952380952381,chainlink,chainlink,23,0x8ad599c3a0ff1de082011efddc58f1908eb6e6d8,chainlink,stress,,,,420
study_recent,,weth_usdc_3000_month_25140367_25147566_w21,exports/study_recent/retune/s200_g2/2026_05/weth_usdc_3000_month_25140367_25147566_w21,weth_usdc,3000,25140367,25147566,21,observed_pool,0.36187845303867405,0.0,1.0,636576.8621136189,709.3838313999586,-2.677164315711707,0.8416536595889481,0.0,100.0,1.0,0.1878453038674033,0.0,chainlink,solver_cost,1.0,auction_beats_hook,0.04696132596685083,,,,linear_fee|log_fee|hook_fee|fixed_fee,0.0,99,1,0.9339622641509434,0.46408839779005523,chainlink,chainlink,26,0x8ad599c3a0ff1de082011efddc58f1908eb6e6d8,chainlink,stress,,,,362
study_recent,,weth_usdc_3000_month_25212367_25218797_w31,exports/study_recent/retune/s200_g2/2026_05/weth_usdc_3000_month_25212367_25218797_w31,weth_usdc,3000,25212367,25218797,31,observed_pool,0.3619047619047619,0.0,1.0,93139.40465064158,209.42961022790405,4.90418146540469,0.7537193781116408,0.0,100.0,1.0,0.11904761904761904,0.0,chainlink,solver_cost,1.0,auction_beats_hook,0.08571428571428572,,,,linear_fee|log_fee|hook_fee|fixed_fee,0.0,18,0,0.29508196721311475,0.20476190476190476,chainlink,chainlink,22,0x8ad599c3a0ff1de082011efddc58f1908eb6e6d8,chainlink,stress,,,,210
study_recent,,weth_usdc_3000_month_25218797_25225996_w01,exports/study_recent/retune/s200_g2/2026_06/weth_usdc_3000_month_25218797_25225996_w01,weth_usdc,3000,25218797,25225996,1,observed_pool,0.38441558441558443,0.0,1.0,779841.7098376665,1313.2645903619705,-0.8210357788484544,0.8746978483971249,0.0,100.0,1.0,0.0,0.0,chainlink,solver_cost,1.0,auction_beats_hook,0.033766233766233764,,,,hook_fee|linear_fee|log_fee|fixed_fee,0.0,165,0,1.0,0.42857142857142855,chainlink,chainlink,37,0x8ad599c3a0ff1de082011efddc58f1908eb6e6d8,chainlink,stress,,,,385
study_recent,,weth_usdc_3000_month_25290797_25297996_w11,exports/study_recent/retune/s200_g2/2026_06/weth_usdc_3000_month_25290797_25297996_w11,weth_usdc,3000,25290797,25297996,11,observed_pool,0.22291993720565148,0.0,1.0,539848.4744181362,4550.433509453782,52.25741797382943,1.2564425598925584,0.0,100.0,1.0,0.25274725274725274,0.0,chainlink,solver_cost,1.0,auction_beats_hook,0.0706436420722135,,,,linear_fee|log_fee|hook_fee|fixed_fee,0.0,149,1,0.9802631578947368,0.48822605965463106,chainlink,chainlink,38,0x8ad599c3a0ff1de082011efddc58f1908eb6e6d8,chainlink,stress,,,,637
study_recent,,weth_usdc_3000_month_25355597_25362796_w20,exports/study_recent/retune/s200_g2/2026_06/weth_usdc_3000_month_25355597_25362796_w20,weth_usdc,3000,25355597,25362796,20,observed_pool,0.2808798646362098,0.0,1.0,128679.53714243558,4343.7212258353975,5.287592281049001,0.9758023887050595,0.0,100.0,1.0,0.11844331641285956,0.0,chainlink,solver_cost,1.0,auction_beats_hook,0.07614213197969544,,,,linear_fee|log_fee|hook_fee|fixed_fee,0.0,77,2,0.6814159292035398,0.2521150592216582,chainlink,chainlink,25,0x8ad599c3a0ff1de082011efddc58f1908eb6e6d8,chainlink,stress,,,,591
study_recent,,weth_usdc_3000_month_25427597_25433938_w30,exports/study_recent/retune/s200_g2/2026_06/weth_usdc_3000_month_25427597_25433938_w30,weth_usdc,3000,25427597,25433938,30,observed_pool,0.23429541595925296,0.0,1.0,334084.2232688295,1703.4865705121774,2.638167623837944,0.8647518408354271,0.0,100.0,1.0,0.1969439728353141,0.0,chainlink,solver_cost,1.0,auction_beats_hook,0.028862478777589132,,,,hook_fee|linear_fee|log_fee|fixed_fee,0.0,190,0,1.0,0.5195246179966044,chainlink,chainlink,28,0x8ad599c3a0ff1de082011efddc58f1908eb6e6d8,chainlink,stress,,,,589
study_recent,,weth_usdc_3000_month_24136052_24143251_w01,exports/study_recent/retune/s200_g5/2026_01/weth_usdc_3000_month_24136052_24143251_w01,weth_usdc,3000,24136052,24143251,1,observed_pool,0.2876712328767123,0.09090909090909091,0.9090909090909091,490268.8589044928,1910.6363037939882,-11.034573108074255,1.8779272672090361,0.0,100.0,1.0,0.0,0.09090909090909091,chainlink,solver_cost,1.0,auction_beats_hook,0.03767123287671233,,,,linear_fee|log_fee|hook_fee|fixed_fee,0.0,58,1,0.9666666666666667,0.20205479452054795,chainlink,chainlink,28,0x8ad599c3a0ff1de082011efddc58f1908eb6e6d8,chainlink,stress,,,,292
study_recent,,weth_usdc_3000_month_24208052_24215251_w11,exports/study_recent/retune/s200_g5/2026_01/weth_usdc_3000_month_24208052_24215251_w11,weth_usdc,3000,24208052,24215251,11,observed_pool,0.3044397463002114,0.0,1.0,3325630.881719516,7157.620846553706,-2.1649644286371768,3.271780095329986,0.0,100.0,1.0,0.09090909090909091,0.0,chainlink,solver_cost,1.0,auction_beats_hook,0.012684989429175475,,,,linear_fee|log_fee|hook_fee|fixed_fee,0.0,80,0,0.9523809523809523,0.26004228329809725,chainlink,chainlink,26,0x8ad599c3a0ff1de082011efddc58f1908eb6e6d8,chainlink,stress,,,,473
study_recent,,weth_usdc_3000_month_24280052_24287251_w21,exports/study_recent/retune/s200_g5/2026_01/weth_usdc_3000_month_24280052_24287251_w21,weth_usdc,3000,24280052,24287251,21,observed_pool,0.3461077844311377,0.0,1.0,5504226.20380149,26322.13155189436,1.6672798469662666,1.7164923814302013,0.0,100.0,1.0,0.13293413173652693,0.0,chainlink,solver_cost,1.0,auction_beats_hook,0.032335329341317366,,,,linear_fee|log_fee|hook_fee|fixed_fee,0.0,233,0,0.8629629629629629,0.4119760479041916,chainlink,chainlink,56,0x8ad599c3a0ff1de082011efddc58f1908eb6e6d8,chainlink,stress,,,,835
study_recent,,weth_usdc_3000_month_24352052_24358292_w31,exports/study_recent/retune/s200_g5/2026_01/weth_usdc_3000_month_24352052_24358292_w31,weth_usdc,3000,24352052,24358292,31,observed_pool,0.32890070921985815,0.0,1.0,20121658.613892846,12119.970259390771,14.276610922068357,1.0325714157784596,0.0,100.0,1.0,0.01773049645390071,0.0,chainlink,solver_cost,1.0,auction_beats_hook,0.0062056737588652485,,,,linear_fee|log_fee|hook_fee|fixed_fee,0.0,442,0,0.9587852494577006,0.4095744680851064,chainlink,chainlink,96,0x8ad599c3a0ff1de082011efddc58f1908eb6e6d8,chainlink,stress,,,,1128
study_recent,,weth_usdc_3000_month_24358292_24365491_w01,exports/study_recent/retune/s200_g5/2026_02/weth_usdc_3000_month_24358292_24365491_w01,weth_usdc,3000,24358292,24365491,1,observed_pool,0.2785947712418301,0.0,1.0,6829359.708838411,21658.532396442257,214.90709421038628,2.94425613940495,0.0,100.0,1.0,0.0,0.0,chainlink,solver_cost,1.0,auction_beats_hook,0.03676470588235294,,,,hook_fee|linear_fee|log_fee|fixed_fee,0.0,586,0,1.0,0.47875816993464054,chainlink,chainlink,124,0x8ad599c3a0ff1de082011efddc58f1908eb6e6d8,chainlink,stress,,,,1224
study_recent,,weth_usdc_3000_month_24423092_24430291_w10,exports/study_recent/retune/s200_g5/2026_02/weth_usdc_3000_month_24423092_24430291_w10,weth_usdc,3000,24423092,24430291,10,observed_pool,0.25158227848101267,0.0,1.0,551872.7942695504,2481.183189741336,2.5942909248406067,0.531675872962815,0.0,100.0,1.0,0.314873417721519,0.0,chainlink,solver_cost,1.0,auction_beats_hook,0.03322784810126582,,,,hook_fee|linear_fee|log_fee|fixed_fee,0.0,128,3,1.0,0.5221518987341772,chainlink,chainlink,42,0x8ad599c3a0ff1de082011efddc58f1908eb6e6d8,chainlink,stress,,,,632
study_recent,,weth_usdc_3000_month_24487892_24495091_w19,exports/study_recent/retune/s200_g5/2026_02/weth_usdc_3000_month_24487892_24495091_w19,weth_usdc,3000,24487892,24495091,19,observed_pool,0.2576271186440678,0.0,1.0,669501.6347649811,2009.7380472559016,25.711158682825044,1.1908828322093763,0.0,100.0,1.0,0.14745762711864407,0.0,chainlink,solver_cost,1.0,auction_beats_hook,0.05084745762711865,,,,linear_fee|log_fee|hook_fee|fixed_fee,0.0,222,0,0.9779735682819384,0.523728813559322,chainlink,chainlink,40,0x8ad599c3a0ff1de082011efddc58f1908eb6e6d8,chainlink,stress,,,,590
study_recent,,weth_usdc_3000_month_24552692_24558867_w28,exports/study_recent/retune/s200_g5/2026_02/weth_usdc_3000_month_24552692_24558867_w28,weth_usdc,3000,24552692,24558867,28,observed_pool,0.301521438450899,0.0,1.0,1306990.635038285,8693.972135920078,2.620902771828696,0.7736648652041372,0.0,100.0,1.0,0.1825726141078838,0.0,chainlink,solver_cost,1.0,auction_beats_hook,0.04426002766251729,,,,hook_fee|linear_fee|log_fee|fixed_fee,0.0,179,0,1.0,0.43015214384508993,chainlink,chainlink,48,0x8ad599c3a0ff1de082011efddc58f1908eb6e6d8,chainlink,stress,,,,723
study_recent,,weth_usdc_3000_month_24558867_24566066_w01,exports/study_recent/retune/s200_g5/2026_03/weth_usdc_3000_month_24558867_24566066_w01,weth_usdc,3000,24558867,24566066,1,observed_pool,0.3818424566088118,0.0,1.0,1538146.1932725299,19871.33629995864,91.46743196225725,6.219986318936491,0.0,100.0,1.0,0.0,0.0,chainlink,solver_cost,1.0,auction_beats_hook,0.017356475300400534,,,,linear_fee|log_fee|hook_fee|fixed_fee,0.0,325,0,0.9672619047619048,0.43391188251001334,chainlink,chainlink,69,0x8ad599c3a0ff1de082011efddc58f1908eb6e6d8,chainlink,stress,,,,749
study_recent,,weth_usdc_3000_month_24630867_24638066_w11,exports/study_recent/retune/s200_g5/2026_03/weth_usdc_3000_month_24630867_24638066_w11,weth_usdc,3000,24630867,24638066,11,observed_pool,0.29411764705882354,0.0,1.0,1187593.342348812,3525.855563960504,2.7849338743835688,1.1078142164314349,0.0,100.0,1.0,0.17873303167420815,0.0,chainlink,solver_cost,1.0,auction_beats_hook,0.027149321266968326,,,,linear_fee|log_fee|hook_fee|fixed_fee,0.0,123,0,0.9461538461538461,0.45701357466063347,chainlink,chainlink,42,0x8ad599c3a0ff1de082011efddc58f1908eb6e6d8,chainlink,stress,,,,442
study_recent,,weth_usdc_3000_month_24702867_24710066_w21,exports/study_recent/retune/s200_g5/2026_03/weth_usdc_3000_month_24702867_24710066_w21,weth_usdc,3000,24702867,24710066,21,observed_pool,0.27391304347826084,0.0,1.0,263855.2680916533,702.3245720132254,-0.34283644222887233,0.3497558202683804,0.0,100.0,1.0,0.10434782608695652,0.0,chainlink,solver_cost,1.0,auction_beats_hook,0.004347826086956522,,,,hook_fee|linear_fee|log_fee|fixed_fee,0.0,76,0,1.0,0.43478260869565216,chainlink,chainlink,32,0x8ad599c3a0ff1de082011efddc58f1908eb6e6d8,chainlink,stress,,,,230
study_recent,,weth_usdc_3000_month_24774867_24781026_w31,exports/study_recent/retune/s200_g5/2026_03/weth_usdc_3000_month_24774867_24781026_w31,weth_usdc,3000,24774867,24781026,31,observed_pool,0.337890625,0.0,1.0,1378157.9036977787,4234.735215757741,-2.1172808967530727,0.9781201362381068,0.0,100.0,1.0,0.0859375,0.0,chainlink,solver_cost,1.0,auction_beats_hook,0.029296875,,,,linear_fee|log_fee|hook_fee|fixed_fee,0.0,162,0,0.9642857142857143,0.40234375,chainlink,chainlink,39,0x8ad599c3a0ff1de082011efddc58f1908eb6e6d8,chainlink,stress,,,,512
study_recent,,weth_usdc_3000_month_24781026_24788225_w01,exports/study_recent/retune/s200_g5/2026_04/weth_usdc_3000_month_24781026_24788225_w01,weth_usdc,3000,24781026,24788225,1,observed_pool,0.34,0.0,1.0,1900882.893632747,2763.3586356979795,32.94773425720632,1.635275913428934,0.0,100.0,1.0,0.0,0.0,chainlink,solver_cost,1.0,auction_beats_hook,0.05090909090909091,,,,log_fee|linear_fee|hook_fee|fixed_fee,0.0,240,4,0.9876543209876543,0.44363636363636366,chainlink,chainlink,38,0x8ad599c3a0ff1de082011efddc58f1908eb6e6d8,chainlink,stress,,,,550
study_recent,,weth_usdc_3000_month_24853026_24860225_w11,exports/study_recent/retune/s200_g5/2026_04/weth_usdc_3000_month_24853026_24860225_w11,weth_usdc,3000,24853026,24860225,11,observed_pool,0.29577464788732394,0.0,1.0,709833.7571044249,4573.49907324207,45.48474956501741,4.192995731232598,0.0,100.0,1.0,0.30633802816901406,0.0,chainlink,solver_cost,1.0,auction_beats_hook,0.014084507042253521,,,,linear_fee|log_fee|hook_fee|fixed_fee,0.0,82,0,0.9534883720930233,0.5950704225352113,chainlink,chainlink,26,0x8ad599c3a0ff1de082011efddc58f1908eb6e6d8,chainlink,stress,,,,284
study_recent,,weth_usdc_3000_month_24917826_24925025_w20,exports/study_recent/retune/s200_g5/2026_04/weth_usdc_3000_month_24917826_24925025_w20,weth_usdc,3000,24917826,24925025,20,observed_pool,0.18491921005385997,0.0,1.0,1829530.104093845,2085.3823990479577,23.65019706916064,1.1628828909642865,0.0,100.0,1.0,0.24236983842010773,0.0,chainlink,solver_cost,1.0,auction_beats_hook,0.03949730700179533,,,,linear_fee|log_fee|hook_fee|fixed_fee,0.0,168,0,0.9940828402366864,0.5439856373429084,chainlink,chainlink,32,0x8ad599c3a0ff1de082011efddc58f1908eb6e6d8,chainlink,stress,,,,557
study_recent,,weth_usdc_3000_month_24989826_24996367_w30,exports/study_recent/retune/s200_g5/2026_04/weth_usdc_3000_month_24989826_24996367_w30,weth_usdc,3000,24989826,24996367,30,observed_pool,0.19080459770114944,0.0,1.0,610151.6541778869,3495.588143727393,22.082633208017796,1.683251771529764,0.0,100.0,1.0,0.3839080459770115,0.0,chainlink,solver_cost,1.0,auction_beats_hook,0.041379310344827586,,,,hook_fee|linear_fee|log_fee|fixed_fee,0.0,65,0,1.0,0.5333333333333333,chainlink,chainlink,25,0x8ad599c3a0ff1de082011efddc58f1908eb6e6d8,chainlink,stress,,,,435
study_recent,,weth_usdc_3000_month_24996367_25003566_w01,exports/study_recent/retune/s200_g5/2026_05/weth_usdc_3000_month_24996367_25003566_w01,weth_usdc,3000,24996367,25003566,1,observed_pool,0.2893772893772894,0.0,1.0,893330.6551812936,5244.665990431677,7.79886670561973,1.8378373168978346,0.0,100.0,1.0,0.0,0.0,chainlink,solver_cost,1.0,auction_beats_hook,0.04395604395604396,,,,linear_fee|log_fee|hook_fee|fixed_fee,0.0,84,1,0.9767441860465116,0.31135531135531136,chainlink,chainlink,33,0x8ad599c3a0ff1de082011efddc58f1908eb6e6d8,chainlink,stress,,,,273
study_recent,,weth_usdc_3000_month_25068367_25075566_w11,exports/study_recent/retune/s200_g5/2026_05/weth_usdc_3000_month_25068367_25075566_w11,weth_usdc,3000,25068367,25075566,11,observed_pool,0.20476190476190476,0.0,1.0,492041.4662770931,1885.504425572697,2.4149852426489815,1.2092342791872037,0.0,100.0,1.0,0.44761904761904764,0.0,chainlink,solver_cost,1.0,auction_beats_hook,0.047619047619047616,,,,linear_fee|log_fee|hook_fee|fixed_fee,0.0,59,0,0.7375,0.5880952380952381,chainlink,chainlink,23,0x8ad599c3a0ff1de082011efddc58f1908eb6e6d8,chainlink,stress,,,,420
study_recent,,weth_usdc_3000_month_25140367_25147566_w21,exports/study_recent/retune/s200_g5/2026_05/weth_usdc_3000_month_25140367_25147566_w21,weth_usdc,3000,25140367,25147566,21,observed_pool,0.36187845303867405,0.0,1.0,636576.8621136189,709.3838313999586,-2.677164315711707,0.8416536595889481,0.0,100.0,1.0,0.1878453038674033,0.0,chainlink,solver_cost,1.0,auction_beats_hook,0.04696132596685083,,,,linear_fee|log_fee|hook_fee|fixed_fee,0.0,99,1,0.9339622641509434,0.46408839779005523,chainlink,chainlink,26,0x8ad599c3a0ff1de082011efddc58f1908eb6e6d8,chainlink,stress,,,,362
study_recent,,weth_usdc_3000_month_25212367_25218797_w31,exports/study_recent/retune/s200_g5/2026_05/weth_usdc_3000_month_25212367_25218797_w31,weth_usdc,3000,25212367,25218797,31,observed_pool,0.3619047619047619,0.0,1.0,93139.40465064158,209.42961022790405,4.90418146540469,0.7537193781116408,0.0,100.0,1.0,0.11904761904761904,0.0,chainlink,solver_cost,1.0,auction_beats_hook,0.08571428571428572,,,,linear_fee|log_fee|hook_fee|fixed_fee,0.0,18,0,0.29508196721311475,0.20476190476190476,chainlink,chainlink,22,0x8ad599c3a0ff1de082011efddc58f1908eb6e6d8,chainlink,stress,,,,210
study_recent,,weth_usdc_3000_month_25218797_25225996_w01,exports/study_recent/retune/s200_g5/2026_06/weth_usdc_3000_month_25218797_25225996_w01,weth_usdc,3000,25218797,25225996,1,observed_pool,0.38441558441558443,0.0,1.0,779841.7098376665,1313.2645903619705,-0.8210357788484544,0.8746978483971249,0.0,100.0,1.0,0.0,0.0,chainlink,solver_cost,1.0,auction_beats_hook,0.033766233766233764,,,,hook_fee|linear_fee|log_fee|fixed_fee,0.0,165,0,1.0,0.42857142857142855,chainlink,chainlink,37,0x8ad599c3a0ff1de082011efddc58f1908eb6e6d8,chainlink,stress,,,,385
study_recent,,weth_usdc_3000_month_25290797_25297996_w11,exports/study_recent/retune/s200_g5/2026_06/weth_usdc_3000_month_25290797_25297996_w11,weth_usdc,3000,25290797,25297996,11,observed_pool,0.22291993720565148,0.0,1.0,539848.4744181362,4550.433509453782,52.25741797382943,1.2564425598925584,0.0,100.0,1.0,0.25274725274725274,0.0,chainlink,solver_cost,1.0,auction_beats_hook,0.0706436420722135,,,,linear_fee|log_fee|hook_fee|fixed_fee,0.0,149,1,0.9802631578947368,0.48822605965463106,chainlink,chainlink,38,0x8ad599c3a0ff1de082011efddc58f1908eb6e6d8,chainlink,stress,,,,637
study_recent,,weth_usdc_3000_month_25355597_25362796_w20,exports/study_recent/retune/s200_g5/2026_06/weth_usdc_3000_month_25355597_25362796_w20,weth_usdc,3000,25355597,25362796,20,observed_pool,0.2808798646362098,0.0,1.0,128679.53714243558,4343.7212258353975,5.287592281049001,0.9758023887050595,0.0,100.0,1.0,0.11844331641285956,0.0,chainlink,solver_cost,1.0,auction_beats_hook,0.07614213197969544,,,,linear_fee|log_fee|hook_fee|fixed_fee,0.0,77,2,0.6814159292035398,0.2521150592216582,chainlink,chainlink,25,0x8ad599c3a0ff1de082011efddc58f1908eb6e6d8,chainlink,stress,,,,591
study_recent,,weth_usdc_3000_month_25427597_25433938_w30,exports/study_recent/retune/s200_g5/2026_06/weth_usdc_3000_month_25427597_25433938_w30,weth_usdc,3000,25427597,25433938,30,observed_pool,0.23429541595925296,0.0,1.0,334084.2232688295,1703.4865705121774,2.638167623837944,0.8647518408354271,0.0,100.0,1.0,0.1969439728353141,0.0,chainlink,solver_cost,1.0,auction_beats_hook,0.028862478777589132,,,,hook_fee|linear_fee|log_fee|fixed_fee,0.0,190,0,1.0,0.5195246179966044,chainlink,chainlink,28,0x8ad599c3a0ff1de082011efddc58f1908eb6e6d8,chainlink,stress,,,,589
study_recent,,weth_usdc_3000_month_24136052_24143251_w01,exports/study_recent/retune/s25_g0.5/2026_01/weth_usdc_3000_month_24136052_24143251_w01,weth_usdc,3000,24136052,24143251,1,observed_pool,0.2876712328767123,0.05263157894736842,0.9473684210526315,490285.065596082,1926.8429953831946,5.172118481132202,0.22332795607878403,0.0,100.0,1.0,0.0,0.05263157894736842,chainlink,solver_cost,1.0,auction_beats_hook,0.06506849315068493,,,,linear_fee|log_fee|hook_fee|fixed_fee,0.0,58,1,0.9666666666666667,0.20205479452054795,chainlink,chainlink,28,0x8ad599c3a0ff1de082011efddc58f1908eb6e6d8,chainlink,stress,,,,292
study_recent,,weth_usdc_3000_month_24208052_24215251_w11,exports/study_recent/retune/s25_g0.5/2026_01/weth_usdc_3000_month_24208052_24215251_w11,weth_usdc,3000,24208052,24215251,11,observed_pool,0.3044397463002114,0.0,1.0,3325648.1288168835,7174.867943921126,15.082132938783616,0.5387142306336813,0.0,100.0,1.0,0.09090909090909091,0.0,chainlink,solver_cost,1.0,auction_beats_hook,0.02959830866807611,,,,linear_fee|log_fee|hook_fee|fixed_fee,0.0,80,0,0.9523809523809523,0.26004228329809725,chainlink,chainlink,26,0x8ad599c3a0ff1de082011efddc58f1908eb6e6d8,chainlink,stress,,,,473
study_recent,,weth_usdc_3000_month_24280052_24287251_w21,exports/study_recent/retune/s25_g0.5/2026_01/weth_usdc_3000_month_24280052_24287251_w21,weth_usdc,3000,24280052,24287251,21,observed_pool,0.3461077844311377,0.0,1.0,5504276.337573954,26372.265324357897,51.80105231050402,0.37140014290392837,0.0,100.0,1.0,0.13293413173652693,0.0,chainlink,solver_cost,1.0,auction_beats_hook,0.06826347305389222,,,,linear_fee|log_fee|hook_fee|fixed_fee,0.0,233,0,0.8629629629629629,0.4119760479041916,chainlink,chainlink,56,0x8ad599c3a0ff1de082011efddc58f1908eb6e6d8,chainlink,stress,,,,835
study_recent,,weth_usdc_3000_month_24352052_24358292_w31,exports/study_recent/retune/s25_g0.5/2026_01/weth_usdc_3000_month_24352052_24358292_w31,weth_usdc,3000,24352052,24358292,31,observed_pool,0.32890070921985815,0.0,1.0,20121665.30453128,12126.660897824913,20.967249356210232,0.14930887337989887,0.0,100.0,1.0,0.01773049645390071,0.0,chainlink,solver_cost,1.0,auction_beats_hook,0.022163120567375887,,,,linear_fee|log_fee|hook_fee|fixed_fee,0.0,442,0,0.9587852494577006,0.4095744680851064,chainlink,chainlink,96,0x8ad599c3a0ff1de082011efddc58f1908eb6e6d8,chainlink,stress,,,,1128
study_recent,,weth_usdc_3000_month_24358292_24365491_w01,exports/study_recent/retune/s25_g0.5/2026_02/weth_usdc_3000_month_24358292_24365491_w01,weth_usdc,3000,24358292,24365491,1,observed_pool,0.2785947712418301,0.0,1.0,6829475.180514857,21774.004072888754,330.3787706568837,0.3372192309097099,0.0,100.0,1.0,0.0,0.0,chainlink,solver_cost,1.0,auction_beats_hook,0.06944444444444445,,,,hook_fee|linear_fee|log_fee|fixed_fee,0.0,586,0,1.0,0.47875816993464054,chainlink,chainlink,124,0x8ad599c3a0ff1de082011efddc58f1908eb6e6d8,chainlink,stress,,,,1224
study_recent,,weth_usdc_3000_month_24423092_24430291_w10,exports/study_recent/retune/s25_g0.5/2026_02/weth_usdc_3000_month_24423092_24430291_w10,weth_usdc,3000,24423092,24430291,10,observed_pool,0.25158227848101267,0.02702702702702703,0.972972972972973,551885.1538737259,2493.5427939168876,14.953895100392401,0.06762169471175329,0.0,100.0,1.0,0.314873417721519,0.02702702702702703,chainlink,solver_cost,1.0,auction_beats_hook,0.058544303797468354,,,,hook_fee|linear_fee|log_fee|fixed_fee,0.0,128,3,1.0,0.5221518987341772,chainlink,chainlink,42,0x8ad599c3a0ff1de082011efddc58f1908eb6e6d8,chainlink,stress,,,,632
study_recent,,weth_usdc_3000_month_24487892_24495091_w19,exports/study_recent/retune/s25_g0.5/2026_02/weth_usdc_3000_month_24487892_24495091_w19,weth_usdc,3000,24487892,24495091,19,observed_pool,0.2576271186440678,0.0,1.0,669534.1291810655,2042.232463340275,58.205574767198414,0.13401957320174,0.0,100.0,1.0,0.14745762711864407,0.0,chainlink,solver_cost,1.0,auction_beats_hook,0.07966101694915254,,,,linear_fee|log_fee|hook_fee|fixed_fee,0.0,222,0,0.9779735682819384,0.523728813559322,chainlink,chainlink,40,0x8ad599c3a0ff1de082011efddc58f1908eb6e6d8,chainlink,stress,,,,590
study_recent,,weth_usdc_3000_month_24552692_24558867_w28,exports/study_recent/retune/s25_g0.5/2026_02/weth_usdc_3000_month_24552692_24558867_w28,weth_usdc,3000,24552692,24558867,28,observed_pool,0.301521438450899,0.0,1.0,1307020.742583522,8724.079681157134,32.72844800888561,0.13646443125913513,0.0,100.0,1.0,0.1825726141078838,0.0,chainlink,solver_cost,1.0,auction_beats_hook,0.12033195020746888,,,,hook_fee|linear_fee|log_fee|fixed_fee,0.0,179,0,1.0,0.43015214384508993,chainlink,chainlink,48,0x8ad599c3a0ff1de082011efddc58f1908eb6e6d8,chainlink,stress,,,,723
study_recent,,weth_usdc_3000_month_24558867_24566066_w01,exports/study_recent/retune/s25_g0.5/2026_03/weth_usdc_3000_month_24558867_24566066_w01,weth_usdc,3000,24558867,24566066,1,observed_pool,0.3818424566088118,0.0,1.0,1538219.0258806297,19944.168908058433,164.30004006205127,0.5117645939938401,0.0,100.0,1.0,0.0,0.0,chainlink,solver_cost,1.0,auction_beats_hook,0.0520694259012016,,,,linear_fee|log_fee|hook_fee|fixed_fee,0.0,325,0,0.9672619047619048,0.43391188251001334,chainlink,chainlink,69,0x8ad599c3a0ff1de082011efddc58f1908eb6e6d8,chainlink,stress,,,,749
study_recent,,weth_usdc_3000_month_24630867_24638066_w11,exports/study_recent/retune/s25_g0.5/2026_03/weth_usdc_3000_month_24630867_24638066_w11,weth_usdc,3000,24630867,24638066,11,observed_pool,0.29411764705882354,0.0,1.0,1187606.190367751,3538.703582899645,15.632952813524753,0.14669303369725425,0.0,100.0,1.0,0.17873303167420815,0.0,chainlink,solver_cost,1.0,auction_beats_hook,0.05656108597285068,,,,linear_fee|log_fee|hook_fee|fixed_fee,0.0,123,0,0.9461538461538461,0.45701357466063347,chainlink,chainlink,42,0x8ad599c3a0ff1de082011efddc58f1908eb6e6d8,chainlink,stress,,,,442
study_recent,,weth_usdc_3000_month_24702867_24710066_w21,exports/study_recent/retune/s25_g0.5/2026_03/weth_usdc_3000_month_24702867_24710066_w21,weth_usdc,3000,24702867,24710066,21,observed_pool,0.27391304347826084,0.0,1.0,263855.58725299605,702.6437333559734,-0.023675099480897188,0.030594477533547555,0.0,100.0,1.0,0.10434782608695652,0.0,chainlink,solver_cost,1.0,auction_beats_hook,0.004347826086956522,,,,hook_fee|linear_fee|log_fee|fixed_fee,0.0,76,0,1.0,0.43478260869565216,chainlink,chainlink,32,0x8ad599c3a0ff1de082011efddc58f1908eb6e6d8,chainlink,stress,,,,230
study_recent,,weth_usdc_3000_month_24774867_24781026_w31,exports/study_recent/retune/s25_g0.5/2026_03/weth_usdc_3000_month_24774867_24781026_w31,weth_usdc,3000,24774867,24781026,31,observed_pool,0.337890625,0.0,1.0,1378171.0124447928,4247.843962771818,10.991466117324308,0.10396425503327034,0.0,100.0,1.0,0.0859375,0.0,chainlink,solver_cost,1.0,auction_beats_hook,0.044921875,,,,linear_fee|log_fee|hook_fee|fixed_fee,0.0,162,0,0.9642857142857143,0.40234375,chainlink,chainlink,39,0x8ad599c3a0ff1de082011efddc58f1908eb6e6d8,chainlink,stress,,,,512
study_recent,,weth_usdc_3000_month_24781026_24788225_w01,exports/study_recent/retune/s25_g0.5/2026_04/weth_usdc_3000_month_24781026_24788225_w01,weth_usdc,3000,24781026,24788225,1,observed_pool,0.34,0.0,1.0,1900925.0374100702,2805.5024130211677,75.09151158039458,0.18097535217475266,0.0,100.0,1.0,0.0,0.0,chainlink,solver_cost,1.0,auction_beats_hook,0.07454545454545454,,,,log_fee|linear_fee|hook_fee|fixed_fee,0.0,240,4,0.9876543209876543,0.44363636363636366,chainlink,chainlink,38,0x8ad599c3a0ff1de082011efddc58f1908eb6e6d8,chainlink,stress,,,,550
study_recent,,weth_usdc_3000_month_24853026_24860225_w11,exports/study_recent/retune/s25_g0.5/2026_04/weth_usdc_3000_month_24853026_24860225_w11,weth_usdc,3000,24853026,24860225,11,observed_pool,0.29577464788732394,0.0,1.0,709848.2527839027,4587.994752719882,59.9804290428292,0.35738435890680204,0.0,100.0,1.0,0.30633802816901406,0.0,chainlink,solver_cost,1.0,auction_beats_hook,0.02464788732394366,,,,linear_fee|log_fee|hook_fee|fixed_fee,0.0,82,0,0.9534883720930233,0.5950704225352113,chainlink,chainlink,26,0x8ad599c3a0ff1de082011efddc58f1908eb6e6d8,chainlink,stress,,,,284
study_recent,,weth_usdc_3000_month_24917826_24925025_w20,exports/study_recent/retune/s25_g0.5/2026_04/weth_usdc_3000_month_24917826_24925025_w20,weth_usdc,3000,24917826,24925025,20,observed_pool,0.18491921005385997,0.0,1.0,1829553.2604136714,2108.5387188743334,46.80651689553633,0.14106884726174887,0.0,100.0,1.0,0.24236983842010773,0.0,chainlink,solver_cost,1.0,auction_beats_hook,0.04488330341113106,,,,linear_fee|log_fee|hook_fee|fixed_fee,0.0,168,0,0.9940828402366864,0.5439856373429084,chainlink,chainlink,32,0x8ad599c3a0ff1de082011efddc58f1908eb6e6d8,chainlink,stress,,,,557
study_recent,,weth_usdc_3000_month_24989826_24996367_w30,exports/study_recent/retune/s25_g0.5/2026_04/weth_usdc_3000_month_24989826_24996367_w30,weth_usdc,3000,24989826,24996367,30,observed_pool,0.19080459770114944,0.0,1.0,610179.2184991157,3523.1524649561616,49.64695443678647,0.2104742672378927,0.0,100.0,1.0,0.3839080459770115,0.0,chainlink,solver_cost,1.0,auction_beats_hook,0.059770114942528735,,,,hook_fee|linear_fee|log_fee|fixed_fee,0.0,65,0,1.0,0.5333333333333333,chainlink,chainlink,25,0x8ad599c3a0ff1de082011efddc58f1908eb6e6d8,chainlink,stress,,,,435
study_recent,,weth_usdc_3000_month_24996367_25003566_w01,exports/study_recent/retune/s25_g0.5/2026_05/weth_usdc_3000_month_24996367_25003566_w01,weth_usdc,3000,24996367,25003566,1,observed_pool,0.2893772893772894,0.0,1.0,893354.7643178521,5268.775126990164,31.90800326410681,0.42707429402845254,0.0,100.0,1.0,0.0,0.0,chainlink,solver_cost,1.0,auction_beats_hook,0.07326007326007326,,,,linear_fee|log_fee|hook_fee|fixed_fee,0.0,84,1,0.9767441860465116,0.31135531135531136,chainlink,chainlink,33,0x8ad599c3a0ff1de082011efddc58f1908eb6e6d8,chainlink,stress,,,,273
study_recent,,weth_usdc_3000_month_25068367_25075566_w11,exports/study_recent/retune/s25_g0.5/2026_05/weth_usdc_3000_month_25068367_25075566_w11,weth_usdc,3000,25068367,25075566,11,observed_pool,0.20476190476190476,0.0,1.0,492063.7071168438,1907.7452653233777,24.65582499332959,0.1621480197298777,0.0,100.0,1.0,0.44761904761904764,0.0,chainlink,solver_cost,1.0,auction_beats_hook,0.05238095238095238,,,,linear_fee|log_fee|hook_fee|fixed_fee,0.0,59,0,0.7375,0.5880952380952381,chainlink,chainlink,23,0x8ad599c3a0ff1de082011efddc58f1908eb6e6d8,chainlink,stress,,,,420
study_recent,,weth_usdc_3000_month_25140367_25147566_w21,exports/study_recent/retune/s25_g0.5/2026_05/weth_usdc_3000_month_25140367_25147566_w21,weth_usdc,3000,25140367,25147566,21,observed_pool,0.36187845303867405,0.0,1.0,636590.2431790803,722.7648968613939,10.703901145723648,0.12181995327522299,0.0,100.0,1.0,0.1878453038674033,0.0,chainlink,solver_cost,1.0,auction_beats_hook,0.09668508287292818,,,,linear_fee|log_fee|hook_fee|fixed_fee,0.0,99,1,0.9339622641509434,0.46408839779005523,chainlink,chainlink,26,0x8ad599c3a0ff1de082011efddc58f1908eb6e6d8,chainlink,stress,,,,362
study_recent,,weth_usdc_3000_month_25212367_25218797_w31,exports/study_recent/retune/s25_g0.5/2026_05/weth_usdc_3000_month_25212367_25218797_w31,weth_usdc,3000,25212367,25218797,31,observed_pool,0.3619047619047619,0.0,1.0,93152.68809909529,222.71305868162017,18.18762991912081,0.10298186565799974,0.0,100.0,1.0,0.11904761904761904,0.0,chainlink,solver_cost,1.0,auction_beats_hook,0.12857142857142856,,,,linear_fee|log_fee|hook_fee|fixed_fee,0.0,18,0,0.29508196721311475,0.20476190476190476,chainlink,chainlink,22,0x8ad599c3a0ff1de082011efddc58f1908eb6e6d8,chainlink,stress,,,,210
study_recent,,weth_usdc_3000_month_25218797_25225996_w01,exports/study_recent/retune/s25_g0.5/2026_06/weth_usdc_3000_month_25218797_25225996_w01,weth_usdc,3000,25218797,25225996,1,observed_pool,0.38441558441558443,0.0,1.0,779852.944936538,1324.4996892334893,10.414063092670403,0.12385442797980233,0.0,100.0,1.0,0.0,0.0,chainlink,solver_cost,1.0,auction_beats_hook,0.05194805194805195,,,,hook_fee|linear_fee|log_fee|fixed_fee,0.0,165,0,1.0,0.42857142857142855,chainlink,chainlink,37,0x8ad599c3a0ff1de082011efddc58f1908eb6e6d8,chainlink,stress,,,,385
study_recent,,weth_usdc_3000_month_25290797_25297996_w11,exports/study_recent/retune/s25_g0.5/2026_06/weth_usdc_3000_month_25290797_25297996_w11,weth_usdc,3000,25290797,25297996,11,observed_pool,0.22291993720565148,0.0,1.0,539904.2413987347,4606.200490052346,108.0243985723937,0.15847775244707535,0.0,100.0,1.0,0.25274725274725274,0.0,chainlink,solver_cost,1.0,auction_beats_hook,0.14442700156985872,,,,linear_fee|log_fee|hook_fee|fixed_fee,0.0,149,1,0.9802631578947368,0.48822605965463106,chainlink,chainlink,38,0x8ad599c3a0ff1de082011efddc58f1908eb6e6d8,chainlink,stress,,,,637
study_recent,,weth_usdc_3000_month_25355597_25362796_w20,exports/study_recent/retune/s25_g0.5/2026_06/weth_usdc_3000_month_25355597_25362796_w20,weth_usdc,3000,25355597,25362796,20,observed_pool,0.2808798646362098,0.0,1.0,128722.97573606754,4387.159819467357,48.72618591300852,0.13802083221861727,0.0,100.0,1.0,0.11844331641285956,0.0,chainlink,solver_cost,1.0,auction_beats_hook,0.15905245346869712,,,,linear_fee|log_fee|hook_fee|fixed_fee,0.0,77,2,0.6814159292035398,0.2521150592216582,chainlink,chainlink,25,0x8ad599c3a0ff1de082011efddc58f1908eb6e6d8,chainlink,stress,,,,591
study_recent,,weth_usdc_3000_month_25427597_25433938_w30,exports/study_recent/retune/s25_g0.5/2026_06/weth_usdc_3000_month_25427597_25433938_w30,weth_usdc,3000,25427597,25433938,30,observed_pool,0.23429541595925296,0.0,1.0,334097.8997961379,1717.1630978205358,16.31469493219629,0.10215724340995672,0.0,100.0,1.0,0.1969439728353141,0.0,chainlink,solver_cost,1.0,auction_beats_hook,0.03225806451612903,,,,hook_fee|linear_fee|log_fee|fixed_fee,0.0,190,0,1.0,0.5195246179966044,chainlink,chainlink,28,0x8ad599c3a0ff1de082011efddc58f1908eb6e6d8,chainlink,stress,,,,589
study_recent,,weth_usdc_3000_month_24136052_24143251_w01,exports/study_recent/retune/s25_g2/2026_01/weth_usdc_3000_month_24136052_24143251_w01,weth_usdc,3000,24136052,24143251,1,observed_pool,0.2876712328767123,0.05263157894736842,0.9473684210526315,490285.065596082,1926.8429953831946,5.172118481132202,0.22332795607878403,0.0,100.0,1.0,0.0,0.05263157894736842,chainlink,solver_cost,1.0,auction_beats_hook,0.06506849315068493,,,,linear_fee|log_fee|hook_fee|fixed_fee,0.0,58,1,0.9666666666666667,0.20205479452054795,chainlink,chainlink,28,0x8ad599c3a0ff1de082011efddc58f1908eb6e6d8,chainlink,stress,,,,292
study_recent,,weth_usdc_3000_month_24208052_24215251_w11,exports/study_recent/retune/s25_g2/2026_01/weth_usdc_3000_month_24208052_24215251_w11,weth_usdc,3000,24208052,24215251,11,observed_pool,0.3044397463002114,0.0,1.0,3325648.1288168835,7174.867943921126,15.082132938783616,0.5387142306336813,0.0,100.0,1.0,0.09090909090909091,0.0,chainlink,solver_cost,1.0,auction_beats_hook,0.02959830866807611,,,,linear_fee|log_fee|hook_fee|fixed_fee,0.0,80,0,0.9523809523809523,0.26004228329809725,chainlink,chainlink,26,0x8ad599c3a0ff1de082011efddc58f1908eb6e6d8,chainlink,stress,,,,473
study_recent,,weth_usdc_3000_month_24280052_24287251_w21,exports/study_recent/retune/s25_g2/2026_01/weth_usdc_3000_month_24280052_24287251_w21,weth_usdc,3000,24280052,24287251,21,observed_pool,0.3461077844311377,0.0,1.0,5504276.337573954,26372.265324357897,51.80105231050402,0.37140014290392837,0.0,100.0,1.0,0.13293413173652693,0.0,chainlink,solver_cost,1.0,auction_beats_hook,0.06826347305389222,,,,linear_fee|log_fee|hook_fee|fixed_fee,0.0,233,0,0.8629629629629629,0.4119760479041916,chainlink,chainlink,56,0x8ad599c3a0ff1de082011efddc58f1908eb6e6d8,chainlink,stress,,,,835
study_recent,,weth_usdc_3000_month_24352052_24358292_w31,exports/study_recent/retune/s25_g2/2026_01/weth_usdc_3000_month_24352052_24358292_w31,weth_usdc,3000,24352052,24358292,31,observed_pool,0.32890070921985815,0.0,1.0,20121665.30453128,12126.660897824913,20.967249356210232,0.14930887337989887,0.0,100.0,1.0,0.01773049645390071,0.0,chainlink,solver_cost,1.0,auction_beats_hook,0.022163120567375887,,,,linear_fee|log_fee|hook_fee|fixed_fee,0.0,442,0,0.9587852494577006,0.4095744680851064,chainlink,chainlink,96,0x8ad599c3a0ff1de082011efddc58f1908eb6e6d8,chainlink,stress,,,,1128
study_recent,,weth_usdc_3000_month_24358292_24365491_w01,exports/study_recent/retune/s25_g2/2026_02/weth_usdc_3000_month_24358292_24365491_w01,weth_usdc,3000,24358292,24365491,1,observed_pool,0.2785947712418301,0.0,1.0,6829475.180514857,21774.004072888754,330.3787706568837,0.3372192309097099,0.0,100.0,1.0,0.0,0.0,chainlink,solver_cost,1.0,auction_beats_hook,0.06944444444444445,,,,hook_fee|linear_fee|log_fee|fixed_fee,0.0,586,0,1.0,0.47875816993464054,chainlink,chainlink,124,0x8ad599c3a0ff1de082011efddc58f1908eb6e6d8,chainlink,stress,,,,1224
study_recent,,weth_usdc_3000_month_24423092_24430291_w10,exports/study_recent/retune/s25_g2/2026_02/weth_usdc_3000_month_24423092_24430291_w10,weth_usdc,3000,24423092,24430291,10,observed_pool,0.25158227848101267,0.02702702702702703,0.972972972972973,551885.1538737259,2493.5427939168876,14.953895100392401,0.06762169471175329,0.0,100.0,1.0,0.314873417721519,0.02702702702702703,chainlink,solver_cost,1.0,auction_beats_hook,0.058544303797468354,,,,hook_fee|linear_fee|log_fee|fixed_fee,0.0,128,3,1.0,0.5221518987341772,chainlink,chainlink,42,0x8ad599c3a0ff1de082011efddc58f1908eb6e6d8,chainlink,stress,,,,632
study_recent,,weth_usdc_3000_month_24487892_24495091_w19,exports/study_recent/retune/s25_g2/2026_02/weth_usdc_3000_month_24487892_24495091_w19,weth_usdc,3000,24487892,24495091,19,observed_pool,0.2576271186440678,0.0,1.0,669534.1291810655,2042.232463340275,58.205574767198414,0.13401957320174,0.0,100.0,1.0,0.14745762711864407,0.0,chainlink,solver_cost,1.0,auction_beats_hook,0.07966101694915254,,,,linear_fee|log_fee|hook_fee|fixed_fee,0.0,222,0,0.9779735682819384,0.523728813559322,chainlink,chainlink,40,0x8ad599c3a0ff1de082011efddc58f1908eb6e6d8,chainlink,stress,,,,590
study_recent,,weth_usdc_3000_month_24552692_24558867_w28,exports/study_recent/retune/s25_g2/2026_02/weth_usdc_3000_month_24552692_24558867_w28,weth_usdc,3000,24552692,24558867,28,observed_pool,0.301521438450899,0.0,1.0,1307020.742583522,8724.079681157134,32.72844800888561,0.13646443125913513,0.0,100.0,1.0,0.1825726141078838,0.0,chainlink,solver_cost,1.0,auction_beats_hook,0.12033195020746888,,,,hook_fee|linear_fee|log_fee|fixed_fee,0.0,179,0,1.0,0.43015214384508993,chainlink,chainlink,48,0x8ad599c3a0ff1de082011efddc58f1908eb6e6d8,chainlink,stress,,,,723
study_recent,,weth_usdc_3000_month_24558867_24566066_w01,exports/study_recent/retune/s25_g2/2026_03/weth_usdc_3000_month_24558867_24566066_w01,weth_usdc,3000,24558867,24566066,1,observed_pool,0.3818424566088118,0.0,1.0,1538219.0258806297,19944.168908058433,164.30004006205127,0.5117645939938401,0.0,100.0,1.0,0.0,0.0,chainlink,solver_cost,1.0,auction_beats_hook,0.0520694259012016,,,,linear_fee|log_fee|hook_fee|fixed_fee,0.0,325,0,0.9672619047619048,0.43391188251001334,chainlink,chainlink,69,0x8ad599c3a0ff1de082011efddc58f1908eb6e6d8,chainlink,stress,,,,749
study_recent,,weth_usdc_3000_month_24630867_24638066_w11,exports/study_recent/retune/s25_g2/2026_03/weth_usdc_3000_month_24630867_24638066_w11,weth_usdc,3000,24630867,24638066,11,observed_pool,0.29411764705882354,0.0,1.0,1187606.190367751,3538.703582899645,15.632952813524753,0.14669303369725425,0.0,100.0,1.0,0.17873303167420815,0.0,chainlink,solver_cost,1.0,auction_beats_hook,0.05656108597285068,,,,linear_fee|log_fee|hook_fee|fixed_fee,0.0,123,0,0.9461538461538461,0.45701357466063347,chainlink,chainlink,42,0x8ad599c3a0ff1de082011efddc58f1908eb6e6d8,chainlink,stress,,,,442
study_recent,,weth_usdc_3000_month_24702867_24710066_w21,exports/study_recent/retune/s25_g2/2026_03/weth_usdc_3000_month_24702867_24710066_w21,weth_usdc,3000,24702867,24710066,21,observed_pool,0.27391304347826084,0.0,1.0,263855.58725299605,702.6437333559734,-0.023675099480897188,0.030594477533547555,0.0,100.0,1.0,0.10434782608695652,0.0,chainlink,solver_cost,1.0,auction_beats_hook,0.004347826086956522,,,,hook_fee|linear_fee|log_fee|fixed_fee,0.0,76,0,1.0,0.43478260869565216,chainlink,chainlink,32,0x8ad599c3a0ff1de082011efddc58f1908eb6e6d8,chainlink,stress,,,,230
study_recent,,weth_usdc_3000_month_24774867_24781026_w31,exports/study_recent/retune/s25_g2/2026_03/weth_usdc_3000_month_24774867_24781026_w31,weth_usdc,3000,24774867,24781026,31,observed_pool,0.337890625,0.0,1.0,1378171.0124447928,4247.843962771818,10.991466117324308,0.10396425503327034,0.0,100.0,1.0,0.0859375,0.0,chainlink,solver_cost,1.0,auction_beats_hook,0.044921875,,,,linear_fee|log_fee|hook_fee|fixed_fee,0.0,162,0,0.9642857142857143,0.40234375,chainlink,chainlink,39,0x8ad599c3a0ff1de082011efddc58f1908eb6e6d8,chainlink,stress,,,,512
study_recent,,weth_usdc_3000_month_24781026_24788225_w01,exports/study_recent/retune/s25_g2/2026_04/weth_usdc_3000_month_24781026_24788225_w01,weth_usdc,3000,24781026,24788225,1,observed_pool,0.34,0.0,1.0,1900925.0374100702,2805.5024130211677,75.09151158039458,0.18097535217475266,0.0,100.0,1.0,0.0,0.0,chainlink,solver_cost,1.0,auction_beats_hook,0.07454545454545454,,,,log_fee|linear_fee|hook_fee|fixed_fee,0.0,240,4,0.9876543209876543,0.44363636363636366,chainlink,chainlink,38,0x8ad599c3a0ff1de082011efddc58f1908eb6e6d8,chainlink,stress,,,,550
study_recent,,weth_usdc_3000_month_24853026_24860225_w11,exports/study_recent/retune/s25_g2/2026_04/weth_usdc_3000_month_24853026_24860225_w11,weth_usdc,3000,24853026,24860225,11,observed_pool,0.29577464788732394,0.0,1.0,709848.2527839027,4587.994752719882,59.9804290428292,0.35738435890680204,0.0,100.0,1.0,0.30633802816901406,0.0,chainlink,solver_cost,1.0,auction_beats_hook,0.02464788732394366,,,,linear_fee|log_fee|hook_fee|fixed_fee,0.0,82,0,0.9534883720930233,0.5950704225352113,chainlink,chainlink,26,0x8ad599c3a0ff1de082011efddc58f1908eb6e6d8,chainlink,stress,,,,284
study_recent,,weth_usdc_3000_month_24917826_24925025_w20,exports/study_recent/retune/s25_g2/2026_04/weth_usdc_3000_month_24917826_24925025_w20,weth_usdc,3000,24917826,24925025,20,observed_pool,0.18491921005385997,0.0,1.0,1829553.2604136714,2108.5387188743334,46.80651689553633,0.14106884726174887,0.0,100.0,1.0,0.24236983842010773,0.0,chainlink,solver_cost,1.0,auction_beats_hook,0.04488330341113106,,,,linear_fee|log_fee|hook_fee|fixed_fee,0.0,168,0,0.9940828402366864,0.5439856373429084,chainlink,chainlink,32,0x8ad599c3a0ff1de082011efddc58f1908eb6e6d8,chainlink,stress,,,,557
study_recent,,weth_usdc_3000_month_24989826_24996367_w30,exports/study_recent/retune/s25_g2/2026_04/weth_usdc_3000_month_24989826_24996367_w30,weth_usdc,3000,24989826,24996367,30,observed_pool,0.19080459770114944,0.0,1.0,610179.2184991157,3523.1524649561616,49.64695443678647,0.2104742672378927,0.0,100.0,1.0,0.3839080459770115,0.0,chainlink,solver_cost,1.0,auction_beats_hook,0.059770114942528735,,,,hook_fee|linear_fee|log_fee|fixed_fee,0.0,65,0,1.0,0.5333333333333333,chainlink,chainlink,25,0x8ad599c3a0ff1de082011efddc58f1908eb6e6d8,chainlink,stress,,,,435
study_recent,,weth_usdc_3000_month_24996367_25003566_w01,exports/study_recent/retune/s25_g2/2026_05/weth_usdc_3000_month_24996367_25003566_w01,weth_usdc,3000,24996367,25003566,1,observed_pool,0.2893772893772894,0.0,1.0,893354.7643178521,5268.775126990164,31.90800326410681,0.42707429402845254,0.0,100.0,1.0,0.0,0.0,chainlink,solver_cost,1.0,auction_beats_hook,0.07326007326007326,,,,linear_fee|log_fee|hook_fee|fixed_fee,0.0,84,1,0.9767441860465116,0.31135531135531136,chainlink,chainlink,33,0x8ad599c3a0ff1de082011efddc58f1908eb6e6d8,chainlink,stress,,,,273
study_recent,,weth_usdc_3000_month_25068367_25075566_w11,exports/study_recent/retune/s25_g2/2026_05/weth_usdc_3000_month_25068367_25075566_w11,weth_usdc,3000,25068367,25075566,11,observed_pool,0.20476190476190476,0.0,1.0,492063.7071168438,1907.7452653233777,24.65582499332959,0.1621480197298777,0.0,100.0,1.0,0.44761904761904764,0.0,chainlink,solver_cost,1.0,auction_beats_hook,0.05238095238095238,,,,linear_fee|log_fee|hook_fee|fixed_fee,0.0,59,0,0.7375,0.5880952380952381,chainlink,chainlink,23,0x8ad599c3a0ff1de082011efddc58f1908eb6e6d8,chainlink,stress,,,,420
study_recent,,weth_usdc_3000_month_25140367_25147566_w21,exports/study_recent/retune/s25_g2/2026_05/weth_usdc_3000_month_25140367_25147566_w21,weth_usdc,3000,25140367,25147566,21,observed_pool,0.36187845303867405,0.0,1.0,636590.2431790803,722.7648968613939,10.703901145723648,0.12181995327522299,0.0,100.0,1.0,0.1878453038674033,0.0,chainlink,solver_cost,1.0,auction_beats_hook,0.09668508287292818,,,,linear_fee|log_fee|hook_fee|fixed_fee,0.0,99,1,0.9339622641509434,0.46408839779005523,chainlink,chainlink,26,0x8ad599c3a0ff1de082011efddc58f1908eb6e6d8,chainlink,stress,,,,362
study_recent,,weth_usdc_3000_month_25212367_25218797_w31,exports/study_recent/retune/s25_g2/2026_05/weth_usdc_3000_month_25212367_25218797_w31,weth_usdc,3000,25212367,25218797,31,observed_pool,0.3619047619047619,0.0,1.0,93152.68809909529,222.71305868162017,18.18762991912081,0.10298186565799974,0.0,100.0,1.0,0.11904761904761904,0.0,chainlink,solver_cost,1.0,auction_beats_hook,0.12857142857142856,,,,linear_fee|log_fee|hook_fee|fixed_fee,0.0,18,0,0.29508196721311475,0.20476190476190476,chainlink,chainlink,22,0x8ad599c3a0ff1de082011efddc58f1908eb6e6d8,chainlink,stress,,,,210
study_recent,,weth_usdc_3000_month_25218797_25225996_w01,exports/study_recent/retune/s25_g2/2026_06/weth_usdc_3000_month_25218797_25225996_w01,weth_usdc,3000,25218797,25225996,1,observed_pool,0.38441558441558443,0.0,1.0,779852.944936538,1324.4996892334893,10.414063092670403,0.12385442797980233,0.0,100.0,1.0,0.0,0.0,chainlink,solver_cost,1.0,auction_beats_hook,0.05194805194805195,,,,hook_fee|linear_fee|log_fee|fixed_fee,0.0,165,0,1.0,0.42857142857142855,chainlink,chainlink,37,0x8ad599c3a0ff1de082011efddc58f1908eb6e6d8,chainlink,stress,,,,385
study_recent,,weth_usdc_3000_month_25290797_25297996_w11,exports/study_recent/retune/s25_g2/2026_06/weth_usdc_3000_month_25290797_25297996_w11,weth_usdc,3000,25290797,25297996,11,observed_pool,0.22291993720565148,0.0,1.0,539904.2413987347,4606.200490052346,108.0243985723937,0.15847775244707535,0.0,100.0,1.0,0.25274725274725274,0.0,chainlink,solver_cost,1.0,auction_beats_hook,0.14442700156985872,,,,linear_fee|log_fee|hook_fee|fixed_fee,0.0,149,1,0.9802631578947368,0.48822605965463106,chainlink,chainlink,38,0x8ad599c3a0ff1de082011efddc58f1908eb6e6d8,chainlink,stress,,,,637
study_recent,,weth_usdc_3000_month_25355597_25362796_w20,exports/study_recent/retune/s25_g2/2026_06/weth_usdc_3000_month_25355597_25362796_w20,weth_usdc,3000,25355597,25362796,20,observed_pool,0.2808798646362098,0.0,1.0,128722.97573606754,4387.159819467357,48.72618591300852,0.13802083221861727,0.0,100.0,1.0,0.11844331641285956,0.0,chainlink,solver_cost,1.0,auction_beats_hook,0.15905245346869712,,,,linear_fee|log_fee|hook_fee|fixed_fee,0.0,77,2,0.6814159292035398,0.2521150592216582,chainlink,chainlink,25,0x8ad599c3a0ff1de082011efddc58f1908eb6e6d8,chainlink,stress,,,,591
study_recent,,weth_usdc_3000_month_25427597_25433938_w30,exports/study_recent/retune/s25_g2/2026_06/weth_usdc_3000_month_25427597_25433938_w30,weth_usdc,3000,25427597,25433938,30,observed_pool,0.23429541595925296,0.0,1.0,334097.8997961379,1717.1630978205358,16.31469493219629,0.10215724340995672,0.0,100.0,1.0,0.1969439728353141,0.0,chainlink,solver_cost,1.0,auction_beats_hook,0.03225806451612903,,,,hook_fee|linear_fee|log_fee|fixed_fee,0.0,190,0,1.0,0.5195246179966044,chainlink,chainlink,28,0x8ad599c3a0ff1de082011efddc58f1908eb6e6d8,chainlink,stress,,,,589
study_recent,,weth_usdc_3000_month_24136052_24143251_w01,exports/study_recent/retune/s25_g5/2026_01/weth_usdc_3000_month_24136052_24143251_w01,weth_usdc,3000,24136052,24143251,1,observed_pool,0.2876712328767123,0.05263157894736842,0.9473684210526315,490285.065596082,1926.8429953831946,5.172118481132202,0.22332795607878403,0.0,100.0,1.0,0.0,0.05263157894736842,chainlink,solver_cost,1.0,auction_beats_hook,0.06506849315068493,,,,linear_fee|log_fee|hook_fee|fixed_fee,0.0,58,1,0.9666666666666667,0.20205479452054795,chainlink,chainlink,28,0x8ad599c3a0ff1de082011efddc58f1908eb6e6d8,chainlink,stress,,,,292
study_recent,,weth_usdc_3000_month_24208052_24215251_w11,exports/study_recent/retune/s25_g5/2026_01/weth_usdc_3000_month_24208052_24215251_w11,weth_usdc,3000,24208052,24215251,11,observed_pool,0.3044397463002114,0.0,1.0,3325648.1288168835,7174.867943921126,15.082132938783616,0.5387142306336813,0.0,100.0,1.0,0.09090909090909091,0.0,chainlink,solver_cost,1.0,auction_beats_hook,0.02959830866807611,,,,linear_fee|log_fee|hook_fee|fixed_fee,0.0,80,0,0.9523809523809523,0.26004228329809725,chainlink,chainlink,26,0x8ad599c3a0ff1de082011efddc58f1908eb6e6d8,chainlink,stress,,,,473
study_recent,,weth_usdc_3000_month_24280052_24287251_w21,exports/study_recent/retune/s25_g5/2026_01/weth_usdc_3000_month_24280052_24287251_w21,weth_usdc,3000,24280052,24287251,21,observed_pool,0.3461077844311377,0.0,1.0,5504276.337573954,26372.265324357897,51.80105231050402,0.37140014290392837,0.0,100.0,1.0,0.13293413173652693,0.0,chainlink,solver_cost,1.0,auction_beats_hook,0.06826347305389222,,,,linear_fee|log_fee|hook_fee|fixed_fee,0.0,233,0,0.8629629629629629,0.4119760479041916,chainlink,chainlink,56,0x8ad599c3a0ff1de082011efddc58f1908eb6e6d8,chainlink,stress,,,,835
study_recent,,weth_usdc_3000_month_24352052_24358292_w31,exports/study_recent/retune/s25_g5/2026_01/weth_usdc_3000_month_24352052_24358292_w31,weth_usdc,3000,24352052,24358292,31,observed_pool,0.32890070921985815,0.0,1.0,20121665.30453128,12126.660897824913,20.967249356210232,0.14930887337989887,0.0,100.0,1.0,0.01773049645390071,0.0,chainlink,solver_cost,1.0,auction_beats_hook,0.022163120567375887,,,,linear_fee|log_fee|hook_fee|fixed_fee,0.0,442,0,0.9587852494577006,0.4095744680851064,chainlink,chainlink,96,0x8ad599c3a0ff1de082011efddc58f1908eb6e6d8,chainlink,stress,,,,1128
study_recent,,weth_usdc_3000_month_24358292_24365491_w01,exports/study_recent/retune/s25_g5/2026_02/weth_usdc_3000_month_24358292_24365491_w01,weth_usdc,3000,24358292,24365491,1,observed_pool,0.2785947712418301,0.0,1.0,6829475.180514857,21774.004072888754,330.3787706568837,0.3372192309097099,0.0,100.0,1.0,0.0,0.0,chainlink,solver_cost,1.0,auction_beats_hook,0.06944444444444445,,,,hook_fee|linear_fee|log_fee|fixed_fee,0.0,586,0,1.0,0.47875816993464054,chainlink,chainlink,124,0x8ad599c3a0ff1de082011efddc58f1908eb6e6d8,chainlink,stress,,,,1224
study_recent,,weth_usdc_3000_month_24423092_24430291_w10,exports/study_recent/retune/s25_g5/2026_02/weth_usdc_3000_month_24423092_24430291_w10,weth_usdc,3000,24423092,24430291,10,observed_pool,0.25158227848101267,0.02702702702702703,0.972972972972973,551885.1538737259,2493.5427939168876,14.953895100392401,0.06762169471175329,0.0,100.0,1.0,0.314873417721519,0.02702702702702703,chainlink,solver_cost,1.0,auction_beats_hook,0.058544303797468354,,,,hook_fee|linear_fee|log_fee|fixed_fee,0.0,128,3,1.0,0.5221518987341772,chainlink,chainlink,42,0x8ad599c3a0ff1de082011efddc58f1908eb6e6d8,chainlink,stress,,,,632
study_recent,,weth_usdc_3000_month_24487892_24495091_w19,exports/study_recent/retune/s25_g5/2026_02/weth_usdc_3000_month_24487892_24495091_w19,weth_usdc,3000,24487892,24495091,19,observed_pool,0.2576271186440678,0.0,1.0,669534.1291810655,2042.232463340275,58.205574767198414,0.13401957320174,0.0,100.0,1.0,0.14745762711864407,0.0,chainlink,solver_cost,1.0,auction_beats_hook,0.07966101694915254,,,,linear_fee|log_fee|hook_fee|fixed_fee,0.0,222,0,0.9779735682819384,0.523728813559322,chainlink,chainlink,40,0x8ad599c3a0ff1de082011efddc58f1908eb6e6d8,chainlink,stress,,,,590
study_recent,,weth_usdc_3000_month_24552692_24558867_w28,exports/study_recent/retune/s25_g5/2026_02/weth_usdc_3000_month_24552692_24558867_w28,weth_usdc,3000,24552692,24558867,28,observed_pool,0.301521438450899,0.0,1.0,1307020.742583522,8724.079681157134,32.72844800888561,0.13646443125913513,0.0,100.0,1.0,0.1825726141078838,0.0,chainlink,solver_cost,1.0,auction_beats_hook,0.12033195020746888,,,,hook_fee|linear_fee|log_fee|fixed_fee,0.0,179,0,1.0,0.43015214384508993,chainlink,chainlink,48,0x8ad599c3a0ff1de082011efddc58f1908eb6e6d8,chainlink,stress,,,,723
study_recent,,weth_usdc_3000_month_24558867_24566066_w01,exports/study_recent/retune/s25_g5/2026_03/weth_usdc_3000_month_24558867_24566066_w01,weth_usdc,3000,24558867,24566066,1,observed_pool,0.3818424566088118,0.0,1.0,1538219.0258806297,19944.168908058433,164.30004006205127,0.5117645939938401,0.0,100.0,1.0,0.0,0.0,chainlink,solver_cost,1.0,auction_beats_hook,0.0520694259012016,,,,linear_fee|log_fee|hook_fee|fixed_fee,0.0,325,0,0.9672619047619048,0.43391188251001334,chainlink,chainlink,69,0x8ad599c3a0ff1de082011efddc58f1908eb6e6d8,chainlink,stress,,,,749
study_recent,,weth_usdc_3000_month_24630867_24638066_w11,exports/study_recent/retune/s25_g5/2026_03/weth_usdc_3000_month_24630867_24638066_w11,weth_usdc,3000,24630867,24638066,11,observed_pool,0.29411764705882354,0.0,1.0,1187606.190367751,3538.703582899645,15.632952813524753,0.14669303369725425,0.0,100.0,1.0,0.17873303167420815,0.0,chainlink,solver_cost,1.0,auction_beats_hook,0.05656108597285068,,,,linear_fee|log_fee|hook_fee|fixed_fee,0.0,123,0,0.9461538461538461,0.45701357466063347,chainlink,chainlink,42,0x8ad599c3a0ff1de082011efddc58f1908eb6e6d8,chainlink,stress,,,,442
study_recent,,weth_usdc_3000_month_24702867_24710066_w21,exports/study_recent/retune/s25_g5/2026_03/weth_usdc_3000_month_24702867_24710066_w21,weth_usdc,3000,24702867,24710066,21,observed_pool,0.27391304347826084,0.0,1.0,263855.58725299605,702.6437333559734,-0.023675099480897188,0.030594477533547555,0.0,100.0,1.0,0.10434782608695652,0.0,chainlink,solver_cost,1.0,auction_beats_hook,0.004347826086956522,,,,hook_fee|linear_fee|log_fee|fixed_fee,0.0,76,0,1.0,0.43478260869565216,chainlink,chainlink,32,0x8ad599c3a0ff1de082011efddc58f1908eb6e6d8,chainlink,stress,,,,230
study_recent,,weth_usdc_3000_month_24774867_24781026_w31,exports/study_recent/retune/s25_g5/2026_03/weth_usdc_3000_month_24774867_24781026_w31,weth_usdc,3000,24774867,24781026,31,observed_pool,0.337890625,0.0,1.0,1378171.0124447928,4247.843962771818,10.991466117324308,0.10396425503327034,0.0,100.0,1.0,0.0859375,0.0,chainlink,solver_cost,1.0,auction_beats_hook,0.044921875,,,,linear_fee|log_fee|hook_fee|fixed_fee,0.0,162,0,0.9642857142857143,0.40234375,chainlink,chainlink,39,0x8ad599c3a0ff1de082011efddc58f1908eb6e6d8,chainlink,stress,,,,512
study_recent,,weth_usdc_3000_month_24781026_24788225_w01,exports/study_recent/retune/s25_g5/2026_04/weth_usdc_3000_month_24781026_24788225_w01,weth_usdc,3000,24781026,24788225,1,observed_pool,0.34,0.0,1.0,1900925.0374100702,2805.5024130211677,75.09151158039458,0.18097535217475266,0.0,100.0,1.0,0.0,0.0,chainlink,solver_cost,1.0,auction_beats_hook,0.07454545454545454,,,,log_fee|linear_fee|hook_fee|fixed_fee,0.0,240,4,0.9876543209876543,0.44363636363636366,chainlink,chainlink,38,0x8ad599c3a0ff1de082011efddc58f1908eb6e6d8,chainlink,stress,,,,550
study_recent,,weth_usdc_3000_month_24853026_24860225_w11,exports/study_recent/retune/s25_g5/2026_04/weth_usdc_3000_month_24853026_24860225_w11,weth_usdc,3000,24853026,24860225,11,observed_pool,0.29577464788732394,0.0,1.0,709848.2527839027,4587.994752719882,59.9804290428292,0.35738435890680204,0.0,100.0,1.0,0.30633802816901406,0.0,chainlink,solver_cost,1.0,auction_beats_hook,0.02464788732394366,,,,linear_fee|log_fee|hook_fee|fixed_fee,0.0,82,0,0.9534883720930233,0.5950704225352113,chainlink,chainlink,26,0x8ad599c3a0ff1de082011efddc58f1908eb6e6d8,chainlink,stress,,,,284
study_recent,,weth_usdc_3000_month_24917826_24925025_w20,exports/study_recent/retune/s25_g5/2026_04/weth_usdc_3000_month_24917826_24925025_w20,weth_usdc,3000,24917826,24925025,20,observed_pool,0.18491921005385997,0.0,1.0,1829553.2604136714,2108.5387188743334,46.80651689553633,0.14106884726174887,0.0,100.0,1.0,0.24236983842010773,0.0,chainlink,solver_cost,1.0,auction_beats_hook,0.04488330341113106,,,,linear_fee|log_fee|hook_fee|fixed_fee,0.0,168,0,0.9940828402366864,0.5439856373429084,chainlink,chainlink,32,0x8ad599c3a0ff1de082011efddc58f1908eb6e6d8,chainlink,stress,,,,557
study_recent,,weth_usdc_3000_month_24989826_24996367_w30,exports/study_recent/retune/s25_g5/2026_04/weth_usdc_3000_month_24989826_24996367_w30,weth_usdc,3000,24989826,24996367,30,observed_pool,0.19080459770114944,0.0,1.0,610179.2184991157,3523.1524649561616,49.64695443678647,0.2104742672378927,0.0,100.0,1.0,0.3839080459770115,0.0,chainlink,solver_cost,1.0,auction_beats_hook,0.059770114942528735,,,,hook_fee|linear_fee|log_fee|fixed_fee,0.0,65,0,1.0,0.5333333333333333,chainlink,chainlink,25,0x8ad599c3a0ff1de082011efddc58f1908eb6e6d8,chainlink,stress,,,,435
study_recent,,weth_usdc_3000_month_24996367_25003566_w01,exports/study_recent/retune/s25_g5/2026_05/weth_usdc_3000_month_24996367_25003566_w01,weth_usdc,3000,24996367,25003566,1,observed_pool,0.2893772893772894,0.0,1.0,893354.7643178521,5268.775126990164,31.90800326410681,0.42707429402845254,0.0,100.0,1.0,0.0,0.0,chainlink,solver_cost,1.0,auction_beats_hook,0.07326007326007326,,,,linear_fee|log_fee|hook_fee|fixed_fee,0.0,84,1,0.9767441860465116,0.31135531135531136,chainlink,chainlink,33,0x8ad599c3a0ff1de082011efddc58f1908eb6e6d8,chainlink,stress,,,,273
study_recent,,weth_usdc_3000_month_25068367_25075566_w11,exports/study_recent/retune/s25_g5/2026_05/weth_usdc_3000_month_25068367_25075566_w11,weth_usdc,3000,25068367,25075566,11,observed_pool,0.20476190476190476,0.0,1.0,492063.7071168438,1907.7452653233777,24.65582499332959,0.1621480197298777,0.0,100.0,1.0,0.44761904761904764,0.0,chainlink,solver_cost,1.0,auction_beats_hook,0.05238095238095238,,,,linear_fee|log_fee|hook_fee|fixed_fee,0.0,59,0,0.7375,0.5880952380952381,chainlink,chainlink,23,0x8ad599c3a0ff1de082011efddc58f1908eb6e6d8,chainlink,stress,,,,420
study_recent,,weth_usdc_3000_month_25140367_25147566_w21,exports/study_recent/retune/s25_g5/2026_05/weth_usdc_3000_month_25140367_25147566_w21,weth_usdc,3000,25140367,25147566,21,observed_pool,0.36187845303867405,0.0,1.0,636590.2431790803,722.7648968613939,10.703901145723648,0.12181995327522299,0.0,100.0,1.0,0.1878453038674033,0.0,chainlink,solver_cost,1.0,auction_beats_hook,0.09668508287292818,,,,linear_fee|log_fee|hook_fee|fixed_fee,0.0,99,1,0.9339622641509434,0.46408839779005523,chainlink,chainlink,26,0x8ad599c3a0ff1de082011efddc58f1908eb6e6d8,chainlink,stress,,,,362
study_recent,,weth_usdc_3000_month_25212367_25218797_w31,exports/study_recent/retune/s25_g5/2026_05/weth_usdc_3000_month_25212367_25218797_w31,weth_usdc,3000,25212367,25218797,31,observed_pool,0.3619047619047619,0.0,1.0,93152.68809909529,222.71305868162017,18.18762991912081,0.10298186565799974,0.0,100.0,1.0,0.11904761904761904,0.0,chainlink,solver_cost,1.0,auction_beats_hook,0.12857142857142856,,,,linear_fee|log_fee|hook_fee|fixed_fee,0.0,18,0,0.29508196721311475,0.20476190476190476,chainlink,chainlink,22,0x8ad599c3a0ff1de082011efddc58f1908eb6e6d8,chainlink,stress,,,,210
study_recent,,weth_usdc_3000_month_25218797_25225996_w01,exports/study_recent/retune/s25_g5/2026_06/weth_usdc_3000_month_25218797_25225996_w01,weth_usdc,3000,25218797,25225996,1,observed_pool,0.38441558441558443,0.0,1.0,779852.944936538,1324.4996892334893,10.414063092670403,0.12385442797980233,0.0,100.0,1.0,0.0,0.0,chainlink,solver_cost,1.0,auction_beats_hook,0.05194805194805195,,,,hook_fee|linear_fee|log_fee|fixed_fee,0.0,165,0,1.0,0.42857142857142855,chainlink,chainlink,37,0x8ad599c3a0ff1de082011efddc58f1908eb6e6d8,chainlink,stress,,,,385
study_recent,,weth_usdc_3000_month_25290797_25297996_w11,exports/study_recent/retune/s25_g5/2026_06/weth_usdc_3000_month_25290797_25297996_w11,weth_usdc,3000,25290797,25297996,11,observed_pool,0.22291993720565148,0.0,1.0,539904.2413987347,4606.200490052346,108.0243985723937,0.15847775244707535,0.0,100.0,1.0,0.25274725274725274,0.0,chainlink,solver_cost,1.0,auction_beats_hook,0.14442700156985872,,,,linear_fee|log_fee|hook_fee|fixed_fee,0.0,149,1,0.9802631578947368,0.48822605965463106,chainlink,chainlink,38,0x8ad599c3a0ff1de082011efddc58f1908eb6e6d8,chainlink,stress,,,,637
study_recent,,weth_usdc_3000_month_25355597_25362796_w20,exports/study_recent/retune/s25_g5/2026_06/weth_usdc_3000_month_25355597_25362796_w20,weth_usdc,3000,25355597,25362796,20,observed_pool,0.2808798646362098,0.0,1.0,128722.97573606754,4387.159819467357,48.72618591300852,0.13802083221861727,0.0,100.0,1.0,0.11844331641285956,0.0,chainlink,solver_cost,1.0,auction_beats_hook,0.15905245346869712,,,,linear_fee|log_fee|hook_fee|fixed_fee,0.0,77,2,0.6814159292035398,0.2521150592216582,chainlink,chainlink,25,0x8ad599c3a0ff1de082011efddc58f1908eb6e6d8,chainlink,stress,,,,591
study_recent,,weth_usdc_3000_month_25427597_25433938_w30,exports/study_recent/retune/s25_g5/2026_06/weth_usdc_3000_month_25427597_25433938_w30,weth_usdc,3000,25427597,25433938,30,observed_pool,0.23429541595925296,0.0,1.0,334097.8997961379,1717.1630978205358,16.31469493219629,0.10215724340995672,0.0,100.0,1.0,0.1969439728353141,0.0,chainlink,solver_cost,1.0,auction_beats_hook,0.03225806451612903,,,,hook_fee|linear_fee|log_fee|fixed_fee,0.0,190,0,1.0,0.5195246179966044,chainlink,chainlink,28,0x8ad599c3a0ff1de082011efddc58f1908eb6e6d8,chainlink,stress,,,,589
study_recent,,weth_usdc_3000_month_24136052_24143251_w01,exports/study_recent/retune/s50_g0.5/2026_01/weth_usdc_3000_month_24136052_24143251_w01,weth_usdc,3000,24136052,24143251,1,observed_pool,0.2876712328767123,0.05555555555555555,0.9444444444444444,490281.2124058052,1922.9898051063647,1.3189282043022104,0.45920985871861425,0.0,100.0,1.0,0.0,0.05555555555555555,chainlink,solver_cost,1.0,auction_beats_hook,0.06164383561643835,,,,linear_fee|log_fee|hook_fee|fixed_fee,0.0,58,1,0.9666666666666667,0.20205479452054795,chainlink,chainlink,28,0x8ad599c3a0ff1de082011efddc58f1908eb6e6d8,chainlink,stress,,,,292
study_recent,,weth_usdc_3000_month_24208052_24215251_w11,exports/study_recent/retune/s50_g0.5/2026_01/weth_usdc_3000_month_24208052_24215251_w11,weth_usdc,3000,24208052,24215251,11,observed_pool,0.3044397463002114,0.0,1.0,3325643.644608176,7170.383735213429,10.597924231085926,0.9741849804631048,0.0,100.0,1.0,0.09090909090909091,0.0,chainlink,solver_cost,1.0,auction_beats_hook,0.023255813953488372,,,,linear_fee|log_fee|hook_fee|fixed_fee,0.0,80,0,0.9523809523809523,0.26004228329809725,chainlink,chainlink,26,0x8ad599c3a0ff1de082011efddc58f1908eb6e6d8,chainlink,stress,,,,473
study_recent,,weth_usdc_3000_month_24280052_24287251_w21,exports/study_recent/retune/s50_g0.5/2026_01/weth_usdc_3000_month_24280052_24287251_w21,weth_usdc,3000,24280052,24287251,21,observed_pool,0.3461077844311377,0.0,1.0,5504260.586593518,26356.514343922026,36.05007187463343,0.6236950554013834,0.0,100.0,1.0,0.13293413173652693,0.0,chainlink,solver_cost,1.0,auction_beats_hook,0.058682634730538925,,,,linear_fee|log_fee|hook_fee|fixed_fee,0.0,233,0,0.8629629629629629,0.4119760479041916,chainlink,chainlink,56,0x8ad599c3a0ff1de082011efddc58f1908eb6e6d8,chainlink,stress,,,,835
study_recent,,weth_usdc_3000_month_24352052_24358292_w31,exports/study_recent/retune/s50_g0.5/2026_01/weth_usdc_3000_month_24352052_24358292_w31,weth_usdc,3000,24352052,24358292,31,observed_pool,0.32890070921985815,0.0,1.0,20121663.071933117,12124.428299661726,18.734651193022728,0.3327472923500592,0.0,100.0,1.0,0.01773049645390071,0.0,chainlink,solver_cost,1.0,auction_beats_hook,0.012411347517730497,,,,linear_fee|log_fee|hook_fee|fixed_fee,0.0,442,0,0.9587852494577006,0.4095744680851064,chainlink,chainlink,96,0x8ad599c3a0ff1de082011efddc58f1908eb6e6d8,chainlink,stress,,,,1128
study_recent,,weth_usdc_3000_month_24358292_24365491_w01,exports/study_recent/retune/s50_g0.5/2026_02/weth_usdc_3000_month_24358292_24365491_w01,weth_usdc,3000,24358292,24365491,1,observed_pool,0.2785947712418301,0.0,1.0,6829453.808811455,21752.632369486615,309.00706725474447,0.6363999596149977,0.0,100.0,1.0,0.0,0.0,chainlink,solver_cost,1.0,auction_beats_hook,0.059640522875817,,,,hook_fee|linear_fee|log_fee|fixed_fee,0.0,586,0,1.0,0.47875816993464054,chainlink,chainlink,124,0x8ad599c3a0ff1de082011efddc58f1908eb6e6d8,chainlink,stress,,,,1224
study_recent,,weth_usdc_3000_month_24423092_24430291_w10,exports/study_recent/retune/s50_g0.5/2026_02/weth_usdc_3000_month_24423092_24430291_w10,weth_usdc,3000,24423092,24430291,10,observed_pool,0.25158227848101267,0.027777777777777776,0.9722222222222222,551882.2704302103,2490.6593504012562,12.070451584761031,0.15137759954539437,0.0,100.0,1.0,0.314873417721519,0.027777777777777776,chainlink,solver_cost,1.0,auction_beats_hook,0.056962025316455694,,,,hook_fee|linear_fee|log_fee|fixed_fee,0.0,128,3,1.0,0.5221518987341772,chainlink,chainlink,42,0x8ad599c3a0ff1de082011efddc58f1908eb6e6d8,chainlink,stress,,,,632
study_recent,,weth_usdc_3000_month_24487892_24495091_w19,exports/study_recent/retune/s50_g0.5/2026_02/weth_usdc_3000_month_24487892_24495091_w19,weth_usdc,3000,24487892,24495091,19,observed_pool,0.2576271186440678,0.0,1.0,669528.0842851178,2036.187567392597,52.1606788195204,0.2793240071441707,0.0,100.0,1.0,0.14745762711864407,0.0,chainlink,solver_cost,1.0,auction_beats_hook,0.07288135593220339,,,,linear_fee|log_fee|hook_fee|fixed_fee,0.0,222,0,0.9779735682819384,0.523728813559322,chainlink,chainlink,40,0x8ad599c3a0ff1de082011efddc58f1908eb6e6d8,chainlink,stress,,,,590
study_recent,,weth_usdc_3000_month_24552692_24558867_w28,exports/study_recent/retune/s50_g0.5/2026_02/weth_usdc_3000_month_24552692_24558867_w28,weth_usdc,3000,24552692,24558867,28,observed_pool,0.301521438450899,0.0,1.0,1307010.9664014198,8714.303499054862,22.95226590661332,0.21228563599460984,0.0,100.0,1.0,0.1825726141078838,0.0,chainlink,solver_cost,1.0,auction_beats_hook,0.10511756569847856,,,,hook_fee|linear_fee|log_fee|fixed_fee,0.0,179,0,1.0,0.43015214384508993,chainlink,chainlink,48,0x8ad599c3a0ff1de082011efddc58f1908eb6e6d8,chainlink,stress,,,,723
study_recent,,weth_usdc_3000_month_24558867_24566066_w01,exports/study_recent/retune/s50_g0.5/2026_03/weth_usdc_3000_month_24558867_24566066_w01,weth_usdc,3000,24558867,24566066,1,observed_pool,0.3818424566088118,0.0,1.0,1538205.7789535818,19930.921981010586,151.05311301420443,0.7850249962913314,0.0,100.0,1.0,0.0,0.0,chainlink,solver_cost,1.0,auction_beats_hook,0.037383177570093455,,,,linear_fee|log_fee|hook_fee|fixed_fee,0.0,325,0,0.9672619047619048,0.43391188251001334,chainlink,chainlink,69,0x8ad599c3a0ff1de082011efddc58f1908eb6e6d8,chainlink,stress,,,,749
study_recent,,weth_usdc_3000_month_24630867_24638066_w11,exports/study_recent/retune/s50_g0.5/2026_03/weth_usdc_3000_month_24630867_24638066_w11,weth_usdc,3000,24630867,24638066,11,observed_pool,0.29411764705882354,0.0,1.0,1187602.581429003,3535.094644151628,12.0240140655078,0.30493393979142863,0.0,100.0,1.0,0.17873303167420815,0.0,chainlink,solver_cost,1.0,auction_beats_hook,0.05203619909502263,,,,linear_fee|log_fee|hook_fee|fixed_fee,0.0,123,0,0.9461538461538461,0.45701357466063347,chainlink,chainlink,42,0x8ad599c3a0ff1de082011efddc58f1908eb6e6d8,chainlink,stress,,,,442
study_recent,,weth_usdc_3000_month_24702867_24710066_w21,exports/study_recent/retune/s50_g0.5/2026_03/weth_usdc_3000_month_24702867_24710066_w21,weth_usdc,3000,24702867,24710066,21,observed_pool,0.27391304347826084,0.0,1.0,263855.54165851854,702.5981388784712,-0.06926957698306069,0.07618895506709511,0.0,100.0,1.0,0.10434782608695652,0.0,chainlink,solver_cost,1.0,auction_beats_hook,0.004347826086956522,,,,hook_fee|linear_fee|log_fee|fixed_fee,0.0,76,0,1.0,0.43478260869565216,chainlink,chainlink,32,0x8ad599c3a0ff1de082011efddc58f1908eb6e6d8,chainlink,stress,,,,230
study_recent,,weth_usdc_3000_month_24774867_24781026_w31,exports/study_recent/retune/s50_g0.5/2026_03/weth_usdc_3000_month_24774867_24781026_w31,weth_usdc,3000,24774867,24781026,31,observed_pool,0.337890625,0.0,1.0,1378168.2762669271,4245.107784906169,8.255288251675665,0.22292851006654066,0.0,100.0,1.0,0.0859375,0.0,chainlink,solver_cost,1.0,auction_beats_hook,0.044921875,,,,linear_fee|log_fee|hook_fee|fixed_fee,0.0,162,0,0.9642857142857143,0.40234375,chainlink,chainlink,39,0x8ad599c3a0ff1de082011efddc58f1908eb6e6d8,chainlink,stress,,,,512
study_recent,,weth_usdc_3000_month_24781026_24788225_w01,exports/study_recent/retune/s50_g0.5/2026_04/weth_usdc_3000_month_24781026_24788225_w01,weth_usdc,3000,24781026,24788225,1,observed_pool,0.34,0.0,1.0,1900917.234543147,2797.6995460980106,67.28864465723746,0.37851176162808403,0.0,100.0,1.0,0.0,0.0,chainlink,solver_cost,1.0,auction_beats_hook,0.07272727272727272,,,,log_fee|linear_fee|hook_fee|fixed_fee,0.0,240,4,0.9876543209876543,0.44363636363636366,chainlink,chainlink,38,0x8ad599c3a0ff1de082011efddc58f1908eb6e6d8,chainlink,stress,,,,550
study_recent,,weth_usdc_3000_month_24853026_24860225_w11,exports/study_recent/retune/s50_g0.5/2026_04/weth_usdc_3000_month_24853026_24860225_w11,weth_usdc,3000,24853026,24860225,11,observed_pool,0.29577464788732394,0.0,1.0,709846.2105632912,4585.9525321084075,57.938208431354724,0.8827565586063366,0.0,100.0,1.0,0.30633802816901406,0.0,chainlink,solver_cost,1.0,auction_beats_hook,0.017605633802816902,,,,linear_fee|log_fee|hook_fee|fixed_fee,0.0,82,0,0.9534883720930233,0.5950704225352113,chainlink,chainlink,26,0x8ad599c3a0ff1de082011efddc58f1908eb6e6d8,chainlink,stress,,,,284
study_recent,,weth_usdc_3000_month_24917826_24925025_w20,exports/study_recent/retune/s50_g0.5/2026_04/weth_usdc_3000_month_24917826_24925025_w20,weth_usdc,3000,24917826,24925025,20,observed_pool,0.18491921005385997,0.0,1.0,1829549.3586924898,2104.6369976927526,42.90479571395554,0.29713769452349775,0.0,100.0,1.0,0.24236983842010773,0.0,chainlink,solver_cost,1.0,auction_beats_hook,0.04488330341113106,,,,linear_fee|log_fee|hook_fee|fixed_fee,0.0,168,0,0.9940828402366864,0.5439856373429084,chainlink,chainlink,32,0x8ad599c3a0ff1de082011efddc58f1908eb6e6d8,chainlink,stress,,,,557
study_recent,,weth_usdc_3000_month_24989826_24996367_w30,exports/study_recent/retune/s50_g0.5/2026_04/weth_usdc_3000_month_24989826_24996367_w30,weth_usdc,3000,24989826,24996367,30,observed_pool,0.19080459770114944,0.0,1.0,610173.7131451413,3517.6471109817503,44.14160046237521,0.4320851109211216,0.0,100.0,1.0,0.3839080459770115,0.0,chainlink,solver_cost,1.0,auction_beats_hook,0.05747126436781609,,,,hook_fee|linear_fee|log_fee|fixed_fee,0.0,65,0,1.0,0.5333333333333333,chainlink,chainlink,25,0x8ad599c3a0ff1de082011efddc58f1908eb6e6d8,chainlink,stress,,,,435
study_recent,,weth_usdc_3000_month_24996367_25003566_w01,exports/study_recent/retune/s50_g0.5/2026_05/weth_usdc_3000_month_24996367_25003566_w01,weth_usdc,3000,24996367,25003566,1,observed_pool,0.2893772893772894,0.0,1.0,893346.512440583,5260.523249721038,23.656125994981267,0.8646770756022429,0.0,100.0,1.0,0.0,0.0,chainlink,solver_cost,1.0,auction_beats_hook,0.0695970695970696,,,,linear_fee|log_fee|hook_fee|fixed_fee,0.0,84,1,0.9767441860465116,0.31135531135531136,chainlink,chainlink,33,0x8ad599c3a0ff1de082011efddc58f1908eb6e6d8,chainlink,stress,,,,273
study_recent,,weth_usdc_3000_month_25068367_25075566_w11,exports/study_recent/retune/s50_g0.5/2026_05/weth_usdc_3000_month_25068367_25075566_w11,weth_usdc,3000,25068367,25075566,11,observed_pool,0.20476190476190476,0.0,1.0,492059.80986040976,1903.8480088893557,20.758568559307605,0.3392960394597554,0.0,100.0,1.0,0.44761904761904764,0.0,chainlink,solver_cost,1.0,auction_beats_hook,0.05238095238095238,,,,linear_fee|log_fee|hook_fee|fixed_fee,0.0,59,0,0.7375,0.5880952380952381,chainlink,chainlink,23,0x8ad599c3a0ff1de082011efddc58f1908eb6e6d8,chainlink,stress,,,,420
study_recent,,weth_usdc_3000_month_25140367_25147566_w21,exports/study_recent/retune/s50_g0.5/2026_05/weth_usdc_3000_month_25140367_25147566_w21,weth_usdc,3000,25140367,25147566,21,observed_pool,0.36187845303867405,0.0,1.0,636585.9557396512,718.4774574323092,6.416461716638878,0.2542620237059543,0.0,100.0,1.0,0.1878453038674033,0.0,chainlink,solver_cost,1.0,auction_beats_hook,0.09116022099447514,,,,linear_fee|log_fee|hook_fee|fixed_fee,0.0,99,1,0.9339622641509434,0.46408839779005523,chainlink,chainlink,26,0x8ad599c3a0ff1de082011efddc58f1908eb6e6d8,chainlink,stress,,,,362
study_recent,,weth_usdc_3000_month_25212367_25218797_w31,exports/study_recent/retune/s50_g0.5/2026_05/weth_usdc_3000_month_25212367_25218797_w31,weth_usdc,3000,25212367,25218797,31,observed_pool,0.3619047619047619,0.0,1.0,93149.50258872253,219.5275483088626,15.002119546363247,0.22096373131599947,0.0,100.0,1.0,0.11904761904761904,0.0,chainlink,solver_cost,1.0,auction_beats_hook,0.12857142857142856,,,,linear_fee|log_fee|hook_fee|fixed_fee,0.0,18,0,0.29508196721311475,0.20476190476190476,chainlink,chainlink,22,0x8ad599c3a0ff1de082011efddc58f1908eb6e6d8,chainlink,stress,,,,210
study_recent,,weth_usdc_3000_month_25218797_25225996_w01,exports/study_recent/retune/s50_g0.5/2026_06/weth_usdc_3000_month_25218797_25225996_w01,weth_usdc,3000,25218797,25225996,1,observed_pool,0.38441558441558443,0.0,1.0,779850.1678479784,1321.7226006739074,7.636974533088505,0.26270885595960464,0.0,100.0,1.0,0.0,0.0,chainlink,solver_cost,1.0,auction_beats_hook,0.05194805194805195,,,,hook_fee|linear_fee|log_fee|fixed_fee,0.0,165,0,1.0,0.42857142857142855,chainlink,chainlink,37,0x8ad599c3a0ff1de082011efddc58f1908eb6e6d8,chainlink,stress,,,,385
study_recent,,weth_usdc_3000_month_25290797_25297996_w11,exports/study_recent/retune/s50_g0.5/2026_06/weth_usdc_3000_month_25290797_25297996_w11,weth_usdc,3000,25290797,25297996,11,observed_pool,0.22291993720565148,0.0,1.0,539889.5613134686,4591.520404786221,93.3443133062683,0.3253503290340516,0.0,100.0,1.0,0.25274725274725274,0.0,chainlink,solver_cost,1.0,auction_beats_hook,0.13814756671899528,,,,linear_fee|log_fee|hook_fee|fixed_fee,0.0,149,1,0.9802631578947368,0.48822605965463106,chainlink,chainlink,38,0x8ad599c3a0ff1de082011efddc58f1908eb6e6d8,chainlink,stress,,,,637
study_recent,,weth_usdc_3000_month_25355597_25362796_w20,exports/study_recent/retune/s50_g0.5/2026_06/weth_usdc_3000_month_25355597_25362796_w20,weth_usdc,3000,25355597,25362796,20,observed_pool,0.2808798646362098,0.0,1.0,128710.63118209962,4374.815265499434,36.381631945085246,0.28005690680233003,0.0,100.0,1.0,0.11844331641285956,0.0,chainlink,solver_cost,1.0,auction_beats_hook,0.14720812182741116,,,,linear_fee|log_fee|hook_fee|fixed_fee,0.0,77,2,0.6814159292035398,0.2521150592216582,chainlink,chainlink,25,0x8ad599c3a0ff1de082011efddc58f1908eb6e6d8,chainlink,stress,,,,591
study_recent,,weth_usdc_3000_month_25427597_25433938_w30,exports/study_recent/retune/s50_g0.5/2026_06/weth_usdc_3000_month_25427597_25433938_w30,weth_usdc,3000,25427597,25433938,30,observed_pool,0.23429541595925296,0.0,1.0,334095.6738085131,1714.9371101957513,14.088707307411823,0.21931448681991342,0.0,100.0,1.0,0.1969439728353141,0.0,chainlink,solver_cost,1.0,auction_beats_hook,0.03225806451612903,,,,hook_fee|linear_fee|log_fee|fixed_fee,0.0,190,0,1.0,0.5195246179966044,chainlink,chainlink,28,0x8ad599c3a0ff1de082011efddc58f1908eb6e6d8,chainlink,stress,,,,589
study_recent,,weth_usdc_3000_month_24136052_24143251_w01,exports/study_recent/retune/s50_g2/2026_01/weth_usdc_3000_month_24136052_24143251_w01,weth_usdc,3000,24136052,24143251,1,observed_pool,0.2876712328767123,0.05555555555555555,0.9444444444444444,490281.2124058052,1922.9898051063647,1.3189282043022104,0.45920985871861425,0.0,100.0,1.0,0.0,0.05555555555555555,chainlink,solver_cost,1.0,auction_beats_hook,0.06164383561643835,,,,linear_fee|log_fee|hook_fee|fixed_fee,0.0,58,1,0.9666666666666667,0.20205479452054795,chainlink,chainlink,28,0x8ad599c3a0ff1de082011efddc58f1908eb6e6d8,chainlink,stress,,,,292
study_recent,,weth_usdc_3000_month_24208052_24215251_w11,exports/study_recent/retune/s50_g2/2026_01/weth_usdc_3000_month_24208052_24215251_w11,weth_usdc,3000,24208052,24215251,11,observed_pool,0.3044397463002114,0.0,1.0,3325643.644608176,7170.383735213429,10.597924231085926,0.9741849804631048,0.0,100.0,1.0,0.09090909090909091,0.0,chainlink,solver_cost,1.0,auction_beats_hook,0.023255813953488372,,,,linear_fee|log_fee|hook_fee|fixed_fee,0.0,80,0,0.9523809523809523,0.26004228329809725,chainlink,chainlink,26,0x8ad599c3a0ff1de082011efddc58f1908eb6e6d8,chainlink,stress,,,,473
study_recent,,weth_usdc_3000_month_24280052_24287251_w21,exports/study_recent/retune/s50_g2/2026_01/weth_usdc_3000_month_24280052_24287251_w21,weth_usdc,3000,24280052,24287251,21,observed_pool,0.3461077844311377,0.0,1.0,5504260.586593518,26356.514343922026,36.05007187463343,0.6236950554013834,0.0,100.0,1.0,0.13293413173652693,0.0,chainlink,solver_cost,1.0,auction_beats_hook,0.058682634730538925,,,,linear_fee|log_fee|hook_fee|fixed_fee,0.0,233,0,0.8629629629629629,0.4119760479041916,chainlink,chainlink,56,0x8ad599c3a0ff1de082011efddc58f1908eb6e6d8,chainlink,stress,,,,835
study_recent,,weth_usdc_3000_month_24352052_24358292_w31,exports/study_recent/retune/s50_g2/2026_01/weth_usdc_3000_month_24352052_24358292_w31,weth_usdc,3000,24352052,24358292,31,observed_pool,0.32890070921985815,0.0,1.0,20121663.071933117,12124.428299661726,18.734651193022728,0.3327472923500592,0.0,100.0,1.0,0.01773049645390071,0.0,chainlink,solver_cost,1.0,auction_beats_hook,0.012411347517730497,,,,linear_fee|log_fee|hook_fee|fixed_fee,0.0,442,0,0.9587852494577006,0.4095744680851064,chainlink,chainlink,96,0x8ad599c3a0ff1de082011efddc58f1908eb6e6d8,chainlink,stress,,,,1128
study_recent,,weth_usdc_3000_month_24358292_24365491_w01,exports/study_recent/retune/s50_g2/2026_02/weth_usdc_3000_month_24358292_24365491_w01,weth_usdc,3000,24358292,24365491,1,observed_pool,0.2785947712418301,0.0,1.0,6829453.808811455,21752.632369486615,309.00706725474447,0.6363999596149977,0.0,100.0,1.0,0.0,0.0,chainlink,solver_cost,1.0,auction_beats_hook,0.059640522875817,,,,hook_fee|linear_fee|log_fee|fixed_fee,0.0,586,0,1.0,0.47875816993464054,chainlink,chainlink,124,0x8ad599c3a0ff1de082011efddc58f1908eb6e6d8,chainlink,stress,,,,1224
study_recent,,weth_usdc_3000_month_24423092_24430291_w10,exports/study_recent/retune/s50_g2/2026_02/weth_usdc_3000_month_24423092_24430291_w10,weth_usdc,3000,24423092,24430291,10,observed_pool,0.25158227848101267,0.027777777777777776,0.9722222222222222,551882.2704302103,2490.6593504012562,12.070451584761031,0.15137759954539437,0.0,100.0,1.0,0.314873417721519,0.027777777777777776,chainlink,solver_cost,1.0,auction_beats_hook,0.056962025316455694,,,,hook_fee|linear_fee|log_fee|fixed_fee,0.0,128,3,1.0,0.5221518987341772,chainlink,chainlink,42,0x8ad599c3a0ff1de082011efddc58f1908eb6e6d8,chainlink,stress,,,,632
study_recent,,weth_usdc_3000_month_24487892_24495091_w19,exports/study_recent/retune/s50_g2/2026_02/weth_usdc_3000_month_24487892_24495091_w19,weth_usdc,3000,24487892,24495091,19,observed_pool,0.2576271186440678,0.0,1.0,669528.0842851178,2036.187567392597,52.1606788195204,0.2793240071441707,0.0,100.0,1.0,0.14745762711864407,0.0,chainlink,solver_cost,1.0,auction_beats_hook,0.07288135593220339,,,,linear_fee|log_fee|hook_fee|fixed_fee,0.0,222,0,0.9779735682819384,0.523728813559322,chainlink,chainlink,40,0x8ad599c3a0ff1de082011efddc58f1908eb6e6d8,chainlink,stress,,,,590
study_recent,,weth_usdc_3000_month_24552692_24558867_w28,exports/study_recent/retune/s50_g2/2026_02/weth_usdc_3000_month_24552692_24558867_w28,weth_usdc,3000,24552692,24558867,28,observed_pool,0.301521438450899,0.0,1.0,1307010.9664014198,8714.303499054862,22.95226590661332,0.21228563599460984,0.0,100.0,1.0,0.1825726141078838,0.0,chainlink,solver_cost,1.0,auction_beats_hook,0.10511756569847856,,,,hook_fee|linear_fee|log_fee|fixed_fee,0.0,179,0,1.0,0.43015214384508993,chainlink,chainlink,48,0x8ad599c3a0ff1de082011efddc58f1908eb6e6d8,chainlink,stress,,,,723
study_recent,,weth_usdc_3000_month_24558867_24566066_w01,exports/study_recent/retune/s50_g2/2026_03/weth_usdc_3000_month_24558867_24566066_w01,weth_usdc,3000,24558867,24566066,1,observed_pool,0.3818424566088118,0.0,1.0,1538205.7789535818,19930.921981010586,151.05311301420443,0.7850249962913314,0.0,100.0,1.0,0.0,0.0,chainlink,solver_cost,1.0,auction_beats_hook,0.037383177570093455,,,,linear_fee|log_fee|hook_fee|fixed_fee,0.0,325,0,0.9672619047619048,0.43391188251001334,chainlink,chainlink,69,0x8ad599c3a0ff1de082011efddc58f1908eb6e6d8,chainlink,stress,,,,749
study_recent,,weth_usdc_3000_month_24630867_24638066_w11,exports/study_recent/retune/s50_g2/2026_03/weth_usdc_3000_month_24630867_24638066_w11,weth_usdc,3000,24630867,24638066,11,observed_pool,0.29411764705882354,0.0,1.0,1187602.581429003,3535.094644151628,12.0240140655078,0.30493393979142863,0.0,100.0,1.0,0.17873303167420815,0.0,chainlink,solver_cost,1.0,auction_beats_hook,0.05203619909502263,,,,linear_fee|log_fee|hook_fee|fixed_fee,0.0,123,0,0.9461538461538461,0.45701357466063347,chainlink,chainlink,42,0x8ad599c3a0ff1de082011efddc58f1908eb6e6d8,chainlink,stress,,,,442
study_recent,,weth_usdc_3000_month_24702867_24710066_w21,exports/study_recent/retune/s50_g2/2026_03/weth_usdc_3000_month_24702867_24710066_w21,weth_usdc,3000,24702867,24710066,21,observed_pool,0.27391304347826084,0.0,1.0,263855.54165851854,702.5981388784712,-0.06926957698306069,0.07618895506709511,0.0,100.0,1.0,0.10434782608695652,0.0,chainlink,solver_cost,1.0,auction_beats_hook,0.004347826086956522,,,,hook_fee|linear_fee|log_fee|fixed_fee,0.0,76,0,1.0,0.43478260869565216,chainlink,chainlink,32,0x8ad599c3a0ff1de082011efddc58f1908eb6e6d8,chainlink,stress,,,,230
study_recent,,weth_usdc_3000_month_24774867_24781026_w31,exports/study_recent/retune/s50_g2/2026_03/weth_usdc_3000_month_24774867_24781026_w31,weth_usdc,3000,24774867,24781026,31,observed_pool,0.337890625,0.0,1.0,1378168.2762669271,4245.107784906169,8.255288251675665,0.22292851006654066,0.0,100.0,1.0,0.0859375,0.0,chainlink,solver_cost,1.0,auction_beats_hook,0.044921875,,,,linear_fee|log_fee|hook_fee|fixed_fee,0.0,162,0,0.9642857142857143,0.40234375,chainlink,chainlink,39,0x8ad599c3a0ff1de082011efddc58f1908eb6e6d8,chainlink,stress,,,,512
study_recent,,weth_usdc_3000_month_24781026_24788225_w01,exports/study_recent/retune/s50_g2/2026_04/weth_usdc_3000_month_24781026_24788225_w01,weth_usdc,3000,24781026,24788225,1,observed_pool,0.34,0.0,1.0,1900917.234543147,2797.6995460980106,67.28864465723746,0.37851176162808403,0.0,100.0,1.0,0.0,0.0,chainlink,solver_cost,1.0,auction_beats_hook,0.07272727272727272,,,,log_fee|linear_fee|hook_fee|fixed_fee,0.0,240,4,0.9876543209876543,0.44363636363636366,chainlink,chainlink,38,0x8ad599c3a0ff1de082011efddc58f1908eb6e6d8,chainlink,stress,,,,550
study_recent,,weth_usdc_3000_month_24853026_24860225_w11,exports/study_recent/retune/s50_g2/2026_04/weth_usdc_3000_month_24853026_24860225_w11,weth_usdc,3000,24853026,24860225,11,observed_pool,0.29577464788732394,0.0,1.0,709846.2105632912,4585.9525321084075,57.938208431354724,0.8827565586063366,0.0,100.0,1.0,0.30633802816901406,0.0,chainlink,solver_cost,1.0,auction_beats_hook,0.017605633802816902,,,,linear_fee|log_fee|hook_fee|fixed_fee,0.0,82,0,0.9534883720930233,0.5950704225352113,chainlink,chainlink,26,0x8ad599c3a0ff1de082011efddc58f1908eb6e6d8,chainlink,stress,,,,284
study_recent,,weth_usdc_3000_month_24917826_24925025_w20,exports/study_recent/retune/s50_g2/2026_04/weth_usdc_3000_month_24917826_24925025_w20,weth_usdc,3000,24917826,24925025,20,observed_pool,0.18491921005385997,0.0,1.0,1829549.3586924898,2104.6369976927526,42.90479571395554,0.29713769452349775,0.0,100.0,1.0,0.24236983842010773,0.0,chainlink,solver_cost,1.0,auction_beats_hook,0.04488330341113106,,,,linear_fee|log_fee|hook_fee|fixed_fee,0.0,168,0,0.9940828402366864,0.5439856373429084,chainlink,chainlink,32,0x8ad599c3a0ff1de082011efddc58f1908eb6e6d8,chainlink,stress,,,,557
study_recent,,weth_usdc_3000_month_24989826_24996367_w30,exports/study_recent/retune/s50_g2/2026_04/weth_usdc_3000_month_24989826_24996367_w30,weth_usdc,3000,24989826,24996367,30,observed_pool,0.19080459770114944,0.0,1.0,610173.7131451413,3517.6471109817503,44.14160046237521,0.4320851109211216,0.0,100.0,1.0,0.3839080459770115,0.0,chainlink,solver_cost,1.0,auction_beats_hook,0.05747126436781609,,,,hook_fee|linear_fee|log_fee|fixed_fee,0.0,65,0,1.0,0.5333333333333333,chainlink,chainlink,25,0x8ad599c3a0ff1de082011efddc58f1908eb6e6d8,chainlink,stress,,,,435
study_recent,,weth_usdc_3000_month_24996367_25003566_w01,exports/study_recent/retune/s50_g2/2026_05/weth_usdc_3000_month_24996367_25003566_w01,weth_usdc,3000,24996367,25003566,1,observed_pool,0.2893772893772894,0.0,1.0,893346.512440583,5260.523249721038,23.656125994981267,0.8646770756022429,0.0,100.0,1.0,0.0,0.0,chainlink,solver_cost,1.0,auction_beats_hook,0.0695970695970696,,,,linear_fee|log_fee|hook_fee|fixed_fee,0.0,84,1,0.9767441860465116,0.31135531135531136,chainlink,chainlink,33,0x8ad599c3a0ff1de082011efddc58f1908eb6e6d8,chainlink,stress,,,,273
study_recent,,weth_usdc_3000_month_25068367_25075566_w11,exports/study_recent/retune/s50_g2/2026_05/weth_usdc_3000_month_25068367_25075566_w11,weth_usdc,3000,25068367,25075566,11,observed_pool,0.20476190476190476,0.0,1.0,492059.80986040976,1903.8480088893557,20.758568559307605,0.3392960394597554,0.0,100.0,1.0,0.44761904761904764,0.0,chainlink,solver_cost,1.0,auction_beats_hook,0.05238095238095238,,,,linear_fee|log_fee|hook_fee|fixed_fee,0.0,59,0,0.7375,0.5880952380952381,chainlink,chainlink,23,0x8ad599c3a0ff1de082011efddc58f1908eb6e6d8,chainlink,stress,,,,420
study_recent,,weth_usdc_3000_month_25140367_25147566_w21,exports/study_recent/retune/s50_g2/2026_05/weth_usdc_3000_month_25140367_25147566_w21,weth_usdc,3000,25140367,25147566,21,observed_pool,0.36187845303867405,0.0,1.0,636585.9557396512,718.4774574323092,6.416461716638878,0.2542620237059543,0.0,100.0,1.0,0.1878453038674033,0.0,chainlink,solver_cost,1.0,auction_beats_hook,0.09116022099447514,,,,linear_fee|log_fee|hook_fee|fixed_fee,0.0,99,1,0.9339622641509434,0.46408839779005523,chainlink,chainlink,26,0x8ad599c3a0ff1de082011efddc58f1908eb6e6d8,chainlink,stress,,,,362
study_recent,,weth_usdc_3000_month_25212367_25218797_w31,exports/study_recent/retune/s50_g2/2026_05/weth_usdc_3000_month_25212367_25218797_w31,weth_usdc,3000,25212367,25218797,31,observed_pool,0.3619047619047619,0.0,1.0,93149.50258872253,219.5275483088626,15.002119546363247,0.22096373131599947,0.0,100.0,1.0,0.11904761904761904,0.0,chainlink,solver_cost,1.0,auction_beats_hook,0.12857142857142856,,,,linear_fee|log_fee|hook_fee|fixed_fee,0.0,18,0,0.29508196721311475,0.20476190476190476,chainlink,chainlink,22,0x8ad599c3a0ff1de082011efddc58f1908eb6e6d8,chainlink,stress,,,,210
study_recent,,weth_usdc_3000_month_25218797_25225996_w01,exports/study_recent/retune/s50_g2/2026_06/weth_usdc_3000_month_25218797_25225996_w01,weth_usdc,3000,25218797,25225996,1,observed_pool,0.38441558441558443,0.0,1.0,779850.1678479784,1321.7226006739074,7.636974533088505,0.26270885595960464,0.0,100.0,1.0,0.0,0.0,chainlink,solver_cost,1.0,auction_beats_hook,0.05194805194805195,,,,hook_fee|linear_fee|log_fee|fixed_fee,0.0,165,0,1.0,0.42857142857142855,chainlink,chainlink,37,0x8ad599c3a0ff1de082011efddc58f1908eb6e6d8,chainlink,stress,,,,385
study_recent,,weth_usdc_3000_month_25290797_25297996_w11,exports/study_recent/retune/s50_g2/2026_06/weth_usdc_3000_month_25290797_25297996_w11,weth_usdc,3000,25290797,25297996,11,observed_pool,0.22291993720565148,0.0,1.0,539889.5613134686,4591.520404786221,93.3443133062683,0.3253503290340516,0.0,100.0,1.0,0.25274725274725274,0.0,chainlink,solver_cost,1.0,auction_beats_hook,0.13814756671899528,,,,linear_fee|log_fee|hook_fee|fixed_fee,0.0,149,1,0.9802631578947368,0.48822605965463106,chainlink,chainlink,38,0x8ad599c3a0ff1de082011efddc58f1908eb6e6d8,chainlink,stress,,,,637
study_recent,,weth_usdc_3000_month_25355597_25362796_w20,exports/study_recent/retune/s50_g2/2026_06/weth_usdc_3000_month_25355597_25362796_w20,weth_usdc,3000,25355597,25362796,20,observed_pool,0.2808798646362098,0.0,1.0,128710.63118209962,4374.815265499434,36.381631945085246,0.28005690680233003,0.0,100.0,1.0,0.11844331641285956,0.0,chainlink,solver_cost,1.0,auction_beats_hook,0.14720812182741116,,,,linear_fee|log_fee|hook_fee|fixed_fee,0.0,77,2,0.6814159292035398,0.2521150592216582,chainlink,chainlink,25,0x8ad599c3a0ff1de082011efddc58f1908eb6e6d8,chainlink,stress,,,,591
study_recent,,weth_usdc_3000_month_25427597_25433938_w30,exports/study_recent/retune/s50_g2/2026_06/weth_usdc_3000_month_25427597_25433938_w30,weth_usdc,3000,25427597,25433938,30,observed_pool,0.23429541595925296,0.0,1.0,334095.6738085131,1714.9371101957513,14.088707307411823,0.21931448681991342,0.0,100.0,1.0,0.1969439728353141,0.0,chainlink,solver_cost,1.0,auction_beats_hook,0.03225806451612903,,,,hook_fee|linear_fee|log_fee|fixed_fee,0.0,190,0,1.0,0.5195246179966044,chainlink,chainlink,28,0x8ad599c3a0ff1de082011efddc58f1908eb6e6d8,chainlink,stress,,,,589
study_recent,,weth_usdc_3000_month_24136052_24143251_w01,exports/study_recent/retune/s50_g5/2026_01/weth_usdc_3000_month_24136052_24143251_w01,weth_usdc,3000,24136052,24143251,1,observed_pool,0.2876712328767123,0.05555555555555555,0.9444444444444444,490281.2124058052,1922.9898051063647,1.3189282043022104,0.45920985871861425,0.0,100.0,1.0,0.0,0.05555555555555555,chainlink,solver_cost,1.0,auction_beats_hook,0.06164383561643835,,,,linear_fee|log_fee|hook_fee|fixed_fee,0.0,58,1,0.9666666666666667,0.20205479452054795,chainlink,chainlink,28,0x8ad599c3a0ff1de082011efddc58f1908eb6e6d8,chainlink,stress,,,,292
study_recent,,weth_usdc_3000_month_24208052_24215251_w11,exports/study_recent/retune/s50_g5/2026_01/weth_usdc_3000_month_24208052_24215251_w11,weth_usdc,3000,24208052,24215251,11,observed_pool,0.3044397463002114,0.0,1.0,3325643.644608176,7170.383735213429,10.597924231085926,0.9741849804631048,0.0,100.0,1.0,0.09090909090909091,0.0,chainlink,solver_cost,1.0,auction_beats_hook,0.023255813953488372,,,,linear_fee|log_fee|hook_fee|fixed_fee,0.0,80,0,0.9523809523809523,0.26004228329809725,chainlink,chainlink,26,0x8ad599c3a0ff1de082011efddc58f1908eb6e6d8,chainlink,stress,,,,473
study_recent,,weth_usdc_3000_month_24280052_24287251_w21,exports/study_recent/retune/s50_g5/2026_01/weth_usdc_3000_month_24280052_24287251_w21,weth_usdc,3000,24280052,24287251,21,observed_pool,0.3461077844311377,0.0,1.0,5504260.586593518,26356.514343922026,36.05007187463343,0.6236950554013834,0.0,100.0,1.0,0.13293413173652693,0.0,chainlink,solver_cost,1.0,auction_beats_hook,0.058682634730538925,,,,linear_fee|log_fee|hook_fee|fixed_fee,0.0,233,0,0.8629629629629629,0.4119760479041916,chainlink,chainlink,56,0x8ad599c3a0ff1de082011efddc58f1908eb6e6d8,chainlink,stress,,,,835
study_recent,,weth_usdc_3000_month_24352052_24358292_w31,exports/study_recent/retune/s50_g5/2026_01/weth_usdc_3000_month_24352052_24358292_w31,weth_usdc,3000,24352052,24358292,31,observed_pool,0.32890070921985815,0.0,1.0,20121663.071933117,12124.428299661726,18.734651193022728,0.3327472923500592,0.0,100.0,1.0,0.01773049645390071,0.0,chainlink,solver_cost,1.0,auction_beats_hook,0.012411347517730497,,,,linear_fee|log_fee|hook_fee|fixed_fee,0.0,442,0,0.9587852494577006,0.4095744680851064,chainlink,chainlink,96,0x8ad599c3a0ff1de082011efddc58f1908eb6e6d8,chainlink,stress,,,,1128
study_recent,,weth_usdc_3000_month_24358292_24365491_w01,exports/study_recent/retune/s50_g5/2026_02/weth_usdc_3000_month_24358292_24365491_w01,weth_usdc,3000,24358292,24365491,1,observed_pool,0.2785947712418301,0.0,1.0,6829453.808811455,21752.632369486615,309.00706725474447,0.6363999596149977,0.0,100.0,1.0,0.0,0.0,chainlink,solver_cost,1.0,auction_beats_hook,0.059640522875817,,,,hook_fee|linear_fee|log_fee|fixed_fee,0.0,586,0,1.0,0.47875816993464054,chainlink,chainlink,124,0x8ad599c3a0ff1de082011efddc58f1908eb6e6d8,chainlink,stress,,,,1224
study_recent,,weth_usdc_3000_month_24423092_24430291_w10,exports/study_recent/retune/s50_g5/2026_02/weth_usdc_3000_month_24423092_24430291_w10,weth_usdc,3000,24423092,24430291,10,observed_pool,0.25158227848101267,0.027777777777777776,0.9722222222222222,551882.2704302103,2490.6593504012562,12.070451584761031,0.15137759954539437,0.0,100.0,1.0,0.314873417721519,0.027777777777777776,chainlink,solver_cost,1.0,auction_beats_hook,0.056962025316455694,,,,hook_fee|linear_fee|log_fee|fixed_fee,0.0,128,3,1.0,0.5221518987341772,chainlink,chainlink,42,0x8ad599c3a0ff1de082011efddc58f1908eb6e6d8,chainlink,stress,,,,632
study_recent,,weth_usdc_3000_month_24487892_24495091_w19,exports/study_recent/retune/s50_g5/2026_02/weth_usdc_3000_month_24487892_24495091_w19,weth_usdc,3000,24487892,24495091,19,observed_pool,0.2576271186440678,0.0,1.0,669528.0842851178,2036.187567392597,52.1606788195204,0.2793240071441707,0.0,100.0,1.0,0.14745762711864407,0.0,chainlink,solver_cost,1.0,auction_beats_hook,0.07288135593220339,,,,linear_fee|log_fee|hook_fee|fixed_fee,0.0,222,0,0.9779735682819384,0.523728813559322,chainlink,chainlink,40,0x8ad599c3a0ff1de082011efddc58f1908eb6e6d8,chainlink,stress,,,,590
study_recent,,weth_usdc_3000_month_24552692_24558867_w28,exports/study_recent/retune/s50_g5/2026_02/weth_usdc_3000_month_24552692_24558867_w28,weth_usdc,3000,24552692,24558867,28,observed_pool,0.301521438450899,0.0,1.0,1307010.9664014198,8714.303499054862,22.95226590661332,0.21228563599460984,0.0,100.0,1.0,0.1825726141078838,0.0,chainlink,solver_cost,1.0,auction_beats_hook,0.10511756569847856,,,,hook_fee|linear_fee|log_fee|fixed_fee,0.0,179,0,1.0,0.43015214384508993,chainlink,chainlink,48,0x8ad599c3a0ff1de082011efddc58f1908eb6e6d8,chainlink,stress,,,,723
study_recent,,weth_usdc_3000_month_24558867_24566066_w01,exports/study_recent/retune/s50_g5/2026_03/weth_usdc_3000_month_24558867_24566066_w01,weth_usdc,3000,24558867,24566066,1,observed_pool,0.3818424566088118,0.0,1.0,1538205.7789535818,19930.921981010586,151.05311301420443,0.7850249962913314,0.0,100.0,1.0,0.0,0.0,chainlink,solver_cost,1.0,auction_beats_hook,0.037383177570093455,,,,linear_fee|log_fee|hook_fee|fixed_fee,0.0,325,0,0.9672619047619048,0.43391188251001334,chainlink,chainlink,69,0x8ad599c3a0ff1de082011efddc58f1908eb6e6d8,chainlink,stress,,,,749
study_recent,,weth_usdc_3000_month_24630867_24638066_w11,exports/study_recent/retune/s50_g5/2026_03/weth_usdc_3000_month_24630867_24638066_w11,weth_usdc,3000,24630867,24638066,11,observed_pool,0.29411764705882354,0.0,1.0,1187602.581429003,3535.094644151628,12.0240140655078,0.30493393979142863,0.0,100.0,1.0,0.17873303167420815,0.0,chainlink,solver_cost,1.0,auction_beats_hook,0.05203619909502263,,,,linear_fee|log_fee|hook_fee|fixed_fee,0.0,123,0,0.9461538461538461,0.45701357466063347,chainlink,chainlink,42,0x8ad599c3a0ff1de082011efddc58f1908eb6e6d8,chainlink,stress,,,,442
study_recent,,weth_usdc_3000_month_24702867_24710066_w21,exports/study_recent/retune/s50_g5/2026_03/weth_usdc_3000_month_24702867_24710066_w21,weth_usdc,3000,24702867,24710066,21,observed_pool,0.27391304347826084,0.0,1.0,263855.54165851854,702.5981388784712,-0.06926957698306069,0.07618895506709511,0.0,100.0,1.0,0.10434782608695652,0.0,chainlink,solver_cost,1.0,auction_beats_hook,0.004347826086956522,,,,hook_fee|linear_fee|log_fee|fixed_fee,0.0,76,0,1.0,0.43478260869565216,chainlink,chainlink,32,0x8ad599c3a0ff1de082011efddc58f1908eb6e6d8,chainlink,stress,,,,230
study_recent,,weth_usdc_3000_month_24774867_24781026_w31,exports/study_recent/retune/s50_g5/2026_03/weth_usdc_3000_month_24774867_24781026_w31,weth_usdc,3000,24774867,24781026,31,observed_pool,0.337890625,0.0,1.0,1378168.2762669271,4245.107784906169,8.255288251675665,0.22292851006654066,0.0,100.0,1.0,0.0859375,0.0,chainlink,solver_cost,1.0,auction_beats_hook,0.044921875,,,,linear_fee|log_fee|hook_fee|fixed_fee,0.0,162,0,0.9642857142857143,0.40234375,chainlink,chainlink,39,0x8ad599c3a0ff1de082011efddc58f1908eb6e6d8,chainlink,stress,,,,512
study_recent,,weth_usdc_3000_month_24781026_24788225_w01,exports/study_recent/retune/s50_g5/2026_04/weth_usdc_3000_month_24781026_24788225_w01,weth_usdc,3000,24781026,24788225,1,observed_pool,0.34,0.0,1.0,1900917.234543147,2797.6995460980106,67.28864465723746,0.37851176162808403,0.0,100.0,1.0,0.0,0.0,chainlink,solver_cost,1.0,auction_beats_hook,0.07272727272727272,,,,log_fee|linear_fee|hook_fee|fixed_fee,0.0,240,4,0.9876543209876543,0.44363636363636366,chainlink,chainlink,38,0x8ad599c3a0ff1de082011efddc58f1908eb6e6d8,chainlink,stress,,,,550
study_recent,,weth_usdc_3000_month_24853026_24860225_w11,exports/study_recent/retune/s50_g5/2026_04/weth_usdc_3000_month_24853026_24860225_w11,weth_usdc,3000,24853026,24860225,11,observed_pool,0.29577464788732394,0.0,1.0,709846.2105632912,4585.9525321084075,57.938208431354724,0.8827565586063366,0.0,100.0,1.0,0.30633802816901406,0.0,chainlink,solver_cost,1.0,auction_beats_hook,0.017605633802816902,,,,linear_fee|log_fee|hook_fee|fixed_fee,0.0,82,0,0.9534883720930233,0.5950704225352113,chainlink,chainlink,26,0x8ad599c3a0ff1de082011efddc58f1908eb6e6d8,chainlink,stress,,,,284
study_recent,,weth_usdc_3000_month_24917826_24925025_w20,exports/study_recent/retune/s50_g5/2026_04/weth_usdc_3000_month_24917826_24925025_w20,weth_usdc,3000,24917826,24925025,20,observed_pool,0.18491921005385997,0.0,1.0,1829549.3586924898,2104.6369976927526,42.90479571395554,0.29713769452349775,0.0,100.0,1.0,0.24236983842010773,0.0,chainlink,solver_cost,1.0,auction_beats_hook,0.04488330341113106,,,,linear_fee|log_fee|hook_fee|fixed_fee,0.0,168,0,0.9940828402366864,0.5439856373429084,chainlink,chainlink,32,0x8ad599c3a0ff1de082011efddc58f1908eb6e6d8,chainlink,stress,,,,557
study_recent,,weth_usdc_3000_month_24989826_24996367_w30,exports/study_recent/retune/s50_g5/2026_04/weth_usdc_3000_month_24989826_24996367_w30,weth_usdc,3000,24989826,24996367,30,observed_pool,0.19080459770114944,0.0,1.0,610173.7131451413,3517.6471109817503,44.14160046237521,0.4320851109211216,0.0,100.0,1.0,0.3839080459770115,0.0,chainlink,solver_cost,1.0,auction_beats_hook,0.05747126436781609,,,,hook_fee|linear_fee|log_fee|fixed_fee,0.0,65,0,1.0,0.5333333333333333,chainlink,chainlink,25,0x8ad599c3a0ff1de082011efddc58f1908eb6e6d8,chainlink,stress,,,,435
study_recent,,weth_usdc_3000_month_24996367_25003566_w01,exports/study_recent/retune/s50_g5/2026_05/weth_usdc_3000_month_24996367_25003566_w01,weth_usdc,3000,24996367,25003566,1,observed_pool,0.2893772893772894,0.0,1.0,893346.512440583,5260.523249721038,23.656125994981267,0.8646770756022429,0.0,100.0,1.0,0.0,0.0,chainlink,solver_cost,1.0,auction_beats_hook,0.0695970695970696,,,,linear_fee|log_fee|hook_fee|fixed_fee,0.0,84,1,0.9767441860465116,0.31135531135531136,chainlink,chainlink,33,0x8ad599c3a0ff1de082011efddc58f1908eb6e6d8,chainlink,stress,,,,273
study_recent,,weth_usdc_3000_month_25068367_25075566_w11,exports/study_recent/retune/s50_g5/2026_05/weth_usdc_3000_month_25068367_25075566_w11,weth_usdc,3000,25068367,25075566,11,observed_pool,0.20476190476190476,0.0,1.0,492059.80986040976,1903.8480088893557,20.758568559307605,0.3392960394597554,0.0,100.0,1.0,0.44761904761904764,0.0,chainlink,solver_cost,1.0,auction_beats_hook,0.05238095238095238,,,,linear_fee|log_fee|hook_fee|fixed_fee,0.0,59,0,0.7375,0.5880952380952381,chainlink,chainlink,23,0x8ad599c3a0ff1de082011efddc58f1908eb6e6d8,chainlink,stress,,,,420
study_recent,,weth_usdc_3000_month_25140367_25147566_w21,exports/study_recent/retune/s50_g5/2026_05/weth_usdc_3000_month_25140367_25147566_w21,weth_usdc,3000,25140367,25147566,21,observed_pool,0.36187845303867405,0.0,1.0,636585.9557396512,718.4774574323092,6.416461716638878,0.2542620237059543,0.0,100.0,1.0,0.1878453038674033,0.0,chainlink,solver_cost,1.0,auction_beats_hook,0.09116022099447514,,,,linear_fee|log_fee|hook_fee|fixed_fee,0.0,99,1,0.9339622641509434,0.46408839779005523,chainlink,chainlink,26,0x8ad599c3a0ff1de082011efddc58f1908eb6e6d8,chainlink,stress,,,,362
study_recent,,weth_usdc_3000_month_25212367_25218797_w31,exports/study_recent/retune/s50_g5/2026_05/weth_usdc_3000_month_25212367_25218797_w31,weth_usdc,3000,25212367,25218797,31,observed_pool,0.3619047619047619,0.0,1.0,93149.50258872253,219.5275483088626,15.002119546363247,0.22096373131599947,0.0,100.0,1.0,0.11904761904761904,0.0,chainlink,solver_cost,1.0,auction_beats_hook,0.12857142857142856,,,,linear_fee|log_fee|hook_fee|fixed_fee,0.0,18,0,0.29508196721311475,0.20476190476190476,chainlink,chainlink,22,0x8ad599c3a0ff1de082011efddc58f1908eb6e6d8,chainlink,stress,,,,210
study_recent,,weth_usdc_3000_month_25218797_25225996_w01,exports/study_recent/retune/s50_g5/2026_06/weth_usdc_3000_month_25218797_25225996_w01,weth_usdc,3000,25218797,25225996,1,observed_pool,0.38441558441558443,0.0,1.0,779850.1678479784,1321.7226006739074,7.636974533088505,0.26270885595960464,0.0,100.0,1.0,0.0,0.0,chainlink,solver_cost,1.0,auction_beats_hook,0.05194805194805195,,,,hook_fee|linear_fee|log_fee|fixed_fee,0.0,165,0,1.0,0.42857142857142855,chainlink,chainlink,37,0x8ad599c3a0ff1de082011efddc58f1908eb6e6d8,chainlink,stress,,,,385
study_recent,,weth_usdc_3000_month_25290797_25297996_w11,exports/study_recent/retune/s50_g5/2026_06/weth_usdc_3000_month_25290797_25297996_w11,weth_usdc,3000,25290797,25297996,11,observed_pool,0.22291993720565148,0.0,1.0,539889.5613134686,4591.520404786221,93.3443133062683,0.3253503290340516,0.0,100.0,1.0,0.25274725274725274,0.0,chainlink,solver_cost,1.0,auction_beats_hook,0.13814756671899528,,,,linear_fee|log_fee|hook_fee|fixed_fee,0.0,149,1,0.9802631578947368,0.48822605965463106,chainlink,chainlink,38,0x8ad599c3a0ff1de082011efddc58f1908eb6e6d8,chainlink,stress,,,,637
study_recent,,weth_usdc_3000_month_25355597_25362796_w20,exports/study_recent/retune/s50_g5/2026_06/weth_usdc_3000_month_25355597_25362796_w20,weth_usdc,3000,25355597,25362796,20,observed_pool,0.2808798646362098,0.0,1.0,128710.63118209962,4374.815265499434,36.381631945085246,0.28005690680233003,0.0,100.0,1.0,0.11844331641285956,0.0,chainlink,solver_cost,1.0,auction_beats_hook,0.14720812182741116,,,,linear_fee|log_fee|hook_fee|fixed_fee,0.0,77,2,0.6814159292035398,0.2521150592216582,chainlink,chainlink,25,0x8ad599c3a0ff1de082011efddc58f1908eb6e6d8,chainlink,stress,,,,591
study_recent,,weth_usdc_3000_month_25427597_25433938_w30,exports/study_recent/retune/s50_g5/2026_06/weth_usdc_3000_month_25427597_25433938_w30,weth_usdc,3000,25427597,25433938,30,observed_pool,0.23429541595925296,0.0,1.0,334095.6738085131,1714.9371101957513,14.088707307411823,0.21931448681991342,0.0,100.0,1.0,0.1969439728353141,0.0,chainlink,solver_cost,1.0,auction_beats_hook,0.03225806451612903,,,,hook_fee|linear_fee|log_fee|fixed_fee,0.0,190,0,1.0,0.5195246179966044,chainlink,chainlink,28,0x8ad599c3a0ff1de082011efddc58f1908eb6e6d8,chainlink,stress,,,,589
study_rwa,2026_01,paxg_usdc_500_month_24136052_24143251_w01,exports/study_rwa/2026_01_paxg_usdc/paxg_usdc_500_month_24136052_24143251_w01,paxg_usdc,500,24136052,24143251,1,observed_pool,0.4298186702484889,,,9.669300174996529,48.37326060646458,-1.5987211554602254e-14,,0.0,100.0,1.0,0.0,,chainlink,hook_counterfactual,1.0,auction_beats_hook,0.0,,,,fixed_fee|linear_fee|log_fee|hook_fee,0.0,26,1247,0.38235294117647056,0.854936198791135,chainlink,chainlink,5,0x5ae13baaef0620fdae1d355495dc51a17adb4082,chainlink,stress,,,,1489
study_rwa,2026_01,paxg_usdc_500_month_24150452_24157651_w03,exports/study_rwa/2026_01_paxg_usdc/paxg_usdc_500_month_24150452_24157651_w03,paxg_usdc,500,24150452,24157651,3,observed_pool,0.0,,,54.96149407078314,447.55267355299014,6.394884621840902e-14,,0.0,100.0,1.0,0.15376226826608505,,chainlink,hook_counterfactual,1.0,auction_beats_hook,0.0,,,,fixed_fee|linear_fee|log_fee|hook_fee,0.0,45,579,0.9183673469387755,0.8342420937840785,chainlink,chainlink,3,0x5ae13baaef0620fdae1d355495dc51a17adb4082,chainlink,stress,,,,917
study_rwa,2026_01,paxg_usdc_500_month_24344852_24352051_w30,exports/study_rwa/2026_01_paxg_usdc/paxg_usdc_500_month_24344852_24352051_w30,paxg_usdc,500,24344852,24352051,30,observed_pool,0.21777777777777776,,,135.94886645676462,42.52737044546599,-2.8421709430404007e-13,,0.0,100.0,1.0,0.14980392156862746,,chainlink,hook_counterfactual,1.0,auction_beats_hook,0.0,,,,linear_fee|log_fee|hook_fee|fixed_fee,0.0,1470,284,0.9993201903467029,0.6083660130718954,chainlink,chainlink,176,0x5ae13baaef0620fdae1d355495dc51a17adb4082,chainlink,stress,,,,3825
study_rwa,2026_01,paxg_usdc_500_month_24352052_24358292_w31,exports/study_rwa/2026_01_paxg_usdc/paxg_usdc_500_month_24352052_24358292_w31,paxg_usdc,500,24352052,24358292,31,observed_pool,0.008517887563884156,,,1065.1420764736986,10.211045527123588,0.0,,0.0,100.0,1.0,0.23679727427597955,,chainlink,hook_counterfactual,1.0,auction_beats_hook,0.0,,,,log_fee|linear_fee|hook_fee|fixed_fee,0.0,61,749,0.953125,0.9267461669505963,chainlink,chainlink,3,0x5ae13baaef0620fdae1d355495dc51a17adb4082,chainlink,stress,,,,1174
study_rwa,2026_01,paxg_usdc_500_month_24352052_24358292_w31,exports/study_rwa/2026_01_paxg_usdc,paxg_usdc,500,24352052,24358292,31,observed_pool,0.008517887563884156,,,1065.1420764736986,10.211045527123588,0.0,,0.0,100.0,1.0,0.23679727427597955,,chainlink,hook_counterfactual,1.0,auction_beats_hook,0.0,,,,log_fee|linear_fee|hook_fee|fixed_fee,0.0,61,749,0.953125,0.9267461669505963,chainlink,chainlink,3,0x5ae13baaef0620fdae1d355495dc51a17adb4082,chainlink,stress,,,,1174
study_rwa,2026_02,paxg_usdc_500_month_24358292_24365491_w01,exports/study_rwa/2026_02_paxg_usdc/paxg_usdc_500_month_24358292_24365491_w01,paxg_usdc,500,24358292,24365491,1,observed_pool,0.031473533619456366,,,988.4088813155458,0.6252057570225134,0.0,,0.0,100.0,1.0,0.0,,chainlink,hook_counterfactual,1.0,auction_beats_hook,0.0,,,,linear_fee|log_fee|hook_fee|fixed_fee,0.0,186,985,0.9893617021276596,0.8376251788268956,chainlink,chainlink,22,0x5ae13baaef0620fdae1d355495dc51a17adb4082,chainlink,stress,,,,1398
study_rwa,2026_02,paxg_usdc_500_month_24365492_24372691_w02,exports/study_rwa/2026_02_paxg_usdc/paxg_usdc_500_month_24365492_24372691_w02,paxg_usdc,500,24365492,24372691,2,observed_pool,0.14179462571976967,,,42.37666866837284,45.46015955599731,6.394884621840902e-14,,0.0,100.0,1.0,0.3812380038387716,,chainlink,hook_counterfactual,1.0,auction_beats_hook,0.0,,,,linear_fee|log_fee|hook_fee|fixed_fee,0.0,1341,25,0.9985107967237528,0.7089731285988484,chainlink,chainlink,164,0x5ae13baaef0620fdae1d355495dc51a17adb4082,chainlink,stress,,,,4168
study_rwa,2026_02,paxg_usdc_500_month_24545492_24552691_w27,exports/study_rwa/2026_02_paxg_usdc/paxg_usdc_500_month_24545492_24552691_w27,paxg_usdc,500,24545492,24552691,27,observed_pool,0.20949957591178966,,,4.516914175262679,15.883964103546077,-2.6645352591003757e-15,,0.0,100.0,1.0,0.13401187446988974,,chainlink,hook_counterfactual,1.0,auction_beats_hook,0.0,,,,linear_fee|log_fee|hook_fee|fixed_fee,0.0,261,449,0.9961832061068703,0.7362171331636981,chainlink,chainlink,13,0x5ae13baaef0620fdae1d355495dc51a17adb4082,chainlink,stress,,,,1179
study_rwa,2026_02,paxg_usdc_500_month_24552692_24558867_w28,exports/study_rwa/2026_02_paxg_usdc/paxg_usdc_500_month_24552692_24558867_w28,paxg_usdc,500,24552692,24558867,28,observed_pool,0.0015704750687082843,,,33.63756034965678,965.6569302461908,7.105427357601002e-14,,0.0,100.0,1.0,0.09972516686297606,,chainlink,hook_counterfactual,1.0,auction_beats_hook,0.0,,,,hook_fee|linear_fee|log_fee|fixed_fee,0.0,186,1952,1.0,0.939144091087554,chainlink,chainlink,3,0x5ae13baaef0620fdae1d355495dc51a17adb4082,chainlink,stress,,,,2547
study_rwa,2026_03,paxg_usdc_500_month_24558867_24566066_w01,exports/study_rwa/2026_03_paxg_usdc/paxg_usdc_500_month_24558867_24566066_w01,paxg_usdc,500,24558867,24566066,1,observed_pool,0.06694560669456066,,,32.92779471188984,666.0441105497704,3.552713678800501e-14,,0.0,100.0,1.0,0.0,,chainlink,hook_counterfactual,1.0,auction_beats_hook,0.0,,,,hook_fee|linear_fee|log_fee|fixed_fee,0.0,156,1551,1.0,0.8927824267782427,chainlink,chainlink,8,0x5ae13baaef0620fdae1d355495dc51a17adb4082,chainlink,stress,,,,1912
study_rwa,2026_03,paxg_usdc_500_month_24566067_24573266_w02,exports/study_rwa/2026_03_paxg_usdc/paxg_usdc_500_month_24566067_24573266_w02,paxg_usdc,500,24566067,24573266,2,observed_pool,0.2755267423014587,,,40.33625437053668,23.36002111705774,7.105427357601002e-15,,0.0,100.0,1.0,0.2755267423014587,,chainlink,hook_counterfactual,1.0,auction_beats_hook,0.0,,,,log_fee|linear_fee|hook_fee|fixed_fee,0.0,477,394,0.997907949790795,0.7460831982712047,chainlink,chainlink,28,0x5ae13baaef0620fdae1d355495dc51a17adb4082,chainlink,stress,,,,1851
study_rwa,2026_03,paxg_usdc_500_month_24760467_24767666_w29,exports/study_rwa/2026_03_paxg_usdc/paxg_usdc_500_month_24760467_24767666_w29,paxg_usdc,500,24760467,24767666,29,observed_pool,0.18639455782312925,,,101.68637006474617,7.997969065073846,-5.684341886080802e-14,,0.0,100.0,1.0,0.014965986394557823,,chainlink,hook_counterfactual,1.0,auction_beats_hook,0.0,,,,hook_fee|linear_fee|log_fee|fixed_fee,0.0,236,240,1.0,0.6625850340136055,chainlink,chainlink,22,0x5ae13baaef0620fdae1d355495dc51a17adb4082,chainlink,stress,,,,735
study_rwa,2026_03,paxg_usdc_500_month_24774867_24781026_w31,exports/study_rwa/2026_03_paxg_usdc/paxg_usdc_500_month_24774867_24781026_w31,paxg_usdc,500,24774867,24781026,31,observed_pool,0.39664804469273746,,,427.59252101125577,0.0385132728872577,0.0,,0.0,100.0,1.0,0.13519553072625698,,chainlink,hook_counterfactual,1.0,auction_beats_hook,0.0,,,,hook_fee|linear_fee|log_fee|fixed_fee,0.0,280,149,1.0,0.6145251396648045,chainlink,chainlink,33,0x5ae13baaef0620fdae1d355495dc51a17adb4082,chainlink,stress,,,,895
study_rwa,2026_04,paxg_usdc_500_month_24781026_24788225_w01,exports/study_rwa/2026_04_paxg_usdc/paxg_usdc_500_month_24781026_24788225_w01,paxg_usdc,500,24781026,24788225,1,observed_pool,0.4757914338919926,,,740.29150656837,7.338294926739763e-05,-4.547473508864641e-13,,0.0,100.0,1.0,0.0,,chainlink,hook_counterfactual,1.0,auction_beats_hook,0.0,,,,hook_fee|linear_fee|log_fee|fixed_fee,0.0,437,105,1.0,0.5046554934823091,chainlink,chainlink,39,0x5ae13baaef0620fdae1d355495dc51a17adb4082,chainlink,stress,,,,1074
study_rwa,2026_04,paxg_usdc_500_month_24802626_24809825_w04,exports/study_rwa/2026_04_paxg_usdc/paxg_usdc_500_month_24802626_24809825_w04,paxg_usdc,500,24802626,24809825,4,observed_pool,0.007462686567164179,,,19.172236978723266,5.413992766989395e-06,0.0,,0.0,100.0,1.0,0.20149253731343283,,chainlink,hook_counterfactual,1.0,auction_beats_hook,0.0,,,,fixed_fee|linear_fee|log_fee|hook_fee,0.0,5,97,0.8333333333333334,0.9626865671641791,chainlink,chainlink,2,0x5ae13baaef0620fdae1d355495dc51a17adb4082,chainlink,stress,,,,134
study_rwa,2026_04,paxg_usdc_500_month_24961026_24968225_w26,exports/study_rwa/2026_04_paxg_usdc/paxg_usdc_500_month_24961026_24968225_w26,paxg_usdc,500,24961026,24968225,26,observed_pool,0.2827586206896552,,,126.88535697272461,0.00264577061435034,-1.4210854715202004e-14,,0.0,100.0,1.0,0.07586206896551724,,chainlink,hook_counterfactual,1.0,auction_beats_hook,0.0,,,,fixed_fee|linear_fee|log_fee|hook_fee,0.0,25,64,0.7575757575757576,0.6896551724137931,chainlink,chainlink,8,0x5ae13baaef0620fdae1d355495dc51a17adb4082,chainlink,stress,,,,145
study_rwa,2026_04,paxg_usdc_500_month_24989826_24996367_w30,exports/study_rwa/2026_04_paxg_usdc/paxg_usdc_500_month_24989826_24996367_w30,paxg_usdc,500,24989826,24996367,30,observed_pool,0.28615384615384615,,,397.08482126604366,0.00037029406092869976,1.7053025658242404e-13,,0.0,100.0,1.0,0.28307692307692306,,chainlink,hook_counterfactual,1.0,auction_beats_hook,0.0,,,,fixed_fee|hook_fee|linear_fee|log_fee,0.0,64,103,1.0,0.796923076923077,chainlink,chainlink,11,0x5ae13baaef0620fdae1d355495dc51a17adb4082,chainlink,stress,,,,325
study_rwa,2026_05,paxg_usdc_500_month_24996367_25003566_w01,exports/study_rwa/2026_05_paxg_usdc/paxg_usdc_500_month_24996367_25003566_w01,paxg_usdc,500,24996367,25003566,1,observed_pool,0.3448275862068966,,,495.21930965090246,0.02026650651731643,-5.684341886080802e-14,,0.0,100.0,1.0,0.0,,chainlink,hook_counterfactual,1.0,auction_beats_hook,0.0,,,,linear_fee|log_fee|hook_fee|fixed_fee,0.0,168,144,0.9940828402366864,0.6724137931034483,chainlink,chainlink,24,0x5ae13baaef0620fdae1d355495dc51a17adb4082,chainlink,stress,,,,464
study_rwa,2026_05,paxg_usdc_500_month_25003567_25010766_w02,exports/study_rwa/2026_05_paxg_usdc/paxg_usdc_500_month_25003567_25010766_w02,paxg_usdc,500,25003567,25010766,2,observed_pool,0.0,,,12.336126587003653,4.493072996325509e-06,3.552713678800501e-15,,0.0,100.0,1.0,0.140625,,chainlink,hook_counterfactual,1.0,auction_beats_hook,0.0,,,,fixed_fee|linear_fee|log_fee|hook_fee,0.0,0,45,0.0,0.84375,chainlink,chainlink,3,0x5ae13baaef0620fdae1d355495dc51a17adb4082,chainlink,stress,,,,64
study_rwa,2026_05,paxg_usdc_500_month_25197967_25205166_w29,exports/study_rwa/2026_05_paxg_usdc/paxg_usdc_500_month_25197967_25205166_w29,paxg_usdc,500,25197967,25205166,29,observed_pool,0.3162878787878788,,,1075.3370760321052,0.00016299553931276023,6.821210263296962e-13,,0.0,100.0,1.0,0.16477272727272727,,chainlink,hook_counterfactual,1.0,auction_beats_hook,0.0,,,,fixed_fee|linear_fee|log_fee|hook_fee,0.0,119,184,0.9834710743801653,0.7386363636363636,chainlink,chainlink,13,0x5ae13baaef0620fdae1d355495dc51a17adb4082,chainlink,stress,,,,528
study_rwa,2026_05,paxg_usdc_500_month_25212367_25218797_w31,exports/study_rwa/2026_05_paxg_usdc/paxg_usdc_500_month_25212367_25218797_w31,paxg_usdc,500,25212367,25218797,31,observed_pool,0.005434782608695652,,,315.2483047179791,5.296124072629027e-05,0.0,,0.0,100.0,1.0,0.31521739130434784,,chainlink,hook_counterfactual,1.0,auction_beats_hook,0.0,,,,fixed_fee|linear_fee|log_fee|hook_fee,0.0,13,68,0.9285714285714286,0.7554347826086957,chainlink,chainlink,5,0x5ae13baaef0620fdae1d355495dc51a17adb4082,chainlink,stress,,,,184
study_rwa,2026_06,paxg_usdc_500_month_25218797_25225996_w01,exports/study_rwa/2026_06_paxg_usdc/paxg_usdc_500_month_25218797_25225996_w01,paxg_usdc,500,25218797,25225996,1,observed_pool,0.3723021582733813,,,1740.8131865908144,0.022495354565990056,-6.821210263296962e-13,,0.0,100.0,1.0,0.0,,chainlink,hook_counterfactual,1.0,auction_beats_hook,0.0,,,,fixed_fee|linear_fee|log_fee|hook_fee,0.0,150,246,0.974025974025974,0.7122302158273381,chainlink,chainlink,14,0x5ae13baaef0620fdae1d355495dc51a17adb4082,chainlink,stress,,,,556
study_rwa,2026_06,paxg_usdc_500_month_25254797_25261996_w06,exports/study_rwa/2026_06_paxg_usdc/paxg_usdc_500_month_25254797_25261996_w06,paxg_usdc,500,25254797,25261996,6,observed_pool,0.1598639455782313,,,112.65632910958149,2.5028547213423735e-05,-5.684341886080802e-14,,0.0,100.0,1.0,0.3333333333333333,,chainlink,hook_counterfactual,1.0,auction_beats_hook,0.0,,,,fixed_fee|linear_fee|log_fee|hook_fee,0.0,17,153,0.9444444444444444,0.9115646258503401,chainlink,chainlink,3,0x5ae13baaef0620fdae1d355495dc51a17adb4082,chainlink,stress,,,,294
study_rwa,2026_06,paxg_usdc_500_month_25413197_25420396_w28,exports/study_rwa/2026_06_paxg_usdc/paxg_usdc_500_month_25413197_25420396_w28,paxg_usdc,500,25413197,25420396,28,observed_pool,0.20303030303030303,,,74.31161454780131,2.3715764427834074e-05,0.0,,0.0,100.0,1.0,0.048484848484848485,,chainlink,hook_counterfactual,1.0,auction_beats_hook,0.0,,,,fixed_fee|linear_fee|log_fee|hook_fee,0.0,63,172,0.984375,0.7606060606060606,chainlink,chainlink,7,0x5ae13baaef0620fdae1d355495dc51a17adb4082,chainlink,stress,,,,330
study_rwa,2026_06,paxg_usdc_500_month_25427597_25433938_w30,exports/study_rwa/2026_06_paxg_usdc/paxg_usdc_500_month_25427597_25433938_w30,paxg_usdc,500,25427597,25433938,30,observed_pool,0.18972332015810275,,,71.63576817739843,0.000901376156704714,1.4210854715202004e-14,,0.0,100.0,1.0,0.31620553359683795,,chainlink,hook_counterfactual,1.0,auction_beats_hook,0.0,,,,linear_fee|log_fee|hook_fee|fixed_fee,0.0,112,134,0.9655172413793104,0.8023715415019763,chainlink,chainlink,13,0x5ae13baaef0620fdae1d355495dc51a17adb4082,chainlink,stress,,,,506
study_rwa,,paxg_usdc_500_month_24136052_24143251_w01,exports/study_rwa/age25h/2026_01_paxg_usdc/paxg_usdc_500_month_24136052_24143251_w01,paxg_usdc,500,24136052,24143251,1,observed_pool,0.4298186702484889,,,9.669300174996529,48.37326060646458,-1.5987211554602254e-14,,0.0,100.0,1.0,0.0,,chainlink,hook_counterfactual,1.0,auction_beats_hook,0.0,,,,linear_fee|log_fee|hook_fee|fixed_fee,0.0,1000,0,0.983284169124877,0.6715916722632639,chainlink,chainlink,5,0x5ae13baaef0620fdae1d355495dc51a17adb4082,chainlink,stress,,,,1489
study_rwa,,paxg_usdc_500_month_24150452_24157651_w03,exports/study_rwa/age25h/2026_01_paxg_usdc/paxg_usdc_500_month_24150452_24157651_w03,paxg_usdc,500,24150452,24157651,3,observed_pool,0.0,,,54.96149407078314,447.55267355299014,6.394884621840902e-14,,0.0,100.0,1.0,0.15376226826608505,,chainlink,hook_counterfactual,1.0,auction_beats_hook,0.0,,,,linear_fee|log_fee|hook_fee|fixed_fee,0.0,441,0,0.9910112359550561,0.6346782988004362,chainlink,chainlink,3,0x5ae13baaef0620fdae1d355495dc51a17adb4082,chainlink,stress,,,,917
study_rwa,,paxg_usdc_500_month_24344852_24352051_w30,exports/study_rwa/age25h/2026_01_paxg_usdc/paxg_usdc_500_month_24344852_24352051_w30,paxg_usdc,500,24344852,24352051,30,observed_pool,0.21777777777777776,,,135.94886645676462,42.52737044546599,-2.8421709430404007e-13,,0.0,100.0,1.0,0.14980392156862746,,chainlink,hook_counterfactual,1.0,auction_beats_hook,0.0,,,,linear_fee|log_fee|hook_fee|fixed_fee,0.0,1604,0,0.9993769470404984,0.5691503267973856,chainlink,chainlink,176,0x5ae13baaef0620fdae1d355495dc51a17adb4082,chainlink,stress,,,,3825
study_rwa,,paxg_usdc_500_month_24352052_24358292_w31,exports/study_rwa/age25h/2026_01_paxg_usdc/paxg_usdc_500_month_24352052_24358292_w31,paxg_usdc,500,24352052,24358292,31,observed_pool,0.008517887563884156,,,1065.1420764736986,10.211045527123588,0.0,,0.0,100.0,1.0,0.23679727427597955,,chainlink,hook_counterfactual,1.0,auction_beats_hook,0.0,,,,log_fee|linear_fee|hook_fee|fixed_fee,0.0,460,0,0.9935205183585313,0.6286201022146508,chainlink,chainlink,3,0x5ae13baaef0620fdae1d355495dc51a17adb4082,chainlink,stress,,,,1174
study_rwa,,paxg_usdc_500_month_24358292_24365491_w01,exports/study_rwa/age25h/2026_02_paxg_usdc/paxg_usdc_500_month_24358292_24365491_w01,paxg_usdc,500,24358292,24365491,1,observed_pool,0.031473533619456366,,,988.4088813155458,0.6252057570225134,0.0,,0.0,100.0,1.0,0.0,,chainlink,hook_counterfactual,1.0,auction_beats_hook,0.0,,,,linear_fee|log_fee|hook_fee|fixed_fee,0.0,674,0,0.9985185185185185,0.4821173104434907,chainlink,chainlink,22,0x5ae13baaef0620fdae1d355495dc51a17adb4082,chainlink,stress,,,,1398
study_rwa,,paxg_usdc_500_month_24365492_24372691_w02,exports/study_rwa/age25h/2026_02_paxg_usdc/paxg_usdc_500_month_24365492_24372691_w02,paxg_usdc,500,24365492,24372691,2,observed_pool,0.14179462571976967,,,42.37666866837284,45.46015955599731,6.394884621840902e-14,,0.0,100.0,1.0,0.3812380038387716,,chainlink,hook_counterfactual,1.0,auction_beats_hook,0.0,,,,linear_fee|log_fee|hook_fee|fixed_fee,0.0,1353,0,0.9985239852398524,0.7058541266794626,chainlink,chainlink,164,0x5ae13baaef0620fdae1d355495dc51a17adb4082,chainlink,stress,,,,4168
study_rwa,,paxg_usdc_500_month_24545492_24552691_w27,exports/study_rwa/age25h/2026_02_paxg_usdc/paxg_usdc_500_month_24545492_24552691_w27,paxg_usdc,500,24545492,24552691,27,observed_pool,0.20949957591178966,,,4.516914175262679,15.883964103546077,-2.6645352591003757e-15,,0.0,100.0,1.0,0.13401187446988974,,chainlink,hook_counterfactual,1.0,auction_beats_hook,0.0,,,,linear_fee|log_fee|hook_fee|fixed_fee,0.0,465,0,0.9978540772532188,0.5284139100932994,chainlink,chainlink,13,0x5ae13baaef0620fdae1d355495dc51a17adb4082,chainlink,stress,,,,1179
study_rwa,,paxg_usdc_500_month_24552692_24558867_w28,exports/study_rwa/age25h/2026_02_paxg_usdc/paxg_usdc_500_month_24552692_24558867_w28,paxg_usdc,500,24552692,24558867,28,observed_pool,0.0015704750687082843,,,33.63756034965678,965.6569302461908,7.105427357601002e-14,,0.0,100.0,1.0,0.09972516686297606,,chainlink,hook_counterfactual,1.0,auction_beats_hook,0.0,,,,hook_fee|linear_fee|log_fee|fixed_fee,0.0,1171,0,1.0,0.5594817432273262,chainlink,chainlink,3,0x5ae13baaef0620fdae1d355495dc51a17adb4082,chainlink,stress,,,,2547
study_rwa,,paxg_usdc_500_month_24558867_24566066_w01,exports/study_rwa/age25h/2026_03_paxg_usdc/paxg_usdc_500_month_24558867_24566066_w01,paxg_usdc,500,24558867,24566066,1,observed_pool,0.06694560669456066,,,32.92779471188984,666.0441105497704,3.552713678800501e-14,,0.0,100.0,1.0,0.0,,chainlink,hook_counterfactual,1.0,auction_beats_hook,0.0,,,,linear_fee|log_fee|hook_fee|fixed_fee,0.0,878,0,0.992090395480226,0.4592050209205021,chainlink,chainlink,8,0x5ae13baaef0620fdae1d355495dc51a17adb4082,chainlink,stress,,,,1912
study_rwa,,paxg_usdc_500_month_24566067_24573266_w02,exports/study_rwa/age25h/2026_03_paxg_usdc/paxg_usdc_500_month_24566067_24573266_w02,paxg_usdc,500,24566067,24573266,2,observed_pool,0.2755267423014587,,,40.33625437053668,23.36002111705774,7.105427357601002e-15,,0.0,100.0,1.0,0.2755267423014587,,chainlink,hook_counterfactual,1.0,auction_beats_hook,0.0,,,,log_fee|linear_fee|hook_fee|fixed_fee,0.0,662,0,0.9984917043740573,0.6331712587790383,chainlink,chainlink,28,0x5ae13baaef0620fdae1d355495dc51a17adb4082,chainlink,stress,,,,1851
study_rwa,,paxg_usdc_500_month_24760467_24767666_w29,exports/study_rwa/age25h/2026_03_paxg_usdc/paxg_usdc_500_month_24760467_24767666_w29,paxg_usdc,500,24760467,24767666,29,observed_pool,0.18639455782312925,,,101.68637006474617,7.997969065073846,-5.684341886080802e-14,,0.0,100.0,1.0,0.014965986394557823,,chainlink,hook_counterfactual,1.0,auction_beats_hook,0.0,,,,hook_fee|linear_fee|log_fee|fixed_fee,0.0,337,0,1.0,0.47346938775510206,chainlink,chainlink,22,0x5ae13baaef0620fdae1d355495dc51a17adb4082,chainlink,stress,,,,735
study_rwa,,paxg_usdc_500_month_24774867_24781026_w31,exports/study_rwa/age25h/2026_03_paxg_usdc/paxg_usdc_500_month_24774867_24781026_w31,paxg_usdc,500,24774867,24781026,31,observed_pool,0.39664804469273746,,,427.59252101125577,0.0385132728872577,0.0,,0.0,100.0,1.0,0.13519553072625698,,chainlink,hook_counterfactual,1.0,auction_beats_hook,0.0,,,,hook_fee|linear_fee|log_fee|fixed_fee,0.0,367,0,1.0,0.5452513966480447,chainlink,chainlink,33,0x5ae13baaef0620fdae1d355495dc51a17adb4082,chainlink,stress,,,,895
study_rwa,,paxg_usdc_500_month_24781026_24788225_w01,exports/study_rwa/age25h/2026_04_paxg_usdc/paxg_usdc_500_month_24781026_24788225_w01,paxg_usdc,500,24781026,24788225,1,observed_pool,0.4757914338919926,,,740.29150656837,7.338294926739763e-05,-4.547473508864641e-13,,0.0,100.0,1.0,0.0,,chainlink,hook_counterfactual,1.0,auction_beats_hook,0.0,,,,hook_fee|linear_fee|log_fee|fixed_fee,0.0,504,0,1.0,0.4692737430167598,chainlink,chainlink,39,0x5ae13baaef0620fdae1d355495dc51a17adb4082,chainlink,stress,,,,1074
study_rwa,,paxg_usdc_500_month_24802626_24809825_w04,exports/study_rwa/age25h/2026_04_paxg_usdc/paxg_usdc_500_month_24802626_24809825_w04,paxg_usdc,500,24802626,24809825,4,observed_pool,0.007462686567164179,,,19.172236978723266,5.413992766989395e-06,0.0,,0.0,100.0,1.0,0.20149253731343283,,chainlink,hook_counterfactual,1.0,auction_beats_hook,0.0,,,,linear_fee|log_fee|hook_fee|fixed_fee,0.0,32,0,0.9696969696969697,0.44029850746268656,chainlink,chainlink,2,0x5ae13baaef0620fdae1d355495dc51a17adb4082,chainlink,stress,,,,134
study_rwa,,paxg_usdc_500_month_24961026_24968225_w26,exports/study_rwa/age25h/2026_04_paxg_usdc/paxg_usdc_500_month_24961026_24968225_w26,paxg_usdc,500,24961026,24968225,26,observed_pool,0.2827586206896552,,,126.88535697272461,0.00264577061435034,-1.4210854715202004e-14,,0.0,100.0,1.0,0.07586206896551724,,chainlink,hook_counterfactual,1.0,auction_beats_hook,0.0,,,,linear_fee|log_fee|hook_fee|fixed_fee,0.0,55,0,0.9166666666666666,0.45517241379310347,chainlink,chainlink,8,0x5ae13baaef0620fdae1d355495dc51a17adb4082,chainlink,stress,,,,145
study_rwa,,paxg_usdc_500_month_24989826_24996367_w30,exports/study_rwa/age25h/2026_04_paxg_usdc/paxg_usdc_500_month_24989826_24996367_w30,paxg_usdc,500,24989826,24996367,30,observed_pool,0.28615384615384615,,,397.08482126604366,0.00037029406092869976,1.7053025658242404e-13,,0.0,100.0,1.0,0.28307692307692306,,chainlink,hook_counterfactual,1.0,auction_beats_hook,0.0,,,,hook_fee|linear_fee|log_fee|fixed_fee,0.0,118,0,1.0,0.6461538461538462,chainlink,chainlink,11,0x5ae13baaef0620fdae1d355495dc51a17adb4082,chainlink,stress,,,,325
study_rwa,,paxg_usdc_500_month_24996367_25003566_w01,exports/study_rwa/age25h/2026_05_paxg_usdc/paxg_usdc_500_month_24996367_25003566_w01,paxg_usdc,500,24996367,25003566,1,observed_pool,0.3448275862068966,,,495.21930965090246,0.02026650651731643,-5.684341886080802e-14,,0.0,100.0,1.0,0.0,,chainlink,hook_counterfactual,1.0,auction_beats_hook,0.0,,,,linear_fee|log_fee|hook_fee|fixed_fee,0.0,235,0,0.9915611814345991,0.5064655172413793,chainlink,chainlink,24,0x5ae13baaef0620fdae1d355495dc51a17adb4082,chainlink,stress,,,,464
study_rwa,,paxg_usdc_500_month_25003567_25010766_w02,exports/study_rwa/age25h/2026_05_paxg_usdc/paxg_usdc_500_month_25003567_25010766_w02,paxg_usdc,500,25003567,25010766,2,observed_pool,0.0,,,12.336126587003653,4.493072996325509e-06,3.552713678800501e-15,,0.0,100.0,1.0,0.140625,,chainlink,hook_counterfactual,1.0,auction_beats_hook,0.0,,,,linear_fee|log_fee|hook_fee|fixed_fee,0.0,22,0,0.88,0.484375,chainlink,chainlink,3,0x5ae13baaef0620fdae1d355495dc51a17adb4082,chainlink,stress,,,,64
study_rwa,,paxg_usdc_500_month_25197967_25205166_w29,exports/study_rwa/age25h/2026_05_paxg_usdc/paxg_usdc_500_month_25197967_25205166_w29,paxg_usdc,500,25197967,25205166,29,observed_pool,0.3162878787878788,,,1075.3370760321052,0.00016299553931276023,6.821210263296962e-13,,0.0,100.0,1.0,0.16477272727272727,,chainlink,hook_counterfactual,1.0,auction_beats_hook,0.0,,,,linear_fee|log_fee|hook_fee|fixed_fee,0.0,219,0,0.9909502262443439,0.5795454545454546,chainlink,chainlink,13,0x5ae13baaef0620fdae1d355495dc51a17adb4082,chainlink,stress,,,,528
study_rwa,,paxg_usdc_500_month_25212367_25218797_w31,exports/study_rwa/age25h/2026_05_paxg_usdc/paxg_usdc_500_month_25212367_25218797_w31,paxg_usdc,500,25212367,25218797,31,observed_pool,0.005434782608695652,,,315.2483047179791,5.296124072629027e-05,0.0,,0.0,100.0,1.0,0.31521739130434784,,chainlink,hook_counterfactual,1.0,auction_beats_hook,0.0,,,,linear_fee|log_fee|hook_fee|fixed_fee,0.0,55,0,0.9821428571428571,0.6141304347826086,chainlink,chainlink,5,0x5ae13baaef0620fdae1d355495dc51a17adb4082,chainlink,stress,,,,184
study_rwa,,paxg_usdc_500_month_25218797_25225996_w01,exports/study_rwa/age25h/2026_06_paxg_usdc/paxg_usdc_500_month_25218797_25225996_w01,paxg_usdc,500,25218797,25225996,1,observed_pool,0.3723021582733813,,,1740.8131865908144,0.022495354565990056,-6.821210263296962e-13,,0.0,100.0,1.0,0.0,,chainlink,hook_counterfactual,1.0,auction_beats_hook,0.0,,,,linear_fee|log_fee|hook_fee|fixed_fee,0.0,291,0,0.9897959183673469,0.5233812949640287,chainlink,chainlink,14,0x5ae13baaef0620fdae1d355495dc51a17adb4082,chainlink,stress,,,,556
study_rwa,,paxg_usdc_500_month_25254797_25261996_w06,exports/study_rwa/age25h/2026_06_paxg_usdc/paxg_usdc_500_month_25254797_25261996_w06,paxg_usdc,500,25254797,25261996,6,observed_pool,0.1598639455782313,,,112.65632910958149,2.5028547213423735e-05,-5.684341886080802e-14,,0.0,100.0,1.0,0.3333333333333333,,chainlink,hook_counterfactual,1.0,auction_beats_hook,0.0,,,,linear_fee|log_fee|hook_fee|fixed_fee,0.0,108,0,0.9908256880733946,0.7006802721088435,chainlink,chainlink,3,0x5ae13baaef0620fdae1d355495dc51a17adb4082,chainlink,stress,,,,294
study_rwa,,paxg_usdc_500_month_25413197_25420396_w28,exports/study_rwa/age25h/2026_06_paxg_usdc/paxg_usdc_500_month_25413197_25420396_w28,paxg_usdc,500,25413197,25420396,28,observed_pool,0.20303030303030303,,,74.31161454780131,2.3715764427834074e-05,0.0,,0.0,100.0,1.0,0.048484848484848485,,chainlink,hook_counterfactual,1.0,auction_beats_hook,0.0,,,,linear_fee|log_fee|hook_fee|fixed_fee,0.0,166,0,0.9940119760479041,0.5515151515151515,chainlink,chainlink,7,0x5ae13baaef0620fdae1d355495dc51a17adb4082,chainlink,stress,,,,330
study_rwa,,paxg_usdc_500_month_25427597_25433938_w30,exports/study_rwa/age25h/2026_06_paxg_usdc/paxg_usdc_500_month_25427597_25433938_w30,paxg_usdc,500,25427597,25433938,30,observed_pool,0.18972332015810275,,,71.63576817739843,0.000901376156704714,1.4210854715202004e-14,,0.0,100.0,1.0,0.31620553359683795,,chainlink,hook_counterfactual,1.0,auction_beats_hook,0.0,,,,linear_fee|log_fee|hook_fee|fixed_fee,0.0,198,0,0.9801980198019802,0.7075098814229249,chainlink,chainlink,13,0x5ae13baaef0620fdae1d355495dc51a17adb4082,chainlink,stress,,,,506
study_rwa,,paxg_usdc_500_month_24136052_24143251_w01,exports/study_rwa/fixed/2026_01_paxg_usdc/paxg_usdc_500_month_24136052_24143251_w01,paxg_usdc,500,24136052,24143251,1,observed_pool,0.05842847548690396,0.0,1.0,512.9737781643323,4686.944792235404,1850.6835725253038,1.4902200388544526,0.0,100.0,1.0,0.0,0.0,chainlink,hook_counterfactual,1.0,auction_beats_hook,0.06447280053727333,,,,linear_fee|log_fee|hook_fee|fixed_fee,0.0,0,0,0.0,0.0,chainlink,chainlink,5,0x5ae13baaef0620fdae1d355495dc51a17adb4082,chainlink,stress,,,,1489
study_rwa,,paxg_usdc_500_month_24150452_24157651_w03,exports/study_rwa/fixed/2026_01_paxg_usdc/paxg_usdc_500_month_24150452_24157651_w03,paxg_usdc,500,24150452,24157651,3,observed_pool,0.029443838604143947,0.0,1.0,-327.5856692967562,20950.634820951505,8397.359622491907,8.434733951902118,0.0,100.0,1.0,0.15376226826608505,0.0,chainlink,hook_counterfactual,1.0,auction_beats_hook,0.24972737186477645,,,,linear_fee|log_fee|hook_fee|fixed_fee,0.0,0,0,0.0,0.15376226826608505,chainlink,chainlink,3,0x5ae13baaef0620fdae1d355495dc51a17adb4082,chainlink,stress,,,,917
study_rwa,,paxg_usdc_500_month_24344852_24352051_w30,exports/study_rwa/fixed/2026_01_paxg_usdc/paxg_usdc_500_month_24344852_24352051_w30,paxg_usdc,500,24344852,24352051,30,observed_pool,0.18065359477124182,0.0,1.0,3645.4979991644186,34564.99073548812,12061.29092752486,0.02848659764550768,0.0,100.0,1.0,0.14980392156862746,0.0,chainlink,hook_counterfactual,1.0,auction_beats_hook,0.36470588235294116,,,,linear_fee|log_fee|hook_fee|fixed_fee,0.0,0,0,0.0,0.14980392156862746,chainlink,chainlink,176,0x5ae13baaef0620fdae1d355495dc51a17adb4082,chainlink,stress,,,,3825
study_rwa,,paxg_usdc_500_month_24352052_24358292_w31,exports/study_rwa/fixed/2026_01_paxg_usdc/paxg_usdc_500_month_24352052_24358292_w31,paxg_usdc,500,24352052,24358292,31,observed_pool,0.32793867120954,0.0,1.0,1152.1686620408252,30607.781291571428,12864.944674328175,0.4116630125068779,0.0,100.0,1.0,0.23679727427597955,0.0,chainlink,hook_counterfactual,1.0,auction_beats_hook,0.33986371379897784,,,,linear_fee|log_fee|hook_fee|fixed_fee,0.0,0,0,0.0,0.23679727427597955,chainlink,chainlink,3,0x5ae13baaef0620fdae1d355495dc51a17adb4082,chainlink,stress,,,,1174
study_rwa,,paxg_usdc_500_month_24358292_24365491_w01,exports/study_rwa/fixed/2026_02_paxg_usdc/paxg_usdc_500_month_24358292_24365491_w01,paxg_usdc,500,24358292,24365491,1,observed_pool,0.1759656652360515,0.0,1.0,932.8638602677689,24222.789199004073,10484.387589699634,0.42790336460651524,0.0,100.0,1.0,0.0,0.0,chainlink,hook_counterfactual,1.0,auction_beats_hook,0.4513590844062947,,,,linear_fee|log_fee|hook_fee|fixed_fee,0.0,0,0,0.0,0.0,chainlink,chainlink,22,0x5ae13baaef0620fdae1d355495dc51a17adb4082,chainlink,stress,,,,1398
study_rwa,,paxg_usdc_500_month_24365492_24372691_w02,exports/study_rwa/fixed/2026_02_paxg_usdc/paxg_usdc_500_month_24365492_24372691_w02,paxg_usdc,500,24365492,24372691,2,observed_pool,0.11156429942418426,0.0,1.0,2973.73969709906,21971.313756454336,8004.842182179953,0.026903630066705656,0.0,100.0,1.0,0.3812380038387716,0.0,chainlink,hook_counterfactual,1.0,auction_beats_hook,0.2600767754318618,,,,linear_fee|log_fee|hook_fee|fixed_fee,0.0,0,0,0.0,0.3812380038387716,chainlink,chainlink,164,0x5ae13baaef0620fdae1d355495dc51a17adb4082,chainlink,stress,,,,4168
study_rwa,,paxg_usdc_500_month_24545492_24552691_w27,exports/study_rwa/fixed/2026_02_paxg_usdc/paxg_usdc_500_month_24545492_24552691_w27,paxg_usdc,500,24545492,24552691,27,observed_pool,0.23918575063613232,0.0,1.0,868.4123793631655,5176.336774700413,1961.2336680801618,0.03309117749179903,0.0,100.0,1.0,0.13401187446988974,0.0,chainlink,hook_counterfactual,1.0,auction_beats_hook,0.30788804071246817,,,,linear_fee|log_fee|hook_fee|fixed_fee,0.0,0,0,0.0,0.13401187446988974,chainlink,chainlink,13,0x5ae13baaef0620fdae1d355495dc51a17adb4082,chainlink,stress,,,,1179
study_rwa,,paxg_usdc_500_month_24552692_24558867_w28,exports/study_rwa/fixed/2026_02_paxg_usdc/paxg_usdc_500_month_24552692_24558867_w28,paxg_usdc,500,24552692,24558867,28,observed_pool,0.2021986650961916,0.0,1.0,-3194.8199583715887,99083.80941157811,43865.326881718065,4.7302717245296115,0.0,100.0,1.0,0.09972516686297606,0.0,chainlink,hook_counterfactual,1.0,auction_beats_hook,0.3663133097762073,,,,linear_fee|log_fee|hook_fee|fixed_fee,0.0,0,0,0.0,0.09972516686297606,chainlink,chainlink,3,0x5ae13baaef0620fdae1d355495dc51a17adb4082,chainlink,stress,,,,2547
study_rwa,,paxg_usdc_500_month_24558867_24566066_w01,exports/study_rwa/fixed/2026_03_paxg_usdc/paxg_usdc_500_month_24558867_24566066_w01,paxg_usdc,500,24558867,24566066,1,observed_pool,0.4408995815899582,0.0,1.0,-1807.1977044711464,54719.86899803096,23419.902450389163,4.125206504176095,0.0,100.0,1.0,0.0,0.0,chainlink,hook_counterfactual,1.0,auction_beats_hook,0.33734309623430964,,,,linear_fee|log_fee|hook_fee|fixed_fee,0.0,0,0,0.0,0.0,chainlink,chainlink,8,0x5ae13baaef0620fdae1d355495dc51a17adb4082,chainlink,stress,,,,1912
study_rwa,,paxg_usdc_500_month_24566067_24573266_w02,exports/study_rwa/fixed/2026_03_paxg_usdc/paxg_usdc_500_month_24566067_24573266_w02,paxg_usdc,500,24566067,24573266,2,observed_pool,0.2717450027012426,0.0,1.0,1112.9086883430507,9105.283362904342,3419.6414266746306,0.07781883139728792,0.0,100.0,1.0,0.2755267423014587,0.0,chainlink,hook_counterfactual,1.0,auction_beats_hook,0.2863317125877904,,,,linear_fee|log_fee|hook_fee|fixed_fee,0.0,0,0,0.0,0.2755267423014587,chainlink,chainlink,28,0x5ae13baaef0620fdae1d355495dc51a17adb4082,chainlink,stress,,,,1851
study_rwa,,paxg_usdc_500_month_24760467_24767666_w29,exports/study_rwa/fixed/2026_03_paxg_usdc/paxg_usdc_500_month_24760467_24767666_w29,paxg_usdc,500,24760467,24767666,29,observed_pool,0.3836734693877551,0.0,1.0,1469.3512556897253,2437.7884948116125,666.8815623150813,0.06706148350678032,0.0,100.0,1.0,0.014965986394557823,0.0,chainlink,hook_counterfactual,1.0,auction_beats_hook,0.13877551020408163,,,,linear_fee|log_fee|hook_fee|fixed_fee,0.0,0,0,0.0,0.014965986394557823,chainlink,chainlink,22,0x5ae13baaef0620fdae1d355495dc51a17adb4082,chainlink,stress,,,,735
study_rwa,,paxg_usdc_500_month_24774867_24781026_w31,exports/study_rwa/fixed/2026_03_paxg_usdc/paxg_usdc_500_month_24774867_24781026_w31,paxg_usdc,500,24774867,24781026,31,observed_pool,0.3039106145251397,0.0,1.0,562.0522428799392,1159.9637271837296,252.57821128475103,0.00095339446643916,0.0,100.0,1.0,0.13519553072625698,0.0,chainlink,hook_counterfactual,1.0,auction_beats_hook,0.17653631284916202,,,,log_fee|linear_fee|hook_fee|fixed_fee,0.0,0,0,0.0,0.13519553072625698,chainlink,chainlink,33,0x5ae13baaef0620fdae1d355495dc51a17adb4082,chainlink,stress,,,,895
study_rwa,,paxg_usdc_500_month_24781026_24788225_w01,exports/study_rwa/fixed/2026_04_paxg_usdc/paxg_usdc_500_month_24781026_24788225_w01,paxg_usdc,500,24781026,24788225,1,observed_pool,0.32122905027932963,0.0,1.0,517.6016050767248,2524.109096751886,692.3244610254087,0.003038762899215156,0.0,100.0,1.0,0.0,0.0,chainlink,hook_counterfactual,1.0,auction_beats_hook,0.34450651769087526,,,,linear_fee|log_fee|hook_fee|fixed_fee,0.0,0,0,0.0,0.0,chainlink,chainlink,39,0x5ae13baaef0620fdae1d355495dc51a17adb4082,chainlink,stress,,,,1074
study_rwa,,paxg_usdc_500_month_24802626_24809825_w04,exports/study_rwa/fixed/2026_04_paxg_usdc/paxg_usdc_500_month_24802626_24809825_w04,paxg_usdc,500,24802626,24809825,4,observed_pool,0.23134328358208955,0.0,1.0,12.647131690350161,159.99243346727388,57.14880387815819,0.004541046699678197,0.0,100.0,1.0,0.20149253731343283,0.0,chainlink,hook_counterfactual,1.0,auction_beats_hook,0.12686567164179105,,,,linear_fee|log_fee|hook_fee|fixed_fee,0.0,0,0,0.0,0.20149253731343283,chainlink,chainlink,2,0x5ae13baaef0620fdae1d355495dc51a17adb4082,chainlink,stress,,,,134
study_rwa,,paxg_usdc_500_month_24961026_24968225_w26,exports/study_rwa/fixed/2026_04_paxg_usdc/paxg_usdc_500_month_24961026_24968225_w26,paxg_usdc,500,24961026,24968225,26,observed_pool,0.36551724137931035,0.0,1.0,195.18399656935102,248.1982955264963,57.76821775071156,0.002260376059756052,0.0,100.0,1.0,0.07586206896551724,0.0,chainlink,hook_counterfactual,1.0,auction_beats_hook,0.19310344827586207,,,,log_fee|linear_fee|hook_fee|fixed_fee,0.0,0,0,0.0,0.07586206896551724,chainlink,chainlink,8,0x5ae13baaef0620fdae1d355495dc51a17adb4082,chainlink,stress,,,,145
study_rwa,,paxg_usdc_500_month_24989826_24996367_w30,exports/study_rwa/fixed/2026_04_paxg_usdc/paxg_usdc_500_month_24989826_24996367_w30,paxg_usdc,500,24989826,24996367,30,observed_pool,0.2676923076923077,0.0,1.0,426.64464696074197,967.205260562249,174.4221958753409,0.001482870244971603,0.0,100.0,1.0,0.28307692307692306,0.0,chainlink,hook_counterfactual,1.0,auction_beats_hook,0.2,,,,linear_fee|log_fee|hook_fee|fixed_fee,0.0,0,0,0.0,0.28307692307692306,chainlink,chainlink,11,0x5ae13baaef0620fdae1d355495dc51a17adb4082,chainlink,stress,,,,325
study_rwa,,paxg_usdc_500_month_24996367_25003566_w01,exports/study_rwa/fixed/2026_05_paxg_usdc/paxg_usdc_500_month_24996367_25003566_w01,paxg_usdc,500,24996367,25003566,1,observed_pool,0.25646551724137934,0.0,1.0,774.4835364116541,1190.0879073437152,283.26526015510757,0.0017728026625970065,0.0,100.0,1.0,0.0,0.0,chainlink,hook_counterfactual,1.0,auction_beats_hook,0.21767241379310345,,,,log_fee|linear_fee|hook_fee|fixed_fee,0.0,0,0,0.0,0.0,chainlink,chainlink,24,0x5ae13baaef0620fdae1d355495dc51a17adb4082,chainlink,stress,,,,464
study_rwa,,paxg_usdc_500_month_25003567_25010766_w02,exports/study_rwa/fixed/2026_05_paxg_usdc/paxg_usdc_500_month_25003567_25010766_w02,paxg_usdc,500,25003567,25010766,2,observed_pool,0.015625,0.0,1.0,20.777217482640303,76.89523720038966,28.761310832442774,0.004910173243114256,0.0,100.0,1.0,0.140625,0.0,chainlink,hook_counterfactual,1.0,auction_beats_hook,0.265625,,,,linear_fee|log_fee|hook_fee|fixed_fee,0.0,0,0,0.0,0.140625,chainlink,chainlink,3,0x5ae13baaef0620fdae1d355495dc51a17adb4082,chainlink,stress,,,,64
study_rwa,,paxg_usdc_500_month_25197967_25205166_w29,exports/study_rwa/fixed/2026_05_paxg_usdc/paxg_usdc_500_month_25197967_25205166_w29,paxg_usdc,500,25197967,25205166,29,observed_pool,0.2765151515151515,0.0,1.0,1025.0146538893953,4464.183181170655,1496.6704561659953,0.24649370268561693,0.0,100.0,1.0,0.16477272727272727,0.0,chainlink,hook_counterfactual,1.0,auction_beats_hook,0.2784090909090909,,,,linear_fee|log_fee|hook_fee|fixed_fee,0.0,0,0,0.0,0.16477272727272727,chainlink,chainlink,13,0x5ae13baaef0620fdae1d355495dc51a17adb4082,chainlink,stress,,,,528
study_rwa,,paxg_usdc_500_month_25212367_25218797_w31,exports/study_rwa/fixed/2026_05_paxg_usdc/paxg_usdc_500_month_25212367_25218797_w31,paxg_usdc,500,25212367,25218797,31,observed_pool,0.07608695652173914,0.0,1.0,303.4630259310053,923.544995286674,277.4078018722107,0.21005279441240934,0.0,100.0,1.0,0.31521739130434784,0.0,chainlink,hook_counterfactual,1.0,auction_beats_hook,0.22826086956521738,,,,linear_fee|log_fee|hook_fee|fixed_fee,0.0,0,0,0.0,0.31521739130434784,chainlink,chainlink,5,0x5ae13baaef0620fdae1d355495dc51a17adb4082,chainlink,stress,,,,184
study_rwa,,paxg_usdc_500_month_25218797_25225996_w01,exports/study_rwa/fixed/2026_06_paxg_usdc/paxg_usdc_500_month_25218797_25225996_w01,paxg_usdc,500,25218797,25225996,1,observed_pool,0.38669064748201437,0.0,1.0,3290.6184118876163,6324.685251267103,2066.873183380248,0.40570577496170995,0.0,100.0,1.0,0.0,0.0,chainlink,hook_counterfactual,1.0,auction_beats_hook,0.2589928057553957,,,,linear_fee|log_fee|hook_fee|fixed_fee,0.0,0,0,0.0,0.0,chainlink,chainlink,14,0x5ae13baaef0620fdae1d355495dc51a17adb4082,chainlink,stress,,,,556
study_rwa,,paxg_usdc_500_month_25254797_25261996_w06,exports/study_rwa/fixed/2026_06_paxg_usdc/paxg_usdc_500_month_25254797_25261996_w06,paxg_usdc,500,25254797,25261996,6,observed_pool,0.22108843537414966,0.0,1.0,123.08182251321911,1200.7270196680067,293.2762483675199,0.006656348341139007,0.0,100.0,1.0,0.3333333333333333,0.0,chainlink,hook_counterfactual,1.0,auction_beats_hook,0.20748299319727892,,,,linear_fee|log_fee|hook_fee|fixed_fee,0.0,0,0,0.0,0.3333333333333333,chainlink,chainlink,3,0x5ae13baaef0620fdae1d355495dc51a17adb4082,chainlink,stress,,,,294
study_rwa,,paxg_usdc_500_month_25413197_25420396_w28,exports/study_rwa/fixed/2026_06_paxg_usdc/paxg_usdc_500_month_25413197_25420396_w28,paxg_usdc,500,25413197,25420396,28,observed_pool,0.3575757575757576,0.0,1.0,61.43353151583089,223.21754255901374,45.42495044734174,0.00045920672636052173,0.0,100.0,1.0,0.048484848484848485,0.0,chainlink,hook_counterfactual,1.0,auction_beats_hook,0.2515151515151515,,,,log_fee|linear_fee|hook_fee|fixed_fee,0.0,0,0,0.0,0.048484848484848485,chainlink,chainlink,7,0x5ae13baaef0620fdae1d355495dc51a17adb4082,chainlink,stress,,,,330
study_rwa,,paxg_usdc_500_month_25427597_25433938_w30,exports/study_rwa/fixed/2026_06_paxg_usdc/paxg_usdc_500_month_25427597_25433938_w30,paxg_usdc,500,25427597,25433938,30,observed_pool,0.24308300395256918,0.0,1.0,86.83539957456055,158.93321962054563,19.585895945685607,0.00032459670507339194,0.0,100.0,1.0,0.31620553359683795,0.0,chainlink,hook_counterfactual,1.0,auction_beats_hook,0.06324110671936758,,,,log_fee|linear_fee|hook_fee|fixed_fee,0.0,0,0,0.0,0.31620553359683795,chainlink,chainlink,13,0x5ae13baaef0620fdae1d355495dc51a17adb4082,chainlink,stress,,,,506
