timestamp,block_number,tx_hash,log_index,price,source
1759276559,23479223,0x2cd7959e1836eb9e4da9fc1ff717b0c8030afe851e709bee8daff2c0bdafeef5,61,0.005144424905512773,stitched_market_reference
1759278227,23479361,0xd5a7c1c6588204b1b87fe20a8c8da2f7f2f089d0d56590c1eb79351e36214f24,337,0.005117479890055579,stitched_market_reference
1759279103,23479434,0xe26d27d5f8b00305fe0ca5949f23f191c0d152771a8c0cc72fbd4aff317567a7,103,0.005091145309293906,stitched_market_reference
1759280147,23479519,0x5bc5b457f335700141edb8d9ab9758ec3dd327274a7bd358794c7ebc82cd64ea,49,0.005121391909773481,stitched_market_reference
1759280195,23479523,0x7330a47745e2ada517d13bfc5bd10be25b5f6f63c1f06c838794f9d6c6f03909,423,0.005121385504405405,stitched_market_reference
1759282223,23479692,0x3f15277e6d899b2db052254135d26909cedfe4b3d8e30d56098cb8703ee03c69,65,0.005147105811634783,stitched_market_reference
1759283135,23479768,0xa9e4a188c053f446063457fcef07550c305f77db0f108c3bc86cba4d8be11209,187,0.005120544884827086,stitched_market_reference
1759283387,23479788,0xb18c0aabc3d7f6e878e4649d3cdf0a1c5cdcc893e99c8ad9ef6439cee79d2a81,55,0.005146370323442317,stitched_market_reference
1759285727,23479982,0x3551f8371fede5c4e4e9adee90f2f1709245e8289cca825f0e8b2e0d43f4193b,547,0.005177222730599848,stitched_market_reference
1759286423,23480039,0xe66e901d0216a3e52f289009fed703d02dc65137e1c528a82f2b2ebd2eecdcb4,164,0.005150771444996596,stitched_market_reference
1759286759,23480067,0x182c85cb516ba5ce1a02376762baa6d011225558dbca67cacb290604f214faea,249,0.005164609556550323,stitched_market_reference
1759288619,23480220,0xb15062725c6067764e8fc8be6813f5df092a2a4332664ee5972b8b631ceb41ff,80,0.005138417341153852,stitched_market_reference
1759290359,23480364,0x3e485357619a0f26198ba76d36b0018823f1c0eed1829dca01f6b50b4ceaeb35,16,0.005110689403884842,stitched_market_reference
1759290395,23480367,0x13ce6517f2ef08782d577c3d538ba2d36382cc8d3ed202d95ca03e723001ba73,378,0.005135385438110919,stitched_market_reference
1759293035,23480585,0x9a74b4a40392e0185e2f1c7541c38b3add3bb4fcec0c5216900e7b4ef6a5cf48,61,0.005165836274245248,stitched_market_reference
1759293179,23480597,0xf03a419dbdeb8b9cbd1dfc9cdf6ace9fee03b1ea659da1e059c625083edb21cf,189,0.005140041910563531,stitched_market_reference
1759294391,23480698,0x086576075233f76b2aa26c1bfe056164224e26fb4f096dd780b0b96451791c3b,311,0.005112973436594032,stitched_market_reference
1759295591,23480796,0x06fd3e506f3cf7bbf74e08a9e1616f77672ac2cd129d4a6b0188aab3648a34c7,269,0.005143787877694293,stitched_market_reference
1759296755,23480892,0x46581d4b1554d785eea727e16d6f5b54f4ba70c2cbe1e8ec83c6652bf57ed002,1276,0.005116864750617711,stitched_market_reference
1759296791,23480895,0xeb853cf745ca4459c28de0625b0a5dc977613f24c165b115780e0810f1e58a5f,74,0.005128461603278004,stitched_market_reference
1759300367,23481193,0xc1ef5f76ee78ebe8549f4bb951a9edfe0e59a62bb431b7f2d26454a206dff3ea,890,0.00512390782794864,stitched_market_reference
1759300415,23481197,0xee925e05bcf4d5f4f842544af4cb5b8e5e2100283a60b61ab2af06bcb7eb1660,217,0.005135486457206776,stitched_market_reference
1759301507,23481288,0xce1397ffc86ea4194d8aef4b208ab4d945ff7e35017cb62abe11b10be54c1a62,158,0.005108343495938621,stitched_market_reference
1759302827,23481397,0x0e1802d6d42bd48f74842f8b63a36d9e25a0ea6c6115b13d18f17431adce17f8,146,0.005133994423295777,stitched_market_reference
1759303907,23481486,0x97839d23588358528c9b01e7fad40e11f448c1e7d60582e50fcf1fe6e38d4c28,338,0.005159798154576817,stitched_market_reference
1759304051,23481498,0x7fe96003fdccad9d247261f6923bd4d7312b6d0fbb5d566d9ac450be3ef5c384,60,0.005158660840008725,stitched_market_reference
1759305635,23481628,0xa777d00d9f0ec3c58645705380f62e70fc8fe98b8c7306773797d9cedd316348,240,0.005148536740064337,stitched_market_reference
1759305647,23481629,0xf576e03d912b1fa987a8d75181f589dfe3e2fc2bce36a172ca6cc2dfc557b4ce,63,0.005144088235885614,stitched_market_reference
1759307375,23481772,0x8e5a85e153b7eebb61e4d3a8728cdc12807e3a31645a5f5dbf38cf19d064e459,72,0.005172544569255574,stitched_market_reference
1759307495,23481782,0xe6ba334bd8910462f2c508da000907a3cd0d89a90fd476b8521c7d6dc9ffc5a2,339,0.005144668587190937,stitched_market_reference
1759307531,23481785,0x6d69c428cd515737f522809d8e278ee947fb498b19920125c52f4938db11b961,317,0.005116931943967326,stitched_market_reference
1759307543,23481786,0xddf4840add86c386ef3936e4135e2bc53a06ce8aadda5353e31431d052ee1119,98,0.005155492576052521,stitched_market_reference
1759307723,23481801,0xd0619afead934419b78c5860e73f34b9e1c09cd55183aa925e430622c908925c,319,0.0051814954769266,stitched_market_reference
1759307807,23481808,0xaa75d6cd84f45ea8e8e1c865901ebc7835f2c2eb59e468bbc07e715e28624c55,811,0.005153155628924118,stitched_market_reference
1759307963,23481821,0x7395f8f7b48da14e2c0d75a95531cb11303a1ba3c435310c4fd7b3bc4adf1c79,314,0.005180514650330833,stitched_market_reference
1759308131,23481835,0x6a88fd07f4237e9f7c1959142f50aba360c6842b49dba4c53a5a64641856a7f5,646,0.005153478778051949,stitched_market_reference
1759308179,23481839,0x418866dbc0ad438e7f6f35b7a6087aff0e1c2e499458dc1ff600bce2480ae748,131,0.00517925279767194,stitched_market_reference
1759308323,23481851,0x418510fa2d1638413c09302834d3063a89c1122bc7150c1b71b2d1aa870c203f,871,0.005140134684077999,stitched_market_reference
1759308431,23481860,0xe58b6d51eb5da3475c5332e5d6bae6824a8df29cbaf23d2d65a5be8687011879,607,0.005167376705510335,stitched_market_reference
1759308551,23481870,0xcc660b4e0c9a064ec26631105f998432325f94c050cd858a1bc0215f7f9bbbbb,360,0.00514057877315814,stitched_market_reference
1759308659,23481879,0x501ed6f11caa4fa82088e0aa9cafaae53b3eaf4f70fefea78807e6e312608d50,383,0.005170863482002006,stitched_market_reference
1759308659,23481879,0xd01baf7e9e681f4d9d247b26fc4d079755e7c59e68ae16a10f12592d126d965d,419,0.005139471584782906,stitched_market_reference
1759308803,23481891,0x70fbc5e9bb0f2692572f90501d163085ab502ea5dea6fb964edf2a3f0e63a0b3,408,0.005112168737644805,stitched_market_reference
1759308815,23481892,0xb46421cfa2c04e0dda7311faabef73a69e8fb5293192e04a1b1fcb84a1063420,355,0.00514526647178921,stitched_market_reference
1759309223,23481925,0xab1798518033e6223abb440e10c240a141895f6e7f59dec5076fa58c0380c968,238,0.005172561934261236,stitched_market_reference
1759312427,23482187,0x7943e736fc5137373911bf28bed4d1767de5bb8dd29d8bd9ae5884999e03ea87,188,0.005150395285004602,stitched_market_reference
1759312859,23482223,0xad5b8d9bc3bf983f9d071f131a281c25dccee7d5a3f3f4f1f820462813128ce0,19,0.005168030628395748,stitched_market_reference
1759313303,23482259,0x9547611ead8a2891df80050029fea323ab9dd214e30ce735a7d31c55eb9e46d4,111,0.005141723560517466,stitched_market_reference
1759314791,23482383,0x054c369ce65061fa8305d4557484058dcb5169dabcfb01caaefe23f8e8a91d89,380,0.005168619164058283,stitched_market_reference
1759316903,23482556,0xd2e60aaaaf3392ccc3425954cbab018167a86c8b408ee924042561d55fa27cce,110,0.005195948061261396,stitched_market_reference
1759318415,23482680,0x04eb5c08b74bb58a852a1b0cc4be33de8f104e8933cbdfe0f4270c6eb50210fb,218,0.005175624782422371,stitched_market_reference
1759318775,23482710,0x84395edc328ef98e5f3f829db17e9792ab80a1ad64c3430e2f74c4bc9064bee0,38,0.005145129416666445,stitched_market_reference
1759320035,23482812,0x4bf486684e5b054cf6475d265e1e2ac398e4f09d97bb03bc2919d551b64d52fd,202,0.00517337741787186,stitched_market_reference
1759322039,23482979,0x0c2b281291e29f8b113f9c3ed1bba967b872b11eb3c5b3d55ad444ef111b1742,136,0.005174387471597024,stitched_market_reference
1759323455,23483096,0xbdb617bb64f8802cf2de714f2950b278b3fd35b90f031b7423f7984037261d41,227,0.005144655337651453,stitched_market_reference
1759324511,23483184,0x441dd1bb50077cf668f7b613b0165387a87bc09a563b96ff23a639f6e15c1d3e,104,0.005171876998387414,stitched_market_reference
1759325651,23483277,0xede871a9336fd325e95777d862df4b752c30dec51e6bafbc393f1a4fca08eb4a,260,0.005182994583891444,stitched_market_reference
1759327535,23483434,0xdbb77c1b5745afdfdff3844c5644aed713beb0c2a49ab2a2e315f2b6f0a8aaf4,646,0.005154357596256312,stitched_market_reference
1759328147,23483484,0x5cf826d1f3eeafd6a236b39bd16231a94f908c0d1f354ca6b00989e3a8329bff,249,0.005165476428207385,stitched_market_reference
1759329311,23483581,0xd58edca3d1724d6265d79996b54e0a8545cecca218086765e828fde789052cae,187,0.005192095630820553,stitched_market_reference
1759329611,23483606,0x5baf168b9935af2acc7fa9b314cd07ca0c112cf414c39785e7bf69c712dfea22,225,0.005164351270453178,stitched_market_reference
1759331591,23483769,0x9f303607cb6a52f497dba785e96a61c2b84885dd7a10cb1e399e54616900ebcc,34,0.005190520413811311,stitched_market_reference
1759332515,23483845,0x14acf63e26060612c99440b84586aa0659ec1a8ec34e92b686c4e1b07546e8c6,25,0.005162815625023531,stitched_market_reference
1759332923,23483879,0x29e5927d0a49675e8268f95be4003f7d4fe4804b80d62f988679b78ec4164b08,146,0.005166167893854734,stitched_market_reference
1759336151,23484147,0x354ff129709129525bf6eff5a7c1504a9b71aad2838c0588e4791b4ad7e0ff13,462,0.005173564523167646,stitched_market_reference
1759336535,23484179,0xd1b9be9f44ee412f84d89d8f2edf597884bafffa508519c5f0f0c022cc3e4750,160,0.005179409566781877,stitched_market_reference
1759339787,23484449,0x9b78233f302756013422ae9ccdc0744a8aa979355c0dca365ad5bc8b18308e7a,181,0.005197036000311935,stitched_market_reference
1759340159,23484480,0x541ee71a832575dcfe856258a4bfed006c0fec764a19740b2fcfb2daef54418b,295,0.005201356476327888,stitched_market_reference
1759341119,23484559,0x493676a7e5a954e9a3423d37433ef9bda18952a92a6640c4c148dfa784b3bd41,421,0.005172878342407428,stitched_market_reference
1759341131,23484560,0x79613007297349c8eb3def12080c885fe3d764c69c214bc57783d38f6ffce2b7,908,0.005202436725426104,stitched_market_reference
1759343159,23484728,0x53de1eb11a6ff82bd4136b95f26e3cedaa471ae757337c2de7b0fe756abf706f,696,0.005232177162991664,stitched_market_reference
1759343951,23484791,0xede0b3627545c6878d4cd069a164e0861c68785c1544850962bf6643c4677953,104,0.005205190056590865,stitched_market_reference
1759345811,23484943,0xa9d705b7fda21d3c5d8c49169c1620c90ae4e3e4d24c41ba0504eac8ca3c16f2,574,0.00523432725170784,stitched_market_reference
1759347587,23485090,0x9aa0ad3a9db7c21c5aad888e830c38b25b84a5c567d1293ecc04715648df35ba,180,0.00522280943379658,stitched_market_reference
1759349447,23485245,0x593dea108e340b968117a5d9da5cf3be75ef1311a230dc4878a086695ac26ed9,330,0.005202993469549985,stitched_market_reference
1759351211,23485390,0x724af683e477619ecef0658a52f8f5a032bc2e824b47b4ea4414544d14a722e9,359,0.005200486673806218,stitched_market_reference
1759352987,23485537,0xef1f166a4c1f058d8231fd264ae24ec6b01f0bc8d95a85a0e1728bcbe027b68b,203,0.005173421691949544,stitched_market_reference
1759354667,23485674,0xc5dc7cb12c05e3f6d712eb5e2dc981cd0ed9507bc410ce4c325de8888b096445,206,0.00520060623867651,stitched_market_reference
1759354679,23485675,0x25644e946fc37e56aaa527452bcdec51286ab596d5a08f50c6f27a1600793c80,169,0.005172157394575261,stitched_market_reference
1759356119,23485795,0x38d055e62feed5dd98656847baab89cd5e1fec1873bc15a42182d26b2f61e0fa,267,0.005198593178073442,stitched_market_reference
1759356527,23485828,0xea42f8da9dc1d4d41d58d1b6908a18fd42ec4df6a2e6af06aeab7a154fe7fab4,85,0.005171116472676124,stitched_market_reference
1759359755,23486096,0x75ec5b976bf26aaaa1aca7d17574580b78402b51bc80dd9bac7a2e52bbdf0f7f,448,0.005176470118922974,stitched_market_reference
1759360163,23486130,0xacb329705ca681962c1a7bebe9a68937d11681436d4488897387e185d8e4992b,215,0.005189954405570439,stitched_market_reference
1759360943,23486195,0x41defbd9b738f88aa9e04c383cfdef3dc6c230c867c9010e7927c38f54a889b6,184,0.005216624020784946,stitched_market_reference
1759362227,23486302,0xd1842971542482ee884bc24e6b6a1417b2600a3e44643c9ef44362933cd3bf85,459,0.005188799578966352,stitched_market_reference
1759363367,23486397,0xce5e774958e79f0aef951dee64dfe3582f13cd5cdbaf285313cdae76076483e4,275,0.005159018991327606,stitched_market_reference
1759363391,23486399,0x380ccf0e98632f93b6ec2fabe7c46c46999b4d8ce68b49d3807141590938c142,362,0.005186031652976025,stitched_market_reference
1759365455,23486571,0x825c595d6ccc1eeeeacecf90dcecb5904528daf9a7e722ab6a4fa4ca9ce3743e,105,0.005159653956163994,stitched_market_reference
1759365707,23486592,0xd05aae020a11714ad10fb5a57f916438121672d6e82b20571267571db610ec0d,256,0.005187435917224977,stitched_market_reference
1759369067,23486870,0x621656af4de95d8ef35e5c3110e0194ece355ed092ff993188117c8d17574ae3,342,0.005200009781312637,stitched_market_reference
1759369331,23486892,0x71f0a44073a9304dec6b1cd47b97559e82d678cb4f56f67d2ab9ceee3e10a669,235,0.005174175790802685,stitched_market_reference
1759369751,23486927,0x57d04edab0fab81903bf3bb806515158845c252e2a0c970d193eaca181edb539,772,0.005143971645116706,stitched_market_reference
1759369763,23486928,0xfcfce732b2ad65d6daaccf8bf1a4b261806925c8d610f5949b11906625a0fd2b,197,0.005171190605754008,stitched_market_reference
1759373387,23487230,0x34a81f960bea5c9a49541f13c2f84c01c62b78afb8b416e1a7c8e9564a80c253,319,0.005166542086783582,stitched_market_reference
1759373411,23487231,0xef57172ba408fd1dc43d719a42fe0018cf0a00b3ed4b1b077aff085961aa1517,416,0.005186383660893685,stitched_market_reference
1759377011,23487530,0x78a3ef171c914b81c97f3929f2bed92960fd46136674357287880fe1d2ae256a,452,0.005197062532207826,stitched_market_reference
1759377023,23487531,0x6d4fb22bdc1a5d2c504258c61c211610a8ff35a3a9812cc4d7426de9cb03c134,240,0.00518352190588246,stitched_market_reference
1759379543,23487738,0x5f65015f9389dfa9074d08db4d4a4cb3d0a400c4b075938c87d8dc05b3a6f6d4,236,0.005157085265802926,stitched_market_reference
1759380191,23487791,0x805f3483ae06ffafed14689811ea34079638a853612d2efdf46131c5d08eac9b,416,0.00518436905444126,stitched_market_reference
1759381199,23487875,0xa6fae50b8419cf7432bc82c83130e525b2aa4700454a2f15d2e2b82e85b5b60b,294,0.005210758940974212,stitched_market_reference
1759382867,23488014,0x4df295bc563fe4ff6df18774dd8c0e2b85d6d5df08c8d4ca1e7220578e14c4c0,427,0.005183983827729665,stitched_market_reference
1759382963,23488022,0xcdf41098c8e74299e35b9056005b8e6677451f55e6f5f19a37e2141184d145df,443,0.005211820366921331,stitched_market_reference
1759384199,23488123,0x5ce09a075878cbc89f33a6f86269b45446978a97ae51a2551dd16165b75df721,348,0.005185526375134072,stitched_market_reference
1759386503,23488315,0x38b8cfe650cae4d67fca712d3856c7c7ec95e2eb94b33f449acf10078ae913bd,97,0.005185518136192608,stitched_market_reference
1759386719,23488333,0x239fe5bf12209bcf706359ebd499b76b66992cb08a56cee1abbb0a25ef4f1577,881,0.005146675044039436,stitched_market_reference
1759387811,23488423,0x9841002e3540b33e2e5cee6771a4759b62daed9da53cb9afb277567bf38234b0,142,0.005146290266212433,stitched_market_reference
1759389707,23488580,0x04a77d727b9695408ed410e188d9652067bbfc74cd008374e2122aedb2badfa3,199,0.005173755540790228,stitched_market_reference
1759391411,23488722,0xae5f6109380aa818e4872993ce76c6e7063ce2fe9a3542e74628ea171f07853f,102,0.005147086932381879,stitched_market_reference
1759392023,23488773,0xfa556776c33de7f7e26056e60fe18a70c34918005510fcf5e910abdb057d7d76,268,0.005166293422518808,stitched_market_reference
1759392035,23488774,0xd90d7609ea2516e64f96fb620f207d996bd9d63d6002baccea8d009adc603332,261,0.005160655934760118,stitched_market_reference
1759395647,23489068,0x233fdb6a52b3f97cb0d891972742af60682d013ed310b6c741b4dacbbe2c1741,451,0.005149565927140172,stitched_market_reference
1759395647,23489068,0xbdc048e45f8e810e69a2372358c45bd062120d0cb68a114c1bb6d7f15b87348c,454,0.005143385762162308,stitched_market_reference
1759399259,23489368,0x2f2b30f71413313e90b5b899ebdfc53085ff10b629682463bb4dedf74f5e5e75,362,0.00513582584434588,stitched_market_reference
1759399259,23489368,0xdecde65d57db5d1ac7eed7ac49b25f78a0efbe7888da202c481c709e4f790f07,365,0.005122344529075628,stitched_market_reference
1759402883,23489667,0xc319e139e8e66f5d9136f2c633c8270af5098dd7b4b50d535e36b61c40401c93,152,0.005134445890940289,stitched_market_reference
1759402895,23489668,0xef6d187e7c1c173dccf10d88e3c0a444847661539828fc1d786b857f5be73118,287,0.005131626466360169,stitched_market_reference
1759406507,23489967,0x85126c0dad8110185207188c6d2f00f6f5fb73326fecd24326ab93f8d2d0d94b,305,0.00511716436940389,stitched_market_reference
1759406519,23489968,0x8cd8a5cf1857f439b0c2ab866eb3fa6fd1299416c7fc0d535e095b7d0e1303a8,362,0.005116198426787571,stitched_market_reference
1759409939,23490252,0x3c925f4a47f84b34c2e2f82831643b7e7ea0c2ee1d800a503ea88cd0c77f5709,277,0.005089641673526069,stitched_market_reference
1759410107,23490266,0x71e52316800eb98a9b620c90384064f0ec9af7920a6e3dbdafe2986974895b7b,642,0.005118045018647485,stitched_market_reference
1759410827,23490326,0x04d2313045c46833eaa6af8cdff45008350d81e3adc1b7ec06ebb193ee14b88c,306,0.005092414170349967,stitched_market_reference
1759411151,23490353,0x58bba899b206de3af168401435646b1b189a29317c4b149bfbe6d4f9418fbd44,511,0.005066442999201724,stitched_market_reference
1759411151,23490353,0x8cd3d29e8fa8fb48e62f89c9c5f32a21c446e9fe72d3eec3ae4856f308d839a9,514,0.005095601500379476,stitched_market_reference
1759412315,23490449,0x8933fdfa07c2a1ba8694ab35c108be78c0d9a536d0ee4c1bbf43af31a577bba4,40,0.00506784729311785,stitched_market_reference
1759414775,23490654,0xd28efd4d4337868565c60a3a5812597ce95e1ee0542e20f43f0126e28d9b60f6,178,0.005071487487494735,stitched_market_reference
1759415939,23490751,0x5a1f4482a28bbbdc916e0386f86e6b24a2820d1c4c8a863706885f6cc1fb82a5,145,0.005071819104099571,stitched_market_reference
1759416095,23490763,0xc720b89f21708be12987b2bf0a18edd9412b0248f978bf8e83cebdf137ac6e09,175,0.005045932316100288,stitched_market_reference
1759416515,23490797,0x9d27cd2e21997c81e35a38ce9a330b6bd50547bc87f1cab1ce55b29904012192,92,0.005071820521126567,stitched_market_reference
1759416671,23490809,0x7168b5faa9cf5ebde6a6917235e253001528dfac50a3291d9a2ffa0eb35f5003,513,0.005039807645805483,stitched_market_reference
1759417439,23490873,0x1f9187b53eda38ca37ed7b27c533091dc36bef7481044bbe5b627dd32e98e4f9,155,0.005066634253515183,stitched_market_reference
1759417487,23490877,0x29e23ee0a0183cbb3c7e937f9f59d1378ca855d4c2b7aa947b2caaee342369ee,590,0.005037180331026954,stitched_market_reference
1759417835,23490905,0x289f65d5caefb62303ca9f747293c77d4e6dc8d2174e21ae1f50c105eea62988,520,0.00506776259812814,stitched_market_reference
1759417859,23490907,0xee7b539c44704e9966439145434ea2ab054ec7a7991741c726755946f4c493c2,984,0.005037436568474132,stitched_market_reference
1759418051,23490923,0x3b56fab553dac2a9d61fb7a9ea546975d5bad5df87bc40ed2fcaa38796ce64b0,235,0.0050627749839284,stitched_market_reference
1759418615,23490970,0x42987bd929393ba01d10fcae4b02fd76f42913cf356d22e890e10d183a9c788b,650,0.005031460100699048,stitched_market_reference
1759420511,23491127,0x65f469b86cc88e32a7b79f8f8309a3b4aef6638b68c1137895cb9e5843f7a840,370,0.005004993620042043,stitched_market_reference
1759420511,23491127,0xda0353f8fc1a4d349063d085784a659a6d472062a9c2a667e6c4511df25d2ba0,568,0.00503522171744165,stitched_market_reference
1759420991,23491167,0x239523a03f7f491cffcd2a2369e393da5bf2f6ea3a6f58e2370647a8fa8928a3,135,0.005060434477005374,stitched_market_reference
1759421495,23491209,0x1a770c16c3a1f836e4a87d272c1dd4e55770429f6ae737c5f909623dd348f878,359,0.005033554374080735,stitched_market_reference
1759421591,23491217,0x12ca6ac056dfdfc413803dcf1fba6c56c47bc42e9297ccb474c25a904b299aed,107,0.005059710279365151,stitched_market_reference
1759423067,23491340,0x4d334e189871c4e3049d422283f8c0059257068ef133a3b1c01cc06ec2fef0db,307,0.005033515003615386,stitched_market_reference
1759423079,23491341,0x000a1caaf20d9a090ca6ee8abe1418593959a6e23d90ccc62360dd9a36d87d39,403,0.005060380184208989,stitched_market_reference
1759425167,23491515,0xc7e42dcf8c54ce29f0a8dc37c259a719ec9e472abe7082b0bddb725a85d3e90d,209,0.005085904992191942,stitched_market_reference
1759425275,23491524,0xfee14d29353839a1e8a7e1bf09ba59b3d62c6e03af3ab0b922f41bceb516e3d3,425,0.005057475267015589,stitched_market_reference
1759427027,23491670,0x89cf07c761961498ce72462ba66a9b476ddcb9e627403731e9e7206a56b30800,63,0.005086393482215619,stitched_market_reference
1759428323,23491778,0x7c7069de3f10496aa04ead3be62bbcad9ab7fc085074f9159d2c30906d0d4240,266,0.005114944301705511,stitched_market_reference
1759428911,23491827,0xed7e206db7a2b69b7caa06a039cd3f634f709adf03788bbeb1abe172f1577bb3,264,0.005096350564586572,stitched_market_reference
1759430219,23491935,0xdbb3b9cd99164bb714c3c28781ad753cb5722a9e8365d74d94531473d46df005,78,0.005121906087664479,stitched_market_reference
1759432091,23492090,0x38145080ad0d98f09dd47c6123772006ad10d670453f3b55b074adb051d7aa3d,425,0.0050954366818684,stitched_market_reference
1759432139,23492094,0x737bbd57b4ba04c0593e1ed8e2e2d6b5ccb42916802ac16d6780af7ba2335e7a,368,0.00512392543360873,stitched_market_reference
1759434119,23492258,0x98454c19b1670fdce3ba934528abe7c9fb013cb4e30fc5a5418b5a156a83b8ff,345,0.005098168193699977,stitched_market_reference
1759435727,23492390,0xa6a3edb414f5413a6bf5aa6d3c6d2a78c2fd818987851c715d073e918c5b138e,232,0.005107694786381814,stitched_market_reference
1759437251,23492515,0x6a633f8034b094d5167107b1a852a6050fa63d3c9c9f8ead4dd0052e802625be,195,0.005078639351752691,stitched_market_reference
1759439351,23492687,0xde8974cfccbb5f1a9771fe8a96a7adb51d15ba2b3e68cf978227a265eda764aa,392,0.005074315855821279,stitched_market_reference
1759439507,23492700,0x60275850cd8c3c0c2c49790b96f714f057fc1890e30306b36cc1411cb082f89f,143,0.005099716070424537,stitched_market_reference
1759440983,23492821,0x2ca875f6e71b1c6a538617ea24b523413bea9b6f8c7c663af19c3bac2296743a,419,0.005074051186427105,stitched_market_reference
1759442207,23492922,0xe9a77fb65ff415236863e947d0ab213e10264e94175880cf7cc885b7d7115659,170,0.005100663348690041,stitched_market_reference
1759443659,23493042,0x1cc816c56f5f92767247b4e6ce30532899731edcdb440d7aa0cffd062cd4f5df,278,0.005074309511588917,stitched_market_reference
1759445843,23493222,0xd1caee5458e97f71f38c6ead7a1ae929ce568263f5cc676ef54efd6e49bb6f06,164,0.005083129042298715,stitched_market_reference
1759447283,23493341,0x7011f94aae39a8b92de2466fbf955658fd5bb5e1fc635ec422f6eba88ee32819,209,0.005094877890629827,stitched_market_reference
1759449467,23493520,0xf64de17ca0b8f1edd9bb57ef610e92c99baee1c044b284586311dc6ecb417f74,190,0.005071572071235636,stitched_market_reference
1759450319,23493591,0x5aa348183bbf61c462f02896b5cc501a462fa2dfa30973aedfcecd8c7c544da8,204,0.005045936831611951,stitched_market_reference
1759453067,23493817,0xf1897103fbffd323d457ab29958a7a6c654d936281c11e6744fbb106021ec215,120,0.005061519645939347,stitched_market_reference
1759453943,23493890,0x7c23dfba9ab05cdb4cc55a14bb6ffc50136d94c5bd9573fd919e1a28c83afc49,75,0.005070807658942736,stitched_market_reference
1759456679,23494115,0x42d62bdbcd154f5232f67865b1ed9c2fec17e13ac950ce458e38554844f2ea80,581,0.005069091323280365,stitched_market_reference
1759457555,23494188,0x1dd8dfc9b19179fbdb01003c9838497209db25a46fd4d7429f45716c94aeec68,110,0.00506272146147581,stitched_market_reference
1759457735,23494203,0x540b77d0ecbc82acc763a2f18fe2276b5dd537a26445a49590b28abf71ebfb16,1109,0.005037450185027042,stitched_market_reference
1759460639,23494443,0x6d4c5d08c23d1d838e3bc1b8ac808ad35a3e9c9ea4d5f0b22447c8936ddbe6ce,1072,0.004994373362685133,stitched_market_reference
1759460663,23494445,0xc3f94a16ca250d3c6dcd022cf02310c349e990471885bbd29a6467ea84dc2ba5,1108,0.005024386967784065,stitched_market_reference
1759460879,23494463,0xba609cfdfe196f19137641593ed4e769cc5bd0a92bc48f49cdb5819c3307a679,1155,0.004996760096480649,stitched_market_reference
1759461119,23494483,0x7f98bedb476a94bb1c34056c1cd09dbb0c732d31c3e029057b08c91dfd89ef9a,249,0.005022190654942752,stitched_market_reference
1759463747,23494701,0x8c090df258cbc4ba5478bd958165fe944e03888db1b991dc4b0ede143598aead,407,0.004996283077587367,stitched_market_reference
1759463783,23494704,0x7829c3885cc7aadf4c732213f435875e4229806ab7b11959cb151be7efe00450,1120,0.005031285658440735,stitched_market_reference
1759467371,23495003,0x7140b00f7e92a66995adb0c3c1228bbc2e82e512a3509c09c62ee2af71c1a65c,256,0.005017741089198761,stitched_market_reference
1759467395,23495004,0xc5a4029216e9bf5b2a4e77f30a8ac9de4a9392d273554625786c73e456c08fdb,253,0.005027053211350684,stitched_market_reference
1759470179,23495236,0xa1416c688e3db266d1ee9729e7bd1ee44afa6190805017e7b4fdda708f50493d,96,0.00500038780152024,stitched_market_reference
1759470455,23495259,0x3d33c8613cb28d70801fddd14947ca2fe3c807307c6490faa4f05edb8c7e5ad8,27,0.005027297003972935,stitched_market_reference
1759473815,23495538,0x5bd5aa319ff6e94fa7ae3b7d8396d25b645786fe4baffffa9360f0c40dac3438,294,0.00502957400873097,stitched_market_reference
1759474067,23495559,0x87b1cb45cad735fa1b80336b6b149b7ee641dce4d0b2164ede735a636299bc0c,151,0.00502830452224246,stitched_market_reference
1759474355,23495583,0x275e694b17fb2b08df3a82231936e3f68f467a5897f74dbabd05fcbc73786f60,203,0.005002056072677699,stitched_market_reference
1759477703,23495861,0xdbc2acdfdf25aef12a1acfb5b12059c37eb7ebe233dd99e295be82be63a131c7,238,0.005014511430787482,stitched_market_reference
1759477967,23495883,0x1b6846e2e3ecd800e13483c693aea33e599b5d78037eeca3aec6d454d303d82a,134,0.005015529583656948,stitched_market_reference
1759478447,23495923,0x4fd9f58fef9e44538b104bfd94df3c2244cf2453e29895bf6cb2ad2a87f17718,84,0.005014773717075658,stitched_market_reference
1759478447,23495923,0x0c0d947827d03d18ab755512c3a8e34da5549aed56da8ec561774594b4c4eb9e,89,0.005015725293388857,stitched_market_reference
1759479383,23496001,0x06080a7c0fed84ddf66ed722b98a32f91ba9cc075b003ca1ac63d1b5682e7a1c,358,0.005041960852934627,stitched_market_reference
1759479431,23496005,0x475ebe1248017338749f64d7924f27d127c115675e74d836f7c45ff87522f44b,432,0.005015320996922978,stitched_market_reference
1759481843,23496204,0xc9d2b5fec47ef07e1926678d1b3503f3c3cce759faced2d7b6cf3faffc4bca74,6,0.004990171870312175,stitched_market_reference
1759482407,23496251,0x23a6f5055195bf279df5fd7f199fa8193dcdbaa5ad6e95a29b756aa514f501e0,115,0.005015514804005171,stitched_market_reference
1759485479,23496505,0x62e7e207bc3934412f9290a6370b5b82fd7b9c9fb72d1024b30d281feb82af58,113,0.004997990069921378,stitched_market_reference
1759486043,23496552,0x65b4b5f9674a62a26a8347766c61c21e45a5329b4c46dbd48b205e3f0f984559,226,0.004992504334028425,stitched_market_reference
1759489103,23496807,0xedea2803ae7ada4a82270169a15ac36036a24368045a7d2983ee4eb418192c2f,390,0.004976985552216904,stitched_market_reference
1759489667,23496854,0xf85f407769a29aec7726ed96499b6970cd98140d45a5e16e5aea0da69e8b270b,185,0.004970973403490918,stitched_market_reference
1759492739,23497107,0x6c2f3f71f9fb66f8367afb30743638bb0895533a3a43ccd532d696d409a8e601,106,0.004983578149404002,stitched_market_reference
1759493303,23497154,0x4c3360157826e0b747f8144ece02221453f0899258d76fc4b8976b9834293976,577,0.004976112263853608,stitched_market_reference
1759496375,23497408,0x153b23ec79e05fe4acdd4650d8ab5df214c7f8bf5ee5c9f711bc71521195cbcf,229,0.004971102460166596,stitched_market_reference
1759496939,23497455,0x678021e0bb9d7774bb8c87f5440eb3ec4ec58540d3820768d077a6bb50bc55af,224,0.004997125082957663,stitched_market_reference
1759496939,23497455,0xc9eaa719125b728254a52638b6f1075a858fa4d390873f8e076694819eb2cb8f,335,0.004981127992965822,stitched_market_reference
1759497719,23497518,0xfd043cfe03ea36f63d75ec2665ebc0ce5a105f359587466d7ea76ec303868daa,160,0.004953884485014073,stitched_market_reference
1759498103,23497550,0xc8f8d3b013c09f02aaa6b69d6fd109887b21eedd7de17ed49b91f49e82548d8f,69,0.004980825501815159,stitched_market_reference
1759500059,23497712,0x689e6efd50d0c861bcb21b6073cb3c94908bc52b0362d38bd8320d44239be84d,1012,0.005005947984212821,stitched_market_reference
1759500059,23497712,0xbe3aa969f42fdbcf19b812dabfe0c1565f7a70fefd0cfee2cc3f836d3a88b67a,1015,0.004977882840374051,stitched_market_reference
1759501319,23497816,0x75117e378752e32b89306544c4e84c7d0fe6455ab3a3361db9c36adb56be09a5,381,0.005005091367483256,stitched_market_reference
1759501439,23497826,0x07f889c60271a85699677cd824f40b340ccb2857f068882d30bc94cd38208aad,432,0.004979545574923821,stitched_market_reference
1759502879,23497946,0x18424bd343da572fad5117c8298b19f090b16edea80096bb523bc6a19d315e16,606,0.00495227212786723,stitched_market_reference
1759503119,23497966,0x6cac8e1c54e84b689d5c8b058138c708d4f3d40e9872bcc2fba9ce599f591f71,70,0.004978557326785181,stitched_market_reference
1759504259,23498061,0x1c3d86edbcb50fda28fe66949dabafd9b1ea13953ce61ed67b724b8bf7e6420a,206,0.005006739994421939,stitched_market_reference
1759504727,23498100,0xfba49848c16d0b40a4c7377e9bb933138b6435c9768cffaec984600f0b4b8eb4,408,0.004980850206213543,stitched_market_reference
1759504799,23498106,0x56c5331a8e9acbc99e32f3d54380bc8e58bfda0d85af67979585121787af8c67,290,0.005005771544824936,stitched_market_reference
1759505675,23498178,0x113ed40ba9951e09f4d62ad9c806e135039e79e3884f7c8f115faf5405b53c9f,179,0.00503193399240491,stitched_market_reference
1759506419,23498240,0xb9d22cfc842609ce44f71a832e090460e8b575eded84f9e60e7e4a3dd8afb276,398,0.005001201426950922,stitched_market_reference
1759506875,23498278,0x9809ba5bb2da5170b8d2360297172edb3d32845a77a12da5b692bbac110c67c6,186,0.005027588614759809,stitched_market_reference
1759507175,23498303,0xf92de2d70ebb0b3843cb4da2f868c222b416519be2877a86aaa4330244832aea,136,0.005002537545084966,stitched_market_reference
1759507295,23498313,0x0a88541fb0cf8f4795c194fced8ee07195bf3f45a95fd1a952d874a6047e577b,233,0.005031173664206284,stitched_market_reference
1759509251,23498476,0x965f075beddbdd0a05c6be537324625c0012905f91dca7a6e2a149d07373570d,206,0.005058498020229812,stitched_market_reference
1759509275,23498478,0x78b927222d6aec54795e5549df0094e56e2f88d2035a63fab376bd007bd7f065,270,0.005031788054596027,stitched_market_reference
1759509431,23498491,0xb802599fa6550b2ecaf48ea61c30efd01da7f7301242a8d1ad8606d48f7b50eb,204,0.005001959822547769,stitched_market_reference
1759509923,23498532,0xce4d32e3992cb348d261631700344b23d1884d2a323a3781c823ec64b3e20d64,85,0.005033842363995073,stitched_market_reference
1759510043,23498542,0xde5b55c8ef7044f16256fcddf0a697ac379f57cf4694af259ab24d13404f3bb1,453,0.00500832543082306,stitched_market_reference
1759510115,23498548,0x7ef3dc5d57c5943830541867c5f6f749881872b5acecab37b9254cd854f2aec6,352,0.005033927718446389,stitched_market_reference
1759510259,23498560,0x57ebbdbf50061c7fa2e09f2804b0dd4e4c2d30429ae0d7beb94d11a342165ea4,360,0.005006052068223549,stitched_market_reference
1759510691,23498595,0x02f4960ab4a7daab835cdac22b2cabb9e5b6493b783379015168b0268ad9b605,163,0.005033030199449151,stitched_market_reference
1759510763,23498601,0x50ca88aec76c51139fba844e884e5cc4f07edd5462cd148f29818a2465d5ed74,237,0.005005312495874346,stitched_market_reference
1759510859,23498609,0x8693ae1eca46767a89154d7d8f81ffcc073c186f3c19951c0577326800556282,547,0.004964826585083322,stitched_market_reference
1759510895,23498612,0x5f7a06b6171f6fde66ab7cfbd59113926f3785fdb4a0a6ff382ceab732f1be60,558,0.005009616712899511,stitched_market_reference
1759510895,23498612,0x099be00b5a8bd6b242b650b57c79eb9673fde4e808b17977397d2d369075fe0d,564,0.004952585807867639,stitched_market_reference
1759510919,23498614,0x44f624bdbaef4927c3265a3e9f02be8f67f9f556ed91653c7c2280c1360143b0,1002,0.004986495955571501,stitched_market_reference
1759511039,23498624,0x52986876ca076370748a4bd1cec44a5ea58d3a7dd459212247a67e025388aa5a,521,0.004949449173664346,stitched_market_reference
1759511099,23498629,0x03e93fdf1248fbf0744036aebe6bc095195b7f4e8e89b15aa64ee4641b3c0c31,334,0.004977067825762651,stitched_market_reference
1759511399,23498654,0xbeacf9764b45f114cae43e102d28c655bcd5c0cef87ea6153840320d90a6216f,411,0.005005557960254652,stitched_market_reference
1759511471,23498660,0x03f1afa9e7ef1306a3f7ec1b2bed6845c2b7d8848e381ca5cd9545b5ed4c8bec,624,0.004977599413988958,stitched_market_reference
1759511699,23498679,0x83910be139eecb5a7c7c8ea9d00b01d018938286dd5f96b89815415d664bad3d,180,0.005008503072920535,stitched_market_reference
1759511879,23498694,0x3c5df60adb0fb1ca18f23e3f86b6092d0b50b4bd0915c54092e81a9a08824458,113,0.004981071014324381,stitched_market_reference
1759511975,23498702,0xc4dea11f58a312154b2b85f3d325a7a001a478a5ce197e332184bd345abc529a,649,0.00500801525879503,stitched_market_reference
1759513799,23498853,0xddcf09e77d2f396d2e8d5e584b73d6085f4ad9be17461dcfa91edcb30fb7366f,42,0.004978465231015401,stitched_market_reference
1759513931,23498864,0xe325556d96d91b4d6976c51fd90486c5f1aca3234321d3ff9c49991aabfa8cd5,299,0.005006279544739214,stitched_market_reference
1759514051,23498874,0x92f1a6d0148b27d4912fcf32e82687a0505578cabebea0e6d092df4f97032d32,507,0.004978403585485896,stitched_market_reference
1759515047,23498956,0x1c7990a73951c45e13e24311344800978527e60ceb78806289754fe261d4bdd6,145,0.00500505041211047,stitched_market_reference
1759515767,23499016,0xe1583cb7111c25f8463b780222b79f3e7942cee86ba325ad2ee40469ad2161e4,2,0.004978235985648091,stitched_market_reference
1759515767,23499016,0x65e36b1e6e04653632bdeba93a68c70c225c5b1adcac64e1c4ccfb194a2b5c7e,167,0.005005063883223677,stitched_market_reference
1759518743,23499263,0x9f81b98c787da8f180bdafa2793e1714fc64cfb195e1aed6556d8bce5bbaaaf8,492,0.004979767933409938,stitched_market_reference
1759519007,23499285,0xe850cc5b78e0e661eab9236ddb88077557e652d5dd8d618e8cd0a14a4f9154f2,386,0.005015457649678692,stitched_market_reference
1759521959,23499531,0x03fcef2c55b924ea39a005fcd1ac40b82408aa4bbc53e0d66377564b216d0bed,184,0.00498899639477032,stitched_market_reference
1759522283,23499557,0xaa57d65e093c0e9a44f94d07b6b9fc63f7aa20b9faefb258bc9f19925553975d,190,0.005016136927367157,stitched_market_reference
1759522847,23499604,0x5d5b56ee09006ff49563c3be4a2a39a76faa8fd11bfe72aab5315ee73c39caa6,67,0.00498925547040702,stitched_market_reference
1759524323,23499726,0xa3f749a227cc56cae6d31f699b29c478fc6692f6de0246d651ebc2f7c080943e,287,0.004962671201824611,stitched_market_reference
1759525571,23499830,0xd64fa3323f9f72f2568827132c9172f5a9a39232a8c4d2ba00344558a05c8844,161,0.004980655171804813,stitched_market_reference
1759527719,23500007,0xe64571a5bd73f5c6b086cbe9cd4f5857ec1d52d835312d0523947de54996bc4f,148,0.005006757867133784,stitched_market_reference
1759529183,23500129,0xe56dd41f2fa47787ffdac53fea8c031e1d6ad9448a29f257fb5e6c187b1d24d3,62,0.00500568954301131,stitched_market_reference
1759531343,23500308,0x4bc357b82f5c2c09125a0c640dab755eda9e0dc3ccdab7d93b9e6baa311b995c,242,0.004993368841061338,stitched_market_reference
1759532819,23500430,0x311fe37a5dc0b74d1926a587cf229e64b1e7511d9686eadd56e2741ea20f3f2d,644,0.0049917754148451,stitched_market_reference
1759534979,23500610,0xf773dc038fe242db2d6e62d78a408ef86151a286370874ba52c66024fdc1c121,209,0.005000712141641057,stitched_market_reference
1759535819,23500680,0x039a835bf0e13a72c7477fc67695362edae06ffeb6ee9158382cce9ce13066af,690,0.004975143970759593,stitched_market_reference
1759536731,23500756,0xbafdad7a271d13ffc4cb91ee58f8a39a2905d55a5d99d365f1bd2be3421fbece,163,0.005000272481846237,stitched_market_reference
1759537691,23500836,0x601f922058b5dc416f8e1b84d5540a14094d097586113b6485ecf6c5126d97ae,93,0.004974614688839579,stitched_market_reference
1759537943,23500857,0x1638a0ec7fb0561c485290c9a3804c28adc4e60337024d673a11c00636f19175,952,0.005000805322906715,stitched_market_reference
1759540067,23501033,0x26188c69cc0411ba0096acfa895a921647cc6d7fd3d1d4bc7488035b73184f56,99,0.004974594674871703,stitched_market_reference
1759541567,23501156,0x1b979ed2321c894a8cdb7de337243281ec2e5ec96c1ee2c8aa433a8c720aae6f,230,0.004981068193395544,stitched_market_reference
1759542503,23501234,0xa5a174a8052fbb62f12aae8366d6f6e5f8dadf0db2bcec306c18af531a399fe6,148,0.004955976376113625,stitched_market_reference
1759544219,23501374,0xb16f7cf7b3185070ab2506c78036cb57fda4fb3d0ba7d806a097420a2bd5fdb5,140,0.004981639632133065,stitched_market_reference
1759546115,23501530,0xb502721a2cc6321291faf7bb940027320b6740328923a0077bfe308d642c9fc2,112,0.004978879961766569,stitched_market_reference
1759547843,23501674,0xa4fa19981f35ec429606dd536084f4305de989767b0b36914b92753be211361c,251,0.004972647677498965,stitched_market_reference
1759549751,23501832,0x8b09afd10f039eb5d439f61bcb4767356243715b459e042a7ae2f642816df123,65,0.004962151242548708,stitched_market_reference
1759551455,23501974,0x1d4018f9dbe892b7bb17534e3f356862edfe966d64a8f84f129c3ada26245e5b,284,0.004951613531191933,stitched_market_reference
1759553387,23502134,0xed1a861d6540b71db62fb036f0e8b0fbd7129eca541601913ade54e7c5439f97,106,0.004958426470065883,stitched_market_reference
1759555091,23502274,0xd4f84ea7d3535a0adac37dfd3269abb607b495e62b9ee43ee70a9847015d4ef1,135,0.004939127663730643,stitched_market_reference
1759557011,23502433,0xe3af0ecc81bf1482cb513cda7e9817c321fdac0bc9fd897319df64e6573a1007,252,0.004929437109319505,stitched_market_reference
1759558703,23502573,0xafbec76fa291b14586af0c925a4e3bb54033c236f228041a8f695b98705846da,288,0.004917811104147612,stitched_market_reference
1759560623,23502731,0x2180c6177b11f3fe4c17f5f5ff1cae0973dbcc69b74ecb45da9a9d148a1d8f32,690,0.004923042512528761,stitched_market_reference
1759562327,23502873,0x83467d52121de552703ae0e1f2a9c50eb0790e9043ffa78d2e943735adfe0add,209,0.004934709976258575,stitched_market_reference
1759563479,23502968,0xfd36c622a7f63ea658b3730ffc41168a93e761afd9afff14216a61c077538244,46,0.004909682707499874,stitched_market_reference
1759564835,23503081,0x361951f0832fcaa0e14016c31e1de739ea8c12ede81960c00c24216fe8638684,54,0.004901826027605823,stitched_market_reference
1759564835,23503081,0x41467a51b17a8d4e2fce9a8677c2d7330166c6a4327770ed6e042e048d3df1c9,152,0.004906186054881991,stitched_market_reference
1759566635,23503230,0x7a147b667842d256bb1ef6e566aeb6b2a650ecb34bcbad0bf81dce8dead56d26,285,0.004880902391283579,stitched_market_reference
1759568447,23503381,0x9fb4a05bc296b98b2ca2ce99017351114bb69dec0e3ef59d7fa086b11b08fa24,382,0.004891629147684511,stitched_market_reference
1759570247,23503530,0x707c60de30a2876b83262f5dfbd1e1362b65262227baf0f5223fad331445c660,15,0.004889198207104781,stitched_market_reference
1759572047,23503680,0x1fb24208d00af52908b89c3c991b60c2ba630b8674345199e35b90084fb1f7a7,254,0.004862604632313974,stitched_market_reference
1759572083,23503683,0xf4d2cf256a8618f8124b739026d5a97a7b774ab3fd02af5c2807cffa280b09b5,167,0.004862385088642847,stitched_market_reference
1759575659,23503981,0xaaf7e4a812a85ed65a49c90a148bcd1b1a9fa803673945a27a3c36e2afdc20b1,251,0.004856481194501759,stitched_market_reference
1759575695,23503984,0xce997b4eef15b5c947a4b994d660b5f93cb9186977995b8e43a02b3d3112f51e,274,0.004858454715974496,stitched_market_reference
1759579271,23504280,0xa9446779ba60eaf26fedb65b2f9d5dd72e94e64e41cac2441510906c75c1ecbf,397,0.00486849229214206,stitched_market_reference
1759579319,23504284,0xf6cbad4c76bfc6cae7a7a4b16ce824387d801e38b3337a9afd9f61f02c940a87,276,0.004873034152378916,stitched_market_reference
1759582895,23504582,0x655b6a130dd28daa892deaa80cfbc3371e0e50ccbbbfa0528ce160b6a850dac6,129,0.004887232572112723,stitched_market_reference
1759582931,23504585,0x84cc68854612f4fe83d44859bc3b3b59be91aa1a6ab0987982e1b4b490460976,125,0.004887325831030922,stitched_market_reference
1759583111,23504599,0x3faf8b94710cacde5a98f6e8c3f1a8ae37e75639dd4738633e1a8a89d4825986,525,0.004918109553045684,stitched_market_reference
1759583351,23504619,0x8e567d4b3c5113d34c615bbf0bf88b92d83621761153f65282abb6d5f426e6f9,261,0.004890302320147565,stitched_market_reference
1759586783,23504900,0x6376d17b805729198ca86d4d8dfb8e8bd877c4743471050c2362f08a3bd807ff,195,0.004896304463440075,stitched_market_reference
1759586975,23504916,0x2a5f387196b8c708c7b3b023e3725fb1555cdd83640b5e4795bca61c40aab744,267,0.004907199535149267,stitched_market_reference
1759589483,23505122,0xbcb1b4a028a64b6fec54e8f38d57163f91aea9e2fc5214304524485259d21171,428,0.004879303343552131,stitched_market_reference
1759589807,23505149,0x7ce92b64e811cd80daa9ecfa6f6f76bfffff0199ae28545c06c0ca32e11e5f26,389,0.004903940803645161,stitched_market_reference
1759591751,23505308,0x0dabfdd0f6de2a38e8a8444f060ca56cec2cd23a2446bf719e672a5b1c0f4711,232,0.004928601118918818,stitched_market_reference
1759591811,23505313,0xca0cb27a469a3591b6ab53af76d8b82634795d3a97552f58d2f79e390e08ff3d,367,0.004903477540953145,stitched_market_reference
1759595363,23505608,0xcb8d488ee6f4280c4388d0bfdeb052264245d116523da45aab8944d7cb59b4d2,280,0.004907900484763322,stitched_market_reference
1759595423,23505613,0xb961e80141f981ff9465d62c9107572851cd36ea37c8401227b18e1cbcbdfa57,539,0.004916235509106917,stitched_market_reference
1759597343,23505773,0xbb6b7557fb30ad4e266998ac77b2f365a36875c73731f0b6be015fb5c8421bde,279,0.004940860738793973,stitched_market_reference
1759597463,23505783,0x5cd05627b74429242f36c24aa0ddafe19fb4f1a3b13ad3dafe7f04ca6517fc53,64,0.004915030873765022,stitched_market_reference
1759599803,23505977,0x1a776f6f3bb92dc637175457182bba78e90e3047aaa5ff9b5abe72d15d315b85,181,0.00488754997271661,stitched_market_reference
1759601147,23506089,0x29881fba803dc56bb27f751f95b5f12945686ba51001520cc7334951a610a5af,70,0.004894658634178654,stitched_market_reference
1759603427,23506279,0x848022ec09919d9213ec1a955bf51a0b6f8e05652cdc8e11bac849f1232e59d9,236,0.004901683331393839,stitched_market_reference
1759604759,23506387,0x16f91f6c04d7dfad3aca303aa3daa9032b4b881c7aa06de464210c53a3702631,56,0.004911498590677618,stitched_market_reference
1759607051,23506577,0x2076fb9610ff8e4d4a5907bba64d449a83861224ba18e32d725fb2bc21928af0,294,0.004927449599626871,stitched_market_reference
1759608383,23506688,0x5ef5479006398ce715fbf3859857de183f91df6eef463e3dbdc154a7129013e9,169,0.004910290913816655,stitched_market_reference
1759609151,23506752,0xd20b49ddb83b356581bf9d7531251f037422279c6db7530436e3067bd75905ce,474,0.004936829380670379,stitched_market_reference
1759611995,23506987,0xc88f03683b2fa17d9f865d7589b7f5a59f24389fdb8d674161227f4e620fc85d,242,0.00492867657068856,stitched_market_reference
1759612823,23507056,0x9828db223b2051658540c3ebfae7cfd3858158e3f3e0059b8b928ae47cce8a21,177,0.004928679232104445,stitched_market_reference
1759615595,23507287,0x1397762e757b9f03a123e6a71056cd4f92d542300443860b38617310e7c5a69d,408,0.004921637415097828,stitched_market_reference
1759616435,23507357,0xb4627e5ef3d72e06efc56546657b026eb5d670fdc9de3df231192e9565b982b7,164,0.004909692603458684,stitched_market_reference
1759619207,23507587,0xd7444069f5c75242bc62e771eae891fc2459436f4de6744fc0cc68b8ae20c5b7,151,0.004909233284551867,stitched_market_reference
1759620047,23507657,0x626492919860be3e3cadf0b6822c17b8b2ca4121ba5285253db7a09291db7891,79,0.004910377978398052,stitched_market_reference
1759622843,23507885,0xeb3d2be27bca145e2d9cc7b09cafbefa61aecc58f246b7ca6dcf19bf277dc28a,176,0.004912071417100711,stitched_market_reference
1759623659,23507953,0xc7aa33e942456e33123393b22692d75d012c3cd79e774694e23dc6428395e47e,380,0.004914012022553435,stitched_market_reference
1759626479,23508186,0x0fb6fb1372b6bea7976a4b5602e63fa4e5f7f5dbd12b6eb38d2814dc76e61cc7,200,0.004922484635414342,stitched_market_reference
1759627295,23508254,0x0795ce43d922a06ad1709530dacde749012732ff83fa601920d62c19c8797e90,18,0.004914246848503588,stitched_market_reference
1759628675,23508369,0xef0b5791ea52c2042f9d6cb227a40673acaa2b38a3c4253a2e365c5ac539d4cb,24,0.004939738212102146,stitched_market_reference
1759630103,23508487,0x8a63c10f590f25d7b85cf5b444f1254bc96e12aee96f98ad249a09369190f9b9,175,0.004934417785729098,stitched_market_reference
1759631495,23508602,0x980f3f51a9d0e6359c2d5eeb428bf7e08c62e3325bc16aa590dc27e90533c7d8,647,0.004904070516459134,stitched_market_reference
1759631519,23508604,0x05ac5752790d7d1e77635a71a1b4ee8566abe24970da4c6c746b94312c83b1cf,373,0.004930912946899782,stitched_market_reference
1759631675,23508617,0x16b3575475a67bdc914f5392cba7f824406d276a069d00c79b4f51740069cae4,661,0.004957934331412027,stitched_market_reference
1759631675,23508617,0x6f6bfa63ad7ff4bf6d2155c811f424426c35af91c80e7ab266ab5f1afd46a8f6,756,0.004924750117209941,stitched_market_reference
1759632131,23508655,0x313328c90cffa1e48c0bf7e8327099ce659d4dcb14f05be68731d09b92f65aec,244,0.004954238750989885,stitched_market_reference
1759632971,23508724,0x68019cf13c51df19ad8ca9bd6baabfed09477f4172d8d10c29a177f2b4c0f42c,122,0.004929551899453101,stitched_market_reference
1759633295,23508750,0xe28ea2cf8cfaedfc9fefcb97032fa966dd936abde37705544172a19e1e2dd7cf,80,0.00495786173907612,stitched_market_reference
1759633475,23508765,0xf64ea58484ab3057773d01136d32f621f4fc500f0d4458b5ca8b4c492c8ef141,229,0.00493089121798257,stitched_market_reference
1759634339,23508837,0x041e15f6eb914d9db78bfda7dd87153da96a2da2ebb99566135233f8289d13b3,617,0.004905141085957581,stitched_market_reference
1759634351,23508838,0xe005145be900997785d6f8966585fe7dfa75ceebe66b6ae4b3ff5fe3d0d31ecd,58,0.004933642070499399,stitched_market_reference
1759635191,23508907,0x588adf12ad0bd3db74a9cc343d8adecee4300b6d3e37084eed5076a8de2da972,203,0.004908977323216728,stitched_market_reference
1759636727,23509034,0x2d140627bb414a08eaac02f5e0356c7286ec48e2348927c7845d19c72a4aa60c,299,0.004940145483120051,stitched_market_reference
1759637951,23509135,0x3ffaacbf494d7a50b5f4c7c69cc4a6e32522c780e409095eb55e3f6d95522a18,153,0.004937607359719609,stitched_market_reference
1759639451,23509260,0xa8be391cff0747cce9cebc0f30e0d8e8df0f784aebdb8daa95cadd6cef84ae0e,82,0.004911522450736527,stitched_market_reference
1759639631,23509275,0x49527256c9722adcccbc9473a05174019434189627133623aae2b25f661ddad8,708,0.004940238320592887,stitched_market_reference
1759639763,23509285,0xa90a55a4b71e78d1690db4e4017426bab2762ded6305444ae804ff5d23cafd7b,161,0.004909393015239602,stitched_market_reference
1759639931,23509299,0x46a45ea0c7d8ae3ee3f91a1ca5e90c830acad1e004e3fecce26fd4901e696ccf,298,0.004934633443134794,stitched_market_reference
1759641107,23509397,0xa73e4f8f53feab8ddc32114c501102c80fcd505f653b6a93ad9a57ddebff8171,53,0.004907014713192177,stitched_market_reference
1759643183,23509568,0x037fe150b523ebeaf3bc68967313d2a7c73e21cbabc2d3bd8684663b57686e3b,260,0.004931985493218984,stitched_market_reference
1759644719,23509696,0x971ed2dcd406c648e3d5a725cae3ed099625b9e71649fe996537d2172bef0bdc,193,0.004939731250044203,stitched_market_reference
1759646735,23509863,0x08f87cc4568dd63335afcefb41a99ac752b862044c43866b60ae9c47e5f6fea2,637,0.004966183496866131,stitched_market_reference
1759646795,23509868,0x312ab6f5af942f696c629e302ef5664cf6eb5a6aa5449288bf26245234e459e9,238,0.004964940391956731,stitched_market_reference
1759648535,23510010,0xe6bde5d956191d78c0a262b803570235de7debae166e9340ae89a5c8e7c07533,246,0.004989890997803954,stitched_market_reference
1759650383,23510163,0xaf12a3eece8e11247ce87ec41bce392f034a596152a9ad2aa30a290c5c6eced9,458,0.004963032813692358,stitched_market_reference
1759650983,23510212,0xb31c3317d51ae971e67563d9e4c91a9716495afa8f7f2743171df8e5c852cac3,668,0.004937904569355986,stitched_market_reference
1759651223,23510232,0xf0bb1a9076fb42900c31022eb771a2b7cacfe56c8b0cfdc1a35693e40520c1c2,329,0.004940585451825261,stitched_market_reference
1759651235,23510233,0x0fd67fa639ec9b5065044cb7622f41d646de1f0778b8e1e1f1cad84921ba0203,370,0.004959407704269217,stitched_market_reference
1759654847,23510532,0x8be38d9a7c552bf8442dd0e5e9c7e44f603acd5639cfd80927d8610776951c00,167,0.004980209766922853,stitched_market_reference
1759654871,23510534,0x4da8c02260c31188359f099590029fba496da41f3f5256d0f81dbee3e58fe8c5,231,0.004974462175424148,stitched_market_reference
1759656671,23510683,0xff5959a438460b582168b60f6e9745c3137bfddf528f7821fb8558d8469546e5,914,0.005006800542288404,stitched_market_reference
1759657547,23510756,0xc0e4f2dacc844a8cfca1e8068d3458a5b15786a28f279b1ab38a812f5cfc543a,716,0.004977558210448265,stitched_market_reference
1759657907,23510786,0xa10f4897feb128f50ae72bcf58058992a93a4a577fdbf91b605234f4fa40873a,228,0.005002983463713622,stitched_market_reference
1759658363,23510824,0xd614320e460260ddea515a5257fd83fe625ba9b12c0b20ef4dfba0f1a39a0e50,82,0.004976894692505802,stitched_market_reference
1759658651,23510848,0xc1bd06da399bdc3541f7fbf7b1ede669208bf82fd97b5ca6b3d970fe1d0d136b,466,0.004950007239286952,stitched_market_reference
1759658699,23510852,0xc096dfbab26262c756d9bc3575d2564bdead56636af85e2754219893078084c6,403,0.004982365519866081,stitched_market_reference
1759659467,23510915,0xe527efde26688375ee110f04736165f209d18bbd0b78db4ae6dc990416c1d1a1,482,0.00501183632559825,stitched_market_reference
1759660427,23510995,0x31e5d2776493feaaa0e00917e7dca4e14e7f307412f29a367186f1f940c26bed,450,0.004985366278468455,stitched_market_reference
1759661363,23511073,0xa0cd6f84ce8e96f435b93f0d8835bfaa9d899956a83c229ab86a4e4967b4138f,85,0.005010419411105871,stitched_market_reference
1759662323,23511153,0xb1cfea8ff06491385d841d228eb75da7a2719bf8bdcfc1cb393b109425f8535e,296,0.004989195975479978,stitched_market_reference
1759662419,23511161,0x48e9600fa2e90163ae8fcb65a2ef307fd696180569580b6cd1377d0e8034f23a,977,0.004963119266861912,stitched_market_reference
1759664879,23511366,0x762b43b41d53463408fcbfc3ea439fdebd752b0778573bf6fc5fae4a2c57e5b8,309,0.004989271830998302,stitched_market_reference
1759665935,23511454,0x5cd011ee87921e0a0983b9fc33fec8b3b9ebd5bae2dd32c21d122c7b7bf18512,409,0.004997087826881701,stitched_market_reference
1759668155,23511639,0x00d448953ce27b823bc225a8e0bbe65051a3f2b1122a08f6574dcedb1839cd19,332,0.004971130584413959,stitched_market_reference
1759669619,23511761,0xc644a988295ef0a752d5ec2023aaa6c6c8f547057adfd269a5a7d5c76b90b999,505,0.004975532689974357,stitched_market_reference
1759671779,23511941,0x701c2a5aa967b7db397d5bcb68bb2929ce21ca5e925a6cacc173908638bde47d,856,0.004973971165215557,stitched_market_reference
1759673231,23512062,0x0968d338b5cacfda34f1f4654d53f2cc5e04162ccaf1f3c796f55aefa358bc89,278,0.004963021080387935,stitched_market_reference
1759675403,23512241,0x999693046952fa86aa1588bfc381d8d65ebaab07040b9b45f8434a848eeae9a0,306,0.004939999217616006,stitched_market_reference
1759676843,23512361,0x4db939a660ee74df583a5141df6a7005c4dc3ce1b9df9f8841a87e40c0836f06,226,0.004954489710391071,stitched_market_reference
1759679027,23512541,0xf40a1bd0639bc5972128edbb5d00c1d57a193c0a7078a4ce045825de0869e688,257,0.004945477204049672,stitched_market_reference
1759680455,23512658,0xfec66ceb25bff95608b50fdea56c7cee8e1a3d9f73d119496a1429351e87932c,346,0.00494443328593835,stitched_market_reference
1759680971,23512701,0x5f061810d0dfe1d2d327c2a6b9356c6d0f267534e5671ac4527842cb160b39d9,343,0.004969573267853631,stitched_market_reference
1759682963,23512867,0x88748729cd3845f00cea951b08a69d92756cc12f6536a5784f0f718ca9dcdf95,1225,0.004944133152997761,stitched_market_reference
1759682975,23512868,0x00f41b48c0ed7739c6a5c88e2cf5286f0f1cb1d5870e7a0a89777501f317bae0,238,0.004971093764568807,stitched_market_reference
1759683431,23512906,0xb810dc4b550b332e3d43ba638af2741df5b9769055838ccbcaee4f44ca3cbd39,184,0.004996719103911029,stitched_market_reference
1759683659,23512925,0xc6aa5d6b9c9ec9e08da6397dafad67a68f84f214803d240e707d0e6dc6c7fc24,668,0.004969057151634258,stitched_market_reference
1759685675,23513092,0x797053f70e3dbb7d5a401a8c90df011d725809f2e098926a29988365ae24a7b7,115,0.004996257806264521,stitched_market_reference
1759685891,23513110,0x2c638df4c6c85674412079961d092e80242f276bb2fea5456f41907481cf5613,1085,0.004970344619641368,stitched_market_reference
1759686479,23513159,0xb8fba34a29260da80334aad89effcc5e424972be1c1d89dc49782e9b7ec45d63,193,0.004945041991096291,stitched_market_reference
1759687895,23513275,0x2d70b67ef4eabd4d06e3ffc1aef6af8dfeb6177381149b61b78ecc157592af20,179,0.004919886575264716,stitched_market_reference
1759689311,23513392,0x973fcff9d3b1c3e16e1ef5f61655333bd6d70a72dc22b909039235a4962d0ac0,386,0.004909174290379966,stitched_market_reference
1759689335,23513394,0x2299b64178f39841b485615a7292f84b2abe6952c9881dc29badf7d6c19ba868,436,0.004937616952557472,stitched_market_reference
1759691327,23513560,0xc7928807b3164890a338a4db6afe7af82666bf4756fa3c955ea939abd819e1b9,255,0.004911913033148555,stitched_market_reference
1759691495,23513574,0xd70a4acfd5df45f2b756c1ae66915310a8d5bbce926afbf1d0fbbb375dba8fb5,370,0.004937434229907345,stitched_market_reference
1759693787,23513765,0xf1044b48c12c79067778f79f88371b38f44216c3fde8637c399fd5f5abca15bd,294,0.004901170301709589,stitched_market_reference
1759694507,23513825,0xa381fdac727c0ad9ec7eb318184134ee74fda1976c67ffc8ffe746525a2c7af2,275,0.00487440716680121,stitched_market_reference
1759695107,23513875,0x0d6a69ba7336e5450cf3e65a9ffbc54f8b3f17672bfa87358edf2dd0f9ff2ff0,271,0.004870764745618089,stitched_market_reference
1759696619,23514001,0xff6a545f2bcee703ff7abaf30dec7a24a3e294f8af93991e9b1ae9bbc1f3cdc9,34,0.004896090937977743,stitched_market_reference
1759698719,23514175,0xe73bc6d9c2dbfbb147e6d6bfbf754f31795624ff75080f2f389cf9b587b8e07f,266,0.004899569518521543,stitched_market_reference
1759700255,23514303,0x5bf1a3bcd0417a3a263b5db1ac731b38f39575d1a3520b7518f2b8cf527660ce,83,0.004904003624877023,stitched_market_reference
1759701779,23514429,0x867b612da2fc1bb5f98cccc5b8b0000021228528b1727b3a3b8ebe3f66bce181,93,0.004879450173795867,stitched_market_reference
1759703891,23514603,0x41853c5bdc576de2f59dfb4f34d575c2bdaef0682b5ec3f0723ef8f3a5d55aab,72,0.004867209088477424,stitched_market_reference
1759705391,23514728,0x8c76988a9f5f6d63bf8ce64c08b4f804cd8e4cf3143b97e2f1f5831d8b19acc0,206,0.004869703183192532,stitched_market_reference
1759707527,23514905,0xb345ade6d7a7bf69f0cd83aa389a5adcbc18eb87233654a59596896d135ff013,223,0.004889525577718847,stitched_market_reference
1759709027,23515029,0x20b9eada42981ed49ac17ab86f211c5c1e23c2d37ec38af0e6ce7a3470b026aa,297,0.004864712694775155,stitched_market_reference
1759709027,23515029,0x8229cc204ae2e01df27a511585414a94fc4e78153a5507fffc82a82b63345cbd,303,0.004870020396952966,stitched_market_reference
1759709819,23515095,0x332342eec061b405d1b936394840ea17819ff448e7f1286bc7784cf602c33fda,423,0.004899353085220614,stitched_market_reference
1759709819,23515095,0xd7dc7f03db31056688f31864ed0507c7c138c1331d24cca3172af77f3104e6f8,469,0.004869301607137063,stitched_market_reference
1759710407,23515144,0x32a1dd64d38dd7e086d15aa32c111d37f1870f30e68fc0f93d9c1c28cf5c894f,216,0.004896515733522224,stitched_market_reference
1759710407,23515144,0xe72da85b6b8af1b8cddbc3df9a3dc3435ec9fe22e7222d3d9512d1f8f5718e90,219,0.004868873124727612,stitched_market_reference
1759711595,23515243,0x71a12797e4be29eba247d289c74d3ae11a8b956db932abbb96b7558a409b5386,28,0.00484108763635776,stitched_market_reference
1759711859,23515265,0xa3ab6a3904705845030273c790328181cc4794a71e83b529cda0cae82077e0c0,283,0.004806637063414871,stitched_market_reference
1759712099,23515285,0xc9f2d73a730e7719ce0a0780ba710b10c9d734ab8d86bf956154279874f74af2,674,0.004777212614847974,stitched_market_reference
1759712603,23515327,0xad064d5e453615448286e7079a4d6b46ba2ac9051ab9341f4dc7b64b8960bd82,442,0.004801826028574063,stitched_market_reference
1759712795,23515343,0xd042109ec7a17cf8a3461c8d46be0f88ab41f60ec2d437937fbd1a17eadfb566,59,0.004826039949162771,stitched_market_reference
1759713659,23515415,0xafaccf9619d5dc6ddcfd18a6548a9df9243a1adf66882a7f189a514bd46a931e,80,0.004851173723229945,stitched_market_reference
1759713659,23515415,0xe724120d96e23fb6db55c18fb04d25436ac49630b81b68dc0c376a9c5824d774,369,0.004825596231731629,stitched_market_reference
1759714295,23515468,0xbd0e39553cb073e8cf549fe566b5fc58423c6a88b4e7be7806b310867f1fee11,467,0.004800366341219542,stitched_market_reference
1759714295,23515468,0x17be4a5bfa4393c486b46a1763e0e5c609243770858040492a732f2b2b8598f5,470,0.004826402072632458,stitched_market_reference
1759717235,23515709,0xac8c13ef7e2135b3d0ec789c1c1e188c481f6bbb1894ee2916359f1cf7a0bc53,148,0.004801687786210285,stitched_market_reference
1759717907,23515765,0x487281b2f52ac84cacf8abeefdb852e593abb72edc70ea819572eca3704a4195,19,0.004821302494133176,stitched_market_reference
1759718831,23515841,0xfee4181e638f1c306f1f9e117a7fceb0d88089c20d1d2bb1813ba46d5fa1c06c,97,0.004848017733409023,stitched_market_reference
1759718951,23515851,0xc2c0b78e32869ad2d52e9d60634f1fa89526c315a6a56403e0c7322e73bd109c,184,0.0048182436424744,stitched_market_reference
1759722443,23516139,0x3b5401d692f14a6f7c0b3b2b92f9b0d022cc46208d049917788d16a9171c8920,55,0.004814596234197961,stitched_market_reference
1759722587,23516151,0xa0d4cfcf34a9c003e8cfa7fb01f88f11d1b84444331ef5bd232f439bd14300b0,34,0.004831219150740869,stitched_market_reference
1759726079,23516442,0x55b65da1e4f683bb1b0468b8f9f384686ea1c6181934d9e6918a9d394810267f,177,0.004820203243867012,stitched_market_reference
1759726223,23516454,0x3493f9c2a1dcc1a50f5214c2c3a0ecc7a9382a58f4b506de7f0171eac30713a4,85,0.004818711855909716,stitched_market_reference
1759727987,23516600,0xdb7a1b508fc0cc3a31f640de8cd832674a0eea07d6010b00e1b3d68baa1c3ec8,96,0.004843459736809228,stitched_market_reference
1759729691,23516742,0xe286c6abcf64fdc23c702afdda54ea7afcea546ba3f6e9587427fbad2aa67c84,231,0.00483919094462868,stitched_market_reference
1759730567,23516814,0xc01dcd04b4b7e3c322f16d542a3963e1b39ce25420606f2759652210d279a9ad,518,0.004814798977798421,stitched_market_reference
1759730927,23516843,0x6313cbbc817e51db4e54867d84e775b11d26eaa306652134e3c5afff1ad5e4fd,777,0.00484216070207864,stitched_market_reference
1759732163,23516946,0x6706b1a4d53b561c5cfee8b9ccd90e8afc3eb457ec0420ff7741be99604ad164,886,0.004810633706012144,stitched_market_reference
1759732403,23516966,0xf6bc6a233cb8b34643f6235d2f40e5979327a20bac47eba99f52afffb92d1228,481,0.00483519028663598,stitched_market_reference
1759735775,23517246,0x15c2e1ccd980a1425c9e2359a7f989bac27f50cc96a1c713dc10424d822543ae,119,0.004831783811899028,stitched_market_reference
1759736063,23517270,0x955c871e3d8a681b4f088a46c5710b348249a4770c370cef4672edbebf7c5813,429,0.004829509367880355,stitched_market_reference
1759736459,23517302,0xc334e53ea22da0c3ed37a50a1d94eafe63cf7a5d2d9e53d545aecf9b1c1673f4,156,0.004804334761712324,stitched_market_reference
1759736519,23517307,0xf0d3acafdf121980af48bd8acecfee34099eeb55c5cdc71bfcf4b9a8208e0425,1080,0.004831612800841389,stitched_market_reference
1759737623,23517398,0xaa482484175d92f0e3dba07be0f3b0caee7ee75ac73c37fb80a2dfadaa1e7426,259,0.004830824529778261,stitched_market_reference
1759737635,23517399,0x7bbfcb3164d1c7bd1f4a6d5d1dbfd23666c1787927e8285654f282a8d87d0ae7,594,0.004837075230097661,stitched_market_reference
1759739495,23517554,0x75b1d3831601add7050450c8f07ec9810e87de5416db9cc416650f4bdf67bd39,313,0.004863773902880405,stitched_market_reference
1759739519,23517556,0x4eff859667537b985f4819af27fc9d10490cb4c5964dd72078445c8813f3577f,117,0.004833680749775508,stitched_market_reference
1759741559,23517726,0xa7b39761ccf0f1dc86c0eba9fd3c87c471b2061dad36132343f0195900a32366,298,0.004867601423150159,stitched_market_reference
1759743155,23517858,0x89eef98eae9966a94d82b7c31a751da11f12c7f39c3b420b3e359cc5af0ed730,454,0.004863572981501114,stitched_market_reference
1759745171,23518023,0x3e5fa0d89bb16703faddc4f9d0a9c16a663fc015d246b2ca6ba26606de090708,525,0.004844153805451641,stitched_market_reference
1759746767,23518155,0x454d0daa897428b05a360aba187b2ed958bb3aa7f683c37b4f97ef49a8c5d0f9,199,0.004847239083447225,stitched_market_reference
1759748795,23518324,0x6bc0b4c2e6d7c17c12b20beacd4261faa0f371813ef85cee82e232d4aac7a664,638,0.004841362514768081,stitched_market_reference
1759750187,23518439,0x7158c4ff665bf470bd994d8147d9f49a745004caaa4e184de89dfaaaef946b52,770,0.004816287645114701,stitched_market_reference
1759750223,23518442,0x8f0eb9b5c9041b1641baa82abf4cd930c79b139be9fc5e6a87e0aa05528e6589,419,0.004841516983365989,stitched_market_reference
1759753787,23518736,0xa756a89c56b8d3369b1cd65c630ba38fbb73a3d484f26711eb5e4d897b37869f,564,0.004842392244223711,stitched_market_reference
1759753847,23518741,0xd11546b992a86ff882ad617760910a7608029528137d868ebd7b85b9634e9fde,395,0.004854080817739576,stitched_market_reference
1759755827,23518905,0x35b9a9ebf02e548bb1dc6850ffd72745f2462676073c9d806faa27c945b342cb,250,0.004880809656782118,stitched_market_reference
1759757399,23519035,0x20f9e8055bd13551e14959f8c995675216f961755ccf1291ecfc5901b3f3a456,268,0.004875177284117192,stitched_market_reference
1759757939,23519080,0x53ee9f848bf4834afffd963b2e6fddec229e012f40134a6cd6b76f88d9998e1a,978,0.004835919530920988,stitched_market_reference
1759757939,23519080,0x1f6c7bd23c5e3e013815f8d1fd4cd9ee35a6a1c644dc3cac140af36be08a3e2f,981,0.004873260120725215,stitched_market_reference
1759758239,23519105,0xccd736e0afc3ab855158eb16a470e763b64c9fc1fb53d20a7efa788bf3bb15cc,131,0.004845091623743345,stitched_market_reference
1759758263,23519107,0x7877e0f2d8bd4acb955e6fde53c651e81a98da3ea6bf81d405fa58aaa49f2442,518,0.004871414209188049,stitched_market_reference
1759758839,23519155,0xc6dfb1c6065782ec072f89aae9e043ac413b0c2d6be2cd30e76f7382139b4705,229,0.004845658363849862,stitched_market_reference
1759758839,23519155,0x69b802005216c87c7c20e9fb59dbc9536b4fb0236d3348cb88da6c9a6e0a9dea,422,0.004877701121527308,stitched_market_reference
1759759619,23519219,0x99c7e149d0b3923d56ba9be96adff7501ffa86ecb79e2821c53433fafcc6872e,373,0.00485005972170336,stitched_market_reference
1759759655,23519222,0x94711745a205e3a1c7af404dec75b6c16413eee5bd3fca486e7c8d98c793702d,437,0.004876692878381737,stitched_market_reference
1759760759,23519313,0xb10210c354e16e98edbf5515f157b85d17f7b99f5c1ae8a00614bc32e80e515f,240,0.004849636584318836,stitched_market_reference
1759760939,23519327,0x094ac88ab1e81497331d494d416b012b78d53228e941c7f79248e0e165d8e4b6,145,0.004875227400539191,stitched_market_reference
1759761299,23519357,0xd5f751a579d970b04d627ffcba39043352480510b453618501356e8e93b354d7,169,0.004902623139178551,stitched_market_reference
1759761659,23519387,0xad4edd8e3e11b9a06aab1a2125aba28f822631835e5aab62d9a258dced0ce21f,312,0.004873391686881272,stitched_market_reference
1759762619,23519467,0x559792a7a71f14babed924d47386e7914e137548994d8f2baef0e677c5635c36,372,0.004839685075824187,stitched_market_reference
1759763099,23519507,0xefa8f953ebdab52bc9f7eddb5d439e9d3152931080118a657505022d35d5bd84,415,0.004866162607563307,stitched_market_reference
1759763243,23519519,0xc3213a0022086044403c93b9989bf3fd919f42dc75a2b07d2b88fda7dc79ca54,330,0.004864098991664108,stitched_market_reference
1759764059,23519585,0xb70dbd407d1dfeab28290cfe087766b75d9e4f5c190604e35d6f5667ae859b36,132,0.004835644680060952,stitched_market_reference
1759764059,23519585,0x5586f580e711c5a433943400cfd6b40e57524af865a5489899fa250dbf168b5d,135,0.004860659892692046,stitched_market_reference
1759764335,23519608,0xe6403c05667bbc48121d4077ebe4671ad7003c67f9afd734ce448823fbbf92c7,43,0.00489196306753913,stitched_market_reference
1759767155,23519842,0x7af076af73f97301a3a62a327bfe62de821cc426091d143dbdf10b5fb11d1b95,28,0.004866861067359857,stitched_market_reference
1759767683,23519885,0x49332f3bd6a2ee0554966fa2036f94a7a61fd65b97a467752b31d6c38602018e,643,0.004881403661872556,stitched_market_reference
1759768835,23519980,0x582ca3351cd97ab3caaf46eb42bb3e89b493f042e55a229b6dc74419ac7dd123,38,0.004909044717413707,stitched_market_reference
1759770431,23520112,0xb6b6eb8d37b57c4e0594122c6da0b8629ed7f62f5bbdba76a984b32d2dfbb556,333,0.004935245630381643,stitched_market_reference
1759770935,23520154,0xfd605daac167e6a72460245509155fe64c4191354ad14df60859d503c80c7d2f,152,0.004906994631607653,stitched_market_reference
1759771091,23520167,0x541ceadfaa74d5c3780c67622fc639d6a3f507d3996ea505951ba49f110d853e,275,0.004933778039753317,stitched_market_reference
1759771331,23520186,0x9878ce3fe9d6a050337c917a3302253a1ec4cf187e721b724aa3f0e402546185,224,0.004966567445515655,stitched_market_reference
1759772171,23520256,0x231b0b22c584c23c2eaa0d0d621eaeccc8bc9187cdf6476691eb4faab53d4856,375,0.004940121652431727,stitched_market_reference
1759772555,23520288,0x195b434b7ac6ba8c1cd3b2ce544869697aaa1f739310794c9f063973a206519f,453,0.00496516700353706,stitched_market_reference
1759774559,23520452,0xd57aa5e9c091e3ddca73251810ebc54bed99ab3e984f82b0f510376498eed0a8,332,0.004961728732031914,stitched_market_reference
1759774595,23520454,0xddfd0874fc08a605db67e68edfc5b94a46f3b7da3d3ba84e26aeff76572dfb55,61,0.004987011781880754,stitched_market_reference
1759776071,23520577,0x063ed888fcfabee531dcbf9a78fde8664a1fd86472e520055b20082c06a7015c,216,0.004961331054352627,stitched_market_reference
1759776671,23520627,0xb609f92c1a69be33a5e1d6d886b906b6c658d1bfab2e29158e9703839af1bd74,465,0.004988681333076743,stitched_market_reference
1759777631,23520706,0x2c8d3c53c2ca1669453b72518840ff81b23d005e88a01127c2c796b54b301143,296,0.004963398315130765,stitched_market_reference
1759778195,23520753,0xb16da1cbbdbe03ff92e64b1fb7ae2e306d6852e8e96e6884c18de90c56a9add8,65,0.004955666349145944,stitched_market_reference
1759778375,23520768,0xcb0b794e13b84074f4bf7566982a34e635abf0385574f18441ff21f27a76a48d,462,0.004985849557542059,stitched_market_reference
1759780739,23520965,0x8a65f8993f36771a29baa6b7dbb25011dae0e21aaad1b4451b21de589569f62d,598,0.004960797220806914,stitched_market_reference
1759781831,23521056,0x89164e9ad51baf55efe7a72854ae7dfedd19494283964e0509efa8960ef08159,123,0.004987223357492123,stitched_market_reference
1759781987,23521068,0x3fc3d3c10609860f95966a706bb48808b964886ae94f5d37a6cebd5e1c322d0e,142,0.005011308754098522,stitched_market_reference
1759782683,23521125,0x16e4a67b6d632d985c25eb32bf1e25d6b359cc7dc764d003f57c55cabf5e325f,210,0.004986181259628115,stitched_market_reference
1759785455,23521354,0x20ee300614698f3f3945f599f798094d57794da519181d1555a922167bfff7e2,51,0.005001043925842916,stitched_market_reference
1759785659,23521371,0xdc329a8d9fcc567bb6ae543b664471aa18ddbb882cac926d847bfd825fe90963,251,0.004975305827662756,stitched_market_reference
1759788155,23521578,0x6a69a08d2fe5d08a197f9a2cca2a4b39005de72eadaca755b171cc92bf1ac373,378,0.005001807382899216,stitched_market_reference
1759789091,23521656,0xc892dd4a9ff19e49e79f21b645298b39117dbce42d22b0b4d9f737aa211458f3,94,0.004994412304792619,stitched_market_reference
1759791779,23521878,0x482d6415b0a7ae1cfbb5eb403e3bb79386ef53c5326bfe4122c300db12f1a200,70,0.004994885067765493,stitched_market_reference
1759792715,23521955,0xa72f3555854298530e6f5d0e66822df6774accc6ea0c5fe985652601a39fe676,37,0.005004115374785854,stitched_market_reference
1759795415,23522180,0x8ee1c4c975b3bc1dd3887aaf7bc910afab7139982b13ec0536a517dbda0af819,121,0.004999831603486662,stitched_market_reference
1759796327,23522256,0x13bbc75fc886b985396b1e9ef0926444a8fd0b51d6e6cd63587c0eaa32ee6957,41,0.005011575367443761,stitched_market_reference
1759798895,23522469,0x20bcd34a337bcd1a6f47b800109b248cb7b2215487be4b7c3acf3322c5033cc5,348,0.005037058244442801,stitched_market_reference
1759799411,23522511,0xa9e17b23bf1e13a50f41eb9a6e219bbd9294dae0dbf32c782040385cde0eb1d5,378,0.005062864763037421,stitched_market_reference
1759799831,23522545,0xb092bf45a780f2b7ba6fb66a74ca78f472f098ee4c4cdac70b75b10583ef4c97,148,0.005036081765410856,stitched_market_reference
1759799951,23522555,0xb20e520170303b919072dbd612d75e8feeba35306f75f0bd8547bcaa154b32b1,392,0.005032773460391236,stitched_market_reference
1759800035,23522562,0x57cd2b02ab295520151062899a9fb10743278b5ec0de3e68d6a3338cfca40ea0,147,0.005003431241735923,stitched_market_reference
1759801271,23522665,0x72cd8b8c60ba68c26a24034447901a34983d741d54b65c41bbaa4369c97e16e0,567,0.005034484325022433,stitched_market_reference
1759803587,23522857,0x71ce2f7633492b665a4209cf9d55fb0b85755b784cbfd0947132ae4b7b42f7fc,46,0.005037087975462219,stitched_market_reference
1759803803,23522875,0x61d56d3b3864409f423e034fa8bfacba7fe3c8fb7c00a16f96c199746e7b6aee,452,0.005011795350466491,stitched_market_reference
1759807199,23523153,0x80451c42e59a38e283a081b7c3f705f3a9afd957f5f49348ff9e5d55ca7d7263,15,0.005002701976645267,stitched_market_reference
1759807439,23523173,0x4f53e28b2017e3d133e3bff4a861f6067a39625452085abd94cdddec10d1164f,161,0.004995068514179354,stitched_market_reference
1759810043,23523388,0x900b4713053a3da357a621da8ca8eeac97e2ae787fa72c0c236255d4adc49829,265,0.004968402855272724,stitched_market_reference
1759810823,23523452,0x05cfbf8bb1f11c5941abe3b985487cad5b0c94462347c5bf9eda3f52949b24f8,423,0.004975740438423016,stitched_market_reference
1759811795,23523533,0xb1f01a653ac72c5969776547cd174c9df123080a87c0a65cb9f5e3d61fd7d22a,439,0.005001256415971096,stitched_market_reference
1759811915,23523543,0x3755ef403a780a89b422fb6a0f0c4be8c73c13aa93c8dc3c4a9e4a6a8c340a61,229,0.004975803845508368,stitched_market_reference
1759812359,23523580,0xff092874622131b7f413942723ae5f4f06e5676f64d5d23775a7fb146448d0fb,82,0.005003012336132525,stitched_market_reference
1759815551,23523844,0x45e47fa7e4054ef5211fc46e515d13faac6830e9b0b43bf26aca1e8abc8e30cf,366,0.00498752205136459,stitched_market_reference
1759815971,23523879,0x80af214fef57d57ed0b1702d6f861f4b8deb4a6f35b6b72094a66b3979b7a1ff,178,0.004984492993331116,stitched_market_reference
1759816655,23523936,0x4b80917b96a7746de8377d081f5d45347c938eaf9b08bc1b32146f8547426fdd,165,0.004958914892851016,stitched_market_reference
1759817891,23524036,0x907362c5022696560bab61c714baf0c3413211b7900331a5cfd480a45508db14,422,0.004986246639180312,stitched_market_reference
1759818155,23524058,0xe983c337e30a9007e617bba209b63d3015debb416313daed045431e5f9414211,112,0.004956227979354634,stitched_market_reference
1759819235,23524148,0x1650896da4cd0ebab8efd683b46045e3f9470051f84d40dc4361fd5d0390847c,254,0.004931150726541075,stitched_market_reference
1759819295,23524153,0xa05b04fdd384eaf29f56144c4ddb458da2ccd4c178155e039facfceeca7c7d56,343,0.004956075532431732,stitched_market_reference
1759820435,23524246,0x87d13821d6e9b13a42635ddeda135e27af0127bbef17438962dfaca2a49025a2,78,0.004927729451270538,stitched_market_reference
1759822775,23524440,0x00cdb95c3e88480672823a551f77b62555142950e1d3bcc2a64ce449aca820b3,353,0.004899786620666334,stitched_market_reference
1759822907,23524451,0x00a714530a92404dcd9cc7ab369c05c4a40936c64f5fa83215f714086fb0fd0d,284,0.004902588141574727,stitched_market_reference
1759824035,23524545,0xbc181f9bab19e0c97a8c8514a3ef97aba89d938e74a922a815d772fcea3c17f9,140,0.004891523539546226,stitched_market_reference
1759824047,23524546,0xb1a79146afb6ae055501cfedf9f78e031bfc8403a148b2610f35a26aa211593c,79,0.004884296769046007,stitched_market_reference
1759824551,23524588,0x6558ce7a8a1c7fdd42c2ef95f1cc7b45cf2e6d3dcfb836fe03d7684dc5839011,113,0.004848029936405837,stitched_market_reference
1759824587,23524591,0xef100542fe40ccbf74b67c58d7e399c9440407316d27810d70626eaa0f5650ad,315,0.004872449790124843,stitched_market_reference
1759828175,23524889,0x84b595dea6b96c8fc2a37ca289cbc8ccd904d65c1e02f2549c8c2d2c8536a7b4,233,0.004884059396177624,stitched_market_reference
1759828211,23524892,0x31575cc7e9e454a4cee7e3e8e34c8de07c11ee7f7f97f2958b25b460b139971c,275,0.004862106590186658,stitched_market_reference
1759831799,23525191,0xd73dd76b86adfa3670763f4949c707e32e659b09defcd8ddb0834140fb587ad9,103,0.004850317308137221,stitched_market_reference
1759831847,23525195,0x12e74da29f79ba45773a891c40dcc18082c2c6c6b79327b33754439c1ecf9dea,246,0.0048412550112777,stitched_market_reference
1759832075,23525214,0x80dddabf68a2fe19f97136feaf550b86bd941b5c8f41381ae83d8b9004a02c4d,274,0.004868350554252604,stitched_market_reference
1759832639,23525261,0xc39e8614c82da7ff08b955f369f2f59de4ebfc923dd3248848ad8d86d25edf7b,577,0.004842739718264378,stitched_market_reference
1759833371,23525322,0x0c90932247937d99afea6c1f8b7370beef4d25946c7c9d3aad38098834742855,361,0.004878743648252367,stitched_market_reference
1759833983,23525372,0x606cb977c62dd895442650ea35abdb89c4e8fcc90351c3e39c5e3f8b1ff34b9f,122,0.004878622854046987,stitched_market_reference
1759835483,23525496,0x539aa08440c7cc32bf8f5d1bde2a1af0b2c11e3e5cff6858a2d0d82499bf8160,348,0.004868373006040499,stitched_market_reference
1759837595,23525671,0x1f66d28932d45f6a2649e48b0963e966edb6cb73da0085b1d310b0e447e7f1ae,68,0.004860601025538953,stitched_market_reference
1759839107,23525795,0x4b6609471dcc6c521b5cd5b573be2a79d1f54d61cfbb896f9b400e1fe57fbd6f,333,0.004848981577264819,stitched_market_reference
1759841207,23525970,0x505466c9b21c72e83536f4d9cf74665c901acd7e70f8d5826d40d7ceebccdef4,177,0.004853316963233123,stitched_market_reference
1759841795,23526019,0x44c099d803f48a81789702417cc9a7b36fa6d506d973ba737843bf435e54c344,576,0.004827731198972261,stitched_market_reference
1759841807,23526020,0x026302016712087af4ba0a3d89c9965f6019e0c9a3d78f2c01a47ce3ffb49078,400,0.004864760856336314,stitched_market_reference
1759842503,23526078,0x14e6ea4aaca913324e46f62d218af4830c2da1ce167470eb22bc0a157b2bd4a1,493,0.004838359336702784,stitched_market_reference
1759842803,23526103,0xd457270f9ae47429df224db49d7a5c7a14cd49cb65f791ae533b2dbf72fa9062,206,0.00486347056660863,stitched_market_reference
1759844387,23526233,0xb5c3c8042b4bc053fddab5940cbf137deaf9f796050eb3bbc4ebac631ef2bc91,738,0.004818007403776263,stitched_market_reference
1759844579,23526249,0xac3daf13b660654b9d7308a171e258139983d0d7e526cbc09d726a310b771c70,593,0.004857946955671405,stitched_market_reference
1759844651,23526255,0xcd178872e4fa6fa49428e671f79cc5a2e73364c1d18e20e0f623ede95f6ec474,889,0.004823595330871935,stitched_market_reference
1759845143,23526296,0x69b4887bb58ce7e072e74a5edc49f740665129a3acad38cef17ce68af0bec82b,81,0.00484954439996506,stitched_market_reference
1759845803,23526351,0x09ead7b8fe54969bcbc630e8e1025c2b2ee74f30d2a255413c05ad75b37c2767,622,0.004824863726908417,stitched_market_reference
1759846127,23526378,0xae4806bef3e29efb78dadc068af94ff36370cf0d2172f2330eb2d77497a617c5,398,0.004789990008117073,stitched_market_reference
1759846259,23526389,0xf499fb253d1c02f2d4cb43faa9f02d233a8d3db7071de26d2f882ffd2d40f848,926,0.004824784547506845,stitched_market_reference
1759847399,23526484,0x5bc9637f51040a3a71da337d04146dfc29f12dccffa5a6c750555f7bf0e8c531,531,0.004795369917338346,stitched_market_reference
1759847423,23526486,0xc92d86634ed6162923d691263098c22011b51e3d4ade371154c3ae039bb67525,104,0.004821953076146902,stitched_market_reference
1759848695,23526591,0x7c290dcccae8a5ddb03ecb4b9bc1228abdfacf5ff7bf7fb51d9c00e74ee3459b,684,0.004850581247542826,stitched_market_reference
1759849043,23526620,0xdb5e118d0ef651fa1abd15e72b8db78a7dd7dc168d34a05086e1c0035999022e,128,0.004825008311412678,stitched_market_reference
1759849583,23526664,0x03a3faba618f1ccdab4a5e53cbe1db493fdb3b8db6d3e61163bc986e138b6e2f,186,0.004850433159421048,stitched_market_reference
1759849691,23526673,0x8eac8d177f6ac96c3225037559cf113b16823652fc484f3c1a01f8ca87c25aca,506,0.004884035904500751,stitched_market_reference
1759849703,23526674,0xf02a4bed9aeaba2160f885e05529d59ca3f959b9c00016f375d69a3757a0dbfc,187,0.004844345277331013,stitched_market_reference
1759850219,23526716,0x5e4a22c910be17cf7b21670c1334a0f3312771d1a70c4b55e26cd728c307ad51,62,0.004874760293897926,stitched_market_reference
1759850243,23526718,0x3c02e45632132792944a740b0a46204355d35277c59508ae62a19e98ce488eef,377,0.004848341369393624,stitched_market_reference
1759850939,23526775,0x6da724021fde794941f52825ac167ee0e3434caff1dc972d18c609fdb4e50435,238,0.004873068568491616,stitched_market_reference
1759850939,23526775,0x66c7ff8776916bc95593e03b0d9850e54bea0f26a54c9b004b5c30b925226057,272,0.004843990120408889,stitched_market_reference
1759851503,23526821,0x6d379aa48df80a51a3df9b2302148c346e7fb0a7443692e0f12f8f10a8f01eb8,440,0.004878195973961999,stitched_market_reference
1759851539,23526824,0x18485aa0a4314b3f647f3ae8bd2a2ca611dc2f6a37442093de8e10c9ac8a21c7,696,0.004851943463745649,stitched_market_reference
1759852283,23526886,0x89eef93f83a15c2bf50ae7f9756e08c5b11206d119fa21d86ac25c098c4412da,541,0.004876832147815493,stitched_market_reference
1759854203,23527046,0xee4a6b5d9edfa3a709053a95889096fa5a41071ec5c75a9f0d5b524c6ef5f003,1015,0.004914179960749522,stitched_market_reference
1759854419,23527064,0xc5b1d18f251875df183022b5e42d422f39d71c03499b6662e0611eacca61e9c8,397,0.004889333374614352,stitched_market_reference
1759855055,23527117,0x8bb985e0086b2b25c83fc413fb5b4da47b5f491d74e66673fc5c65afe4ba8662,201,0.004923816114634449,stitched_market_reference
1759855055,23527117,0x39e3b1faed5f822022fccaa1e643f99d28dae2f21190ed578808d1b58e562f09,305,0.004896586707560263,stitched_market_reference
1759855859,23527183,0xc85cefb2fb683f1122a64bf48d42c189c741123c3ce740e17406644daeabf995,215,0.004922544825097016,stitched_market_reference
1759856315,23527221,0x48682fd1b9b1005d635f8d317bf26104402d3436cefc6953ceb1d3fc588c2e6d,463,0.004895161175906813,stitched_market_reference
1759857215,23527296,0x26be258d605ed8ddfdae67e8d93749e84f73f1e49be2592aab0ccfd94eabb14d,271,0.004920588688603156,stitched_market_reference
1759859507,23527487,0xe8fe23a31a3cc765a1dcb6cfcab98e7d489ab84e1433d87d5cd6071c25d02de4,512,0.004894706098872039,stitched_market_reference
1759860839,23527597,0x2d71e7dd1f80cd3f2b610780b799fcc112875df8e502ee2fdf7bef28d9cdedfa,64,0.004898944948676936,stitched_market_reference
1759861775,23527675,0x68093472912daa7a836e18d4d6f10f99bca745f1170ccdc943379b4ad41c5800,164,0.004924438421207638,stitched_market_reference
1759863143,23527788,0x20c99289d3bb1bb6295b5c6f191527edab1fe196c58576a591b1b9f8c143ad5c,152,0.004907392388226315,stitched_market_reference
1759864055,23527863,0x019472759e34c4ca64c8d538fbaf1a5eba5da692a59769415761ea65dba58f17,230,0.004880534889787109,stitched_market_reference
1759866767,23528088,0xab678d8d0bf456d9c9d4a2fdad38b64fa4705b0573d90f9ab6319d51ead8bf32,195,0.004897523303332359,stitched_market_reference
1759867691,23528164,0x0bf57074ecfbfc133dc31d9ad967d734c414feec4226d265f757a051eb3bb149,426,0.004879150656331208,stitched_market_reference
1759868999,23528273,0xf39a7e01f204c6285359e6cf9224299f7e22c3e5712aeb31ed5f95db2e771782,125,0.004906803189480931,stitched_market_reference
1759871315,23528466,0xb9347f28891290b22c1f970f02a8b80dec3c7e35ed309387f15e08219ce8fefb,220,0.004896141225732996,stitched_market_reference
1759872635,23528575,0xa6dc18d96c7acf26ab5d03920caf4ea182db172273b502e31e3d7ef9787db3d3,316,0.004914672698850401,stitched_market_reference
1759873355,23528634,0xc947d5dfb19648425d7c7f55c73c9ae12675aebc16315377667bcf8dc01adfc7,101,0.004889040507821151,stitched_market_reference
1759873775,23528669,0x9791e4e0df0308a7d5b3801c87070dc8d54a7bc504637c32123111077bbbdb7a,429,0.004913853505653417,stitched_market_reference
1759876979,23528936,0xa61605e7af3ab471b22f751af3309913d6d1be9734b1688ea827d0becb653c8b,76,0.004920435611629378,stitched_market_reference
1759877411,23528972,0xbfd173d5a9b6f5a192fb3a1ad62dc087d8dd56908c4191af272e2d5f0e06999b,303,0.004906485747777506,stitched_market_reference
1759878935,23529099,0x2c9eb3211aa18fea63437da3363ba80131ffa1b434c4ec3114f48246bceab987,35,0.004880938448991109,stitched_market_reference
1759879367,23529135,0x4cea6fc1af41efd5bf12385d7a44ff39d2c03487272b88a6ae4f9600acb2395d,268,0.004907167435607701,stitched_market_reference
1759880495,23529229,0xbea6c6e625bf720f3d55c48e43445e823b2a96f9edc81c0ec5b39476e19ee3e4,498,0.004881577125604619,stitched_market_reference
1759881011,23529271,0xf91e8d84d4fb65f2e83b256aa1f66320b5f715bf28bb6dd10e13cc01124ccdfe,369,0.004908376250278016,stitched_market_reference
1759882727,23529413,0x6889e7c8c287ecbc2b72bd8521d1e470cb94dbf614fdb7685f158e4738e4982c,278,0.004936107103116662,stitched_market_reference
1759883627,23529487,0xc213c6fa0cd3ea1a46a832bdc0a2c87c13a55546973732b910fe4b3902135c0a,173,0.004904217789168804,stitched_market_reference
1759883951,23529514,0xc9c7fd4896f886a02d38db214dd4944996f0bc435bdc5f01f0b5337550875ed3,294,0.004929863838396433,stitched_market_reference
1759884407,23529552,0x8ceded29b784bceb96aa5ac4a097cfa18a4cb570319ba00fca766b908670fb47,48,0.004904509396760154,stitched_market_reference
1759884887,23529592,0xed8a6c6b73be84a4fbba49ad311e4070eff85880d0ba107502cd52ed4f998518,588,0.004931064522061675,stitched_market_reference
1759885391,23529634,0x31fb767354bcd7015e35d4c38e272cda628091e6249524359eb259a1e6e92984,291,0.004904966226233416,stitched_market_reference
1759886747,23529746,0x67de02f392627abbb8933312974472719bfea8ef990fc2e0fd0c8d6e70085833,301,0.004931874736287081,stitched_market_reference
1759888055,23529854,0xaa1bab9c271340ee6ca9e2565709561534b5d0f35983934ac8d5ba6ff676889f,349,0.004925641597869427,stitched_market_reference
1759890383,23530048,0x4f71c040d55d68f39759cdb1999e482be4fa967196cf5112433e43a298239315,75,0.004941191793510857,stitched_market_reference
1759891043,23530103,0xa52e4bff7427b9847accc2a80cf37038e90985912bbe0e169eba0f256cb0e54a,141,0.004916382873061402,stitched_market_reference
1759891667,23530154,0xebbea63d118c2f000d78bd19a43fa3a9798702a4f974d2d563d48586362763b9,256,0.004920466554599443,stitched_market_reference
1759893083,23530272,0x6471e50faa114318e3b51e33e02252d963366c6e8a3ec11cd3941ba1a8f6f3dd,262,0.004893158763472859,stitched_market_reference
1759893707,23530324,0x583d032bbf41ea89a90f960ae2e97c24dd729d87ab5f5ae095975323b8d14c67,295,0.004919701880564275,stitched_market_reference
1759894067,23530353,0xb22cb0752514e31efbe51afbcf0f85596eef22a18ccd0119cb2d52627c327360,911,0.004876596817448586,stitched_market_reference
1759895363,23530461,0x17f35231b1f9c92d25791493d4417242527f8adbf3557ea990a53cb874c42f7d,1521,0.004901288301718952,stitched_market_reference
1759896647,23530567,0x110c98bd677bc2ba171e41f6d6597708b77dcaec6d51d467f54ad6890d590994,2,0.004934643745595173,stitched_market_reference
1759896695,23530571,0xefe34311dd138a9f655cdef278b1f051083c4e87de3eca1e0e85f6d3f1fa961a,991,0.004904767605895006,stitched_market_reference
1759896827,23530582,0xf1635b0497306794c071680d8aae74a39ce55368006d7a61d14b0f02e83bfc6b,575,0.004931536839766011,stitched_market_reference
1759896947,23530592,0x7ebe13cd035a9f76c0dd23c836236e07eaf42c219bf375d013be7758153d928b,539,0.004906525161801017,stitched_market_reference
1759898087,23530686,0x09d8b84ab8283b989cbe8d2bf9aba1619d00f875f6c35d7af525ea36462aaa1a,1149,0.004931256493404275,stitched_market_reference
1759900583,23530891,0x0cc29c1467f7ddbeb755df9ec1715030c9842dada87765ea92a4564b0bb86be5,130,0.004926149574406426,stitched_market_reference
1759901183,23530941,0xac4c1c995144659e4f124629c213f4f2c462045122a03c07a230fc249f0e86b8,1178,0.004899533484745351,stitched_market_reference
1759901255,23530947,0x38869dae07c97f3740953c7b3f163264cf5fd8c23f4f62b98c2d5e5dba4eeee9,9,0.004924624406435224,stitched_market_reference
1759904423,23531209,0xdec5656c81641faa6d39ceb6bf3f3c683fa0bc39170bf5c2eb1f091d0681c824,327,0.004899849301713493,stitched_market_reference
1759904795,23531240,0x194f8df03af86f0e03fee2185edb0b5e0c4fdb75a368e5ed767b96e5bd0a8a03,321,0.004903960659099204,stitched_market_reference
1759908059,23531510,0x17527db7cb3b5324dbd14df9a661b9275f6e3dc321c7181a63853c2c84ee6721,175,0.004905495944715995,stitched_market_reference
1759908155,23531518,0x6333d1416d1c3f11df02f21fa7f72a358d50f95bc6de4ba6e7562d698d70d453,411,0.004880268367885836,stitched_market_reference
1759908479,23531545,0xd5234545f38c018bd81e5cb6eaabf5bba3372d11a86254104a40770ed614ab2d,189,0.004908513961458508,stitched_market_reference
1759910423,23531704,0x8a69a796bd6f27ff9b59bf431898c3b95bd0b3c4bdd5259f971848413d7cde61,233,0.004890511471900728,stitched_market_reference
1759910435,23531705,0xd84e913112641345194ab9df4d76c04a263190cc7cc7da5e791fa05544126290,327,0.004908665891946718,stitched_market_reference
1759912535,23531880,0x0b2247620068c6bdaa791507321d85eed50105df44ec330c7398a0231e6f30a0,318,0.004935566671816539,stitched_market_reference
1759912859,23531907,0xd13cd7e73d48e36823b1f9df24533fd9060411f0ceff0373587b56435fa34641,479,0.004910511915411943,stitched_market_reference
1759915595,23532135,0xa550e912be7edba9ee0fe5bf41142caa64d05686f2c29237356b97b2aa3aa865,150,0.004884706368176879,stitched_market_reference
1759916483,23532209,0xe60927572340be75f66b990cf1fac2c46b587766fb62b5ed0619a084edf420d6,82,0.004888757173903073,stitched_market_reference
1759917935,23532328,0xa30cfe85f5e28ff3f735b3879b7dfe7a976ff159d7a44ca3c7c0a37d2c38ebcb,186,0.004914056746526167,stitched_market_reference
1759920083,23532504,0xb4ecf5b56b26aa903ec902cdfa863bcf0bc653f720c1889555962e2b7ada9508,135,0.004903035457289126,stitched_market_reference
1759921571,23532625,0x9ca62299b3721e76f3227c144da9554e2e988299b7992ac270ede1620dd60967,61,0.004913909752218717,stitched_market_reference
1759923695,23532799,0x670c85d20725f3a63a29ad2820da1add9de916f38456c73dd2fb120363ac849b,222,0.004924294713573807,stitched_market_reference
1759925195,23532922,0xc8660f68977fb267b33896672ff632a9ffb17c835f1516211361da399e2df2b7,256,0.004910108150746116,stitched_market_reference
1759927319,23533098,0xe32868abb7f1ffccbd0d8a2dddca95bfb085053471418c145b706b8c882cfdc3,244,0.004911622772968148,stitched_market_reference
1759927631,23533124,0x46f8dc330e0011f31c43e12e720ad485fc02269af96cec7cf240e82a8c8a92c1,185,0.004937219204852786,stitched_market_reference
1759928951,23533232,0x5a037acffc01e84d1048147205f87c0db2eca4ad30f13ea13f6dfa8af7cb13db,302,0.004911876558497374,stitched_market_reference
1759930739,23533379,0xc3bb9e4afc8a13afb7571a54698647a0d065a0ea5fd16936baeac0aa53e85278,145,0.004938237842414113,stitched_market_reference
1759931207,23533418,0x9c628465609d669ce9bd8fef0734e92c652c89d66b75efc558347214ce2ddbc7,213,0.004908299345327551,stitched_market_reference
1759931543,23533445,0x58cb54b55ec3c30846842313c6856285efdbfcbfb38891a2369c049089a6a749,49,0.004935926430814873,stitched_market_reference
1759931999,23533483,0x8cb03f1bf788bfd480c5fc10ee8a5676fff15916faf9a02f07b5eda708210908,906,0.004963268739631989,stitched_market_reference
1759932059,23533488,0x35855514965793a413d5e4a2e2b7c7237f4b0477015ff5ae8b157ffcbb21d2bc,581,0.004927530397995033,stitched_market_reference
1759932143,23533495,0xad9115b04ba40feedbf6861ea2dc57ccb2a2a3185a0ddf87049adefca30e5ec4,801,0.004956921734768058,stitched_market_reference
1759932239,23533503,0x47acd26070156d0cedc917aa83c5fcb04d67fb30e8616612817a6252ce2ea8e3,863,0.004931734136627708,stitched_market_reference
1759932935,23533561,0xba98dbaf997c66b78c0623ddd9f4fb537bf002fe03d10259f1f629920a905a83,220,0.004958240584052649,stitched_market_reference
1759933727,23533627,0x3da9da8715eaa08bef463b563f2b551690efdda0a043b6f681aa1a7dc62e70da,83,0.004931390664677475,stitched_market_reference
1759934159,23533663,0x9b1311da3e42fc929565754a447335d965a4efa5084247f563facf70d8cbd9b2,163,0.00490231428364214,stitched_market_reference
1759934495,23533691,0xb910989a46be3ccefd9ce36a49cf89b95051b09bc1bc8cd4eee775ab88a14912,147,0.004928256809496682,stitched_market_reference
1759935371,23533763,0x3181b609e8f58350d9c67df573d1a7d11df3682e45a4f13c955ca52d7542b4b5,245,0.004953912854202054,stitched_market_reference
1759936331,23533842,0x8300f285224263d9c2f9ed0fb355405225183c6305e73c790a5f45eb46620eaf,294,0.004928678897565811,stitched_market_reference
1759936847,23533885,0x3b0f4000d6ada2c89f18185b82e92ca7ca78113a62e47754b60543feb27791b5,68,0.004955053910640651,stitched_market_reference
1759937783,23533963,0xf76905886a12097b5dda4ec36824af42b59072f45a36440cc0820d510d12f952,1037,0.004955621090758379,stitched_market_reference
1759940471,23534185,0x064d18b99ee812616d7218ecae16a15c761e89e2fda358ca2b18e29ce83f84f5,376,0.004937706021400397,stitched_market_reference
1759941407,23534261,0x2af4d08aa8a162f6445feb43d85e69086c918a9055defe76502eecb0ee952cd9,54,0.004942290680831395,stitched_market_reference
1759942307,23534336,0xe60d2914df16fe2d018cd9ea40e413816c3ceb13066e44fdd112796266c24d4d,338,0.004968690405163168,stitched_market_reference
1759942415,23534345,0x4d7d05e08f44e6dc24f6bc527b0d5bcbbce89e0fd3c8b3754391317c2f560014,528,0.004931880249639157,stitched_market_reference
1759942883,23534383,0x773ca11d65644c10c786ea9628162bf3c1197d189aceb62083908927726a7b98,199,0.004960926455833381,stitched_market_reference
1759943831,23534461,0xb62d1fca1270c6079fb61874d1167a8c0c9381c7e866c84d4fa6bedc81da87d8,766,0.004932017712060852,stitched_market_reference
1759943843,23534462,0xbffb1862a15cd9910e01268882adf565ad4d4fcfb1c89f525969153232be9897,340,0.004958582096924136,stitched_market_reference
1759944215,23534492,0xed6a6740da8bdb2d8109264cc9c8989c0529da3dd0ff6d4db7a48a64cde7f08d,273,0.004933675884281182,stitched_market_reference
1759944659,23534528,0x940bc669bc269e0056106614ad7d0b14e82f0eb5d755984015a0f0948934d918,441,0.004962027624224251,stitched_market_reference
1759945619,23534607,0xb5a169022d2c6d008fd084f956e005016521a4e966c0f4a016079a1192ec0c1f,85,0.004936518000435893,stitched_market_reference
1759947179,23534737,0x1f34e9babbfd143fc5f7391ac08c7dff08aa5678d2f8cddccba4948ecf36998d,554,0.00496168316679105,stitched_market_reference
1759947827,23534791,0x57b25dad8902f08d0c3338360ede063270f6017d1216f2b410f6d08dcb01c21f,193,0.004965687908235494,stitched_market_reference
1759948403,23534839,0xf43ca3a95f27dfd538091d2667361368b6aacfae7b672ebc74f60700b5e9c1f4,75,0.004940129413711478,stitched_market_reference
1759949087,23534896,0xc98985b64a52e9520a86c59221f69428447e676d831431d949b928e7cd21d89a,132,0.00496585916934096,stitched_market_reference
1759950059,23534977,0x6aa392fbdf51f2745a8be5fa407f0ce0c27904a70e9a82559eb186d04a9fcecf,100,0.004992128975175019,stitched_market_reference
1759950563,23535019,0x38f5730de7c5ee71222122c39ad828fed68248d9c958360e69f8f1c0fe37a129,473,0.004960501387532362,stitched_market_reference
1759951955,23535132,0xfbeaaff433c7d8030ae1062dfc9400784f06992dbb2175289e92d8c1b5d38591,229,0.0049870447531787,stitched_market_reference
1759952711,23535195,0x8cfb5d377ca42469d5f8c595ca4fb2d0c6e6136995d0d4b2e6068195f5abff9e,85,0.00498724911042768,stitched_market_reference
1759955579,23535433,0x1e2a63304ace616b572b8141b6c12b7e8b1591e031460db6078a1cc8265e6025,461,0.004979632135967017,stitched_market_reference
1759956347,23535497,0x1f21b9749684acaab26ed2fad025ed051753a079b0530004269d13e81ab5cc16,399,0.004977377705016747,stitched_market_reference
1759959191,23535731,0xff38d9650a1f1652dfd6914df259bd07a3d1d311999cfa8f1e812674a2d16b4f,962,0.004993915967651597,stitched_market_reference
1759959971,23535795,0x321370c43cc12617e4e653e4d8214c328fc6e919e89d9676b349ae120a713b5f,167,0.004986120486744837,stitched_market_reference
1759962827,23536031,0x0afb27d6aa8e88a56594f8405c469cd3f9156d7b473c9cc30d666951b08277b7,155,0.004995397846159727,stitched_market_reference
1759963583,23536094,0xa7523558d18479334625afe0c931c7af5c500e91b8ff86730f0a2a1c77b3e79c,22,0.00499129091641104,stitched_market_reference
1759966463,23536333,0x54484033c828bf8ce0f4be3032d14291aad764cb366a7f2d29b013f06341583a,278,0.005001154307139776,stitched_market_reference
1759967207,23536394,0x39e0f66beb14d5e2fd1d86f31296b16d1f9e8e9fc6869a3b669ae7ca6ce6d1eb,321,0.005000262143620147,stitched_market_reference
1759970027,23536629,0xc54873dc06539cad361c863f3159ee9b4585622e3f28a2d25e86d1e5e84b2736,78,0.004974494613306769,stitched_market_reference
1759970843,23536697,0x6eb91671f1bbca2798490ed1ba8107e9995ad86d1fb23a6d9dc83bb764457063,95,0.004984121587292986,stitched_market_reference
1759972523,23536837,0x875b3b28d4eff0719d1121953111f0317ce3b288a04d43ac0e028f39b2ddb7cb,105,0.004959137099343476,stitched_market_reference
1759972595,23536843,0x27ed5d98deefb73106322f0501255b91f144151dacfcabb0399fc0979bf4745a,597,0.004991733188974055,stitched_market_reference
1759973639,23536930,0xb50cfd4ba6b064dd9e7e9e86359a4e5526bdef3d2882f5225ee98dccc4c7a4e9,604,0.004964746779249997,stitched_market_reference
1759973927,23536954,0x80d2390e19d4667c7bcce92dc21207b4166540ba3fd8bb1710aad49d7db65ff8,775,0.004990799111700127,stitched_market_reference
1759975055,23537047,0x9c242f08bbac45e9ee2958c00cba288c329802755b38b716a2b05c5c2d33c988,816,0.005018625642495119,stitched_market_reference
1759975607,23537093,0xc98a47464219d4c59f0aa02c7eab0308a26334c6010c38c1d37651644c9fbf3e,345,0.004993146000859645,stitched_market_reference
1759976843,23537196,0xcab76086dd709cb05dbc9c3d704679c8e85d46139635f2a9988d0a0b4028c94b,312,0.005018635198689543,stitched_market_reference
1759976843,23537196,0xa50d1097eaee063ad6198cb6fe16d39aa1fe4eed06dbb4f69b9c8a3d7e100f8d,315,0.004993491289378258,stitched_market_reference
1759977479,23537248,0xe2cedd4e3191c2807613b81928d11470ccb2dd10d8a68f94adcb3b61c21df567,7,0.004965637897372495,stitched_market_reference
1759977803,23537275,0x37928d539dec1a35f2de33eb703a4cd16359846eb1f2198e73f475f798c60382,7,0.004992621643894798,stitched_market_reference
1759979615,23537426,0x0ab11de85562ddf1c95f38a6652714670fb1cd856bdffd6161793fe51fa80216,259,0.005017812737951771,stitched_market_reference
1759980179,23537473,0x570fda92ba9cfac00fca711082b085250287f1a2fa491146ad67ce69c0c2ad66,10,0.004990628895226993,stitched_market_reference
1759983215,23537721,0xa493e851a725788250ab9ac2a453c7be402f33113d4e16f20fcce1e42d3fd8d4,197,0.004997422972700701,stitched_market_reference
1759983803,23537770,0xc287c93a35755b3a127ab19587a09b133f9be2f84da80c02918388fc7442359d,325,0.004984669096541437,stitched_market_reference
1759983815,23537771,0xaf2fc766f736b61f857d9a5285d975afd870036c28203f4e1aa0a9bbe45b7d69,34,0.005010013155711276,stitched_market_reference
1759986203,23537969,0x3052a1da5904809994ac3ef34f1c37de9810ff9d00f7e92ec5920374833c6286,425,0.005035652892261064,stitched_market_reference
1759987247,23538055,0x05e06f3aef185c64becce4f852f54826e11fbdf93303757cf00ac8a1c9ea04ed,318,0.0050094137730339,stitched_market_reference
1759987439,23538071,0x7b67dceb7898addf545818b2587c7f0fcd60d60931429e881ab8c683bede65f2,27,0.00502740409525946,stitched_market_reference
1759987931,23538112,0x0c84df65bcb4b0c1b6e621441d1fbf673e695aa5157c89a5854b289bf4384138,54,0.005058377237606781,stitched_market_reference
1759989191,23538217,0x6f9c233d405b398c65e784e11c47aa095e92ade91264ea7dafeea6fbefeba359,139,0.005032342203916968,stitched_market_reference
1759990907,23538357,0x84594ca43ffe9d85e3e57015c533dba9d36d716e4c638db81021745a3d52296f,146,0.005006862164628561,stitched_market_reference
1759991075,23538371,0x21a48b1b773fb50440f9205e57af6028f5552d0dedf340bcee8ae5f7dc4970d8,172,0.005013486764443863,stitched_market_reference
1759993607,23538581,0x65bba9d69d0bc0dee65a20a2c3438724ee2bdb71a645efce28aa0c866d0d229e,238,0.004988372063808529,stitched_market_reference
1759994699,23538672,0x16c7fcde244396874953d34be47f4289d05a39e93ecd86191782a51e7b902c2f,281,0.004996598512624842,stitched_market_reference
1759995431,23538730,0x97827fb0780d0e4d1b9957468a03edfc1ae6578a75b9ad1e6e935cd0dbf644ca,444,0.004970756270628181,stitched_market_reference
1759996823,23538846,0x3631ba323b0e4412c15bc332b8262565a9874049634ff04993d7417c7cea6a48,194,0.004964260525596452,stitched_market_reference
1759996835,23538847,0xf913976ac42f206d55d2f039e838a14e4c908029cbdba027f9e023fed263f366,155,0.004965584205757206,stitched_market_reference
1759997363,23538890,0x5aa5d723ae02fc787355b090a29aee036f084b52f3f63fd8b3063d1d4e6f20b2,104,0.004939361550681179,stitched_market_reference
1759997795,23538926,0x2ff726f2fd6bfea63045c140a529979ec9c7ec1a7561df569400a5837f0c5b7b,26,0.004978999235321686,stitched_market_reference
1759998167,23538957,0x14bd7f8448601c3f17e0d3c32b40e70b72bb1b22429440a3efbb16111c37e906,812,0.004952644959379991,stitched_market_reference
1759998215,23538961,0x059bc1ebd61c8b80af4967b69dbc684e0edfe90b11f05df7fe9ef636e05b1bed,17,0.004979098726861103,stitched_market_reference
1759998635,23538996,0x45f6c982ab6b9235038a16a25b4aa0ee819d77474db0ce8123beb174d882f418,9,0.005004556033626367,stitched_market_reference
1760000003,23539110,0x3dd58759c2e34038cb6da4727cff3f7ff3a0fd2b6c6b177f2ad4ced5bac26f26,9,0.00497537065419097,stitched_market_reference
1760002259,23539295,0xef5f60ff8cafa38a2ae565d895e6a84ef35b8ff54350e63ceb4a7f0a875fe52b,248,0.004968006536173995,stitched_market_reference
1760002523,23539317,0xe9786a41bbcb66b86376bac6076ab922bb084848f22bbea3e689e6b25cecb01a,246,0.004993169415045294,stitched_market_reference
1760005595,23539573,0xbe9bc8d883af0c31d2b3678793f55cd0f102fd04473426b71756754edcee4381,333,0.005020492258460417,stitched_market_reference
1760006123,23539617,0x51acff36e75f20c8d258a70799a4d99fcca1d55647892eb4bf09a8d791349ab0,254,0.005030684118402232,stitched_market_reference
1760006219,23539625,0x74cfacbac27a114b4a2d62a164eeb754975add6f73f5390946074e71375afade,257,0.005005566648486726,stitched_market_reference
1760009039,23539858,0x50caaacc744187337fe417cb3b0705d3cc7065bd6f0dc1e023b6a192b20d868f,393,0.004979548656858439,stitched_market_reference
1760009735,23539916,0xeecdf5e85ec2757dd72310f60b9b1bfabffe99b023128e3af01fd57337b81bbb,220,0.004970027951617625,stitched_market_reference
1760011583,23540067,0xd4b60f4a59dd2edee31870ecccf29e21f773216f2f556c54b2ceae01889197bb,264,0.004997953200483091,stitched_market_reference
1760012663,23540157,0xfe674ce10a6b4df5a70df3ada979837f49719decf442e35ec680dba026831ec8,216,0.004975670699098876,stitched_market_reference
1760013731,23540246,0x28b23ac4aaf7975581e2c2fb9446c93b96af83434065d43bd3ac7db434a0df8a,702,0.005011018567795961,stitched_market_reference
1760015267,23540373,0x2a49ef1b7f265933f9a699a0c43e63090e440608f0ddbb44247a523a8981c457,164,0.004985739946949196,stitched_market_reference
1760016299,23540459,0x617f80b98b25ce32e05e774e57143349d7f9c1d78a0423f9ef02f13e1c10a4e4,355,0.004974144768096182,stitched_market_reference
1760016839,23540504,0x44b20c73eef80ec096f22064dade4488c0a9461a1632ef0448a80b2e74b47f3e,81,0.004943053727355333,stitched_market_reference
1760016839,23540504,0x28736cb607b3044b0622bde3f4ab1721fec4355a8f1f627e9aee62b771065abc,105,0.004968956144617935,stitched_market_reference
1760018159,23540614,0x15ec34c4d225d040f1a1d75ee3455161f536f77c4371ceaa7f8a487db9ecbd47,505,0.004940953157436779,stitched_market_reference
1760018363,23540631,0x5ccfd24c68c4962012f92abfd3e1e847ade2897df42726090c00e7910d8aaf23,225,0.004967661542152494,stitched_market_reference
1760018579,23540648,0x9959c4fa41db06017e9a33d3302475f01176d717c71c66195d39de772bbbe19e,373,0.004940729630974691,stitched_market_reference
1760019119,23540693,0xc69c9451722f09e84db0b85d777d670f93bbac6292e8ced833cb20d4dbc25f88,223,0.004969848794129109,stitched_market_reference
1760019839,23540752,0x46cfa0b93fe728402a4d14156d4ad2b13edef8f374402fe1f4f9257b2e5ae43a,396,0.004942166209283374,stitched_market_reference
1760020283,23540788,0x3d96193f74ef6e60611c810f0fcd42f1f8e7a8d93cd2ab46bd422891fc31f001,271,0.004970249699807877,stitched_market_reference
1760020379,23540796,0x17353f9fc112e36f562ee1f073f763c1c9377e86779b01592c94e03838007aa4,370,0.004944101266348924,stitched_market_reference
1760021531,23540890,0x1dd007a49021ef06c4bebb7d4406c91b45e2677b58de43e52cea3333cdfba67f,162,0.004972154871425404,stitched_market_reference
1760022059,23540934,0x7ee1a102d202b8232ba76d30e24046cac915599e2bf51c593e73f2080020851e,458,0.004939283797237221,stitched_market_reference
1760023259,23541033,0x8965a644822aaf3f775ecc7bb0f88f16724fff4e7e525d5d52a0c44af3cb3feb,302,0.004966114523405552,stitched_market_reference
1760023859,23541083,0x2822cb46f2bd43dd8a28c7d00640ddc76a07273694bb989f458343685e71cf8e,530,0.004992803728565962,stitched_market_reference
1760024375,23541126,0xdded7dd84f792a06fd5128689588e6365a6dfb08e38691719f5b6391a2a1101f,35,0.004966772402119346,stitched_market_reference
1760025275,23541201,0x606984b019b67578d77dd4f780b79872cdd3d6ca510463b7f76ee810abf5dca3,315,0.004992428838417214,stitched_market_reference
1760026871,23541333,0x392e187c120c0702188f635bfd490b171c8a9aa80fdf5fcfe7ac30f2bbedb16c,571,0.00496686399777399,stitched_market_reference
1760027327,23541371,0x814c61593616228253e06a211cf3ea5665b3944b4aab9b0e46f799e9d1308edf,504,0.004991737196387372,stitched_market_reference
1760027495,23541385,0x4a2e56b29f55dd2e7d702bce0ef3f3e7d6f0fa2824ac8f2acf4933553637e906,277,0.004997716865274208,stitched_market_reference
1760029139,23541522,0xc915e1bf3b3d1eecaa8172ab81bf480aa6c33d200df84457c570e2cc9ef85d60,850,0.005031182159157962,stitched_market_reference
1760029151,23541523,0x08d091faa1eb239e9cc5ec47fee9812e6cdefced4fc6257972aca175e69c9ce7,374,0.005001919679883213,stitched_market_reference
1760029511,23541553,0xad697e8b05a787342b3567ea29fcb1153c8f453a97afe9cb8c740696888d7747,325,0.005027993450278468,stitched_market_reference
1760029775,23541575,0x269139ac1033d92da6d523f75cb63ea0aebf12e1672be13f64e7bbc654f52e21,280,0.004999736220222753,stitched_market_reference
1760030471,23541632,0x005175cd03d17760bb5db0259441ffaf4b49b8ef4854e17f45ae74b7a2fb60f6,616,0.005027995259981631,stitched_market_reference
1760031647,23541730,0xefd2579971f84bb298d925b5b931e87c903412b20c1ab39b714a70bc0877a721,361,0.005053216910639043,stitched_market_reference
1760032271,23541782,0xe97a90eb43f5a57814f8abbedcc4ef13f2d13bb2308e68ee681c83b8a4b56700,467,0.005023576630894894,stitched_market_reference
1760034287,23541950,0x4dd41ef0bbc5ae973543c29f9f2be8d2b08f075da245c8bc1a134d79a6d8b9c2,116,0.005050256172901036,stitched_market_reference
1760035895,23542084,0xe3a44eee201d18d4ba1a23dc7ef7df0bf538ae35d7d8468c31678a61dffc4163,115,0.00507546674468702,stitched_market_reference
1760035907,23542085,0x0bd765c719cf457c90ed747dcdaee46919defa9ddd9a84362cee2b5c7c009811,151,0.005049580438208801,stitched_market_reference
1760037515,23542219,0x3bee821ca31c6cac29c7c59a1c680d1ed8fc8884d05594ac1062595dda49cdd5,253,0.005022829678600397,stitched_market_reference
1760039519,23542385,0x5101236c2ece3ba622628e19d546de54d0d595cc8b081b6a8d38c2c78d94e9f7,200,0.005013940221442121,stitched_market_reference
1760040215,23542443,0xacf61f8f83b0988824fa7dfbcda1eea2897a180fdca3a35f5f22d963e1a5c0d4,131,0.005039132790598388,stitched_market_reference
1760041151,23542521,0xba5294271757b444769eb762a6441256d1f76125dc2273ce323065d1cb9770ba,165,0.005034237369031627,stitched_market_reference
1760043887,23542748,0x9dd3385224e3b78b8c32cd3b79ea6d023127dcf49005cdc01287d855b4a87776,804,0.005030531170913763,stitched_market_reference
1760044487,23542798,0x53d2bbf0e3d2d026228da8e6efd8748bee13d3a60f4ae6afdbda9f48434072ea,125,0.005004066632370784,stitched_market_reference
1760047511,23543045,0x7a7965a3ecbc5c9182fbdcec66e12b7516b29d914f1b20a1937a67e36086e2d5,95,0.005012692908351775,stitched_market_reference
1760048111,23543095,0x12364f1cff7e9b34a5dd54ea997169b6341ff17bdc0077f6e6f7cefd809efed2,506,0.005002866896873828,stitched_market_reference
1760048987,23543167,0x93c324807e8c4dc2f2407dd56278b9268505a7e22fdb1da112c3e0557e611f7d,638,0.005028128016987651,stitched_market_reference
1760049851,23543238,0x42d48c94c7b6b085fa46ad58fdabe2d47e0447fddf59d2eb6cb80da0336599c6,377,0.005053833904813552,stitched_market_reference
1760051747,23543396,0x7c69c3a1a8c84b4b0b25c6e68ec846b65854742a6c3c144594867a0586e64b2e,738,0.005048244270739757,stitched_market_reference
1760053463,23543537,0x8fec7b5f69dc1c357c433c337e5a410f6f5ece8aaf88f2998dcbd54a52e4064d,113,0.00503508970309718,stitched_market_reference
1760055371,23543696,0x59bfabce5c872ec3c5f320968bcf7e86d28e7e45d1556e37351ef97681379521,423,0.005033754694580615,stitched_market_reference
1760055479,23543705,0x48d52f9d15fd427e0458b72c0576bd5a13db8e4d7bedaf4454242ec440671464,320,0.005059006800822595,stitched_market_reference
1760059007,23543993,0x97a46a74fb7448afcecf9f899bf05c59d5742cd6e14b316d06889b305d3f2938,276,0.005039887948036614,stitched_market_reference
1760059091,23544000,0x8cdacc1b2f57f1ae8395e449cd124f1dd773940c7d4ab3a6c49e771f9f53677d,260,0.005043693683749514,stitched_market_reference
1760061983,23544238,0xa0b272cb44d8ada2917c5ff4f14292e94a7e2458765eeceb2689e273f6a7f66a,384,0.005069580216324492,stitched_market_reference
1760062715,23544299,0x995c6494b263af12159f09069152499dcd875640d8ae057bd6ad94c6b920f390,118,0.005064700477082105,stitched_market_reference
1760065607,23544539,0x336b3a3a280acde20e8c3544139c813123745862bf131e32c6a5787f406fd327,57,0.005074738516568597,stitched_market_reference
1760066327,23544599,0x90e53b52c975bd881b33983d0547dbbf81fb409afdb082272821134f3faec95e,332,0.005066019244103717,stitched_market_reference
1760066531,23544616,0xe83458a63514ff6f3ba8c10f3a28d0a4133277c2c40e0303631ac2dd932b5f90,448,0.005092333366040014,stitched_market_reference
1760066891,23544646,0x2ad5dd5f555aaf18b4b93865a76e5364999e1c9fe15d939e99cce546c66725a0,343,0.005122252164069119,stitched_market_reference
1760067047,23544659,0xaf20a91ec30dc9ea790a27b5459b74f2b2baf68694c1b59768917604ee6e2d47,1170,0.005096554685501845,stitched_market_reference
1760067047,23544659,0x1d4de2dc781553bd8dcbaafcb078df1afeec2691dcdb8df5a0d6a793096cf13f,1173,0.005124750401914574,stitched_market_reference
1760067947,23544733,0x09e3b821fc1184bdd49ff8c7bedf55f5d48a6843e1e75269b136d01267f3f6aa,35,0.005151578428148635,stitched_market_reference
1760068487,23544778,0xae4a1c461e4d83ee1a90b57dd1d545c76f4d77e73f6a73c9651df242d5749029,215,0.005124618404947203,stitched_market_reference
1760068523,23544781,0x006f015f8450601dd529b324a0167ae490894a97b372b8dc80ac6323da0f2af6,386,0.005151723824609733,stitched_market_reference
1760071007,23544988,0xa84a4d4a06baab1f45873349ad8162ed15cd912473cd1a06007b5d9b8cea3eb4,26,0.005124324910468319,stitched_market_reference
1760072147,23545083,0x839f14cd705c2b06aa1277d345842582bb39c41f0c83f034ccad77c7acd12e40,213,0.005137601174844959,stitched_market_reference
1760073947,23545233,0xd153e6c4b9e59ddfe8bd33587aa720f019ca15a495852f5db9782a2ba737226c,60,0.005164447567503121,stitched_market_reference
1760074403,23545271,0x8b767cb730ffa85adfd5077b072b13000dfcee69d0232a2c7d51743e9d1b44b2,280,0.005137711927067731,stitched_market_reference
1760075063,23545326,0x0641e444679aee7ffac341c6681fb726fd5944a3e731b5ddd6c89db16a212fcc,418,0.005164915222268011,stitched_market_reference
1760075483,23545361,0xc48b4eba32d8f989c436bb313ef5b1cb81533ff75f61f4a8114f3cdade30e5c9,150,0.005139058651782853,stitched_market_reference
1760075663,23545376,0x9b88912d852799aa4f7a88bd3922ef275f46ad500e6a9b3b769413bc61ca3f56,286,0.005166565293536908,stitched_market_reference
1760077883,23545560,0x73c983698504ed37c3cf627c611727e94814a4484ee9b31507618615d04c6ac0,98,0.005140380310575877,stitched_market_reference
1760078315,23545595,0x5a530beb3ddd474a85717c71481742f50dcdf2e2f41edd9e59e1c2725956d0f0,408,0.005167912942574148,stitched_market_reference
1760079083,23545659,0x8803740c3f6e1ed36fb9821ba69f13d4605efab87995fb0963194e01735cf7eb,478,0.005137223887607233,stitched_market_reference
1760079959,23545731,0xab0e75aae70c4eec2255e60c58783f28cf17e2c96f5124ec6413c06bcda46cc6,316,0.005163174445969117,stitched_market_reference
1760082203,23545918,0xea17f04549accaf66545c597ce939ac4de269038f404e15c63ef613f3c87412f,353,0.005190066967333177,stitched_market_reference
1760083127,23545995,0xab05c0156bdc467675bef45acf34961efc9957b4f2a53dd7a52dd2b74124069e,249,0.005163704353339457,stitched_market_reference
1760083223,23546003,0xe378725dae559bd7f14e27f9e3f97bf1ce60f431459cc20751a4625dbc3e9554,225,0.005159534595077613,stitched_market_reference
1760083223,23546003,0x9429218b9f8791d30b586f1edfe8724acf41c5f7e8efe1a70980f7a4968b1278,229,0.00515724651084876,stitched_market_reference
1760084183,23546083,0xbaf0dcaeb96a8a94b3e6f51027d8f19eaad0877dcc74195308a8f417d3595201,225,0.005191395848369197,stitched_market_reference
1760086679,23546288,0x3aa5566d86c7074b00e19e49526a8620fccdd8c17344d69a841d0442a373ac32,206,0.005164769398488275,stitched_market_reference
1760086691,23546289,0x88759e1bdba33a75edaca5ee90df3ffbd81699ad8335e45dd6d5687b40858e5e,255,0.005192549862406158,stitched_market_reference
1760088575,23546442,0x149a80a3d67c06d91164ad17c8c924dd648ec8e9b239c812a247d3dd6028abc5,262,0.005230566565823467,stitched_market_reference
1760089811,23546545,0x8a0f96d90422299d3aeeeaa9e7be4384233fd68ce7271c5410ae47939f92d514,425,0.005198951537580743,stitched_market_reference
1760089859,23546549,0xd4fb68d4609551da3cc300982e7e02408c002717863d9751f87844d48d1689ed,363,0.005228271631212236,stitched_market_reference
1760093231,23546829,0xef1ec729a55683cb565574f80f79803f8de17ce379c286cfe3b299590a6d7e00,189,0.005201924666660497,stitched_market_reference
1760093435,23546846,0x0c6a71f6cdc2b41a80fcc12f6946e3887bf9e5c2fbc8e1c0c9d8f4e833f9470e,895,0.005174525388822797,stitched_market_reference
1760094611,23546943,0x99f63296cb25aa5cbf1fa0671ebb1f9bed61f2e17eae5380a49851f9743a3e5c,453,0.005202192718963783,stitched_market_reference
1760095007,23546976,0x100f07879cbaceda210ad1c8de0f8964b626fd9629ea8655dce1877bd44983ef,68,0.005175617466018993,stitched_market_reference
1760097059,23547147,0xc72e0f72336c3c96e49f6f3ac62d9125207ee23287620e74f70daf5fd794c6ff,126,0.005181118600040061,stitched_market_reference
1760098583,23547273,0x61d8ea27ce4398b45455c41817fae446683811f00653447a609c81b3ab755779,139,0.005154994954376358,stitched_market_reference
1760099087,23547315,0xff0562d6ce6e27c82751efa5ca4b8e60127348df1da118abfec2ab7c6e3ab1e5,26,0.005183108273038379,stitched_market_reference
1760100659,23547446,0x7eab469820d2e722a15724f8a144d89c37126ad12d79c739373abbfaaf30144a,199,0.005180127618090658,stitched_market_reference
1760101247,23547494,0x65f21285ba91447726f41f33570ed6da0ea91291bfc4c522e55f447cd7ca84f3,359,0.005209027514968612,stitched_market_reference
1760102435,23547593,0x2e0b46cb304c2fed78fab39d57b17182993ae7c67eaeb13a06bf28bb44b910aa,117,0.005181132001063581,stitched_market_reference
1760103575,23547688,0x112494aa58526501af18ffdd1cc2ac32ccafee517cbc5411e975e77874436e68,45,0.005208621762887488,stitched_market_reference
1760103611,23547691,0xb640bd4c67cca26843776afc739df2485497adf2d3e011f481b591c7bcc000a0,453,0.005179867429245114,stitched_market_reference
1760104175,23547738,0xbfdc715163103709d0e1b98f46450dbb70154995aa0882a1f2f3881d31c13d9b,110,0.005206705935780814,stitched_market_reference
1760104247,23547744,0x9b63d353f5c820433c617e6212b09d3ab6907d7133074603414f7fff15483de6,1305,0.005180045753328751,stitched_market_reference
1760105267,23547829,0x07166d5551f29dabea1c0fa5247f2b6d7f5bbb0ca2b98bbbdd78a0b0b5acb932,300,0.005207095068692023,stitched_market_reference
1760105663,23547861,0x511bf0aa563639d5e4e502bc3b943034c80944dd826a79ba83d6a7c3f2876b3e,760,0.005176978470381574,stitched_market_reference
1760105807,23547873,0xa995e0c2a410ebee9e096783e3a85e06a13095a831525a12f967436d48065f8f,181,0.005203165619895552,stitched_market_reference
1760105903,23547881,0x12b43b2c91c50319a688002bc9ace7a753abb0e710235b5de61992a4aabef055,343,0.005176404387236294,stitched_market_reference
1760106275,23547910,0x060be42853643308b70e852b3eceb32b06614f78dc516b43c2c156c09e32aa9c,12,0.005202681603901188,stitched_market_reference
1760108351,23548079,0x7115350d8e3f3e131dc95e3915de1c54d16c029cfe04ad36dd3a10a8bb048a99,688,0.005157320108523041,stitched_market_reference
1760108375,23548081,0x1d6eb5d09e03a50341b9c6a9e84907356852ad6d75c9d4a7b8b4b62db77cc2f2,896,0.005199435191607064,stitched_market_reference
1760108495,23548091,0x42bba2ce7c3034a1af8b75a0b689cdef2c78e73b078ed0b05f0579d56b54f75b,1100,0.005227870327137995,stitched_market_reference
1760108555,23548096,0x22b42fc0b2cc07ff59e9a26e66ca5814a2d04bfadb564b12770bd493a9ecce01,752,0.005198297739881197,stitched_market_reference
1760109491,23548173,0x83550273cf28da553715c3fd64d63a700b3bdfa48cc388abf047e02a068bf6c0,388,0.005227850868335738,stitched_market_reference
1760109515,23548175,0xf3daaa3d30e0aa6f8c92c288ba84d457c5fb7338fd150d798205dc9de1106354,350,0.005201694561785052,stitched_market_reference
1760109671,23548188,0x692be82a0509d799a784e45a38ffa35c51df619fbdc2afd1a22bc8a86c779efa,290,0.005231856036348349,stitched_market_reference
1760109695,23548190,0x64e8aa8c06de63e1fde15f5c920d26003e68c9254240470848eaaa44a6cdcda8,652,0.005204408136916391,stitched_market_reference
1760109755,23548195,0x75f5f3ba3b9623be7a138d53edfb97f1d80edca37b0a86840a6c8744591b5201,51,0.005238269558846572,stitched_market_reference
1760109755,23548195,0x7f145d35943eb47eb1807fd1d18d93759e657dc49c4bc424f69f96343f282d09,735,0.005209824565797695,stitched_market_reference
1760109935,23548210,0x5cd01b4235969acd30c625c36f1686dc331ca907b0cc6e782655ab6ea4cee883,328,0.005180520495777543,stitched_market_reference
1760110211,23548233,0xf537da7d134f69bc3e8c10ff677f79e2d5d2ecdab9e2346f03ea8b055156eecd,437,0.005212603247905535,stitched_market_reference
1760110235,23548235,0xa545e7667a18def4bae47e0b3f5a17e1c0cea5a32f447848795d5704d8189b9d,107,0.005177254833724629,stitched_market_reference
1760110271,23548238,0xe4dfe3388e1e7e71f266c8bb6f8c1d4bd313e38cd3c745fffe93aa083ecfdc48,26,0.005227789532898103,stitched_market_reference
1760110331,23548243,0xfb97a3fcf678698389650ab41c0bc1b722640186253e8c2faa3cf5e59351e956,34,0.005280755336813407,stitched_market_reference
1760110355,23548245,0x91dd6709b2c456174c529d151f589b9b03bcc9fe51f4429cba8eb3c85c2e2b89,633,0.005240256299528011,stitched_market_reference
1760110427,23548251,0x39f92df120c715fa5bf1a7e183a76a47922ab6f964e0bea701e09640e6d737ba,1216,0.005185889012724284,stitched_market_reference
1760110523,23548259,0xbeec366fac406c0d43f35b1e6c19bb8b8281fd2fd5793052be7b96fd6299e9c2,196,0.00522366940179537,stitched_market_reference
1760110715,23548275,0x352e904d5be68ab732661065b94c98ef5ec1f9356e743d3ffe65988d34292b34,59,0.00518864895195454,stitched_market_reference
1760110871,23548288,0xed85395b448bb511fe00673572e00f1bf377ac4718a875eca6efb57a83e7dad6,571,0.005227051086616635,stitched_market_reference
1760111015,23548300,0x0d864e8dc3e9a05f7a9cd7b937efe9a86905836cf9be29607a71430d82d6bf8c,677,0.005191341006865229,stitched_market_reference
1760111039,23548302,0xcca563e5342d6ea79ad63f969425940b7a2b3955aaae7b67635b3171b5862bd5,274,0.005221054793622402,stitched_market_reference
1760111639,23548351,0x38f1ea0468d9a3eb50610e97416660413b0226c013e1f31d06ae98496114eb94,131,0.005192313930506325,stitched_market_reference
1760111795,23548364,0xb828e3e4a68a2a4205e2c11568a384337e20247bf7bd129fe76d5ec16f165a65,108,0.005219656687432158,stitched_market_reference
1760112059,23548386,0x77fa283740276a6b5fbbd849176644ec8470455e9f58216efe69979d4a1ee012,148,0.005192907595381783,stitched_market_reference
1760112431,23548417,0x30654a38ef816f55de20cdf931973dba9709367f92e6cd9b649b65f9695536ac,277,0.00516449156599571,stitched_market_reference
1760112539,23548426,0x1494f5a1242a1b453fc99b86443ce26665e1295e54531ac897f567cc63ba827f,202,0.005196276828538309,stitched_market_reference
1760113115,23548474,0x4ac22d775a791825b204665b087f71f6bf7d93a29025509b602c881afc2b8499,171,0.005223930815853901,stitched_market_reference
1760113139,23548476,0xea86934aaab030c71bf6cf3ca7f3085f378bdd4c51a0d9d7e2520f922ac05df4,346,0.005195439054045593,stitched_market_reference
1760113439,23548501,0x41e561054838d2ef4d4c130ba371208844d905063ccc7ff0464292daa7cee6f5,72,0.005233466800986779,stitched_market_reference
1760113451,23548502,0xbf00f560e05cb947e6e50f171a06c3bf2781984929d82b18622733a41df7529f,241,0.005202539511344402,stitched_market_reference
1760114699,23548606,0xeea3a67aa7b474717dfc73d3db76f37b48b50c97405c9322d00e39414080e9a6,180,0.005173379179325564,stitched_market_reference
1760115035,23548634,0x91be211911939acd64688289f55e3b1cbedba13a2ccaf8e10e37843ad0d0430b,349,0.00520001798728565,stitched_market_reference
1760115395,23548663,0xf9e372d075ae472ec1aa74963f9deafcc61d0eecec6755fee1ee44905bc44a1e,332,0.005173536395095947,stitched_market_reference
1760116379,23548742,0xe8b6563de108bf862fb9f98e6c7c5e4cd9a34a74ca9d0f45317ac3507e016b68,97,0.005199523119824359,stitched_market_reference
1760117975,23548873,0xafef30a0bc3a5d36540853b56490632c381a2be0360551250327e20d60371405,197,0.00517259604872232,stitched_market_reference
1760118647,23548929,0x53cbc9de9dcdc94acb06d284a4c66482f823e097d4b53d65c8512fd1977a9ee9,36,0.005183898284265843,stitched_market_reference
1760119271,23548980,0x37184dcc87ec28e2e4d63a1d9ed7dfbbb78c80f1224a5240a1dfb3ae106e5f7d,184,0.005156894682347425,stitched_market_reference
1760121515,23549166,0x32e8cb94c356b23191ea4688cba8dba8c9e8f61816c29bf74dd6884437764991,245,0.005130709673165585,stitched_market_reference
1760121647,23549177,0x7578524936bdd4163e21e81ffd92919af03ae30beaeab24b31ea8671f79c8863,138,0.005163404611819292,stitched_market_reference
1760123207,23549305,0xccf553c7ae43f5af983555d1f0c354acb30f94ca097c67a37fbf3b7dcdee1aeb,2,0.005190463043846068,stitched_market_reference
1760123375,23549319,0xed681d268e047e5a2e5152d1a7026bcd2665b138fd65e4768d4165738faa57f8,558,0.005162975842032685,stitched_market_reference
1760123567,23549335,0xdd53ca51022a6094d3e66e70166900a780f841dfde75f0a7a2fc1c4456421ae6,7,0.005191508444599008,stitched_market_reference
1760124047,23549375,0x49deaf650ed834f6c906cdfc44b45b3f13c3d106915c87957bc2bf372238c341,294,0.005164800715412417,stitched_market_reference
1760124143,23549383,0xd15f785fff522f6a5cf3f19bff488479ee156f52c89205305ae090d3f5cc31b3,381,0.005190918210505815,stitched_market_reference
1760124407,23549405,0x28ccc3d0b7a8043003e3d16240535b98ecb54899651cbbbb2b190fd26bec1f16,41,0.005162594944095029,stitched_market_reference
1760124527,23549415,0x8dd2165050c1349818b27d1bab11aaa32ba8a0d2293df780e73febdf3cf0d965,430,0.005135857892371448,stitched_market_reference
1760124527,23549415,0xdc7c041ef0cf53b12429ad7f183e37aff3caa145dcd5b02f6280bc851cf3cc01,576,0.005171855554205054,stitched_market_reference
1760124611,23549422,0x739cc18b316927e270d449c673bfbdf3ad23e326c707a23fe2d0a43959d0e2c5,6,0.00521704038136555,stitched_market_reference
1760124659,23549426,0x2c2fc23cad0bcf1678d74c6c1ff8d1d3665afc19413a22e60f6af30ef909e95d,96,0.005157092117940827,stitched_market_reference
1760124659,23549426,0x6eb14f7738deaf927ec984fb50c38313c45da6fe2b8e1f2220bd0772b39e17f8,261,0.005185638257623527,stitched_market_reference
1760124671,23549427,0x2f824496b72ba5a5e728368cb00e480c8db3e3a550421fbc857c7880409ce277,349,0.005154024784743168,stitched_market_reference
1760124851,23549442,0x5acd14c5d994d49ef5290cd388f762b8ec06105cb5b43aebfab3a0511261aa1a,632,0.00518821952817022,stitched_market_reference
1760124971,23549452,0xe1ba24bf2ffbc37b1c4da0e3632ff1d92129e7d2ab0e65f0cb7e0716a266c2fc,543,0.005162033651551771,stitched_market_reference
1760125331,23549482,0xa9f8a429a3138ee85956477297a5e2eb67596482c0bcc524774cd146a92f95e5,335,0.005128083299368412,stitched_market_reference
1760125331,23549482,0x32209b25854791986008606457fb53d7f5f5b7ae4485565f3d74a57466b563cb,348,0.00515414836441299,stitched_market_reference
1760125547,23549500,0x14ddad6780251f22642ca7d9ef13d35420d8cc26298950790fa4c49a2a02b2b3,370,0.005127199914645917,stitched_market_reference
1760126051,23549541,0x02095c991715681e44ed1a3b748a218273f22b7ff7323a044f80ea4671e1eb82,118,0.005098613740518625,stitched_market_reference
1760126087,23549544,0x51f5b62b2d4cba95d2a4640f10f6c3bcb0815731f468f8b6117731986130998b,338,0.005125039388763812,stitched_market_reference
1760127203,23549636,0xc60e80835692ea6a7fbb698f0abdb5ad10efd931ce7d6072d8a6badc1e4f1273,116,0.005152775216167107,stitched_market_reference
1760127467,23549658,0x72e1fe0319380fbd1e57588a47242062ec2649972a4b9fcda36747a23d28bd86,227,0.005125258242078934,stitched_market_reference
1760127827,23549688,0x519a6bc76524d0985750579d9b80dd1e1df5fc452a5ff8cd59b28f8b5f170d54,367,0.005151903840827475,stitched_market_reference
1760129447,23549823,0x90013279bea86ac607eab183914c8f519306c7ae4e6403f5538375ca4addd5a5,1082,0.00517887719634491,stitched_market_reference
1760129483,23549826,0xa2b9e80fe87b193df982429321078969ebc7f8748640211accd60412ff380d6d,721,0.005152826415801414,stitched_market_reference
1760129615,23549837,0x175da4394eeed5dd5978ea8b916052bb5612e48aea454481a23d7bbbd9752c36,87,0.005091424914765403,stitched_market_reference
1760129615,23549837,0x15ef6b6f56a21793846601ad1fc94d6d43618736ae64693905dbc37373f3e7e8,205,0.005195645450153264,stitched_market_reference
1760129675,23549842,0x6bec35bac90167d57aff9f45ae43a80c745b634e7badb4148651df0f969c341e,216,0.005161572285481903,stitched_market_reference
1760129687,23549843,0x3151ae4c4b09fcbdd793840012cd19a1bb44058323c1243b3c3bba5290a005d3,146,0.005216053287766754,stitched_market_reference
1760129711,23549845,0x9ff3063ce86d36be47a56c292ee94f362b297b44c450d985936816e537148abc,935,0.005180094969517374,stitched_market_reference
1760129711,23549845,0x9415da1e94edc6dbb6b50e32e880d6cbcfc546effdf595ac8f90febc4be5c515,1059,0.005130558343585017,stitched_market_reference
1760129747,23549848,0x5ef6a87f03c9482680704e0be35cc1bcf6744526351c14aa7ceb26a661e706e1,415,0.005157239642687368,stitched_market_reference
1760129843,23549856,0xf06038c61cac43099273a1dca1ecf4d636e9632be519e8474c67bbe4190d8ac9,369,0.005210183560125806,stitched_market_reference
1760129843,23549856,0x5590a34de4aad6860a8eafcd8c001ebcb13a29e0439d60e3c005f389d6bf0881,378,0.005176195743833814,stitched_market_reference
1760129843,23549856,0xa1b790de34a8299670490fb3e8178eaf58e38a5754ab25dc31806b4c256464ec,699,0.005163925630346523,stitched_market_reference
1760129867,23549858,0xee1adc8d3706086a3db359b2bcd437e32b1cba0421a6e64ad1f80ff6ba0cae9b,76,0.005134412701137644,stitched_market_reference
1760129867,23549858,0xb7b26c7518fe1dd9fc59467ddd39e383034e899a7ec84b3f30ac4582b6c69b61,79,0.005105460182433124,stitched_market_reference
1760129999,23549869,0xa8b97e11ac7111ffcabd0b0ce3ad8c55ca81faf6f373adbed228b70b0bc5ead2,452,0.005136414489286671,stitched_market_reference
1760130023,23549871,0xd7f2c75ddaed8e5b36acaa7c0a07626acbb3dfd440bdf60b2ba7a219e10ad280,188,0.005030712835887071,stitched_market_reference
1760130083,23549876,0xebedc8d664e2d152ff49484a30369c27b032e52bb55f3c3edc86d40ce51fcd3a,133,0.00500464776968922,stitched_market_reference
1760130107,23549878,0xaaa00060f6205b79180f914e7d7242fec142bd45104647b2f2f5f8ef4e3e951d,1173,0.005051272401064114,stitched_market_reference
1760130143,23549881,0x3c917656d9becb40af05c597762abb4bdc4980dea8a72bf603aaf179601ecc30,129,0.005081744808314945,stitched_market_reference
1760130143,23549881,0xbde650d4e6a935fe6aee9378de90cfee3c94811e23fb206e3a5f0c23e6e4efe4,165,0.005055368609469883,stitched_market_reference
1760130383,23549900,0x66ee3613b774eebe83507eee91107611f056ddb517b7ac52d74f4d10f465383a,584,0.005029336944034137,stitched_market_reference
1760130707,23549927,0x6028d7b634b5be55043a5fa5c215e33f87b6d85231654add964a9b53a852e43c,239,0.005065919986774673,stitched_market_reference
1760130719,23549928,0x8a43ef5fb4d6cbed0a63e3233f7c1f0503f5f724cf9696e685ff26fd39538336,415,0.005025366279550338,stitched_market_reference
1760130791,23549934,0x80b3a2e61e58338a276cdbb44f32c6219d7796af5808fb99d1c5f3d08ef1689a,190,0.004968635569928913,stitched_market_reference
1760130791,23549934,0x322ba138e9bbfee6f5afe8a626ca02fa66bf9300891d8e7acdfb1abb1d83a9e9,193,0.00505549755200181,stitched_market_reference
1760130815,23549936,0x10015d609e5d7abc0f822a28c252a21dd7528e5731c35d653cf25555ae412c99,393,0.00496799145615319,stitched_market_reference
1760130827,23549937,0x97815a1cb5244efb04872cbc529dd869af92131c1d80d9020c6ba789ba5a5ff3,2,0.005086690542403674,stitched_market_reference
1760130863,23549940,0x7236f393875e947bbf381c9bb9ce0a9cf72107d9260d18f8087cbebd05c87561,518,0.00489853066383674,stitched_market_reference
1760130863,23549940,0xf032f558b4d924dd5d8ebde03212ab5e250097d92465b324eba70b1709f7a0ec,944,0.004849522790060768,stitched_market_reference
1760130899,23549943,0xaf1e390b61ee89f689e6dd819e11cf336a98acf96219eda2cd16d4e3bafcfb18,115,0.004938921997756826,stitched_market_reference
1760130899,23549943,0xb607261d7412712c0226000ea5868489e9b85814e3a5e887bc282b96ede6631d,288,0.004688046973446895,stitched_market_reference
1760130899,23549943,0x3adef25b76858e609f1c53906d346df9b83af5eefd437b971bb6ce327bc245f7,387,0.004757336399869843,stitched_market_reference
1760130935,23549946,0xba5457a39521741d90d1b8fe12b1965380459fe30a77de982da9a8d9b41c9b2d,396,0.004867719383684989,stitched_market_reference
1760130995,23549951,0x9ba044713fd8e431cda5022472b47e6fdf825db279ef6f92c8f3c8ef003a17e3,198,0.004775959281873566,stitched_market_reference
1760130995,23549951,0xf614acf763a585a2524475569934cbd9c63bd563a395c33741b9f3d2de0b5203,276,0.004822155795504632,stitched_market_reference
1760130995,23549951,0xe6d0e3b23dc014f3a4c0e0099f6138d259f3f9c6dd3452184916c42c5c7d6460,300,0.004668804955452754,stitched_market_reference
1760131067,23549957,0x2b55715ed1d2efb9884454e76a865d0b429d96fcda90958e47e63cb2dd9778da,186,0.004864480516150291,stitched_market_reference
1760131067,23549957,0x7c7af80f6ea6a1a01fad40d86e191f07db98a8fb69e4d7dcb4b950afa49147fe,237,0.004501185572056186,stitched_market_reference
1760131091,23549959,0xa2201d23e14b517f922c6015a6437403b8e15e8d25677000347887bf0fc304cd,766,0.004418019124877809,stitched_market_reference
1760131127,23549962,0x987cdef3ca698b5011d61ccb0c87c2999729239d7df2dacc4480f9edf9bc2705,812,0.004487544576065708,stitched_market_reference
1760131151,23549964,0x73b5a396d1aa35466856d93141297104f38006b7901b5c20910cc42b8de6166a,186,0.004136159635887045,stitched_market_reference
1760131163,23549965,0x0c2fbca75b50f45866eef8820e99d31622d952107af5be91e4d7ade3fb7e35d0,980,0.003752893955239728,stitched_market_reference
1760131199,23549968,0x7815ef5c0c71ab535674142a2954f3911b05b1ac8d953d0b9fa687431d266398,379,0.003485271138508987,stitched_market_reference
1760131211,23549969,0x92f7769aa496ae565c804a15317ae5d0578d6b209e8285ca94f57ad93aac64be,79,0.003509097205182931,stitched_market_reference
1760131211,23549969,0x235ccf91aaaa2a5d6f5c3820867e7ec5b6fa5970e4b305ee56cb8afd6675f511,440,0.003579444848517043,stitched_market_reference
1760131247,23549972,0x951073f3b3176391375002a1c1047b47e229843cccb5907d6f8dd68bb5a0e972,659,0.003616245512999291,stitched_market_reference
1760131259,23549973,0x18dd931b37890450139e45951b24d34e94b5c63dfa65d8228f31ecf4e4768ec3,2,0.003026492558617567,stitched_market_reference
1760131295,23549976,0x3ef9ffa52e77d7a42169cf58d29a869287b99476d98f6f4e98ddc647596789e6,427,0.002975812569105161,stitched_market_reference
1760131331,23549979,0x0c5b798280acfa3df4d5db4491eac473a73a207587d7dd9477f9687d7b28fb9f,290,0.002756869931301153,stitched_market_reference
1760131451,23549989,0x3d4cc5475227e4bac502ce89b9597684348ca1bac26bc9867a48115b39bd1f3d,195,0.003020789921376931,stitched_market_reference
1760131451,23549989,0x1c430115e87f324b16846b44f887060ecefe8d025ab75c03da84b6cb805583d9,216,0.002902922853563406,stitched_market_reference
1760131535,23549996,0x1794dd660e3faa3e987309609f10d3c69970649f32c6052657f4e36bbb71c2c2,554,0.002895313546248835,stitched_market_reference
1760131535,23549996,0xe7d89798c59cbabe2bc9142a3aad1b061f1abeafe9e648733f466c641dce2ca2,557,0.003050507739015412,stitched_market_reference
1760131535,23549996,0x61970c6e5bab4451baae55be27b8f0b0ff3fac4ae852099a58d4f1817d49cbff,602,0.003079164145404144,stitched_market_reference
1760131559,23549998,0x28e4bba5866d06cc05613d752943a90516466c5ce0353fedaf32536798ac1577,623,0.003096372759703375,stitched_market_reference
1760131631,23550004,0x911687f365fd30238f1cb2f231beed5017d14454dfe0a873b891cf9226c03ed7,82,0.003198107493484776,stitched_market_reference
1760131643,23550005,0x863940f07c0be63d771a75fb9dff0d1bca13fd774fa7aa808b18c2b0a057104f,159,0.003247845188910365,stitched_market_reference
1760131679,23550008,0x40ca52ada690ce82d2d03544ddeee61e86b3e9a54c0ef0f7e84b616849c3c616,41,0.003418300902840958,stitched_market_reference
1760131679,23550008,0x3ff3eb25c80bbcda803a11e8df74b00614b0f52bb0d3b6c34471dcd6ee0eefe9,53,0.003462051537771523,stitched_market_reference
1760131679,23550008,0x63d05143b94ebd5bb90405d34f1c16fb9a6bc3914e7f474690dddb806de79897,56,0.00348602554762733,stitched_market_reference
1760131703,23550010,0x2283ba6262b85ef534d6e64544ce5f892dd7afdd4773f1080269d3ad2603e556,266,0.00351010588541241,stitched_market_reference
1760131811,23550019,0xec5b14c6414549cea479c39a69d77b7973c38d5c9f853cc0c12f159558fb4549,316,0.003578858582068035,stitched_market_reference
1760131859,23550023,0x8f0cdb529bdf0b399b8127b8357520d52be4fa93d9cb778ba7308ca00f8e37e3,217,0.003666038281593839,stitched_market_reference
1760131883,23550025,0x1f5c5dc08f828e13794a4ab969569233a61fc32b38bf55ad4fc9e977983d4e9c,108,0.003639904939464547,stitched_market_reference
1760131943,23550029,0xf63544eef0821b3520395ee3680db5d41fe75ecab544fd2c21044dc650b727ec,182,0.003559574753027875,stitched_market_reference
1760131955,23550030,0x2c9735dfe7c3c4d201440a90842299c01f942269c0ffbff249e81477925f8e62,335,0.003577516717364742,stitched_market_reference
1760131955,23550030,0x1517a0d6afadaa19b1e2617f7841ad29c94f1a9d02a3902478f16a2e78423352,338,0.003709854381609979,stitched_market_reference
1760131967,23550031,0x0ff22523efef67f3e9be4e14562bf5e35d1f2770c03c84bfc68179fb99405ea2,385,0.003655454814196617,stitched_market_reference
1760131979,23550032,0xdc9b28afaf3e5e463fd31535981c9bbe301dd03ee0f512eb206cb847e11fe3e8,177,0.003607465922610338,stitched_market_reference
1760132039,23550037,0xe6b02b6df0654e78e735451a410d7350d43be17f30787376b59d59a80ed15cff,239,0.003706673887301905,stitched_market_reference
1760132123,23550044,0x5a60ac63785d5f15438cf3ebef778c5525b9d50230d98197674f66998571f74e,291,0.003814826957475207,stitched_market_reference
1760132123,23550044,0x851f2566d1128eea60993af3b2ae339e310561838366473d7f404243b40c9ac9,450,0.003782764968878758,stitched_market_reference
1760132159,23550047,0x24e90518c6106ebf7ebd92b523fc12aef44cead08d2743a679e29fab20953ccd,742,0.004118709670563795,stitched_market_reference
1760132183,23550049,0xb20220a35e5c93c5e0d10635a0fcf7da06a5c5cd0554c2e9b8fe68e47988d88f,66,0.004029712358971498,stitched_market_reference
1760132219,23550052,0x08f89cbbbd411e2eabc3605eb4ccdb5463bd81b73fafdfa4cdd8d3468ef8ec45,234,0.004073147923523833,stitched_market_reference
1760132243,23550054,0x450197eed06fbf7f4af7eedf382b6f28ef89da61a2fa3360ca5e4dae9363c249,278,0.003923537187426115,stitched_market_reference
1760132303,23550059,0x8a1aff887603d8897a1598d6a96501b9dc69ee2055975ac0d16439e1807a68a3,435,0.003828715222710138,stitched_market_reference
1760132327,23550061,0x494977a3a116683fbfdf5fbc5e2744f4b4bc11f1ce653ed2a1a7f0a11bec6d2c,266,0.003877484271842904,stitched_market_reference
1760132459,23550072,0x60f56c398ee724c2745f069a18c7065b765c00ffaac0f105381aa2c32f434414,202,0.004344653677608534,stitched_market_reference
1760132519,23550077,0x61d49fbb236d3a53de8c49d95d38b4003ca0519181f16f63a7152f416859d1ee,187,0.004321236953466651,stitched_market_reference
1760132567,23550081,0xd4330178518d0086f9a02c105e1ba9c55c8097bfd6c70646fb2fec46a4335c08,238,0.004296482756954837,stitched_market_reference
1760132579,23550082,0x10106e863ba40ae0d7638d06888d0b716b82877c06e24c008d0d95c7efb4b3dd,348,0.004130296815489341,stitched_market_reference
1760132603,23550084,0x171ad790887906b0d65d7d8ce1dabc8645dfa23aef1c3aea1225cc87b2ce88a9,338,0.004252033807587816,stitched_market_reference
1760132675,23550090,0x0456950b9b1c79634e82964e7f78d5946f0c8f8e6f595deead7d474a7825ab51,417,0.004380054947334536,stitched_market_reference
1760132699,23550092,0x0ff83963a5aa6a2ded7e63adfe3fbb8a8d377d0f79c149d2188eea1df5bbb587,125,0.004306192029231749,stitched_market_reference
1760132723,23550094,0xf31273efcae247f0339e0801028fd4540d87839973ceeb74c2ba0e6ecc1e79ba,369,0.004377827447667365,stitched_market_reference
1760132759,23550097,0x0af2ffb5c577ff00ad43a88d3d9809449feadf45ad3d271df90a54ccb919b1d9,385,0.004548080892456213,stitched_market_reference
1760132759,23550097,0x03a6a3777d493d1ac8ebf26ab34b575fecbfd9c249d8c5a786214fc5119f3a7e,653,0.004491051489762402,stitched_market_reference
1760132843,23550104,0x6bc921fcffccc59cf3685f94787dbf8d44b2dcccaa383fa8c2d5243d166aca93,328,0.004518060759065319,stitched_market_reference
1760132843,23550104,0xca05280bc47d78334cb5813805870f5e11885ac58c9ed816c989bae064cec8a6,449,0.004441153158040589,stitched_market_reference
1760132879,23550107,0xec4c13465e4f20e3616a09a52720fc4f67091fb8177acadb676875d2b1995608,172,0.004380801863666094,stitched_market_reference
1760132915,23550110,0x834fea894df2cc93c0ddf78a614780726d922e1863fa2ec9563b90916c2e864c,273,0.00434157105357059,stitched_market_reference
1760132915,23550110,0xb04295d6bd00aa21f9f6c5a2c3930974db4cfa3daaeea5a1bfcb9159c89cd5ac,948,0.004390709934105908,stitched_market_reference
1760132987,23550116,0xccdc364d06b5d0a1781e5116528dcab48fec053b1a2fa35d7cd85f536dd34b29,804,0.004297046145880254,stitched_market_reference
1760133047,23550121,0x90654facceed91b286baf0e4a672c6d15ab632adad71175d19963692617c1d4d,840,0.004274041283071307,stitched_market_reference
1760133059,23550122,0x10ee9923c4c3a558dc0be5d6be08a15235b02cd53c3fe605e910a408686b049f,342,0.004377986067802488,stitched_market_reference
1760133059,23550122,0xeee09a19e7aa9d7680e90afe6621e6fe387d61c92006e0b571183cfe06cd7ba5,345,0.004342393378985046,stitched_market_reference
1760133119,23550127,0x94bfda063198ec375621f4b78bd559eb426b1b7f1888846a748e872c07ed84c6,59,0.004310350639902091,stitched_market_reference
1760133143,23550129,0x80d3c79a7e70b5c2f9cea9dcc441fe2c849355d4caae3e080f403850cfbc90ca,539,0.004439973401411506,stitched_market_reference
1760133143,23550129,0x83b710364c668b724e883693b81c9e42f0cc91d7a1ede396cc6cd1b5378de7cf,685,0.004391890774003293,stitched_market_reference
1760133179,23550132,0x1fe73327545a81a264aab9da86b084dc3570f6acdded003c0059c7f2429c1d97,94,0.004359182975246703,stitched_market_reference
1760133263,23550139,0x680f1e307a7d656168dc63abbc1640d82e777fb34d96204197a50de8cb776ccd,191,0.004411395406788965,stitched_market_reference
1760133263,23550139,0xd6e99d272a922e1bab7927ac56608b505b35eba7d44ca6d7d608afe3f2562b67,303,0.004318611823880101,stitched_market_reference
1760133299,23550142,0x120b5a85a162eda2aa03d511d3ea144eb167a1423437d07d1e8be2d7ad1938fb,145,0.00434165837386542,stitched_market_reference
1760133323,23550144,0xfdc82b5de8f3862af0dac3bd61c85e81b80aa23d2ef8a778da2fa3c62fcd6094,576,0.004364795080906826,stitched_market_reference
1760133323,23550144,0x121338362b6800736a37e1266cf593073344c646e7dc561fe1a3acb1de8c262e,579,0.004397199427252646,stitched_market_reference
1760133431,23550153,0x3c1f7e7039730c942135cf7fce71e36f88ac607bef56f2b94f440cbce3b45d54,601,0.004345743564459434,stitched_market_reference
1760133443,23550154,0x2b2059428364554fbfaa22e2ff6cb0943d17ae28a4f1267c0952ace1cdf5d99b,96,0.004323111946804184,stitched_market_reference
1760133443,23550154,0x8b2e8e9ca73df9e23dd29ad29a346f3ce905fc0805965f5d176e813272fb4ede,99,0.004350634453168882,stitched_market_reference
1760133563,23550164,0x3c2237946f4d65cebef81144aa16c2f7f1563e9a96cbe668394d8d7b9e54496f,266,0.004376133220260684,stitched_market_reference
1760133659,23550172,0xf1d19714a14580c65cb47fd21751b1fd4a5ca896923efaf557180cd6a13adf25,324,0.00433176360392412,stitched_market_reference
1760133659,23550172,0x330deace2d5f57a67114589069449cd92aaf540c3751c9da880eded4b590b7fa,327,0.004259260888030802,stitched_market_reference
1760133683,23550174,0x81533be4b9c90c52620dac67158daaf6096423d9be55246dc4b9eb44ac753d61,264,0.004204943690414568,stitched_market_reference
1760133803,23550184,0x2c1507a95d243111ed2cf422bb453c75128a74ad30387adcad6e5958bc447843,123,0.004231753247577808,stitched_market_reference
1760133839,23550187,0x78e8f6109303b31fb3266c1b3d69c5d8ccca11f04b7a778036dfead2770e5115,538,0.004152798849538418,stitched_market_reference
1760133863,23550189,0x23b5bc5111fc952f80daa9d5fd41a41fa048b625e65913d721f9ada6663275e6,382,0.004126916806135795,stitched_market_reference
1760133899,23550192,0x335c0b27dce41157ad67576993bc6da5fe5ed245b47585e1bdc4db4e5a70daed,418,0.004158987310682896,stitched_market_reference
1760133899,23550192,0x44a587b27ced8db16e705398eabbdd94e701d612a23d37ae29c7cd887d172e5d,431,0.004113163737683697,stitched_market_reference
1760133959,23550197,0x6684c55ecb6b5d1e9b6150e3a7cb296d954c6060cda191b60b51d16d27247913,64,0.004018773579916693,stitched_market_reference
1760133983,23550199,0x4bd4002e111943872d7f69652d71cdfc1d25a544909346aa82197b2639e8d9bf,563,0.003985167530588017,stitched_market_reference
1760134007,23550201,0x9a9d854a4b644feec766ab2d1c7531ee74d8600b4626d3617029f610b7628fe2,280,0.004015271979305002,stitched_market_reference
1760134079,23550207,0xc325df700424d673541a537fd3f9fa9d7ef60468759e98a6128e21fb014841c4,36,0.004142256312552344,stitched_market_reference
1760134079,23550207,0xc69f29ad42f7b75fbb757b652391776da442f34f1d0c12cbd238f7c2bb123060,50,0.004168339618986998,stitched_market_reference
1760134175,23550215,0x64cbe5166db9e2ed4b7724f1055095a69d6a7eefc9e3da5ce3056723d7613749,488,0.004143566423499788,stitched_market_reference
1760134175,23550215,0x8e39b991b63ed6bfa457d3770264760e3bae54275be5e17cfb9af35cbb42597a,491,0.004207332495312468,stitched_market_reference
1760134223,23550219,0x0e0fff7e9c601061dd66f07a318eeec1cfb0b83da011038fd3b6f5778f88222a,309,0.004173147750410736,stitched_market_reference
1760134259,23550222,0xda0509e052e5d849bc74c10acac68b71de28957f6c310379627680c744db009f,252,0.004208719550178442,stitched_market_reference
1760134319,23550227,0xa9e4d18da5e239bbb15b4436e4fd8dae23ef923dd261d1ee5f5847c7072e2e6f,185,0.004186426401802186,stitched_market_reference
1760134415,23550235,0x2370eebf065136a0ec1b52b1773ba5455afbc1f0acf9db556853d8f755f66773,27,0.004216193703139698,stitched_market_reference
1760134631,23550253,0xdc2238a3fdc1a0aa31066dcd76997bdbd9b745a2506165e0a9d1c7367cd0ab56,206,0.004238095868576468,stitched_market_reference
1760134751,23550263,0xa3aa7d56ab218e9a41f4dc12f5944d5a489d1a41edd81a3704821ca234b10257,240,0.004201601637997018,stitched_market_reference
1760134775,23550265,0xd5e3c50b75764f4f985138c8327ce16713bf98eb48f5e3a46728f601f2baec47,364,0.004172302408161891,stitched_market_reference
1760134799,23550267,0x6acd57dcc6c2d133699137bd0e26c4deba568aebbb7bf5e211fb7239ea2276c4,311,0.004195848516829534,stitched_market_reference
1760134943,23550278,0x5069aedfe40bbb5811228c54ac3bb725eabd0141599b38b81f6a86d0c987c27a,462,0.004230455699087305,stitched_market_reference
1760134991,23550282,0xbd658c575732224ea0dc49bb19532ccfe17b5e73495a87e0c198b33da592231e,178,0.004156126767392396,stitched_market_reference
1760135051,23550286,0xf02392a9a609057aa3bc6ff0d4b6e5f4d59b20212e75b2691edfb78ec83fc6d9,239,0.004203516252074802,stitched_market_reference
1760135087,23550289,0x065c5edea629a333238588b39a186d8abbd5a8eb9f99ba4484197100f8758a70,354,0.004156411252973787,stitched_market_reference
1760135099,23550290,0x0e752789b1c7c276021779f7f7c86a3ed0089cd81411c759ef2a2996b1cb8c4f,85,0.004181719584181937,stitched_market_reference
1760135147,23550294,0xb45fd356a480aaa7e00173ce669fe64652604f35ab7c2d977852e5315f7d7d62,334,0.004151325374787471,stitched_market_reference
1760135243,23550302,0x2473d0764ecf264bead62bfbb27ec6d6e07ba9022e2059f87f8657fefe4f24eb,282,0.004119303403818135,stitched_market_reference
1760135351,23550311,0x68036b9f44df24866e381a9d6bf53ba0f4b661aa56769aaf62fd9fe66cf06634,413,0.00418046214083676,stitched_market_reference
1760135411,23550316,0x4d7182c933c7553843667ab0e1787aac444e86dfffb92c03c469f0276a361e97,313,0.004133763342382232,stitched_market_reference
1760135435,23550318,0x3f9ca024319d46cc69c36d2220163715c1052241a4fdf64a719e7000a4e5a9b2,98,0.004159614304679635,stitched_market_reference
1760135447,23550319,0xfa48ba21df679bd54c643f99c42c38712a4d5dec77036220c558b52321971483,342,0.004134307715606959,stitched_market_reference
1760135471,23550321,0x10eac4bd947cd2f72922739d6f29f1174d177923606cfdea244fc4ee13b039ee,211,0.004101093927274313,stitched_market_reference
1760135495,23550323,0xe06fe8743d69dff7cfa9b7b8a581fb286e77e7a4593615e54a85490439e45a6b,405,0.004122674015875792,stitched_market_reference
1760135531,23550326,0x094c9a60ae9ef4f1a83c4acd386ee422357011c4272406774e5f5c0a9d9b7ed0,269,0.004147485425665459,stitched_market_reference
1760135675,23550338,0x982e8a7d4192553d439addd951357c02f0d62512d409aa5e232716d0e7f4fa40,218,0.004108756273393956,stitched_market_reference
1760135711,23550341,0xbf915e5a93e74004ce9e1db73ea277e6fe1df4cb2f4684402f7e612440cdc58c,348,0.004141208714143046,stitched_market_reference
1760135759,23550345,0xdadfbbdd7f1b3b98f057fd97e7e9a9f98fa7c7e55f592ec668cf8fe994c441ba,386,0.004117670175043094,stitched_market_reference
1760135891,23550356,0x64304fd56b9bc3292521c08275a010c406107407fb3ad26b686c3fc559629cef,248,0.004138981825376989,stitched_market_reference
1760135939,23550360,0x7648d7844663eb719c298efc3fef2089a26aca3beb035916fb7543bdbdb56d4d,405,0.004161489565226335,stitched_market_reference
1760135975,23550363,0x4e5235be2cea212ed36b2e3ca55f70d23e140a9525da80ee44bcae78decbc573,127,0.00420250352282896,stitched_market_reference
1760136095,23550373,0x1b35d1f4123cb4921e9a38bbf93c04e682d4d800d7ccfbee20e8e7352a7e60a5,359,0.004164713000010285,stitched_market_reference
1760136191,23550381,0x501dfde72eeaa05ee8f3b87775950144b64c25942fcbc806c8c6ba1cdcf02f51,401,0.004185709657179885,stitched_market_reference
1760136215,23550383,0xfaf7bd65112f9da37dd1af0b5decab0c23f4479dd5a389697abfa950896cc2b1,119,0.004234648694239017,stitched_market_reference
1760136251,23550386,0x1302460e72d3382c960880d5015af341d17eaf44de98cdb188e266d84e73c955,412,0.004211703254373965,stitched_market_reference
1760136311,23550391,0xcbc072247dcbdebda38782a92fff72c57768a392cd095d5b59a504da9f20771b,144,0.004260360202832663,stitched_market_reference
1760136431,23550401,0x6af0831eea7e9f38c28566f8472554107d0c8d5f56b87bc2b4f204f03c34ab4c,310,0.004294508501074848,stitched_market_reference
1760136539,23550410,0x2e7ce9b2ced3dde67e7ace04a59c0eabca7b6eb145858a6d9e07e8a8eddbc039,230,0.004266597860186594,stitched_market_reference
1760136659,23550420,0xe19348b5b99ced4f792cd1978388ac7f655a1da8c982304feac39b15cf5ae918,449,0.004289774777870114,stitched_market_reference
1760136731,23550426,0xabea7659406dba6d79b1865152c2daf6ee2f97566a895082af73f8cdeb4cd139,274,0.004265270994080705,stitched_market_reference
1760136755,23550428,0x52fbb29e5532c0c008e1837b8128ae6c51ec82787cdcd60d72b6bd9d033298a2,381,0.0042974804986854,stitched_market_reference
1760136815,23550433,0x9a40a89e1828e7902a3ad6e66b76dd40196cddd349136894325592ee194bdd25,229,0.004275770914575133,stitched_market_reference
1760136983,23550446,0x50eae4c13aba6feb6aef119d3538eb048e54a42a54f00f69123555a3e3a81e4a,393,0.004310500707214018,stitched_market_reference
1760137091,23550455,0xc246e15f0bc6559442ae0fa144eea86350b815e58ff2693f5ef633132634cfc2,81,0.004344543239800202,stitched_market_reference
1760137151,23550460,0xe4747cbe9b7a10feef480695630cd1c98a357ff37fbc73321a53edcf77bf793e,719,0.004376329368275572,stitched_market_reference
1760137271,23550470,0x5e729f1d80d405d1c58911620e43cf7890d68929badbbbc2f32677a1373db862,171,0.00440947415867711,stitched_market_reference
1760137307,23550473,0xa718fe681c711a0b10417d1dfaa2680e44031312dca6af38b083f78ba407561e,490,0.004431689454443741,stitched_market_reference
1760137367,23550478,0x9ffc148f1b5602bbf59f00e37d1aaf27f15b33724895654d78c0efa58c825498,168,0.004401757637161752,stitched_market_reference
1760137439,23550484,0x0eceabab4b12ca31b768e09cd0f4b81fbfe26f853d38a235393b4d4150787c02,240,0.004378796146739759,stitched_market_reference
1760137511,23550490,0x79eb0e036df0f7a9348919d551d06120056769ea2e4591dc3d91c4a1569d8b39,461,0.004353655825577039,stitched_market_reference
1760137571,23550495,0x19b793409e889247651838d83638d1c0913173f2541aa286c65b4ff8190be991,513,0.004324212208749998,stitched_market_reference
1760137583,23550496,0x01652d235c3dfda2b1e5f2fc05543e39b3f195387e107bcea081a18514b78cb4,507,0.004351730123154455,stitched_market_reference
1760137847,23550518,0xcde1c4afe2857fa49da3cc30ca3435e823380286aef172adab43adc44e4e8a9c,294,0.004405520794540322,stitched_market_reference
1760137919,23550524,0x5f7cce9ddc5ae40726db0a4f7bf73f1c4bb60be2fb4201d8ee7ca50dd14b97e0,371,0.004357899848354376,stitched_market_reference
1760137943,23550526,0xde065f9189eb482acfb837aba3d56b267a97bb9972bb99e513ba4d322df95007,555,0.004392660607992641,stitched_market_reference
1760137955,23550527,0xf4cdb5cc3a505df81ea2f311ed75016fc0623c539354b86c147ce921a572adea,168,0.004363159847609889,stitched_market_reference
1760137991,23550530,0x087ebd209601ffe5f60a57b5f5cd4f2acf7fa44243d8359041bdc3985e5c8759,24,0.004392503828043752,stitched_market_reference
1760138099,23550539,0x62de995ac70c562a0fad6395b02047092cdacb119d3bd71595af9ef05833631b,758,0.004441340782122905,stitched_market_reference
1760138135,23550542,0xb3e035ce288ea1eee20b6b26e185da525266fc0b4159e160449cf34a91e9cc2d,286,0.00441456321890139,stitched_market_reference
1760138159,23550544,0x12d4c1cd4b207794f2a713eb895be7841fa9ac9870e20415f7d48d4a31742451,551,0.004440607780988863,stitched_market_reference
1760138279,23550554,0x0db2827bc1d29e3ca1297d950df31e25dc141bd4f729a3f372b9f5058a519f75,170,0.004465173947353293,stitched_market_reference
1760138279,23550554,0x05bc01ca6b93d5bc576c088e95253c1445f525a8cf05fb555b1edfc42171bd51,221,0.004435747324928915,stitched_market_reference
1760138339,23550559,0x3a11f4c42c67e13dac269d9457ed869d64d3e85b402b4293a3334fb5e46755d3,189,0.004481433110118421,stitched_market_reference
1760138459,23550569,0xf08ea9f8a59348005cdb4f7b76df520ece1db95000e32378353781031ee47847,285,0.004517406695386972,stitched_market_reference
1760138495,23550572,0xc578edcd6a105037eace0b5fce47da2910215cc1fb3bcceba92f525540b329c7,229,0.004541938040871871,stitched_market_reference
1760138555,23550577,0x2e7fbd9058d28a2671b1b93d3a904e7751abc1a231302e3d41d8af18ebd1ff49,326,0.004568777106413807,stitched_market_reference
1760138843,23550600,0x55d854ae706fb71cbcb51b81b7f19e84ca645b04df9b91f149026cd4b2df6655,403,0.004527269576287696,stitched_market_reference
1760138891,23550604,0x274f8f849769a560cf899d492f16b1ae22d59fca8fedee7cc637b7b2da4435a4,348,0.004567448554650098,stitched_market_reference
1760139035,23550616,0x5612bf1cc3426d98e40be56693ef3998fe0260c64e7f2dab49b51cd4ae4ff4fb,108,0.004591789246024009,stitched_market_reference
1760139239,23550633,0x67f780c04c04e0e5c822f70743a3caec1a1fdbb19aebd9bb82d13fade5764d15,157,0.004563117614379338,stitched_market_reference
1760139359,23550643,0x993c31c9799a0de95231af5cf66bf409addef3d512de7586ba3dc62ff7f94cf5,435,0.0045977310189368,stitched_market_reference
1760139623,23550665,0xa3752f5256daf0cfc9bdcbd84c29684bcbbea008f7c041ef3cee420315281fae,279,0.004574059284226514,stitched_market_reference
1760139899,23550688,0x0a2d8d07e497aeac19ffd15625db5444bd7fd7f2bf9229a2464b120f491e6961,215,0.004603362243275791,stitched_market_reference
1760139959,23550693,0x8cdce08fcc0d1c3f64871e8a02c0a4ba7e3224cee2f4e40940ca587f0070e774,182,0.00457582166326312,stitched_market_reference
1760140043,23550700,0x8425e011711194f3885eee214903264571577a0434b17cd51165c4a04f54ab9f,236,0.00459977750459994,stitched_market_reference
1760140139,23550708,0x746dc3741963671663850613ce50e8a6864dc5e9fe13711207ebf007bc302038,128,0.004572660535916679,stitched_market_reference
1760140199,23550713,0x2ea1e5a6f422261d44316d2e620f576bb0d173eaf8cf332637cc39dbbf8d6790,574,0.004600708819028015,stitched_market_reference
1760140199,23550713,0xeef4df88c4b9bc20ee38c034c5379c5bd1c33bcabb083bcfee95624ad3e0e333,577,0.004563232719693216,stitched_market_reference
1760140355,23550726,0x1fab3a4069ab1a052a0f2f9ccd4b8765d2d06ac7be621f1183ee0b3c2b24567a,311,0.004529535287832782,stitched_market_reference
1760140379,23550728,0x498e3ab6a3596f64e82f685204bb949cdf338cb4dfa207c3b0a62bacc96fe6eb,329,0.004490830733349553,stitched_market_reference
1760140499,23550738,0x5370632e706766b2484650092fb4fafd6d299b4c4c53ad167107dca7343a7546,304,0.004516847733350722,stitched_market_reference
1760140655,23550751,0x57952ec66dcdcdd6109fb9517d22832bfed8cc86d059fc73af90b368d8c73e09,292,0.00448884716170505,stitched_market_reference
1760140799,23550763,0xc1b9075825cfb5c8aee546d2454585afd88f92fdb08b99d32210c054ffee6e1e,148,0.0045185518674084,stitched_market_reference
1760141015,23550781,0x3d0cbac843f1c7caf92fe833dbf5b2dfabf5b32ec10afc18a3483e3d7ea723ee,151,0.004488457169721365,stitched_market_reference
1760141051,23550784,0x3d642535e276e373fbdbe4f5ba3fd9c236d6bf5706a081de345d11d1f7e65a2c,487,0.004529634660886693,stitched_market_reference
1760141063,23550785,0x458a6fe8e08903f0a4e273a77171d72d35d4bd087ffe3d7d7a930a5fe335e0d7,257,0.004506264142505964,stitched_market_reference
1760141111,23550789,0x0857022a69fc0e7fa11b266a1b829956f3fc994ebe45ec31a7ef25e08481f220,198,0.004543750058378091,stitched_market_reference
1760141435,23550815,0x3938522ec84e181d363f82d8e16665228930286691eaf8e4646bfff906f991df,798,0.00456875987583912,stitched_market_reference
1760141675,23550835,0x46b233018abe3d915b25950a15319f843a9964a6fc2439317e75df45c1fa91f8,14,0.004540182628669064,stitched_market_reference
1760141795,23550845,0xc9133d7b7792a813524e6ea67ff5389cbe6b837e98189984f572916433a264ce,205,0.004512245682755265,stitched_market_reference
1760141855,23550850,0xcf409ef78a328dd51e361cd238e074b2d80a15d83cbd70b08d3585247f808c4d,584,0.004471224319865779,stitched_market_reference
1760141879,23550852,0x6cebe4fb1b6dd41c73563901025885269081ae90ae78d7764be0b81e77c8816a,275,0.004496586924554848,stitched_market_reference
1760141963,23550859,0x36242db5445998cb2e3201da7dcb8989351c1962339f420b2e7008117864b792,507,0.004527567190519771,stitched_market_reference
1760141975,23550860,0x46b6c64ac95825bfe82261996c656adc21bd172b7e7b1c50d13fcda3cf6a1c2e,145,0.004499270359074948,stitched_market_reference
1760141975,23550860,0x463de931f94afc832433b9b9d8f09e9cdd380b0b24b7ba3b3658c7500e117f50,148,0.004460312423788682,stitched_market_reference
1760142143,23550874,0x1981245962b23b1a955876d611511949888660a9939256e68c9eade0b38f9ee6,243,0.004437903162867231,stitched_market_reference
1760142155,23550875,0xd72f43ad3d9078ffcad0e8407dc3339a23d0c6fc367d9aefce843c4a9a672fcb,183,0.004465934497598716,stitched_market_reference
1760142239,23550882,0x0ca89b1b118e09e4bcdf9df52c777162c3b2defb1703457e2c5a43360d73f528,424,0.00449517661358632,stitched_market_reference
1760142539,23550907,0x1f0b4e6820d679ef83ca7d924f6d02489030ffe36da090cfaa4e6a36159fb4f0,222,0.004518434855487336,stitched_market_reference
1760142539,23550907,0x9fa1d17ee08891dafe7a6d328371c2435483a6e7a2addc44cf87f8cf6b5ec926,225,0.004544506384629474,stitched_market_reference
1760142599,23550912,0xd9ee213f1b9a05560987fb62e663d1b26e2df183e58de4628b5c6570902b6c48,282,0.004520851380323511,stitched_market_reference
1760142743,23550924,0x926ef92783f2335eeaddc22b871b458f7b9c1390200d34e4c35d2f58d6232a0d,262,0.004546082852856997,stitched_market_reference
1760143151,23550958,0xbcfe414a6325c359e097f00f5595da17e8b2afcaea48664662a44f2104842005,125,0.004573883976997271,stitched_market_reference
1760143523,23550989,0x098f61034ea2e55d48a098608beab6c16a309613444c48264f1a59f271cc7743,132,0.004549199112469414,stitched_market_reference
1760143595,23550995,0x948fdbcd17d897666126471dbbc19e91174a8347fc64c9c4c169711a96af245c,340,0.004578150182195475,stitched_market_reference
1760143679,23551002,0xebffc47c890951fa889b05d17a018e6947d864eac38d8a6e6f806496bfd4556f,506,0.004553948947270399,stitched_market_reference
1760143691,23551003,0x0eb9dacb9dd7f88714eb3751be2d28dfbfa6666a61c19c3e4547ac59cc49fee4,24,0.004589921393468416,stitched_market_reference
1760143871,23551018,0x6b397c0bf3ac4fab403da5f0c42a0c43f40b76987b9de5bcdd29fdb60dd82ff5,381,0.004620374335578677,stitched_market_reference
1760144015,23551030,0xd59a86e8cc826afba1aeb613d328e3b3d6ca6fda6fe94000a2946e8b62ac99b6,365,0.004595972739499832,stitched_market_reference
1760144123,23551039,0x358be7eb6b16df66947839aef82dc4984cf15a6d71b5cacf3e941a1df5798d74,106,0.004619090695862637,stitched_market_reference
1760144315,23551054,0xb18f9a3ee31e7f4e55bf9a4c41cd3ab5a3db1c11e409f55d1339e161fc4a3ff6,50,0.004642664658157329,stitched_market_reference
1760144435,23551064,0xc397eb85763c4207811fe80d5880dc4c7b353e7d9693d6e4d284266cc5be56f8,22,0.004612040572119143,stitched_market_reference
1760144543,23551073,0x9b73fb995fc8f7ed5eb4f49a1dc4ad13a15c250bb6e3c982c6a33485339feed9,164,0.004638959397051007,stitched_market_reference
1760144771,23551092,0xc00a3ff6dc6fba96a25ba26eb5bd05122a0b0239b7e0e4db9017fa6f37ff8cdf,525,0.004609697853695765,stitched_market_reference
1760144867,23551100,0x57f731548bdd0ea190e983abcc760fff1c211f19a53fc1309201a0a3faf9dbde,228,0.004585686253491621,stitched_market_reference
1760144975,23551109,0x29ce87cb9d45dc890a064102dcbf6688e536da64ffdd1c432ba153b4b9573cb9,104,0.004608890723535073,stitched_market_reference
1760145071,23551117,0x58776b19b6ddd25338ed4ed3f4d943b1887456f4f00baaedb9275f314aad6cc6,176,0.0045824790622814,stitched_market_reference
1760145179,23551126,0x0ed83d2399be80c9068440889d3999b813b2a3edff1bef26f89ff786bdcad519,295,0.004607307309952193,stitched_market_reference
1760145191,23551127,0x66b4addd8492edf68d5c4f0757531f8837c1b966f7534f0107e5d4046ac57b2b,116,0.004581596684757236,stitched_market_reference
1760145311,23551137,0x4c68d73522f2b3ad2466145ce5e6ee3edfac2d0dd08f758abbb5957b829647d3,422,0.004605448434712374,stitched_market_reference
1760145431,23551147,0x624d6426c0dd3c01d97746126f7c6fdd0e01c5a0e4d31e912a5e2f6060d1d589,478,0.004581101106121326,stitched_market_reference
1760145563,23551158,0x9ae1780ad52c7006465ae7e1e1cd73cacc4306a78660f7a93e875803ef8aa524,89,0.004615128764149818,stitched_market_reference
1760145587,23551160,0x03c082c7aa0a26ca7a93bc10de36172645830787e2de524f05db7c6bbaff3cff,995,0.004585279275392836,stitched_market_reference
1760145731,23551172,0x8e4f23641e9b8574693a5554a3b21aa67d0fe52a8d89721529cd90325f9408ef,250,0.00455503296683323,stitched_market_reference
1760145887,23551185,0xd5aeb8131fe969c996641dd7eaffdd36703f1afd60ed6ef738e814b97c0e523f,574,0.00453031666831018,stitched_market_reference
1760146091,23551202,0x54b3b0533384d082f02dd14cb8b628df809910355a8772437f2680ae8657c1a5,512,0.004552981207349502,stitched_market_reference
1760146535,23551239,0xb61fd353ecde3d4b69e17f567066b0035bc1e1f86bc3655d5c04f87e1b082228,208,0.004578210181341488,stitched_market_reference
1760146907,23551270,0xd6307e1c0c68933aa067943f8be3a4031a972a9f03585438271610301858d526,158,0.004553991222971646,stitched_market_reference
1760146979,23551276,0x2a0d5b080a1eea593346d315e5865413053515c991e042100cd66665a00c124d,406,0.004582453917048058,stitched_market_reference
1760146991,23551277,0xc51e5da9403867f52d7b0745da25756122b7d1d276a1fddfd923188c6899d4db,305,0.004541928492219028,stitched_market_reference
1760147243,23551298,0x371cd50c5dcb1c5b7180173ce0e72e164476ff8171228601b141184e639d817c,365,0.004565290263580153,stitched_market_reference
1760147567,23551324,0x37659f8d32726180001b6bafbca4a1e74334c490b4429417652cc0fc698f4464,281,0.004541244732096847,stitched_market_reference
1760147663,23551332,0x612dc62289b4df2cc0f17af8bb539d427d45b0f8eef1dc9db8db64842f525b55,344,0.004567013428068916,stitched_market_reference
1760148083,23551367,0x8f752b8febe6e376cb2d7ec753247e8f472db2a8ed9d3131231eba14f2861888,167,0.004600510594667734,stitched_market_reference
1760148203,23551377,0xed34c72a2c37212e483bfbae46e405171ad6f2c3c85e75cbef73db9e04e10aae,637,0.004624071609005612,stitched_market_reference
1760148215,23551378,0x4f9ce3bcfe7406208d5ff265e02ece1a52863f0582753da8c3a2c717cad0e97f,493,0.004600696618282863,stitched_market_reference
1760148407,23551394,0x08124622efe9f334335ccee2a505fe4a79bed7d6a3b806afe33dce6b5e26274f,486,0.004641722257411548,stitched_market_reference
1760148455,23551398,0x781e44b7f28c953a978ae117dbdbe37bcc6358b3a4cbd22bebb33de10232469f,842,0.004610627000530139,stitched_market_reference
1760148767,23551424,0xfa88f494089cfc92700354f68611209e6b022b930e94e90b0963e90d716a77ef,315,0.004634565820201936,stitched_market_reference
1760149247,23551464,0x028cbc703bb8486d073a181253cbdef179cf900aa45976663d9ce4ea296df3cd,375,0.004663155674287598,stitched_market_reference
1760149439,23551480,0x2a83860801c36b88d9c8282796ac3c4473c9a0f4884657c04dd67293d63a5fa4,312,0.004698221641529646,stitched_market_reference
1760149439,23551480,0x5a79a200bec8549b1d40d81658198b370fce3d773102e0905f862f8a0b99187e,410,0.004663377952755905,stitched_market_reference
1760149643,23551497,0xc11428d8368b4a1361f22909f317565333dd9916d568d4f3ed206d805fb38251,98,0.004691175853018372,stitched_market_reference
1760149943,23551522,0x1c9e0bfd83791b4b6b23f8a4725c403d1af592ec61a27875fb63e11aaecec9a9,396,0.004717879265091863,stitched_market_reference
1760150099,23551535,0xb5623b1c08be71c13f84b367d44a476b759fb5f97041fea2a81dd61754f00881,237,0.004694198818558348,stitched_market_reference
1760150423,23551562,0xb2731cc71b50322523efe2b8918fdffa44447a192fb3c07960285ed9649c25d2,115,0.004718760637936707,stitched_market_reference
1760150675,23551583,0x86554dc79e80f3b4d39a2965e2788033798636b272c07d8852343de97a2a3d7f,574,0.004695193486197238,stitched_market_reference
1760151743,23551671,0x37085e042ee8c9d8f6b47d3e1f896dc8d3f5f1fa297ebb81c228f79366874e3b,42,0.004670070943483284,stitched_market_reference
1760151899,23551684,0x12563b58faa429649acf0ad299c3fb4afe9372cd8d75847eeb92e2b524c8e4da,69,0.004643483680176878,stitched_market_reference
1760151959,23551688,0xc41b777b43a7ce91f67b0920d3661c021aff2da38c4ded37aca9d55a63c66874,402,0.004669827894834493,stitched_market_reference
1760152019,23551693,0xe5ce1c323749ba1f11f4b60b08ace6bb50f19de122a48a3febfb948cc8ae31c3,575,0.00463074217412778,stitched_market_reference
1760152199,23551708,0x9ef52c4d1e350e610655b0fc4c4eb6ab84f444df74a27682bf1c4247822ffdab,125,0.004657191788169141,stitched_market_reference
1760152223,23551710,0xc319c8ce4c95b10f0eca40f31423f3ff401a4243989b06f22826aff33690e340,256,0.00463167271304577,stitched_market_reference
1760152583,23551740,0x18ba9c228df06946ccb01d06402ef8afcee010e3b848a4d9f104b2b489255feb,236,0.004607172051385297,stitched_market_reference
1760152835,23551761,0x5ed1daae0b2d6591004b80c97e55f69dd23d06f2d76d05185b5f03a3db501bbc,212,0.004634728589476195,stitched_market_reference
1760152943,23551770,0x62e0b5df86c7e1eeefd508a3077d1eadcacd4bd294a43031a0370c7e33fa1fee,87,0.00461115032634534,stitched_market_reference
1760153843,23551845,0x635a03e9a605a16184687ed16ee7507d3010e00d3b0c9ed9d63d1cf9ffcb4fd9,279,0.004581553617548515,stitched_market_reference
1760154575,23551906,0x8df9850f920c69764cab074aae9cd392ec8e46c3cf1946dd3ee9b5c3d02cbe89,199,0.004612368275836104,stitched_market_reference
1760155115,23551951,0xd62053a07f03dc83b418a65c81f1563cf30f4be603af014bb710eda6641261b8,470,0.004645598848299914,stitched_market_reference
1760155319,23551968,0xab1dffe48ae2aecfc7bd09731a9f20b865f285b8e768114295568b68432be1e5,300,0.004610400902591013,stitched_market_reference
1760155355,23551971,0x2fdf12249947c249cd1360b62b9205c84661c08cef3acb35ad99478c83889ebd,192,0.00458668415874057,stitched_market_reference
1760155619,23551993,0x6c22261e9f10a3febeb9724befd0a03178815411292f75598dc09ac64d6ca680,220,0.004613119192697543,stitched_market_reference
1760156195,23552041,0x9fe46d0cb4ff98d79f8fcb01c99d2b4264bf673206b1205b11e4446da1954454,268,0.004647127125330856,stitched_market_reference
1760156219,23552043,0xd9fac6e9056c83c6f2108acf7512f9ec998ec5047bf58bd5b990fe3acdde9a47,145,0.004616963093078842,stitched_market_reference
1760157431,23552142,0x23d2c9aaf977e434942e764ea5ff931ce510c59c5cf4386ba527bcc5f8c03284,331,0.004589027769446836,stitched_market_reference
1760157479,23552146,0xc42f706c7650b7c126131b64a265155858b9975ad4a7c47beb97d2dd2413e420,351,0.004616182363147028,stitched_market_reference
1760158451,23552226,0xb32826da4f38ce68d4c9c73f9262c33b05c7839642be92e4368d648224f136e9,538,0.004587893927042732,stitched_market_reference
1760158451,23552226,0x59fa17c5158e5998645b69b476f6897f0c56b37337af42b35277844446ff7dd5,541,0.004625676095839962,stitched_market_reference
1760158751,23552250,0x84560260287f4f6a4ce091d421e05ba7497d08bdf8c59b2eaab36e7378e8b667,378,0.004654229089069515,stitched_market_reference
1760159531,23552315,0x1d7b6a233129d49bab1706f1859828fce579a6e84bcc07f04a91fa52a16e2c02,467,0.004629080157583922,stitched_market_reference
1760159975,23552352,0x7593d32e4fc6542fa041bd0f83eccead90737fe56bce5b49df66ce27b898e60e,148,0.004604323335369098,stitched_market_reference
1760160299,23552379,0x882cd6b25d346af45914afdfb693f5d858486042dc2c4aedfc4df89d31e85079,208,0.004629319727711878,stitched_market_reference
1760160515,23552396,0xa9448a125d35edcf867e81d22ccdc0695987061d3e424986e8b737c6338f999f,225,0.004652953406946732,stitched_market_reference
1760160551,23552399,0x550fe552a434c9080a79749befdb984050ede7961645200fe3e24250f2829cae,294,0.004624438436520773,stitched_market_reference
1760161091,23552444,0x75716c10c2cb0191438bb74896a29f06804c9c6a852e7bbd638a74f6fe93950a,589,0.004647656520388682,stitched_market_reference
1760161271,23552459,0x8e80642da5d79fdf68c56230e6ed8c3c3952f6ed0b49a8e96c519e838f1af092,397,0.004619510189109736,stitched_market_reference
1760161691,23552494,0x9c6b38931c6637ee1d94c8cf658fe25be71ab4c63b3499b0ac6f8ad13101fe28,228,0.004595782465444326,stitched_market_reference
1760161691,23552494,0xc14c66ca91093f4fddca3b7ee9becd372baddb702fee5c30723a40fb97424a1d,279,0.004631678599138358,stitched_market_reference
1760161955,23552516,0xdb2c63e4833810636bed27a498ab42f455d3f5241e64920fda2ba68054e86fdb,647,0.004658866319244292,stitched_market_reference
1760162411,23552553,0x2a715634380f8d514eea4cb3de98a6f8c30e69bda2eac9c5bed05fcbc66a8e17,190,0.004633430766929231,stitched_market_reference
1760162591,23552568,0xfbaf6e117b9ce0dd121f45de219b09983cb06436e4c78369f5eda6c5392fae8c,343,0.004667430540675654,stitched_market_reference
1760162675,23552575,0xaf36d4ba7eb4ade62e3507d3a4f8d6601c21241924fccbe9151ecfc4e97dbfba,347,0.004640613498003619,stitched_market_reference
1760162855,23552590,0x23699adf3ffc1e0dfe9faf498934755f6ec53d30c0181a682eb6d97ab67eb893,487,0.004615537784400658,stitched_market_reference
1760163071,23552608,0x274fd694bd086bba32a10c7cc0212e16d2a4dfc769ad3278860a9f6f49b6e04c,69,0.004638678081237198,stitched_market_reference
1760163227,23552621,0xa55dadeb08e4196db8ca639da879f195026533e30bad44ca0501448bfc7ba521,399,0.004666297682111282,stitched_market_reference
1760164235,23552705,0xc94d3d0c0e10f30eeac8d0852132d654d41f2ebe2a6795d0669bc971481fe26e,253,0.004691271804767475,stitched_market_reference
1760165315,23552795,0xd5ba5a4331af628f38828b8439e8ef5f7c5f88458bf529f79975a846cd392252,134,0.004694968784514169,stitched_market_reference
1760165375,23552800,0x2f0f7172bca283ab1c3d9bb9d06c201541974d4d2b13716e74393ffec50a487f,980,0.004668727532411374,stitched_market_reference
1760165855,23552839,0x69eb2cc26050d4f13c3b5465fba32e95daecee1eb87eb9be9e8f301b877dd1c4,281,0.004639597994039569,stitched_market_reference
1760166335,23552877,0xfc9d906f2c6275f5ad304c1a29dfae567d45c4edf302287b6a27701ebd77feaf,358,0.004664796991957212,stitched_market_reference
1760166755,23552912,0x22b0b54f8bac15cff7ba259f90399cfaf0b27326d6391911692a55cbd2fc8d7f,717,0.004692798432759794,stitched_market_reference
1760167067,23552937,0xdfb5b1bd089cc4993e7d01083feb6169d7eb4cf816d17c764877743eb4a8e9cd,97,0.004717031997241263,stitched_market_reference
1760168003,23553014,0x7b5887fcca897b6250dfe1129355ff9720824729ec627a51ccd83698da1a7ff7,186,0.004690485286249228,stitched_market_reference
1760168123,23553024,0x2ceaea8713a4d053f97d5e8c2c35deeb507b9899b24928f06619ad9e0559d45b,100,0.004721955554542221,stitched_market_reference
1760168291,23553038,0x43e3671ae42605b7b47fb74255f4c0bf0ebeadc3f11768047f3a7f3358d00e34,299,0.004697150029573154,stitched_market_reference
1760168447,23553051,0x191e741eb1502e44a7ee8ea6c3db91b1b90c5a1192ff465ef0dc30206759c8d7,107,0.004671391814297473,stitched_market_reference
1760168711,23553073,0x0dbf3ece27542f93707871953bc65657be41da3f540d501a54619a78176da34e,274,0.004696999761373969,stitched_market_reference
1760168927,23553091,0x7caac2524093e43a11c9b4a6dd1a8b2b24049923b1936ba009386986ab270e91,76,0.004723451607444635,stitched_market_reference
1760168987,23553096,0x700b8e358da4202012faeb35a090a9941eba0626bed60ad61f24ba82d66e2dd7,145,0.00468741411396896,stitched_market_reference
1760169023,23553099,0x7ceb323b0119bef77278fbbccff9de5f7b3b6d94dd000d68d64019cccad89ac7,104,0.004716726883895171,stitched_market_reference
1760169371,23553128,0x7bd2fffd000118307cd212364bb4ce1f60257e8d69582da0c97017aa3eee1829,267,0.004693089906722716,stitched_market_reference
1760169635,23553150,0x1ae11b5941784fd313736221670da7efd2e30a42e3fb8bea1b0c488dbfae316c,318,0.004698765945037559,stitched_market_reference
1760169647,23553151,0x06e375bdbcf676382e709268dab810b2cda4e8ab85287a2516116ea22bc73fc3,173,0.004715245276393604,stitched_market_reference
1760170247,23553201,0x33acd5945f8aa92b074a6468a601aed84b7e342578c72f53eed79802e537a666,138,0.004740467314781356,stitched_market_reference
1760170571,23553227,0x74f4df3a5a116c925a31dde03cf08d260f5236cc4a4cf49536f2d3047d12d0b0,324,0.004713833066266486,stitched_market_reference
1760170607,23553230,0x286f2ab040fc39253d22d15b1e593fa72f3f1a05da332af8c05d80bd674dd3ac,315,0.004744439113555771,stitched_market_reference
1760170823,23553248,0x93c629c5fc78a5323b6dd7b30dae1bf5dd681e2b809ff57ac8f42223738079fb,618,0.004773769904139074,stitched_market_reference
1760170835,23553249,0x1f89dc08c185d38115d13e6ddca2b382ed36b362e4fdf002f66aa4f2ff781f1f,251,0.00474135338266912,stitched_market_reference
1760171039,23553266,0x6dea5266a16057bf3e56abe4a1c5e8317ff683f6c17b7e4c39b7474fde5b2b6e,685,0.004770273831994056,stitched_market_reference
1760171183,23553278,0x6242f24ea5a0099efcf8a777b3546e469fffc31ed745d51fa50cfd4801a99ce2,160,0.004795356254610463,stitched_market_reference
1760171363,23553293,0x601e43af0e8629986090dae85f2f4034450d2fc901184429cb346fd9ba79c1a6,263,0.004764692447634323,stitched_market_reference
1760171627,23553315,0xdd45446708e05a0bca3799f32b495de133ec4edbe80ac6a1bd77565f879033ae,33,0.004740404011792285,stitched_market_reference
1760171807,23553330,0xd0d47ed1d033dcf8d93927356294ccd92970d30cfda575a7d1384897bc477dda,137,0.004770170925137887,stitched_market_reference
1760172119,23553356,0x83442ee27540abac9f340d30706cbd13e06e845a62f7f8e4b9742eb2148d6955,270,0.004806765012718972,stitched_market_reference
1760172899,23553421,0x14c25912bf22072189601a9451a8cdc4f4c14ae38f0d7ba0ce555d52a9285cc9,206,0.004832143691573451,stitched_market_reference
1760173019,23553431,0xed2704883b277642c6c670a852d90e67806420dbd5b3d94b5b1231c3fdc5c884,473,0.004806432460812701,stitched_market_reference
1760173343,23553458,0x3876feb2862ff75f4bc689da29f312c799396291b4333c59940dbf33c4d9fdf2,104,0.00483272046875123,stitched_market_reference
1760173415,23553464,0xb1f95e3d649a88eaa0b88ff69c0c0e16f73225baf02c0c78c0b67d507efcae69,421,0.004808190698672396,stitched_market_reference
1760173559,23553476,0x37f08a0728823aa6c152aa54b3d819acfd6585b89e864788f764b92c8ea68477,134,0.004832237318444006,stitched_market_reference
1760173871,23553502,0xedef25d5214013ae4244de94167eedb408cf0091b35ae57b929f4ca7c10ed847,98,0.004806776895946082,stitched_market_reference
1760173979,23553511,0xb9561dd61ccefa98ad1d21c6ebc283b90d90e1c9119388e4605d90bb7d6815d6,217,0.004781664387017101,stitched_market_reference
1760174231,23553532,0x6396cb8ca8303eb92e809f8ca4068e6c47a182b3abed48eb90456fccd8937609,414,0.004806840303577609,stitched_market_reference
1760174279,23553536,0x8c0b6c47d8a21ab52355aa1e1f8002e852b51fab5c82e7cd8093c6e32ba2d569,133,0.004774635020420395,stitched_market_reference
1760174999,23553596,0xba05b6ee2e42d0409d91e05ce9062e70ec8d3eaf7838e0737f18c53a91528e7a,82,0.004799003211084163,stitched_market_reference
1760175239,23553616,0x77ec48d622913550f0e7bd303e6e590c576d0fc0357c27475933171c2940e0b3,114,0.004774517887857615,stitched_market_reference
1760176235,23553699,0x63c8b5c189fcb020c11c94e8df3eec0272993cba3ea832d689fb9ba8e326deec,125,0.004748540474739577,stitched_market_reference
1760176991,23553762,0x7530979eafbd5f86bc48960485feb8372788e7e1aabe2ba962d0df71a4ba4171,204,0.004722673669988328,stitched_market_reference
1760177435,23553799,0xe64d581f5d10461858377f9af7f056fc7225c2c8ac8cc8482b5a4b758a8041c6,149,0.004747462585105208,stitched_market_reference
1760177867,23553835,0x43a1a733de2ecc6fd79de720d690fda71f3a89cf406b6185a67dcc68ddef8231,352,0.004745602841028163,stitched_market_reference
1760178407,23553880,0xc4fb67183630dac27a3ae2f21f076e131e323694084b111db506f68277edeb35,304,0.004718719687355616,stitched_market_reference
1760178551,23553892,0x95e78113f173813ac3425d8ee9ff35468d48cc6d24eefb37d6168be256a5a74c,75,0.004745536164174021,stitched_market_reference
1760178851,23553917,0x380ba5cac8f8c15a0d93e3012881a87a95a63d631dfb3c75da6322791649980d,148,0.004720051591494467,stitched_market_reference
1760178971,23553927,0x433d612b11fcbef6b959eb5b0fb621a4b7b430520d42cd0596ebb2bcee726790,109,0.004696034050209823,stitched_market_reference
1760179751,23553991,0xb9cf21b2509ad2b3a256b5b68b401ab05db52dd86a51a6aa97089095fa3f7c8b,256,0.004722525933345632,stitched_market_reference
1760181203,23554112,0x993c6dd246e5719f6b65f4ea96c69088a126af4c592a5cb5a34b5770be393fd8,1020,0.004689524923026889,stitched_market_reference
1760181407,23554129,0x32792febd097ee6ffbd247d2f21ac0b60e20df5f1480031519c4ac0d458f32b9,737,0.004715421971387321,stitched_market_reference
1760181515,23554138,0x64202298ba0dd5c9bda79432d5c9a017f1db8c53d6b9a31a9f59af3f3b298b8c,566,0.004690085872161701,stitched_market_reference
1760181971,23554175,0x248c6012e8454b4015dfb7105b26dc9d129361ad679c10472efc544bc0278510,236,0.00471628430240189,stitched_market_reference
1760182031,23554180,0x5bea656d5bb57aa8087a8ed04d84a1b3cbe89032b77f986a335641e1abcbdb67,313,0.004690670869652049,stitched_market_reference
1760183891,23554335,0x5c8564f020af54699f17f47efd31f49f80a17fac88849802584340b09462efb2,233,0.004714837359647697,stitched_market_reference
1760184791,23554410,0x93f8f6f2acde3b79bd2583077154387a7de2ffc99679892a252e2127db57c42e,307,0.004690557915106115,stitched_market_reference
1760184911,23554420,0x9fd63c920d42aeb70ac4de8be22c9013f551065542112ba8b30661376e241571,289,0.004717489393493769,stitched_market_reference
1760185727,23554487,0x477981284710cc95ba231dd020df7dae4d64be2918368297fd90980979c88bd4,574,0.004705182924860428,stitched_market_reference
1760186087,23554516,0x10dec6c65a2efff62f72f9a99e32c660a6399369cc9020e30e48d223e0d762ae,171,0.004680703691359053,stitched_market_reference
1760186207,23554526,0xb88d22de5bc4ea54082a79dd1290f14075b8eaa9b0a8472af65e9cb5cb183441,402,0.004656245763373885,stitched_market_reference
1760186867,23554581,0x206c9496e000a34212f3d0b5d8fcf73f656a6325711b99e83e8e5fcdb71ef512,206,0.004629788663444712,stitched_market_reference
1760186867,23554581,0x97f51bbd7a26e28966f2e2616e12ce94d59d5c390d3050240d4c6d58847c1a97,220,0.004655098653205705,stitched_market_reference
1760187167,23554606,0xbc5b34ee24853f8552d524d2a83477102262c3dacddc2b82d2557fa14b8d687d,268,0.004624700741469953,stitched_market_reference
1760187287,23554616,0x37109a27bf1c7f15eea3b472ec11162658f090ce9084d838112c27844a6340e0,112,0.0046479528438724,stitched_market_reference
1760189519,23554801,0x816f03dd5177046a9687689d4e2ba02697fac53d39a753f652ceda9ffc210c4e,22,0.004624238108204344,stitched_market_reference
1760189591,23554806,0xbb2a4e5c37b976d69fa6c10ed15c10ee9eb3a28b3095305eb2dab1e24d695e0c,526,0.004656734318327372,stitched_market_reference
1760189591,23554806,0x939b5b64f2ba82ddda8e68d8a71fa6a1880faedb294dfc65e8913886e35e5f2f,571,0.004619361544397434,stitched_market_reference
1760190023,23554842,0xb0fef65ec6b1cd34f50d74a7a0892e774eefe53b3a7afc4532b242417dcbcab7,585,0.004649506168644884,stitched_market_reference
1760190467,23554879,0xfd304be0aa15314675b8bdca461e18380aa31fe3cdc86a1b6c7f4ddf65e9d605,236,0.004625940625801984,stitched_market_reference
1760190503,23554882,0xce5ec386d79d9ddfd59208ce4ece7441bc82042a7144e9d4d9bed57a5b5d0aec,129,0.004649558875992164,stitched_market_reference
1760190743,23554902,0x9d4f249e215910e0ff1f7e45aef2a718932def3c7eaab0907932559a3976418d,325,0.004624922944817535,stitched_market_reference
1760192279,23555029,0xa27a3f72b12a9d4111db183c8e27c4224b019b61e8cfd6b8e8c5d81c1e257062,276,0.00460067700361461,stitched_market_reference
1760192627,23555058,0x9ac3d6c2c426c0c2fbd3fc1ace290d32c576c121b8f9256a8bf9e16e6b4d9e2d,61,0.004624135762796032,stitched_market_reference
1760194055,23555176,0x4f6d65984fb3e6cc9f99e7e46e4aa93bde895697306c17e62bdd34528b7cfab2,299,0.004647813508386956,stitched_market_reference
1760195015,23555256,0xf2c081ff608747d9d897c4e6e96218fdb36d29ef01ccd36e460b471674ae73be,223,0.004678417829961448,stitched_market_reference
1760195183,23555269,0xbac41226b3148a231bd8cb3945247f1d2f8078e0c84e8ea93e6091eec4e0b4fd,305,0.004653086590995929,stitched_market_reference
1760195627,23555306,0x0c5cc37669c26ea742328fc16cd42749fb9940c6187647c4b63835616829cd97,412,0.004684832178531157,stitched_market_reference
1760195627,23555306,0xb090dfdf3333b37b1b8c37c55cfb8f512e62b62d2167427bbd654dbd54bcb1e4,870,0.004659994336856933,stitched_market_reference
1760195807,23555321,0x5ded9b068117ccabcfa63ca2c1478ee4035b761cbe26b8618cbd30cce926d896,60,0.0046347540997857,stitched_market_reference
1760196407,23555371,0xce890e2b2ac67096c8ed488ea4db3a1d441540ad9d376061cf6b1a598de09aeb,361,0.004667593132324709,stitched_market_reference
1760196947,23555416,0xfc41af904180275373dca23869fbc4d5818026b9f22fe4934ed487db88ac774c,116,0.004691261328494991,stitched_market_reference
1760197067,23555426,0x3e7073651e4f6b2e32dd56bae3fe97b4ba77c3f90dfaa104d662451e8239acfc,415,0.00466466302727449,stitched_market_reference
1760197751,23555482,0x9528a6d4a66ffac816f9f01dbe0591fa12abb61a21a57bc2800eef503f722ae8,498,0.004691186632009784,stitched_market_reference
1760198711,23555560,0x3f8fe44c086b75ec3d39dcc6ed068b6b887a229249b5633ff07e46fbab3dd009,187,0.004717044967588048,stitched_market_reference
1760200403,23555700,0x18d746493618cb5db682bc9debcc8be45f247e297c8984b8c0458fea14e4aa20,242,0.004690122522633741,stitched_market_reference
1760200547,23555712,0x3bf8b211a1933fad6ad0605a5a3f8b532df7e9d84a3ff50f9b21cb5da0cb052f,258,0.004704029783874943,stitched_market_reference
1760200619,23555718,0xdde194fec854ddfd1ffb42656dafa816938ffb5eafc4bd97fa30dbb7f3456bc9,90,0.004671440830058725,stitched_market_reference
1760202503,23555873,0xc80d9bcff3384efee5b5dcd865dde8b7163c92de769b34bea0d4d016c1bbed40,347,0.004699107439486329,stitched_market_reference
1760203487,23555955,0x553e1ca4b7412dac2d9f6c2279e2e0e16a03dc55946dd16e9438fb1d0e123e4e,777,0.004675698445729095,stitched_market_reference
1760203547,23555960,0xae4f5d3d5397d51417d968492582a42a1b495305b27250617f39e9bcc3898c01,222,0.004699488984911241,stitched_market_reference
1760204183,23556013,0xb19cb6a7bf30d207fbd63dc8bdfece8f298184f7e645c56a49520357bb981f49,446,0.004668721259584119,stitched_market_reference
1760204363,23556028,0x3aea5539d40a7b520baaa7f873c16a07f9ed0d4c7d30f86bd79ce82ce38f8033,53,0.004692736685378243,stitched_market_reference
1760207603,23556294,0x033f902b616569ad9b9efc208eab5c6d2678091c575cedb2c4652c381e4a2664,337,0.004669265630504731,stitched_market_reference
1760207999,23556327,0x9d1442c811787a19c4b4fbb29d9d71e40fb5739349f991204ef39f15858b56c5,166,0.004668982322770676,stitched_market_reference
1760209355,23556440,0xefa50285be8de35807fb2a4784375bc32079c32962fa7995b0a52954ba90de09,413,0.004637349155889376,stitched_market_reference
1760209463,23556449,0xaba1d98df833e3576ef8aca17230b64a6d88e7fbd5079c74e146361eebd36fe3,226,0.004662164283675531,stitched_market_reference
1760209931,23556488,0xa98b4405999383793fba496774319a7b899bb1660729ce481c6a0a4d3cd1c4c1,271,0.004634108876390187,stitched_market_reference
1760210003,23556494,0x8751a9b5b9d2d28a131191e0e7fd154ecc1cf40ef4875e78b0d198d296f56c23,567,0.004658846668987652,stitched_market_reference
1760210291,23556517,0xaf085b24b48f7b810ad991eb722ed7c150d139e230aa43914dd4350f96b57f7a,1190,0.004625972130219542,stitched_market_reference
1760210471,23556532,0x617c2c215fdcfcdee340209245ac576ece4fe0f19a18ce932a6a3ef9c909a09e,405,0.004600071625212731,stitched_market_reference
1760210507,23556535,0xa3b44f17763bbf04f038666997a24dc46dd583292a531404a7e44864ecc8a511,775,0.004625531496498557,stitched_market_reference
1760210711,23556552,0xaa8376489845dae5039e5924d8fda79972ba6d4fd6be4d9d5a488fe90e893da5,231,0.004601353790199331,stitched_market_reference
1760210807,23556560,0x3283e9161b2fc3db957f5d52d79683f43b3eb8bfbaee6131e9172ca6b261a313,530,0.004626084478788964,stitched_market_reference
1760210951,23556572,0x6d0ef469a28cd42bacc4e77b7d0789954eed9bbc844f3ac5b1fc990c656cf670,299,0.004658582779887044,stitched_market_reference
1760211191,23556592,0x4b9b692088524f75e4ca053faa582cccf9201864969803af09a7896b069f7294,278,0.004635156871323679,stitched_market_reference
1760211371,23556607,0xfada890aab09459dc05c19e3471a9a8714d585977fc59a6a00bbeca28c3a64a8,242,0.004605966699843217,stitched_market_reference
1760211395,23556609,0x6851e4b708066c1bd016abc65e7da447775a35a84230910404bc5984a6701c49,134,0.004631430378332311,stitched_market_reference
1760211875,23556649,0x7e0ccc90b33aee6fda40682e13a446961d0bd0c1e8d03378b0a1818d2651eadb,143,0.004607693958371256,stitched_market_reference
1760212451,23556697,0xbfd9063f2da72a5aa8083267014061db8b86e4ccb5bebbe4b42c9d872ec41715,810,0.004578810704197344,stitched_market_reference
1760212691,23556717,0xad64cbe44d8b6ed02bfe42afb9e5dcdef57005342dde94d6e8e0d6df5ca8ce26,351,0.004606504282303762,stitched_market_reference
1760213027,23556745,0xf1fe4d0ebe3eff5965b7544f20492793eadbaa82bb672f52b56703e254d63c4a,380,0.004580659550403306,stitched_market_reference
1760213999,23556826,0x8623c3c4a271927f9eb9e6bc294f82a8dfed765867c773c4c97e890dee0ad930,341,0.004605587343644241,stitched_market_reference
1760214191,23556842,0x729aff0057edf6a70e71a74d994450b56a57d3827acb74d7c05d57cae0efbad2,88,0.004577388081058208,stitched_market_reference
1760214503,23556868,0x3dc982d6fb83f5c5e1043dbfd90ee925a1ecf8bbc2a224f8b2e726ddb6dba255,519,0.004554377790097937,stitched_market_reference
1760214515,23556869,0x4e7b87eefa041b3d6015760f4ca5cc668bf248744cbfc86ef97bdbca6e6fff5d,201,0.004586976886921971,stitched_market_reference
1760214731,23556887,0x16e30f88398097edbf96d82bf28835fa4e49098cf62b5f7e3da9cfff8fc10181,167,0.00456272577649282,stitched_market_reference
1760214779,23556891,0x082664229565dc7421c9ee7b3a8a1c3b59f06d07e847aad0ad49644bf61fbb23,139,0.004586885483315725,stitched_market_reference
1760215631,23556962,0x5d46874b79a4c191df92157a7c80d24c888a7995d1479729577e5abed72d085f,300,0.004614780361947125,stitched_market_reference
1760215679,23556966,0x2f1a52266b8ef334a0890e22bd109cef5c027827040818b9de5cad9ef04905bc,360,0.004588095975037451,stitched_market_reference
1760215787,23556975,0x356fab07f6207a6cfbe6c0ba38db6c003b576f454dba06f5e75db93a7c17fc79,356,0.00455946039720045,stitched_market_reference
1760215799,23556976,0xff508e5a2d8cb21f32617114f3a48b6545c962a45e6c01ea366c3277674917f7,202,0.004583206624330443,stitched_market_reference
1760216183,23557007,0x5d5723dfad25fce0feb6f76c7143acb0ab75c0d9807930d130b0d3bfbfe01b2e,408,0.004607129016125741,stitched_market_reference
1760216207,23557009,0x751da2dd0159d6af13d1b3a0f94880f8a3944b5bc6d5d4a6a44382ab59049097,727,0.004578814996100726,stitched_market_reference
1760216375,23557023,0xeecc2d4ada1fa9b585d1d1ccb85121d82fb282840967ec14cabeb947543f8c0e,415,0.004552870469640815,stitched_market_reference
1760216387,23557024,0x39bf9aafaf694be694f363e1f52152b804fe7a1fc524892848063084f517dcd1,542,0.004583357849378651,stitched_market_reference
1760216627,23557044,0x69299f0d82ea5e6db7c7cd57a3df626a5efb31c02867e80b4d3d56771da53ba7,367,0.004556053860148518,stitched_market_reference
1760216639,23557045,0xdaf7285bba6475f73b99031e4796acc73de7d098f2d6e4dc1509ad8c50ed1127,31,0.004580673985070628,stitched_market_reference
1760216747,23557054,0x040f0d832d2186833b313feb49448c4e2feacda8a8919b019b732001658ae014,162,0.004551208899815832,stitched_market_reference
1760216795,23557058,0xa97bbab175407083e1899e93062ff31f2a66ee2c4dd9aee0d7d79c4d32f69de0,80,0.004578682972178549,stitched_market_reference
1760216807,23557059,0x57a898f004587a4123342233495d9171bd95bb7143f5c8fd52942916b698edc7,165,0.004551961386287511,stitched_market_reference
1760217203,23557092,0x1da156923abd6f2df5127f1f39d0685e2b5cca8e70279ec473efb13f4658fe83,476,0.004528730696129076,stitched_market_reference
1760217287,23557099,0xa22a53181374ce514effa2959e1d31162c1effe2e01fc0ffa5a85166f905bef8,132,0.004552449266640674,stitched_market_reference
1760217431,23557111,0xb03aa430e5432aa33b8ecebc58b4251e83464c3845faa35a7aa321ff28a6c5c9,637,0.004589143807248848,stitched_market_reference
1760217431,23557111,0x611c59992052e9129d5a1f1649f47b7f9091dfaf6d22f9152897e31f279b7f1b,823,0.004565644863026377,stitched_market_reference
1760217815,23557143,0x197b8bbfe1891ea315104d68a422959de174cb3b39a1ffaa45f8cbc8d40171b9,734,0.004617001716730577,stitched_market_reference
1760217815,23557143,0xa486b3224ccc23565017b9b9d4a81c5aadb1c36788c7bdb11eaefeebe5e9f92a,942,0.004586433636426071,stitched_market_reference
1760217887,23557149,0x9987986d83a945c92b4fc3554d850b9e10ebdbb35c05744fed3fbdd19b197444,316,0.004589131807414386,stitched_market_reference
1760217911,23557151,0xe778f7f7e763588e9797a3af49061ee3833f423857f485f574255690648ca230,255,0.004616458719723709,stitched_market_reference
1760217935,23557153,0xb2665701bb01ff7148da8f28c95ba4a9ac4343a8672be2912591ffa992a5239c,558,0.004590933637635348,stitched_market_reference
1760218151,23557171,0x25200c7490f4702ef715c2fe5d650e79aff4ab63b3c764aeacf783bb08e06979,226,0.004567822802874009,stitched_market_reference
1760218367,23557189,0x72c1b9fe0dd8ac16695abb05a44afd2adffa199164c245620b142477264b5eee,289,0.004539697307319052,stitched_market_reference
1760218475,23557198,0x2ac4eff04a114d8ca47e45f74092d777ea61a13a07de07da71178e248995946c,683,0.00456484463924005,stitched_market_reference
1760218643,23557212,0xbc89253e71b3c81cf0c02e5385a82f3252518ecd6399356bb22b0404baaaa3c6,239,0.004592262727717492,stitched_market_reference
1760218655,23557213,0xead85622d912e90726ea64e8fe6e12f008a947f4fb07177a4abb229dd1f00b36,354,0.004568622427588817,stitched_market_reference
1760219267,23557264,0x7ffbc6cb2f6366a8ac9a33d9a9b0e5bfd6421b95e89ff4e0bbeae8f72b1df702,417,0.004592478272003838,stitched_market_reference
1760220551,23557371,0x8c9bb6dbeddbe12accb2d47ef7f292a2621aa0ffede43ee9c8d2e2e02629bb19,256,0.004617212467784034,stitched_market_reference
1760220767,23557389,0xd4341e81b6957060610f24556eedaa5b69b78dd06d27567478e13cc7d53c36ca,218,0.004593396242189593,stitched_market_reference
1760222279,23557514,0x349f5caf672a131d6fe586019f53c0e39df69e067064d2e06ffd1397b2141355,313,0.004568541868636745,stitched_market_reference
1760222327,23557518,0x6778d5cef4052594a9ae58b19a30f2c0317965aec67809977c6a5d4b97caf0df,242,0.004597737949254584,stitched_market_reference
1760222603,23557540,0x10715b562c8dd86512ec2c275d900225ea44dd2d102fbb4b2f0af5606d6fd967,213,0.00457137077970035,stitched_market_reference
1760224079,23557662,0x53e2edb2a5b08c2df5d470a5ea551d8a9d491d013fde795af4cbecc8ebfbea55,87,0.004595994201782256,stitched_market_reference
1760226227,23557839,0x551edd3bf8861a938f572c1e0d547a4e15ff2d71330e099fdb411430b5703674,94,0.004611018919092397,stitched_market_reference
1760227691,23557961,0xe3c4e424d9385c5ab72952843d60278e1e7bccebd1449415b75c1f8efe25810f,304,0.004608985043026361,stitched_market_reference
1760227703,23557962,0xf26b7e12164990ae6a61214f0ab411673cb6057faa26b538b7295f76e135dee6,331,0.004582258008463588,stitched_market_reference
1760228939,23558064,0x5165c3a3e5905d7a671b544f2c8fdf15ffe6ffe8e8fa51c2556ac86021424041,451,0.00460574873060704,stitched_market_reference
1760229203,23558085,0x4d69ae41da19ade94b0801f45af4aae118119deb1b932922170ae939f622550b,274,0.004578072459703804,stitched_market_reference
1760229419,23558103,0x3645a0844052576c506487d2d2fc44a7de89cac2ac9e123ba31a50b650cb1f51,17,0.004551200181389003,stitched_market_reference
1760229683,23558125,0x3db1ee52c3263ba8a87d00621a1446d9da10b39c9909dec4d321a177fdb0a754,484,0.00452369542076607,stitched_market_reference
1760229683,23558125,0x6a4146596b0d78497979e4be1a05ac4956d7eeb76410d39077b2c7ced4531f64,666,0.004550356685958778,stitched_market_reference
1760229719,23558128,0x9f9369d7721c172acb8d54b14a2299c5b141aaa9c84e97cdc537a485940c205a,422,0.004555072966748534,stitched_market_reference
1760230319,23558177,0x6564ef69cb35d8931bce8320c048c08af880f612b4333b421ff1ba781573057f,610,0.004579344878836161,stitched_market_reference
1760230439,23558187,0x014faa4ed36267dbef8822fec79bcb676d45a815a8e6e14595ab54e1fb120849,97,0.004555753065613238,stitched_market_reference
1760230763,23558214,0x0c81033ef7a18d15b49d1b676b24eba6d4ee63f36ca9bb8e75617fcba0d64c38,2,0.004579754884707769,stitched_market_reference
1760231003,23558234,0xc16afc4a884bb045f812d77235b18ebba24657183f36f548bee8a65ee71f2924,233,0.004552565691924713,stitched_market_reference
1760231171,23558248,0xfd504944225cd74af05505e32625f9b3469b9152b21c1438fcf990d2b331de0c,843,0.004519232539815599,stitched_market_reference
1760231171,23558248,0x36f40cb88b3ce638694419f905c89a2cb72f19681ae2ffaecbdd955f34b1ea28,846,0.004555664812109691,stitched_market_reference
1760231831,23558303,0x513b09820af96e3e7778ec77804541a9c849849c8eb00a9497e2778b11c066a1,45,0.004579250705242143,stitched_market_reference
1760231963,23558314,0x2bd96de877582b9d445ee1ca9217776b79939f1e86ea30c4d6f5c6ea6d3a2d36,106,0.004549374857947699,stitched_market_reference
1760232707,23558376,0xee946ea2390bdd7578a8e75b037b62881ee585ef80c108439f53f158745624e7,460,0.004525581700778638,stitched_market_reference
1760233067,23558406,0x8bd79e4680f7239558264805fa71f37bb83b5291e0469ce5d35017509f282e7c,567,0.004550278291397432,stitched_market_reference
1760233187,23558416,0x35e800766fbdd130fc5cfef4dde51f8382d9be275fbb5015f3b9e93c19ecd86a,180,0.004526206250186256,stitched_market_reference
1760233547,23558446,0xa3638064520787458ef9d8d3fe531cf670a792fe9513d060837ef093b7abdf6d,96,0.004552772739317483,stitched_market_reference
1760234231,23558503,0xd60158b75ba934b8a46fb7255ee2c126152285a56281d0b8bd28d73fa6945831,890,0.004527529109399644,stitched_market_reference
1760234483,23558524,0x632078c2279d5b67abbb6edfae535c1f552778546139927b5187e263b240c26e,133,0.004502187182351935,stitched_market_reference
1760234783,23558549,0xccec2c7eab13dd3fe00d6f04ba5a727e17a1bd804b4a9b44cfad4ec83bde2d56,27,0.004515264826115262,stitched_market_reference
1760235467,23558606,0x6ff6a219d07908dcf1f8777b6357eec1f6cc1e1a06c6b137c1d6306cba3fc3e3,145,0.004544975736459901,stitched_market_reference
1760236019,23558652,0xa96e40946fc6dfe7702dde12cfee783fcc719dfd250220522e5266e9aa78450e,187,0.00452201768077626,stitched_market_reference
1760236103,23558659,0x870cd45de508bae6bc88f8d4825654c8aa6e283b3cee5f482b2ab769d1199d29,56,0.004546373710306688,stitched_market_reference
1760236583,23558699,0xb3739ae90307f9e0aadea0c1d9ddbb87c45968a2fc8fc838c23fdb06740b8449,360,0.004523295260035085,stitched_market_reference
1760236907,23558725,0x6b0187727bb274afd5cfde306546bd651c16054693661d3f6e54540f4b817ef9,290,0.004497354660204196,stitched_market_reference
1760237483,23558771,0xca3d39c1157943e78a4c921a5780688d0e33ed77f5a638097e39a4f461efbc78,142,0.00452207247695065,stitched_market_reference
1760237567,23558778,0x72fd786747695f5bf2c3fb550b55d5cce1e85cca879cbb99e14a61bc5e487eb9,184,0.004499137114700452,stitched_market_reference
1760237999,23558814,0x04ca96bdf5c6968c5c334fb69eb706c09ad4a8615b111844d8eb63c213f2c0fa,154,0.004531753036916634,stitched_market_reference
1760237999,23558814,0x84bc350c06420d8b94f2df36842d0423f146d3cf96a92b5587e8ab91b99285b0,191,0.00450774501073058,stitched_market_reference
1760238323,23558841,0x4427d888c0888a583be7c0a1ee6cf1a852ae5843a6e803682a30f075509c9833,704,0.004534577128022008,stitched_market_reference
1760238515,23558857,0x808bf90f3578a5163e692e5e78f45017737ca209f0e08b5736b00807ae823e33,735,0.004509846879796583,stitched_market_reference
1760238635,23558867,0x873777b5ae84e520c38000d6c3906e3525194869a6e0387f0051b3513371f891,424,0.004546239792875565,stitched_market_reference
1760239043,23558900,0x7c27617f132a21d2b16b55d7c8e8002fb7a84a7e5fa488d99ab70dcb6dce2771,1212,0.004520575774981966,stitched_market_reference
1760239355,23558926,0xe2913644c08862e0db1a116045f59391d3a8d2bcf1e06528e40790f4415c576a,1068,0.004496343136164556,stitched_market_reference
1760239379,23558928,0x04a3ac3f2a0de526c619014b02f380d6117185eaf5f6247c26424f888cefacb5,975,0.004527896495659956,stitched_market_reference
1760240315,23559006,0x06b7b02a929bc080bead4263233edb4e585008fd6ff0024bc169d346d2111bb9,643,0.004555509657192185,stitched_market_reference
1760240327,23559007,0xf8b063d6cabafea8386422e1790737612908d7e8aa3afde68fbc92c396940992,750,0.00452897878703855,stitched_market_reference
1760241263,23559085,0x757dd1e1c33cb1a73a46f057cabc1e3c8a66643224310b0bcf3acdd68dfcbd3e,23,0.004504260453919115,stitched_market_reference
1760242103,23559155,0x5e3f2747921c1ffde0dd5eea9060b45da138bedd566f0a7c809b4fc88cf8668a,456,0.004527557280499482,stitched_market_reference
1760242559,23559193,0x9cc49a8aabbda4bed59147c82fdfd713ed9b7822727de88727926d07b414d3c4,146,0.004550618437595963,stitched_market_reference
1760242739,23559208,0xf7e92dd0b7428824b1ac446e2e6193c0d389591d22f038e95897cef913175897,39,0.004527577549264942,stitched_market_reference
1760243015,23559230,0x4d6ae77ab1ae5b681881e9a0119380d5b8eef5b58310b18574e054bcebdbe95a,63,0.004551386364497483,stitched_market_reference
1760243819,23559297,0x8adbd512dcd0906de218e15887220e2108e61dd2542890bea69f81fcd04ca5d4,21,0.004525356440869211,stitched_market_reference
1760246315,23559505,0x4d3958af1e5c5b9523278f76dbcd28bf29483926d69e64fca63819b8d5bceae3,52,0.004548187187876614,stitched_market_reference
1760246375,23559510,0x37ca5e9bdb587b1835cdec305656522436a74db5509e994492123159307dd713,238,0.004554406541296194,stitched_market_reference
1760249927,23559804,0xc965fef5f26aa28b641796ada63fe02cd6ace0f6cfe427cbfc148351487f654f,35,0.004568652136281375,stitched_market_reference
1760249999,23559810,0x8ffd8b775f6dd4f08cb42bd7d52e38debb6d3cdbc9c15c29d8a24edc15df0e42,122,0.004554289956759012,stitched_market_reference
1760250455,23559848,0x1926317f7c7c45f37113d408e04efb8f2966ed515cb3abbd8421df7d0b0edf9c,606,0.004580723239838215,stitched_market_reference
1760251151,23559906,0x4fd2d31d92d221922c818976e9ee938ca002b1b893e115d5a1acf27759b79974,70,0.004557409473732999,stitched_market_reference
1760252879,23560050,0x3cffe8acd0f1f28beb01ac6bea931a738cbf63278370c8fa36b0d300adaee1cd,528,0.004533243876464717,stitched_market_reference
1760254223,23560161,0xfa7f84ac428efbbdd8a34d8bc2b6c4b1be93a7b24754be1d00af7c1df325d4b3,1218,0.004556168391881975,stitched_market_reference
1760254751,23560205,0x0bc481f3326f7a3cf26aca6c7a9dfac66c51ab3a7b495f28323eba82515a1ba0,145,0.004550331314122734,stitched_market_reference
1760256035,23560311,0xf1b466b66c7d5ecebfbc76ef9ecc9895badc36e58c4e0f432f4f2938c574092f,18,0.004542069714237678,stitched_market_reference
1760256047,23560312,0x93ddc4d964a0c2f94c52150956dbbd5054f20123d27cac800ec68ce816e7e921,109,0.004547418390409771,stitched_market_reference
1760257643,23560444,0x221d940fc8663cadd6c2e9fca80d8b35ddd503d3fdb0bce0a4c564f5a3eda20e,86,0.004571276684906565,stitched_market_reference
1760258879,23560547,0xf45f3e628e61463ea17162333b199a5eda7fb2c99c8c0de80302cde6f18c05cc,228,0.004547653210339277,stitched_market_reference
1760259731,23560618,0x1b5a7cfe385fad251678dea25dd21cab1351ec6831f488032767ed8045e0126b,579,0.004558208750843558,stitched_market_reference
1760259803,23560624,0xfb4764ca56c741439f29249c1a23a7b290e8bbce4cb9d44348482c0684d73da3,209,0.004533573884072695,stitched_market_reference
1760260139,23560652,0xa73444f535e12f76804054189fb4e752c7d03ca9fe6258de5c55bd4ed3838238,43,0.004508546739738085,stitched_market_reference
1760260895,23560714,0xf6f0dfba76986a26fc741ebe61fe57ba8a2ae48746cfa96fbcb88c10c6aabe3d,407,0.004533408072067096,stitched_market_reference
1760262815,23560874,0x8fdf45ce85c855210c3484106c835d52d7f43a30fe767b0f7b505d0621a507ba,116,0.004556823834598259,stitched_market_reference
1760262935,23560884,0x7187ba23e4634aad4e4ffe8d5f55e6a207fdf01532cc658f97edaab75d02d856,308,0.004532497944667544,stitched_market_reference
1760263307,23560915,0xb66a218d4be184c24967963e913a035e743d5746404a850ab7cbbf32183aaea3,905,0.004556392544501395,stitched_market_reference
1760263751,23560952,0x6821c98d530f73a4c47842154ecabc4be15ad898638a1f55adcf3da2a0f3b873,276,0.004533201253453722,stitched_market_reference
1760264351,23561002,0x952674da7216c1f6e173d3242b637a07e73fbcd952b457faaad30da0b1f02a16,175,0.004508167752134894,stitched_market_reference
1760264411,23561007,0x7a13c325d8345023153ad01c1d6932ef45f9664b21a9861cf780fafda5bb6265,74,0.004533783710588706,stitched_market_reference
1760267291,23561246,0xadfeab95376f983bb226a9b593da5598d5807f97f532e3d022aebf1e270b2c4e,308,0.004560764990562194,stitched_market_reference
1760268035,23561308,0x8736709c1d64c4851f5b2425f1c7c92e77882a3297a51ea4f5e9762fd1b3797d,18,0.004562429211756553,stitched_market_reference
1760270927,23561548,0x67c01152088efb468e43ae3cb706518f475d07449011aeb75fab031cb3eb723d,455,0.004579350242433377,stitched_market_reference
1760271251,23561575,0x0473cfc6b7cd5ab4e2db5f8c8a9e19ad6d5084adaad08e7de1900a3d5430a99b,572,0.004555558553022958,stitched_market_reference
1760271971,23561634,0xb0e32f88282032a9ed61b4846fd39f7515e8f87a520ff8321ff951ae893a7c28,387,0.004579205420809075,stitched_market_reference
1760273267,23561741,0x4a985c686f1147fcac6264dd8d72c4dbf2592d336a3034b8e84e59edb4d5e5fd,178,0.00455171134356909,stitched_market_reference
1760273639,23561771,0x19955785386b50f558af1938ae796cd873c6e7fa8d3917c8acf4c57542467b76,387,0.004577210675789245,stitched_market_reference
1760274383,23561833,0x0caca80cd87f8c008993cf0956899ed22dbd7d4f48ac754796680d938c191667,134,0.004553876982533879,stitched_market_reference
1760274767,23561865,0x79e99ec460325048d3578d80c2da620d8203ddda397db81a78b749e647747322,261,0.004577702015406083,stitched_market_reference
1760274887,23561875,0x9402dff69cc86dbdf061cf31706129ad8abdad807a0dd29dcb8fb32b664562ae,104,0.004588052705846888,stitched_market_reference
1760275199,23561901,0x3d402eef9903f9c2c7cc01f41bbebdd227cfa133e8d12be2223a097a6495fda6,222,0.00456484638861576,stitched_market_reference
1760275367,23561915,0xd8dae31ca87bc7de76a39048a3d5207bafe8112058ff893cafdaa0c8d2a8d48b,185,0.004588851608870309,stitched_market_reference
1760275463,23561923,0x114b1f293fc5d7bccf9964b8d56ddcbceb408379b4d75eb4fd7713d05c718aa5,154,0.00456440069570133,stitched_market_reference
1760276159,23561980,0x09a2659d4b2ff06d73b0be7312b03feeff75e4d9f83e9e62acc6295b0c94dc46,635,0.004541300623861294,stitched_market_reference
1760276627,23562019,0xcea88c4f731ca9ddf8737aff3f1aef2100286ae38b66d090e164f8cc595ada1e,42,0.004566690433235888,stitched_market_reference
1760276819,23562035,0x91deb0fb94e4088bcb00443f6af9c247150efc1ac691d1542e131b69f94a5353,175,0.004536652228102094,stitched_market_reference
1760277827,23562118,0x2b223bdb3c3b3a6175bfca11b53d580021d8c2de9762b6e9273909e5156719ee,117,0.004564654209270294,stitched_market_reference
1760278787,23562198,0x0f7155c5e44332846f6dc2df0a14a4653919ebd8aefdb87420b7bbaa6e3aef14,185,0.004541742714130618,stitched_market_reference
1760280383,23562330,0x090241b17ea2e93688b3f1638cd7b85b5605a501aef1b7133dd134b3694ee66c,264,0.004565662583371421,stitched_market_reference
1760280383,23562330,0x506b4a8a7b66977073687c97dce49689bff256f2d6ce3747836ae8929662980e,279,0.004531790994127505,stitched_market_reference
1760280431,23562334,0xedfad9673e2f553eb410685ed41b5aba7fe9de6b65bc6dca1775665fb0019705,1335,0.004504984725044259,stitched_market_reference
1760280479,23562338,0x79b429d775aec02d5d7f22a976f4bbef7d39bb8f17c24affdeaa631a05e7dcf3,502,0.004545733146846392,stitched_market_reference
1760280527,23562342,0xc4dd91654bfe510016780c6fab1ab6e33cb370007ab30c2c005391d21cefedd6,493,0.00448292298901657,stitched_market_reference
1760280527,23562342,0xfe40dc1d50591350b13c568523c1a416df9c4dff278480244c07ef571900fd0e,597,0.004522234778744206,stitched_market_reference
1760280731,23562358,0x96c6f9432d32ac9850298f400c7053855a63210db269d05bec719385b2143ebb,1070,0.0044764218649841,stitched_market_reference
1760280743,23562359,0x6cc0b1a64dcf0156b5fed3c3208dfdecbe13272aa9c23cb3acc36755222201b5,193,0.004531433742662862,stitched_market_reference
1760280935,23562374,0xd0de5e2da41d7e0a6f13d1f20a93b5afd8e69f34577b0d1ddf4f68fc64c22f90,636,0.004554760246854614,stitched_market_reference
1760280935,23562374,0x5cdd6526f918aac4fe860d10d32fdbbc6dea9f630271085c5f9955356f16bb56,668,0.004530994068489259,stitched_market_reference
1760281043,23562383,0x82beed6b7ee7f6df13ffb906311ae6fba912807d01f07d424200f51439e51975,730,0.004503238750484909,stitched_market_reference
1760281043,23562383,0x679bd84b09db3dc41a9b9a9347f5b4e618c2fd5bde7b9b0469508e46623090e7,733,0.0045265633521451,stitched_market_reference
1760281079,23562386,0x315f1f1a22fa399ebed3d6f50de88cfc5d5d42de1ec9d7188d4e56ede8e4a145,470,0.004500364680780723,stitched_market_reference
1760281151,23562392,0xa24d18f914dbacbf05b3ba92b3fdf9331293485212d4905293670c0285cb92cd,409,0.004530234281975942,stitched_market_reference
1760281163,23562393,0xdf96b62f1186cbdde8111162259dcedd4fb2302b4c73ed78b71583c6bdaa98fd,490,0.004505340822853666,stitched_market_reference
1760281211,23562397,0x016859935cfc969b2f172fc6d952fb5db35129749ed45788d55d9ab020eccf4c,171,0.00452977777383969,stitched_market_reference
1760281319,23562406,0xb7d148c01b90d220fdedb35d4910475cb5bf1f95debcb2d6aa131bd339d2a14b,243,0.004554115121778451,stitched_market_reference
1760281367,23562410,0x18e0b3b8f0862f7ab510f0300a1d1d8c8a4b62bc05c9c8fa45fa6f2c7afa8ace,162,0.004531123570110607,stitched_market_reference
1760281439,23562416,0xb0164e39d21a0eb70ad1b29d7a13e7ddbcd48e6b005e9b4f05e9b88d2dc5b77d,288,0.004560062491439555,stitched_market_reference
1760281583,23562428,0x00ded93fe28b5003bd287cc5e44f7c6649c69a1334a02663e732d51aa115477a,702,0.004583687719900361,stitched_market_reference
1760281607,23562430,0xf403310e7cf683ba72e37cc2a8924600f629db9a3494c48ad13fd5f3a91b7b95,556,0.004557377865036292,stitched_market_reference
1760281703,23562438,0x8b1ba0905769f40cb63c63c7b5e45bbc7cfbd676d209a85d29a0980e1bdaaa42,289,0.004586062154273386,stitched_market_reference
1760282231,23562482,0xcba6112f1b263fb416100c70e330009b6496dd9f01f62733fcbd1878537ad5b8,432,0.004555919075524098,stitched_market_reference
1760282279,23562486,0xab32ee4e4002f7fc95d3e44b819ef5e091140c0bfc1a7b66908d4a4f16ef448a,34,0.00458833624849503,stitched_market_reference
1760282339,23562491,0xd575edb6a3ec4268220ce74631e918b2be024341c2eba1cdae311e2032128222,533,0.004617450565297809,stitched_market_reference
1760282387,23562495,0x3c9a6de23af1969a5c0c7c5a6d9b772039d8bd15058a9ff12e7fedd287f39a59,494,0.004591399306382449,stitched_market_reference
1760282543,23562508,0x848d364c3f7ab9e18289969fce207f044b10ce9ae7ac2271a067da0b35e7f4ba,557,0.004564042841303754,stitched_market_reference
1760282699,23562521,0xfc545b004224380ef20b8afceead904e0ad42a80aa7499cef900466ec6f01331,255,0.004595020739327796,stitched_market_reference
1760282855,23562534,0x371e2e7b7086894c4612386ec193da552a494c9f95f0d3040a40744ab4e695a7,417,0.004566758228985426,stitched_market_reference
1760282867,23562535,0x9563d44a1c971afeff399a6021d2eef3a8f9fd3484d395f6722f59800cbce457,426,0.004598857452786167,stitched_market_reference
1760283191,23562562,0xc5e9d6bfa769f18aa6bbe30cdc1e84a4d14f00644f5f80d4c79e44af20c22f09,581,0.004627396922494483,stitched_market_reference
1760283203,23562563,0x96fb7019e35cb947c977034c69f75a00008018003f9cb9e9a82261f1eff80d41,260,0.004599329006161984,stitched_market_reference
1760283371,23562576,0x09739f8568983b76ed3467bd3f78e43c5998a325b4749512670dc5fa741ec872,507,0.004628005196916946,stitched_market_reference
1760283383,23562577,0x9c91495ca79561823c765fce17d2352a5c568268c75445a4931e9be7df35f515,169,0.004604122257758005,stitched_market_reference
1760283491,23562586,0xc6f5ea63ce00970d9f235a59498db76a037a250bd48f133e22600b12a6766f12,492,0.004581075221335375,stitched_market_reference
1760283539,23562590,0x80ff941e5bcf7887395f32e3a61bbffa26170ecb3239b9a17ea7cc3467070d4a,241,0.004604190251692698,stitched_market_reference
1760283983,23562627,0x88b58cfaa12cbcccd8e031b286627e70155da8d5f59740aeb48c347cb1bb0f54,153,0.004645936477170027,stitched_market_reference
1760284151,23562641,0x9b33a34e0e968770ed79cf89c31f4ea81c186bd437834f6413bd0adaff4807cd,145,0.004619420010791223,stitched_market_reference
1760284319,23562655,0x650e1947fbbbdd94b75febf195da77b422543e867bb4116b82f8603fa9d8b9ec,210,0.004644379496320534,stitched_market_reference
1760284859,23562700,0x5c5c74859bd4a91f2c4e487b9ca8d909e1fb50b52b88b6ef4a1fad27e05c34c2,252,0.004668830940409577,stitched_market_reference
1760284991,23562711,0xf8d8e3304fe823b43a6ad1ee363042f03569aa74bfa62c4d6ba79fe55a0193d8,183,0.004638600398084464,stitched_market_reference
1760285015,23562713,0x66cbc303af943e1716df9437bef9a968865f424c129c768d1f3631eb6742923d,179,0.004662119518948426,stitched_market_reference
1760285171,23562726,0x3b77be215b7c270f72ef9e22fa2c4f2589d136a6c059b286252877d11eeb537a,836,0.004631504087190128,stitched_market_reference
1760285195,23562728,0x96802e0f26cb7f445ba8bfac06552160cc40802248952cae3192f34d3fc78384,548,0.004655505547055895,stitched_market_reference
1760286023,23562797,0xeb1f040b9c7844e9c948a94f86ab93f84c6a7880ec90bdab9c188a1ff7d65c68,175,0.004632190663773191,stitched_market_reference
1760286239,23562815,0x10b21dcdee27a139a4221bc61ab3b6c2ebe3332664cd7a776f43af7b13ca4aec,268,0.004655490619030785,stitched_market_reference
1760287103,23562887,0xffacbbd2f01af435435cab2d65a1982dbad46ced67da158e1695055b5e28712a,285,0.004629104722844735,stitched_market_reference
1760287103,23562887,0xf339e85c60c4b82702819085b14b2cabb677c50cffdf0b5d6fb3ec86568fe55a,883,0.00465877470599101,stitched_market_reference
1760287319,23562905,0x76401b32581c92ae8216e6c7a1fd5e6d65d9a27585a8346f86e866b9e0d7b105,166,0.004683292900683455,stitched_market_reference
1760287523,23562922,0x44218378ccfbf461781acde5e8b7beb4bad97844804583d8ff073dbba471937e,394,0.004708330120066498,stitched_market_reference
1760287523,23562922,0xfee1e2ec1d358c60587c5354abb718778239b3da9e9a4b2a91690adfd0adc89a,486,0.004683568258196478,stitched_market_reference
1760287559,23562925,0x419c8a222adf88484994c9f212dcace95023cccae31bc0c67e5bab08445ac28f,343,0.004598548238497598,stitched_market_reference
1760287559,23562925,0xfd809de10ea010c7e3712a71e9452e0e924ed9ee08d7ba3b1ee0e8a3e1499455,346,0.004623748639916436,stitched_market_reference
1760287607,23562929,0x131080abde96faa2cc97c4fa8ab2c1de2f67a1201118b5a2f3a4ca7e2c4653f1,678,0.004652127351347832,stitched_market_reference
1760287715,23562938,0xa885c68091e2af065361a1c10e7a4dcfe61859b928c92fdfee448b8d143805c2,337,0.004700917304218925,stitched_market_reference
1760287727,23562939,0x81ff98f1eba68464bc9eecb924a0a87df36f2ce63000066165e166dc20f8de65,592,0.004640381728535124,stitched_market_reference
1760287763,23562942,0x67daef5da5360224f763a5369a333387399728a6e94c6fe0637ca9ac53e2eade,651,0.004666735421723153,stitched_market_reference
1760288159,23562975,0x793756ed1c389affe475fa6ac4367fd19a5d8f4544f18fd48fe08dfb9d173ec5,204,0.004642939701806629,stitched_market_reference
1760288723,23563022,0x7206c958a1c2268f1c35eb459dfad58882f3ba6f3c4e98ca528079515d093a32,29,0.004666422867213627,stitched_market_reference
1760288987,23563044,0xe499e39d946f5e037fad5334d7cb99e1e8017dfad082c7b507f595107b22eba6,678,0.004631116459485037,stitched_market_reference
1760289179,23563060,0x61c7b622c699576259f582c6c4527c87a5379739da2c900ef73893fe42f3f5bc,304,0.004655224118913716,stitched_market_reference
1760290019,23563130,0x89c019f24f9c3e683db719e807552f24624b1a61ad773a800fdd768a0f63f720,221,0.004629615001976627,stitched_market_reference
1760291399,23563243,0xd179df7cd38cad9315d148426544ca7d5af31d72fc78e500723faaa4f9f364a3,220,0.004605590743452231,stitched_market_reference
1760291471,23563249,0xb1b5cfab47e7bca637b092ebfe76d45e54c2baf75b469eea1b56a3e6c29ec7b1,437,0.004578886467682162,stitched_market_reference
1760291495,23563251,0x093488dea1729d29434cc9027e2429221af158478098e5e3b726d5ccab16d680,687,0.004605272019698861,stitched_market_reference
1760291999,23563293,0x9bdf9b2e18e5bd610eda58c8c196714e923b535161c284855ee3dfc9ed111cc7,220,0.0046313028697821,stitched_market_reference
1760292383,23563324,0xfefc0d4773b12a498671b2a663e6b815a2399a24869a465ed46aa31366249a02,381,0.004607323018995438,stitched_market_reference
1760292635,23563345,0xe967adf558ebb5caff552ad629cd75563328718bc4bc686ef8faed7c0f88fe6e,171,0.004632875986580097,stitched_market_reference
1760293559,23563420,0xd12b3a8f0237fa3434504f2083dbeed72fd33b247d6729aa84bd1ec34c2b30b7,299,0.004601549564335883,stitched_market_reference
1760293643,23563427,0x9533c5bdf26fbac4769f0a00b6a4067a76586bfeafb8e9de628c8a39f2aad6c0,350,0.004625050460353688,stitched_market_reference
1760294255,23563478,0xb05b9228cbe285951a8889487c4a3ecdbf1c44c82f34799601d19b5212d33037,213,0.004601286658961758,stitched_market_reference
1760294843,23563527,0xfa1593933549f6c7f94272c11c422bba75de0998a156f60fa6bbb4350c30f29d,125,0.004625322811624815,stitched_market_reference
1760295719,23563600,0xa34669e6f774a4a2197b7c138d1ea68a47c554c23f9cd39936cea13837edd2c4,32,0.004649191240900778,stitched_market_reference
1760296067,23563629,0xb0431d9e47e331e572f7282c69fe404b3db7f0c6cf80e695a10913d42243ab71,36,0.004626001441789955,stitched_market_reference
1760296235,23563643,0x7ec55dd75208a7de6be5073e6c6b568c5fa188fa130443efe50b823b7648afea,654,0.004649948447354732,stitched_market_reference
1760296655,23563678,0x6781b09fca3b1bea936160b54ee8f85ac7e735dd52d0bd0b4dfa7c9843dfef68,142,0.004678267983472526,stitched_market_reference
1760298827,23563858,0x498bcc4edb4aa527ed9f3f417905116e1b05872c01a5ac822343106c7621193c,374,0.004654228033033431,stitched_market_reference
1760299355,23563902,0x1660120cf8118f934a081aa28b7c639c3d073ee44bf3471b5f5c94691a511d9f,113,0.004679666961981619,stitched_market_reference
1760299919,23563949,0x779134e66576fe6a25dfa1e9137b85eb4128650b14be15b1e959697acffb15fb,71,0.004650413883504286,stitched_market_reference
1760302223,23564140,0x6b096f26192b6cab34bade967a91a569e53ede914fd92580ed1ecba6bae4c140,230,0.00462678497658732,stitched_market_reference
1760302319,23564147,0x4ca7b41e26b4ffec851365d5244c341e5b1aaad57e8c3ba9dc45772347ca585c,789,0.004654453170922037,stitched_market_reference
1760302343,23564149,0xd3285610a21648a4c253a92fdaee38efac9aa5993fd41f8889d1ef51e7ce8708,141,0.004628020417127463,stitched_market_reference
1760302379,23564152,0xfe1900c3f00362215fc1a738c86bab1b3741603984135127c96b2bb412f22885,123,0.004651317685968455,stitched_market_reference
1760302499,23564162,0x6aa28d0ca9c251e3f25996e49da6445f7c3b9ce4935b5ad7921e7cc600fc89b0,436,0.004625488229587494,stitched_market_reference
1760302619,23564172,0xb5245528202a6f4ebda2262089100207dccc0e2e818a2ddc0ed318ff3ee00503,338,0.004601409702914905,stitched_market_reference
1760302619,23564172,0x9a3984210e03335d2c4e7c18cc4181fd2ce5f58f4a689d790f2d585d6732a647,350,0.004635668749339216,stitched_market_reference
1760303639,23564257,0xc75d24110b872c79e1369418d33b7ab9d7c3a6272b2d4a4f3010a700f1869fd4,349,0.004606450956835825,stitched_market_reference
1760303651,23564258,0x448727a3a501682cc022f30caf039abb7bb6427efd7f1fd17bfd65d0b4cb8dba,651,0.004642573694462237,stitched_market_reference
1760303855,23564275,0x37c257cd950113d312e17724a29e24bce3c4c80d4bb91c1bd2b65d81b23b8c33,106,0.004618602386137335,stitched_market_reference
1760304119,23564297,0xb5e5b9fbec83231727495b5ff297d937669133f848c35c50e41fe48ad99f9c18,451,0.004644125264556656,stitched_market_reference
1760304311,23564313,0x7e068de38277739d884b2c3c52cc4f1795ebf8c311890938ce592a80e6ae2e44,396,0.004620415559313843,stitched_market_reference
1760304503,23564329,0x4350b293919d89591d6b30d8a20778b8408fc48c833efe9913c51be9cba759b3,659,0.004588040589514375,stitched_market_reference
1760304563,23564334,0xdcef1af2edd3e804c448a70eea15e3139b7389b2c25ce2f6edf0037fb5cc5eb0,118,0.004622055523373266,stitched_market_reference
1760304599,23564337,0x7ec8de3956e187bf5f57aee425d19d97b303aa0aa4073dceceaa3604cafc6b6e,42,0.004645807685941964,stitched_market_reference
1760304851,23564358,0x24eb4d55ad3efaa665a1181d6d70070c495f5a5ecc2c5b60ead284abe0f31f13,182,0.004611331519225807,stitched_market_reference
1760305535,23564414,0x4ebe12da19ddeac9891a2ea71ec184d5893e6b1b95c21864fb5800351acfbab8,257,0.004634431364913083,stitched_market_reference
1760305559,23564416,0xf15d64d755f2f821e0690818723b2cb79e3dfbc3550d778f511196b9d161d0df,61,0.004611111362847576,stitched_market_reference
1760306447,23564489,0x16bcb5fe5ad9ba1a12dc1313037c8d9b84d39ecf986ff4e655156fe22c017dae,680,0.004635663444346186,stitched_market_reference
1760306459,23564490,0x56e51826e403fc4aaaca1af22dc5d056ecf910a5a82e3dc2c9d09b775b2163eb,258,0.004609279688747059,stitched_market_reference
1760306771,23564516,0x0b922703bdbae92c2a5d7f27668daa2057d11609f211ab541d4b4a2baf7a983d,366,0.004634786082661436,stitched_market_reference
1760306855,23564523,0xaa79fa1fb67223407ffbb06bec5b7596cb1c528fe8901b2779b9ffe62125437f,114,0.004610349127139778,stitched_market_reference
1760309303,23564725,0x3b435fe780018d39662758ed610cd09bdf11432ff04f26e260c3af515039b3e6,101,0.004586086761642119,stitched_market_reference
1760310179,23564797,0xfe3e663341ee554dfe510dd6a37814ff1df9da07ab393c90d21ee52eb704e089,914,0.004609631358808003,stitched_market_reference
1760310371,23564813,0x36f8afa72d92aecb2038bb549e8a6a9f033ac0174023d2a08f56f2ecd3b97a63,150,0.004583529585498983,stitched_market_reference
1760311871,23564938,0xf755bac1264bdb457fbf131b09bbf77788cee76567189b92a709d1c92fbafa7b,542,0.004606856330266683,stitched_market_reference
1760311883,23564939,0x4022228b925903dfb14610b06843a3d85e876dac0b1102fd7ff218bd76f8c4e2,31,0.004583484437741948,stitched_market_reference
1760313971,23565111,0x73fe85ffd4d14374538c3706049e041b9d9acd8c6edabf3d6f2b264df029df48,400,0.004559732231926484,stitched_market_reference
1760314559,23565160,0x1f9611936367046d4fe2a4d1326dd87edb662e15ec1ca0ac079b45435be9cd92,356,0.004583212507913678,stitched_market_reference
1760314739,23565175,0xe42001ee229b7f753ade58c08da55bb00edaeaff0a6f4cbe404def502a7f5e1e,106,0.004554129650194336,stitched_market_reference
1760314751,23565176,0xf12534cab9c48d9e5d6ffc5366e256ae412456f33b9eaf3992285d41e95daeec,80,0.004585273507055467,stitched_market_reference
1760314991,23565195,0xea2e92f581bf06675c0f07711dce94c2b2f748314ff4fb7a88cdd50de79e06d0,408,0.004561275823776063,stitched_market_reference
1760315099,23565204,0xb9bdec0065bab1d87bc0123b1642cabac3826c7e525cb1658fe0a6ae74fb5904,87,0.004585783411413405,stitched_market_reference
1760315483,23565236,0x17fd6a14f457a69913cd4d122a34b35dbb1798d085883e20954285f82a90e42c,107,0.004558240034263797,stitched_market_reference
1760315951,23565275,0x8d029f05147d0ff665b50c80598a78f1864aaaf0c987cf90c42f43ce39c6c99e,103,0.004534807249295595,stitched_market_reference
1760316035,23565282,0xc7a79eda744530f849594403015d8b3452d6e4d076db08578752eb5edb7c9b58,259,0.004557903899488525,stitched_market_reference
1760316755,23565342,0x473d7ad9c4fe440704b2dd4a08bcb5c0246d160db79b6d06a16bed32e96b70fd,325,0.004580943326989129,stitched_market_reference
1760317451,23565400,0x4686abdccf017635895f4f0942f74538868a373f581807a025d915b201b76254,531,0.004554563194810698,stitched_market_reference
1760318567,23565493,0x94cdd1ab74977e09e73584b3ca6ac4ad5ac15cd22625bb1b579c4948c8b7be54,374,0.004580367742880359,stitched_market_reference
1760318615,23565496,0xbde666d441c68d0a0722da57029fadc6868c31d11aad9df5a3bd1669f02d4413,410,0.004553892756761165,stitched_market_reference
1760320187,23565626,0x42120852970b39ce235c6ea1418c28ef51c56a49cbe1e9fd71a6998b46bd5413,193,0.004577217605750829,stitched_market_reference
1760320523,23565654,0x621f454c69d2e63321d94f802d09c8c16097953dee0aa0f70a1316d2e6d0898c,239,0.004602439763785594,stitched_market_reference
1760320619,23565662,0xab04e34d5264252364a0cbfa35fb459c59cb3e73579e092a2dce87d23539e0ac,139,0.004576240613792299,stitched_market_reference
1760320859,23565682,0x337d011f5a5f7736cadba3d2814518d90ac256d094c49f33bfc578c9e55ff712,7,0.004553365106963734,stitched_market_reference
1760320919,23565687,0x0ac33c599d1c820ca7423306af9d851713e5e99e5a3d50dc823134de30b4999b,253,0.004579520291915046,stitched_market_reference
1760320967,23565691,0x46ce371beea3016e4acd1af51a6715b37d636bb3c2d86a5139949e069ef79ff2,223,0.004556081341877259,stitched_market_reference
1760321027,23565696,0x202f8c9f515e8cc79a8253d88db775f05de479bb00f6ecc7d306d8a87404626e,719,0.004579479172432138,stitched_market_reference
1760321783,23565758,0xbddfd7eecef0171126881d20f430203cf51fb3a71d50653e27059439d69c0202,122,0.004555653211866407,stitched_market_reference
1760323139,23565871,0xcc1acf44c33a173827912c154163b69e92f64d07f092608c011f98a5c4ad7f04,1230,0.00458134203447336,stitched_market_reference
1760324423,23565978,0xdf0ec1802cdc4b15b9a1d9ef7b12a39e09fa811e383c526a39fbaccf51e343b0,266,0.004606352153010946,stitched_market_reference
1760326475,23566148,0xa89a2c583441c2763053a0d045e63f73ce04ae319f68ca774fd0cd80331d90f6,306,0.004582672426767555,stitched_market_reference
1760326775,23566173,0x6bdc933d2754c0f8107b153324f6c85ee0a64c7b49c5838d1ff65f28e113f502,100,0.004595514607200136,stitched_market_reference
1760329331,23566383,0xa122b6c249c93bdee3857b9093bdb319c01489850f3f241af38a3a45f855640c,1103,0.004621283361295029,stitched_market_reference
1760329439,23566391,0xe18750659030c3a4f02862877e11c7fc8700910699f27e92a46571f1eceaeaaf,39,0.00459733431696771,stitched_market_reference
1760330099,23566446,0x4ea4c3727513f15029f9cb0981f08653c0c129ce4bf0a71cf2ba9891ff57d6a4,269,0.004622896271744417,stitched_market_reference
1760331119,23566530,0xd24b950f459f97b2729265197982d961dcfaa449c7a61bcc410054728ec04cc1,77,0.004651614890783413,stitched_market_reference
1760331575,23566567,0x9f58954bf9c9f5516739598075b7f97519bcc7a948df4026a07d87f66ea4615c,614,0.004625461836708934,stitched_market_reference
1760333219,23566703,0xbdf0e3d87806c63fdea98bc6a2e74ed2b709b747bcc73ff164d9ddc72481a96a,40,0.004649807414680087,stitched_market_reference
1760334695,23566825,0xd856a9e0c45d317839b592349898ae3720dd5ed2850153c8f1af411037f116a9,510,0.004624451573617377,stitched_market_reference
1760335211,23566868,0x487f85ad2120f34b91f9b7d8d4415b28be45bf5b3f0bec403102bd185c021a97,220,0.004639178388409425,stitched_market_reference
1760336039,23566936,0x04686397ee81010642b63ae585b4ba9dd97fcbe54d86b25c8e272124a1945fad,202,0.0046674131279729,stitched_market_reference
1760336363,23566963,0xb2bfb1d18511a20ba7286bf951b7954090baa09635e49983862cb1dc24526efb,264,0.00464107577933151,stitched_market_reference
1760337095,23567024,0x57dbc3124006797c8a24b7f6827015570f973e82b345cb3585c86223db3a4350,216,0.004666844648401892,stitched_market_reference
1760337251,23567037,0xc95f8dec376034286fff7671ed8a75e5352d298a2b63c4ec333e84a4a13a33b4,339,0.004642398496632697,stitched_market_reference
1760337815,23567084,0xc11ff59b392d09a0f4d5ccc8453cb702affb0a1512fcc6f80bcbfa513949c7b6,856,0.004667579070845905,stitched_market_reference
1760337971,23567097,0xd22004f6555dabbd09d1d1921d51b20a16fd91c25eb535890d081a1a9ee3751a,198,0.004643272266048167,stitched_market_reference
1760338571,23567147,0x32a4ca499dac0bfec4ed5ae646a067deb5d54c28601e57e2c0a0f547fc14d7ae,259,0.004666573556344582,stitched_market_reference
1760338871,23567172,0x930f927bd4df260710510cd17ab6e959830d641de141b45980f675a1435b78ea,381,0.004642922617109983,stitched_market_reference
1760339387,23567215,0xbd880aed3623f3fcd6b1a71b075e30fcf3c2902d1f0ce6fb77c1147f29f57ee2,71,0.004666456507263761,stitched_market_reference
1760340347,23567294,0xfc778a91321f71523f437fa415ddbe3b01f712574cc4816d4a960d2c87bfd610,189,0.004692332037021489,stitched_market_reference
1760341367,23567379,0x6887a2640107345737a49e6f7b8666868f8adc929bdb926123774cb60d722c03,223,0.004668890487065485,stitched_market_reference
1760341607,23567399,0xd0f4cfcbe55a16b1432bdd2853a8edc8852071833aa0aba90496cd5bc7eb36da,839,0.004696242391921304,stitched_market_reference
1760341607,23567399,0x1ec76aa328ba14aa882a6ebadfb937d2d51798065295a1f16a6f141926528519,842,0.004662537563720832,stitched_market_reference
1760342435,23567465,0x17b300f407ba00ee58374a511e47fe32806e10613805615808d47a3e0c31114d,395,0.004656686777397766,stitched_market_reference
1760342447,23567466,0x25a969794525b6e0648d62a36795a1b2d19768f947651f930f47fc93ccb719ed,385,0.004676824709352477,stitched_market_reference
1760343251,23567532,0xe7ca7ff09c967c7b02f15ac835a1b42700dcb924f8764d0384b4db7d0382c97a,227,0.004705698804442266,stitched_market_reference
1760343551,23567557,0x670be1d95c2c641893510a1236b9d30192039cd5fbc6c6b883b53bce1428d315,497,0.004681850544053237,stitched_market_reference
1760344979,23567676,0x91623ff6f61276eadb60e5ca8fb3db0cfbe405cdb0c0b9d73318f8e48acdbae5,452,0.004711645015541175,stitched_market_reference
1760345123,23567688,0x6bdfcb4ccd77c1348d613b8f53ca092ff48fd36bb8b73cfad9ba120d6264ec02,35,0.004687828508603191,stitched_market_reference
1760346047,23567765,0xa86e26a28e5e54c58a39ac5ac8eaeb41ac87d6a45c8ee776dc3ef346ecac8562,29,0.004693173285268161,stitched_market_reference
1760346827,23567830,0x0c38d83a5a24cb3ac10e67f0e3aa50ca5b81f015160a19d3484d881cdb4dd3cd,936,0.00471839332641269,stitched_market_reference
1760347259,23567866,0xff17793d86aa57c6233a295d6411ea5cadf24b6a43944f2bd2477106e2ac7231,95,0.004690555703271363,stitched_market_reference
1760348123,23567938,0x1bb9ab4341c5a9ec2119162d70fc20bf4f50c05351c216e6d81712e2bfa0d54b,121,0.004719655444100871,stitched_market_reference
1760350451,23568125,0x7ff0adab1f694b36db6c2d4eea12b3eb028dce23fb5a86f1ffff93b6c15a1751,423,0.004717032412960979,stitched_market_reference
1760350679,23568144,0x2c322592e1c11f4da9f94667899dafb4e6f3dac32d7d683ffa7d0fb9d7592901,103,0.00469329616672991,stitched_market_reference
1760350799,23568154,0xeef1c71fab18b004ee0ba0a78e5f7533f660ce944fcdd90e8d03aa8245811b4d,128,0.004719081423189995,stitched_market_reference
1760352539,23568297,0xea6f8be536443fda3e7da818d19f96998091f8d6dfdac8c7a3ab0ed4a7c3ea6f,211,0.004747010281056197,stitched_market_reference
1760353343,23568364,0x101ec3f43870c4f4139badcdb5f857f03cb276777e1a0b945950070b55392095,614,0.004721020437633727,stitched_market_reference
1760353367,23568366,0x0b0b38108041d64bc37747cb69a82ff5be461aa8bb77026e53a9d130227338cd,459,0.004746264906440969,stitched_market_reference
1760353451,23568373,0x80decf0e334353d1a3db7721171968974c44a34f77116e2611e8838f9c73f8dd,76,0.004778991913198912,stitched_market_reference
1760353631,23568388,0xb73442d49b99c3c9afbb5ad5d1db9a25fb3d4374b1252755566e5ca88c663734,600,0.00474434953883088,stitched_market_reference
1760354411,23568453,0x93701e00d8df63d6840ed7159bec7ea6b936704938bc3f448c093957e1d18bcd,108,0.004719161906749919,stitched_market_reference
1760354639,23568472,0xaee97633f547a05c3db995f34f7c00e935ea7d5ee1ef0477572b8bca52d5bf34,866,0.004694967280209289,stitched_market_reference
1760354687,23568476,0x2f5b8f88e988db460de5d4734cee606cb3ba08502d5b34533ab5748b8acf868c,226,0.004721778266978864,stitched_market_reference
1760354771,23568483,0xccd50c178f92c9f9bb183cb18379ce586e68ee772114bcee87181ca2ecfb1351,441,0.004693195923310434,stitched_market_reference
1760354951,23568498,0x6c4d29584216a3deaa01e3875f72556a3e769c05f6891b3fe33de355d56e4043,1179,0.004730509337546856,stitched_market_reference
1760354951,23568498,0x24457e3e62f98c72b8f38063e7c9b6d1f50ccdbfddc0014cae1e8394db4bfb60,1330,0.004690086225960635,stitched_market_reference
1760355131,23568513,0x35988ac18ea1a9c7efa514b61c0510e5223b2f1252987ea91800fabc0ceb68ef,137,0.00471375626513818,stitched_market_reference
1760355347,23568531,0x05f549abcef3dcd966ac1c660ad5a97be29485a841f344b38475e189e09858b1,31,0.004743327320206593,stitched_market_reference
1760355491,23568543,0x5bc07e72b09e6394326245e4f6deb3573ba667839564ae1e352efe12954d48f7,248,0.004717093296982341,stitched_market_reference
1760355671,23568558,0xa636f0e10c9321564ab349a3a1f3d4947489626ba0f2c3097babec578937372a,23,0.004741397104285516,stitched_market_reference
1760356211,23568603,0xb0a177ae2510143d8c890a024c331276a1057d2f2e5f40d851847d706a7be591,214,0.004712964312506775,stitched_market_reference
1760357003,23568668,0xcbc47858d4fec144b07b62257626b66e7cbd4fe45a64f9c6da40c52e8c3e3aa7,219,0.004684777543547657,stitched_market_reference
1760357267,23568690,0x7a5b349629d4b03e9e3502f2eeb74e0d243923a6c301717f52468536019e9c46,225,0.004712436998119187,stitched_market_reference
1760357447,23568705,0x851d86a1ccf34d48a582469f3717e77289f53bdcbad2bf3cbd12b1d446a12774,165,0.004741360758834773,stitched_market_reference
1760357459,23568706,0xaae7bf46d25581de295cd619089dfce72ea598083a9cdae938f12436c50ba4fd,536,0.004713619670540272,stitched_market_reference
1760358803,23568816,0x30aa3b338aea0a864fce4239d96b2116f142657bb7d875682e2996f49906559f,107,0.004682207907731246,stitched_market_reference
1760358839,23568819,0x0a66ae75cded6ffbe082dacb30b815912b61502b7bf2c74a7cdce8ecc13afb84,255,0.004715422411380521,stitched_market_reference
1760358887,23568823,0x164e8c6e8b6eecfd19ffcf98c7d705772bbac171a14260cb91c345f961b5418d,238,0.004739495286789246,stitched_market_reference
1760359091,23568839,0xd69b45fc9b7ee934bb0ea8d4e8490a3d6fd07ec84fe563652217a88ea2759b05,185,0.004712871211154496,stitched_market_reference
1760359895,23568906,0xe7f7287ec7e3aee8a7481c813719b5b533cd97b521340421e7ab9e0a76ca14b4,181,0.004738573066788753,stitched_market_reference
1760359967,23568912,0xe25a440db4b4b7da4d84e192cf99e46f56ecc9266f09ebb9dbbd36c19087ba13,389,0.004707257194901592,stitched_market_reference
1760361287,23569021,0x943f78b9c693ef126658b659ab51465ac28a481eb8ec206d0153c00ece28b3b5,567,0.004681493217870727,stitched_market_reference
1760361503,23569039,0xc69c066f2f4ab8371c9eebde99aa50817a39df27acf3242bc5267b19c2e8ae8a,121,0.004707625694650762,stitched_market_reference
1760361803,23569062,0xda52d5d6d45ba8b8042108829c7278464a8d01d46998faa67a672d992467baa3,229,0.004683388044944695,stitched_market_reference
1760362259,23569100,0xecf164b85e6a560275e1c231da24c96cb25d34f43a462aab0f30c277abf0c446,406,0.004713855025594319,stitched_market_reference
1760362283,23569102,0x8da76edba07d464fff2725bc224238d0a6179650144142da867d04584fe3f3e4,661,0.004751361783371241,stitched_market_reference
1760362283,23569102,0xbd09926094e00aceaad09778d028f5ea19600fef0b032241866974e3cab488d0,729,0.004727030723500922,stitched_market_reference
1760362343,23569107,0x34536b2396a3e6f768687fc9f095800ee43e379b02e7e345cecb9e6e92ee58f7,143,0.004702667454023958,stitched_market_reference
1760362403,23569112,0x08e6d9146efb918c9b56ff1db473f24f0935e13faee82f4dc964ec92f529a201,128,0.004739860444937212,stitched_market_reference
1760362403,23569112,0x1fc9e338af43e4ad7754581d64e03e85e7337c0a5bf0113a47ed79ddc944a121,137,0.004710793388429752,stitched_market_reference
1760362535,23569123,0x4902eae30c2cacd25bcadbc6d87f0c9418085b0528bf2b1a2fcedeb07ddc327e,362,0.004735867234146237,stitched_market_reference
1760362571,23569126,0xdf11a53f5513e4f04a56990547eaad928fe99be4ac721a71ba9e7c8b92702d47,362,0.004696779702386588,stitched_market_reference
1760362715,23569138,0xab1ab6870fadc17b6d275df4ad3d69f70e1bffbb22eba5bcebbf215884000935,556,0.00472776315149949,stitched_market_reference
1760363531,23569206,0x975903cc72f17fc5d4a12c4e623d01066792f28eeea0e67589c9810a73f8e7fb,197,0.004699018412594388,stitched_market_reference
1760363531,23569206,0x96e0854b85f90a645385a4c748ea056ff48d2bd7b927b98fecfe1dd6f7695266,200,0.004732180285368709,stitched_market_reference
1760363891,23569236,0x4643b2c671c362e6660dac66dbd5984a56e1215186b16dbcf7290d8463ee92b2,350,0.004755948101637906,stitched_market_reference
1760363975,23569243,0x2cf3f9eb2f3034fa49c96b5c3fda5c1194e633fca470f33c642d5b53435cfb95,157,0.004731979817103458,stitched_market_reference
1760364431,23569280,0x790a2acfa153bfa654a79cb059c707fde9495308efe5d62090bcf2a6f842c4c2,325,0.004762798952816417,stitched_market_reference
1760365379,23569359,0xef27bc24b4878175464a77beb269fe6ba0e73cfa49bd326bde76b558f84766ad,337,0.004793006417649872,stitched_market_reference
1760365583,23569374,0x0806c5ce8c7758d0a19fb22b1b2c74197c406bdd953a21b228a9cdc5710ff134,381,0.004768328669630651,stitched_market_reference
1760365775,23569390,0x455762c593ffc68e044f2f5d477391b8f1034376304926edce23780f763be00d,821,0.004740637345720231,stitched_market_reference
1760365871,23569398,0xcf08e0356e7bd74b5ac8e56b95c21ce5d8dd275cbeded2d17b7c014fa23d95f0,304,0.004765019531378806,stitched_market_reference
1760365931,23569403,0xa4e55171f6f08dc09496a316344e74cd191c171ad37109cf85f4787ce4cc2de1,414,0.004735586353549846,stitched_market_reference
1760365991,23569408,0x1eab9a152306dda41e68d9cc0fb8477802cab7ae5e2df4a38d19f46e378feb63,252,0.004762300592742658,stitched_market_reference
1760366063,23569414,0x19b61b163cc636b5d8bee77c8f9734b0f7052202ddb18410b7589ac81e049c22,292,0.004792591881281653,stitched_market_reference
1760366075,23569415,0x0e99014d5fcce491d7daf19cb8a9a8b651165ec79487db45b93848783f6081ae,282,0.0047674238337788,stitched_market_reference
1760366147,23569421,0x450ccc0f1aeb65f558186c68005f1a44c9ff32abad9881c27b08485e9115bd3e,53,0.004800665580970616,stitched_market_reference
1760366591,23569458,0xa26dca4b14cdd10ade0e4d8e3324810f7485bd5fcf506cb8e1dfd8358567d823,100,0.004769500472449111,stitched_market_reference
1760366951,23569488,0x73f45c12ef74326d022f85192be063b7ef3a5c7f920fa2244fcd21e7d2b5a858,48,0.004794133799768895,stitched_market_reference
1760366963,23569489,0xd6ea8b2acecb098e318d7c290871ee8d146d5e7c6420857afa3b82983f8380ae,289,0.004763633096578675,stitched_market_reference
1760367347,23569521,0x528277331b67e6f005b6644f4530b173b4c732a191ba10391a1f27392f844e62,98,0.004739073116720034,stitched_market_reference
1760367707,23569551,0xb86fb5c59a77c95e4b2875fb43351497a4d5343cbc622000ed8e110c0d4c7b6d,72,0.004771370319963197,stitched_market_reference
1760368295,23569600,0x05cdcec9e4e82aa75df7f301caffd4254ad05ac4d022c3eef77845db8bf89356,376,0.004798495382773887,stitched_market_reference
1760368307,23569601,0x776d17c075c4a042acecbd1a62b736914c9e38d0334cf22ea65169b63346f7d5,191,0.004771230345305939,stitched_market_reference
1760368679,23569632,0x88393281cb9dcc3303215af733082e84244baaf2a8cdb50faf8416b48137885d,790,0.00480158966679448,stitched_market_reference
1760370203,23569757,0xf31fbe35aed39a8fd2d0ee1f31d1011c1cf629074cb103738a79f3c377be1648,81,0.004775794830406865,stitched_market_reference
1760370587,23569789,0xb1b6068ff6bfc61fbf4f17f109dc1ffb58ddb23aaaad0d9a2a6af3f032556c80,104,0.004799837238869849,stitched_market_reference
1760370635,23569793,0x031503ee4326584ff9333e9a9b2a76d26e18f451769e1c3281d863342b45c30a,703,0.004766935689889298,stitched_market_reference
1760372459,23569944,0x4200813c858858be89cb8d8d5bfd16369a6521d442d0dedbe21a802ebf975444,246,0.004742644337926966,stitched_market_reference
1760372579,23569954,0xda8647fcec0d8fd4f01503b9312676152a93d77c47de7b8d604f502062711f36,169,0.004717312799711505,stitched_market_reference
1760372699,23569964,0x82c9ef72409715bc6a167a029e86f28b909bf4cefd75cf794142e8b5b7afd457,665,0.004753091776113595,stitched_market_reference
1760373143,23570001,0xc6cbebef47c07baca0b025358408181dff62c853ae92c0808c580f14b19daa58,226,0.004729253043040623,stitched_market_reference
1760373827,23570058,0xcfc7f332e32453917c5ebd663fa4a436e3459973e3f47c8bdce9e54d967161f9,1920,0.004704923386031669,stitched_market_reference
1760374235,23570092,0x0720ea4c6eb726e9e56fcc7de40ad029bcf90e2fb0518d0dc138fe794fa62cfd,463,0.004689675055534619,stitched_market_reference
1760374619,23570124,0xde1bbd361fe07635ec6a17b30694cc6f3a84507c64212e8355260d2273aea35f,277,0.004724920501308366,stitched_market_reference
1760375243,23570176,0xeab926bd6ee57f0b9c9817ca86f204c5fc6242e8e86886b815348e521977178f,274,0.004749078787055634,stitched_market_reference
1760375267,23570178,0x4dbcef6f6ef7a2a066ee5f999a7c18bf6b6ddaaa81305aa2c23cc004a6c2870a,204,0.004720531845769158,stitched_market_reference
1760375363,23570186,0xf5744c730fe74937faf8bebbeb411f21f202141611ecdf50efaf413a26e6922d,34,0.004693595406560799,stitched_market_reference
1760375519,23570199,0x61828949ff25df9bacbc735445bf925d2b25de5155c179a77e662cb0e70b1110,327,0.004670015303282386,stitched_market_reference
1760375555,23570201,0x19cefcc46490e60759a1b36ac87ec4d9dcd855ce40b27c9651ade565455affff,540,0.004694576829011692,stitched_market_reference
1760376239,23570255,0x7d460fe4f425ae30b052e5f7d404781c19ef6496c85c762a09c740177ce915da,132,0.004726225715503649,stitched_market_reference
1760377367,23570348,0x7b50cab6b91f17c1c11f6a6e03588dcef11dc02e92417119e61162d00abc7a80,198,0.004700728188776112,stitched_market_reference
1760377739,23570378,0xa2e51678f33a4015a1abe58d4480289a9f016c4da502a9168136956ddc29c73f,93,0.004667522041419571,stitched_market_reference
1760378279,23570422,0x4de88ee59e999ac50e60f277df9367cd857b304a4a50a4788384c6c7914349bf,497,0.004691184720278087,stitched_market_reference
1760378291,23570423,0x1924f41b6054ac87fe4c50a8aa1027206b4b9cb1bc1af81f0b9e59cea37ca7a7,352,0.004665809760611818,stitched_market_reference
1760378399,23570432,0xb6d85be1c95f4a1ad923bee556a6a66b045cc0d887ddc27c1d3f7c7a210659c1,236,0.00471195634982211,stitched_market_reference
1760378411,23570433,0xc49655bca0bac45a438d8a95d1a694293deff8601e0f886c19c325516efbf3b1,546,0.004683663195435482,stitched_market_reference
1760379047,23570486,0x395c49935cae655cdf150269ee34e6333f31f0179675e99c19d4de7d0b607cde,488,0.004711643217921344,stitched_market_reference
1760379119,23570491,0x20ae00bcd257fb61a593517b9584119042d9d4e89f06a129e9ac7d9186517028,1066,0.004684136211719403,stitched_market_reference
1760379839,23570551,0xddc7ffb27c0f148cc64fe649a558c02772e503a2f051664571fb6821e4297d0a,124,0.004708340810225407,stitched_market_reference
1760380031,23570567,0x0ac9ff1ab88975a4676146ccd889b073c9f1518195715190ac805acbdc69660a,585,0.004683344769605713,stitched_market_reference
1760380307,23570590,0x585c82130617bf143322876d894a874123c97188fd81a4292910f2a548bd7ba2,181,0.004707071470404866,stitched_market_reference
1760380499,23570606,0x89866d25cbf28cb53a31541125b6b9d19a1ba8f43fb1d0a1d5a864d28b965d93,28,0.004681827050783094,stitched_market_reference
1760381075,23570654,0x7b93e17c7f2f16026783e08931764c01f7f2216a721ce3bbc8c112405566ab75,329,0.004706551335701195,stitched_market_reference
1760381591,23570697,0xa045966bee8c95a4844a3b8f8b00d4c7d4168627b2318cfa2c789b0efb6c7c95,1054,0.004669680810866977,stitched_market_reference
1760382227,23570750,0xb422b453d002a849fbf5c457bfd266ea9b6c37ffc4df58b549684ed72611576a,151,0.004696366550320228,stitched_market_reference
1760382911,23570807,0x89f42944e7655dab8677cb7403c08a0bf88693fa979960065897e23d02189e99,568,0.004672649084983752,stitched_market_reference
1760383175,23570829,0x39e5bc5c99666d8810b2c15a38e21c0300ac1c45f98bd0c20674baaf219fc4f0,170,0.004698164857687688,stitched_market_reference
1760385191,23570996,0x9aea938d556acbcd4d5cb88e498978d3493525d9a74ff15ea042da5e58e6660a,249,0.004722350939281425,stitched_market_reference
1760386091,23571071,0x9a9086c3b285ddd9fdccf3f960e00eab7345f3314f2d8b21eedd09364549145d,113,0.004697066476763583,stitched_market_reference
1760386547,23571109,0x452331ab7a3277394351910cb9a993342481f6cbb5a3f502db79898b27d29146,166,0.004686356283845558,stitched_market_reference
1760388191,23571246,0xdf98620a2e5c48ceedcb0dc5e657d6bc0518ed010341e1327fb7b8823e12aa7d,161,0.004712516911644044,stitched_market_reference
1760389283,23571337,0x89137f8ca1b32a607c359e3d36dbe88d67f1921edb9523f36ca6bba0ec8c26ac,365,0.004685457897455663,stitched_market_reference
1760391047,23571482,0xcd8980282a21242af100fd3ad15b177526beac9f464cb6aaa2ab5032b7e82855,138,0.004709157289850646,stitched_market_reference
1760391803,23571545,0x06db9135ff3ccc55f6f0e8daa4dc7edb6702d86b6ff4d1cdba1b1062c12bf600,105,0.00471812564605433,stitched_market_reference
1760392427,23571597,0x82210e3c666474dceef83680da4a0fcbb95cb465d8369792261a83b299d1c635,505,0.004693575284534673,stitched_market_reference
1760394683,23571785,0x84e57c9c5f881ab928b12b59f1eaeb359f8b4fbab848e6cec5ef4cd9434554ab,377,0.004705970125660598,stitched_market_reference
1760396063,23571899,0x2e8578ee931140c2a696a1f3560f363bcd016145a7db1d9fcf51a88caa69e3d8,166,0.004723833235466823,stitched_market_reference
1760396063,23571899,0x11157a445000da400c4c056d152c0c161586a85b3faa4eb98013168c09162577,214,0.004699237804489915,stitched_market_reference
1760397527,23572021,0xb1a56f0a792938b9ac58132a72998cd3310c39aad92ced49a7331936dbf86db4,173,0.004722901412287417,stitched_market_reference
1760398223,23572078,0xc113045ad2e2cb837cca716c4d9e965b89e444597af9b6d2f65a28384de3220c,317,0.004698451072483643,stitched_market_reference
1760398967,23572139,0x5e8cb19de05a91f6d0a8e865f952106e01a1a98603090d03254c4ffeaa041715,14,0.004674760587458962,stitched_market_reference
1760401151,23572321,0x7979bdf91104c2c05e8525e34298f35702141746dc78901f28b3a583c7acd654,88,0.004676440808962579,stitched_market_reference
1760401343,23572337,0x762987aeef39fce6cc1fe7f26b0d741532c9863c9c357f83e63524a0d9529436,645,0.004700247368334504,stitched_market_reference
1760402879,23572464,0x4f6734799d54676bd29abefa62c64dd1c2f74269ca74a8b362111dc688a05db4,856,0.004674573213274729,stitched_market_reference
1760402915,23572467,0x4cb95b0b5a34c1c15300ef8649e841c2ee9f32d874b03afd5bb976c8ca8bb350,159,0.004699253091559152,stitched_market_reference
1760404187,23572572,0x9a10a279ec44e51bf72ba61729dc2a9ae0f5cf2eae944468b51e69bf9f40981d,501,0.004724072721938831,stitched_market_reference
1760404907,23572632,0x979545cdae9fe7fa6cfeeb6ee5d6b2677b3d1e6fd5890ce416f64d333594d23a,792,0.004699002049741656,stitched_market_reference
1760406503,23572765,0x05c5aa4d094ba6080d820efca297745a9f5e3ab92da56f0a1230f307eca37637,492,0.004689522230723454,stitched_market_reference
1760406887,23572797,0x9a50ee70a6d880f2b2ea5a69822475563df68f007aafbe1c0ce973895af495ae,13,0.004716873560081999,stitched_market_reference
1760407499,23572848,0x87812054954bf085d58e35df5236d6e068228e896cdbb12b46d3bb200ba9a3c2,275,0.004690220955389866,stitched_market_reference
1760408315,23572915,0xb3266342221facdc730558731add09880db6c52b0137d39db81aab40a537cbf1,747,0.004662657589081283,stitched_market_reference
1760408567,23572936,0x084c268396ca4ea758525c5f386fa9e6622c7731d8a65938e7daf58844bea0db,342,0.004686107552079813,stitched_market_reference
1760411003,23573138,0x955b51c109e0e2102742f2bbe4294cff1f7de8c1795c565c26684177d5db8c6d,1049,0.004715302465458598,stitched_market_reference
1760411015,23573139,0xb1cdfc0061547efddcfe93972472dd21c113ebb35ed17b803ec77833fa55442a,463,0.004689395016237821,stitched_market_reference
1760411135,23573149,0xd052bd28cb7001124d0053e52be46ab003d6d647a4b285a3b6b951db151e6e04,673,0.004665875593305021,stitched_market_reference
1760413811,23573368,0x79023678d7a3ce78b88205c65bf5883ac24b44a17871522feda5d1166ce4ff85,170,0.004690948990180441,stitched_market_reference
1760414639,23573436,0x337e2c66e3af91a1cb6f027e66efd0e4043d3be5ed9bd2f88790e8beed3a4090,624,0.004692508436304121,stitched_market_reference
1760415047,23573470,0x81511a4774685adca6c8b8ec95ec0f054258b838cfdd3b2fd748acd62d802cd5,129,0.004660849041118421,stitched_market_reference
1760416571,23573597,0x68de98883fbb28d23a3008820a7044561a815a076552fb2834484bbca6c8ecd3,177,0.004685307743962869,stitched_market_reference
1760416847,23573620,0x9a70eb6062c4e47b6bff26eed84b20f377fe45ae2fee4eabd609a675202ccf33,694,0.004660989460627225,stitched_market_reference
1760417267,23573654,0xe06b7194da81c598e6c9b9b977006476eca36de444ac5af615c26e7439dec26b,272,0.004690333398961136,stitched_market_reference
1760417471,23573671,0x3daca488eccfbef15b747f6e4eafc1388c5caf849274321d13849f4ac2257769,553,0.004657633502750291,stitched_market_reference
1760417567,23573679,0x97221b9740d8e43b3f03307fcd3e049a26404266c93b03dacacd9db40061195f,188,0.004682202458532904,stitched_market_reference
1760418107,23573724,0x0ed6ce12a8046191441b909d631338898a1e3cc4ff7da0f8d68cc4875032f528,513,0.004707490882150419,stitched_market_reference
1760418227,23573734,0x74b07f5409bb03d10256d6b0543a9c0f1a2ffa72db152e398a599b496f6fce21,189,0.004683631669409754,stitched_market_reference
1760418491,23573756,0x5457a2e662a5f8766072471f2b3dcca182c7fd0046ccf8daed811fac247e7b2a,163,0.004711582323010086,stitched_market_reference
1760419247,23573818,0x168c6d23175b87410086dc30ca4830bfc514fc2f2eb95535a48bcd74516fc306,384,0.004686344717348548,stitched_market_reference
1760420039,23573884,0x12f4aa304b8784232f5fb7a98ee5fab74c0e79359c7c44d163291eb25dce9815,689,0.004654931455230139,stitched_market_reference
1760420195,23573897,0xf3c579181aaeb379c0d3a52e3edc6fad3fec56f9c2e3e525097c454eecb3bafd,1171,0.004626237992205904,stitched_market_reference
1760420207,23573898,0x7aec317a449e59a3a09f429d8ba5d85f5e7c5f7490017f83414d2e1f4b8fc9f8,333,0.004652808534724735,stitched_market_reference
1760420483,23573921,0x554c1b61dac25f0d66c44386a6b9655066681c0dca71249e2ccd6e8318a3ea12,152,0.004679529912778256,stitched_market_reference
1760421923,23574041,0xa91ba91e97afc0a80779f7ea8914ab0728e3f51fb2a2f14c8920b7e0983a13a0,853,0.004649217237554963,stitched_market_reference
1760421935,23574042,0xa7420d9c9e7d74667ab75f68db4578cada518456503de343b57039443b5fdc7f,603,0.004673522264764334,stitched_market_reference
1760422487,23574088,0x5d96f02942f870772a4cc054d8c7fe9773bd031dab0f0928d5fe78ac96e81ec7,163,0.004697190894048963,stitched_market_reference
1760422583,23574096,0x69b1cbbfacd0263d2d0e6b2e3f9ae81e260bab2dc5982e10e22e3403144d98b5,557,0.004668108886430871,stitched_market_reference
1760423075,23574135,0xb5cf31d6b7eab9a9980a218f852192f5d4c6364f899d2f05cd7462f98e797b58,205,0.004643927656528992,stitched_market_reference
1760423423,23574164,0xf0ef3f843adbe982a20cd87bd515be8ff23554f371ba79575abeca3d379f04ef,362,0.004670915658421456,stitched_market_reference
1760423651,23574182,0xc82139f0b1209469e50be9df77eb85106158292db8ef568965f0134e7f523361,787,0.004640712280890346,stitched_market_reference
1760423687,23574185,0xcae86239f30de1c20f923a3e8dc73037174aca43ec4c9033960fbfefe3453014,135,0.004664514581328695,stitched_market_reference
1760423699,23574186,0x5e1a9668474ce3f36657cb071f6a143bc8412fc3092892524a3720d5bc02fe07,100,0.004640640537115858,stitched_market_reference
1760423819,23574196,0x84bf7d2b73a68f5a79cc16b427ce5a4698ac3b95f6b95d6ea42a525f3fb804b8,18,0.004671651421128274,stitched_market_reference
1760424119,23574221,0xb5dec15adcfdd7d080afb3dd11003dfd341672a07f03eb6c6ce5d53a9baf3d9b,286,0.004647692279862139,stitched_market_reference
1760424299,23574235,0x5bde0f3c76179304814cdceb46b15b2b27684f4e48dd67a4dd6acd7947ed1c76,699,0.00461549617628534,stitched_market_reference
1760424347,23574239,0xcc5a9c391787db4ec68880f29d72d4d6281c3cb7e91d13e7e5fe81840357f060,106,0.00465113296775872,stitched_market_reference
1760424479,23574250,0x25d76fcd07a7d5a39e536a12c378023d8cd7d93eb1ee72d122066404b0bfab2f,142,0.004612142013729061,stitched_market_reference
1760424503,23574252,0xe7d8df2d77cc567068566d11925cc2cf4379f26186570d2970680e73d5add297,48,0.004640233969938285,stitched_market_reference
1760424587,23574259,0x8f14bd6e2cc4b4c52ffcf38a5667cc39bae48795ed594b83ad859a57e0e1e2e4,201,0.00461394263977176,stitched_market_reference
1760424599,23574260,0xb0866ea558189c0b2f587206e562d01e295e07283cb71096b1cb47db58bf87d8,833,0.00464562790930477,stitched_market_reference
1760424839,23574280,0x0fe32efea0b45b498c3de818035d8f50598d2bd4be3d50ff3d5910744de356d9,120,0.004680542069172631,stitched_market_reference
1760425367,23574323,0x8fad2b7a7b76b3f307b85be6599d726a2db3d3d697655603d97d392b163abebf,260,0.004654547292241531,stitched_market_reference
1760425523,23574336,0x29a7fd97cf17c8582357c34b5196f9596b0c152b28a3f9bd4b77d511e3f25c09,159,0.004624202223513162,stitched_market_reference
1760425523,23574336,0x704955375773af4cb03d3d9b1f850a45bc4a0793605605530c2d295f8916bdd2,374,0.004648091712356125,stitched_market_reference
1760426195,23574392,0x0428dd8280e232cdf130d5bac5efc7809d2474c4596ac2c107f63c35cd10d738,381,0.004672462162289213,stitched_market_reference
1760426267,23574398,0xf737c1392404e9cdb9ecc56fb4ca233c56e8c21b15a5139fd40cd42afc8519b0,313,0.004647274410133536,stitched_market_reference
1760427503,23574501,0xf0c8c5e04ec6e5d6106e708517c942bd299954d73f2630590004d80ce9290067,368,0.004688441302863568,stitched_market_reference
1760427515,23574502,0xe602962b0ac2eb7c8012cba63653d657bce781283f52d0b2cf08f3afd27f3f67,252,0.004660204727097473,stitched_market_reference
1760428823,23574611,0xd98e3b065de1d698526567eba5b4caacf2224baa6d8b4340f0b9d4fe40b9d543,168,0.004660462836538938,stitched_market_reference
1760428847,23574613,0xe56047d4169ef4df625f12ed581c4f560bfb5209d7aa9f844ce554d246067728,346,0.004653492918616515,stitched_market_reference
1760429027,23574628,0x16d4221d4a8aa66e45ea29db3db84e729d4f1617068249964c0fc2e4a5cca02e,370,0.004678236110585355,stitched_market_reference
1760429063,23574631,0xa65b870b0ef8f0a679d129f545fb8f919bad7219b9753174618203f29770c83b,468,0.004652634540889073,stitched_market_reference
1760429327,23574652,0x897fbfca5b7fc82eecb5d70b5b517aa86f742303fac2049349905170250d4834,373,0.004680470510151291,stitched_market_reference
1760429387,23574657,0xbe87baec9308a4d42b6a2ce6390019d6b7c786635dff83ca93a69e6f46571fe1,391,0.004655305742764127,stitched_market_reference
1760429987,23574707,0x04d6431b2604fc329e2250cb3cdf9f546ead3237063707af56204ce0c8229b1f,248,0.004628037532913149,stitched_market_reference
1760430167,23574722,0x7f43194a38f3b320575862ce7feea021031bd5d1f548819f923d3c65fa2af02f,210,0.004652500395334302,stitched_market_reference
1760430647,23574761,0xf7fde22deaf87601348d96410020cf006f31a78805300e074f83c58d8b785e83,608,0.004679846986799599,stitched_market_reference
1760430707,23574766,0xdff086936c71b662066edb0c778e57b8d1c3f68a691a007eb8e5c50e033ba1c8,265,0.004655575642863207,stitched_market_reference
1760431403,23574823,0x07c94c900cf9bd16df83f5c57176cde372038965bf8ee132cd1a02014c746dad,108,0.004680986840593896,stitched_market_reference
1760431667,23574845,0x9c2096febca5477f37f6cfc1b97bdd9c93b4725a7600bf2ec360cc51eb060ab6,537,0.004653774027777084,stitched_market_reference
1760434319,23575066,0x605163245fb5d8613ca17812d6c7d0c4c2d3a33bdf10ab1658502a2d61d00ffd,224,0.00464036233615763,stitched_market_reference
1760435243,23575143,0x119c8de5da77b4ab7326639fe5bb7d0679bfaeb19ff75312b44063acb0003dcb,332,0.004664799744418055,stitched_market_reference
1760435291,23575147,0x46ebe8962898f444b21b2debddcc9cd4e723e2e661b608b215a218099af579b3,528,0.004648491640524115,stitched_market_reference
1760436203,23575223,0x5398905c7be3d142d98c0967415ed4896b99d844fa9d04b51c8617145de6602d,408,0.004623975264377335,stitched_market_reference
1760436479,23575246,0x735549055a36df2a31ff7474f314753791da3615367d41aa4191acdf13f87e52,278,0.004652170956872975,stitched_market_reference
1760437043,23575293,0xeea755d4ea289a5f18857b7122369d7e9006a5b2926160e97cf42eface9fc50a,545,0.004628834618464591,stitched_market_reference
1760437223,23575307,0x2d1f771676a58b3a41f89b609293dac616fe51144cabec558ad234bff68cc918,533,0.004667923100571008,stitched_market_reference
1760437223,23575307,0xcb97d1661b7073bd16bf3431aa44f74e246da1e9b5010936d24a6ef42c1e17ca,536,0.004641780650862045,stitched_market_reference
1760437943,23575367,0x5cb5cf5c9aec2a56b97f32346101c4f4d17fe6d86f7fec5a1fa4b19764538f47,25,0.004669496885570076,stitched_market_reference
1760438015,23575373,0xca882c17dac89fe58ef446e380f246e9da3ff990c98e0f6a808d14cf24ecc7f1,385,0.004637319541693148,stitched_market_reference
1760438399,23575404,0x5fcaac830ec66c5a0460aba0259b2e0907f9d47a28d988786764f7f82c88f986,776,0.004674377264534215,stitched_market_reference
1760438423,23575406,0x9e0040d08102f6b15c92d589abca236978d1072b2880738972b3d6bb8048a9f7,706,0.004648422003713083,stitched_market_reference
1760439695,23575512,0xae1ed434b599ac63965929341b7a2b03b3dd82a7549493ebfc2feb711b06556b,208,0.004687494626714726,stitched_market_reference
1760439695,23575512,0xca5faf6e201d0ba6cc846fa139a52195168ffe07cfa737d593184b5934f3fdb8,254,0.004652274960981722,stitched_market_reference
1760440139,23575547,0x03a4dbf5eb789183234058981f5e3a1b6af4ea1a69aad0d7ab53a5630855a71a,9,0.00467978038571994,stitched_market_reference
1760441075,23575625,0x56e969b412267173eb0da2b1f47b80155e17f5c24e505d18f18ee3e7d6a3aa55,207,0.004703402161826887,stitched_market_reference
1760441843,23575689,0xfc8772798f2011e79a1ebbfbed18b487855eb446a275c7fa0c7786f96f3425a7,202,0.004677877675054248,stitched_market_reference
1760441855,23575690,0x1fcded33e835123037f41ef9ed957d5d6014bccd0382bdfaf577b16a3d18a66d,111,0.004702173628816769,stitched_market_reference
1760442215,23575720,0xfcd3ad7924781b5b10dada74987a256998c558d9588b764cbea4fe361bd06ded,53,0.004676504904310274,stitched_market_reference
1760443499,23575827,0x15b83d65e04d45253c5dcce6588b68e1ea349cc8ddf8fc7af0630f6576d33c86,105,0.00470325563433644,stitched_market_reference
1760443499,23575827,0x8f51f3ab462c1599d315f4fce165195605131023d8e2254072d1efc4740d65ab,188,0.004668647903638432,stitched_market_reference
1760444519,23575912,0x763a3300f50733f7befcd616c54c5943fb3a8da042df1dd0aac605c086b387ea,372,0.004643036279742705,stitched_market_reference
1760444639,23575922,0xa0cb263da8a5bf45b4da732d527ab5fce1ed7ddd5682bf87aa168d854fe96fdf,444,0.004667164613484155,stitched_market_reference
1760445095,23575960,0xe207e3da6f4bf962edd7ba50dacb07067786ee0459414d382f9447b64b84e222,655,0.004703703800414703,stitched_market_reference
1760445179,23575967,0x328e79546ab5e1f8da29611e48090bc28772be2e22f4cd1ce4a509f89bab6a75,539,0.004665298279441734,stitched_market_reference
1760447771,23576183,0x720ad8c8df6bae639d6c7efdd9061a0b82c4f4ba7ef5b8d23566e876de207d27,436,0.004638593983482683,stitched_market_reference
1760448275,23576224,0x614046d8035bc752fb8be66aea5efaf90add0ba44dc947caa26bf3ccc12a8e64,715,0.004644800826546983,stitched_market_reference
1760448455,23576238,0xad721419bc4961534a4e17be8705259d201ed0d21423734397798b0c9176c1fd,448,0.00467648060051583,stitched_market_reference
1760448779,23576265,0x6277a2f18188a74b11a67f6b51283be5bb1d1b84706108183c65c9d18e3df58d,521,0.004644572568073858,stitched_market_reference
1760448935,23576278,0x22b6c31d88b4c99f3594147bd1686cdf6f17b9bf42ec12f1e0738ee94602f453,575,0.004671416997375461,stitched_market_reference
1760448995,23576283,0xc133bbc81273598ee3690f2f26d6bf6c78cb12bd9504ea856c2981858500bd5d,432,0.004642301986788553,stitched_market_reference
1760449091,23576291,0x625c04731c80a5e3d8e2340a20a7357ec96b30753deb9c3fb099f66e885682fc,529,0.004681460030754641,stitched_market_reference
1760449091,23576291,0xbbf8009f1754cdeeeabcd7b9ff00483a8d68ea323a3afe789251e8a469c03590,532,0.004647453377699309,stitched_market_reference
1760449199,23576300,0xf0c157388bbd34daeb92fa7584fc997a089f49805f77b91e5419c098dcdea391,339,0.004685866044597861,stitched_market_reference
1760449199,23576300,0x19f7acb5b44a27f926dbe3ce41ed818d558cfe0b57266b281a86f9cad3cd74b8,544,0.004649276641954259,stitched_market_reference
1760449631,23576335,0xea2e4772542cbe39b9620563003464837d5c62968f1e0966e0179813803b45ae,333,0.004622839238322048,stitched_market_reference
1760449643,23576336,0x03e2ee74a5ba171f33eeefcba930e383483c6ca1b24a528f11ddf01650cf2515,69,0.004654653026832295,stitched_market_reference
1760451335,23576476,0x98f0e8f39db6ffed81f966c8834cce094c27f1354774ab2b0fcd9feb444e9059,1081,0.004691093070425946,stitched_market_reference
1760451371,23576479,0xcb41342a578df1ff514e41c9ed06f220dcb70d758bb10a7e0177c46ab4b513ed,70,0.004659782417067018,stitched_market_reference
1760451407,23576482,0xfce7ca92e1c3c6c71593f84529882693ae710d11309f670919a876811725a71e,169,0.004683892953788337,stitched_market_reference
1760451419,23576483,0xf92eca891186a402d2213dedc3bc6ae2ab18c2b04404464de43622247750857e,706,0.004653453429927466,stitched_market_reference
1760451779,23576512,0x5a046241b44233b5008587c21649a1a594c471194e25c58d9c3b873261780c96,169,0.004678259426028453,stitched_market_reference
1760452247,23576549,0x3ae6d122335c7c5be82d8bf68b3ce7b371e1d388718e5a94855bb5856d0ae5f7,339,0.004648939258932951,stitched_market_reference
1760452259,23576550,0xe648526076e0a813d4b00d44353538ee7d719e26c7632d4cff123a9baeab10a3,202,0.004676775255946056,stitched_market_reference
1760452931,23576606,0x77f5ffc67f60d5df19208ab61cd6bd10ab0f75e2dfe99c724ff6797348291e1c,580,0.004700637878505567,stitched_market_reference
1760453015,23576613,0xd944d7230e44e07d800397d32d65f4d0d9b693915f973f5015322cc226366959,151,0.004669695338382449,stitched_market_reference
1760453147,23576624,0xe893b6610f6ca5ef5732f1018e70283a43ac0ffe4cf72948c13615f9ca3ff9c1,353,0.004693715370762299,stitched_market_reference
1760453435,23576648,0x45e56133244ca99daab42ee399fe793a9b5400183157a9939cb68c3613e2edaf,76,0.00466940459257123,stitched_market_reference
1760453579,23576660,0xf3c30fac74f30fe98bf38000790e16fc2ce0d7c5dcc3268c29bf8ea55558967a,132,0.004694258038720644,stitched_market_reference
1760453795,23576677,0x57a3a998ab433a2a118720e421a1ce4bb5ea935d88670497ae3c7a5756e8783f,382,0.00467065071705363,stitched_market_reference
1760454719,23576753,0x25a604c50e150cf937bf21282f9ff32848373839e946ec8d33f7ec5e7e5718ea,96,0.004646760526970923,stitched_market_reference
1760454995,23576774,0xdbdf469b90d898da54292aebe8e8c9ad733bb62f8ea43570d29257480729d82f,563,0.004673244535040927,stitched_market_reference
1760455415,23576809,0xc048f5c70cc30b64b5f4772ba9ba566cc668173a001f5afffb03ff9f97678b17,335,0.004696614864638157,stitched_market_reference
1760455475,23576814,0x368e551f05180c45785e3f37e1d0755a3b8dcbaad1eb047fbf8f95ba74ac2db9,182,0.004672274247892227,stitched_market_reference
1760455895,23576848,0xa8ea237d6dc211cfd76f550e0f60178a2cfef03fa999e096ca537489d097a38f,15,0.004697119567965676,stitched_market_reference
1760456195,23576872,0xffb4e783e380853ec0328b38a2739bb200c596b7577f9286a2005fb722d3f4a6,531,0.004669815866031932,stitched_market_reference
1760456639,23576909,0xf4568fc53c32fb7745fb0735b177da5df74b85825d185a9a670fbb775d8e4316,783,0.004632968467339489,stitched_market_reference
1760456711,23576915,0x0ae96f18e7dc9d4630013fb159bd654043369f9ce1519c2d2479593c7e70b719,302,0.004671205958623154,stitched_market_reference
1760456831,23576925,0x7e1f06b0806c8a30c30a36d8af6f7ab9d0bcc32670705fdc128fba9d7c723896,187,0.004695281888138091,stitched_market_reference
1760457095,23576947,0x95343db292ca5ed7f8d37c1992f260f99d4031c5422871b2828a1430b4a0e92d,268,0.004661131462277895,stitched_market_reference
1760457203,23576956,0xe745e83bb4844ad98f591268aa6b80673c9261286b85a0d9cb2639b97d109340,680,0.004687826965074729,stitched_market_reference
1760457515,23576982,0x8c29618f33b59865c0182117ee528bb2298316e9cca40c75a16661fe6b6b24e8,304,0.004658225959643681,stitched_market_reference
1760457875,23577012,0x9bc266385a12f32d4f08f89484112095942312e8b5de276456db756ea50f5385,61,0.00462946383328723,stitched_market_reference
1760457875,23577012,0x046bf2f5e752cd56947271b6b25a0303b4bd02203825065a590b57f071a94348,64,0.004656401576609865,stitched_market_reference
1760458319,23577048,0x8c5a99cdfda4420c200a5f247cf8677bcd3ea3213468a7e63ef8d2a62d73f345,399,0.004628618617304835,stitched_market_reference
1760458355,23577051,0x9741072cd5fe43fa1f33c3cc2c40be69e3d7f7a914b760019bc2d8c2b314005e,360,0.004667966634285506,stitched_market_reference
1760458631,23577074,0x6fb11121d1a7b0ee05f3fec1579e58398de9af25f234a179e777f7596f94a1f8,315,0.004641955467210472,stitched_market_reference
1760458871,23577094,0xff21c9d7746808c9dc0af698f22ff2e30a584066f5834f3ebe44484b3d9b3ce9,762,0.004687986382296867,stitched_market_reference
1760458931,23577099,0x0cd5efde476bae9d532eb5d6c62aa0c99c964abbf18e8b7d7751e6f067a6664a,624,0.00465470367049851,stitched_market_reference
1760459195,23577121,0xb32b10d4a69a950bde5f6da22943e639921a5e229b02db53486b47e9bde43846,297,0.004627835795395504,stitched_market_reference
1760459435,23577141,0x23c71ac578b970a87c154a850c162bb4fdd99667b01ab86ea36a84211b099c7c,27,0.004653950156229987,stitched_market_reference
1760459531,23577149,0xf042dc0f6121382f148a99be227b0f544344101996ab2b9211c087c8a808812a,293,0.004630033075326294,stitched_market_reference
1760459639,23577158,0xa878223c068d38b94ce828d235ffe5a9ce95a69924cc59360a00b1c0c976411c,290,0.004656216437497266,stitched_market_reference
1760460131,23577198,0x08ca42a0acf36f590645de4b9a0642131becc8d955363f4c3e7eaaa94c3eea56,374,0.00461747873803726,stitched_market_reference
1760460215,23577205,0x5de8d2ffcb87c31430d597f652dc422d14616c8cdea051aa2b2c86d94b54cf60,314,0.004646853112864107,stitched_market_reference
1760460575,23577235,0x148098d959254a9b7e22af273471be752b09a085a572f0c1a78f2858c8ab21bb,242,0.004623150500388485,stitched_market_reference
1760460719,23577247,0x2e100e1cdd48160b124a0b537aa76848bb7745b776a926883396595b81a1fa9c,1026,0.004650534646286604,stitched_market_reference
1760460911,23577263,0x1aba100a611ff7dd02d41e31dd39de8709588466844453aefb36724ee09751c8,392,0.004624753677254333,stitched_market_reference
1760461091,23577278,0x3fc95e112df462d31d646757dc3da987cd3a4b0f74aef080ebec2bd21d8e5d90,177,0.004599160887177536,stitched_market_reference
1760461151,23577283,0xab4e00a3029ace782eec739c3ef629fb4ab35f8cbfd071d4ece88bee6ec69039,216,0.004636453156343764,stitched_market_reference
1760461271,23577293,0x6dcf6230c60643803ba6c7d54a95b379318385b0c1a70a918cd4f950fa306454,515,0.004609739763423509,stitched_market_reference
1760461331,23577298,0xc142ac40a24de6d722dc673b46c81223f5fdc6f55e1703fedb66cc4aa8af2855,654,0.004652137168228667,stitched_market_reference
1760461475,23577310,0xb0e85c29a75c1512c7c720e1150da45fd99e4c367dbeed8c4844fa61f5c095a5,45,0.004624707914477962,stitched_market_reference
1760461547,23577316,0x1d33587b1161d0839941692c9cd595aacacdb5b5be0b71c5e76db41f27a04ad4,1168,0.004662871541230324,stitched_market_reference
1760461583,23577319,0xfd4aadaf84083b0f6741ba1d48ebef75b3803f35de055e34d10f7f07ce4828cf,656,0.004629795686543661,stitched_market_reference
1760461931,23577348,0xf804400e3b817e3d2ff3c95dbed7a55cd1a358758656e09163fe0e2db9beeb1b,284,0.00465300730721627,stitched_market_reference
1760462315,23577380,0x0041ae23201603a47c6ca96236b0f92939e03ed478a1edd1fb3db40572f93b37,473,0.004628314736994638,stitched_market_reference
1760463191,23577452,0x8dc3409b790cd32ea11c7836c5abc6df9efad8ad61139427225e1a38465c3f79,316,0.004652822795044175,stitched_market_reference
1760463251,23577457,0xf51bd72540318f9f3c5e12476d9314de045871f8c2ee1dcf51a17623049cecd2,259,0.004628937030050087,stitched_market_reference
1760465687,23577659,0xbf579a95722fb22379ac38ad19c085d364bdec8383c538bfd0590344866a8087,172,0.004654238259294598,stitched_market_reference
1760466431,23577721,0x9486d6f31becafb39772311c6695156a0127b7c2fd3556aadd758905cb13b52c,325,0.004629987811954481,stitched_market_reference
1760466815,23577753,0x85b6415973fb65529c48214a8a267714c36d23777886d45b05f7d12b4b6b43e0,146,0.004619693472721051,stitched_market_reference
1760467235,23577788,0xe7e63a74893e45aaffd7ff9a192bc6cd5ecc3d51fe0cb9a128fdda01bb9204ff,40,0.004648145733297584,stitched_market_reference
1760467307,23577794,0x3bf59f004f700e1a1268a39695ca75a5943a7e04a3d604857971b93d109fff7f,269,0.004624370658346942,stitched_market_reference
1760467751,23577831,0x2a2143cff2fddaf62a800424f2fc6705dd804be25ab3ae7573bf091f6667030b,203,0.004597641829903597,stitched_market_reference
1760467751,23577831,0xc48208bfe37bb44017061a2940e92c808b81533ab9cbaa9a1c2cc97698602b01,206,0.004621703030040286,stitched_market_reference
1760468267,23577874,0x32119439639a1dd827f0963248879f2c9d14b104a1881d32e34e29851b207135,19,0.004598027503031461,stitched_market_reference
1760469311,23577959,0x416a911c5fa87d61940dcee582b2ef94841775809ac89742055d424889676612,857,0.004621171041033602,stitched_market_reference
1760469875,23578005,0x5e8ce219b4e644eff2e85014dd9c6b987eeb6825e3c2b0a1be87f47596ea10e0,96,0.00459710678692288,stitched_market_reference
1760470643,23578069,0x3a8e368f2995d9779282112b98210779cb71c05b0d42f3be561da135a32dd7fa,150,0.004620237977326465,stitched_market_reference
1760470715,23578075,0x45aafbbc72be2228fd838512e69671d96ef3dd9881992d82b8b5dcd923727e31,530,0.004572455177913142,stitched_market_reference
1760470739,23578077,0xcef3945b9ae1a82587527a7a5741332c66340f59d958059d9bcf380283930bf7,139,0.004615105887522925,stitched_market_reference
1760471087,23578106,0x1be52288adb11b8bc8b099eed581c1260d03e7853fd324036ead5d11145571a8,63,0.004568761839306804,stitched_market_reference
1760471087,23578106,0x99dbf602251e244419d9ecedcb82155c62f129bbd79f0211dae37d7b9d4bd70a,135,0.004593080915234819,stitched_market_reference
1760471219,23578117,0xd2e9670065ce889a970beeea7dd0dbb6b92d9b53412be2ece19744e4f3a7f152,393,0.004626095550436499,stitched_market_reference
1760471411,23578133,0x7920cc3bb59af1ab8ec80b2dff8674744ed432c11420e3c1a67c4653ef8c1658,320,0.004601401475265693,stitched_market_reference
1760471687,23578156,0xf0c0be528f9515112d1322827760a914e3ba790bfc17cf7a28d36ccefbc9a5aa,506,0.004634700151681682,stitched_market_reference
1760471711,23578158,0x5787d3159871264f93966e6a8bf0d10b2a68e5b826235fcbb82c9c8dbb467732,201,0.004608598040815452,stitched_market_reference
1760472635,23578235,0xbe2a607c102a947046897933298c228988481415b6ea014f21c64205effa9059,167,0.00463258098302646,stitched_market_reference
1760472707,23578241,0xe660388be8480fe335dbfa763733f3ae962871156bec174a84b07e430f9a2157,426,0.004604512447185617,stitched_market_reference
1760473043,23578269,0x0433d3fbb7a7a1c50b8de47857394f905286e323a39ac7d1e10e6c065265d160,259,0.004628369047426675,stitched_market_reference
1760473451,23578303,0xabdb030f8aa44e1f60f62361cb01c82bc71d64c10f9a76921155eb8cff2e9fa9,98,0.004605259957877533,stitched_market_reference
1760476667,23578567,0x7b73281a8fbbfaca3028135c304f43ecc584b6b9ac166a843e978f4fa7739cf9,170,0.00459164068466032,stitched_market_reference
1760477087,23578602,0x1c1cfff2746153250d6f190a8bbef7240cdb3ef3434c683580a0168f1411bcba,258,0.00459358410835679,stitched_market_reference
1760477363,23578625,0xfc536e0614f84ffb9556cd6642f7d70ee098ac4020dd7f40b67ce0dc7e40b64c,35,0.004617440575994109,stitched_market_reference
1760479283,23578785,0xc47c80304378e9ed28ce34bcd76337231d8f31df79e483c0041671caf8236a00,64,0.004649556461139928,stitched_market_reference
1760479451,23578799,0xb4fd85908a3e12c6197136387d83a7753ad52bfaa7164755d33212b16fa5b1e7,339,0.004619994021342333,stitched_market_reference
1760481167,23578941,0xc71238ca7013867fee6ce4b2812506f48fb5e5bf55c5e46d46c7955988d47141,43,0.004643515526968658,stitched_market_reference
1760482019,23579011,0xa925a0a78058ea493b9ec1f7f9d0bf0779e0200c9f5775c275c8713b11023358,97,0.004620224903299143,stitched_market_reference
1760483135,23579103,0x6c6a03a72e9acf89074e38a1e83b278269d4fe8c10bad037f92dafef05b1d94b,338,0.004648309471375808,stitched_market_reference
1760483231,23579111,0xabb4640b984f95e807c9c200a19132adbc0b702f597cc2a976499f1bdfac7487,356,0.004624568886362343,stitched_market_reference
1760486759,23579405,0x29ec961dd12294164754a486e5f1e3c413880eaf72881e487a491460bdacb5da,586,0.004622570259114765,stitched_market_reference
1760486831,23579411,0x4e37218ca56e076dd3c37badf93b624f65920cfd7fb6bcead6a89b09c5d682e5,202,0.004631173316185784,stitched_market_reference
1760487491,23579466,0xe65a29700cb57d9bfb8143a690ac9e30587ef33b2da807c5409bd693404962fc,146,0.004604498020039381,stitched_market_reference
1760487611,23579476,0x8fa4c1edb890d79972a4a47a54877cf7a5cf97cf20775aa9b698a3a3bbc96f9c,630,0.004628072698439686,stitched_market_reference
1760490035,23579678,0x53e12013ec3de0ec42d38cee585187f905b58942cb1da714a839759324265790,77,0.004651614618961858,stitched_market_reference
1760490155,23579688,0x2f92614f57ece4d268a3c79e2847a5dfef1a42f0fe94eb9caf78573dd2fb226c,215,0.004624432404120083,stitched_market_reference
1760491223,23579777,0xa7ae854abe644871e181123c615a2384468ab97481671bdc71caa57494bd3043,134,0.004632674697859919,stitched_market_reference
1760492063,23579847,0xfe6e750f9180f870726851e3135cda58adc2bb46f7a26d4eb6085fca12cd52b2,197,0.00460557472804244,stitched_market_reference
1760492747,23579904,0x956e8bbc7e58fc59058984ba78d905033cf4e89dd24d54e5e3318f8ae50e47ec,128,0.004630523756217488,stitched_market_reference
1760493959,23580005,0x8f38f65b753834115e43d969faf5d383e3f29feb48079b4c5a3e621dae9b38fd,660,0.004657925450471278,stitched_market_reference
1760494487,23580049,0xa334532ace7a27761fd2b04c0a4e6a05055043315a92896085f6108c610a7de1,64,0.00463417430807948,stitched_market_reference
1760494919,23580085,0xe46c2848404b41d36b4026e424bc92f20bda1fd79eb9e54c4847eb1d60026f4a,14,0.004658455040572272,stitched_market_reference
1760495147,23580104,0x75df9c7695debb9c9543df44c2a8a7f24cbee5a80a4de33c5244c70acb0fac9a,201,0.004634689527069433,stitched_market_reference
1760496947,23580253,0xf59baafc6b34a307fe0da385f86bb763a28b751208e8f639b2687f910ddae88f,401,0.004660259374506972,stitched_market_reference
1760497139,23580269,0x2ebfab6841064972790687f077380db0c70d78635754ae41bb2a6905ba294fd4,251,0.004636604813165208,stitched_market_reference
1760497859,23580329,0x7d8437c0b47d8ea1618a2e6e15d06c0068fcfc8aa4c2b5ba04fe28ea1d2acf92,108,0.004611463731355963,stitched_market_reference
1760498327,23580368,0x9e57a30f858bd9e01ce150e71c1e257ffb7255296624b9a5ec46b622c6e01520,135,0.004636246115272655,stitched_market_reference
1760499863,23580494,0xa33223f0b5e639528d8b45a2929808382cde802b6de0dc76ced3ffa9bf1615c8,149,0.004661903186426043,stitched_market_reference
1760499959,23580502,0xf8a8cdf8527c91c76df710773c784bfba25858edafe8f14e06f79ff04b814d0a,282,0.004636739276365488,stitched_market_reference
1760501939,23580665,0x5270eb9e0bb4402f6fe947acdb79a404177cf9d55951867be1e70cfefa192550,101,0.004611592492686797,stitched_market_reference
1760501999,23580669,0xcfaea6240a787e59fa641aec6c58b13c6342c898bcf416804547a86531677857,43,0.004634970181991106,stitched_market_reference
1760503859,23580824,0xd4a14b2f389e24001418e3a24f5fab1610806ebd9692bfb85c6a24dd62470a96,252,0.004660036136385476,stitched_market_reference
1760503883,23580826,0xa9b44e4e7ecff7ece329e70ed469076782cf8973d05302f73e57670fd089b3d7,301,0.00463459518521951,stitched_market_reference
1760506271,23581020,0x2d5b8530662eea27d18a715bdb95c00e31c796f7b6dde9772dca6d7d2ac2b480,322,0.004609898793833296,stitched_market_reference
1760506319,23581024,0xbaf2048b95dbb49f17985d5abf47db891abab2acbd043ec29bb6a345e998f977,224,0.004637231880320248,stitched_market_reference
1760506979,23581079,0xfd872a1fd6ed0a3ec6d75e33e573f53c8153d61993e860a0f1ce8c3ed64715e1,392,0.004613067627499842,stitched_market_reference
1760509043,23581248,0x16c623a439c5ceb4330334932ff1697bd83522a8233977fc7ed0ee25f6a8431c,86,0.004638264305573165,stitched_market_reference
1760509523,23581288,0x1929aecc84b5059ea797cadbc34a00df89f25d8d6ad0c983a5e60b0d6336705a,124,0.004613062471269094,stitched_market_reference
1760510459,23581365,0x23c6eda5b2911e7ba54f1572a88b111f8db137a8a8e1f50d2c5339946f4228f4,179,0.004585496816368937,stitched_market_reference
1760510459,23581365,0x7a7f9df9e025c63d37cfa0c102d50af03b28755d2ce04019eca5c46607fea07a,234,0.00461942318382526,stitched_market_reference
1760512667,23581547,0x6e97f9c624c91475a0d45b0931d8c592f70d20217545b1689580ee36cf297e50,896,0.004642685304805668,stitched_market_reference
1760513183,23581590,0x5dcd21bd120ac525ddc28f3f378d810b172792fb3ea0588cc33779adbbff98eb,185,0.004618515760369558,stitched_market_reference
1760513543,23581620,0x76a8280b7623ad57164b387a67e44e084e9d7955fac466f207639bb5ee67845a,165,0.004594977273996179,stitched_market_reference
1760514083,23581664,0x691cff42430fddd03644427a3191ad91bb725ea69d3c48cb2920b6874d9a68f3,60,0.004600885424211636,stitched_market_reference
1760515739,23581801,0xa541e8f4c4eaa0901c936a27e9066f2ec3b67e4ed257947c2f5e0d19f9b054b7,90,0.00457770881367819,stitched_market_reference
1760516339,23581851,0xe9780e0e669c122bca39a56b0b487a923de1373677752a244355a3257c1555d9,369,0.004549645107072465,stitched_market_reference
1760516459,23581861,0xae084de162a44a5a37142e4d60045128ee1e69102410bb857ca771e222addffd,499,0.00457491219695046,stitched_market_reference
1760516855,23581894,0x163644e3577601ff7dc8af42c1dbf81f772f1a85331118350244a1ef12f9b9ed,353,0.004541175861798137,stitched_market_reference
1760517059,23581911,0x6cee38cd4d2bf04ed4519b6411369065c890ca9e833bb345d90fc1d35842c54d,343,0.004518090699503527,stitched_market_reference
1760517059,23581911,0x392d80b3f55f0fb1299cc5095a3850ed1e777bda67a1af6b493f5557cc39901c,365,0.004540735056434995,stitched_market_reference
1760517167,23581920,0x462a9c4d845f60268b6cb7a38009c1b06cbdd4e7c04de4ca99fd02108bd3a39e,727,0.004586934501281972,stitched_market_reference
1760517215,23581924,0x509ae3214080c80b85168d52f5dbadc4ce5dd5597697aaaab3b2110fb200008a,843,0.004563714394473213,stitched_market_reference
1760517611,23581957,0xcf8110b0edf3f201a780ba36db53b2f00b528ea129804896a88711846ef0420d,264,0.004540124886889719,stitched_market_reference
1760518151,23582002,0x2883a71d06a1372b35ce767606e5a2a234574a4e8e10c1c69ed714e595221047,99,0.00451628763659255,stitched_market_reference
1760518175,23582004,0xe0f47ab5e4a85fd70605a0ee81fe60acd922796378ee069da211ec07b3694469,195,0.004539271380395327,stitched_market_reference
1760519891,23582146,0xf5d8f7772704b16a60b30c2960e566bacb64d03ce271515c3344cdde945c77e2,602,0.004563006633423523,stitched_market_reference
1760519915,23582148,0x5102c5611ebefd3af4360153420df44b1ca7c2ba107806d7b803f4a7c5f9f3cd,512,0.004536539287969327,stitched_market_reference
1760520755,23582218,0x011fe38a4e80106b7b7be83fe9ff81ae8050dfdfa694a80c352d7967ee5abdc6,408,0.004559978136326999,stitched_market_reference
1760521055,23582243,0x20d3ce82f65e1cc08c0029cc7721ea0c3f40afb69066d603b1303230918b7d55,296,0.004536291859885514,stitched_market_reference
1760523527,23582449,0x1a4ef0f2322cd47ea6cd895fc33363217ae7b019a6b848a107f7c6da955da440,277,0.004530934756284986,stitched_market_reference
1760523899,23582480,0x27257f52676049b013e8e38c383667996b4354b0e924063a5d56d538d65cfdc5,447,0.004555164350809431,stitched_market_reference
1760524355,23582518,0xf0521fe8f619ebf09c0f2081ba5f3567aeef9638682e3218cbf86e74deb9a5b0,338,0.004580145894323151,stitched_market_reference
1760524715,23582548,0xc90ebffb46eeabb08f726f816ba4e5a01f5c3273f29055d0f15f73634962f393,519,0.004553240783333294,stitched_market_reference
1760527115,23582748,0xc4c94ab9459bcc9ea1f497afb99741698d200cecb955623d45c14ff17591efe8,545,0.004576529489360127,stitched_market_reference
1760527127,23582749,0x314e67e5b9cfe8dd0954c91caeaee8e452134a28882d1f66d5de94e27c044b43,1046,0.004553351355962023,stitched_market_reference
1760528591,23582870,0xf77adec24bb47d199feff12d6f1ece8fc506d347dc48f2604308ee68065381e1,500,0.004577559151522551,stitched_market_reference
1760529791,23582969,0xe20cac6831e6e9af89ca42b3a70fd7ae9ae0bce21a60330b35ed1bef478a306c,220,0.004554572680006904,stitched_market_reference
1760530751,23583049,0xe5f6227dc9bd177631f353d9c7b0a96e8a2d02bf124803b7da1a8074bfc72a58,228,0.004552320660221984,stitched_market_reference
1760531411,23583102,0xfd3f5ede9e506d5929c114f4b49e89fcdda54a745a6505098514c5c11711663b,102,0.004577435200886282,stitched_market_reference
1760531747,23583130,0x785f9de0d576affee6415f9d2754c48db10324ab13a9d83dd593d6ef62ec6ef1,184,0.004550159003246754,stitched_market_reference
1760532647,23583204,0xb76e3815ae2aa911b84ebd4ff8cf7573ad87f79ddc041639a742be4eb2bcde25,110,0.004574108900731117,stitched_market_reference
1760533571,23583280,0xc46a10632cd64d5e85777d3b278bc3743dc0bbeba5416dbe9b62636c1b514b03,477,0.004550288577103042,stitched_market_reference
1760534171,23583329,0x074a323b00a5d1d0e36234e20aaf3e4e5451333a829b3fdb022b52257c4067fb,110,0.004527427257391628,stitched_market_reference
1760534531,23583357,0x32c1a607f4ae14610821045e86df0ab475b0add3b3ed62d2ec5b62d3dc1344bf,618,0.004553380322029622,stitched_market_reference
1760535059,23583400,0xf142bbe309d6b3786e4306b3103ccef5e455a43892fa5e8093bb903fbd9afb62,297,0.00455990384926819,stitched_market_reference
1760535251,23583416,0x8ecac916d05a7bb751a35dee8c29fbfd124840821c2c751956dafc92ba1c84c8,211,0.004532786839467335,stitched_market_reference
1760535407,23583429,0x2b884da6b9cd31d9b8e450ad2c602fc8c8dec23a9341e7d571bb04746e1f0d77,191,0.004556635291159636,stitched_market_reference
1760535587,23583444,0x8c3734c43277b0add2a18b14b852dfe480c74ab481be27e21e0a1d56d6696e1f,722,0.00452899609741973,stitched_market_reference
1760535671,23583451,0x8110bb2ce325ea3b7f94949cb9f5eb2c315ee8b2d61a76b138ce4526f4cfadff,268,0.004557745453071969,stitched_market_reference
1760535815,23583463,0xad262fbc99dd57b07a1372411e7ff899270c67e28a33d922303dde32fe5c5878,181,0.004534216849779263,stitched_market_reference
1760536031,23583481,0x248356f76d8695b3f7501604e2a37134b80a56a6fa5138cda96f18239e95f22c,302,0.004557892309262563,stitched_market_reference
1760536115,23583488,0x030b323923d189f7be08b0e44922bda6d45f09a320719b7a25bf7a918d601805,179,0.004522531764931939,stitched_market_reference
1760536163,23583492,0xb795c1c84379ff89e4d3a41aef19855d3f63119f1f76ce7e92897e72c6fb136e,569,0.004476009106723216,stitched_market_reference
1760536175,23583493,0x57c399cfdf5d73576d7de67bf492e94c23cc35148decd00cdc3d57854e1ffc8c,944,0.004516151504922603,stitched_market_reference
1760536187,23583494,0x678dc716b38de32166261df37762a8b2ca9b2f7cee99f0989b120f76b29e5066,369,0.004540198774700015,stitched_market_reference
1760536319,23583505,0xe8658570bb8e4a14773cb5bee6d04badf469b5680d45d273770bee97838dc915,249,0.004564664048427418,stitched_market_reference
1760536583,23583527,0x7e69063664258230bfb33229764a33f554f9b99f979cefb6dbf86d3bbfa8c406,233,0.004589668131754008,stitched_market_reference
1760536667,23583534,0x50f04d02568b31112d70a4b33f9fa702245575f762bab6134e14f1c74c5cf99e,133,0.004560114850276108,stitched_market_reference
1760537207,23583579,0x86f46d9be799344ad02401dab3d893fe4efc3455d4928a2e9c6036c7f769e8da,158,0.004584382794862388,stitched_market_reference
1760537291,23583586,0x31d17bb680bd516e0034c463510f78c46f05c0f42fa16dc5e20a67cea57fac76,110,0.004559398964290985,stitched_market_reference
1760537447,23583599,0xd9c7c8c4e1e7d73713fd4892c28f69f07374217fe563169347efa1760dd14d52,256,0.004584814677171755,stitched_market_reference
1760537495,23583603,0x0aad8a5b53c57766ca0d66e2b3b62d34c04cd36d64eec4c707d0a3f7022fabbf,234,0.004561519184385873,stitched_market_reference
1760537987,23583644,0xe265ec6e76135701787d402d2f3b9b513b8e06dab61c6217e783d448dd4c2681,175,0.004537354266703715,stitched_market_reference
1760538035,23583648,0xd673d095ae1cf1b0d12502ce734fae32b7102b0c8a73c805203993b7e56d6fc7,453,0.004560978868907647,stitched_market_reference
1760538827,23583713,0x3acb47996fee248ccfc95dcd9d6831f0e6036e92ac062d342136299ca1b2b42c,196,0.004537264810440802,stitched_market_reference
1760538875,23583717,0xd585b839850c1b3ea750ab40beb7e2335000c37d8a07ca464361f7ed97648596,365,0.004560973889457855,stitched_market_reference
1760539343,23583756,0x0b1644286e0aa2b7984e930ce9b7edd0e2c46399db00c1fb84fc6b138cdfcc44,289,0.004585093463096404,stitched_market_reference
1760539487,23583768,0x5eac7a36e0c55f402212015ae75e58758a6f173a2ae509ca7ac85e7573c910c2,212,0.004561721895443812,stitched_market_reference
1760539727,23583788,0x03e8fdf5ee3e5b8a636fa8e281df186ce091f1a01397c812691cce8c1ddc69ce,419,0.004538210760587145,stitched_market_reference
1760539931,23583804,0xd90d6160cf4616402637385b72e29619fd14f874430a047d7af79db44d21fb12,368,0.004561698621005057,stitched_market_reference
1760540627,23583862,0xf01bbb8a1173e72d0e53344caf13d1669392b6221407e4082ce8ee45518431d8,134,0.004591066806190449,stitched_market_reference
1760540831,23583878,0x6bbfcd4e5bb0e349a11e1a60fa19e613b38b365e02ffa02609fce697ab181fab,648,0.004562727628542181,stitched_market_reference
1760540903,23583884,0x2c40d3a8862cf2772baa45b1c21c17bab6e2c1713701a073c05877f164c8c809,156,0.004587035040496278,stitched_market_reference
1760541203,23583909,0xf99473c47e96043e55f075efbb61de5636de4fe931e32c2f7324e8c563ab94f7,137,0.004562244100129587,stitched_market_reference
1760541431,23583928,0x7ac999bf62d9070c9a0cae4542eef2c6f5be0202efb93f184e3eae91a7ab4eec,230,0.004586650077838104,stitched_market_reference
1760542055,23583980,0x92436a859033462add870e5ea2a62606026493a8f222282236ff9cdcd1a3129f,408,0.004560747501654323,stitched_market_reference
1760542487,23584016,0x02b70ccb170dc57e6ba705c30274f8b59fc39674dd19f030ca2d025f2c7f161f,2,0.004547597464540493,stitched_market_reference
1760542499,23584017,0x8445dd27a756ba2e5f09cd8732df1b8546eae0bf7c77609280016c39dc3702db,180,0.004522188480634348,stitched_market_reference
1760542499,23584017,0xa2615d9bb74770274d990e8221fc7b7b9664f154f3639823a0b0cec5827d8893,705,0.004558164415681157,stitched_market_reference
1760543207,23584074,0x5844da13eedf3072d6145c36db88321d3cca549c801236b3c7363d1e389ed341,200,0.004583036266301782,stitched_market_reference
1760543303,23584082,0x35a7b375e42f3fb38559251d3d58049aa7cc7505753406c2c2476e584bb8329a,151,0.004556844058715081,stitched_market_reference
1760545571,23584270,0x396de4edb547cf7e8c58d1d0e32aada352f40449158267b53a155783de48a1a9,258,0.004533766628694338,stitched_market_reference
1760546915,23584381,0x3f089fb776217256d6837abb8d6555c6254c4c0c57ffab15ec816d0d026e44c2,147,0.004544109808261981,stitched_market_reference
1760547527,23584431,0xd288cb0a9f0375c5305d45ce0f422596724d112ef3c21fccf16b304311f2d047,350,0.004568662768871049,stitched_market_reference
1760547635,23584440,0x37235a0378ea431c193054586dd4fa8536add80dd69cebd9308ee01c5a5ab926,672,0.004545515182556429,stitched_market_reference
1760548127,23584480,0x21dfff55fcab17acee5c1bfd04f8f620fb08d30f321c4764ca1556be5c96cc5f,313,0.004569514966019061,stitched_market_reference
1760548259,23584490,0x9e7b6b0bbe85fc45af946883a72b4e7ff220bd68bef1291a25e48a512c1217a5,808,0.004545773329828667,stitched_market_reference
1760548547,23584514,0x05655e5b2efa45af06c9992008aeccccb7bc55d39d1b32328ccb560f4e7e01dd,164,0.004569872428014432,stitched_market_reference
1760549207,23584568,0x4b1976a7cab5df36b7660011b8a2a311271e13a7789894140070bf4e90b839a9,540,0.00454478617939627,stitched_market_reference
1760549519,23584594,0xbb4e63b128d88b7d37113cc1709d166e73716e7324d90a16e7c790340e995961,282,0.004518763840586897,stitched_market_reference
1760549855,23584622,0x762a3720871813d62fe438cc0897c102deb1f83f2493be0d5e0cb499c4b06558,309,0.004548716241723208,stitched_market_reference
1760550491,23584674,0x9e0a78e8444295b45a6f2c5593da9c93b93c297c312877a77aefcbfff7bb9d08,196,0.004524573873979325,stitched_market_reference
1760550551,23584679,0x39ed94fa8569fecc427fe4055a092c1ec65ae262656a2806ffbf341a3d433955,440,0.004547591097173007,stitched_market_reference
1760552567,23584847,0x536f2deedf69694f5bacc1ef1b24420bbe987ca79074311542a546e173551692,207,0.004524450195171009,stitched_market_reference
1760552867,23584872,0xa33b66285df83ac03ba2e437d20585e08bcf139c249405080461040038d0bd7d,448,0.004547283712877333,stitched_market_reference
1760555507,23585092,0x79a12a6d3c12a412e077382eadc5c5fcf296908e005d1b3a15db235bb8e906f1,158,0.004523945815903033,stitched_market_reference
1760556203,23585150,0xf8a8e350ae50fe132401048f49502d6b34df7ca3a9d0df35bc6a36e043b93e4b,172,0.004514772797149046,stitched_market_reference
1760556503,23585175,0xdb1a5d6bd1c6f5304dab1930fcae41a0a3b4a115da556bef4ec68b1c96f5af8e,53,0.004541148621939167,stitched_market_reference
1760557187,23585232,0xee79e8508ebb64f6fb1db9f8e32362fb9673c1070c1bb0a29898fe9118461693,498,0.004566149076682062,stitched_market_reference
1760557199,23585233,0xb91611395fc08227bf34e4c0c82455f824ba2bb80bcb72a4a311d1cba6b4ac7b,441,0.004539280240115094,stitched_market_reference
1760557919,23585292,0x1597850c38e008a8ea14aa8171e53eb28b334ed88f5e80b4c8e49bb411270382,102,0.004515991279800647,stitched_market_reference
1760558519,23585342,0x8c54fc3e4ca6ab4d0624322f10628eafb87ede47182ff1bb760f42c395aae4de,261,0.004544898744593711,stitched_market_reference
1760560175,23585479,0x90838eee370802c774140d8276cc3ac16e43a5ace57c9da9ddb0b0ac75892836,580,0.004518794244934214,stitched_market_reference
1760560247,23585485,0x9961a43ab8b3ec3a06aea34451ddbf9e9e83c258156fc02223d01fca9e9a6545,837,0.004545532917559296,stitched_market_reference
1760560247,23585485,0x34f28b0eb8ff531fe2c886e21df5a3c772344ee5fa3b2810cba1d86ee8433fde,884,0.004522086778477926,stitched_market_reference
1760560511,23585507,0xb81bbbeb76322775a77230f3cd18514cfb35d0a311bef888a6e5755793b106fe,1053,0.004480919300166529,stitched_market_reference
1760560631,23585517,0xaa072cf08c0869bf6c4ffdee3227c26cd9e3e2f6cac422385f5715d6df73c66d,237,0.004506202648797223,stitched_market_reference
1760560811,23585532,0xf96adcc5c7c39dcf62d3f1dc40d36b0968fbfd72d753e1d55ebf932f33b9ce81,317,0.00453661170320308,stitched_market_reference
1760560907,23585540,0x697ff63c3fedc758e1eda1ce53efaac4fd982bb0d144e6dec4050be0bda3b5e3,26,0.004512503239421377,stitched_market_reference
1760561411,23585582,0x9f7c217aab68d8095142aa423dd300526d63ad1c9788bcf2071f2221537df796,83,0.004535507539463185,stitched_market_reference
1760561711,23585607,0x9e7f69ae89a31d2faf7092e3c6fdf44b48b828b5499b182f09344d1c51cb5569,469,0.004510466890737214,stitched_market_reference
1760562263,23585653,0x0969edc431ec519473c24b076e8a6d14f256c8396b78f98c5d86b8cde9296fca,421,0.004536681061151306,stitched_market_reference
1760562647,23585685,0x42e41380353db2b31bea34dc0b8b23176f4be013cfae1e01003a0078dc8601a2,125,0.004509187595489728,stitched_market_reference
1760563547,23585759,0x464dabfa08e909ea2bd548316e6c9288ec6fa9838e44b4a49e705a45c51f0f26,498,0.004535979898228468,stitched_market_reference
1760564027,23585799,0x6a45c5380d3f58ce129c658a6c09603ececc159b2478c043fbd7969015d39129,262,0.004511661748329539,stitched_market_reference
1760564255,23585818,0x6549ddc00631d838cfdd271b527340aa02b09af218adcfba8d270f88b0ed799a,274,0.0045353242484688,stitched_market_reference
1760564891,23585871,0x024e71964a49c834de6d39e7b900e6b95b0dda19f72ae57eb4c2cbb7257627b4,156,0.004510805974878295,stitched_market_reference
1760564903,23585872,0x5ebc1976d766ad5f4cf080d0bcdcc5549851bd416eefa59828d6555e7555aeb8,749,0.004536265076979425,stitched_market_reference
1760566535,23586007,0x76cadbdb25eeaa2ff32f48863bc9cb00020f0a215750ffeccfa910af2953077a,69,0.004559223511878449,stitched_market_reference
1760566847,23586033,0x4a7c45f6992fda4bb1c45d567f4ff3c85ed1c974135490632040458aab129d5b,354,0.004533191867956158,stitched_market_reference
1760568647,23586180,0xf7053fbd2785ec25a0ed98d1ad676d2d95bf5d1fe6538d32f6a27be007873904,296,0.004559044701650523,stitched_market_reference
1760568671,23586182,0xb3c3b9f3ad3e0b62d70eb63d3ca1dd27f52c771044459fe5ceec9411c75b988f,229,0.004534538692341776,stitched_market_reference
1760569967,23586290,0xedcf03609b680d55b294a5b73392bdab8cc16bbac0a5221d95d922e6c328f248,348,0.004508517088083417,stitched_market_reference
1760569991,23586292,0xe59e82d8fd271bc66b5da7f47d7680c0d6fbbbc2cd1ed1ab1f49fb9db0d2931a,274,0.004531063718648245,stitched_market_reference
1760573579,23586587,0xe30a046d8e9bc1fb708a7a64c29780531c79e32999cc91d8b491f526026624b5,266,0.00452959352694185,stitched_market_reference
1760573627,23586591,0xe953bc4621ad1e632c2ea7e9d11e24c769120e84fab55567726bb7828e303dab,168,0.004522152175956121,stitched_market_reference
1760577023,23586870,0x430cf9f4436eaa46d1aa2f4603959fabe0ce835420b815427efa2e7b524c93b6,343,0.004499611451241852,stitched_market_reference
1760577251,23586888,0x6870c0b5f1305f15d25b6be195026c424e3f910052fadb4706d75712d1515fc8,148,0.004515595056652577,stitched_market_reference
1760580527,23587159,0x557ce53656dc3a5e4d35e8aa31503ffeaa0f1bfba489d0d830fc95edc0b1f144,215,0.004548201279547966,stitched_market_reference
1760580551,23587161,0x920e0704b8e85d4e850970fc606adc0391ee35911aeb3848f9f663b14c7a929b,891,0.004516444814064951,stitched_market_reference
1760580983,23587196,0xe060781aefb022093ecbdc831007a822af150106287199234047a910e792f038,103,0.00449380026686593,stitched_market_reference
1760584163,23587459,0x04636e61acae3dbb7c5f9fa5b8c111faa78fef264e646c4a447d692908912303,432,0.00449084078221456,stitched_market_reference
1760584607,23587496,0x82480bf231c6f6ea57c6f40ffa6bf68132e19df1b0650775dc179aee6be7571a,829,0.004487040256237625,stitched_market_reference
1760587775,23587756,0x23833ba06f8f3fe35cfa5abdc92b013d057a8584822eccf30762377194865856,86,0.004499074723539789,stitched_market_reference
1760588219,23587793,0x180c572cfbe1a6993292ae1b88186eb4ae716f1bf50c3db1e0d2ee8c2b4de43f,242,0.004512554620401404,stitched_market_reference
1760589995,23587941,0x013a371256af4a763b11fd180d44df629e1108363f4676e38bc97d59393eee1a,277,0.004489876738001021,stitched_market_reference
1760590055,23587946,0x66a8fc54e8fc7c6ae647b7ec0dafb47a74911f0036258ef6a09a3cdd8985cba7,298,0.004514590752653352,stitched_market_reference
1760593355,23588220,0x7046751dd1f88622adbc46ab7314b328591fa50c9337fb45bad89642266d97e1,134,0.004492099844928914,stitched_market_reference
1760593631,23588243,0xa059050f87939cd1d2983f260e2fd5cfde0184d475549b0adee6e69ed3de6d04,301,0.004502472890910391,stitched_market_reference
1760593967,23588270,0xcff3edb5ffc85d99d2e44c886c09046db1b876fb12255d221f647a0823ba9ce9,382,0.004536986892906736,stitched_market_reference
1760593967,23588270,0xe467bf6168790383bc5be165e6419ecf33fb0fbdb55f3ce5641646f1a9779ca8,627,0.004511438426823037,stitched_market_reference
1760594855,23588343,0x6640b41c560fa442d27a84e96fd67ba3aa77d6f075d1f0bd34accb3e017e74a6,268,0.004486630231428557,stitched_market_reference
1760595935,23588432,0xb3b73802faa9b7b2d5c5196b974151211a33f8605c676a83dc7a57130028a156,231,0.004509651707035764,stitched_market_reference
1760597447,23588556,0x1e2a26ff38d8b16727abc35929f1d739c58376793b44c86a26c1c653520945b1,624,0.004485970273451402,stitched_market_reference
1760597507,23588561,0xca0bbfdf7843ceaf6e75952f73be13cc4e4a31f3bd19738ea77b1591800809a9,699,0.004509803520203405,stitched_market_reference
1760599307,23588710,0xd07ce4544c84e7b7ffc4d6582a7abcacdcfc43bd548c0aed7dd149532e10a2b4,318,0.004479228477954346,stitched_market_reference
1760599499,23588726,0xc83aaf1c82edd31305181696e43d1ae2533dde4bd11d4dbb77e59d567068c1cd,402,0.004505568051468754,stitched_market_reference
1760602919,23589005,0x6b63c466a0bb17661f18c6fb29cd21272d54ca67a36b4f2e887575d14b72fbef,305,0.0045090630143135,stitched_market_reference
1760603195,23589028,0x9f237ac1d432e0714432034a91d3fe3f2e7a202b98062b5e386f0b2676572209,179,0.004520799369273232,stitched_market_reference
1760603303,23589037,0xead1b9080415d0d5ae4d16dd82cede564167b9cb03cf3e8f144e666e439a0296,177,0.004495396905573811,stitched_market_reference
1760606819,23589327,0x85ca8cc69b9fee5331b31bc1acee6df3881a7a794257583b9013f83c9fd6e60c,130,0.004501800155228962,stitched_market_reference
1760606915,23589335,0xdc035829007c5b2bfbedb3eafd4eb9f54d0370ea36d54fecc5f305d23dea26d9,244,0.004502987904659372,stitched_market_reference
1760607215,23589359,0x394f4bfc5da9875663a18d4092a0acf00b398325cf769257179ea1ca75b18b5e,543,0.004480320375053203,stitched_market_reference
1760607239,23589361,0x735c28752d8b9df53476e66c1abbf645895e3b769dacf6c72e9e3c1f63080c01,327,0.004503693526243734,stitched_market_reference
1760607323,23589368,0x4ca81418fc87021004bb2cd4283477a00b522e0cf5b3bc80de170988f326e784,978,0.004477111773351501,stitched_market_reference
1760607335,23589369,0xe9223ec6ac911e9c371cbefc791a6c8441d69250e280722262c3ae41e2e7e1a7,231,0.004453547797661218,stitched_market_reference
1760607491,23589381,0x7df538ab4dc46ecc7074e4531e9e59a5c87f9204f70175f8b662600cc837421f,256,0.004483620854732003,stitched_market_reference
1760607779,23589405,0xd1774df1312567f53104a3b8fe2e491c7a534a47d23384e547761f43f8807d43,227,0.004460532692912043,stitched_market_reference
1760607935,23589418,0xd790452853befe0b5627a11704e91d0ea7eec85d85d22f631ea80671710d5160,525,0.004496870118649482,stitched_market_reference
1760607947,23589419,0x9ac6c6a3b32c29959baf64f0862efbddd15a4d169c96dca2ee20a8683a3db25c,623,0.004539087837039346,stitched_market_reference
1760607947,23589419,0x4c023e10cee2304ad226c0bc2cbf590816253c2e7121f8d67b3356cbcc828eef,658,0.004477959158085269,stitched_market_reference
1760608031,23589426,0xd57e2c7845dda20f0c6d89560ac9ad3fd5b0f7af954a4d6ae1b29756e4c6882e,368,0.004501153307168859,stitched_market_reference
1760608211,23589441,0xd3b2c4f71709f3c486f470b72ea6047c29c7c4e7c1e22edba29e31a03879bad3,453,0.004534980944370522,stitched_market_reference
1760608211,23589441,0x0085d2f475d02f18943a9d4ff3a586ad9c8b40c7433e772edb29884e99235fe1,490,0.004511884786572618,stitched_market_reference
1760608571,23589471,0x3ea3c4f385923d6fede4f8094035bed869d9ba29ee81a50f77270488001fe4af,59,0.004487926875793255,stitched_market_reference
1760609015,23589506,0x3d49d18cf81042f61e478ec1ffa2f048e5b1b596d340de74b5be418fc78dddf8,185,0.004514604595869754,stitched_market_reference
1760609651,23589559,0x52940bf86a27aa62e11c26ac47a2da03d1882b937f45f1b82778951b993ee826,714,0.00454304001345905,stitched_market_reference
1760609795,23589571,0xa8a72cfaf791091096c239a1e07724488f7f59b9ac8e2ac8df16ff2d89953c97,590,0.004516958422613626,stitched_market_reference
1760611415,23589704,0x047b5e79bdc61b364eb0b0fbd0444a1f09dc04435c3b7d1c82b5f5e9c8605b85,388,0.004539879668140915,stitched_market_reference
1760612579,23589801,0xf024be8f7550b375e2417b0270e7e0a37835c8dcf3d767767b09d635b80d92e8,258,0.004563689742056346,stitched_market_reference
1760613155,23589848,0x50c20042da78369feb0214be3ce44cd9546956191d67ed8ecb6c85a0541c70d2,258,0.004540515246677069,stitched_market_reference
1760615831,23590070,0x8cf55995f5dd1560db23c63af21ca97a8179b86efcbe80d34504517dc3dc410e,292,0.004565230535998053,stitched_market_reference
1760616131,23590095,0x68b15b7fe4ecbcda0e7233831fbe948dc6b3776696b5a9e39b566997f3a9802e,192,0.004539188393255548,stitched_market_reference
1760616191,23590100,0xfeda55660bb871c85f871d3f914e7264d6379cd6d2c898fef7b087c34452530a,434,0.004567947924795511,stitched_market_reference
1760616851,23590155,0x821d09fc2e3efbfb8d700d32b052084b2fbe8240e70ded23add1ba5a7d631ffd,286,0.004544092752649332,stitched_market_reference
1760617511,23590208,0x673d6b40297417d9a2679e247fb91c168206d7fbd490f9a24133d325521826c2,423,0.004568670670450444,stitched_market_reference
1760620487,23590455,0x7ee4a772ab267606b04647b1d3b94ddd84b32999b059cdc0207ca49329f052ec,128,0.00455450375493778,stitched_market_reference
1760621135,23590508,0xaebbda062d03a346c54b6f27afe6caa35eb370876f973952eea26606e26bd04f,95,0.004556981626555952,stitched_market_reference
1760621891,23590570,0x8438eda1319dfed15d220c3c2ae34fce957a326c5229f4135e6fc53f6e73c420,351,0.00453252091533496,stitched_market_reference
1760622575,23590626,0x5d40951d308ffb6b31e8048d3a646156519d61154f87d122eb390f4a84ba0142,400,0.00455949420500964,stitched_market_reference
1760622647,23590632,0x30685af40e877d7ea420330d3aa5cbb71d3c610948696f9e847d81d12bb619b0,161,0.004521646372984962,stitched_market_reference
1760623115,23590671,0xd303d7c9a86fe4afb796d941566dfe8c0905a1978ecee62a7c1f70f1653d6331,243,0.004551962244643746,stitched_market_reference
1760623727,23590721,0xeac1ebb4b2a790876e996d39f187b42efbea1259b936ddc3b0fc099f3dcee141,739,0.004526888390632785,stitched_market_reference
1760623967,23590741,0x5b382532bbba63efd753877764c29cbbf31eceb021e22d7454436dac0337718f,418,0.004550041725407296,stitched_market_reference
1760624291,23590767,0xe88899d1c09c15225eb7502740a588353d956d0cef36682d0021bde629675e2b,410,0.004510600867280117,stitched_market_reference
1760625047,23590830,0x67c6bbee051046cc9bfc55441ade543393ea897f7060697b4f338cc25eb29416,170,0.004533488611846045,stitched_market_reference
1760625587,23590875,0x0b45aefb25d00e256c60c34c034933b7bfcf92c4fbee4f91b6d8d5bc19e65d18,727,0.004558162270319139,stitched_market_reference
1760625587,23590875,0x6512bc266bced08f147aee28520086b16472be8741b94a41f4a93b282627eb84,805,0.004531722497338289,stitched_market_reference
1760625659,23590881,0x2e17882d77641025b40e163b6249ce05a97d6022866449661feccc9fd1344536,367,0.004555766677177234,stitched_market_reference
1760625671,23590882,0x647847c0909bea7583e1b978c6899629502a1d66415e839f8acc485808826f19,328,0.004529240285615285,stitched_market_reference
1760625803,23590892,0xe759918b974ed28e95e0016742e0f253cb5e645fb911e482bea66eb6c19e0f0c,26,0.004552099425799425,stitched_market_reference
1760626247,23590929,0x72b529b92b460b0350352c249d5848e0dc3435a3eadd89ec1762da6b4e946682,469,0.004526829113454113,stitched_market_reference
1760626727,23590968,0x5b4f16cd5d8761285a0b69c15bd2dee1ad0019c4df6b26a1d68b81ae77ebbfe4,386,0.004493404653004653,stitched_market_reference
1760626739,23590969,0x4e019d0dcc2c06a3fd533753f8be7181b5f803a64b7c9d6ab76f5cdabfdda2a9,644,0.004517094692738125,stitched_market_reference
1760627075,23590995,0xba01db2b7f738f5e672072f070c6fced19393d6cb2f3232e14883829ae066ae5,174,0.004541299434547467,stitched_market_reference
1760627207,23591006,0x4d1e791c8762bc7ad6318dc4c3dd98bb264db457b3ae01c54a049c4157118175,75,0.004515812800124572,stitched_market_reference
1760627507,23591031,0x298ccba5961f641408791aafd2fa6027f3b36135d25cb3a816e9b7128c5a63f0,125,0.004539369677367967,stitched_market_reference
1760627615,23591040,0x21d638eb625c2be10a3e4dba128469def497a051fba27b18d6e5bc418f5b0044,246,0.004514018416810936,stitched_market_reference
1760627699,23591047,0x156ec1936f71a4e813dfbbe4ef1075b7bae4b317c44a19c5a615901b240d18d4,32,0.004515975034504538,stitched_market_reference
1760628287,23591095,0x50f741f51b2d2a87df2ab6c3c0b5b3b0051d1f22ce1cc5edd012202213770582,188,0.004493367732916621,stitched_market_reference
1760628335,23591099,0x7a8417be3273ae078ba9a75493969a839b395a020f583a74c78215cea1263442,30,0.004517639271486898,stitched_market_reference
1760628515,23591114,0x08dbcd1c1316955a2b601d828eb23b0e263874a6c55845d1bbfc5ab1028d263e,563,0.004541150030683361,stitched_market_reference
1760628587,23591120,0xce0e5e6f6bfba79a6c8fa4bf357be2b8e67de86c0c3dd38339ffb6856051e7aa,152,0.004512918410167286,stitched_market_reference
1760629307,23591180,0x580e1666bcc41d19acec67097fab0a61e82b7330db3e83f4377fc5267bd1bdd0,498,0.004539723353030657,stitched_market_reference
1760629403,23591188,0xac63fa9d31411d737b140f1a81026e57925e6536497b5d815ca3f146a4dbff4e,371,0.004516544733489653,stitched_market_reference
1760629799,23591221,0x2cf5a0891c723116cb62f60feea66fa20b0c4f0b904887fae3abcd919182c7a5,471,0.004547714416822832,stitched_market_reference
1760629799,23591221,0xbed57069d1c108e2a1408659bace2fdb9683e600ef391ad121f804ac4153f904,899,0.004513545261775782,stitched_market_reference
1760629847,23591225,0x33e425aa500c7981830ac8383dc0218c661c9a04af8f781f16632c67f96f829c,248,0.004542535044807149,stitched_market_reference
1760630147,23591250,0xde8fe33219187fe5752ca8c3b87ab361c892c02a74dcff72690cc32dae8c9867,320,0.004511814081647406,stitched_market_reference
1760630255,23591259,0xa38912fb522bfd6ae0e074d8d421664dc89872bf35d9a97a7d7f18cd061c15a8,1097,0.004543207165807904,stitched_market_reference
1760630327,23591265,0x73cd87037c09098be2376e47d405f8939c8f7c66d7342147f901af4db0dbaa68,423,0.004520453402841387,stitched_market_reference
1760630603,23591288,0xe4f2cbe604ff52c7fe127017f61173581ce49335bbbf903cc1edb55fb6c30650,21,0.004493448795964862,stitched_market_reference
1760630759,23591300,0xc1e18df52d404e3a96447618788764a45e362a80a11905b7b2eebc6164bf45a3,503,0.004517490237332417,stitched_market_reference
1760630963,23591317,0x980907785b270ebbfe6b4bf783e55f1f66029e63b3428b2d770a9b434b0c8f27,421,0.004541195120211108,stitched_market_reference
1760631539,23591365,0xd3f32e0f7429873121c4042f5086f852de709edf0571ed60c1de73fc84e035b7,183,0.004513096636683954,stitched_market_reference
1760631959,23591400,0xcad739d1c175d07396582e9a81c8cb3db17595557dedc940df58443d62bdc387,440,0.004540360789758226,stitched_market_reference
1760632259,23591425,0xd853e3e457ac5cb15ba7eb43bcf29febd28118448657bc8ef77df47c7ddcc932,511,0.00451452991011868,stitched_market_reference
1760632619,23591455,0x9a6f5b24d8fcc5e223523784369dd9499ceacca62ed2f68466110308839aa208,165,0.004545625801590148,stitched_market_reference
1760632919,23591479,0xe2cd43b9092e280d257dd63a2e375af577cbd33494674fa000d8c97c1fa4573f,280,0.00458376665436594,stitched_market_reference
1760632919,23591479,0x689dac6acb9f568c6781430a88943fe1286f02daaa0d5e3d74ba5889a0256efa,351,0.004558007292770611,stitched_market_reference
1760633123,23591496,0xf62ae2df64a28ac705e90434368581d630e33cbdb0830a67e19bad7d8c23c584,66,0.004534791840410981,stitched_market_reference
1760633279,23591509,0xd9df65647785c7287a598536aa1afe8d4e67d6b3e542ab29da71ed0da7bd7cc3,136,0.004558386224310432,stitched_market_reference
1760633471,23591525,0x74293d28455151dd2d0c569945ee095acbc8824ce13eaad983203c851d770d09,451,0.004529449027115698,stitched_market_reference
1760633483,23591526,0x72866fe6f3eb56326992b3f09f46c649ddcf48f3b8c4169cc87ebc790f788ab8,336,0.004557702717768211,stitched_market_reference
1760633795,23591552,0x5470fead8ba4f75a2c2c45e06088c46e4a428306dbd787f854522e99e70bc228,281,0.004534793932644153,stitched_market_reference
1760633843,23591556,0x528ecde33862c287257e2464708db2f1ef5def52b6c0cb9d02f75f489fb2b43b,190,0.00455854916518031,stitched_market_reference
1760634863,23591641,0xe3797e6adde38013b88a05fc97fa6fde83f1d7a4f56aebb0a8624388b7180e2d,28,0.004531011562912417,stitched_market_reference
1760635139,23591664,0x9c6930539e0a7b749bf247eb698b8ef19596a0cf5b89f3a703392dfee68b3afc,185,0.004569496012495935,stitched_market_reference
1760635199,23591669,0xb797d544d4aae31a1bbeba0dbe4a1563d78d8893c255546f1360498c6379f441,100,0.004545121843256143,stitched_market_reference
1760635283,23591676,0x82bca16e7ca263d6875789a70c83cb740bf7f27efda4395f98b6ddc9ae9552d7,338,0.004517097437737852,stitched_market_reference
1760635295,23591677,0xe2c87aabdbb91d2adc4200d55cb9f12ea22e7f2cdf5558d677240c47350c4b1e,111,0.004541620153445677,stitched_market_reference
1760636483,23591776,0x4dbb62e98b35c909ce22847c67bcafddcadd2817c663fd0cb9ad57c3c769b250,44,0.004512378154288004,stitched_market_reference
1760637239,23591839,0x0aab1e78a1c5cd14d00f9d0c1f8bea204893491c118d1b61e0b805c46e9eba6e,155,0.004537324193387911,stitched_market_reference
1760637743,23591881,0x2a9bc102213a517ca63cc89a4ac3b4cbf4b4b25f63095ae0ee2d392dad018485,644,0.00451097635332505,stitched_market_reference
1760637899,23591894,0x9fc564264a0a027a677c4ba0dcdcea759475edd170ae865748dc245d6c3e3e50,299,0.00453491213833425,stitched_market_reference
1760638019,23591904,0x4e50cd2869fca4ff47c9bdccd4132d45c50550dd21af46e80fb766b6c4ebf631,147,0.004511322853943071,stitched_market_reference
1760639963,23592066,0xd63251272cb396ef4010d2bb9db431dc6616c3d63b1e1a415d09eff2d4d5d777,120,0.004534661908851858,stitched_market_reference
1760640179,23592084,0x87e5ad37dec240b831e72711ecf7599a64a35150eca57acffccb03862bebee3d,320,0.00455758180302541,stitched_market_reference
1760640203,23592086,0x25fa187cd03d0f76d35201a0b136b01cbab0b061f44e880df775f377b0ff3d73,119,0.004530860691499417,stitched_market_reference
1760640419,23592104,0x1da182bb50bd54293a0f0ed9c3f65f5722cd41c6e469b748f7c0aad8afd881a0,266,0.004553587725826741,stitched_market_reference
1760640623,23592121,0x9db1c62a5e25e3c0b39ba9881ef7b2928564d0b52f5c397b565a918062f840d8,337,0.004528800472950058,stitched_market_reference
1760641535,23592197,0xa8d5051d6e00d7c387c7d6aaa2aa22122f117f218caecc68fe4d80e0ad77dddc,177,0.004527268858225524,stitched_market_reference
1760642015,23592237,0xeba276af2a0036040a621d9cb7603fe9012bffac813147805c7c5179baab1e38,746,0.004503156070371908,stitched_market_reference
1760642399,23592269,0x05ca775a305ac2a10c78787cb3058a733d1e29bf322ba5919146477e2d9dfb4b,422,0.004529693631735928,stitched_market_reference
1760642495,23592277,0xc7c8305e26c0d489596a8df8f73c614b52994d5993dcf9883bdc59246fcad54a,427,0.004492275858707349,stitched_market_reference
1760642675,23592292,0xd13db140a2a1ca6e64f0a7eb27925d2c4d9afa41a78ff4aee8e93bf89f612188,150,0.004519714518757715,stitched_market_reference
1760643095,23592327,0x8d23afde01d6075d8861d75e82e307f72766c69b03bdc28212b7011d5c2d959c,66,0.004495190055655609,stitched_market_reference
1760643215,23592337,0xc9e3db3efaaa5dfee369837f41d6ace6ba31ce98ebf347a13459215ca3f4cd7f,312,0.004519490655271837,stitched_market_reference
1760643239,23592339,0xe9cbaabcd1250b4ef305bea6793de4dd3a14be5c9cd5ff5798f985fea65cb6f1,425,0.004496604197349042,stitched_market_reference
1760644295,23592427,0x304895ca8dbd761c6e39b2cb393412239e5c74879be4e2f2af23a5ed5594c1cd,1360,0.00453221649484536,stitched_market_reference
1760644295,23592427,0x594c27cdc1da54218c3a6924c14f4438e8744df7b68ebc84a35a1a6e01fbb014,1363,0.004509598396225594,stitched_market_reference
1760644775,23592467,0xd5ef4bc02b54cbeaea4f7ca236160f6ef963eb7be4e228fe0fcd76ac0e65fec9,279,0.004484882599233896,stitched_market_reference
1760646431,23592604,0xe7e521a22da5c53373c280778e801de5e5f3dc0ee5820a5b7ddde81aec59965e,527,0.004461301974546618,stitched_market_reference
1760646491,23592609,0x67789b1083fd4f4ae20d60d5a952f5a0f7d3627d3eda22585e4904230027c669,369,0.004485438534660961,stitched_market_reference
1760646755,23592631,0x04f3ef3c5d004c2c8a18ce583983b86f97ad33a90ccc3c6c40d623840f7a0e9d,462,0.004456871130702973,stitched_market_reference
1760646851,23592639,0x37ea93c87c50bb8170f5d51d7161dae3250949145024e0a86b54d192651306ec,328,0.004480147656280184,stitched_market_reference
1760647595,23592701,0x8d46c7ff034da5c56a0e87a99fea719531b6131d17a56413a16a1f94ba1db2c2,173,0.004456297112873011,stitched_market_reference
1760649287,23592841,0x7222d13d976b7ab9374b1c90817a8ad9f8541256f5d2fb30861d2b60c26b7a0d,236,0.004481496988949244,stitched_market_reference
1760650475,23592938,0xa80cf505488613679cb6671cf4d5008e5eedee3990dd106e0b4b031554883e81,695,0.004456128452406653,stitched_market_reference
1760650487,23592939,0x7bd7e20a9470e0166a1c2769318de5ccf53f4b355e6f223979fafdd4f8cfde29,160,0.004480238912845629,stitched_market_reference
1760654111,23593241,0x524ff5cb4279ecbc10283f42237b863254d7c3de5262f2dc37aa0ffb769fbbbb,201,0.004486891061377657,stitched_market_reference
1760654123,23593242,0xa44a29042fa2b6d40032886017e2c6bead350c0f028c75f78d56607279b8c22d,371,0.00447727410837027,stitched_market_reference
1760655623,23593367,0xbad9d3368c6e937eb349355adcf3d217ccc242e1de848f1b80462c4b6c9e6204,7,0.004454757008971526,stitched_market_reference
1760656487,23593438,0x10256a2583bc5f2591f358adb3ba487819d6cd8be30ead8e25f7c6906bfffc99,168,0.004480259644590378,stitched_market_reference
1760656871,23593470,0xb443ff5032b8991f2be84cfb696071238bf29a0cfa96ba6e29a26b77d328f0fa,989,0.004457311240486221,stitched_market_reference
1760656883,23593471,0x3ccb00fa50dc736520f2793454c63f3e3941b5b62d5135b7336a1a50ad6cfd93,270,0.004480170413206975,stitched_market_reference
1760660507,23593770,0xa857dcc60d0e10899353c889d7ffe9e53988a9d89dd09ab620373a3c0a26c5c9,251,0.004488035590416802,stitched_market_reference
1760660507,23593770,0xb36d88d6f267977caec20f76f6670ee53cce7d9924daafaf124b4731328165dc,280,0.004474937423620949,stitched_market_reference
1760661647,23593863,0x9494d8a81eee034fc42c9e0638cbeaec9152287ffd50bcbf83aae2ccff5802b0,363,0.004449461831299182,stitched_market_reference
1760663075,23593982,0x143aca3404096fe06f7515a2041ede53579ba4b55844fbb892f0295bfd4600eb,388,0.004472259576578785,stitched_market_reference
1760663279,23593999,0xe3c3aa8a4bf7cbdde5adca23c2e506aaae06072bdd2d05292d7cf54bbd28603a,1273,0.004445628551766895,stitched_market_reference
1760663339,23594004,0xd42fc9e840d3751a896716515b13eb3c35d2405420a5582463958be1bcfa53a4,684,0.004475284076486307,stitched_market_reference
1760663915,23594052,0xd81a4cf60d0432192a5f28a8a9874944cfc04ddf3b6e20c106841ab8afbf1f93,127,0.004449263732540149,stitched_market_reference
1760664191,23594075,0xfa7253d74a885bf6e91df1309df2180744c4a6a1df698360e3565e671d5fc91c,175,0.004473103869824351,stitched_market_reference
1760665331,23594169,0xb3b6a25e9c9a14fd94e2f231cc8b2c77839a7ad169995691c97f2172347e21cd,368,0.00444987425683479,stitched_market_reference
1760666111,23594234,0xeeea1f8d2c0fe831f9f25e18e48fc7a6f980ea32b4ac274b4c761904e58dcc22,42,0.004473009625421394,stitched_market_reference
1760668031,23594392,0xff45e069f6e51cfa712fbe2ce5cc914a9c45f66fd293ec4bcd7d346c9cc7f4ea,273,0.004449573255781181,stitched_market_reference
1760668967,23594470,0x6f10f528c387e04d76c08a17316cc07e158d59e75b6041c2a202e9ea1545c1b3,808,0.004472847613196207,stitched_market_reference
1760669747,23594535,0xf21bc698cef158318441e71f8a1b5257773994c3259d14aef8c66038da945e10,292,0.004451269001379106,stitched_market_reference
1760672603,23594773,0x31e9d71edf7f16b253e2062b31197bd0af88ac1c8f696e541bc44bcdb951390d,116,0.004448970073274524,stitched_market_reference
1760673383,23594838,0xf7cb0a7f92b18256d2b1eef01bf02b89d1b30078f26bf5a8161503b1c3dd3f11,175,0.004440709667573127,stitched_market_reference
1760676239,23595074,0x9560cdf1132e38af641626ca8de5e29434819a43e2373a847c20c999c0051bb9,40,0.004440702161175703,stitched_market_reference
1760676587,23595103,0x929eeb4a4af43585721cad52ddea84802a52eb4065608af6ea47a0ef26c482d1,42,0.004463266962670852,stitched_market_reference
1760678159,23595233,0x2b1b5fc678c73ffa35f60dfb1c7345e33e0e896c69178dd3cf4337f641eb6f38,221,0.004439925328214321,stitched_market_reference
1760680139,23595395,0xc8207d8bb29130c85222b2c2ea9de381fcad6067dfef026a92631afe9a8cfb1c,289,0.004414069839192202,stitched_market_reference
1760680283,23595407,0x61c8e22cbb608ceefac4c6b01977f109f15056d819417b3a9f3f70493d7ad2b4,157,0.004428896367215916,stitched_market_reference
1760682071,23595556,0xb8da08346f88cb0cb0b946cb4f1b6ba4485902e16de164e91613d29a92ca818d,537,0.004404548336303135,stitched_market_reference
1760682227,23595568,0x9edcb53f0fa5bb14fabf136fc3d6a6c3cfd66f97315d487a6bc9c4fcea4a07e2,260,0.004429434138850392,stitched_market_reference
1760682731,23595609,0xde047521721e0b733e4d50004be4b64ec43e7f995e1c2b00b9f1f37be848704d,393,0.004455240367162785,stitched_market_reference
1760682767,23595612,0xc2eaed39d61bcb856b9b5feb832775bb8342f2f3fab299f43f71cd9e51e39fef,158,0.004418443706892081,stitched_market_reference
1760683031,23595634,0x274af53751c1fc6f5ed01ac87c4d589cdb06f3fa5368eb1777276c76476f3536,286,0.004395935111237877,stitched_market_reference
1760683067,23595637,0x9bf5eabd9af73c0536c9c0b5fbad52ba573606b17adc0aea391ebce5129f5724,5,0.004423370422263272,stitched_market_reference
1760683787,23595697,0x0444f789ec771b3f1902a34331d2637eab20cb7e2dde908d183947b1be012582,424,0.004445982328221852,stitched_market_reference
1760683835,23595701,0xcc60fb4e7aa58f9185902589bcb6c853b875bdccc7e124c6a6e9cee437c6031a,1131,0.004404535806567907,stitched_market_reference
1760684027,23595717,0x309c7243d12efa59a156c82e95cc9bebf93e6e59e727150c21d47ebc7bcf5572,126,0.004381403688798995,stitched_market_reference
1760684087,23595722,0x7b82c2b3358289398494613cdce405bd1a0fa6b9a57ba3f9691a86acc093c03f,236,0.004407923523943524,stitched_market_reference
1760684267,23595737,0xff3a3e844ceada25bf4c4d64bb7df6c88f32674165c79f1dd46186a772f9e6f1,193,0.004383482826761221,stitched_market_reference
1760684627,23595766,0xcefddf327cb36e988542cfbce100898cd00f3ca4347a68403ce20a53c7a6a07f,399,0.004407678996484897,stitched_market_reference
1760684651,23595768,0x9614b09bdc2e23c0a8d774d11755b3947c59370a691b3fe8a0b677add03dd711,152,0.004384857985082119,stitched_market_reference
1760684831,23595783,0xad4e007d730970ebf530f5f6fc7f4f6ad8a37cc96f41e4bcf6878fa5addc0bbe,120,0.004361756301470135,stitched_market_reference
1760684903,23595789,0xf3e2022f143b6c360af602b64ababf88a694d67dab258439f4c85d3f0debc7dc,1049,0.004391982123802178,stitched_market_reference
1760684951,23595793,0xcc96e87d375d9c6d15a4a9b2aa2cb304e8e630ec01402fcad04f1c5669203149,98,0.004367161202734255,stitched_market_reference
1760685167,23595811,0x2f494979f2018365b19c8f37d04b182cdedb20c5bc5226e43a1f06258d899011,823,0.004390014468943804,stitched_market_reference
1760686307,23595905,0x1b647af561d11f2146cc718c44bb9b7d7be704a42af06b914103e960768e07c3,338,0.004365237583332452,stitched_market_reference
1760686451,23595917,0xfcc90cc11f6c050fe5a1f38f5f864a4e141be602f94919ab9f9cfd557ba0eddf,309,0.004330725507390307,stitched_market_reference
1760687663,23596018,0x6b0cdfc7e92f8d99e1d101a31bc71998eeee6d9fa5ab96628169f00235ba17ce,49,0.00435708142855127,stitched_market_reference
1760687711,23596022,0x2efb653abd70b8b5dabb9c7893f742cded52fe833f432eb93bf292cde30544b0,97,0.004331198776297963,stitched_market_reference
1760687891,23596037,0xbdc96463e2be7d79b5fb1f6ac3cd7518329e4d55f19d507146aa3c2800da6ef7,2,0.004304944197772375,stitched_market_reference
1760688287,23596069,0x6d0a3cb592ccd93c035532d4d0dbbae2ea7da7b246ec80889c108d592c37c29e,394,0.004328753537798869,stitched_market_reference
1760688659,23596100,0x7d9a29b20810b4a8ce0e638eb2c47b8a93f623971e48d4f907f576b6caab6699,492,0.004298958062126653,stitched_market_reference
1760688863,23596117,0x98a19e9e06e21b6ceedc019db0f610d925d83491cc555cea5561b4ddffbe4108,263,0.004323600947449891,stitched_market_reference
1760688923,23596122,0x529f1b3b4a2e81d91985aeefb9a7b3741bfcc87908e0efeb0a484585bb8d51ef,161,0.004301155621980837,stitched_market_reference
1760688947,23596124,0xe0f728a34237e90acc15b110921a64dbb724d729279140125f56def4f5276f28,2,0.004278838252955776,stitched_market_reference
1760689019,23596130,0x1a901fee6961d2835a3d0293af6f8a99c8d613a48693d64a49bd975361f6d47d,115,0.004305733510729728,stitched_market_reference
1760689103,23596137,0x450480f874cae90b8eb9688fdf860e46d3d5dae6e83b5ed9be33dd97848b50e9,375,0.004268183028225174,stitched_market_reference
1760689439,23596165,0xd1327000750101514619e791d841cec43f61143518d5c93b2b40be2238b32666,356,0.004245926551331902,stitched_market_reference
1760689499,23596170,0x0ca81fbee6eedbeb4f195e8044600a5dfe93a5ec38facfa22ad8dfd60ba72c2d,70,0.004267157110489591,stitched_market_reference
1760689583,23596177,0x10fa72eac2a06c4c962a9dbd67a91d3d37759a4025d958ab8c6cb5aca14994da,297,0.004297478082308268,stitched_market_reference
1760689763,23596192,0x54e0f340240e1bad2406da12a470e1bd682c0817825994c924d4d46529a01046,249,0.004273554325270113,stitched_market_reference
1760689847,23596199,0xb3853b228357a9f2d64be9ae8ff5ce003449b8e50abe19fa97761be0413edccd,760,0.004301764377350128,stitched_market_reference
1760690003,23596211,0x1062d00faf062e919aab931e111340d548a7e45a6424ff4f18dd0ecff3e710b8,33,0.004279451015386423,stitched_market_reference
1760690207,23596228,0x8e4d456308fb94267ae5d2d3604d4f5ba3afdd7000e5c62ef6d670af4adb2b7d,416,0.004312695202395996,stitched_market_reference
1760690327,23596238,0x801c86090eebdfb22aea74fa1dec64cf1905c733a07d98e3e97613e45eca0a1c,193,0.004286664653972443,stitched_market_reference
1760690603,23596261,0x8ac332e1afc43dfed7e6fad7a9ec201f06bb8c0d58e58923aae3cf4a8ce11ef7,184,0.004263527576137283,stitched_market_reference
1760690603,23596261,0x9e00d6620ca6a776c368e9127ad7a0c9d57710cdce76e2ea778558dbeced9422,187,0.004285019418355932,stitched_market_reference
1760690927,23596288,0xc0bb1ca7bd80513c2d80c449527b69d34363df22812622d68750c0829adf54c4,229,0.004263019691513853,stitched_market_reference
1760691779,23596359,0x37835d7d395e755cab4651ddda586c3e187f930c6fbcaea74008dd3e952dd072,124,0.004287768517956307,stitched_market_reference
1760691899,23596369,0x8b152d53b406e7997a4c867ac01aa08bc5c11027f722d4c346bd19f25f0da8b4,580,0.004264470690623094,stitched_market_reference
1760691947,23596373,0x36ca1d0a542eb68e9d90fbfefec3d005f54d6eba269cebc1245e8859dab87313,219,0.004293887377211667,stitched_market_reference
1760692739,23596439,0xb9a040b1dc47a6d763d6c70d8cc9f906bb2c95ea71bdd9ece3e1dd13e99974a6,69,0.004272004494994575,stitched_market_reference
1760692907,23596453,0xbdc21ca55168b5c6158360874e6d7156fd1bfc81226b2248096fc09ed2938259,84,0.004243119878993249,stitched_market_reference
1760693387,23596493,0x06e769abfd4042446bc0031dc4651c22c416827f2b054b80334a2a2bd6e64816,151,0.004269443123085885,stitched_market_reference
1760693507,23596502,0x4a66e34722367451a63868784eb4787ee036bad9e11914584f30facecbdb2dc0,695,0.004298713768793727,stitched_market_reference
1760693687,23596517,0xc230970453bdb17e4076fabf5a667faf9461004e32c1fae92708ee1d2a0f97bc,587,0.004324243574188789,stitched_market_reference
1760693879,23596533,0x453031d124a16bb06dbd695c6b6f8925808c9e5961f8a0b7de12ed8abea95fbf,342,0.00430118202586558,stitched_market_reference
1760693903,23596535,0x24ea0ea8d1b84c2128b0c17b5eaa9f27fa2cd8183e7a8967cdb9dbc29634d26b,246,0.004322904057562107,stitched_market_reference
1760694143,23596555,0xf42c9f6daa45d8b2c798c72a3fbd4681961adc36897b7f96504a7402f95af1ad,343,0.004296599626631915,stitched_market_reference
1760694263,23596565,0x4e3526903501515c190f689f6d15647248af8788e989b8747383e093795b2bbf,387,0.004272835424886516,stitched_market_reference
1760694539,23596588,0xfbceaef19af9966af41865d42bf21d15c1e8535546e940fb6ad2b59f9ae24d95,279,0.004295182541824429,stitched_market_reference
1760695223,23596645,0x2c17c20c07cb8de5eeed9a7a13574d8e4734ad08ca0e398f7136fffad5959f18,210,0.00426229175963211,stitched_market_reference
1760695439,23596663,0x09a38ddaec197ebb511a3b6164e3f944a4be1d65e330674b23c94fa13c89c81e,522,0.004284122882725929,stitched_market_reference
1760695739,23596688,0x454bb1f3a1c512c763345bf6dda16ce92b710f1af3403feb192735aa5e6e8e50,228,0.004307366735035478,stitched_market_reference
1760695919,23596703,0x4f0c0d3fa6a63650d9433da51563a23f480d44d4e2fafb5debb36da024dc1b9c,158,0.004284791586935273,stitched_market_reference
1760696039,23596713,0x3dba2b7e3be81fc8d43dc85f2f446e61ea34b0f4a87a25b5553ab842494d8a8c,329,0.004261679739741141,stitched_market_reference
1760696519,23596753,0xe4b4851d47a01ad70d02d8c3a205a04305da81ccc7143749a16e0883b670a1a3,514,0.004295869934815753,stitched_market_reference
1760696615,23596761,0x2a49a888a507af428f98bd47f3a40d5fe3e79f6fa7c4e07eb9be7104f29d4452,264,0.004270692001050747,stitched_market_reference
1760696759,23596773,0x7622901f94cb77afca6e657f17ba5bae0f676268675d6b20cfde14dc1084c2ca,31,0.004292136802965923,stitched_market_reference
1760697299,23596817,0xc27a213df5d855a48ba15f5eddbceb3aa49421a8f9d409b112bedc897e81ebb3,201,0.004317662033087707,stitched_market_reference
1760697539,23596837,0x04c6797ee44b11d75c774e62354fef69d0a4d82583d0baefc90688ced4e791e6,116,0.004341888257898884,stitched_market_reference
1760698223,23596894,0x309c530a3aef788898f4de9e3783fbfee0016b1eeff88268517cd37ee7a76717,425,0.004318869353453875,stitched_market_reference
1760698883,23596949,0xe6c10436913452083f809ecc748fc690ab8eca2ff1399adec975d7bf874d2647,258,0.004296740374282107,stitched_market_reference
1760698979,23596957,0xa40f0aa43c346d097a02e5c9710359082d88aa84aa5094fffc763f46bcf33f40,85,0.004320910862113785,stitched_market_reference
1760699339,23596987,0x8076e1fefef165323546598191417bc25891f6c41ea558fbe5e00feb92240f69,160,0.004298354394183432,stitched_market_reference
1760699399,23596992,0xfe1c2a419335c0cf4dd4c42f49e610f0f8fca85c3ed584ea2d99dde2ca1f0dea,239,0.004322762709002763,stitched_market_reference
1760699651,23597013,0x9090f33410908e809afc66d0c9b2e88b9f0181de11ac401439f08247e304ae9f,744,0.004288034708357812,stitched_market_reference
1760699651,23597013,0x9a5ee7a26f8e6f6143dd5b08131372745abd8b5f750a01ba9c14d47c074dfdb9,894,0.004326475490678243,stitched_market_reference
1760699747,23597021,0x86783573310347abe0311fce3fa9581f55c3e0a7955eb1b2c06597f563a3a1da,339,0.004297934035984693,stitched_market_reference
1760699747,23597021,0x3f90c701371adfe6cfcab61af0a1b3018c9cf01a4142ee9342115356555cee4a,473,0.004336433511769102,stitched_market_reference
1760699879,23597032,0x3c17a2588277f1af0be2b71e3f2ece94a3403bfd8088128293fbbac9274c37d1,465,0.004360075106757759,stitched_market_reference
1760699939,23597037,0xf67d38424d01b7c502500a54e0e38d272b3d3d3dddc8bb08347b036fd6469767,113,0.004336265851407757,stitched_market_reference
1760700119,23597052,0x55a8fb84c2b69a0ec2ad172faf8994043e3b34ae7c70052d5c49dd5dadbd16e6,292,0.00431181925541802,stitched_market_reference
1760700335,23597070,0x3ebee23a42bb3530e7fc360ce61539d1d259ddab25f8ba0042f38e020747a859,391,0.004339395545189463,stitched_market_reference
1760700983,23597123,0x30ee17798bc3f89a57169ad0e46285706c4cd91defbe86ded31f47d4fd2382b3,210,0.004363187416812794,stitched_market_reference
1760701283,23597148,0xa1b153b1d82852059fc37763a446092721a2ea27fb1df39439a9d76ecf187f09,230,0.004340204099148585,stitched_market_reference
1760701607,23597175,0x71bbb157cad64af1584a1b06f5b07cb802074f831a233b7330689e794299dcbe,167,0.004363576416031098,stitched_market_reference
1760702843,23597277,0xd9e86c07659ba5620504abde1026876b0da3edd5ade79743fe4be29767cb6264,192,0.004389854858132803,stitched_market_reference
1760703083,23597297,0x53a1557e262a223a6013bb0295d8ad4a086eb6700209b51b7f4b16a1802cf547,198,0.004366668075127289,stitched_market_reference
1760703719,23597349,0x13a7f848b14c811c043bb81aa2d8b45ea7c58f07d27e4a1a992a095d0cca4c84,208,0.004390957516426172,stitched_market_reference
1760703815,23597357,0xeadee1c1128d4328f7fad43892769d9c729b1de4e735a0e0a4edaa0d3d303bff,289,0.004365467770265835,stitched_market_reference
1760704019,23597374,0xe73bdde7726e84d4e23310e80d3cf149c4e90201c19c0aa8139764771fec3940,196,0.004389169841340457,stitched_market_reference
1760704079,23597379,0x09fc334336052f34f799dd55cee73646516e2c244f01b7a9b02b3d152e5e30a2,206,0.004363150140335497,stitched_market_reference
1760704523,23597416,0x0b362db4368ca43ffd95e5a100049771edf973e914579b227bbdd201039639ae,243,0.004385857371372572,stitched_market_reference
1760705675,23597512,0x09e397738312924829fd8bfeea3418fd127b33f789a524ae19369b095e4497c5,109,0.004363121630619669,stitched_market_reference
1760706839,23597608,0x4b36a41e890d865830683f8812bbdbed9401e215f990d05e629b2e68c87fbe45,158,0.004386817491745671,stitched_market_reference
1760706935,23597616,0x0228fc5048163558fac098c22b0e3cd2de7e01bdf44f2aae1d1800418952758b,142,0.004364717842621001,stitched_market_reference
1760707355,23597651,0xf8b294105cfe9d062d38e8bc727fc608c21bd4f55a1807494a24cfead0e31ba2,57,0.004386972896075079,stitched_market_reference
1760707499,23597663,0x32f2da028dadd8352ed10796b7d9ea260c973b504f74d7c0be1e4091170e67ca,367,0.004362916071076809,stitched_market_reference
1760708159,23597718,0x93affe40e05d92ec3009b22400dd0432f04fb891d06dbb30c98ae45c0959d2b4,161,0.004386293019198779,stitched_market_reference
1760708519,23597748,0x766bdbc6ca341817bc4b7f890e2352eb0e3c630a49e771126b4242f1951c2bc4,71,0.004355133159826296,stitched_market_reference
1760708639,23597758,0x5a0ac31726b8e690f9f116177054ee5b65e496e040045ceb966e277ffb37ec07,350,0.004381892038964446,stitched_market_reference
1760708699,23597763,0x072e91021f0dc9b12b4e6adca0f0caa78e07c0644e7148935b51957932c3c0ea,199,0.004352423938496586,stitched_market_reference
1760709095,23597796,0x38eed7a2bc821913d2d003a250e9ae89d6c7f3d11f949b085b136a7bbaf37425,271,0.00438093595502562,stitched_market_reference
1760709155,23597801,0xe8399b6b4a18e4d0347e1c1dba6caa80c770176808c43ec6f1cca5c4bd40de97,313,0.004355831980075072,stitched_market_reference
1760709251,23597809,0x9d04d8d30dc3cc35865f50af008869621ae070445752481f43585c34fd7d5b78,283,0.004397434165386535,stitched_market_reference
1760709419,23597823,0xc13527ffb1c5ad6024fc9dd9abcdbbe0ed980abc0bbbca2ce294fbb9d5ee7a17,40,0.004375138224750365,stitched_market_reference
1760709599,23597838,0xa116aaa153725e660a2cf987c9ce5d5d4a83604a8af69e6a20324e4ca8ef90a7,160,0.004353058073183314,stitched_market_reference
1760709635,23597841,0x7b75329952d87c2059b68345be7499932453bc895fb1c36bd7a4d187ba924d8f,245,0.004379011839949257,stitched_market_reference
1760710079,23597878,0x1cef7e743293e7427762c49ca225e55c7616909e7dafb68e670ec04333105314,192,0.004347484140282255,stitched_market_reference
1760710199,23597888,0x35f0b5e2227ff13167950ce039158cf12de1c903bf46f9bcf34274ac6ddc81d2,1198,0.004373246512703674,stitched_market_reference
1760710439,23597908,0x0625e3c781abffc4022230917fbc44553d1fa1463f1b38e4b578fcad7a54691b,218,0.004347743274525623,stitched_market_reference
1760710931,23597949,0x003c2203da382887eaa1de877731a5cefec40411c437188ad46ae589c330889d,180,0.004372732526267645,stitched_market_reference
1760711375,23597986,0xb39a6ac1ef17a9c47691fd5587e3163827cd000de364992f7f1dc366516a0c40,240,0.004348510928921269,stitched_market_reference
1760711519,23597998,0x1f34806f646d4e303a7bc0b7811cd65c39320313ff1cd15151e08667c9324ce5,584,0.00432205864131487,stitched_market_reference
1760711579,23598003,0xaee79435f9aa2f8fda43186701b2a951dc3c72ba6682e4e251650f81834a6c07,590,0.004346102460747258,stitched_market_reference
1760711819,23598023,0x8fce69100dad5b1c394c4c383518bcc194135b093f2f208ec67a86f8aa4886b6,293,0.004323594762559006,stitched_market_reference
1760712131,23598049,0x37448248894555e8e9344abf0d68cf5ac863f803f5bda24fec7883be39bca8f5,458,0.004345828401397098,stitched_market_reference
1760712179,23598053,0x36677808e39562d7e8f573a944570bcfcc11c04f4dd299008678e5b8e3365f9a,111,0.00437213827780763,stitched_market_reference
1760712179,23598053,0x5d2b44ac03b611171b4ced4cff8ea2f226dec651ea98106d8a184c6505a252c8,194,0.004348723869879393,stitched_market_reference
1760712239,23598058,0x98b4f56ae94b87930cb3974c9d9a235c97424fd6d7272085046a7103753d2e92,230,0.004372671550823541,stitched_market_reference
1760712407,23598072,0x606b246d8b6aecc1140ff77cfe20cbe23d03f14e54185abc9ef9386dc4efd159,37,0.004349810716800934,stitched_market_reference
1760712527,23598082,0xdaa83350238cc5699ad412f80ad97a61b33787845e784089c3b4e235d6c1a0e1,14,0.004378751875817206,stitched_market_reference
1760712923,23598115,0xbab042b75f9593722adec410ce1073c81bc10fb76230b52b5c1c27bcc54ef809,216,0.004356006689065463,stitched_market_reference
1760713127,23598131,0x239c85cfdcebee1078ed9b490172a9e225e7260bf6f0ae7f463060c135fff1c7,761,0.00433187687546734,stitched_market_reference
1760713403,23598154,0x0f4ee104f3b46d54e61b213ee4bcbb144d34d29787f15145a39a5081f50b99d5,325,0.004355961688214449,stitched_market_reference
1760714099,23598212,0x2284076733887f99e4be02a3ac783949193811c63f2c74963e2026f1c644bfb9,171,0.00433205232774563,stitched_market_reference
1760714279,23598226,0x9ba3dd324cb9b5e6e6de3bdb577e73637cbdb6e6fc73eb37e0f1c003119d85b3,106,0.004361023855956253,stitched_market_reference
1760714483,23598243,0xca29b95e0e293bb625c0b5065983debf7228f5d864ddb602f4e0723c7ce942be,343,0.004338395392820195,stitched_market_reference
1760714831,23598272,0xfa640edf8f1499247a72990f9aee10e5a68cc790a18f4c083c9d8744d0ebdeaf,561,0.004362799010332062,stitched_market_reference
1760715395,23598319,0x1f5fcbe0db84c7cd81e0b2462f43876d898734da77131e608e249a79f2ed9384,320,0.004333804192160679,stitched_market_reference
1760715659,23598341,0x4e378e630e2c014ca2988df598e327193f0907c20a95d608118566acf78c0e3e,187,0.004368001460145462,stitched_market_reference
1760715707,23598345,0x1f4703810684e9f5cf62d8abebb1f8d388db525dc9b1a6c92acd827b8f4fa382,90,0.004343280232406615,stitched_market_reference
1760716319,23598396,0x7a75492973623c87cb311cde89a5b6055fd574ec6fef1fdcebb439cdb018ac0e,40,0.004365738960351098,stitched_market_reference
1760716763,23598433,0xa36a44cb2384378692b2722248006fe6c4c94ea7ed126d50723e61256a9e0a25,415,0.004391002753057552,stitched_market_reference
1760716859,23598441,0xb4c0677e68f03083bfb8fc0a11cfdf0b76d55b6bc94e5318d19b3dc2738aa4b9,959,0.004367268458382444,stitched_market_reference
1760716943,23598448,0x3cb1bf974dfd44453b1beba11c6a0b199e423b08aa8fefa610a558e812243cde,1134,0.004397005470853647,stitched_market_reference
1760717003,23598453,0x3ad266a807881e40aff4875a9450c3d6be87f08da13478e6b72ad42f64bf724a,579,0.004371465537520583,stitched_market_reference
1760717051,23598457,0x6ea8ecbdeefd5461bfb5804a1fdbf976912ce3235108e3fd8b664fb388c03045,25,0.004395368410047309,stitched_market_reference
1760717639,23598506,0x516c751aea81911eb50cb19d48478078acc89cfc0a7b0767f2e7aaa13139afad,50,0.004372565932198959,stitched_market_reference
1760718323,23598563,0x4404cddf8088760990a8b4f625580d8381e0fe379660f4c1b7740792d80b922e,72,0.004394735356386732,stitched_market_reference
1760718383,23598568,0x14c4acce191b61384acd2614dcba3206392660830cce0216c0be3b4ca16954c6,376,0.004369018913196894,stitched_market_reference
1760718767,23598600,0xcdf568af5bc397dce7ae374fbabda94e3f8eaa935e02aafb4376c39292a94bb9,122,0.004393230194380263,stitched_market_reference
1760718779,23598601,0xa59d73ef6fc34f4cc605a8e69b6efe826b130a6757cbd6f1feff39cb7ef1b1a7,233,0.004363759786184627,stitched_market_reference
1760719955,23598699,0x0f006c2bf7e44d848075b4f8d36728a11b3a3f525edded6fdfa2c97bda9f08d5,155,0.004329905470050017,stitched_market_reference
1760720123,23598713,0x5922ea88b28f40396858d11e2a48f661b16b597bd1409bef28ada27329ddde33,177,0.004351889017419063,stitched_market_reference
1760721755,23598848,0x014749b16af79c703791bb35a88252c290473d0021ba47d9c3efa3fe3e5ddf85,107,0.004328861946838858,stitched_market_reference
1760722583,23598915,0x90040cb4c9d04cbe0b77ab795e590116183a3358b24bbbc0165fa50bfcbea9d9,90,0.004305653808162296,stitched_market_reference
1760722835,23598936,0xf919b8eca1a558c222628ff448a4613dedd6bdd9315a598bd2f232accd31b49b,154,0.004328839395269023,stitched_market_reference
1760723219,23598966,0x7e3466744dd420ff7d38ebf666c8611ac157092441d490fe956a6c888f647ae4,143,0.004305240931151639,stitched_market_reference
1760723519,23598990,0x14936272e551dcbcb3eaaac910b3d943e552323fc18b17211f628d7ab742dbf2,100,0.004328728260225993,stitched_market_reference
1760723699,23599005,0xf9e6457d789e96c3953102aa639088e5ae35d2e3cb2d979cfc0984c0a28f774c,194,0.004305819217249264,stitched_market_reference
1760725955,23599192,0x9bceda7d28ee627459e081924f42df982252467b5538fc10fcc9a764a3aea4b6,57,0.004327564584122835,stitched_market_reference
1760726219,23599214,0x8af8f12dbb797b661749f67e5bc0121c34ecbdf9d1f4e2b5cc4c61d9546a51d4,130,0.004303646293055784,stitched_market_reference
1760726855,23599266,0x2e75db9f6a53de65fc92d06862c3b784b1fbfbef09357bb62e908acab6f496ef,379,0.004280328778178991,stitched_market_reference
1760727155,23599291,0x4cb1e41d8a129d2477a9d2e7c935010974d30cfb8d87cb78ac7b5afc9dafcb70,17,0.004254694180762891,stitched_market_reference
1760729543,23599490,0x62bf8e4cf53947f8e938b7027f3a4c24d6f01de07e049c022d29128d9377921b,486,0.004276563283731817,stitched_market_reference
1760729627,23599497,0x0acbbfb3d810cb35a168fc7a598e2905033ddeb852868bed1742c7bfddde6f3c,83,0.004251233071392743,stitched_market_reference
1760730611,23599577,0x1bf7c5ba299a62c4e80b4bc400336703b249808eb528831015a79c7cb392eb46,272,0.00427345088875188,stitched_market_reference
1760732063,23599698,0xd78579a110372966b3d1cc3416e4a981425608978ea39193ec50b533595b11a6,179,0.004294944929777629,stitched_market_reference
1760732399,23599725,0xa37be7d7dbe6aff73ea17cf9bc860740bc3cb22bd6718c2ed313b01951b2ee31,505,0.004272617348646592,stitched_market_reference
1760732711,23599751,0x23767cba93859282473e26ea50115dd077ffd545a353755170c000a325562f5a,503,0.004295385947410715,stitched_market_reference
1760734103,23599865,0x617dd5edaa91c30d020f9e7abfbf6de2830587bfaf4b91bfb269559e8a721d09,123,0.004316924228398884,stitched_market_reference
1760735195,23599956,0x0310f4bacc76c28ea9f75ddf8cc7bf68a79da903dd8388bcddcdf48660f90aa6,393,0.00428542882040344,stitched_market_reference
1760735567,23599987,0x74cccce04010c3e4d36c7d963f64065cd2981f8645c2e8fd266ef684ffabd0d7,95,0.004307548354957906,stitched_market_reference
1760738819,23600258,0x76c3936fa98be92b05bf9555474796c19f9851a044221ad0711c54eeb4953937,106,0.004303471511005466,stitched_market_reference
1760739203,23600290,0x0aab68be42d60d093a6e8eb1e2501f870c58880150c35e5189c454572ce90bb4,227,0.004298326532586891,stitched_market_reference
1760740379,23600388,0x112fe860dfedcd874bf4c2371d34a60907fb0d2ee397a4c8259e122f185ccacd,324,0.004325180890765345,stitched_market_reference
1760742839,23600591,0xb73d9a620d5e5c7f883abcf9ec0c6f197555a5a406f5d92e564a1f934a5f1790,135,0.004306889945872343,stitched_market_reference
1760743991,23600685,0x7c652cbb79d48163e4fe19a7cc99eb7c639cd62174b025753fcc69a3d2f59c54,347,0.004321601632236674,stitched_market_reference
1760746463,23600888,0xb5dad8d43d176f14f77ec0f1b8bf95a37278f63a5fbe9377de8eac872c0286d6,381,0.004320500809352049,stitched_market_reference
1760746475,23600889,0xbac38484163daa0ea268b1dae94e56298d68a56bd3976a7ada0dbf84a77ab4e3,70,0.004343071987596737,stitched_market_reference
1760746859,23600921,0x39d8f700b4ee808a2b8f6068f45a2da2f8caaa9c65c64a1c3a223bd3d6c1bd70,124,0.004365158991525378,stitched_market_reference
1760747195,23600948,0x0864ce5c9aa447f5a35f7aded39d1aabf69d681c779a841da530558e3fec9f5a,5515,0.004342744152189963,stitched_market_reference
1760748179,23601027,0x81a6e7a5ea8071f4f34f8f2bf6360188e3b2d8ac898611a6863213c3e9487b68,121,0.004364928549661702,stitched_market_reference
1760750615,23601229,0x0b598fb700265f59a8063374390dfeb083ed6eb671e1a56f9dfc57b5a42da91d,310,0.004343174752218496,stitched_market_reference
1760750759,23601241,0x9a5e4a7ca303ada7a8a97d91a370d67016202d46a5fe07da333cefd43756b1b3,492,0.004365286396074273,stitched_market_reference
1760753435,23601462,0x9ddcf93bd8e857ed6f0d1a4324240a866d933adcb47516faf6ec0964c4e5956e,279,0.004343006462782106,stitched_market_reference
1760753675,23601482,0x8a78d0b2af5db5f91781ca3c1cbad7c0484ad5a81de2c15655c70944a0544ac1,336,0.004366867306193568,stitched_market_reference
1760753807,23601493,0x815af7b88dbf0b8708d0d0ca2d7210183cf0763abc4978ab40f345e7cadcdad9,319,0.004342999423293537,stitched_market_reference
1760755919,23601669,0xbd690b8e5732c2e102c7cbc50a1719cdbc7617ec0d4618955a6a74a411d2dd44,30,0.004319893938619738,stitched_market_reference
1760757287,23601783,0x04f564a5f8160b800b32d3b1d05dcbe86e38c9a76dce31077a844947c6643611,33,0.004318467871674755,stitched_market_reference
1760757515,23601802,0x217d4ac58a260e4e3bccbb5a593891cdcf3a34693d06feadd8ad10f22d962b05,144,0.004343230183881533,stitched_market_reference
1760760911,23602085,0x2a7ff2e1cc6f6e5fcb142d17780c8eaedc8b1df095fd6c9dd18bf41e8d046226,278,0.004352133464458249,stitched_market_reference
1760761127,23602103,0x206cc4361d3d28f837780724a8501dbfbcf0b3474763c894de94182b9378da6d,256,0.00433499874084582,stitched_market_reference
1760762531,23602220,0x1719f9c286814ad370bde53cd56a06759eb4280a24cdd586e356aeeaae31c360,256,0.004312878282728497,stitched_market_reference
1760764547,23602388,0xa44982dda4d7d3e5bdf695db3b3982a4dd5df29fb9533127af8d95dbf44198c2,4,0.004309758397886597,stitched_market_reference
1760766143,23602520,0x2f59210f18e0c10728b3c6ba1bb157a63da96d70fb722c0f1eaf0e3233cb640a,75,0.004317624528403588,stitched_market_reference
1760767523,23602635,0x5f6a784588d23293e98bc534dcb0018dcb363fe50f862087ed406e2b52c0dff3,220,0.004343141717706707,stitched_market_reference
1760767787,23602657,0x967593da6bb36fe4ac3dd74d02d5b3093841e37814d33323f69751b6ebfa86fb,9,0.004320774346073973,stitched_market_reference
1760769419,23602790,0x9481a9c08958958b9d29dacf98ee12605cdde37537eef3e68c46043565be19db,45,0.004298932279422029,stitched_market_reference
1760771015,23602922,0x22869b2e28618193d0184d8eb1af0f28005295147231e88d9142e79e0eb18584,296,0.004327483224766982,stitched_market_reference
1760771099,23602929,0xab017495528c26572f18a6453690e4bfe6012dee22626439c8e1429a3c290900,954,0.004355237674043633,stitched_market_reference
1760771123,23602931,0x403f1b685448c4b291914b6cdb627806492eccc07af4d6cf2f9b36ef4db0e003,729,0.004322869455668392,stitched_market_reference
1760771267,23602943,0xae410fb3c610e5720a3f87dc58cd650ec8e40eb3f9dd74b4562128b806756626,616,0.004299012152422747,stitched_market_reference
1760771279,23602944,0xc2f8156c13b00781134b456e572caa327b00ea7e2af2ad5ccb023916cde31e3a,602,0.004327110083476448,stitched_market_reference
1760771699,23602978,0x7feb7291bd9e690c14263475d3997b80cae878d9b1f83b9bc4ea18a3d4135619,218,0.004305351576909942,stitched_market_reference
1760771747,23602982,0xc12435db7686f84a9467b035c50f2e240f8a7f856e2c3eb11b0a15aa4291c79b,216,0.004327651024045965,stitched_market_reference
1760771915,23602996,0x13ade0ec56f34d7b5523efecb8f55c7fa1884d8694531ed3d401ae1de7b46062,731,0.004300125226181893,stitched_market_reference
1760772083,23603009,0x693cdc2a424b446b7e83fdb7fe3560d1f949c4e5608688ba9de851071c649c36,326,0.004322727708518275,stitched_market_reference
1760774003,23603168,0xddecb1160e973dde2cf35c647b1e7d44be062f1d9a9820e27a69630929f7dfc5,323,0.004297976779058691,stitched_market_reference
1760774291,23603191,0x668d6971c4dda06e7d2be0a15e022fec7a54f88bf7af0590ad639646b1092827,498,0.004273196771701978,stitched_market_reference
1760774363,23603197,0xb0650dd525cba2647946b4f88bebf4478381f700289d7d1c0216780e5a2ed7ba,49,0.004296292257175828,stitched_market_reference
1760775155,23603263,0x5801a731d72543c9d5f5f2138d51f6b2af830d50b12bfa7b472aa60969514820,131,0.004321568146499499,stitched_market_reference
1760777987,23603497,0xad1b98cb7bb003d6bc451540553d0838458186e669c0a49326a89b149c06d213,210,0.004332699801172335,stitched_market_reference
1760778779,23603563,0x307d5841536c0cf9a3c9f8eab20a390b8145e7503a2c74727e720635277d46f8,76,0.004328690182142645,stitched_market_reference
1760779499,23603623,0xf98be91694664be03af278fb1b3e2cad3b658b69862ea8ced65f5eb5dc70e149,194,0.004354134583893153,stitched_market_reference
1760781623,23603800,0x2514c3f29f9c57a843155c1b45f703e89f7801d1f450287b0e91441bf38c160a,119,0.004351717716456878,stitched_market_reference
1760782931,23603908,0x5cf2ab174b5e61264545bcc7ca3d3d007f6e6257755fd98a70db5cb497aa22fa,241,0.004329941372573998,stitched_market_reference
1760783699,23603972,0x682845e8cef9f36f770db69b65884236c2dc3cbd18826f4edc8f0da51591e467,769,0.00435297285977384,stitched_market_reference
1760785247,23604101,0x5482e8e4adf97864c322392ad337db162dc28734584392707568bb22340c3a34,181,0.004355379192519354,stitched_market_reference
1760787311,23604271,0x56d4bd39d14bd7f69d3ad4b63099bb9fefcafd29a3ddb422487790512601ff05,505,0.004343333562848463,stitched_market_reference
1760788859,23604399,0x9dc3dca2df37606c06c8f1facc15143721d62d0ee87cd46df79aaaa7a41c500c,405,0.004337188636261366,stitched_market_reference
1760789591,23604459,0x1a672277bf9da3cf74997adaf74fe67a7810302790c96d04b25f5f4189290e39,111,0.004359589684060191,stitched_market_reference
1760790767,23604556,0x5493e5ecc85fd634e78a49975b6400e5415e91fb109295a0e6bb659b482832b4,81,0.004336475176806111,stitched_market_reference
1760792495,23604697,0xa5b50aa44fdac3d010830a8f41cc4002dd76c9c6e1db1cbe01444d1c21b581d1,148,0.004341085393298978,stitched_market_reference
1760792699,23604714,0x1870d6ae8d3daca04fb149c76e99d926f849829d4d4915d4a92b3281195643ce,20,0.004317271745323025,stitched_market_reference
1760794763,23604882,0xcb694f65b1086c1b39b149f7c69ec716f1c0923823e10984bfcd6c0d7f6f267e,367,0.004339853701572241,stitched_market_reference
1760794847,23604889,0x2b745253cbc9200872e819c2303856c93c96b9d76c449e1ae78f50c9da107beb,116,0.004317808186418987,stitched_market_reference
1760795603,23604950,0xc58b6603c5c9e4f57a57344cf01d3dd235765d04020d6952826056a5b8ad194c,141,0.00433985322475557,stitched_market_reference
1760796563,23605030,0xb039d5d800c45cbf9a667089fd2eb08c689d2ceb388ac0691794573721aeaf35,203,0.004317660476906605,stitched_market_reference
1760797283,23605089,0x9d1e1080f7441f173306580d1dda35e758796c6f0b12e999255180edafe171a6,29,0.004340068269074438,stitched_market_reference
1760798387,23605181,0xaf2ae55594bb11090a83905ac4962df112eb19b905261254b01fc4433ea7c503,607,0.004319627633035561,stitched_market_reference
1760798459,23605187,0xaf6b2cde09ea76ee16305bb5339577722b1303a3ebbf584c43a1403e7891f1aa,322,0.004343218657252725,stitched_market_reference
1760801483,23605437,0x6e2aaf539673187d3cc5ab146b082334a3c998c09304b93aefd66381204a6ef3,268,0.004319985309964684,stitched_market_reference
1760802023,23605482,0x70e62903a39fe1370dbe7c4e81f115dc8fdbe64635fe72768ed6d77f6e459350,346,0.004326803303840844,stitched_market_reference
1760805095,23605737,0x9ba882f553ca0235ffb64abe750b964b732f1b8462c49a3768c4aaa0a2887992,199,0.004308381095137549,stitched_market_reference
1760805707,23605788,0xc7d8574f171f26fecb2015db835b8b522f95d34712656615f943ac0b5ac96c9f,183,0.004323761237091891,stitched_market_reference
1760807711,23605955,0x0defcd142ba25c14ed9eb64d0edc80b0e1c307528a31ca5043d7024cd3fa9f15,198,0.004346358553760528,stitched_market_reference
1760807987,23605978,0x498e63fd4f8560e522944949f1bf1a66619013c9bdd484d17c202b75e2bc3af2,223,0.004324128913038716,stitched_market_reference
1760808371,23606009,0x10e224d5c1d5ccc9536dd5272f38981755c300c809820955e20cec6ec2302433,581,0.004346118435801036,stitched_market_reference
1760810411,23606176,0xfdf572e9a2686cd71df5ea55886c1993e92d63f5e05c4c312dd0c63d9311fc19,963,0.004324470881623676,stitched_market_reference
1760812007,23606309,0xf69d3367fed72dbe9a91e14782e77daa0e5ed121496d700838f5e875235bea0a,122,0.004319570601658886,stitched_market_reference
1760814023,23606477,0x78c3080c2e1d1231ebcee4d51354056656c069e09ac2273045ee62aaceeb8efb,80,0.0043273386381458,stitched_market_reference
1760815691,23606615,0x03ec1c035e4588c2a054db835bacf180015b8b15e0e2667fec7eba67ac463257,38,0.004331040865909938,stitched_market_reference
1760817659,23606777,0xd7baed7ceacf3d570c4c2f37b735d030953156398092a8d8a5e25a21e738607a,65,0.004326278110179053,stitched_market_reference
1760819303,23606913,0x21f658b0c97104fa22e7ab3a410b7399352f4295acbdef74b0c8a8f427f3a20c,296,0.004343469401580791,stitched_market_reference
1760821283,23607076,0x4ab138ffeed7abfef357074dabd0bdfd67c1a67009737ed39095ef59079314e1,235,0.004349956394269692,stitched_market_reference
1760821547,23607098,0xf279e82f3d99ceee63c07995fbdc8b3a6903597667b4f85c7e6831355c0170e2,183,0.004327338228004966,stitched_market_reference
1760824919,23607377,0xfa67c90ba937591336e26929ab9a96f779ce00397cbf96e195bce66d6e277526,46,0.004321131289471724,stitched_market_reference
1760825159,23607397,0x4c2d8648c898d6a4e8d34f6aca9f0ba46ed5605d044bd1402de6b9469d2cd3c5,213,0.004334257796749032,stitched_market_reference
1760828555,23607677,0x41dcaa38d298edcb0c532f4a0807ed5b0d600fe03a8dae0d0118098aa54d9fd2,200,0.004345351046819116,stitched_market_reference
1760828795,23607697,0x1af65c80b4656ba20b78d899d7c753548fea37a1f2c61317d522f1dd3f63ca67,114,0.004334431092240071,stitched_market_reference
1760832179,23607978,0x90052c71b43d70832b0145d5b387efeac3fa927965505b987ab5c5554a902024,509,0.004328214272151253,stitched_market_reference
1760832431,23607999,0xde52d9884cc885d556732a8891711fd86545c5c5306201d158e7ecad83aa0279,43,0.004317598593537985,stitched_market_reference
1760834267,23608151,0x4bfbf3299f134e3cb2e7ebfa8f689446d96e6543cab7c2bdfb24466bd92bfcae,28,0.004294608806539813,stitched_market_reference
1760834651,23608183,0x471807b3b143ffedd21578a57cdfd445b5869a411ae2aad109a8031e6500ef91,64,0.004317331806560951,stitched_market_reference
1760837891,23608449,0x76e69e53cd7317280cfda1658f27ee430f3fe1b9dae9d7d56f52cf7f61c6363e,147,0.004318443640728037,stitched_market_reference
1760838275,23608481,0x08338c96e947183d61f14ce80bd9d1f2c97e5c5a1ac100105f4c4726f6481921,108,0.004318850272899878,stitched_market_reference
1760841503,23608750,0x3985792a6768d03eef8e64b587cccf325dc91d3278fe9da6c37074d64dcc97f1,129,0.00431217257782831,stitched_market_reference
1760841911,23608784,0xa0910c7188a64d6ad19b97fb86178fec3e480ab3dc2978ec9b1c0dc69e20964f,146,0.004310408035510961,stitched_market_reference
1760844035,23608959,0x5d955ca88ecdf28f5d43238dd8dff4e8a80658fd1245208b4b3d4ea28617c1fe,330,0.004332896588703451,stitched_market_reference
1760844635,23609007,0xc7ccbcc18387ac737d866941f40dfc73ea01142ed9d872dfac8da71c6099bec9,170,0.00431097503239922,stitched_market_reference
1760845199,23609054,0x74df43d4b02e1ad86356787561f9c4f87507b9430e595b7dbe7f66a21b0e7249,679,0.004334876691171958,stitched_market_reference
1760847479,23609244,0x6f2f230d0119e87a78cc76fa9122a65387bc5f3043aac3ee5555b546d619019d,29,0.004312319617086961,stitched_market_reference
1760848271,23609308,0xf7761197c40357d5a9f2a3eb507c4275c662c21385cfce26f85b2a45074d91c2,134,0.004296135976641724,stitched_market_reference
1760849219,23609387,0x7823348096d71ffaf18b6ba97ab569ce505e9fae642749b5311717fa51859fb6,201,0.00431785664139916,stitched_market_reference
1760851895,23609609,0x9780301a9e84d03029cfc4c537b87297bf2e2872314d04272e937e81646c4dd8,265,0.004312907599797135,stitched_market_reference
1760852735,23609679,0x8f85c7494bb867405b402e962b21a67f9c6792c14123b21695ec9d37ff6cbe34,124,0.00429107700717886,stitched_market_reference
1760854031,23609787,0x93f78da42171e07ade80a93094ffa76a26b151939aa86eaf1c8190a60bf71da4,111,0.004313171910445574,stitched_market_reference
1760854211,23609802,0xe6d90a6c63bc1292e6d2dddfe2cd64b17885dc6b68c05d035f85f849c716d3c9,40,0.004290460909121795,stitched_market_reference
1760854691,23609842,0xc3a3d497274bdb0da2519ce6a76071ed3b38471258f944053f9a5e413a27d76f,97,0.004312547213259853,stitched_market_reference
1760855843,23609936,0xa45c1f0ac83bbc59f866d0244bd79934c5de5477eea1bd8c0a0bb03f9064d747,589,0.004289531116483246,stitched_market_reference
1760858327,23610143,0x3d5761237443962d05a0951317cb7bd9259f74019c712b3eace1d41c3539af6b,51,0.004286375162616187,stitched_market_reference
1760859287,23610222,0x5f5c4e01913d461dadf706e30f6dcc9f35e4164c2d5bfacc90096f9291cccdd6,141,0.00430828872305306,stitched_market_reference
1760861423,23610400,0xf45e2930bf28710034e049e312b296280c5804481b3f65f9eec74e252604a386,182,0.0043300455480851,stitched_market_reference
1760861975,23610446,0xa74ac88d8bf2e9516884fb5df347e7f5432cb6770877017da0eee1831bb23c14,376,0.004303971935237521,stitched_market_reference
1760861999,23610448,0x16f7c02b7bc4cf35358351a7c0dbcfe64d8b3792530e253c2a922e87280e7ae6,1287,0.004272068761469376,stitched_market_reference
1760861999,23610448,0xc8f462a9eb39efe8cba201584583eada6e2fe2f02081bdf12a5f3df19e1647f3,1479,0.004302941606436084,stitched_market_reference
1760862107,23610457,0xf5a44c9ab4792cc3c5fbb2c9da90545385f799871ccfab2fc3827eef2055c3e7,189,0.004281407545986003,stitched_market_reference
1760862107,23610457,0x899bef305b353ba53acd2f33fa97055233c33d4011fd2e14a18b61b992ef6610,557,0.004325552156902661,stitched_market_reference
1760862371,23610479,0x2e96e6e8fd6e72860c1ce6a6b72e9a2d2e85ecb8792da7eb8d8501e21ff8ee39,494,0.004404262448600045,stitched_market_reference
1760862383,23610480,0x3f9da2a86e05474b062af94f74c4efa9527d4b5ef5c41d1a34d799026578cf5d,797,0.004381486906872848,stitched_market_reference
1760862419,23610483,0xa3d84c6e72a5ca2e60d879d50fda0849130555573ed741f9e1f16b566ca19e64,762,0.004347459140470042,stitched_market_reference
1760863403,23610565,0x69d387fc4d1c57a0e930afa35c6b72763e188cab0acd2f95f7d1c26c7267516b,172,0.004321747962805462,stitched_market_reference
1760863559,23610578,0xfdc32b6d0e97b2b1d2dab9cdfeaad203beb123b0e0ea6081e3a06fdbc63ea4d8,239,0.00429606093087001,stitched_market_reference
1760864063,23610620,0x06c13eb38b5aebcfda9bd49da60e5ae80f74cdbc8f25999c3238bf494c563063,276,0.00431823503221854,stitched_market_reference
1760864543,23610660,0x0a754e3f52acafd2f1b7d7ad4ea8e7410b751d247fdabb6eb2fd67bd13f68efc,128,0.004296307532487678,stitched_market_reference
1760866031,23610784,0xa8ed3d4a9c3322d40e10330779c9de938f583861e1c57f3b8a9e15506084436c,514,0.00430206781725863,stitched_market_reference
1760866895,23610855,0xfbb82a87c93f7ba3cc89dad0461e3b344bcc835b8994445b5c611604b9a3a002,542,0.004327690291332273,stitched_market_reference
1760866931,23610858,0x50f97d8704a5d13a7bb6eee80cc491925a1652bba58a46d9b944319e9c605edd,376,0.004304798306613742,stitched_market_reference
1760866967,23610861,0xaf3cefa4bf76264d9cc8534f7b2ed7b04b63159e149a77a166071cd6969f9a5f,356,0.004282632991493447,stitched_market_reference
1760867087,23610871,0x9125f5128304ebe116b3743ea3df65af2bd8f9496a4a7eb03601156f53deed9a,185,0.004305094695695479,stitched_market_reference
1760867411,23610898,0x3df7d341fbece35744b9424cc844958c63a0a5598d05bcaa85bf87a7f669dd30,188,0.004332504656770459,stitched_market_reference
1760867447,23610901,0xe52aa5db4bb2d4fd70ec97f0f34cd781a46bda02e84c6bc0e4d5f910736fa6b1,470,0.004304746738631726,stitched_market_reference
1760867495,23610905,0x2b7a65e9464f6e2c8c9d8451ad111cc767d7e1258031c1739d57195609926211,277,0.004328364406615519,stitched_market_reference
1760867855,23610934,0xeb05021a229dfa27db415b689c5193f54ca14635e2764623c6f1d3c3dbf4a425,105,0.004301371531840331,stitched_market_reference
1760868347,23610974,0x8f2709ee4cf026ab6b4c8773d903510d46b2c380cf307c7255232049b27e97ea,121,0.00432416291101697,stitched_market_reference
1760869391,23611061,0x414665e98a4a04220d5f54f709318b024113596f0d38748f1c23f4fbb07ff73e,335,0.004346465727882305,stitched_market_reference
1760869487,23611069,0x106245f416911bf5b8bb4713f41a2e8e4b0769b864ba64d4bf81462ae7b23ba1,531,0.004324609143700022,stitched_market_reference
1760869583,23611077,0x75fab8809e50d8941e09a62567ae4e02b3f85dcc963e4498bf58d113ab7d03ff,237,0.004350072485395436,stitched_market_reference
1760869727,23611089,0xdb18441288cf41b81fe5aa59d5758c11681ab4437fe9fd30a9b3e93528bd0ed1,920,0.004327347211941146,stitched_market_reference
1760869727,23611089,0x5efb6e3e7617ee0eb8d4b9c3017b7304c65c45ceac4d3926c44d985b572ccba8,1086,0.00435006717908677,stitched_market_reference
1760870027,23611114,0x4b7dc50b85dc9bcc7ccb55523abf330a0e91cf705163e35fcc1a98cbbbb825cd,355,0.004327437018972388,stitched_market_reference
1760870147,23611124,0xfba84af159cd7faf2f4dc5955359ea090a00ec91ac7f695c006575ad878d231b,419,0.004353723419328801,stitched_market_reference
1760871719,23611255,0x23d142b2a9eb6c01fd86a706d08891ea5813505c5d3b5b2e86306dd29563e3e4,621,0.004380463892707522,stitched_market_reference
1760871719,23611255,0x67da9e773fef60c3072d7f2f43f46e13fd75fef1442f4e01e92df761a27012ec,770,0.004354534875171453,stitched_market_reference
1760872271,23611301,0x5ecee81aefab275a60d083c5f559ccb0fa59259141f8a8c2dd1f2c4adfd2607d,301,0.004378448239317886,stitched_market_reference
1760873027,23611364,0x15bd176c04252cc25dfef0dbcbd20d9b51de4824f18c89ee81749838571fa7a1,340,0.004355179818011718,stitched_market_reference
1760874287,23611469,0xbb90af88d22802c6f38fbf685551942a7a1c29813f0f131a75ba14d0db2787ed,182,0.00437743988130159,stitched_market_reference
1760876027,23611610,0x340f68e583f65ad027a534addaca675e7cb36a57ad60c3200711cf3eb400adb6,345,0.004354217272428115,stitched_market_reference
1760877923,23611767,0xe7ce5d29080212abb6afbd9f07f246dd29e5be4b22de9d4c44674c19cf95db45,76,0.00436276491648303,stitched_market_reference
1760879123,23611865,0xdfe94ebdcfd632a32660dd224f47b37764bb391da7596ec747a9eba813a3f434,89,0.004384706970588886,stitched_market_reference
1760879543,23611899,0xdfdb3984f1308194fc7229e451fb4d4ca98fd3f16128255395b57216373e79d4,52,0.004361841961652168,stitched_market_reference
1760880227,23611956,0xb36b7f40b7e3615712f3ea840cbceafe68511937e971ccf36405bebc91d79d4a,191,0.004384425650549285,stitched_market_reference
1760880659,23611991,0x9b8ae36aa851f270c28ce7a0db7a49b7d448ffb3279ff0bfd0c1513b00c785c1,97,0.004359912335836434,stitched_market_reference
1760880707,23611995,0xefef79141bc34eaebceef11fb61a97e7a042d7f887e3de616d10ec410b17d734,125,0.004381966644954088,stitched_market_reference
1760882003,23612102,0x52d4d1b378f234183bdd4fe9e11ffa49a83674dfc33140dec652ea8002500acd,412,0.004357213619570906,stitched_market_reference
1760882063,23612107,0x4e4a0eff44155182e175f23cdbc3afdaa8dec0c5afcb6766454d318cdb76c94d,1005,0.004380299828900751,stitched_market_reference
1760882279,23612125,0x12368a927f72f81cef0c0925505fba055bc30e231174c5903dd5a6b079ae3bab,872,0.004354758746144321,stitched_market_reference
1760882579,23612150,0xbe3363a439e32a5501edd423eb439507281628522913d962a14098fb8b0ed7af,35,0.00437755621254064,stitched_market_reference
1760883515,23612228,0x876ac2b09c3672dece8623680b3c0a755249405d76ab8a8ba511ce014d6da24c,179,0.004353346619452605,stitched_market_reference
1760883563,23612232,0xaea4eb416c76af06cdadcaf31579f8260ea7251cd7c4720315861ca9108d59dc,432,0.004375208904239441,stitched_market_reference
1760885843,23612420,0xf4473858ad555477add1975d1ef0f727d0bb9267b0231ea226d3c79a8e6f3a29,252,0.004398208063686207,stitched_market_reference
1760886647,23612487,0x16d580cad68a0420cdbe14cd65ff217033f90cc9bc2f9eb5c3116f2bbced78e8,235,0.004373482703412179,stitched_market_reference
1760887139,23612525,0x1460bbcdc36e6646f8248534a61336500b9fd0a8904bc3947356620db9c85059,216,0.004378395891894064,stitched_market_reference
1760890259,23612785,0x9df5683ba5399122c59a18435562537978f2f761ed3fe8abf126315f8b4f4457,375,0.004377257963631431,stitched_market_reference
1760890751,23612826,0xf6e98749c548a1369ff5cdb1c373c33e375d0911408604b1bed971861395d040,142,0.004387181539685964,stitched_market_reference
1760890883,23612837,0x87b7739aebb05559013e5685e214bf624ebfe43f55ca7643cfe96758027d9707,543,0.004364303351234734,stitched_market_reference
1760892155,23612942,0xdb6032e44bf8abb320681598a7a237e2a391864acfc09a4e92284c950d65f030,344,0.004386343151135919,stitched_market_reference
1760893547,23613057,0x22f18f83261df373bcd059771a33e9f323b7e5065b2290e843ac888216a3fef2,979,0.004352543496854611,stitched_market_reference
1760893571,23613059,0x35ee55c7e8d7266aadc26207372e4f63d6e08f3e5fe37228bba5537481db4674,398,0.004379187604359523,stitched_market_reference
1760893703,23613070,0xd8bf86d9130f4b1e958b691e08d1c1cb5b1a9ccda7eb526cbd9b2a524247f551,389,0.004356550214909429,stitched_market_reference
1760893799,23613078,0x064e8991f49da07fb9f9e901c8ae137a21d55561d9341f17549d1a2d21f71538,402,0.004381672725073514,stitched_market_reference
1760894447,23613132,0x247e4d36d2d82aee853d5d47944b928ec5c5419a18fd7c19798413aa75bb75f2,281,0.004404516883563489,stitched_market_reference
1760894903,23613170,0x5d618bfe3cd9348b4c40ede1a6ff9871a88f3cae68c5fcf5177aaddb251a27fe,218,0.004380315270691483,stitched_market_reference
1760895539,23613223,0x17a02cc0e5cb0d8b63a437ada9a13f92a936ffcaffb418027977f5a94d86277e,93,0.004358130134317935,stitched_market_reference
1760898083,23613433,0xc739e4c350a4be861dd0132c3740769ffd325de2fb9fc50aa809465499eda4ec,296,0.004371236843664791,stitched_market_reference
1760899175,23613524,0x16837d37baa1c6461918ed4e482153aae959e1cc3dc5b1dd20e1d9137ae72ca0,174,0.004388226436652745,stitched_market_reference
1760901707,23613734,0xd7a84afdf7aaee298e4284677943dfc2256c8125d5df1564c688f465b5a3d96a,241,0.00438944976008668,stitched_market_reference
1760902799,23613824,0x1edb0653afe7d650fd5a56382009f8faba1844db668b2834c8f4c4d8f9db8cf1,201,0.004381556671179352,stitched_market_reference
1760905343,23614035,0xc544d40dfe8f7d2b39479b8e563547499d9b1d867a51f42baac42d4c0338d32b,258,0.00438943471046347,stitched_market_reference
1760906411,23614123,0x4deef856111d8368c0afb10698fe7ba7d119bc8a0a03804a0ca7d1119dcf3e13,230,0.004378077253961671,stitched_market_reference
1760907215,23614189,0xd33f9c419cd9e37c87e0c5be0f70d760f8ae67b0dc1166cb30b520f2a0792183,107,0.004402355972966393,stitched_market_reference
1760907527,23614214,0x0dc46a6d4785e337b7bc2f1cc76ecaa2838662b6ffbd56f77f59d48f11806048,240,0.004378928063310844,stitched_market_reference
1760908571,23614301,0x7a495472cf715dbfba6eff12f80918fd34f865e6acb77ec4627638d2fb56b8bc,38,0.004356879527954082,stitched_market_reference
1760911139,23614514,0xb32c36ed515659dc34dbeee994081d58d878e9bb099c6765c7e6d950ece1298b,63,0.00436487483966621,stitched_market_reference
1760912195,23614601,0x6cb493a6bbeb22fb0c51dee05f854bef7ba17f5cc9bbf9538b0b1c52b3c015e5,374,0.004371464420800484,stitched_market_reference
1760912963,23614665,0xd196fb7ce1803ad0b17b8b093d7b44f692e35b648ba3be553642866024e7e907,311,0.004346302235167517,stitched_market_reference
1760915291,23614858,0x621ddcafa7cd386e3e45ba6e7b45c16c35351292b65b3b8cad4d3c74e319b8f2,163,0.004324504534634773,stitched_market_reference
1760916203,23614933,0x201d3a7c9e4d989f9b0f0371b469a7b84e91b30b0830182fa7fd21867d7b1d7d,279,0.004347582153056169,stitched_market_reference
1760917487,23615040,0x55165e8e887f4d8c0fe8bf68ef5434e9a944bf62504c4d2bd850321184cd1024,682,0.004369470459291978,stitched_market_reference
1760917523,23615043,0x067f94dcf5dcc9a7a43a703a1326afa6812338472acee6ab4550dab5ef1f8079,174,0.004346459860333329,stitched_market_reference
1760917583,23615048,0x552b5b85bd4970f456fd051a4b3f8fbfa969ec229e87117823de6dad7b54b578,130,0.004344571450009963,stitched_market_reference
1760918963,23615163,0xaa53ebe460c2810e45796223d619dadcc239871058fd1325823df410b65d05e2,35,0.004322281944981841,stitched_market_reference
1760919311,23615192,0x42fe709e207cf4975c5d172f2691206230b70b178877aed5f05db609cebd3524,243,0.004344530297664639,stitched_market_reference
1760919683,23615223,0xd6bd56e168db85c834d25b64dc3e491296881c317353f1cd5c1e682f56c25fe3,533,0.004314809268309975,stitched_market_reference
1760919731,23615227,0x9796b348ca6f3ea54113733ddc3a78772b95855d8f920bf82f0840ca62ea2096,696,0.004337206784275678,stitched_market_reference
1760919887,23615240,0xaf4a76c7a3fed1dc8161fddaa9d44b384f9f0e7de08934f4d59e22411978086f,164,0.004314329344176525,stitched_market_reference
1760920247,23615269,0xf0d01d6bd92202fedceaa587db676769d2a1063699a9019a4ea76784ca02c829,685,0.004336621863113017,stitched_market_reference
1760920787,23615314,0x2d148fd3691025e8286020ed64bf1a65efad7ec63aca3dfdb3c84fe73b8a656c,33,0.004358458088892292,stitched_market_reference
1760920847,23615319,0xc7273ac373133bd1eec6489f1d1f8a869c220943a447dddb34b990be4dba1f30,788,0.004333795376129867,stitched_market_reference
1760921987,23615414,0x90a2be33001427cb9ff13c2b6f1a01fb430294354c0f6bad285a9ab7e4d99eca,412,0.004356162488541988,stitched_market_reference
1760924471,23615618,0xd242876a02122f8a2841fb43ba5f50582c1f82834d6f3c6be8533abd2a030b3c,407,0.004355153343687466,stitched_market_reference
1760925599,23615712,0x486a6e19064ca61032c89b05cbd632fe70192f529b6c0e34d13378ac698096ce,62,0.004343385473059904,stitched_market_reference
1760926259,23615766,0xe9131f0a99d23c9dc14e0cbabed925f57ee62a96da0332447b47ee19cce85c0b,308,0.004321072997766356,stitched_market_reference
1760926643,23615797,0x9224bf829a88d6b5eb3ce3a20e624ce5ef45c8adca0533ae2499689e08278a48,124,0.004344606190994855,stitched_market_reference
1760927783,23615889,0xa2b5ceeaa0beaa714750890e7bc49207a30e15704dd741f63cb1d36ce3ca067d,295,0.004321076014456097,stitched_market_reference
1760927939,23615901,0x9a8ca9dee56bcdb98db3f5d37232f7e4958160e26754901f3270305aabf738ee,183,0.004346023140871525,stitched_market_reference
1760931395,23616186,0x4d8ef60fed27fb4f728a3effcbddc6c6ceb0e3ce99647b6e95b5bcfc4e5f947a,147,0.004348087454670343,stitched_market_reference
1760931575,23616201,0xb0a7502393fb6295394dd5d29ca692b8ad72a1119241a1e30aa062f258784a82,193,0.004355409759891713,stitched_market_reference
1760931803,23616220,0x7c1d6abe904931e38b3b569f1505a27b90d049621a45dcb351ad4a97c601a825,166,0.004328577281972282,stitched_market_reference
1760931803,23616220,0x8fb08b49e009682c2331c1417104482e5ca6b5da215333bedfa649f46d88ca8a,281,0.004356833204659681,stitched_market_reference
1760932271,23616259,0x1f63f082e014ba9c29dfee9e20c2c84a52f4d8676253143a52229db8aa6d60e9,803,0.004380755425112327,stitched_market_reference
1760932283,23616260,0x5045dc5b94116679bfe9ac37da2d0cd422bcdd88ddcd6c73803d0b86deb86a8e,1034,0.004356049722523216,stitched_market_reference
1760932319,23616263,0x644e9f016b06b9988d56658c9c31d338492ebef5a939d59c19c7b5fa1d674f34,1029,0.004388879565374347,stitched_market_reference
1760932511,23616278,0x18766bfca60f55df5fe34a97844121a080ce899e30527290e868b2132aecd825,789,0.004363328032075504,stitched_market_reference
1760932511,23616278,0x39d40994972105792aad5acdbbb209a764a621e5c4eac9c8428ab6d2653f5c02,1016,0.004386861150877436,stitched_market_reference
1760933351,23616347,0x472198e1d3c6c9b831b325244ea06081b16397197ee67f327ee1d56eab27677d,344,0.004364541604122575,stitched_market_reference
1760933699,23616376,0x53bb9b1d28d2bd69e90db58a1e655278d48ad51e0d2018164992eee544c8a90e,197,0.004386589876168902,stitched_market_reference
1760936123,23616577,0x598e8750fd01352c6bf8c4df17b139fa152e53fb949b6d7143d50f5eaff3826a,69,0.004370097147165559,stitched_market_reference
1760936291,23616591,0x6032bd1b2659634cb04829e9b44af76f3ef362229b28df4a53965a97d6766de7,492,0.004392538629818529,stitched_market_reference
1760939603,23616862,0xb423529f5627968499d5c1f45ef2f3e6b1f253e54e4864c25d44a7144d4514ea,700,0.004368435901949524,stitched_market_reference
1760939927,23616889,0xd798c692bfdd22827faffdd48ab4530009641c3fdab6443a6ba208ee75de17b0,61,0.004370968296615621,stitched_market_reference
1760940347,23616922,0x3510ec88a7fc7c6420afb6e4b04fa989a50d411d2816ae05d7a4db1feb01c5f8,202,0.004397579057503385,stitched_market_reference
1760941043,23616978,0x5fe543936d38465f08c33818cfd18ca95a0ad9e98ad4b4ddd1a56914c9ade8d4,365,0.004424215009988512,stitched_market_reference
1760941223,23616993,0x3aaa6bf890767d585243d1f8bfc1621bffa42e82c7aebc3309e5d08bf8018b11,97,0.004463745547560927,stitched_market_reference
1760941295,23616999,0xb10c338c9f44a7e6f009920e36b4187900a4e548be7ea546b6ec945fb6a0c09e,563,0.004488666743313232,stitched_market_reference
1760941463,23617013,0x7e3dbca26b3f49b0071147a1cb7154f0003804b046c27167aba428d1abbe82a2,174,0.004531677806844312,stitched_market_reference
1760941547,23617020,0x32437719534c4573312c0283dcc3431948ae8c7a8e07e452dfcc8449cdd89bab,64,0.004497393340760528,stitched_market_reference
1760941703,23617033,0x0ad773fd7fd36666af5bdc962554cdd0bd09479c9ab6c7d16954636fad26f38e,327,0.004530659865230362,stitched_market_reference
1760942027,23617060,0xc649b5f63ba108a6a4d1cf4b7f00e5838553f19a0f3fc4fe0b71b45a878c8ae2,342,0.004557561821613058,stitched_market_reference
1760942135,23617069,0x296c577f38ba8201886b6580bc70206abe5f8f44d0130173562553710cac7d74,307,0.00458454931094172,stitched_market_reference
1760942447,23617095,0x814facf5c0d48fba6476cacea89200b0e6e42b8c5f292e18904e8f6f17024147,487,0.004609180343641608,stitched_market_reference
1760942651,23617112,0x25667085f3fe00fc6a2bd0a923e3085a3b2f2420200a210458aac5853381f944,276,0.004636158528696653,stitched_market_reference
1760942783,23617123,0xc9c8976631abfff12009e3b111d09455253429cdf2f2e63c3122bb98b7cd8f80,246,0.004607127230914691,stitched_market_reference
1760943215,23617159,0x2b61ff3252c609299d699eebb4004b25e16b70f05e3c2c5931c268c48573ef34,81,0.004593406516373365,stitched_market_reference
1760943263,23617163,0xe64d3a593e36e4e1ee28acd77c3beab56bd60c725eae29c0b9800cf14e5681c6,282,0.004617371177862914,stitched_market_reference
1760943575,23617189,0x2110b956cce72bf11bdb8452a21694896613388265f09376874bea5da1d2a35a,1655,0.004589630682738801,stitched_market_reference
1760943683,23617198,0xa41665f8955bc24602af6034ed00abc5614af83eae69280a7ed3aef17d4a5a20,452,0.004554535629563766,stitched_market_reference
1760943923,23617218,0x0f211b859cbb12798ec95aea9c36764c420e0fda65af3fae79fdbdf57af78e76,1327,0.0045807820562248,stitched_market_reference
1760944259,23617246,0xd8e404089e22870f86f34cbe336af1be7cf350b3c7557a39c41d9eae5218ae91,3401,0.004612246571022693,stitched_market_reference
1760944919,23617299,0x469ab56504a5c71d2db39b84b1fcb91f11040359e0079d1d5b0d7055cf8d473a,39,0.004644415884113136,stitched_market_reference
1760945063,23617311,0x065039f98a4bb10ce9610cab6bfa8efb3d29b4f4258be75ab1092ad2c77d2cba,204,0.004619924267216256,stitched_market_reference
1760945363,23617336,0xc3b757df60790a20f33bf2de267b7b3b17b06c890bb7b56de32588825f36809d,56,0.004643933539543239,stitched_market_reference
1760945663,23617361,0x3065a5a098ccad7fef51e89de2f66a33f839bb5e6be8854e276d8debd2933afc,177,0.004619403355668122,stitched_market_reference
1760945927,23617383,0x07a6fc1ab275f95022d0270bb1e1e5b9d9c8b69473bcc935811889162f91b102,479,0.004590489974424851,stitched_market_reference
1760946227,23617408,0x5dc7f378f58a2c22617c02cf8338c21f1ca0f44874990468072c14cf1f77d876,27,0.004614185029608015,stitched_market_reference
1760946887,23617463,0x44d423d215987a2886d1742fd3b73fe817080d621172505276c91e614f4d813e,138,0.004589364015274159,stitched_market_reference
1760947823,23617541,0x7705ae0a3b3e53dace685c9e303a2d92f036eeda9dd79211990c12ed9b36331f,680,0.004612423608200557,stitched_market_reference
1760948447,23617593,0xdae24ff749f3e30f48acb87ca54d79d506a900e6483c01ce9b3a0cfdd1be56b5,218,0.00458742620537331,stitched_market_reference
1760948567,23617603,0xb0576178e6ea0e4b665783bc180b0bf33f4459a67282e3ce137e6125e39dc5af,47,0.004613836500425556,stitched_market_reference
1760949023,23617641,0x52a6802673465855a187ca0ae4ddc7847b12b3f6be3549a7dd6feeee5e9e1401,195,0.004637280585110486,stitched_market_reference
1760949167,23617653,0x1e80583335bd031380e251f84627a643c59b7a25c1245cc950f844791603d222,195,0.004604013613071488,stitched_market_reference
1760949323,23617666,0x61aecbfeb8ef42a1c31ab1877d1592dc96f71540a68c68ea8b447e08224c31a7,374,0.004631068957868456,stitched_market_reference
1760949587,23617688,0x55bf30b999a79e9cd1c7b90c7263e9e52d8b0b513c010f2cecdb66d23bc13c8a,72,0.004601328594446425,stitched_market_reference
1760949815,23617705,0x4ccc3bab307a854ff07d7367f09d45788c565e95d2f6129e360be877435315b6,360,0.004625020033997345,stitched_market_reference
1760952083,23617892,0x3516333f6472493a0d4f70579eca49ae990f2e333ec8d3e33628fffd5d77ad11,75,0.004648488720535089,stitched_market_reference
1760953439,23618004,0xb742c2d5468e24c3514397a1300d549bb8bf7c4dd6544a1a6ea66d3791da55d9,55,0.004652356754074314,stitched_market_reference
1760953763,23618031,0x3bbe58391bc04b538cece9aff01898c87d0b87e764c0438a6e2e631d252b1702,501,0.004678823962155086,stitched_market_reference
1760954903,23618123,0x46de2e0cb0f86344a1e7c13eeb6dda325211209eab83cc4c963385bb06015653,221,0.004654559199558956,stitched_market_reference
1760956355,23618243,0xda50d0a32dccdf44b028c101157cc7a5a2d7444d9efe938a3e652e643ec46bf3,18,0.004679790810976265,stitched_market_reference
1760956859,23618284,0x20d86a573e3d754c9498ce2c0d46bd4ed21524a28417fa17938e35a31086fc08,113,0.004654894327623351,stitched_market_reference
1760957063,23618301,0xf2f317b7e7f519fef32cb09afd0ef13bd3c44ae9c815bb542df4b716adb18456,113,0.004656476436038282,stitched_market_reference
1760957579,23618342,0xd1db634f9aec482f43f9fe639ed7116af331bffccdbe40100ddea546224d08b3,97,0.004680643798509411,stitched_market_reference
1760959475,23618497,0x0795ac758414c58ef3deb307dfc6af834d7eeabec95769117353e2a529ac76a2,101,0.004704704373759547,stitched_market_reference
1760961047,23618626,0x19d25e498ee03c39fa81e32eb99b28c427563826c5e5893c5b052803301e0df0,141,0.004681194468261614,stitched_market_reference
1760961575,23618669,0xe1a2d21fc56c7f00aeca00093941a77a901b6df0a4bc137ef4d566f63f7e08da,93,0.0047091268426388,stitched_market_reference
1760961779,23618686,0x9b718b51e7b860f620143cb30500e2d9f179bedea9369b8cd55aa1ae78e5db2c,555,0.004684426214787781,stitched_market_reference
1760962235,23618724,0x66b56b8223a546e41de2410b0f4ba08ee09c5ff88312e1a5ee524c403b203b0c,332,0.004709959187433519,stitched_market_reference
1760962955,23618784,0x2f79c37e9ca0ac42962d7b6b1f50109009152d252c89ffec160a0c3067fa4de4,414,0.004745445793301019,stitched_market_reference
1760964191,23618886,0x4acd2b4111aa6afbac613f52a011c645e2b54f76c9e6d01b4b4b1fbd05188aed,403,0.004718921901100637,stitched_market_reference
1760964671,23618926,0x144fd140fab3a3d7bb2439d167515d0b2a3e01938e67f7e111e91910cabe3a89,398,0.004727976709052932,stitched_market_reference
1760966051,23619040,0x69655bd144fcdfa192d8e84b7f0e5462a532e4cc1e89267d823d44ef85f0cc61,242,0.004703834475265306,stitched_market_reference
1760967095,23619127,0xde186c4cc8b1badb01fc3b9765b2f2d6a75889c732f11f2df73c1b179565a355,249,0.004735412459875272,stitched_market_reference
1760968031,23619205,0xf3f4250dbce1b9f9769aad851c258acd9ecb2b455b2e9cf1d9af143c489d1383,206,0.004711545998938276,stitched_market_reference
1760968307,23619228,0xdf8a7ad2155fc59937dd8ab40dc6f74c5fc35f06705180b30e4ea8598b850eef,227,0.004708544158661295,stitched_market_reference
1760969951,23619363,0xffa0789a9b8932cfa8392d5b2e95f9339e776c39fe2d15244d6d1ac1301b3056,148,0.004684426979857452,stitched_market_reference
1760970491,23619407,0x4933c19eba7f73e277e7ae485119cbfc4bf9be7b7391d4cad045bad5074bb1d5,504,0.004708340482181592,stitched_market_reference
1760971931,23619525,0xa0b0b88b2b1f542b0e623f8041e5603545abb0ee16bf2c4203e3527ee0ad5851,345,0.004702630076876238,stitched_market_reference
1760972891,23619605,0xddf628c322f0c49961cbef40d5c42678911d53f303362ea07656e598c9dfb791,163,0.004727398656718448,stitched_market_reference
1760973287,23619637,0xb36cb458fb9fa5fd331dcb331dba7cda5982aa22eb095a65739438a4bc7c956d,236,0.004690440153972074,stitched_market_reference
1760975555,23619826,0xd9d6945241a59c2a9e5cd43a444369524154c826e7c0ef4c68d366ea4fd34e7a,1461,0.004692111039554543,stitched_market_reference
1760975747,23619842,0xdbe16ae1b104a81c07fcd8fef12f732563a928570896eed639b088276faa4f07,118,0.004663428456780796,stitched_market_reference
1760975867,23619852,0x6b216f28ebcad13b21a79ea4d6152e8c959650bbe66717671c3cbb1d3e7c5cf0,633,0.004697169060503316,stitched_market_reference
1760976131,23619874,0x8c8c58a2cbba405f50540caa41067a0cdc6897470aead34d2ced6ba373f7ac07,171,0.004664809114292913,stitched_market_reference
1760976131,23619874,0x8730eb716d70cf5ba2a577f3730368f1e6b7926025f95ad8edd95430398a9d25,627,0.004707695145584378,stitched_market_reference
1760976167,23619877,0xb7fbf32b34444653fc280c0cdbe721af4f48072879aa99941426cfbfc28e0aba,397,0.004677726573863796,stitched_market_reference
1760976347,23619892,0x4ccd37ac384d5cd2550df585d3b756aa688a5194d687f13252ac43082ea02ce8,413,0.004704111150340819,stitched_market_reference
1760977955,23620024,0xbde099f3c04dbe8a736d0bb7350bd0a687f9d75ded042f250d7fa7f8c6d8544c,289,0.004729350715099354,stitched_market_reference
1760977967,23620025,0x127b8a7cca8520d239102662ed751624bdd5f6897170a346522d2efbe0d49691,320,0.004703098949500063,stitched_market_reference
1760978747,23620090,0x63b4e1c11a8f95189ed70ab6bcaae37c01255de23df276c6911bd5a5a4c4e2e9,451,0.004678458422984432,stitched_market_reference
1760978771,23620092,0xa34af7a16264dc79293de78f8b9c37b081aa7d7b1861c527b4b3ffa623644e4b,129,0.004703023072619348,stitched_market_reference
1760979347,23620139,0xd1693c1985dbd7711dd0758d1f032d5f41133014853ea8c1f435a87f7e63b68c,744,0.004729845130338925,stitched_market_reference
1760979563,23620156,0x198a06585fab82b3d65e00ba6f4b034d7ec52289249d245600e3335d2183816f,325,0.004700868490600871,stitched_market_reference
1760979695,23620167,0x115af2b1c3e936cc87a5c3b997c57c327820b545a4135872aabf1e7c920c7fd0,243,0.004728045436497398,stitched_market_reference
1760980715,23620250,0x3159caad06efb5d3ebc948de845ef515926f910cbceecd926a57a575b0f20264,507,0.004754071518351883,stitched_market_reference
1760981231,23620292,0x82fb54b1e338f3162826e58829ea3977f25493cbd3b9b16fb9f53d028e1478ce,611,0.004729583292236646,stitched_market_reference
1760981831,23620342,0x2af4fc861c020c3fb6992d226c61d9fa6d389b8e1d6e76ca710eedd211f59179,414,0.004755900117236871,stitched_market_reference
1760982035,23620359,0xee4be9c7b6c501d0a4d2eaa94e91ec05b722cdf3df550e1f92ccea421c47e483,271,0.004727743764956602,stitched_market_reference
1760982515,23620398,0x66f3c2766e42f7f43b3dea9e0c4ffcf5473fc59cbc37bf4a20a76a584dc76329,454,0.00470363835586481,stitched_market_reference
1760982527,23620399,0x7104ee57bfebe2888f5e127f95d2ade8f3e5220eaacd746d0ec886ea78152ae8,596,0.004741722592970124,stitched_market_reference
1760985371,23620635,0xe5865176d3f76e055a43385e577726ec174140cbb73909b431fe342970f0dfc4,300,0.004766285158592751,stitched_market_reference
1760986115,23620697,0xd4671a5e91c069790b446de7933de4dff7ed8c4b59949274f4f404820bc784c9,110,0.004745055888552216,stitched_market_reference
1760988983,23620932,0x53b1c0641f3ee1597b6fd4beb0b797af68c6cff370190d7940949e26ebd1624d,122,0.004742848318969528,stitched_market_reference
1760989727,23620994,0xef3de8a8050f76e48c8186e7bd364277f4eb317fbda4b8131aadd81a14cecaeb,84,0.004722974854204552,stitched_market_reference
1760992619,23621229,0xde5f397cf1901c68a718ac2aabd1845af6988fc13ca51825a932954e034fea52,45,0.004728783272088794,stitched_market_reference
1760993351,23621290,0x54ac38139a2ce477fe716d7a6da220db0e36f03e5d094a959601cd358208cf0d,89,0.004718864394900791,stitched_market_reference
1760996255,23621529,0x84e16db86a266859486720519e5a65a31c30ece9463d6a0e3d7709acfbe33df1,247,0.004711051860640329,stitched_market_reference
1760996963,23621588,0x014a2bbd5f3513da1b47c7d0d90e42e579d4bf7f318825350c539cbfcb1c7cf8,297,0.004735121232454972,stitched_market_reference
1760997155,23621604,0x334b418c7ddc0a0e26917d43794876597ae082e8102559d38f8343cb1eff83b6,26,0.004707747164713089,stitched_market_reference
1761000587,23621888,0x594dbdf92fe7de00aa9cdfab81fcfef953b608cd34a43d86d6a231112a3f849f,71,0.004692442606491065,stitched_market_reference
1761000791,23621905,0xc70eb8c2332b317dec8ea0f2fe2e54ad059b526e35edc9981b286e151263b8cf,146,0.00470430296920545,stitched_market_reference
1761003395,23622122,0xa5983a6bb9ebab3d3b45e6064f407fd57a0b37c0f526398149d5b8adfcb3f8f6,175,0.00467828938761834,stitched_market_reference
1761004223,23622191,0x77cae95120adc064716bc51373eaf383a750202fe64d2bd9a1392d7076a8f72b,400,0.004685356482953153,stitched_market_reference
1761005831,23622323,0x1779016dec676cbe24aa77e202f5232be508a7f0fbb33f3c913ef8282c45540c,241,0.004710501684593019,stitched_market_reference
1761006407,23622371,0x3d84f365d5733f3df806cb8dc5a7928c943f0514a78d7c07c35a8e9c2a7037b2,385,0.004736326875076067,stitched_market_reference
1761007391,23622453,0xd36103b37763dc079f8f56a82a9ba941cc38648b4a3102570c6827c051e2c972,160,0.004761360669009055,stitched_market_reference
1761007847,23622491,0xf894741f9aea003bcabb89c6ef546990c78834fad3197818c5b2c05336d5b00e,670,0.004766617470332834,stitched_market_reference
1761007871,23622493,0x482ae4d21a3e7fe309f538c89e23bf7d03c640001038aca44ef204f295f5f1fb,295,0.004739616924528008,stitched_market_reference
1761008867,23622576,0x6442614ff2d981c161640370af2813c3148a0c5e7dc3c37e1912130274f79162,557,0.004714344028597188,stitched_market_reference
1761009851,23622658,0x72eef0105a10c6cd86819859ec98a628fd8195f43aaa7aa01be51fd89759f01a,132,0.004739778623939487,stitched_market_reference
1761010607,23622721,0x45f80500a83a789f63c41e4b923a62c0f513bc719d008d34caf8cfcb8a0832af,255,0.004764021629257494,stitched_market_reference
1761011783,23622818,0x88b4a743845771072e3e83433523024829404cd7544d99150660be48552cf43f,1128,0.004734442046528553,stitched_market_reference
1761012167,23622850,0x2e9714f292b400501e4744741a4134c0693bb9003dabdd251ac7ca7a36259e8a,38,0.00470851953683721,stitched_market_reference
1761012287,23622860,0xfcde6415600381b0f41b03cbfe8a5b166c29c18477efdcbe210bedad5a3a1321,448,0.004732390719498708,stitched_market_reference
1761013367,23622948,0x997762a8216e2c4b0e386d3648e3cafe79ff67867469992788e3b57fba4772b4,76,0.004704578707302828,stitched_market_reference
1761015527,23623126,0x49c4e6f7be9656a3ff0cc1dde8bf1008626c85cd2ff3faab8386c3924e246cf2,384,0.004664415406094875,stitched_market_reference
1761015899,23623157,0xab814ecd2ecb2ced9a6826bc37c333b2dc327860091d676532d42cf1baf33ba8,237,0.004663491698265419,stitched_market_reference
1761018251,23623352,0x423ed81a7ebbfa23e0245cbf9befa15fad6c7be982b7cbc06f12434d3595a1ee,252,0.004639433551550119,stitched_market_reference
1761018767,23623394,0xa85f667b8597dd94c061c19fd2794e848da18a68407b20ec89bebd61c7f93fb7,233,0.004614487127473513,stitched_market_reference
1761019319,23623440,0xcf8be5e3ea869d102158e0400ea50d7e244be2057e774b23a1a61ad2bef8e06f,219,0.004639647795262291,stitched_market_reference
1761019427,23623448,0x76e8f7c6e681cbd4a852d6f3a490e40086c7415a536e63dd82dbac46a33b3c30,1370,0.004610142129874276,stitched_market_reference
1761019439,23623449,0xf7e0ddd4b2d7fc0c7047c68054de76d99a163c3b81ae19649a2ac4be23ac2e6c,1163,0.004634636970965941,stitched_market_reference
1761019907,23623488,0x98d7216c46f9ba5ce2830a45727abe915277e1f8f3f551d072409fd0ba599b86,467,0.004605695804947235,stitched_market_reference
1761019931,23623490,0xd2a4690629c3ea24da24dddb91269defa49f8383d1e6d9579143e3c8ef418240,964,0.004632835066055177,stitched_market_reference
1761021479,23623613,0x28c92a50205bbbc510197d6623105ecaa947be0cbf399635a89ffd8704914538,167,0.00460908782528381,stitched_market_reference
1761022043,23623659,0x8737e81019627c8671636968184525d6578bd5f79cba103a0821a78bf18659c4,833,0.004634238012602135,stitched_market_reference
1761022583,23623704,0x94aca59285ecbb6446069a0c4149fe2dbc7264638e7072b431e0d3f57df33cdf,263,0.004607507654917961,stitched_market_reference
1761023999,23623819,0xc6a4fbbb0c89a14a8937659a775ac66fe3d60cf8f988bc728db60e3c5ac9008e,96,0.004630808418434399,stitched_market_reference
1761024239,23623839,0x3894903c7e3e6f701a91d5fa4a56918db03787e475d8c8e196c0cce956325ec9,245,0.004607429530530133,stitched_market_reference
1761025583,23623948,0x0f2b718230f9c6cafb26809737934b11d38f455afec4db1f7d44a647beea60e2,288,0.004582462157730987,stitched_market_reference
1761027695,23624124,0x96a88d0c1c9a2229740b220a5f76624ca862ac42f190acc4d5ed11a44927aee5,153,0.004605434993093298,stitched_market_reference
1761029195,23624248,0x838b66ded60e5775aa10f76e82f489efece6d7f8c17491eb9a8a69efd542c1bf,261,0.004593839641539435,stitched_market_reference
1761031319,23624423,0xb0b6e6866f6e10959894d6ab9495f43400c98ef8a190a8c037c6d9df41db90b6,107,0.004597167114879729,stitched_market_reference
1761031919,23624472,0x103af9c3d4377cb980f3d43a01a5b9099cd1ce3e84889808cf31ad79886f0ee9,962,0.004623720269721074,stitched_market_reference
1761032819,23624547,0xa31f121f26709390dec907f5c123d2f31ac690eee5b7c8fb54ceebc849523efa,60,0.004611225596281547,stitched_market_reference
1761033239,23624581,0xe4f506d5802d081108a7ab4e960da98a63ab7b72fa8517a1bb2bc05e6e5c8a5c,282,0.004635220046383366,stitched_market_reference
1761035531,23624769,0xa712d37240cc7a26fd5ab35c1dec536b7688424a4f0caea379de1c9652bf29de,289,0.004609757188759788,stitched_market_reference
1761035555,23624771,0xf4f2bb39369b0d8954c98b85312df6b851978028dd654963d250800e867ae29c,109,0.004633660011056883,stitched_market_reference
1761035915,23624801,0x70f6e64d01d68b0250fe9eab68cb497b95f494579fcd71e63f50570857bff607,1143,0.004607567804606057,stitched_market_reference
1761036791,23624874,0x1b8a5f5b5df19c3bcccfc85f7a0de3dba70d79de3bc95c66af348f72f0928d80,156,0.004635921551213669,stitched_market_reference
1761037055,23624896,0x240849c5a7e4b5dfc21a34021c3758e2f96704beacac811eb063e0c5be1eebd4,433,0.004659782770557545,stitched_market_reference
1761037379,23624921,0x6065edb846bf83e4de90d174f7fcf4c54aebda4f9b66b4faa52e2b0f364bc299,498,0.004635419700459319,stitched_market_reference
1761038867,23625045,0x1e22a542e4ade637441cb71c4d946babbbcf9d35177cc83934f93e7116b5c3ef,499,0.004660101731592085,stitched_market_reference
1761039179,23625071,0xe64a639d2f636d9787294b62fd0420c177fbafb251f343947f7d88d3826b85eb,101,0.004659313668171221,stitched_market_reference
1761039287,23625080,0xfb83bfd344040efac7b1a1baa8eb93c5d30cc68904dbb05df4dda17f5f50cb2f,208,0.004633422569050035,stitched_market_reference
1761042083,23625312,0x5f814921796efa5707b39f2edfe2684327abed07af426a54fc9c78ed6ac8d6e1,122,0.004609669695255485,stitched_market_reference
1761042803,23625371,0x8f80b567d570119e081897ed002beb5e9ca58f7d8a40cfd7cbd24b3fa58beff4,1433,0.004617902321958152,stitched_market_reference
1761042959,23625384,0xfc806b3ff6ebda2551fa9b19b8ea883d7af9fc917ecb97aa8be0e625388f6470,351,0.004650360636723645,stitched_market_reference
1761043811,23625455,0x5ab0405b0c4daf93e39f09f9a4d98bfd13e66b9a1eaf23e073c8fe7bef17e9c3,26,0.004625019289131217,stitched_market_reference
1761043919,23625464,0xae094e4441079a0e4e95d63790a7f1aada109c8f32214f2e8eaf8d4aa5f05d5c,876,0.004648472300807571,stitched_market_reference
1761044363,23625500,0x8432ebb516d50518d40367cea286e6ed79c251fa27ddb37a992c80a13d64f152,45,0.00462402962810555,stitched_market_reference
1761047279,23625740,0xe7f619ea7d6be11f3348bcbd00888ed82175cedfba2ceeaab2d06d2e12139976,48,0.00464856180237642,stitched_market_reference
1761047435,23625753,0x6d3083a0695001752fbbd2543ea098ddd6fa5deba40859135034c765bb06c341,36,0.004641942327194653,stitched_market_reference
1761049259,23625902,0x9e84d0da6f4a028d44bad32d232be2034446b2b3a376481eafa936538a2e4942,688,0.004668995028402258,stitched_market_reference
1761049343,23625909,0x52b21097df68471896bfbdf0677caaeb8b7ccfc868132c52a7413e2762c141e4,760,0.004694796759023612,stitched_market_reference
1761049355,23625910,0x74cd78d08e13ba45e3da73d922eaf07740b7e7c5aa2021b7dc412fb1bde58be4,424,0.004666130745916175,stitched_market_reference
1761049643,23625934,0xe374348160ec6b02c64ef8902cb83f6c34b10d4041df1b0bf33379109b3563ba,356,0.004642637249878494,stitched_market_reference
1761050531,23626006,0xd7b3ef984021ac508b60b6fa94db0193f1a2993cffd0676a9456a0fe85bd3f7f,680,0.004676376730296616,stitched_market_reference
1761051011,23626046,0x6583d82b14860c53d8f297b2515057239040a325175d36ca17814b6b5dbd4054,157,0.00470043009347915,stitched_market_reference
1761051023,23626047,0xd3169c2a503b54ed87dcce377524176a45db32c892c2121b8a5a58e0d7eb8f28,192,0.004676543708313318,stitched_market_reference
1761052151,23626139,0xe8f016d9411a75d473d4a0068919e69e080bd8f06f5140de8373f6b9b0d27cfa,277,0.004703305947195673,stitched_market_reference
1761052199,23626143,0x2e5f2a8cccabf5a6c5fee848a68c5987be4f0481a1d617f9204b332c7acb9bfc,511,0.004673451272629688,stitched_market_reference
1761053675,23626266,0x6c3630d2dc5899727dc1f202dbb8301d25b911bdf5f526a3f9f01f27f909b02e,157,0.004640704655471378,stitched_market_reference
1761053915,23626286,0xcc0c8940d6490994e08e84cedec46a28a89613cce91c8100f2d2523527a149c6,148,0.004616674026369652,stitched_market_reference
1761054191,23626309,0x56ae38042861ed6151fa8140852b93f0ea3821d485db1dd184ca11b0d9ba18d1,223,0.004640363043789506,stitched_market_reference
1761054371,23626323,0x153ff237699564045cc30539888fcf8b00335e146cf90ebaa1a64bf14f2ef02c,252,0.004615078870527795,stitched_market_reference
1761054995,23626375,0xab44fa425e851b1112576074ff8990161262215d6235077608cd99079445ce2a,495,0.00463933692477681,stitched_market_reference
1761055415,23626409,0xc3ef49733956db6f6ec1a4aebfc12fa3442d256e1118029dc109846bc71ae581,315,0.004615871222639133,stitched_market_reference
1761055415,23626409,0x0e73de6a95931b9721168f4add6dcab26922bb19939d97e895f182f013105967,318,0.004645757743105913,stitched_market_reference
1761055691,23626432,0xe945960ee4d6e4b2b801a3ce70d69c2c77cd53ee6b17a317ef649bfd1e9d43f3,498,0.004671520830645202,stitched_market_reference
1761055811,23626442,0xed98d0c2a8df96913aa3af4f9ebb741f165b21d64c587f755bf3d6893eec1774,398,0.004638555748739993,stitched_market_reference
1761055907,23626450,0xad45fe5e1dc4e466522bf739d5e72f3f94cb37b452e709164d9496cafec222b1,463,0.004675048661846356,stitched_market_reference
1761055931,23626452,0x3b0d0ec9b5e707ae3af92b03247c8423269dbfaf2724dbd6d12721213a160333,329,0.004651510049707469,stitched_market_reference
1761056207,23626475,0xd88ab42b5dc34feb8bdf70800ef8596cc704312e600e79bcb6023cb784f55d10,274,0.004628148338275524,stitched_market_reference
1761056291,23626482,0x8031cd65c7ac585ce693328d8726f98c4b11b3a178124bcaf96370f0b00863c9,1218,0.004655374898096583,stitched_market_reference
1761056351,23626487,0x797d230134d71c14c72dc40e4a892d0e273348191875002fa2847bfb6c8f2310,1010,0.00463206493930995,stitched_market_reference
1761056447,23626495,0xfcc871844fa939ad3f123b02fe325e28f8942a9e1604e68bfd13b04d804897aa,390,0.004660475785717041,stitched_market_reference
1761056783,23626522,0x6735638884b04b18d8c6dccb73f933445a065776d27c545977c8bb719cb66014,452,0.004634819825686779,stitched_market_reference
1761056987,23626539,0xa58d0180925d644cb16989259af4bbec5ba4bc8dc1cbf9f4f7eb049de83f51a3,230,0.004658318954286959,stitched_market_reference
1761057011,23626541,0xec16e42fb17d2c3344bd67ef0f095c9b0a6258481c7778a72f27dd07545f3cc6,424,0.004630215083610084,stitched_market_reference
1761057287,23626564,0x4aae982b86fb2a79b2e89109045e549fc2c1f686afc447f7f40c431cbc6a3b6a,161,0.004655577702138261,stitched_market_reference
1761058127,23626634,0x58f2c9d29dcdf4036d018af1a9f5e2395a5f5da8c4234f394ce6132c0a5a2de3,348,0.004627623688686789,stitched_market_reference
1761058187,23626639,0x9120f319d61e8f13061e9fa1b124515f3b64878d3e92f5306f31d22a20d89cbd,385,0.004658765368836447,stitched_market_reference
1761058427,23626659,0x1287f3f80a1c295edf2057d99bebb075005e79c8df1d6a60ca5a10528db5ed3f,442,0.004627269346169114,stitched_market_reference
1761058427,23626659,0x71a418da77a8f149a5b60bf14375261216287d41c9d27178e68ffac90b3481b7,514,0.004653916030996258,stitched_market_reference
1761058583,23626672,0x65830ed5ce5140c0ab21ed5a98932467a9be6f0840ea646d46cfee5bdb6301eb,408,0.004692230325316798,stitched_market_reference
1761058583,23626672,0xee8f2a1471ec62778a21881ea2629769ad5529c818e4cf52aabe8a8f77274d2d,642,0.004660641367162124,stitched_market_reference
1761058787,23626689,0x34a8419670cf3fc73f38f638068ef8aa5a6dff7c4abf7a76641ef3e6c04ce074,382,0.004636655031173998,stitched_market_reference
1761058787,23626689,0x03bf86fa35e159786a1532de5ab0da7685045e290be310f887d8379a1f2101bc,474,0.004663353125792588,stitched_market_reference
1761059003,23626707,0x2d0dc65ebe325aaa78c93d1e52201a99d73d05f1997f77fc96096799e9fa5306,433,0.004629874606168557,stitched_market_reference
1761059291,23626730,0x43c5229af9e325906762279c509622918d309c78f59e41eb83dfc96879287f33,370,0.004660939113502285,stitched_market_reference
1761059471,23626745,0x034d9cfd9cf577c5181614f75eef3f4ef179a0ace6e26eb7ed7312c35ab77e23,260,0.00463706604897417,stitched_market_reference
1761060143,23626801,0x97aa76b91084e149f1397c9641bfb6ed56c75c753bea3e22fbc063e7ad8e1db9,347,0.00466446631698792,stitched_market_reference
1761060191,23626805,0x30cd1bce866c522ed477d55b3e3633b3bc095a9af92801838465444ca499bd6c,555,0.004639384359705923,stitched_market_reference
1761060287,23626813,0x050aef91c50c9e83614bd695da48589d263db456051a7ee05f490c9506dc804b,553,0.004664306827249897,stitched_market_reference
1761060467,23626828,0x97ff737dcf867f25a40d1c2cb66f27829799a490d2b1fab819128c0ea91cb839,196,0.004640234217649604,stitched_market_reference
1761060647,23626842,0x1ac515cc15e1c0a8a2b3ec0f60ed2ab4696579e0bb6d34e0abf5d56877bf5ce1,397,0.004667036653467357,stitched_market_reference
1761060803,23626854,0x567e4f4fb5f83af42493ae1e7890082b148e3c2d38d1eb8353518e1bd9f40412,367,0.004639526843636415,stitched_market_reference
1761061067,23626876,0x1f919fc2f3fa472fbba68d99f47b2f3dea7c5f0cf443ef365c58ec031d05fc6b,233,0.004616287694882811,stitched_market_reference
1761061091,23626878,0x8a127dcbe9662039449b67dd1353c880b7efd7bebe264474abf263513dedac66,287,0.004641448129001284,stitched_market_reference
1761061307,23626896,0xdb5dc76ed9a1203e3205f2991039c8ba6c6dbe0b4a5b4edfb886a71b9ddb5f04,180,0.004613707033681878,stitched_market_reference
1761061523,23626914,0x75d00d3e73b494cf6d69e98d812fbfdac0b3e3f3c95afb8855c53b8cd304ee76,152,0.004647417333807532,stitched_market_reference
1761062099,23626961,0x0a6d9d44a00631d842f2074c67a004a0a53fe05e5e3743b5d35d2292b31a2d24,448,0.004618549042315458,stitched_market_reference
1761062447,23626990,0xd65afc33c402d4e4e9c10bccada14ba4bc7a4f79dccab134ff978fc1144e021a,309,0.004587288453098408,stitched_market_reference
1761062519,23626996,0xfe422b598724ae28d0558667d64691023ef9c377c3d345ca24bf7bcaf2b0b50f,314,0.004612680049567926,stitched_market_reference
1761062855,23627024,0x5318374796515d1c061a658640a8ccf2d51a8bfff51e35dc8d63af6270f6afc9,443,0.004586972710398215,stitched_market_reference
1761062951,23627032,0x0ea1de3495dd2c3f2f3bf62cc5cdb876a7fb6aafac7ff2cfee6eba72add24ac7,251,0.004612373063741447,stitched_market_reference
1761063587,23627085,0xa8250dc231843286194403fe70347e5ed3da71377d8057d28f8ad718b28e78ca,480,0.004584754265703184,stitched_market_reference
1761065591,23627248,0x431c25669c434ae2d9271b40ad2420703cd28b67bda449303d54c37de01a97d1,321,0.004557257331734584,stitched_market_reference
1761065723,23627257,0xc287bd6800bc8c71a9e12494b74769f4f272a10c646bd28398399c1bd9bbede3,334,0.004583178182059502,stitched_market_reference
1761065723,23627257,0x6898a3c984d5e2364e3990c4d79c7eba9cf2eb056778c7341e79d349feefd20e,734,0.0045601936594707,stitched_market_reference
1761065855,23627268,0x595a2517b84ad288e36253858a0f77b5ae4babb10f2e704db9c569adfa7bdaf7,657,0.004535655325662601,stitched_market_reference
1761065867,23627269,0x1871a202000aa9149dcc044217a313a6330d2387d7d29ca793b93ecd87b02ac0,463,0.004562283214139555,stitched_market_reference
1761065987,23627279,0x5d77253dc9e026857f7ed53ff00f5e8c8dfd5142ee30c14ca39e346a597a327d,952,0.004536173183329363,stitched_market_reference
1761066107,23627289,0x11c6e57bc3d4c26737608a2499306439089dccf5d7cd8c16a494df50dec1c11a,295,0.004560413318994742,stitched_market_reference
1761066527,23627322,0x6a73511614b7bda280018df3bfcb5e6ef0593493c072400e782fe54e0eb40a12,205,0.004586085899916303,stitched_market_reference
1761066707,23627337,0x261906fcb3867e7af119d0a6346aa7b0a182c4e49d21c8c63dea9e11942938b6,168,0.004562354241846995,stitched_market_reference
1761067091,23627369,0x6a68dfd11283fd2580a29f94177df06b53b531c7e12bbb7407e6c8657bbdf529,395,0.004538549874206182,stitched_market_reference
1761067139,23627373,0xabe5e4387c11177c0f98879e4b8d5d581e40b1ef8774c6065036cd56e00ec649,1255,0.004570679428143309,stitched_market_reference
1761067175,23627376,0x12c6c84bd3082fae3a5913b2b3b6758e6d2a882e369d3c9c52d362f820ad09c7,6,0.004545274227350104,stitched_market_reference
1761067211,23627379,0x1a4d3dbc5afb3093b4fafae7d7329ed9792d32d50170ea619f4935e00a118a6d,604,0.00457177246000197,stitched_market_reference
1761067607,23627412,0xeb61ed5f5aa68943c98596cb3b03c9d000d853a4d6b42eaf3f408cb0373453b7,318,0.004547760239827861,stitched_market_reference
1761067727,23627422,0x3d7a8c3e8bc6c8beadc848527ca2185e3845871bc7fce03ec401551789428d19,304,0.004573180274306816,stitched_market_reference
1761068447,23627482,0x9c671d31efa0b371a943bff027eedeb364c9f73642c721004fa4422783720c2d,911,0.004547439162286988,stitched_market_reference
1761068567,23627492,0xb172b7fddd61cfc5ee1632306eb71b5b54da345885e03a99cadf7e799982eb35,111,0.004570348582576843,stitched_market_reference
1761070247,23627630,0x0e1edb330416254582929de5529aacb4c1e2ed982875ece59423ddc5a4f74c54,154,0.0045449425814222,stitched_market_reference
1761070307,23627635,0x65f51ef0bf0485a65d67a76af0e293eb50efdef0d3d99142ff0c3a8629500f67,201,0.00458213324435084,stitched_market_reference
1761070367,23627640,0x37b9cf0a8302d6e0c159915762419c94278c9f83546d8f55a33ada0305ac4ae8,344,0.00455479932489689,stitched_market_reference
1761071243,23627712,0x7dab33e057fca01c7563afd3819a1fa6362b5241d62b425d855c91407a1f58ae,170,0.004579008649173479,stitched_market_reference
1761071447,23627729,0x15a87f262ef5ba440c81fd297e8d84426fe0fa085b85aa18779e2267f34fd3e6,235,0.004555705720071034,stitched_market_reference
1761072443,23627811,0x10d859b3ba83ab44e693d86d46a87015a1f81fdc4b8762aff069aebfc6bbea4a,85,0.004532591622631525,stitched_market_reference
1761072503,23627816,0xbcf0035789975ef5e3c869f1574e64474e853173235adda6433f03c09233e7cb,715,0.004560369121402202,stitched_market_reference
1761074639,23627992,0x2282386769fcf7c1e911a9c9702130bdbdaef0ba76fbdd8b858a20b1907feecc,269,0.0045345649394574,stitched_market_reference
1761076079,23628111,0xe3cf1692c200b91d0d9d1e7e354928729602c815f575ff5c2125d2504e457d0a,59,0.004534576950149094,stitched_market_reference
1761077339,23628215,0x7fa1c6da47bc5b3de715fc93799c69d32d6516895b8c048801fda33109a4443d,298,0.004557647424221897,stitched_market_reference
1761077495,23628228,0xf2f34d5c7858caf3405cf473f1f40f07b1d46da1e4d68270c982ecc415256c3a,125,0.00453098610630259,stitched_market_reference
1761077819,23628255,0x881b0b75b9adc9012e77b0c23cf9cf44368fb84227e7d0326ff0dedad30bda16,1141,0.004563626388487678,stitched_market_reference
1761077891,23628261,0x9abcb3185a41c1d042756ed0585b49bd76aa566a1725f37ba729804e4d2ab794,138,0.004535886451934255,stitched_market_reference
1761078155,23628283,0x54afbea6b7b310b6a83a9c03f391f9fe29b32f3b8154bf55247683a34b940282,96,0.004558855920417058,stitched_market_reference
1761081443,23628552,0xd4a1588f3d5ff91b9f6ae2e788f2aa3efc181911068b80b956eb99fc4095fdc5,467,0.004565595003984446,stitched_market_reference
1761081755,23628578,0x1f7cf1ef7cd0fbbc3142bab7898f1aaeb85f14a0fd09119247db002a229a1cb1,1258,0.004532485118057508,stitched_market_reference
1761081779,23628580,0x0f81a13411e895e80e850ef87278a8f7e1ab6e8478edadcfea60188ec8a92a48,488,0.004559494038620936,stitched_market_reference
1761081779,23628580,0x5f5358629951fd6489b22d584285eb947368be44e34ff5ae1d379e0c3e5d2318,735,0.00453240561524701,stitched_market_reference
1761082055,23628602,0xd9f245fcd207f49ca114bf14243bec4bd7c0266e1ad70450d976dc22d6a66c42,667,0.004566576734757438,stitched_market_reference
1761082583,23628646,0x572eef6751cb0d589868434b2f7218a9c2d892afea8031216e18c92d870b9843,271,0.004543676425144756,stitched_market_reference
1761084575,23628811,0xb1ca988f1a89b0de9646ac54ffa4be166f77de93a0dc5774ab16010546d79d27,119,0.004568800069276241,stitched_market_reference
1761085667,23628901,0x89b80185168eb8efd4fd3b3693975a70f2b8a1082b2d3bc0d32d5f173755b1eb,562,0.004547555445188994,stitched_market_reference
1761085931,23628923,0x7472d2e14f755653e2986a9e8182d2c6016ae4bc98d24e2d8a1eeb5211dd4f9a,408,0.004523463506447529,stitched_market_reference
1761085955,23628925,0xb4b6899e312fe990cdbcfab1f9b43c1e0ec494f78f9de2b5309bef1625db8a8e,556,0.004546218213753089,stitched_market_reference
1761086843,23628999,0xddb7e308405ca89e88a3561f6c3317ed0cf22eac54895d5cbfb7ab888ca099fd,154,0.004522658001361403,stitched_market_reference
1761086867,23629001,0x573bb423dba4bd1cc873c2ed868eb030b655e2a81001576129e56849b64af6ee,236,0.004546905461170555,stitched_market_reference
1761087203,23629029,0x6a36c971c442af133eeb3c0e4850444abecd7ac8b57e35b3b29aa814e88e11c9,524,0.004569810658235325,stitched_market_reference
1761087551,23629058,0x6b4fbf60c3143ce0260d002a052ee2252d3cad8e21918c6b189c64b241b54f78,153,0.004544967581409895,stitched_market_reference
1761089603,23629228,0xdc7f0901283079d6ab58b0e3950f23af741cab2599bfdffa425caa72f9636084,427,0.004522015183785535,stitched_market_reference
1761089615,23629229,0x929410f17089637ccfc7d26a111579c7befe070ec64127749507b37c10c96974,368,0.004545435092312103,stitched_market_reference
1761089879,23629251,0x9e9da12769002967266b6d8daad8b29bd3135e839bda8410f47618efc253a0f0,726,0.004569342095700532,stitched_market_reference
1761090083,23629268,0x5d904f0f96a4dabc7a51103f4614d9bf7213d8a090621e8837cc919a80fc3b6a,488,0.004546329213398071,stitched_market_reference
1761091403,23629378,0x8c35f16445dabb60d3b4647d3f00f6da1f7511fc557aee447622a149bc771cc0,395,0.004569603936333556,stitched_market_reference
1761092039,23629431,0x83480c9aac256b62c1b7f94a457f0844b5feb8e5d88038b8232a01d3373ae3b3,972,0.004541155668863143,stitched_market_reference
1761092795,23629493,0xe393ab274e978e2104aa9233bcfe9324463a281ebf933662a467fcc7b16d27ab,118,0.004563982383802868,stitched_market_reference
1761092819,23629495,0x78e60e65009ee6138de6490ea9acc320a6c44ff9682caf5f4d8d0ae987d30e6b,719,0.004541149557389276,stitched_market_reference
1761093335,23629538,0x73622f3b17a07f6f50855b9f824af4964dcfac2b66f474f462a8f93d70d3da39,1171,0.004582157275141583,stitched_market_reference
1761093359,23629540,0x5d83242ae7ed88766f7668a84eb8631539da2a76b968c9405f516b9b9c7aba69,60,0.004554140376390745,stitched_market_reference
1761095003,23629676,0x08de3028f830b81ec0f468f1b40e9b91be5579e1ba7946fb03dd5fc3da76761e,412,0.004580064477960474,stitched_market_reference
1761095315,23629702,0x157f85d98c7ea13b3c77715a09fbe77b93bc0eb5fd1d0d3abbfccee5314bf167,261,0.004556740364121349,stitched_market_reference
1761095387,23629708,0x83f29033868575d558b3f7953a6152c4a6ee98e8c8c8aca725754b0cdc933678,406,0.004581744189372121,stitched_market_reference
1761098939,23629999,0x2d6f1388019021b9c109847f254bcd412ecdfd16074ca9afccfb8356fa3279f3,209,0.00456476099775238,stitched_market_reference
1761098999,23630004,0x7140689846d0c4bf53512a03cbc6945f5407cf98c054ae9e73316688db465a56,241,0.004576708943204901,stitched_market_reference
1761102095,23630259,0xd79212c16d5cab9240190f223b3ec96c845f980da27f333e10183c73d45072bd,145,0.004553368470304678,stitched_market_reference
1761102551,23630297,0xbdf3ad7a0a5960cbd8745238eb93dea8350f4aff69ae83c41838567149b74a61,379,0.004570889910065039,stitched_market_reference
1761105767,23630561,0x2f417ae672866178327e4a68b3eaa723addebbccbb3c2a0f7ee9218d50510819,329,0.00457812775536031,stitched_market_reference
1761106175,23630595,0x42e8b7ecdfc446a92f9b86a1a282128c014fd3645ef439175093618414a86125,89,0.004558935377386055,stitched_market_reference
1761106187,23630596,0x488d8f5c1a4a7344092153f6de9ad444391954bb904311bada2a2ee42a6dcb79,222,0.004586416865367861,stitched_market_reference
1761109811,23630893,0xfe875b829a2e8d12b43b7e5402861dc01b1e9a55b8c33b09384d6bbdc72badf9,324,0.00458830804336505,stitched_market_reference
1761109811,23630893,0xce2308d8aad48c245767e58e00298d66c6a7189cddbed54d93abda513805403f,543,0.004591181584679826,stitched_market_reference
1761110483,23630949,0x012c7834110f78571bc6a118c66bbc3c30df9b07d343336d5b8e02f686d2ed1f,391,0.004567545149395467,stitched_market_reference
1761110723,23630969,0xd7fb7c1bb1cd1d85115c15d71b10da8ccd6cee73f047e7ef4e50757a409db07b,631,0.004542710790634455,stitched_market_reference
1761110831,23630978,0xd3e04dae2e3ca219075e247f32bf393613c22d9e2456040a290a0d7363a41704,397,0.004571272903854904,stitched_market_reference
1761110831,23630978,0xa6301b31b65cdbc65a96ac1673c8084d1ea458ee03f79ba3bc0360ac4b53a1c6,400,0.004540683931612819,stitched_market_reference
1761111143,23631004,0x11b7851de162389973a007d0b54cdd6d28cc0dee86dd902e99095cae9b2d500c,194,0.004568675621140219,stitched_market_reference
1761112127,23631086,0xa862a13840b5d088ae8fe0270d8f5a86fa640ad7c5d5d4a059da228b3f760bfd,312,0.004597580183319248,stitched_market_reference
1761112631,23631128,0x3e51a732b8cbbd3809764f6866738e7affaf0ed1bbe9c52f939f29012248dbba,364,0.004574527632964479,stitched_market_reference
1761112847,23631146,0x3df86285272ed97b79b1d082d4dec2d535bb49168784f507365b7c51ce753a96,771,0.004549316581848475,stitched_market_reference
1761116255,23631430,0xf8cfac64304fff7dd433380affc38bb8d47080f579610e7d25ee2e0edd5b5a70,584,0.004550690475631544,stitched_market_reference
1761116459,23631447,0x79fe5d3e9f0eead518eed8f31ea65b1b913a0b8273b06905929d3662d451e4ef,246,0.004530296906048364,stitched_market_reference
1761116927,23631486,0xde176bec49d0bed1a2488630c7d555bdb06438558f895b8f1dc0a8a53e84c566,189,0.00455325119469228,stitched_market_reference
1761117659,23631547,0x40ba8a6c29b52a141e72095c31ed3ee6a4b851323dfcfccba0f60e55491674f8,373,0.004578620010796248,stitched_market_reference
1761118307,23631600,0xb4dd08b0f3940bd4d6074544823019a40166808a4f4ee91f62404eec60392ee7,121,0.00455540176008329,stitched_market_reference
1761121271,23631844,0xd980d0d148971888c590d7defe1f124786774de63cf120f303b0c58d7f4be675,156,0.004536768598256997,stitched_market_reference
1761121943,23631900,0x683be56c80408f8b1e2b44d03d781d62fec7bae028527e5c403bd32b263c28fb,323,0.004539915574662039,stitched_market_reference
1761124811,23632138,0x77aa74ca097928378e308a8930f2054984a7fa6d2a8d867a3d697c7f553be4b1,830,0.004573782170339102,stitched_market_reference
1761124811,23632138,0xc2db5cd4805f8f803ed94d950946dd843166c008fcea56be9d209e818b9bd46b,856,0.004549202049433124,stitched_market_reference
1761125411,23632187,0xae8c243aaa0b2d7a32616c7a712b66008ea5c755c7bb0aa6fd385190f7251635,373,0.004525631976474069,stitched_market_reference
1761126371,23632265,0xf5799c64473dc754340fd867630b52fd1e5e029f6e2d76d3642591577696b0b3,390,0.004550600947899457,stitched_market_reference
1761128435,23632436,0xf57c273ebee78ca2124e06bf0baf34b3cfef5ffb41bfc9703bdace04d0f5f9aa,104,0.004555882611316854,stitched_market_reference
1761129971,23632563,0xa048cfad7ec6880e1816f9f67dca835b32c8ca8f887767b06fd670b9ec1aee10,276,0.004551455682752664,stitched_market_reference
1761130991,23632647,0x8ce253fd9766d1c4e6bc5b3a038b69b82cff0a94dca2e64af4a52cd953970681,1350,0.004576288557482311,stitched_market_reference
1761131075,23632654,0x69c07604ce740efe392d43bfa74b2c150fbde957e177789be2834314cd0dbdce,591,0.004617157446758186,stitched_market_reference
1761131099,23632656,0x6b74b868e46dc13671740212a2990049019ae18933bc08f18e446d02a0584dbf,1159,0.004565978459760633,stitched_market_reference
1761131171,23632662,0x698a491705aa9ba505843c0c5f647b290962e7686ab2eefc79bb1ed21112293b,335,0.004591838380261889,stitched_market_reference
1761131183,23632663,0x61616c76d6d4a408c6eae399ba6d4fc80bb8ad7ac091ac5d23ce04a91ca8ac7d,320,0.004567706642747081,stitched_market_reference
1761131543,23632692,0x326f9cc8d8ed201e94fcc9a62f0b56f1f2ede92e732a67cfb5accbba01aeec4c,882,0.004596456020195516,stitched_market_reference
1761131567,23632694,0x3eb29ea270c5137bfd3a4b65ef6c89987dc87dd38e34a57e012324167d9dafde,775,0.004573505383746586,stitched_market_reference
1761132107,23632738,0x4cfdf72a2523f5305dbea2ffa7295859007128df0dab04cd5f32a3a60889f93d,231,0.004550471016246693,stitched_market_reference
1761133907,23632887,0xa6c180b32636067b00332b2a129eabe06bc0bbabddf8debc779c97fa797cea4a,210,0.004527044303227211,stitched_market_reference
1761135407,23633010,0xd50fc6a25a8f26b065c174bab259cc2ddca058a5f7286db153d901b53728c748,576,0.004550176006631853,stitched_market_reference
1761135743,23633037,0x2dd822bec5fd9da05f26d1cfdfb30ff85c323b833ecf47a1469a4f724a1ce9d2,57,0.004544706735801332,stitched_market_reference
1761136967,23633138,0x19e4ffcf2a50994178b10998f1cafede52b455a87b1b6c331b50a0d6ea5bca3e,462,0.004570742046533737,stitched_market_reference
1761137303,23633166,0xcad1054a32fa2fa0dc47794ca6d52fdf90e2ed934370047cf25aaecf11ee0e1b,80,0.00454340968033785,stitched_market_reference
1761138707,23633281,0x07d882f2b0b25d587345b8b1efd7a40ba2698c384f738b2bb7e92f4bc7fc595d,541,0.004519271002953804,stitched_market_reference
1761139847,23633376,0x8875ce56d6cfd7a22b663fcc7179acac66bc8f86552c02b4e7150399afdc91a2,352,0.004544264674504171,stitched_market_reference
1761140015,23633390,0xb0d54e9c6f2fd2e7a1b3b7fe9c5ccea0bc1bd31182922a9a6953cc259c287a4d,675,0.004520476391209088,stitched_market_reference
1761140339,23633416,0xfa1775597d0428b083e21cbd80382ad2fa5bace8734d58168fff8cf29ac73225,930,0.004543254593995409,stitched_market_reference
1761140855,23633459,0x1c9c064ed04d16b6385dd59852a5a006cd279b2b959e08762fa392a8bd18256b,525,0.004516937050163151,stitched_market_reference
1761141275,23633493,0x923638b6d5b2311d9ce9abf2e004bd7500fa64bc5082fc30ec706f5df7c03f2b,276,0.004541330327915775,stitched_market_reference
1761141527,23633513,0x9996d13e71cbe3c8a82cd85f6d5bc22c6ab63ebc040b2fe4da66086e48f27dc7,702,0.004507399277890697,stitched_market_reference
1761141599,23633519,0x75784b2596da85f02493d9b6e078d669d60d6ccf5caf7c7b0ad52de0f05b902e,264,0.004538738478146896,stitched_market_reference
1761141839,23633539,0x7bb371b59a1f0a98a1a6382e8d9126eb3bc4feaa713f935609b274bf87599726,356,0.004513711554007112,stitched_market_reference
1761141923,23633546,0xba6cc1901433f42a57683d226486f4d406900f932eeba80352e521105618b0bf,304,0.004537021381782997,stitched_market_reference
1761142343,23633579,0x5dbfdd263ed9dd30d2690f9e31d0d87c9cf77a69c0b3e578f03f25ccf5b7e519,84,0.004511939549080398,stitched_market_reference
1761142979,23633631,0x17113d6c4eeadebd392148e63bda16345c0bd6407053a1a8af4836aad8b71ad2,730,0.004482558577381581,stitched_market_reference
1761142979,23633631,0xb037f3e9ba171bff0c66c94754a761781ba07b0a59d2fc2a6c07a869c9bfc9c6,916,0.004509217793258156,stitched_market_reference
1761143027,23633635,0x6bbae51c1a5c91f964a7bc4ab4dba6e06b4704df77f9f5272de316db4e2c104a,208,0.004534758040134671,stitched_market_reference
1761143063,23633638,0x0afaf7d797e21af83d113dbf7afaf4b411a9662776b737fba4e46d618919fb7d,972,0.004510347334328563,stitched_market_reference
1761143159,23633646,0x8921917df72114a8da3e086065970338618d3c8d829821a8da64e58a6d5d3857,300,0.004540626142703186,stitched_market_reference
1761143519,23633675,0x708b5045547bcc65b07a0136549e06fc342d53292ffb58ed5bb9fced956c5298,128,0.004509146944764373,stitched_market_reference
1761143687,23633689,0x2da9158d7c91bb1afc378e89e4e4ceaadc582720aaabbebb294cb5b99546b8f1,86,0.004540770450812206,stitched_market_reference
1761145007,23633796,0xd71a21e39fbb32f3160a9fa162b7fc21cdda30c2a622a35199bfca3804ca9c71,1098,0.00456941100012516,stitched_market_reference
1761145019,23633797,0x1370b9e49a2a2c580c23f7b19342d50f4162625e5872dad9e1fed03274fd1d9c,253,0.004542623345139562,stitched_market_reference
1761145199,23633812,0xaab88f1e40470140f0388cfdc4c0a16a6ec1a6cbf599f0c5e469c45305b69daa,424,0.004574690163830977,stitched_market_reference
1761145223,23633814,0x6be87b5827a87042bc41c2782066f68ea65e1f71a749c380ee9489334dd98001,322,0.004549508528045572,stitched_market_reference
1761145787,23633861,0x6dd45ac7c1cbc6b4371f3d6846b28946c1609939cad653a99f451f65a31fcc46,119,0.004524473979659397,stitched_market_reference
1761145919,23633872,0xe4574793f0eb9d789c3b6d393db25718dfc60ed2e442e940220fa07cf08c4a0d,39,0.004549162159776352,stitched_market_reference
1761146219,23633897,0x3cd61582b85e8caa87e556c89c9ba0106011364569e753a3f18625e832f294f2,85,0.004573613417742117,stitched_market_reference
1761146615,23633929,0x68e4d6764cf27ee8f3ca1b4a30865f950d4deba411105b6319a66503546b009a,96,0.00454295357779335,stitched_market_reference
1761147191,23633976,0x1e1c7d1b3a8525e2e6fe5eab80189cf65d2c335b2b55784690d91cca3297a613,274,0.00456708713579683,stitched_market_reference
1761147611,23634011,0x93d815b2827247370b71d1b5a019d605a9b605cc21605497748679fda7424c5f,1007,0.004536157925835507,stitched_market_reference
1761147623,23634012,0xc30e00d1486a0056455e092b3b7b0b2f6d6e11e508dbe063fedc30a80d255e8e,369,0.00455942747984741,stitched_market_reference
1761150071,23634214,0x8b61a378f6f948f2c6f63b365bea0ec247f9abe0dbdcf3b08d08fdb1373229d8,640,0.004534896458250532,stitched_market_reference
1761150143,23634220,0x03842b1f8af2716a4df44f2256b8f905303830ff998b6d1c2bc584d7614e8f06,333,0.00455884125727883,stitched_market_reference
1761150443,23634245,0x3c9acea2e37fd1ae32f73d1ebcc4a45489d720db5738493c0d1931e9354a787c,63,0.004533334375724787,stitched_market_reference
1761150635,23634261,0x36d5b410fd88bb2ac4e21186e520f1de3f9c8ddcf3dba74b7751eeb5613a9c73,195,0.004559650652927947,stitched_market_reference
1761150671,23634264,0x33ab458fa25dc939238484c187167b3c7985d02bc82940fed6b0b2b3a469183c,274,0.004523614075411809,stitched_market_reference
1761150743,23634270,0x9e2dc579797ba12c0f9b8822c099c3e8e33e8d00a2410f6c712609771ed29fab,265,0.004546950297779485,stitched_market_reference
1761150923,23634285,0x03241b0629498d8a4e6586b63be8c4441151ab475089fbfc535bea1996339794,48,0.004520499980521582,stitched_market_reference
1761151295,23634316,0x66d9a51e34981a3a3a6698836475e6dcdfc1d01930de89e13317f04ae9f08f23,168,0.004543981913583214,stitched_market_reference
1761151895,23634365,0xef85cbaea8aa4fadf355d153db65f0cb356c59adcb2ba67a571153d6f2679429,89,0.004514712417099872,stitched_market_reference
1761152135,23634385,0xb6b0f5f398f9fe004e1e9117142a6a3943c30f725e3059b4b7978436b8665cce,96,0.004543153738590815,stitched_market_reference
1761152471,23634413,0x1befca24464c2c4a8ba4df4a01d23019ab4ab1fd6480891c00d230051b87b7fd,604,0.004517751570908801,stitched_market_reference
1761154559,23634587,0x2438a74b9ce0eefe891dcd1e8c2f25ca12d1229aeba177250c0d3e7c27a84d43,9,0.004520727232609953,stitched_market_reference
1761154991,23634623,0x21ee8f3e88aa4a3a88787799ee1ffdb33db4740d81142ba3d21d57b33a769830,205,0.004495427092216768,stitched_market_reference
1761155003,23634624,0x14ddcf5eeb33c87e46107520dd7c56c7eed69f1c5398a370436b11cabf2a45e2,698,0.004520738755123219,stitched_market_reference
1761157019,23634792,0xe2df96542baa5b3276c301383ede13e1c765a3e83cc36b3fc03e84887c32244e,57,0.004545517205671383,stitched_market_reference
1761157031,23634793,0x3bf158a97e1d00c73640c8ac943223cbb302e3a4d38806574c82e98e28355230,544,0.004519774338805612,stitched_market_reference
1761157331,23634817,0xb2204e3266b259e229808f317243af058a47c3e7312fd88cda45ed88bd0aebbf,67,0.00454976822180154,stitched_market_reference
1761157343,23634818,0xb48438daf9895ce48bbfca90b02b7f7e344e610865fbc754e5c07e3425828193,890,0.004523761943455843,stitched_market_reference
1761158519,23634915,0xb4893cd3e1cb79c26f97e6146079efdf0956e08e99ed400f5a85c74fd7f69913,343,0.004547264634809209,stitched_market_reference
1761159959,23635034,0xab6e6e5c9b188ba74d7e5be17cbcdb595bf5b5df2ab1aec3347888a5f3c45e79,287,0.004523532234613601,stitched_market_reference
1761160127,23635048,0x1bdc712544b10d69c534a29855974f228d6eea1a69025609a7594e832d6f184d,314,0.004551622537115192,stitched_market_reference
1761161747,23635181,0x3e89f017ab799f9f2aa04d833451f618c170cf252e476170e04213f92ac7d823,261,0.004528397944026595,stitched_market_reference
1761162779,23635266,0x5d91b5fd4d7a5320beb7aa9980e4d06935182c1aa320c6d0ecdda2f33663999e,266,0.004552100008253244,stitched_market_reference
1761163103,23635293,0x15f0189581d2d0791d6891e455765f9775341637ec603d8d4347002c3f853fb5,920,0.004520042184770178,stitched_market_reference
1761163211,23635302,0x47baf42bf85f08904f79e516e27bbff02280d9f54f56cbe88c38fa4539c00bf1,934,0.0045428333345535,stitched_market_reference
1761164507,23635409,0x91ce7eb089a6d761de8756f9f3eb55afac27c3ce2f93bb257dbfabe657007ee9,292,0.004518206198697356,stitched_market_reference
1761165251,23635471,0xb5e88a287ebaf25696da830f7c0b906bfa7fb4f8e02fbd8320204cea9090caa8,654,0.004545408965296316,stitched_market_reference
1761165587,23635499,0x6a4614cfe92a479003f2c1a6e1917fe26924b5ff134d59ef25d4200a9325481b,366,0.004519455171125405,stitched_market_reference
1761166943,23635611,0x3c2d110d09b9a7ae6d54f43a2a23b0bc07f730e9a721891a21d9860d12286978,261,0.004544873473524182,stitched_market_reference
1761166967,23635613,0x0b308459637e6793ff2bda718931e4f3190e6775fbe574c53315508f76b2cab6,695,0.004501646587630921,stitched_market_reference
1761167555,23635661,0x55e26d719c7031d3194862e35b1e1056a4388848ca77de40768fd568dad166ca,1042,0.004477562678206932,stitched_market_reference
1761167555,23635661,0x25f72ca94d3ff78f64943d7c5ff60b1de2bf48b678eebd87b5cbef641607a181,1202,0.00452005073901018,stitched_market_reference
1761167675,23635671,0x2fa7a7c97089216464c4b4997d9d30a8389a2b379039656f1c4143dbc2d14225,212,0.004545040297855692,stitched_market_reference
1761168575,23635745,0x7b951487e7702224b827709e284b00572eb9a8f21ddbf3c1e35c2c099d120dec,18,0.004521997970867454,stitched_market_reference
1761169355,23635809,0x18008ff29a971316f84d1ee2d5c57007e45d5189c848f7dc13fad1fd8f5c0aca,91,0.004545475178825996,stitched_market_reference
1761170819,23635930,0x6b336e0ed4a82786d84bc403446a14409cc0ea16efcc3660a302ab073b3e5be7,320,0.004520417067614289,stitched_market_reference
1761170855,23635933,0x33ccde43dcc88631db63b221dd79116b8a3e22c572279c75e646b4d59c04e141,419,0.004543558495873581,stitched_market_reference
1761171527,23635989,0x7dc644cc33cb639e5253dce35222e27b733863f39446ba91fa668df173605272,116,0.004520469611875609,stitched_market_reference
1761171731,23636006,0xa500134fdd91e87ffac513836674dc188c638419e5a34f9b4c77531ee1eab979,291,0.00454321944016265,stitched_market_reference
1761171731,23636006,0xb45881c026afcccdc308cc514598213be993538255777550893271bea605ee92,475,0.004519663246653613,stitched_market_reference
1761172967,23636108,0x07ef190eb931d1ad39fd9dc88fb5ab395adc0706d496addef47768c988c1c2df,23,0.00454483048495166,stitched_market_reference
1761174131,23636205,0x1950c4cfd36887dfdb7db458fab99601843630fd91edd2dae9c502356c358c03,133,0.004517602496652891,stitched_market_reference
1761174791,23636260,0x0c7a3f682bed870898c076d803e0e86b217f112b188ff3135cbb69c2ca301e3f,131,0.0045403734944236,stitched_market_reference
1761175151,23636290,0xd5c665c69ac9f468186f6040656ca00d0415237b73e1d8e7041407f5105c0f34,382,0.004563172770778434,stitched_market_reference
1761175211,23636295,0x6f91e2022d5629ef221f5ead54a1f7397e1814bc6c8f287e52b2e43d3e9d15c1,715,0.004539452947533567,stitched_market_reference
1761175631,23636329,0x2c5dc3d90ab8b6ad6ac78316d116d0ce7200f4ac7786f2724e808279bc6e6ce0,111,0.004510643487165674,stitched_market_reference
1761178763,23636586,0x5e6e293ec7197fcc730d5c7af183d715e97fca892ec53566bf611c30640291db,23,0.004529726094324731,stitched_market_reference
1761179255,23636627,0x2cddcba21a1f496fe5307e343b0004bc62b22b7af2e82faf954d4e450a3c84c1,106,0.004532312567662732,stitched_market_reference
1761181931,23636849,0xce837ca063918ec0385ded0d37f826242d7b984d0c69a67b47760d693208d995,160,0.004509490444194619,stitched_market_reference
1761182375,23636886,0x41ea772657099e739d7c67e7afe7972e8bc39d1820c7253170e75aa89004f423,163,0.004516563959842087,stitched_market_reference
1761185615,23637155,0x4c51a69d5f3663d468834b2e80ce46bcf25e339f5383abb68b49f2b9ef18955f,164,0.004522629472896122,stitched_market_reference
1761186023,23637188,0xc70298047434225043ff7f0f7581b9aece360c24e89f329445c1fd03389dd837,172,0.004541631840929611,stitched_market_reference
1761187583,23637318,0x0293410845860e0aa65703750e1debfdb1edd453f7e181bb2ff07031b1d9b03a,202,0.00451846360191983,stitched_market_reference
1761189227,23637454,0x140aaebf7f3fb0021b69b0cec42d0a0adc568cf5468b8612d6513fcb7b808a0d,25,0.004509114588694486,stitched_market_reference
1761189647,23637489,0x7003596d49f7a8aecf7b2c293b563a212405e6dc5929e8940e71a30d7b93f815,146,0.004532740916845408,stitched_market_reference
1761191087,23637607,0xbdcd05be28364a2fe85b252552aec0d4e99630fe99f063b658f5c394d8c6e34f,202,0.004509969579563653,stitched_market_reference
1761192851,23637754,0xcd30d0b7a4918f1a22e4551c90c241c7dc74122761cb995649abf1830b89e35f,227,0.004514094563749433,stitched_market_reference
1761194483,23637890,0x8ce0254cf79a6a4ed1693ee0004472c38a72c262dcb28d775790807172015917,269,0.004536769820186129,stitched_market_reference
1761194507,23637892,0x24f081e9f8d1894f643d614dd21c37c6e5d18adb2a5bb06ef74625df28af3640,122,0.004513113105161999,stitched_market_reference
1761198119,23638190,0x451f95481cc4ba0fe546e21c409fc84921872d118f5cb85592b0d1f009f934bf,87,0.00450643175470238,stitched_market_reference
1761198131,23638191,0xf78e4cd7808293e49fde0f502c41e6bb7ac9a4c2403a528e1720930fdb603f67,603,0.004513320836709332,stitched_market_reference
1761199643,23638314,0xf302be70c462fde67d600838a1baf0c3cf8fb14f54df81c50baca30248709371,244,0.004535909774201028,stitched_market_reference
1761200207,23638359,0xb7a4b039224b36d561309bede2f448e2bc3652fc737fb947751640cff81d101a,201,0.004509061477073285,stitched_market_reference
1761200207,23638359,0x5f64bbeebf1e446e680e7e916eb6fbdf547a192c4647825279f0d62b96b898c5,333,0.004537766228995524,stitched_market_reference
1761200315,23638368,0x882d6a95d2f5d919992268143b20a610417dfd6ac366072d2421544db733a5a5,399,0.004563375779105117,stitched_market_reference
1761200327,23638369,0xbea2af38135c471a3db5dc83d26ecb402a2ab2f318cdca1bdc50302b2f82d536,608,0.004535971620765372,stitched_market_reference
1761203939,23638668,0x6bfe9f01b8951f65442706d66e7921a889b185bd413c850b4a209d6351b669b2,31,0.004528452697985784,stitched_market_reference
1761203963,23638670,0xa1f3f2ef6619f6c0c1aba7bf203372adb8c641d399b6a43cc893bad7cbaf5803,250,0.004532620782449104,stitched_market_reference
1761207275,23638945,0xf4185d8dc923507ff736260662408614201777a3d83f311a62268a447b39d94a,63,0.004555686841148235,stitched_market_reference
1761207563,23638969,0x32699a314c27635731119e0a4df77b87274f0ba11cb64832ac67bd31b6a51f65,258,0.004531995772131936,stitched_market_reference
1761210323,23639196,0x45626a3e5fd6cb7010d8f1812951a3529a51ff4b51210838d12252e50781590a,240,0.004554973517153971,stitched_market_reference
1761210515,23639212,0xec1801c01c15cee97e6b88979dd3ff0c33a02302200ea67eee13c755e316fe20,95,0.004531654711121976,stitched_market_reference
1761211679,23639308,0xb614b9a297173d6653e5024d77a3ec1a398b5634229eb2ecdd452b04d1e26b89,211,0.004508644142329269,stitched_market_reference
1761212795,23639400,0x9d1862175639da338176bb0fdec647539875e371267eb78f05189c0208ef5a77,323,0.004482470460995075,stitched_market_reference
1761213947,23639495,0x74ada7516e9e7b11a8cb23e1eed3cca4135bad2547a77bcccd409c49f17563a2,373,0.004466813196567214,stitched_market_reference
1761216431,23639699,0x91b943df3d373b78de9f0d30c7247a3451a9bb7547d7ed2dfcfe95c9a80bcae7,282,0.004459895954462775,stitched_market_reference
1761217619,23639798,0x068b02f31062180aefd50b21fe3fa97013984523312f9d615a1366c66d8cbc0c,420,0.004479787311145491,stitched_market_reference
1761220067,23640001,0x72944bffa58a4a7bf5d8e9cd38b81d37b945870ce31140ed63e690baecba4526,109,0.004456253945690929,stitched_market_reference
1761220979,23640075,0x3cb939e5b553068cc60aaad83ad13fb92705be6695411643d73bb123ff40f2f8,641,0.004484980768532023,stitched_market_reference
1761221111,23640085,0xa2bf803e2b549703cff266c8873451026619ba4614a1f6bb54ecd04fa53dcfa1,511,0.004459079490067634,stitched_market_reference
1761221495,23640117,0x0b747b72e556c1d3cb6f7ad962527bfa8349008861d613ce7827d5a1ac362f95,120,0.004481692644287916,stitched_market_reference
1761224603,23640375,0xd85eba7d720502a9e76c7ba7a4e6d3b17202a2cf8712b180850983142b6c36e9,113,0.004491420095080647,stitched_market_reference
1761225011,23640409,0xc70f1c8041828907f595fd2c73b37ef4f6da24a7c8d4bfce75c5c4d496da076c,342,0.004468433174671382,stitched_market_reference
1761226487,23640532,0x07a1660057b5a5413db800e79f80301dcf66669a505b13438233b5ab4967d6c8,133,0.004500405795997732,stitched_market_reference
1761226583,23640540,0xea7b5d1c514cc2c2c4bd1e056d5c5d01df00c34dbc4a36b5a5074a0e2dec549a,294,0.004476524355350646,stitched_market_reference
1761226979,23640573,0xe1d11452ab19295356ab46a124ff7bd0834406cdd023e688c765733a5ecd1d9c,700,0.004510124433723619,stitched_market_reference
1761227459,23640613,0x8d10bdc340020b843cf88edafab1e91cbdf8c37553920f2def244702118820a0,229,0.004486374391871061,stitched_market_reference
1761228479,23640698,0xedef96ad6aac26ef200530361b0e63ac43b89d5d2713c57dcd93ec371bca94e7,436,0.004457060079916363,stitched_market_reference
1761228491,23640699,0x08fb4988fef9391e31b5f5789620526726016f6cde5987e2c04d0f38b9fd85c8,807,0.004490663356740545,stitched_market_reference
1761230087,23640831,0x9fd5fc3ac865c7fcaa6cc6916cdd9c04ba375a5bb823016f9ba7a68c96676599,93,0.004519750112333719,stitched_market_reference
1761230219,23640842,0x0546830786d7046360416b07e6e25a9b6cf4bb22c3fd4245d02f79fe4b7af747,75,0.004495109377704264,stitched_market_reference
1761232187,23641004,0x6c75eaf6f9f4417d2162de2316cc05207126a01e2102e663bbde974bca136bfd,502,0.004518678139519449,stitched_market_reference
1761232235,23641008,0xc98c2f49109ebb9cb43fcc6e75708075ba23089a8818cf1163ac04b9485b7ac2,538,0.004495051708420059,stitched_market_reference
1761232295,23641013,0x9d4f4d86a82079648ed6b939e7d19ca468ecc20f9b37e75aa1833baab8474589,702,0.004518873820017963,stitched_market_reference
1761232499,23641030,0xb293a0a41bb8342bdc1a9914bd7902bee9ccdfa38b37ed1c4010b21c7b2c298d,131,0.004495252272211064,stitched_market_reference
1761233591,23641118,0x64e294b4a819e25cc3ab7749a1e353ca434dfcbe29e2729d7771be5525cefea8,509,0.004520794846370971,stitched_market_reference
1761234251,23641172,0x0a4d060b4b48aa1fc9e25938610aef8b036ad2307c97061b65ab858c2a456347,318,0.004495497807779948,stitched_market_reference
1761235871,23641304,0x8a37a8ebd0282aa0180b41ecad3e5172babb9dd4f172b1e49a10456b3d9084bb,239,0.004497560777577538,stitched_market_reference
1761237887,23641470,0xe735d1a6bf6e34b667d9abb9dd632e38f87b4faf67452e844c39c84e62d4b425,250,0.004515790463081848,stitched_market_reference
1761237971,23641477,0xd5a9375bf7b82dcb678923f6471449e0596ecd17a3e0e94bb4c9ed7d55726a05,82,0.004492058388528068,stitched_market_reference
1761238427,23641515,0xeee0273843d25e05f02edcdbe2e9a5a69ce524509b9c6836d84de14fb9889e3e,437,0.00451641293550254,stitched_market_reference
1761238535,23641524,0xe5330c33da48a330c0c5c05f9f189d965d14a7eaf24499d41b93e75c7a96f2e1,1517,0.004493850114825705,stitched_market_reference
1761238547,23641525,0xff6433e258ccd4f5a75ca608e2acd4c9bf1b5b573076ee18bb8534f443de855d,818,0.004517576861919718,stitched_market_reference
1761238547,23641525,0x3930a74d97d7f4d6ca477dea6ba4fd9bdfce9caf104df2ad924c94448b920d30,892,0.004494873808734906,stitched_market_reference
1761238895,23641554,0x6d16176752813e2ad4d2704e8907963eb5ca6facb23bf8be621bc4343e39716d,831,0.004523781183604662,stitched_market_reference
1761238943,23641558,0x1ed0c9ea7829ed03f38795af3119aa2c4ec6d1a93595c8cea3d5df177f1e2682,217,0.004500387845847043,stitched_market_reference
1761239351,23641592,0xbbfb79080a50a38c277098f2b9270fb1b4fb9c5af5a352767cee8c1da2f7c7b7,82,0.004524622235292388,stitched_market_reference
1761240947,23641723,0x562926db9d0f2c30b135e26a231759142a95283c476e018bc65c20ad1f2686cc,661,0.004487928603829237,stitched_market_reference
1761240947,23641723,0x5efab3e662a0431864c59f8b31f2f7f0af932576decfa18064ceb123f68cbd00,672,0.004530182214229229,stitched_market_reference
1761242987,23641892,0xaabaa63f315574fee6699d08f9c8bd9df0d7e9b3682b5b8a367f89a91a2691ab,49,0.004506973157671483,stitched_market_reference
1761243767,23641957,0x4ead12eaf8c08855e178b4ce750f2d4ba83cd4571a8a737f89f7f75ed9fb9534,109,0.004530247094018825,stitched_market_reference
1761244487,23642017,0x63172ab80a7dc7979cfd96f460d06b8fbd208966047bf9efdb0db75a735a335b,245,0.004506107734084569,stitched_market_reference
1761244955,23642056,0xf905d195b7b8563ab0ff968682c8719f62fcda3314e7a3de2c29d5310a6558dd,439,0.004528761464123702,stitched_market_reference
1761245363,23642089,0xe90d8af89df1554d4cf7bdb32714ab08eaa0deec57446f9bc83acca93324a8eb,744,0.00450559166780699,stitched_market_reference
1761246323,23642169,0xaf73246df132f293994644668ed2ad372a1bb8acf9cfba40d16843e7fe0b35b6,300,0.004535299208409918,stitched_market_reference
1761246503,23642184,0xf76b4112732f8a48685f03a504d8ecf62bc693cebff0df2a77fb64763c4e98a2,260,0.004512464734390013,stitched_market_reference
1761247475,23642265,0x6307cbfeb691f5f57fa76a4f8b092697f8d36872f48913a627e000a5134e0f7b,306,0.004535535275797627,stitched_market_reference
1761247739,23642286,0x668851e92a1355b5f0fecc846f31d9269573956aa20cdcfb7dec806ade21ef13,300,0.004510404496851747,stitched_market_reference
1761249779,23642453,0x840e69bc0a43f0acc99a98313b6e92f20eece7eb9fe64f86779abef7a8b6978b,308,0.004540609033433068,stitched_market_reference
1761250427,23642506,0x225f843ae0f9e55a0f20018b0df0a51683be8742018217bcedae49a03f304fbc,298,0.004513354767789774,stitched_market_reference
1761253163,23642729,0xb0707ae058eec00560df86ddccb155df1f3b85dd2b1a5cb1afdcee38f49bdeee,122,0.00448094965526213,stitched_market_reference
1761253403,23642748,0x6c2bf8cb18c140e22577d349f4b6608fdc8a3880658280cc74beeb1112bd466e,129,0.004491028728155764,stitched_market_reference
1761253547,23642760,0x59f3c41ff776170fa74d901ac4f26c1607d5e462ff3b186062e9f56a493f72c0,289,0.00451443069034991,stitched_market_reference
1761257015,23643043,0xffd6f4e42f17a87c945dc2f1571f3a67b781c4ee9940e3ebf1f53613a4e8f737,231,0.004515518872181431,stitched_market_reference
1761257231,23643060,0x5ba1c554ded9e6a851a5491ebc8317d9d18db3a6d880973683e062354bb3767b,518,0.004513771619348191,stitched_market_reference
1761258671,23643177,0x429996cd90f5e3571aac293a1a8144630736dfeb6a979a78d2e30db36760fdec,89,0.004541956337458756,stitched_market_reference
1761258755,23643184,0x721f90f55d59e618a190c2cc34837916d12d132999ad52f9585a723b26db2ab4,180,0.004516528103607308,stitched_market_reference
1761262283,23643477,0x4534b906940edc4dd11209e33abbb56961a105dc82708a55d27830c8b805eaf3,259,0.004503128278138332,stitched_market_reference
1761262379,23643485,0x047c6c2a6178b1656bbdb1310ba591424ea873b79a9113344be70a9fae7b5f16,123,0.004504459557578388,stitched_market_reference
1761264047,23643623,0x3b11ae61c8a7b90afbc60efdbb1582d80829b1ae179f9ddea48ab085dcfedc83,286,0.004527125789728185,stitched_market_reference
1761264479,23643659,0x9fa33933f5099df224ab3d87d469b208f7ee4a35e75bd0ca542e0766a8b101ec,307,0.004501872685207886,stitched_market_reference
1761265199,23643719,0xa24d1bf4ac507b7769eae56c832d1482cb3a39c16fdada00791961074b5e8bbc,227,0.004529079496713855,stitched_market_reference
1761265643,23643755,0x8a2414fcc1546de74564adfb2be9de312d3b8d5f578a2baf05535dfd6d03facd,398,0.004506174210235492,stitched_market_reference
1761265991,23643784,0xe7025574fc0e990d74a8a38083fb508933806556f7351f076d4fe131b502b346,334,0.004507310043313421,stitched_market_reference
1761267059,23643871,0x85e6d9c5b86abe2824aec46a1185dd17aec8489809b391b8ee8b58df5463ec71,342,0.004536285309339783,stitched_market_reference
1761267071,23643872,0x93a992b4dec7143ab433caedf1d3b300dc7a5ca8a84ab2269f3cf95a410605d7,165,0.004510798514610196,stitched_market_reference
1761268763,23644012,0x1b96b6c6fe14ae4aa79ca66163ea238edf0f33fcbb35f1df715fc70ee587b495,109,0.004487984260366457,stitched_market_reference
1761270707,23644173,0x06dc0482a4b0bc3724b6fa2a5337c53a9d367f6ab9738a80411440c2afa45a6a,269,0.004481180870087169,stitched_market_reference
1761272375,23644308,0x25ea0830c5c7768235a023d9c95c6a6ee575fdd1f3e212c2a108df58f6c2dc5d,227,0.004481689955135419,stitched_market_reference
1761274319,23644467,0x0aef37a47df475831a8e77f7a22c0a68d58d8d1bbb13888ee41a84be6ca14649,158,0.004473479441226199,stitched_market_reference
1761276011,23644606,0xf4be05757b0c72338a3b4800cf9e3d354593138254f5b75d2d87a2271745f59f,163,0.004474833074033385,stitched_market_reference
1761277835,23644758,0x91fc5c40098cb09e59cfb7030848a268a97627bb5e71721c5a7f0f0fb8b5c50e,133,0.004451484703282904,stitched_market_reference
1761277931,23644766,0x0dd3839975be4b9bbeae729ce3f082be493285cae32ab32c2d7a50cf386a4981,115,0.00446052996173229,stitched_market_reference
1761279275,23644876,0xed904c8000e3fcdca79a86cfc80121bcb317cc42420ec749c042898f6072787c,962,0.004437962776826722,stitched_market_reference
1761279407,23644887,0x3afc3b30e534f83cc162876b9c9060a9883c4168e3f8e30ff28ea6a97ee56454,647,0.004460393511949467,stitched_market_reference
1761280007,23644937,0xe8a583087bc1907effa917a80676b057962ee66fee37206ad0c5416aff85524f,357,0.004487202641646196,stitched_market_reference
1761280067,23644942,0xb8704e08ae29e072b4029f5d9579d682dfbee713594e2ddb63cb2009615519c4,331,0.004464389348925249,stitched_market_reference
1761280427,23644972,0xf6193dd07a46df9be5e35686778327bb2ed369e5d0c72db2798cce7ff1c1d658,1270,0.004494191296894371,stitched_market_reference
1761280463,23644975,0x77ef5cd50a2e5baa5273c9866719feac416dd2d2d730c0672e15dda9ba19b882,623,0.004460449151560007,stitched_market_reference
1761281507,23645062,0xb99291488f43f80c84055b2c6feaa8d1b3618ba8b502fe4e226360a6ebcf1942,543,0.004433756271042501,stitched_market_reference
1761281747,23645082,0xf6bdb0c08cc230a08799eea02f70bd42143f86cd71869bafc6f9db5d0bb95ad1,175,0.004456545249863291,stitched_market_reference
1761285143,23645362,0x8c8b36945d249cce3f1d8e0cc3b28de9a428b0e0aea4c4969664435cac2a7852,210,0.004448809470455688,stitched_market_reference
1761285371,23645380,0x0961c685204607b5d879869a59e4bde2ad7c1bdd49181e942f04fbb31ec66f48,583,0.004445032513824185,stitched_market_reference
1761288767,23645661,0x503de0b440277a931a8625e16907c5204e23ccb9b7e9b5516c5678d4b5443af2,288,0.004443481946198994,stitched_market_reference
1761288971,23645678,0x70e6cfb9e88fff8a1446c2492861392c8925ff89e03631e3afe2624cc0711981,176,0.00443999613231501,stitched_market_reference
1761291527,23645889,0x0fb29ccf25fc9f29f63ecddb78e23ac7fc9ffc083681e3fdcdea54d776f79ff7,755,0.004462343094122071,stitched_market_reference
1761291947,23645924,0xf20ac64f8098623c90d874da5eb3e5c0f5ab38b11179780f42b6135d6e19ff21,574,0.004437410551344474,stitched_market_reference
1761292043,23645931,0x4391214dda7f6e871c6eb125654d76cf66fb9e996056f302853c873eb9170580,666,0.004461374093069643,stitched_market_reference
1761293603,23646061,0x87fdf886b1cb7c5df2bc43ba2d9562a35f41ea0ec843ac1c6cd9b9049dda745b,72,0.004484693527962258,stitched_market_reference
1761295499,23646216,0x550c4d62062ed1757bfa51c4120fc4aa02903a32a104c7067b834a817ec4595e,200,0.004508497953300224,stitched_market_reference
1761295559,23646221,0x317aac46ad625896ce92df4b1923d2aa04f534c7e9694afb6b20a44e7cc2947f,568,0.004483807308727943,stitched_market_reference
1761299111,23646515,0x94977721554aa1160a45e9d46996f4199ac312475af68d0ffa58d405ed47f4bb,630,0.004471676980662809,stitched_market_reference
1761299195,23646522,0xa2ec02df00201c3e3d35067b2ddd3f5b8eb76cea1827cd85cc7d55ac9ed6dc82,244,0.004472241536406052,stitched_market_reference
1761301559,23646718,0x5cf54c0faeff06ddb2d213753380b869eca4a01cf74d1a966c2bf51d4882adad,124,0.004448254681594776,stitched_market_reference
1761302807,23646821,0xe55c3f71b4c305c925234eb5bb4d8b3fa1cf7528432f01e99ff2b941174f761f,249,0.004453142767616631,stitched_market_reference
1761305231,23647021,0x973265e7201b09ce96c47436cc6a3f1ab4e2457bd255275bfd5e02ed434f54ba,401,0.004452485760637195,stitched_market_reference
1761305675,23647058,0xa1bae27b1023588780407e4ea59b53ba28831266f7ac872526448a100bcdab02,1047,0.004477140386911321,stitched_market_reference
1761306647,23647138,0x439d48f4994919aaefb8ea576bbbbe027c460e109ee85503374743d8e8628251,82,0.004499576907692494,stitched_market_reference
1761307547,23647213,0x1d9adcbff7c2809f27e9d4b38066aa3b429c2cbeeb325f8232122e2994f3cb20,110,0.004476558765388363,stitched_market_reference
1761308939,23647328,0x6e4aeb4f30907c9e3bf56e94be47558586f3d21b2e908334a197572961969d55,146,0.004503759440956079,stitched_market_reference
1761309059,23647338,0x8c2782e73499489f00fc56fccbd26cec9ca9af6d0301c617fd2cc33191935d3f,1188,0.004475964743389561,stitched_market_reference
1761309059,23647338,0x71d8773446e99f3806a9fe4de8c29be43f20881c2accef56097062e996bc6541,1199,0.004516874451649787,stitched_market_reference
1761309119,23647343,0x32912396de20ee2c8fa60d0744107a80f297ddc7a988b615cfeab73dabb01114,154,0.004491158165839815,stitched_market_reference
1761309359,23647363,0x864c23850079792097164187df3b2673d51e2f796a4e8ce137ad45f9b19d9435,624,0.004514780366846945,stitched_market_reference
1761309659,23647388,0x6b68b0c191e0aee6eec741b16d998317d216a7d9ea7a98281f1617632e9b9655,152,0.004491760659222396,stitched_market_reference
1761310595,23647466,0x504704afd51b4802c071b5bc175758f5c3a1a54a5ebbdbb54a36ffd803e7ed16,197,0.004517939830063246,stitched_market_reference
1761313295,23647690,0x7fefc141b714241d11c01bb402e7c87cad43f40eabda716995add982a4ac0523,146,0.004494387641698155,stitched_market_reference
1761313523,23647708,0x8fd086846ad258e4916143bbefad6f13abaa61ef2b37ec44262e7aa5228d5891,638,0.004519547481890131,stitched_market_reference
1761313595,23647714,0xf3192b730668b2376e4b6079fcec010bfd920ea8ba279ba30b8bee6b70176bba,75,0.004495510632245217,stitched_market_reference
1761314219,23647765,0xe49df9a99ab7834a559fa40c82b2dbfd1c3f87c46d682c4f7588035982d7a998,52,0.004518158053684456,stitched_market_reference
1761314675,23647803,0x41d34707e0ed9853a20fb9e9f3f133a0dad4aab78fda4a87a7bc9a09fbf387c1,144,0.004495397604315888,stitched_market_reference
1761315587,23647879,0x5ebe815a365360dfa6636cefbbbff9df494c9322570e01094ac8ec9160e9945b,164,0.004470658851229845,stitched_market_reference
1761315707,23647889,0x96e07c1f7b58d121769a14c81c4af84ab18d403b74c614a0b6eea37e03f884fe,181,0.00449699369039703,stitched_market_reference
1761316031,23647916,0xaa88e1bfa5b5d7f8d053d83ffc0b831ba6f65c5b93ed9156404011e9c55555aa,353,0.004471357274220863,stitched_market_reference
1761316511,23647955,0x54a4344c2afabc326c08445bb8720e339fdc29cc4c7e4bbe4db6b91f21224edc,327,0.004494842055698857,stitched_market_reference
1761316667,23647968,0x5748d38892b473e4c1653c3f2fa1ab3b94a337dcd854a812976a1f730f4ad38a,369,0.004471244932040013,stitched_market_reference
1761317147,23648008,0xf46f04e92044870926c7beadb013b30edcd98b7ed91e8b4082a374f1b5d399f3,542,0.00449500046044773,stitched_market_reference
1761317663,23648050,0x747e8bf356e8a641191982da073112010fec89d1a4b5331606ad6aa649d793ec,210,0.004519496637095114,stitched_market_reference
1761318467,23648116,0x8b5c8ff09a1adc56a6dc04e9cf6ca276960c90fb19083e21752c32a10e63034f,210,0.004496151827355878,stitched_market_reference
1761318707,23648136,0x37acddaf030839773c5892702ef9fd47ea4213964a5919734d5707a4182b52b9,185,0.00451870286593771,stitched_market_reference
1761318767,23648141,0x41875ba3bed8e3118fc6e44aed93a62b04acefe3a36bc08dd655be9281545afd,222,0.004489799304213769,stitched_market_reference
1761319247,23648181,0x5f729d58169a6a74b29d51cf6f79e4c44a51f243ec51717a0ca271f6f3b860b0,221,0.004516984736604328,stitched_market_reference
1761320099,23648250,0x04d4d0da7788b1ffd7c5d8a6085944f996fde76a93c3157aaa44cd0ce704c555,41,0.004492447682031307,stitched_market_reference
1761320747,23648304,0xe77eceb43192404aacdcb8e1a411a2dae816f38c841657691f80cdf993ebd6d7,541,0.004524353516289774,stitched_market_reference
1761320783,23648307,0xc8479b0eb5a90860e5ea801fa0beaabd4efb5cf3418ad8da27293a6cf2236ccb,296,0.004500672207694273,stitched_market_reference
1761322739,23648470,0xcea3fbd31dc6467dbab5df36d99396d05048d3830e3fac056ec4972ec125dd20,22,0.004524757293320457,stitched_market_reference
1761323783,23648555,0x170e5393381eaa8d4a0555e7b1da5e283b64437a227da9e66d85bef63a0e6c13,170,0.004547754230559194,stitched_market_reference
1761324191,23648588,0xc9d608c5a787567ed916ab9e2b7ff884dab00fd10fca5603d79cf79bc956258c,116,0.004523044101721379,stitched_market_reference
1761324995,23648655,0x9143402f6a04368e686c62549248db8505cfdf8f7ee186f481395aa5b0599624,93,0.004546615007892325,stitched_market_reference
1761325307,23648681,0x440ff6349dece4845d883fa618f64886b1f0398a06ac66dc411b24a6ad785b1c,184,0.004519872337529247,stitched_market_reference
1761325463,23648694,0xad3fbd0a832769c1466e4297cfe15d3cbf929cb0f670cd48b7f75be53fd944cb,358,0.004543308447220602,stitched_market_reference
1761328919,23648979,0x36de576d837dd6ccd0cc473b6994e8bd9f64d5c2e4f97711691df846275bd181,133,0.004550770870809036,stitched_market_reference
1761329075,23648992,0x377084e3b9a40cc87a404ddfad2a2bf52dd8a1a24a3a6c0bafe93e97ffd96dd9,315,0.004545584846377308,stitched_market_reference
1761329747,23649048,0x31a9f1a50a02c35d6ae95a93d3767cc9e54dcb81d347ecb153e70d25fc419cf2,853,0.004522056137672584,stitched_market_reference
1761332759,23649298,0xd32449173839525cfd6e4bc6c945d5a333adf5f96b93330bcd27261bd614c77e,628,0.004527297410649707,stitched_market_reference
1761332939,23649313,0xff645f56b7a4c072153a1ea2008a506e0f61becc4387fdff9f7b8ef3c78cc168,48,0.004503462243078206,stitched_market_reference
1761334115,23649411,0x932e6779b57316fffd40cf007d7c37d38ce5e79f3056ef2c62dda58c0e6e5ffa,275,0.004531226433499212,stitched_market_reference
1761336575,23649615,0xe91164ad362918a2500d587ba19077e841d95fae7c26229fb7f1e893e8498424,264,0.004527849299909435,stitched_market_reference
1761337355,23649679,0x53f8171db204a5060d8ab16b03ffe5b78288227cb22c568e0e81c8c1a1010b9f,50,0.004551351846387105,stitched_market_reference
1761340187,23649913,0x192bc0fcba41bb498f88b944d77029333d38fcb8c8e6ed3fb5092d54504844b7,127,0.00454640696782652,stitched_market_reference
1761340967,23649977,0x2f730fbc86f4c1abe8bee9a9f0bdcaa0c8254fb99245d40972657e2e66bedae5,254,0.004550106911119324,stitched_market_reference
1761343883,23650219,0xeb503965abfb54f412f310248668c7ec49541c6507041e9950a91d2ae89c606f,242,0.004546116054993462,stitched_market_reference
1761344579,23650277,0x0a80185e03edb0c4c84f0e86a24656a64c605adb7e39c1c49ff3906cd192fe21,69,0.004561575666789382,stitched_market_reference
1761347519,23650519,0x6fed85662a9afa81acb33ba12d7261a47a3cdbaf378747f5bae579ba7a3d253e,222,0.004572314090092132,stitched_market_reference
1761348191,23650575,0xcfa373644fd5acee2fe0148e0b8959478bad53fa048122c338b0c0af07b499bb,251,0.004558356749783524,stitched_market_reference
1761351143,23650819,0xd730545d935852b76b0fe55e56df3461067541c51a52653284db9843eda86ff4,224,0.004559006228301483,stitched_market_reference
1761351803,23650873,0x2c19410197c0ba3758e61b03bd0e3304264c3a3967f752c440249f21fb678719,98,0.00454244484377068,stitched_market_reference
1761354755,23651117,0x19c482c44f07fcd6ee321b76bb025711d6c96a4702c7124ff9af7e483712c97c,213,0.004552119505469979,stitched_market_reference
1761355439,23651172,0x8f1e8536bc02fd61ab4fa43d83460bb0f6dbf3932871b98517b21e5bf8b22f67,105,0.004560512078847286,stitched_market_reference
1761355919,23651212,0xd551b1e9177cb4f10ab87eda55bef3c9a63c5cc1ff0135468730852f6e029dda,194,0.004583969733375164,stitched_market_reference
1761356387,23651251,0x7fc33680bdb770d68ffcc57d343aa09a8281002ef1d5bf213b0fd15ace05b9d5,99,0.00456100410918023,stitched_market_reference
1761358379,23651416,0x3ac4e06595b318dc80208ce4d294e48f07f8c4bab3d108ba8cc6be0aef6af140,281,0.004551121400178004,stitched_market_reference
1761360023,23651553,0x061cf4fae75cbe004a49398f9d7793b363bab853d1ec368336c38b2bea19b797,198,0.004546902773026431,stitched_market_reference
1761361991,23651715,0xf2aa76a9711ad8a6d764ffb5c4474832003f25e1347b1f89f2c30396861c35bb,100,0.004546271709294811,stitched_market_reference
1761363647,23651853,0x9021de61fdaa4e9640c1415c65476e4651c620de0a09085ab99b3ee93c740685,32,0.004533617281513603,stitched_market_reference
1761365615,23652016,0xe9342102ac776cc39f1ed15d0f6516ad48a6f7698d5dc73b96954425f8a30405,1480,0.004539952896803516,stitched_market_reference
1761365915,23652041,0x1ac9bf9777986afd7a727b6141d3715116650616a9850fe3e18f139b6d5b4851,205,0.004569488644288222,stitched_market_reference
1761369227,23652317,0xe3992a847537f9aa487d591ad6fde01808bd76475cbaf87c008a48d0a820891d,87,0.004570347366908496,stitched_market_reference
1761369527,23652342,0x76427ac41caabd7d2d167a7e7275bbc0d7becc21999cd8c89455aeccb6ef7636,201,0.004554328572076919,stitched_market_reference
1761372659,23652599,0x54173c8e42c1aaa9bf59ff9dc1ec3b33cb8124a5d8a16a467b4b2c1a8eab2294,73,0.004579916142131139,stitched_market_reference
1761372839,23652614,0x0d7be63466382c85a89287b28f80953d4248e87486803975e2db2f93fc597f1c,73,0.004567025015086156,stitched_market_reference
1761374339,23652739,0x39f198cb9c506de22656c957a21b1df7230e294aeb5106e1ea5c0cc0ea3f1291,15,0.004541401948321597,stitched_market_reference
1761376475,23652915,0x716bc40ecdee315b359f984ca95e5aee69dd8e9e7d45b7969ef060616f441c29,177,0.004543289352513789,stitched_market_reference
1761377315,23652985,0x9eac553f967d65a2e0ea0b1e5d4ed6e7e049704a1845cfa4ea4cc8a6d65efd43,270,0.004568921626478146,stitched_market_reference
1761378131,23653053,0x702e941ffacd79d67fdaa7a5e96d2b2845b97764dbc55fd2bd4d5eed7b1b8b2c,104,0.004545627294018002,stitched_market_reference
1761380111,23653217,0x28d1cc5822879067ae47fa9ae09bc43d5eb7b9de0a280be3d6a244aa3a4a4046,252,0.004543198270845034,stitched_market_reference
1761381815,23653356,0x1a86afde50b45162ad2387fab657811fac5e839f88eec2a930ec604337952eb3,14,0.004551079786625733,stitched_market_reference
1761382727,23653430,0x0dff092dd8391b0a5d7da9e9d84007ddaa3751a40af00ee9d4fd20bc383323b4,136,0.00457544721934905,stitched_market_reference
1761382775,23653434,0x870c08f11e0515e658e718a2cd8c046f80785e1c4a719c2d0e080a71c93da5ef,190,0.004551733466148552,stitched_market_reference
1761386183,23653716,0xfaa59644d4d2fe3831f7d04b6cb82e6a9ce68f7a108abff177c6ae1c8535930c,205,0.004528021398756627,stitched_market_reference
1761386387,23653733,0x783cf0673b69ea1ef82b866059aec3e1040a41fa2704db5e282c47073adb028d,89,0.004542544983252988,stitched_market_reference
1761389819,23654018,0xe5c2209f402a56b9d57b44593d4aa281f38c682a1538d8fd74ad9957b2a5548f,20,0.004553576248118536,stitched_market_reference
1761389999,23654033,0x62163de59f7843c23406a7710cf7d6c9ccd5afe7922210c09683691d0f00ed38,132,0.004552944942980162,stitched_market_reference
1761393443,23654320,0x70b6c912388e444710df0a8bb563836dca59f83266889c0a8d434d72318bed97,218,0.004566524998102167,stitched_market_reference
1761393635,23654336,0x77e575c59a93b3f678df87b48df2ba4d9b7847f589246f9f3a52776552ad4c69,284,0.004569245176133264,stitched_market_reference
1761397127,23654623,0x272c56d47fc3c9613097919a087906a8418936474bbc8fd4c76202973e2b4d10,133,0.004578445290091139,stitched_market_reference
1761397271,23654635,0xc836e03ec42848692946b9d4a9bd245e8e264581f583b6e6ddb56a5c6ebd7eb0,473,0.004560972897002542,stitched_market_reference
1761399419,23654813,0xc91efa3df5fd2ecf14e368ee34d382040058da42fd2cddfc12c82e9dd30a3e09,75,0.004537741351155959,stitched_market_reference
1761400907,23654937,0x5218ef57952294c2d42295d0ea3829a8663cb156b68c0d8c8ae6013d5e72f3a3,377,0.004551884431024903,stitched_market_reference
1761402119,23655038,0x364892c4ddf6a02cae9851f445b25a433d5a42692aef47d3d3b2fbbd29a19ca1,468,0.00457500581581644,stitched_market_reference
1761404543,23655240,0x435a2c56bb69c85dd56a2aeff74f6b12c786da7940c36137de4d0d680a259549,35,0.004584117461513585,stitched_market_reference
1761405743,23655338,0x65dd14870a707d737b14fe47d724c13d81ac98e408c34f0e259436bc1983a9dd,140,0.004574701546875895,stitched_market_reference
1761408179,23655541,0x18fe466f2e7783178de7e7b4ab66e65aa01c67bbfa51979631d08b894a80a02e,88,0.004578861542958239,stitched_market_reference
1761409379,23655639,0x0b82d4e2b272771dbee7b238a88cc74d3385a6ebca870ab05a7071fba1b7beab,309,0.004579542821259203,stitched_market_reference
1761411863,23655846,0x010ae43d1ffe046328e82578e58c8e2e8b222f2da2b77d77b48cfe4d4706a1b1,243,0.004577696179363989,stitched_market_reference
1761413015,23655940,0xaf000971643acb5b9d68a1f3a91dffec8d2c10eaf123c2d2e27d3b59736bf60c,49,0.004579536846386537,stitched_market_reference
1761415499,23656147,0xefc49da7e3044899998b3f2657aa01ddaf38a49373e185e58ba38e0ce31a965a,46,0.004581048705649349,stitched_market_reference
1761416627,23656241,0x2ab1477a4617bd69bac397622310f6917cbc92eac22491d691b99387608d6d02,185,0.004588768785686445,stitched_market_reference
1761417083,23656279,0x013e02fa8bf08b17fe934da7dda8e8d5ddca0e259f018d343104854f8b43cba1,178,0.004564122015535829,stitched_market_reference
1761420275,23656544,0xecb475fac28d8abb144f420a8f5d2707aa262be9eedb3ea25953bf6d2e3bbc30,480,0.004582028666318834,stitched_market_reference
1761420695,23656579,0x2fcf8845353265ff8d58fa2b3dff75b626657e0f8c9f913bfdd7b93bbaf49767,466,0.004574691049396744,stitched_market_reference
1761422459,23656724,0x8949308b431085b9d4fb91bfc701000c67a01c19a4fe28b9b14934e3ef66640c,379,0.00460257829442096,stitched_market_reference
1761424307,23656876,0x73809df7b91201dd53a4026cd9f405466d6dc461fd745b5cb8331634c3db1c1c,17,0.004611661457147339,stitched_market_reference
1761424391,23656882,0x785106be361cbbb79434f2903b7c2aa86e886c9190848475f4ac77b4dd42c83b,382,0.004586170864137557,stitched_market_reference
1761427931,23657175,0xd14e987b249859e2db873cf3b10360a311ba3f6d5dd6117b16c8e1c159d7ca8e,60,0.004591793876692826,stitched_market_reference
1761428015,23657182,0x30aa3e046daa282f2008838beaf3462f49d61ea5d2603b5a8104aee040684978,23,0.00457270047675261,stitched_market_reference
1761431603,23657480,0x3fcf0a0de75c4d7e88ae8c94eb8bb175fd6a473db8091d7fb768bbdd1520146f,262,0.004564495346755573,stitched_market_reference
1761431639,23657483,0xc89c9c3b455e4aad871de55f9fceea945f52b9259b4d72abf9c371efeac89353,149,0.004556459704724093,stitched_market_reference
1761435227,23657779,0x4449d0a3f6252746dd6978e5eb7d3be64cf474d68067206bb89c1ae9513c0592,221,0.004555253990069524,stitched_market_reference
1761435251,23657781,0x974b1d3042a6bf4a3710fd914d0284157b5005a57aae8223b639cdd1944527c6,391,0.004556009864624598,stitched_market_reference
1761438839,23658080,0xf2011320261dd9c2cc1ce7e4c1ef222902f84acf4d74f4e37b00fff29a4a1b27,207,0.004553272611699695,stitched_market_reference
1761438863,23658082,0x0627b08add35b969ecf78d112ec5b246b96c5dd7203f96c621b945674fbc6a0c,77,0.004547838170216542,stitched_market_reference
1761441659,23658314,0xf846b8b3296c2212d38e8db051bd6081ef60714b0154f07cb6894c71fac44b7e,70,0.004521532321389513,stitched_market_reference
1761442463,23658381,0x87156eb9a4d35ec15dc56938c63e1d958c710210f466b5b143faa6d10169220b,48,0.00453099346678627,stitched_market_reference
1761443867,23658498,0x383e11807718cbb85b6216e6b64f9d984584c407632e4e0fa280c677f0401bf0,941,0.004558643307082799,stitched_market_reference
1761444275,23658532,0x7cd1eebd3d6a47888b633913a64a8fde697ec975cb976db6bdd1de82772039be,372,0.004531288436418974,stitched_market_reference
1761447479,23658798,0x10a6301c8b2699e0dc9b7b3f61b8d467f4e8f5a928b86cc2ed24d1453c33f4a6,242,0.004525096076778506,stitched_market_reference
1761447887,23658832,0xecf54d20683f1509403a4d5e10379a527f9902de2cd39cdc4f75d6e0f8a667a3,145,0.004517250935156564,stitched_market_reference
1761451115,23659101,0x0dcd8c7cc7bd65a26d11ff180065f3700364f0dc6c06326095404e0ac7468c19,101,0.0045180110340792,stitched_market_reference
1761451583,23659140,0xf5efb052e876b251156a053aa38abcc339d61a496fc8ac4bb6553cd614c68e92,181,0.004514584472910915,stitched_market_reference
1761454739,23659401,0xf4e3c6921f7d98d69ca765f48f2fca74ea909615291e9de892fb2d295c7edc0f,43,0.00450312041748391,stitched_market_reference
1761455207,23659440,0x98dcc8c3c6ee14923a071f92e53149fc0b8ff6aec1927f20f6bd43e5453afe1a,38,0.004509424095810535,stitched_market_reference
1761458351,23659701,0x8f60fc9fa8ae6af895257b6356c33367e5b541f375c7d39c94f6d9bd72a097c5,477,0.004504617211443996,stitched_market_reference
1761458831,23659741,0x75f8a9e63181dff620403c3b864b91f65fba078d4db4091eb5f72baf3dc40a69,161,0.004504855502156625,stitched_market_reference
1761461975,23660001,0x6cda0df88523f4a44cc6b17c3d0c6be4978cc3cff5b04dea4d368731404be0a9,143,0.004504366577380792,stitched_market_reference
1761462443,23660040,0x5ee7c17d8beebc4bd144bd622258d43a13bb55f95f8f2aab7c0847427fab554e,16,0.004513481475269471,stitched_market_reference
1761465647,23660305,0xed9638d629ae5f34ef8c3a53e8f1a5768a528a5ab1389045ab2baac57ff65a75,20,0.00450552513559433,stitched_market_reference
1761466019,23660336,0xdbc62941a23bb3175a9d5a1d767a8d0bfa1ad3134170a9df5f0f3ebdc2b16c7c,26,0.004529172985158178,stitched_market_reference
1761469283,23660604,0x30da3dd2147cda474e097ccd33c9b63133311cd9b1db3e419829bdb7223cabe9,195,0.004519386456971787,stitched_market_reference
1761469643,23660634,0x4797573c03721234469e91dd086b9c4fb1c4d1a1862ba70f59c6982dc324af13,191,0.004528814048608844,stitched_market_reference
1761470579,23660712,0x4218164e691a4c90c1f2c36379def9923e95b94370942efe4541aa14feb7110a,240,0.004554150385533823,stitched_market_reference
1761470723,23660724,0xf3e061b2bda8623eb6fba9697d171d93a07191222773f9bf3410bca10adc835f,819,0.004578956515109101,stitched_market_reference
1761470747,23660726,0xf6273f5d4d9562317b06f386174aa82de5b025633fead302cea277acfe5f6bdf,278,0.00455180921920029,stitched_market_reference
1761471023,23660749,0x6c48d040cd72286f81a77d6e033bf66d096e06aeabf2634b3ce2942b24250f5d,347,0.004526835257387185,stitched_market_reference
1761471959,23660827,0xd997fcb9a784664fb59725899d141f96c5b2397fd46275cdd51534f009a91d5e,267,0.004503282456987147,stitched_market_reference
1761471959,23660827,0xfeb1e066cb0bbd880aadcc5228b37e74ea2b52d9d5eccb9cf4bb1374da1a19a5,302,0.004526532086889762,stitched_market_reference
1761475571,23661124,0xa05b115cdba70435bc0976766175cb3eccd1208335abe40fcefe537b2b8ed454,119,0.004525754063235434,stitched_market_reference
1761475595,23661126,0xc581e55667e6b4a14a8ce6aabec19a2674cdec52fead4134b09dd311b8d165be,192,0.004529117601273482,stitched_market_reference
1761478235,23661344,0xdc541aa22f27c7f72c618d513952c305ad6c83381de5993df1bf9465a20e0e8b,203,0.004505781621964424,stitched_market_reference
1761478295,23661349,0x969374ec4f8b80f04f95d76a97e53337b3b3650164645dabcd5cccfc1b6de957,66,0.004529197635667374,stitched_market_reference
1761478967,23661405,0xd8ab4810a96dab663e62548af837e3d94360f1ca98e69bf096ac9758236e5f4c,191,0.004555603305212969,stitched_market_reference
1761479015,23661409,0x9b8fac6fbade2f0d638f9ce2d11b2c8d6b5af9e548c2cfe5f77025a6941df831,38,0.004511416757090738,stitched_market_reference
1761479147,23661420,0x193d0b1acc4e5ea25216c4e7addf1efabaa4ab3c73298de14cbc36626451ef98,17,0.004534796286228563,stitched_market_reference
1761482315,23661684,0x83aa645f45cc1758ecae247c5bb80a4d8a01ace1f585b878de9fd306c8879285,15,0.00451051574901953,stitched_market_reference
1761482759,23661721,0x0384a1b1c3391bcf75bed939318fb63e653bf0376803c163f92c5cbd76d49af2,795,0.004507104404607836,stitched_market_reference
1761485411,23661942,0x453c117575eb84d2d98a82741b0d0e88b17d463b8a33559384983a0370acb6d7,172,0.00453245723578996,stitched_market_reference
1761485927,23661985,0x1fec57ec02bccf230387478e1aa8205424317c63f77994de36744e4b78e96b24,250,0.004515224950056351,stitched_market_reference
1761488831,23662227,0xe0085c8ce94eb63eb9fec1e9b4b2309166436c06351f8a26b19cce75f4b02529,180,0.004491630740105908,stitched_market_reference
1761489563,23662288,0xcea57856e3e3f5c3efc377843a30cc2fe00ba1cd3eadd9034a18e2946bb493a5,333,0.004494514429952057,stitched_market_reference
1761492503,23662531,0x8deb56fb44ddc72c300fb03bbfee06e64c25ff55e0b3dba557c25737f7dd1562,190,0.004482325717520043,stitched_market_reference
1761493199,23662587,0xe7e7258df9aa7e3b512cc99347b7ceefa1a404958524bef6b5adb65c5ceb5cbe,358,0.004491610706648488,stitched_market_reference
1761496115,23662829,0x4627358ddb1a7d344cc7814d91a660f755164e629f7639fa860caf0f0bd8c74b,264,0.00448365513300472,stitched_market_reference
1761496823,23662888,0xab3d86697383402b757c2dd5da3ac9cb6252a2e4df5301d64d1c220e6a8fac85,439,0.004493646754538448,stitched_market_reference
1761498167,23662998,0xea2af3893cad53cf365af9ad4c9ba02486e8a695d2560c439114a511304d1ab4,130,0.004470428853002937,stitched_market_reference
1761500435,23663186,0x7cf575f8409e10c895794ffb06b923b26d7c6d1e9a143677021cec6e9c09a410,26,0.004465481828345615,stitched_market_reference
1761501803,23663299,0x0da6224bd67c9d980d9b73aeac7eaac561ff77fbfc5ee177cec5c92a7e906ad2,61,0.004460089721097738,stitched_market_reference
1761504071,23663486,0x3f0973853eb342a133ed4c9a043b82a4ab00fb5bd919d79fb95dc24d5991edbe,295,0.004447807824744268,stitched_market_reference
1761505427,23663599,0xf34dc590165853f7ed719a92e104a044026b8f1e4a5bba43a0219ba24956c2ca,172,0.004453250503458712,stitched_market_reference
1761507695,23663787,0xf4e9861d036134ce1f8a896d473c55e15930155bba5cc8ef96c9e62ae11c4407,419,0.004460526427606505,stitched_market_reference
1761509051,23663899,0xb1d211cb1ee8a9e01c4f64123d3091ee717bf686c00a06bc32bfd4784c1f2106,416,0.004462427117012133,stitched_market_reference
1761511295,23664086,0x54f04ba79dcabaa2cdb01f421df160cc4cd13eb7e2ed53fc82df154f7c71e55e,223,0.004460865747857677,stitched_market_reference
1761512675,23664200,0x4394a848a54453e226a54aa52361c179aba5eb33e7d00ff7d432eb9330ecdc86,132,0.004446851953352826,stitched_market_reference
1761514775,23664372,0x091937b090da1f844b34b1c3324b19aa21195f623ed596aa07b00775a6de7ae0,246,0.004470870673387864,stitched_market_reference
1761514907,23664383,0x74b675adc6c2c14d5df6df5f2ef57767f563e05318a493520b125ac99064112e,284,0.004451775845022397,stitched_market_reference
1761516071,23664479,0x7abff5b4086d29ba0d5e33084aa05234021fa4393a066f80f2c1b3d42383efa3,441,0.004478498766076103,stitched_market_reference
1761516263,23664495,0xe867c1ea00c5cc9fa02d6f68c9ee124c10676e26d55170fc589d480ddb163198,8,0.004389017003623937,stitched_market_reference
1761516275,23664496,0x07f66c52055d77de6ff7e69fe12e97983569fc7198b8aa65a74bae4f72895c9e,1010,0.004414717698592446,stitched_market_reference
1761516299,23664498,0xbc6ec7e8d7f3ebbbed79da487eaeaa76370d8a8170e714c31b379ef80a06bae3,163,0.004450804159475467,stitched_market_reference
1761516335,23664501,0xf9edfdedcd792088c6e396f3829bdbc9ca6fdad0f24f4e8cd62f9638181ba94d,753,0.004476153994913443,stitched_market_reference
1761516431,23664509,0x5a42033724327543f81400a515dbca476a3470af61b976cd0a5310036a772f21,385,0.004451932703439941,stitched_market_reference
1761516443,23664510,0x452b02428dc24ab20b061f2e04844c6168a0b8726f696c2cd025ec8f99a862b8,319,0.004475898423682409,stitched_market_reference
1761518087,23664647,0x7d2d6c0da026d236366e4575de2df41e381c3df44c96f61452ba1dc3ebfc55e9,24,0.004451118402306525,stitched_market_reference
1761518831,23664709,0xed34ac7ef015fa2ce54ce49446cf0241f38fe685dc7b575056075c8e5b3b1d91,317,0.004475561584097313,stitched_market_reference
1761519707,23664781,0x44d0e6704788e0618c8f1d37d271f92a24f6e16e862dd2ea79c8f3c443f7c8bc,381,0.00445040887406282,stitched_market_reference
1761521027,23664891,0xc659546d9ede6345a8f3f09ff02e7e331278a2b14d2bd536cd1097545b74261d,227,0.00447336108466035,stitched_market_reference
1761521519,23664932,0xc4ded86b8f4142faf49d5281cdd6cb19ed310091a241633d4acfd5c270a9a009,787,0.004448652306199635,stitched_market_reference
1761523343,23665083,0x4e806f10dd0e3924c5bcc7617b7d0ae5ab095f77dfe3e33e0bd66852388204e7,32,0.004462821912246831,stitched_market_reference
1761525143,23665231,0x77104afd038fe40b4b589a6e7e422f1f4c1010e0cbab63b5d32f964fddd5a4f5,500,0.004473532445707495,stitched_market_reference
1761525299,23665244,0x0308e45eeb4a2ab2508e129df3017b2094cb4095e4d5d09e169a5ef131a8bcfc,308,0.004445459520298994,stitched_market_reference
1761525575,23665266,0x17f69c7d6f1c998cb899a092245bed2bdc187f0905d77951dc58e40f5e44408a,311,0.004467865868200511,stitched_market_reference
1761528155,23665480,0xcc5bc435418ceac56a0b74cdb9e866902adb91640314d10e74f3f9dca363a0ec,316,0.004491078658156279,stitched_market_reference
1761528911,23665542,0xfe6d7d1a134ac68b674c7d0da307d8cdc0261acd55255fef574bce002e6b8d31,26,0.004485877045470572,stitched_market_reference
1761529871,23665622,0x2514a6d900954060f484f6e0be20ebd6619418045cd67f5dd7861e6fa8af9681,217,0.004508474990933764,stitched_market_reference
1761531911,23665791,0x8e6af425e820fc9ac289c5689139ca9ffa7c85f21a55fff5368984147ba80f42,842,0.004484275267336262,stitched_market_reference
1761531935,23665793,0x080154de0ae751a66ae417da006a8fd6efdd66f6514adf15517f58bacfda55ab,9,0.004507315649179161,stitched_market_reference
1761532139,23665810,0x4c61bd5a4b5d4e32a49fb1cd65d3f5c705b7834a5f566a0a94e2181cf37d436f,480,0.004477496779029706,stitched_market_reference
1761532331,23665826,0x5bfe17542d00fced40e7b8b92d211917b10b4b1588fb10bd626a6e38860be2b5,415,0.004505437902965707,stitched_market_reference
1761533003,23665881,0xbf63550d0180d428e701ea3a6fbd0a54d251330ae4519169e85082f6cd002aec,362,0.004532898776341709,stitched_market_reference
1761533003,23665881,0x8dbf5caa17b05dee3239e28bfbba17f039bef95d86dc82c3e9436fc40de57180,632,0.004509746121241276,stitched_market_reference
1761536603,23666179,0x326b1bf41130af10650c28206a8d924adc6b3b73ab7ac72af9e72ec571beae12,157,0.00451358902683487,stitched_market_reference
1761536639,23666182,0x06b18fa75d33b4087a6433caa951d5dfdb4ef66a70d0305c21ebdb31aac6c868,338,0.004499429366422549,stitched_market_reference
1761536939,23666207,0x00108fd7d7d2473104d1c6abba831ab9fe601679d04d21002341309ed57d9837,264,0.004526753660604451,stitched_market_reference
1761537215,23666230,0x9b27e5a2b90053f05dc1a0375c8c7bd526e98bc2fc84fbb77d4ff4a30a3beb2c,130,0.0045029216898354,stitched_market_reference
1761540215,23666475,0x355910cf3c056ce05795d777d9fc73dfbb84e3613f2040fb37cc00264b2840bd,444,0.004498585353102074,stitched_market_reference
1761540851,23666527,0x9cdc45f7e15b94da617fb1b25c6aa19bd72f54c273fbbc43d6df6bd2953433a3,62,0.004504403408753347,stitched_market_reference
1761541979,23666620,0xeafe4c7aff164a6834cc3db250b296fdec611046fcbfbdd256e0f9961fdf0ae5,181,0.004480114516647193,stitched_market_reference
1761544463,23666826,0xdba595d619af0f8a59e7b7b5f2336e163e317eb3031aea8650adf96e7e81cea6,216,0.004466341584624151,stitched_market_reference
1761545603,23666921,0x8e2555561ca3b92262aaf385c8226af72c2022708eb1152cee2a6282987edb0f,145,0.004471451781324252,stitched_market_reference
1761547715,23667097,0xe2aebfc3f7c5cd60956667c3d067ae42e7b457a54d05ddc87e3f399c727268ca,506,0.004496010902495153,stitched_market_reference
1761549215,23667221,0x9401ca5d142dcef086d46c841c062a390b19836e769cad85968078a4a8579772,378,0.004493149129984439,stitched_market_reference
1761549335,23667231,0x40de3bfba2341a7f402befeedf0f6c64986730d04fc21c7652b2c4fffba25b25,154,0.004469761106355204,stitched_market_reference
1761550775,23667349,0x4e6e8e20a71d48f2c996b6def8ae0b9400cc004097f4cf8b896ae10eeb6d1b04,397,0.004493421815634794,stitched_market_reference
1761550811,23667352,0x687c1fdde102f4a68a4cc1c8f53411a12c5214a7b76e542b667176fd786295eb,465,0.00446255604376046,stitched_market_reference
1761552215,23667469,0xc3e881e1cb71e828bd4572bbf3760beb458547b5eaf3ccf3ef127ecaf42c0613,188,0.0044874009808208,stitched_market_reference
1761553559,23667580,0xf1d0b221e5b90d81924dca6274a4fe78dfd105ec024fad161ac3b21683dedee7,129,0.004510969616940516,stitched_market_reference
1761553607,23667584,0x2c2717f1873bc5556b534175929aeae9c64ec79e63000e43d6e1199e139820d4,47,0.004480210933725003,stitched_market_reference
1761553715,23667593,0xf7342eaa801edaa992d18063a78b9eaa07f59daca158ebfddf8342e7b3b542be,1108,0.004454963236825535,stitched_market_reference
1761553799,23667600,0x58d05615b6aa977951bf74590e381748b515255edda9e296673f9a809b24ba08,579,0.004481774498270718,stitched_market_reference
1761554675,23667673,0xfcb0e9df1a1694b5eadf4c2bbc981d0fa79340f7e5946c879d4a399abd69a7e5,303,0.004506097873122724,stitched_market_reference
1761555311,23667725,0x2082679624291bf81e88c2104cc405ff0522db00989443c148f17b6f53d9cbba,220,0.004481701410520564,stitched_market_reference
1761555971,23667780,0x53aade15da12cabc96b72ea7a474ef455a1aa0a51b2fd8679b296ece2c5d05dc,875,0.004458386418221464,stitched_market_reference
1761556871,23667854,0xae950a969c41ce3b49c6752a264159f0bfad1d30be6f6633d3786882275c3365,661,0.004482647223708411,stitched_market_reference
1761557315,23667891,0x5cf789e75a3d9bec3bcfc581cccedf7ed7b056f670c50088b86502b775170931,528,0.004459314440312234,stitched_market_reference
1761557435,23667901,0x054efa97eecb9dc32c076277d9741ca0472337fb32e5504b213e0357564f05c5,8,0.004459468556755561,stitched_market_reference
1761560939,23668191,0xa0b88b48d50f70f0899f43ad2e809c51083ea7e8c1cd87ef49a4244075175ae8,239,0.004463435627662746,stitched_market_reference
1761561047,23668200,0x71fe8fd44f44736dc19cbd65ecdef1d881734e82d11fd21b427776c36468d3c5,78,0.004451630230176942,stitched_market_reference
1761564035,23668445,0x6baa8978af1cca20a74e0e36db937c6bef68c33f6b509a9b45db24a764e85e07,408,0.004428969826893702,stitched_market_reference
1761564095,23668450,0xb59a45e7a8cb32c54daf30b428857aca984478d045eedd6567994ddddb8294f5,179,0.004458132894358905,stitched_market_reference
1761565451,23668562,0x04f85c504bd7615d812e055781065c90a59f483f1b329090b6195fa8da02bb53,648,0.004435777293719544,stitched_market_reference
1761567647,23668742,0xb16afc42e48ac401c3f755f5b1d396d6ba16f1915a49c34a4e9390f5a97f1c2d,62,0.004429247430875603,stitched_market_reference
1761568547,23668817,0x0d671ae13d14bc52716db4789220bd8e5bc66d74bf0b6dcf42d868f0788e470f,316,0.004405891634465052,stitched_market_reference
1761568583,23668820,0xe18b0cdb86d7220f88406ac4b8e0563f85c55dc35219d08e6333dd52afe2e972,164,0.004428321565197234,stitched_market_reference
1761570647,23668990,0x30ed19e6c736c354645f6d8d96a4cc592a4cd305ab5a2581d1da96167ebf8fbc,414,0.004405771244530834,stitched_market_reference
1761571103,23669028,0xb0a90ef40a453d170a2e077bcbc1afe39207e4b7e2264ff06df5d53ded2eefe6,149,0.004429220286400849,stitched_market_reference
1761572123,23669113,0x6ae04ad6cd465c382acf79c9047e411d731b0de1a7f945ecb1d7288e72d4c4c3,149,0.004405531089896986,stitched_market_reference
1761572207,23669120,0x966d081df8462d220f26a76f52a4afc6c25e3fd242d2accdd4b1fa55fe662f64,279,0.004429726362152398,stitched_market_reference
1761572423,23669138,0x5292a179386e979c9f1ce103e3d0896cecf1adc355cf2b0e9cb8ba7e61f97864,152,0.00440715824245878,stitched_market_reference
1761573047,23669190,0xe376f8d041bba61c9ca7081eb23536b1ed1c632d3da6aa04b5c5aeb02c413355,83,0.004380748873596986,stitched_market_reference
1761573047,23669190,0x0d70959b4c6a49af6ff7e5001c7bc1cb7a4b8eb26b1527a4917684e4f1cf1475,128,0.004405269987662805,stitched_market_reference
1761574043,23669272,0xe32fe1498048ccb1f52265aed032fa0e441355e1704d0f1bf8e952b3743b2b16,169,0.004381455631822973,stitched_market_reference
1761574247,23669289,0x0ad4865ce160e61bb3dd038d46c5f5b371ea3432512a5021f8eb7e5ab45de5b2,143,0.004404832696927752,stitched_market_reference
1761576059,23669439,0x7e44a63be158a0c198d88739b069cd9ced54b043fd5d668100bc69475665f172,165,0.004426976043857203,stitched_market_reference
1761577595,23669564,0x3044fcb7d7f801c26d101f4d799b98e7a581732828bda48993ef37b3da89c424,110,0.004404666259325914,stitched_market_reference
1761578111,23669606,0x9f9df95c3d299b3f1e1cb7db439a0d629956d300018bd0bab8e21988cb43fda7,287,0.004428089880672858,stitched_market_reference
1761579395,23669713,0x35ab4e0638729519d3d69e3389c691d2a294035cc4607a727a447ea4fa187029,125,0.004405348444710871,stitched_market_reference
1761580991,23669844,0x57dc89fdf47334f90e986349a7948ec39b1b1f900aa6a46fdcae6b46699027f1,482,0.004427403817815857,stitched_market_reference
1761581231,23669864,0x1eb1bb5d9829360b6d3823cc2166b49eede0e62c5fb6c2ae04985255bfebe26b,229,0.00440553319074699,stitched_market_reference
1761581351,23669874,0x515160556c65c6099756b4ffecb98176e23bbed731cbfcccb429df5fbe791066,192,0.004431541295242112,stitched_market_reference
1761582971,23670009,0x830adf872cdb68c866a8c1a378829b9d181d0ef1cad3fed9f7c34557139632b2,54,0.00440891212965443,stitched_market_reference
1761583091,23670019,0x4748fbf9c463d7f653459d0528c15127f1a0bf6d13e1a72c113ce742b4429033,183,0.004433046791453616,stitched_market_reference
1761584111,23670103,0x0dc4a8bd85a19144c81f3c9eba2d572a9a188deeb7a91c9fdbe2e2b1c19bfa6d,224,0.004455311229661905,stitched_market_reference
1761586607,23670311,0xdb4ee181f3af4450be215e0ac552fcac6da3f70ecab092ba54ee1e5b8c2eb76e,188,0.004453718712206712,stitched_market_reference
1761587723,23670403,0x7346881f28bb4a17e5822177d44822706a7021e19273795938032b8da93cc54d,200,0.004454469854469854,stitched_market_reference
1761588611,23670477,0x8f812a6fc609e23375ef5e96bbfcfba569968ec2061301feab4b2dab4a38c4da,119,0.004432102471377821,stitched_market_reference
1761588899,23670501,0xb3d0f3f7d8118643325f965e7d7153cae4b41f93f2b990ac7bf76891c00b17eb,823,0.004456156900654011,stitched_market_reference
1761589499,23670550,0xa81e4ab10e0307c594875cce4e69108056ff2c7cc8ebc28e4c8234920018dc1e,526,0.00443303330095848,stitched_market_reference
1761589775,23670573,0x53af2bc11d06c4f6622117aaa0e1771af6aa56e59e12e0cea1c1c0c083116ae8,102,0.004455983141142653,stitched_market_reference
1761591815,23670741,0xc7fbe04b556e9d93c1ea081e1e3cdf3acab3bd7dbbaa8aaffe2d4660094b6cbc,326,0.004432073836149545,stitched_market_reference
1761593387,23670872,0x2717d4c71e4981aa094356e0de70d74aed9ad79f4be48bded3161f528024c26c,123,0.004424970144437906,stitched_market_reference
1761593795,23670906,0x3b342b964ad72c4df2a4bddfcef008587cbc19192629149fb5f10be55a77f2cc,170,0.004402614988042591,stitched_market_reference
1761595055,23671009,0xb9092d0d02ba8f5c6ec32b63e0b4876c1ed0b57d262ea65e6d36fb39708e43c0,246,0.004380326266441437,stitched_market_reference
1761595187,23671020,0xd8f2eaf463f3ef189444711bbc855d2525c6ce4636284951372d449194e2e2b5,263,0.004408161762334023,stitched_market_reference
1761595403,23671038,0x88c014daa462475c123bc2025468d95c7ab37044e4005db39a4ff8a7a6cf6689,431,0.004436938560696725,stitched_market_reference
1761595991,23671086,0xecd5ff4685deb5d2df5e10b0932cfd0896a9d42715fd8be7d6e5db3a8eaa7c3b,223,0.004414147669651396,stitched_market_reference
1761596411,23671121,0xf186f95c0a75912b1cbc1547ce835feb4e447045a6e42844f42af2a935aa1f30,48,0.004437101975881841,stitched_market_reference
1761596783,23671152,0x9f75066915eb442179d8834daefa5a6ad56ce72b7d59dd598c9f5326b9d19dbf,399,0.004413237110627273,stitched_market_reference
1761597935,23671246,0x448d33bb4d4cc4763899260f6f5a42929db0a072b343b22f2cd7419041637429,219,0.004437919213096377,stitched_market_reference
1761600287,23671438,0x267fac109dd2ebd3d56ee67f22b10a28a3a8ea9ede8cea60e1ea8ac272c8b946,1435,0.004475194525742219,stitched_market_reference
1761600359,23671444,0xe75937fd0ef24b349b0ee0bd4cf2c17384259d16c838dbccc7d00b2c53a445f0,211,0.004442223722271095,stitched_market_reference
1761600839,23671484,0x896ab7db106f4194209831375fed9a05353939be8725ce322b6446fa5cb1101b,90,0.004464819657030341,stitched_market_reference
1761600971,23671495,0x1efce2307127480047a75c12f326ed9fc4c1cb1456d91910b11ae47c39e791dd,398,0.004440738786023877,stitched_market_reference
1761601679,23671554,0x18c61d2483a5c94fcaf67e6062ce5a37cabfca220538de7afa007bd23a6f5ee0,268,0.004463468799251543,stitched_market_reference
1761602399,23671614,0x30efd1ba99c159bd43511712ffc3f14dea2552292a7c91dee81bc1a5637d6e77,239,0.004439101510062539,stitched_market_reference
1761604595,23671796,0x242d3896cfba7529fc826cc18f554d9b4c902ee0dd43d80084653b6761d72b0f,39,0.004434713684797617,stitched_market_reference
1761604979,23671828,0x244c81858f514af34c0f906f398e6246a0f0c759b6682f25b80016f58e8edbbb,432,0.00441000006610322,stitched_market_reference
1761606995,23671995,0x64f8a74e92304f3e97b6f496eec8c03c53e0714dfe0b5e974dfca0e779790814,524,0.004432999109481245,stitched_market_reference
1761606995,23671995,0xa50d51a1310489e1c890da56fb9fcbf893e8435803276aad4e5315eb47c8b1b5,536,0.004407412795997713,stitched_market_reference
1761608015,23672080,0xe5d6e62ef8a3c5646f2a24df948fdadd151d405da3a618cba3cbff7cb3efbeb8,82,0.004430813694429135,stitched_market_reference
1761610595,23672293,0xe5dca45518e708dbae90363d8defe0471ea346f781c33fe8673cd281327f00ce,682,0.00441292201674345,stitched_market_reference
1761611051,23672331,0xeaea89a561be072f3f7c6e37bfa7e8539fb73059e575601aa3edb03c2996fee4,339,0.004436288214047756,stitched_market_reference
1761611687,23672383,0xd8e9142d980ae5064bc7efe2a84f65cdcc0e721f0b325d39b2dd5707bb5340db,148,0.004410487022789918,stitched_market_reference
1761613427,23672528,0x87abcea51be07a64fd95f230a6ed27790fd2d55150acb15540e6ac6251027385,532,0.004432601062437827,stitched_market_reference
1761614207,23672591,0xb4c912a2cc352c71ec28fa0c860567dfc8e0417806f13821f53fc609f7d0caba,136,0.004427626720132113,stitched_market_reference
1761616139,23672752,0x650443833e1796539b2f4e94aa6034e765539981a5c71168f7d84bb3f138c5b5,226,0.004451335062243175,stitched_market_reference
1761617603,23672872,0xa395218ecd50d619762a338763dc12cc312f6be9c670fa2d0d49086908497420,260,0.004428563818324022,stitched_market_reference
1761617819,23672890,0xf7992e6388eabd595780f3130add3e51dd5fbbb37b2b2d06749446b88b8d9a93,224,0.004433836899531589,stitched_market_reference
1761618203,23672921,0xbc52412cfef7086d61c81c96d0e3c049406364245202f0f9d8b37f409d7652af,237,0.004411445862577386,stitched_market_reference
1761619835,23673057,0x552075755da9a0477deca3c7d0c034ed24ee8376cb60adf5c7b6f7b2f6a26289,445,0.004386411590735424,stitched_market_reference
1761619847,23673058,0x4abe2774f6742721319e10f994be893242b420343112fc39d724ad08e7fc068d,103,0.004416780490040266,stitched_market_reference
1761620255,23673092,0x1787810374cc5ce52ffe6569171104fc915f59313c4444c36326507a90241b04,388,0.004441182159066718,stitched_market_reference
1761623471,23673359,0x31907f506570ccb56f691a2df1e694468699eff926bdd75f28e239f0046770df,214,0.004454112782623453,stitched_market_reference
1761623879,23673391,0xee649555f02ab38c69520b0a1c01e2c05a0219ab26c577a1b5571fc53eb9a5b2,197,0.004461654617029742,stitched_market_reference
1761626999,23673651,0x63fb5204837dbfa15a6dafdc46ca11bffe083d349460a746066419b346fef2e4,255,0.004438535485693688,stitched_market_reference
1761627491,23673691,0xe85a129333f6b67b728b62c07207a6a827d54af8f3b5f4028b5bfde39dde176d,708,0.00444115658519002,stitched_market_reference
1761629867,23673888,0x165358c1b74ba405f5109311e409f2bcad9f83e47f61894fd448cb7b2e119e2f,100,0.00441761230235662,stitched_market_reference
1761630299,23673923,0x606cad9a5159cf514cff195834c827677f9abd5b2f80fe676f68b776ce6a8759,27,0.004440134059442805,stitched_market_reference
1761630383,23673930,0xa42f47bde2896f82f0c1aaa3cdd6563b5e8bae1aefcdf71cf9047bb6d1401855,2557,0.00441316109690544,stitched_market_reference
1761633275,23674170,0x3d6319a3c6f3351ac22606615009c8444de9bb47f0307bc2cb3b9b2f791447fd,348,0.004438130166561128,stitched_market_reference
1761633743,23674208,0xff7ed6c6d769549f83974965d6892abd707530c1519d2e9b29b3484ecd3e70df,73,0.004460490012245054,stitched_market_reference
1761633923,23674223,0x6f2052ae1c372b4d09fe6010454ce756ea1f9210f8bf08cfef50ff3bc0332182,142,0.004445758458396668,stitched_market_reference
1761634223,23674247,0xbcd8ba59bb8d7da7f8cccaca88eca31756227ba7c540ad73aeba01d8526d3ec8,365,0.004468057402667746,stitched_market_reference
1761634703,23674286,0xc3de7d10b1e032d0daaf2fa0e7d1339581ac2c18b8a9a433a0209810966e21f5,398,0.00449261947157437,stitched_market_reference
1761635099,23674319,0x7ca6addde7d832e4680f6d6e43e5fcdc3179adb83fad9cb70648fddc33c937ce,260,0.004467169643420331,stitched_market_reference
1761638015,23674561,0xb25bfc68a4932477d4a960cb78e76b7733e209b2c7bf8b0efa25b6b5303901b6,270,0.004444110751248198,stitched_market_reference
1761638711,23674618,0x438879186e0dbe5faddca6ca27484ed449df5707be79db381bb0c44f0f1abef9,268,0.004449873864403103,stitched_market_reference
1761639935,23674719,0xa82d4debfeb231cfa418e320e281700ee714e7e22bcd1d704f1a997a09147306,233,0.004472988107471949,stitched_market_reference
1761640775,23674789,0xb36bf4a5d57a89f1e0a1e176e2052f81926018c7351b7ca489fc5c7a8ce45413,112,0.004497540279341095,stitched_market_reference
1761642335,23674918,0xf25cfb82dc804e548c4c6684e29e77be39f8752a36d5e92e102b37d739b55420,80,0.004486765990045796,stitched_market_reference
1761642971,23674970,0x3126dfa7abac74c1e5f0a0334c33c8841a636c12c0b8bb12004bc740e382fdc9,265,0.004462813136176005,stitched_market_reference
1761643811,23675039,0x5509ffd9d477e3c877e42aa74b2354b01553a4162e27a98b19730a98cc05b54d,231,0.004485349838823067,stitched_market_reference
1761643835,23675041,0xfe75dd0c760d412101a81597b266562902bb2b677ddf65a787934fa0c2400325,88,0.004462828271915449,stitched_market_reference
1761644783,23675119,0x4903f587f42238b2c5f92516791873469c0f56f0d97d437fb308afcde364fd74,212,0.004487165987837833,stitched_market_reference
1761647279,23675326,0x98f0c448bf2130f805848778423606365237bf6761f7fe252bb693eee9bc7bc2,491,0.004511076771154332,stitched_market_reference
1761647435,23675339,0xdab54c9a180cb335022913a20886386bec65208163c247479af661b92507acde,551,0.004496450893021246,stitched_market_reference
1761648095,23675394,0x5187e9085cb5c7acb0c8252b109422fdb038a6c89d3dac58ee5e7bb08eb55b59,71,0.004473866513070386,stitched_market_reference
1761650375,23675583,0x3d343502826a7e1f9470408ac613b8945ef4012e3ce8bbf91e262d52a98c79c2,122,0.004497517565595469,stitched_market_reference
1761651047,23675638,0x3ed777b776b745bb262eaef4b53a46f495a8848de325e18e830822e5388b445c,191,0.004496282388889967,stitched_market_reference
1761652031,23675719,0x65c5f0497c2030d896f37bd3ade0bfb088297e75e94470dcfafdb2a5334da73d,886,0.004472911201774653,stitched_market_reference
1761654251,23675901,0x70d5246fdca1332e60383e9beb08e66c8a9792864497f826db7582eb3c343d12,584,0.004449862143952779,stitched_market_reference
1761654683,23675936,0x47c134e041522dedbed1768397786c64d4e2189ff0e24699b9405ecf1fe6085c,28,0.004465185942865492,stitched_market_reference
1761655487,23676002,0xa58881c7a742a9df1749e6b79b43df2c76c5c16bcf5addfce5a2b80b035636ba,121,0.004488395314288497,stitched_market_reference
1761655607,23676012,0x25e80c9ed1a905e7731fa40dee82af1b357ad72783cdf29b7b2f1f1490be8373,349,0.004512798032196001,stitched_market_reference
1761656579,23676093,0x76254f862803ce5fde39d99354d6f6cbe64d96c087868257eec65c1b4d085321,258,0.004488932709614746,stitched_market_reference
1761656963,23676125,0x7512557062e699239b456b13722f5cf3d81947015dc989a479dd75cae5e0fa35,212,0.004514466088329986,stitched_market_reference
1761657659,23676181,0x4fcab618d7ce0e9a96b263140fa1b8c118d65b74b72942c30ba9b616b1decfd9,82,0.004537899140731553,stitched_market_reference
1761657899,23676201,0x84c36b03ede7d6c53d878b35b60a52890df5c0be02a2b23511867a856915be74,243,0.004510519319362388,stitched_market_reference
1761661235,23676476,0x34e9837dcd806010fe726c38646f2063fa2ba2cf317632ffd822b4f687cec14c,514,0.004487274238181198,stitched_market_reference
1761661271,23676479,0x2d77a3adf1a697cd71bfae457612c0af18f3e2feae66bda737d39362c7ff748c,436,0.004492339147950495,stitched_market_reference
1761661451,23676494,0x61bde76a93f063e09c63555b88a13897f04fcdbc36bd1c40b254c99ca222d594,57,0.004465204533584676,stitched_market_reference
1761661631,23676509,0x26131bfb84c9cac61167e11a01ca597100244fabde35a77d49e4cdeed482c440,139,0.004487813803879647,stitched_market_reference
1761661991,23676539,0x610a2925a9f8ca552bdc64444098b2a96a46188b6ae83aeb7dbf53887ee8d043,87,0.004463154367312151,stitched_market_reference
1761662435,23676576,0xc38a97861e213f32e77281e39357472c21c5a8e595e65489f3bf5d3b80f3770e,374,0.004489396776990691,stitched_market_reference
1761662471,23676579,0x8766dfbd6f2769314ca42610fde786e5f7695dbc998748f10ed78db5c02b904e,846,0.004462023917783075,stitched_market_reference
1761662627,23676592,0xa5d368a18a2130454ad7575bcc344b2b60f86c11c9e579936b3416433b4ef158,466,0.004485187908374269,stitched_market_reference
1761662735,23676601,0xce1454f333ebe768c51da4483b3b049c0dacb443504cd50093dacdc2d0153863,875,0.00451060292994379,stitched_market_reference
1761662735,23676601,0x6183426d2aa30ef2b9c1cd1e63674adc1b52ea5e5d069bf4fe5719926e4fb896,878,0.004461999843318513,stitched_market_reference
1761662951,23676619,0x1d5c4db9f3401028b9f698affb9ff7fa9786bfa3698c1e4846ed28cbc5a79ac8,331,0.00448511770696645,stitched_market_reference
1761663071,23676629,0xcc0478fe8f7d520cc9ae14b739252ec8b63d2378834d401321daa6343f04c0a8,248,0.004459715435838234,stitched_market_reference
1761663311,23676649,0x0ae4254c39966d6b080ba6d0dc568603a76ea357c17cb3db0a09406ddfc325ac,151,0.004482502756125062,stitched_market_reference
1761664031,23676709,0x7602e7439007ac6d2f7c239ef2dabf1d8a0403cf07db2fadfae378c44606d4bf,648,0.004505571236062902,stitched_market_reference
1761664067,23676712,0x25e957aece49ed53d9ffed986766075e97beb56f3651ba0a30350064b7b9a69a,259,0.004481518430164151,stitched_market_reference
1761665351,23676817,0x57c1eebed66806a84da827de2e9d5060fc6c15873e57ae07a6c926494972bfd6,130,0.004456029935056917,stitched_market_reference
1761665447,23676825,0xbae9671ee2e9fefb19cb101afdbd1223521897c995d639be553521db3f9c7c13,272,0.004483450700361336,stitched_market_reference
1761665771,23676851,0x607653a1bdbbb803011bf5848316cabcbc3060290e5c8b922c932a5e352cf0fe,193,0.004459280537945871,stitched_market_reference
1761667451,23676990,0x616c5465332858dec562a2b9004f0fea71b0185fe15aa2957d50d246f300729c,222,0.004483346762875543,stitched_market_reference
1761668627,23677087,0xf74fc45d761c5e0f527a6598be9f5f869441099984846c064da4d07fc4e850e4,148,0.00446074915678723,stitched_market_reference
1761668891,23677109,0x8ac48f767bab9dd9be87f57a9f76f3917b7397b17b103303db57ae81bf2096c1,248,0.004484034742108335,stitched_market_reference
1761669083,23677125,0x8618c07d0436a83aa621935cccd908d76b54c0af9f26234eafc2d8c3301a9a35,548,0.004458245463369559,stitched_market_reference
1761669107,23677127,0xa25379ee4ccaa149e9dd7d8a08c6338314c90281537a8b522e7d9a58cc067489,325,0.00448458590236935,stitched_market_reference
1761670271,23677221,0x8fbaf1c8be2aca4e818d5ebddb4ed905428128ab41747131d23d107fe2d551c9,474,0.004508838859479592,stitched_market_reference
1761671123,23677290,0xdb6de5eafe27ed7be3df8bb1edb2f23d2687eee4acf2c1cc3531deabcce51b19,44,0.004481877662867565,stitched_market_reference
1761671939,23677357,0x72548972e1f44855a7836d51d1c029cd8be1da61c8d8036b24c506e3deb4fb3b,46,0.004509236965856537,stitched_market_reference
1761672707,23677421,0x9c12ddd859d697c615a36437bdcc620b48197d41c34503b56596e5bbd8edd4de,420,0.004507877420213389,stitched_market_reference
1761672743,23677424,0x2c8eb72be4e453ff7d5394204aa806581f4f69bdb1e0054b2e4d294f7a6b1e72,577,0.004483240537648698,stitched_market_reference
1761673043,23677449,0x65064b07eaa77fc02390e8ae3cf256ce95e90f1890c921b904e1acd1fcc76dcb,156,0.004509380145023344,stitched_market_reference
1761675779,23677673,0x18f030d35c9c0549dd990011dda8f3bbd3c69cb8e7e21cfcedd17f6eaaafe792,51,0.00448643033432948,stitched_market_reference
1761676199,23677707,0x483e8f498fb4e7a82ebc9f979a621e48fe93589025605ff55245b9df048b7fe6,240,0.004462318912684132,stitched_market_reference
1761676319,23677717,0xe12a57ada1354692887b6c0bdbdd085093f596645a54b3c7d6bc58a6a69a1f3c,7,0.004461060221306098,stitched_market_reference
1761677039,23677777,0x16fc05274b22b295260e1eee562d874f07aa55b8f94d2446dbadd69b4e756c7c,290,0.0044836885929013,stitched_market_reference
1761677159,23677787,0x6d88c6bf28e19d79dc05a8897dd9d3a88fe04c1289f0f81ccdd73dd68592a87b,291,0.004461121407768324,stitched_market_reference
1761679079,23677945,0x9adb8055a8efd1c67b22698448c7c7608434ceecf0f9d503920bc91707bb2b5e,130,0.00448470320682309,stitched_market_reference
1761679091,23677946,0x5725da77472d7717fa9ffbbc87706eee91387ea0ca738abca01a0a4434f44914,429,0.004456730757471621,stitched_market_reference
1761679259,23677960,0x57c48d3c548a3c511b58eeb95dba21aa38bbb51dd40f36d9dea9acdd67d8e30a,75,0.004484605802346945,stitched_market_reference
1761679271,23677961,0x23d59522a120e3200e5826005fe94e6e9b575c65a6a20746e02ca04e1e3f9555,514,0.004460980203513727,stitched_market_reference
1761680171,23678033,0xa605e95af061fe7a6429bbeac5e3373a4e7922d70042d27a3e46a2e3d928f145,751,0.00448425651610215,stitched_market_reference
1761680567,23678066,0x343fd5cabb6a53902040554f8379c47ff28d643cec3288934ce05aecedf56038,84,0.004461418828889139,stitched_market_reference
1761681023,23678104,0x01958fe6ee2858a8989c76710b3b097fd4e07046d2326fd2f1e0363a1207823b,260,0.004491761143882488,stitched_market_reference
1761681023,23678104,0xf74015d007dda79131c80ab898948631f32b67ec3ed4c66fa58ffa6f46670db2,865,0.004451227007626279,stitched_market_reference
1761682031,23678188,0x7199cddccabdb452fd44235dc6c7a5878034a1f13b4e865b0756d8cc1b0af3b2,993,0.004418909719140311,stitched_market_reference
1761682391,23678217,0xb3fcc06203cfbca39d0f399198f2add34c6630b25dfa892592b3eaebc5af186b,605,0.004446125506644416,stitched_market_reference
1761682439,23678221,0x4a1aaaede50ccbf3eea7d5838e8110f450c3131ceb0e7d4ae31ddda5c21f8691,310,0.004423033662630928,stitched_market_reference
1761682763,23678248,0x9bf33494ea245e511f6a728f91ed0d9811502c0fa55f904b49898d76f16391a7,670,0.004445404747899404,stitched_market_reference
1761682799,23678251,0xcf349a8c82bb355131d0a3565eb04f6684f1312f92fd21f69eadd9b446575d31,469,0.004415765825776639,stitched_market_reference
1761683423,23678303,0x5130a057c7035abd968ade6b529a150c6f47cc3169671f6a16d3534f36701544,389,0.004440646256830984,stitched_market_reference
1761684011,23678352,0x06c9f1e30ad5a71d5f77da2022dfd6ecf41b5f6609514daa9d0f7b8351ceb7e8,713,0.004416219628508826,stitched_market_reference
1761684011,23678352,0x8590798c69969ee954c933847d27d9784be74211e100a2ff46d847bc95e1765d,860,0.004449199494876158,stitched_market_reference
1761684479,23678391,0x91490db722d69e5b24fc9691ee6142e254184476cc016ccecd6469a33b9ba051,139,0.004423014485914114,stitched_market_reference
1761684719,23678410,0x11e824c034384b1e89cb34e8e6a628f5443647055d985d32c8b3d0097b4b2317,457,0.004445539607236429,stitched_market_reference
1761685679,23678489,0xaf8ffbcd71d49eecb5da944259b26a456291c79d23f21bcfc5d109ab4738c66c,81,0.004481532644365924,stitched_market_reference
1761685703,23678491,0x584795eafbc90a92a0fa6feeffae27e929c6271b509b6585dffeb9d4445f7c3d,988,0.004438028961282361,stitched_market_reference
1761685739,23678494,0x0b2cab4ab7d570ac9844f424e44305d5f9eac23748623913fdb45e13c289cb66,60,0.00446592519309352,stitched_market_reference
1761685991,23678513,0x69c7d94e10fcab249058fec08d14b67773bbcdce4c03860bb7dda1c1ab1037c2,658,0.004438115867911779,stitched_market_reference
1761686915,23678589,0x167fab99e00972dc770016b3a1714e88ef4920dc5f20bd180422d018ff8188e6,8,0.00446057825646845,stitched_market_reference
1761687299,23678621,0x90acd58c72e1ec87e0d706be2f75c0af5915ec96773edf81707b7d7c7a7d50e8,392,0.004483487112549889,stitched_market_reference
1761687851,23678666,0x911a9463a00ef17ba186bf215511816bcabb0805af8618f551c880dce55036b8,40,0.004460198105798592,stitched_market_reference
1761690611,23678894,0x96041bea48bce1227f484a8fc2e3cab6beaa44519075ae09bcbb1d4b6b68c495,104,0.004483330753994178,stitched_market_reference
1761691475,23678966,0x820d9b0dbcacbb7ffeb0f81ecac752ec23b89a8321f77b64d5cdae9624efaff1,317,0.004469818221752808,stitched_market_reference
1761694247,23679194,0x458b622e89d57996aa4465d685247b44aa5c3396e70565d2c086c4c89e77773e,64,0.004458706857864976,stitched_market_reference
1761695111,23679266,0xa1088b8a797632068a4a7b6943f7407502e7b53d62339f3a75961a968e950a7e,278,0.004473483292119312,stitched_market_reference
1761696947,23679418,0x52d23193f8b6514717dd3b2f6c40b2fb1948042d5f86360350d835a73aae22b2,211,0.00449844344263672,stitched_market_reference
1761698723,23679566,0x40fe6745f426a88389d5ee4262dc09be3f891401aeff7ec4fd9906670eae3bcb,121,0.004475516669738079,stitched_market_reference
1761698735,23679567,0x2c1505219876a827a1737d6e160a6ec66f234e3db86ac67d8dc06bde346ee18e,59,0.004475671099432562,stitched_market_reference
1761702023,23679837,0xf5e21a79c78777f485eb844ec3d9b7f0d1efd97e7b81390390e9d24385abc3cd,108,0.004498119260355975,stitched_market_reference
1761702119,23679845,0x58d3422261f07ab102c32bd51738bf8b08477baf4073cc264bc0e60c8267ab68,268,0.004471923336196768,stitched_market_reference
1761702587,23679884,0xf337476a98dbd32cf07d3825d3673d71b21d307d9f6f8b6427d19f30900a070d,392,0.004494690272673492,stitched_market_reference
1761704123,23680011,0x649f478f3aca1d8238505969bc027257634c6eb96f7a9986ce26f258948d0e46,142,0.004471405910982492,stitched_market_reference
1761706211,23680185,0x886f71667fa33eba3e4d909c30ba657687cc366b11a4c51738556b10782c5bc5,518,0.004454967538736967,stitched_market_reference
1761707735,23680310,0xaea69a44f71e8adfa3beac580dc8266440ee7c2c578b388c54044b47ac85207c,78,0.004441831812127771,stitched_market_reference
1761709847,23680485,0xf95ee2758130abc2736510ca95bdb8e25e4d89bab51b1562adc18491ad81aecf,114,0.004442743012067787,stitched_market_reference
1761711371,23680611,0xd7ee6e2a9452cffa3c1164bbad2ba9636e1605a2037e88c486ca1c38be15fa6f,85,0.00445910451087225,stitched_market_reference
1761712427,23680699,0x9e0919673cf50c448d5c839ceb46e9d7a823069ea7a3f7613b2b4394ad3e1a2a,178,0.004435981557542039,stitched_market_reference
1761714983,23680907,0x017e133a865cfceec0b92797df1dfb4e0b1ce65c00d96b420e6519a88a49cd45,99,0.004436899634525302,stitched_market_reference
1761716051,23680996,0x832a741eb4cc333aa4aef4787d34ff39af0aa1bcf223f6570acd99cb1b063416,90,0.004430092277116717,stitched_market_reference
1761716471,23681031,0x8dbf176102922e957c1d6731a371136b1502df750880e84a5b2462820db4f562,840,0.004454857186838992,stitched_market_reference
1761717383,23681107,0xaeba28b71a488e030de0d71ea0a44be3c1412d02b042f8e21224d04b0cf78603,153,0.004432283049852212,stitched_market_reference
1761719663,23681296,0xbb08700762db0986a3e0d2dcc624af762474ca54782354cf709ca2cdb1cad0cc,450,0.004436030395216283,stitched_market_reference
1761720995,23681406,0xf34b1329b13ec0eabdc5d5b16be019594489fb1508e12b96889f7d694da765b8,201,0.004456509770765076,stitched_market_reference
1761723287,23681595,0x53155d11c46136b8c5d2b923af0d58efda3f6230932be158a03f4d3add824a1b,260,0.004456861144547912,stitched_market_reference
1761724631,23681707,0x3b07ae49592a0789361cfdecc8a28d6f4bfc159d65dce884cbd9ce5306f9f283,144,0.004455820414795324,stitched_market_reference
1761726491,23681861,0x973af9eae443103235055694c882664922ec2c6d1c3121bc92b9b4e89e275d67,269,0.004432054183030811,stitched_market_reference
1761726923,23681897,0xcdb66137cffcae78a0666ec74880d823c083e46b8f340f5e3e93cd92ca8e7678,219,0.00443872375026214,stitched_market_reference
1761729287,23682091,0xc5889b7ce9301aa781cce4ca5ae58ea27c5943cea8e2625dd0a7ab9c9363872c,376,0.004463010834316281,stitched_market_reference
1761730127,23682161,0x569837ed9afbfc490322a3b0f25118a9dabc5993db0ab206b72da006233634d7,394,0.00446865325609482,stitched_market_reference
1761732899,23682391,0x87c654c129ccf36edd9f042e74f240435d5fb51fa07dee72919e2814f62b27ff,219,0.004468948137934333,stitched_market_reference
1761733487,23682440,0x3a2fe5df7b24259ca3ef7ee109958f17a612a6665813f3376df1e567af5da889,232,0.004494792325705768,stitched_market_reference
1761736283,23682672,0x02cdbc46d2a5d4471051dd2c13731cb949d285fb703175ca49988b87d393388b,95,0.004518884921490505,stitched_market_reference
1761736523,23682691,0x4238cc1bd271c31370f5adb213ab431bec54bd086cdea9ff313b50c94af5adb5,111,0.004508733562235396,stitched_market_reference
1761738863,23682883,0x9e67ccb97ac02c060350f7c1695bbdac776c575f8c82412a330e88199e074616,335,0.00453277981918309,stitched_market_reference
1761740159,23682989,0x0749331bd9400bb73bdaf41f0cb7a9edae18a1b513de39bfe4847f827ab69bec,583,0.004520359256353614,stitched_market_reference
1761741443,23683096,0x00c71dc2b86e137a00f23a7c2543a3ccbe7827cd1a6005dfb401b020bb5ed972,121,0.004497356823639715,stitched_market_reference
1761743279,23683248,0x345195ca21bc0baf76049caa363451fe5ddd7be834da1a21c199f92331319f2a,615,0.004523515031040362,stitched_market_reference
1761743783,23683290,0x399a7e1bfc9c4079572d9316e9f11120babd5e7c18770d42ac623eb0b0ae5dba,337,0.004513010204616222,stitched_market_reference
1761744395,23683341,0x57f88cae04d11640c436fb22a48dcbf1b3a467c9d687bc2813b59439329771e6,184,0.004537924852239878,stitched_market_reference
1761745019,23683390,0x082b616813a451aa9e63e2a6a8f2d5b0cd3d5172a8d599dbe9c8c2f1987f77ee,154,0.004514268254930385,stitched_market_reference
1761745055,23683393,0x417c9f5e49f1d6918f8a753c69e0a858fa48a1d04e8cd963a93c6b7d31833a0e,437,0.00453890726078072,stitched_market_reference
1761746615,23683523,0x1d69b1e7462f5331df6e70818e7b3d2aa9ae5773854f7145d083a29ac7d042f1,852,0.004566504400865079,stitched_market_reference
1761747167,23683568,0x9b131f7d49fda37d1bcd5b40102270bab4645fba6572175f2e07981e4e4c1eb3,316,0.004543198967602309,stitched_market_reference
1761748583,23683683,0xb9edf3cab6b38df7c104de34ac8828056b6acd1e0d127b0632642e6ce709841b,108,0.004570466549878401,stitched_market_reference
1761749195,23683734,0x018c5a9cbf50c6af92689cf48e0f4873f55dbefe29797e0169c8177f06376111,368,0.004544541560276671,stitched_market_reference
1761749327,23683745,0xddfb49aaa6c6cdb53cadf8accb230153d5d7c15380112d887c44800738016591,239,0.00456742728368505,stitched_market_reference
1761749747,23683780,0x324e12d3287cc28b3d322f905ed20462340f60ac2a09379e99966d50dc475748,95,0.004541869497059834,stitched_market_reference
1761749759,23683781,0xbb17d231681a9e58823b8ca2c30cb3939cdc62ef2325cdaa5618739c74808ee0,579,0.004564813023432856,stitched_market_reference
1761752015,23683969,0xa9066d7bb90cc16866fab787c47a4c8172c6f8df6f40eb40455df7860f0ad485,13,0.004589542882655654,stitched_market_reference
1761752015,23683969,0x5fd503cf2809c6c32e319dd1b0c5e04c2c0619489e9c12d28aff1b3e99b4d0a9,274,0.004560693367114635,stitched_market_reference
1761752915,23684044,0xfda16413056561973ba1ea75afdcb2e1b2a4eebc5c3cca1350fe6b3e777d0b42,869,0.004529279408709336,stitched_market_reference
1761753179,23684066,0x2c3513ec3fe0385bc467c79e15a05493ef110194dc4b13757ad6dfd187e4d630,93,0.004553594979283481,stitched_market_reference
1761753899,23684126,0x7ecb5f3690867f2f1d99637e739091f42bb74507152785c3037daeeea58b6173,644,0.004530338568719415,stitched_market_reference
1761753959,23684131,0xf01ceadd746b4c3d89379dbcdaf22ba3ff496db5b875ad86b9fa78e4be584eb7,232,0.004556152463359819,stitched_market_reference
1761754835,23684204,0x5acd6a16d563d4067fc0ce35ba6f61bea2004cf75b83e1abef3cecc8b2198e63,33,0.004581352596749774,stitched_market_reference
1761754859,23684206,0x78ff2401e598eca66bde74fa32cb614fa7e25123920a0eb539c3d6a05d0bc38d,352,0.004553510653986406,stitched_market_reference
1761755015,23684219,0x05062df2bb542f2cc774ec14e9d98580245590336eb72b7b552146b0f16537a7,337,0.004581291409658829,stitched_market_reference
1761758399,23684499,0x68f702ec553626cbbbce7f41603cdc27611bce6137538273dc32790bf0229002,381,0.004556015428368835,stitched_market_reference
1761758471,23684505,0x1638b6ea0f84fc31b096cfa58023aae9f9b45ace6b0f32de31d380b74788a487,15,0.004553930216417439,stitched_market_reference
1761759335,23684576,0x5ddd8032674d56085f41d683b651a35016fcc291d04ba99b0c03a09611824eee,118,0.004577242395103792,stitched_market_reference
1761759407,23684582,0x702ec41d66c1f69a5919b5652afad1d9ba47a30d0236be3678df5abb30dead8b,415,0.004549478776750124,stitched_market_reference
1761759431,23684584,0x6b6694b5381d519d343eb0daac086416549a32315fa9a51432b6d4d29318d77d,251,0.004576674104399174,stitched_market_reference
1761759587,23684597,0x6351ddc50beac9f763737a2db70cbd7ca249b841398cc65f5d2433e505c5c779,607,0.004602790215807125,stitched_market_reference
1761759611,23684599,0x0d0c0a62ebf7e6ca559bec002701ca0f527bdb16a473b211f366da80fad26a97,328,0.004575450315407993,stitched_market_reference
1761760835,23684700,0x5217a63ddf7316d6963e1f49df95cb8c816cbc4b29962d87a25c46fe9684e7a4,243,0.004599166015025124,stitched_market_reference
1761760991,23684713,0x22ada386cb78b502fa8e1b4252ad3214f5c2467e2b2f1e81290fca8b47296cdf,258,0.004623709784577266,stitched_market_reference
1761760991,23684713,0x5ff532eb7d7b1fbbc2a7ae44ffbcdfd0417bec359c89df2237e45fa109a864c5,492,0.00459225973581229,stitched_market_reference
1761761087,23684721,0x6db764dbf7ff3854ecd5bf34a414c55dca57c4fef998059e0960f4ed41047fce,31,0.004568355664061726,stitched_market_reference
1761761135,23684725,0x16fd2ab8e8925877b8644af43f074626c4d1c04610c5a77c06d32412dee2eb6b,381,0.00460683108290792,stitched_market_reference
1761761147,23684726,0x84cb55ba96c05dd87fc471225ca791ab45a47ca4b2b585e34b2644da6b7db3cb,256,0.004575100408514029,stitched_market_reference
1761761315,23684740,0xa70db522d7fdb807b09ff50d0f90b705b93a2b65ce77952df617ade177cdcaee,399,0.004601659550625166,stitched_market_reference
1761761495,23684755,0xc422b52ecf664cb8df4868342cc86c22833d215ffcfe873c188b861638af21b7,156,0.004577699341979107,stitched_market_reference
1761761855,23684785,0x816e0e95bfc665a82cbd7e957c4fdc4d04cce187220ebb5eb9d83b4ccb22dfad,254,0.004604170003189609,stitched_market_reference
1761762695,23684854,0x1e57861ce11d45debf36c8813a8f90aeb582deab6e1c50314b793e288b4e15f4,283,0.004580922978549091,stitched_market_reference
1761762887,23684870,0x3630c96ca80a0729e083123117823b38e088a573a7b48c028562646c3edb3971,207,0.004608045477025447,stitched_market_reference
1761763031,23684881,0xcab0b8ddeda87aeed8f8fa7154aa02c36eb0a547354016ac90036ec30bb5198e,625,0.00453911518748314,stitched_market_reference
1761763031,23684881,0xf3eef60673a0eb75c6fc3a998f1cb7f48e4cff23120f2723c39eac00c575641e,731,0.004592142581159265,stitched_market_reference
1761763043,23684882,0x5ef74352e728d86e2fa773b33220abdaac9130e01cadc1d14034c04ab13cff3f,152,0.004630625312608144,stitched_market_reference
1761763043,23684882,0x11cd58106ff0153a95b01f76ad1d1c0de81eb4d17b4c9ad3f8aabf23f48c69e8,155,0.004601820437193884,stitched_market_reference
1761763187,23684894,0x1644db36277b410a011102bf648242d526b87707cb9a52a66055f80956245e58,237,0.004563701126521964,stitched_market_reference
1761763187,23684894,0xbd979726a47ab44190996471792dbbe27a90059558909a2ccaee0a46f6c450a4,889,0.004591160639533244,stitched_market_reference
1761763211,23684896,0x37af37da7e410cf53faef7884ddcc2c867e5ab01d5307a5322534919cb263d57,312,0.004616936477998445,stitched_market_reference
1761763223,23684897,0x726c6695647d3d2c5c59d103801129a3befec8f20b8ed06d96e6226e97c3eff2,775,0.004586007018727543,stitched_market_reference
1761763343,23684907,0x6589349f873928e7ca5da4b4a8a1cd90cd69cc834d64552808852f51630cd58f,882,0.004546884784890668,stitched_market_reference
1761763355,23684908,0xd915e41fe721967cb82fc639e7fe993c75d14384808af80b3741dbc4b98aa945,240,0.004572814361483851,stitched_market_reference
1761763439,23684915,0x973c50dcdf10051bf52f21306725787c7d34c80985155e1cae8772411def97fc,384,0.004609546755244343,stitched_market_reference
1761763451,23684916,0xb44e5c1fe7d777e3f2d3315e7ee746a9acabc638fb29fa92ffa549886ff1905e,50,0.004585153767485393,stitched_market_reference
1761763547,23684924,0xd13cc97b7fb326b55755d9c9ce2cc556a3f94f9bd95c117de6a5d37f7033bbff,514,0.004619539996633584,stitched_market_reference
1761763571,23684926,0x42248584b2973c6d228ede54f290ebb551728f603201d87a43f8238bdabbbb6c,356,0.004595507233813915,stitched_market_reference
1761763847,23684949,0x7fb8dc830c78fa536d54eed019d048c7bbffd7551bbe0fd9cebfb4ace4fc1500,526,0.0046313256565904,stitched_market_reference
1761763871,23684951,0xb67dd3b8ffa24e69821daaa1a00160d1443474aab3077bbb22d28ce53ef4d2e0,142,0.004607547791790031,stitched_market_reference
1761764027,23684964,0xa1227fead6e41627dbededb86e669dc06c6788633cd23b9cade665069b898dd6,810,0.00464345519174014,stitched_market_reference
1761764051,23684966,0x5d8c43cb4896f602b1bc972a2a276355152bee8b4122161a40213e842cfb5035,243,0.004612239519163784,stitched_market_reference
1761764351,23684990,0x3fed49c18c6d5cfb0d60d7c215ceb53c6558383948c5bb58dad6099da3430c7a,85,0.004641566586914173,stitched_market_reference
1761764891,23685035,0xf0b7a5bcbdda2e7160bdae35f748f927926b63d4c872d1a4545ed5a6d1760de8,433,0.004609444378290457,stitched_market_reference
1761764987,23685043,0x483d9ec59c2eeb77947b471d759f6dc6042b75ac1e2083205cc3893e8a011f03,199,0.004639778640594676,stitched_market_reference
1761765167,23685058,0x2a38cb25eeb28fa631e104dd000e99e70c4e3885df83690910f7f2e1eac0c680,112,0.004664886420641395,stitched_market_reference
1761765647,23685098,0x49823539be25188c83668540ae9f3ea0b178a77382c7eeaee48f5a21ddd7a89b,156,0.004688584619067141,stitched_market_reference
1761766391,23685160,0x4a905a93c36712f05a249cddb71a492d7b697f23210f1ca4e92b90b071631114,502,0.004659962768679957,stitched_market_reference
1761766571,23685175,0x585c1b6684f0ef9010eccf937f93c2940c1914ab8770bdd01eb4589ca7c9b264,203,0.004635736057671495,stitched_market_reference
1761766619,23685179,0x480e6107f66289306ba8b3d202490fafe47f67677a957578f575d88751b9cf6b,564,0.004662699765687404,stitched_market_reference
1761767447,23685248,0xb38f014ac96f80c68a013857f08147f19edc92246f45d3ae4ac89e29d74fa9b6,732,0.004687028975071197,stitched_market_reference
1761768407,23685327,0x806fe75e6a5167aeca4c46656a79bc05849f024a231dc6e2e513d1bfe2f299b4,167,0.004661455003527121,stitched_market_reference
1761769043,23685380,0x58a6a63a6602b5c6fa15f5bdde04b3b16066bfbc4042cbb4282d2cdcb109e0bc,126,0.004693775534755148,stitched_market_reference
1761769427,23685411,0xf32fb413a3d2b0878436d6dab47289fa36a32b38ce0e6c0ad9b5be4defd8c855,370,0.00466835793683575,stitched_market_reference
1761769607,23685426,0x1c7dc55f2b2697b42733faa2eec3f8267a08b29575f7b922e50e476f763212dd,351,0.004696528941667967,stitched_market_reference
1761771071,23685548,0xc1812c3185db4f5ee195d1d599b9a39fe2cbaea2760c3d858f4ffa422db778d9,106,0.004672236809744278,stitched_market_reference
1761773219,23685725,0x532748767be9e0ce9af2684464be6c5f29c1f19ce60e4625bd8e26f96ea2c1c9,320,0.00466467487500407,stitched_market_reference
1761773699,23685765,0x0586c05f81d92a3102c3f057805824a732fb25be6f8732028ff1bcf047dbafe1,336,0.00468911970605382,stitched_market_reference
1761773879,23685780,0x1d59d64914cd171751e74b3da23df65efbadcaa3e1adb215872512fef1b0b808,134,0.004715939076466376,stitched_market_reference
1761774707,23685848,0x173ecdd6e1439509b08e24e4b0d8432620ec23207b3d66b551fe2e5a9b39a345,404,0.004699146240148681,stitched_market_reference
1761775163,23685886,0xf90a1b685375502e7b01583c48a68e00551ebc3ec234a02175f6fc00318fd5ff,102,0.004674651289225353,stitched_market_reference
1761777047,23686043,0x4c9515c80726f6dd33d231402ca0a28b9f6fe6cdb37091ec03c656c1fcdb86a4,116,0.004698880580042693,stitched_market_reference
1761777059,23686044,0xb96da093297808614b8602fb779602e9b87374cc4d031f0b5f5d105569550037,337,0.004672251216460094,stitched_market_reference
1761779183,23686220,0x61b818b920889e58da906120b39200999b07b3a193fed907404cbd2e87613992,736,0.004648865017983557,stitched_market_reference
1761779447,23686242,0x32233fae4968e16d138b504be5c706c1af114c5cd3e68e74441b24eed7650510,588,0.004673128995804164,stitched_market_reference
1761779735,23686265,0x8a8bbfde43ebb1d11c8a914f9355edffee08008f29bfe9f4af89ae8b6ef22f7d,322,0.004649609214353301,stitched_market_reference
1761781079,23686377,0x1af8ef933515ef14cc4e4173be8b3e966577cab709ea4fd5c36d6a3120f7369a,808,0.00461790675345864,stitched_market_reference
1761781079,23686377,0x44e7e9a5616837fd6ae84fb76a9f194ce311c0a9b118df0db85e90c951168936,876,0.004643979729296298,stitched_market_reference
1761781343,23686399,0xef4d32272818d15760d4e9685d3175b8dcb2916f04ff962be77cb27a48dd04b3,79,0.004669279385622762,stitched_market_reference
1761781607,23686421,0xe452991fd76cbfe53af4f8851c613ad83107e871f77d8792d6044e9614be59e6,542,0.004645862873572394,stitched_market_reference
1761782639,23686507,0x2d27f82474b6cb22e8c8dba187843eba310dd187fdeec3b94f6ead9a7dd46707,244,0.004674406169469064,stitched_market_reference
1761782795,23686520,0x87d3d7254029d52c84687f5126d1cd8e221fdf29460d84ee1bbf506e646dd650,381,0.004645783298049731,stitched_market_reference
1761783515,23686580,0x9e169c7ced5ba40e63db3e0c62864c8e92d59e566fec4c62c15faa4865d59f01,25,0.004672776598813389,stitched_market_reference
1761783683,23686594,0x815101efe129db7beb60c05de74858cf5bf8385146e80fe50426415db67d4d9f,164,0.004649123713597874,stitched_market_reference
1761784775,23686685,0x8ee8ab7e55cc5501235ac81c384521b3617e5d689d16a289688fe63d26d229c8,176,0.00462488122999185,stitched_market_reference
1761785351,23686732,0xdf59cc7af040a890ef8418e8cf6b25dad4cfa7e910ced4b535cc72618a94a936,514,0.004650116439945639,stitched_market_reference
1761785855,23686774,0x41e9b31a55c0779567460c5f3df64e0d773472121c2ccf0e61e9291809f397a2,103,0.004674766226350511,stitched_market_reference
1761786191,23686802,0xa01b4b3a620e1ac1b07c0ccc1e5649d0845b054396e471d51c7cc08909f4a4e5,301,0.004650759010877139,stitched_market_reference
1761787307,23686895,0xac611d2615455faf3eeac8c5e55245b55b48f4a54c8d2fc6d113197f33224985,78,0.004648708375879545,stitched_market_reference
1761787595,23686919,0x3219b04083d48383fd24eb230ca0009a26c47defff7696eef032b280a4a47f39,220,0.004618541554210557,stitched_market_reference
1761789431,23687071,0x7e3cb689a4fd759b7c513211a685bd0db5f3a4052f3bf45718e7c83dfa3bae91,315,0.004644475135920208,stitched_market_reference
1761789647,23687089,0x88b8235cd73d1c86f87bba07d4a0b358b92e8c178cf2c06622edd776d4842807,168,0.004620627215987861,stitched_market_reference
1761790355,23687147,0x9e4aed57248963d67fa8a6d57ef59515a08183ae8a791c7d93541b6f5b9eef5d,350,0.004644177866208762,stitched_market_reference
1761790607,23687168,0x853f86706488a58986dcdf86cb10bd030efc8492a26ed9b5b8c1b0ea75a3978c,635,0.004620794126799367,stitched_market_reference
1761790751,23687180,0xca8ec65535bdceb951a2f209e0ebeb55f075e7f4da92686dfd8dd4d4ce47c725,289,0.00464551764775729,stitched_market_reference
1761793295,23687389,0x150bbae64e36a5910e11308f4bec99ae7af21ac4dabc23a1a5f3874b6d2d95d7,296,0.004617575211364927,stitched_market_reference
1761794219,23687465,0xdffd43b203188222c0b0683c0ff7865449ecfd0c2cdd769a274aa5224c4115bf,176,0.004603257515491598,stitched_market_reference
1761796439,23687650,0x41fd97be44ca2eeb7008b1bc8ba5052c19434b681eac07b3d13ca6863e024836,219,0.004626546601190818,stitched_market_reference
1761796907,23687689,0xac474824b1f333f0d9283b9e7f7648398b4cca1d4f4cc856e53bc7163b9eb956,113,0.004616155717698096,stitched_market_reference
1761797267,23687719,0xe7da9c9fc4211bf58b384f37907d8ba5f8afe518c3d18eee933720578e852afb,296,0.004590399058840434,stitched_market_reference
1761797399,23687730,0x808b7b3aad7e32c4ddb4a482e74c1aca7f9dd3ffaa4e3232c7a6eba9aba272c4,493,0.004615473550943175,stitched_market_reference
1761797447,23687734,0x3cb2ca12e0404d7723f3b14c05a58e36739dce2513457e4121bd29336b6869f6,461,0.004586716257815158,stitched_market_reference
1761797639,23687749,0xeb8dd8892c8244f310076ab6cd57eaaa24a9cebcb7efb5f5cc2827431192c1a8,51,0.004609929183876061,stitched_market_reference
1761797747,23687758,0xc22ca54a847ec4d055dd0a940fd6bc39bc8edbfa6ab7f4148e1560017081ea3e,309,0.004580850053235537,stitched_market_reference
1761798299,23687803,0x76febf257a11f2ef913571ed2c1e3eb0f7b911750b82af594e2aa2ae575a51dd,500,0.004604009938430839,stitched_market_reference
1761798311,23687804,0x8ef58bb98e5836320e75e098fc804ce54f543dda3eb5ee02d1dbff55a5c3b027,386,0.004576809598275443,stitched_market_reference
1761798527,23687821,0x25df89e2a89deaee14eaadd2c7e59640bc53029393d2f97782d723b904f824dc,1264,0.004545644408372578,stitched_market_reference
1761798575,23687825,0x14e779737c2e523c5fe46cc648ca0f99a3e979e84727eda4c93ef9d0574e7f33,439,0.004576885550894832,stitched_market_reference
1761798863,23687849,0xf5e4f54d27c40550546ce542b5b97a26790dbb9e1e54af245661a27d3c91b592,359,0.004550063215797816,stitched_market_reference
1761798947,23687856,0xaa55c9486fb8ba5cbc094a97759680a1d7033bdaab713b86c1b5043b213a6ed2,581,0.004575796303605087,stitched_market_reference
1761798959,23687857,0x04ecdd5f855cb7ccb518caa6ea09957c4aeb3da5b4ab8e1a153504c17bbed778,281,0.004550696931026063,stitched_market_reference
1761798983,23687859,0xb3a2cd214bfbc87f304d8452fe67695490b4134b97ba45ebf5875147fc947c3a,631,0.004581690550599396,stitched_market_reference
1761799031,23687863,0x39837f0cc94b19c3ccf2998b3d2320a5aa88a89aaf41784ed1d3d6e4bcb88389,288,0.004609734819258801,stitched_market_reference
1761799043,23687864,0x445f12b3c7628cc1ff4405a44cee41342cc4e81426dbf6c6bad44340f50ca1e3,238,0.004579315485475875,stitched_market_reference
1761799331,23687888,0xc3c4d5f1b913ecc71029fd05ea8bc46035dd1a4c4741e6eeac158270c76d56b9,121,0.004553439052511249,stitched_market_reference
1761799379,23687892,0xf938267a8334780d1d26c1bd007d0842332a4ba9fe545b6ffdbce9990c970545,114,0.004576964269954293,stitched_market_reference
1761800387,23687975,0x4d4eec86b84d46af008019ddce240793116b241ff3106744778605c3b31df060,429,0.00454478360396995,stitched_market_reference
1761800399,23687976,0xbe11993330b46f6ee6c9aa274c249acf377074e518b91d719199c68b8b9ba929,252,0.004568044067175067,stitched_market_reference
1761801887,23688098,0xb0250099649f4c5dd3ee14dc139a23cf4dac126c70c2c63ba18d4e30a65ae8d5,66,0.004541465272307974,stitched_market_reference
1761802367,23688137,0xe41c6e35fd4d51132cbaba8b677bda5ff1cbfac80b676098175ce7ea34a28a57,451,0.004573677618037998,stitched_market_reference
1761802787,23688172,0xa3facecb4ab292778d99bd7ad76bcb9cce6789461c27ee159acea4d74ff33b82,522,0.004605866809390874,stitched_market_reference
1761802799,23688173,0xbe0d77d485d32f7223bd5fe81b716520000abbc61e076189152aec600eef4a10,1300,0.004577723270003556,stitched_market_reference
1761802847,23688176,0xf7d80d9bb427d1993efb2d290414447f447491f7442474fca1beee5e7a2fb685,1015,0.004600922283406248,stitched_market_reference
1761803183,23688204,0xe2ba855ff26b8900ba53fe990c0025e0ff3a7988a8314afc2c2357145a85ff05,369,0.004572043855110371,stitched_market_reference
1761803291,23688213,0x2dd774b3ab5d71f628edc0f455961cf3dd62b65c5cd02e557778ed3393e07d85,253,0.004595935673384741,stitched_market_reference
1761803627,23688240,0x7ae3100330ac7446fa14965da7c755a4e928ec426afc42819c3a29a52bdd2022,252,0.004624446684159736,stitched_market_reference
1761804947,23688349,0xc8feab422df20fe29a678130f073ad78e95f8d49e7cf10afda1e72d0b1fba05d,120,0.004595931260890801,stitched_market_reference
1761805019,23688355,0x163555b941019caf5ff873481aafac590ba3de9634218e7fff792974c6d5db42,161,0.004619632344701657,stitched_market_reference
1761806039,23688438,0x2181e1f3be8989d1ba67a30eb0cae207502a9ed723dce47ee8f5a042faa50a4c,274,0.00464352116006967,stitched_market_reference
1761806639,23688487,0x461299e7f28cbdbddd32d8f722e95d7ba2c42cc9108b08d41b68fd5fd2b2dc68,722,0.004616119997452577,stitched_market_reference
1761806867,23688505,0x034b8d027ef0864b41eeb6eb956b0897413d833337e993b4414fb2346f9aca3d,87,0.004641472013677049,stitched_market_reference
1761808343,23688627,0xcbdc7d0f600357725941842286e7e39bdd643a072b6f448019d0d6258d44fb67,812,0.004666699500239867,stitched_market_reference
1761808823,23688667,0x07e4bf978fbf9459a3f6a5e299ed9afcc0c8be27ee7e748714664b46aa6eddc2,149,0.004695401826169044,stitched_market_reference
1761810275,23688788,0x697d290d9cd746854cfa9c4038da255442aa3c4cb0d505ac1128b3fc901dcecc,191,0.004677310568129891,stitched_market_reference
1761810599,23688815,0x1e7352599d853c2b3adb528204ea195be8acfa7604060684683aa2ab2a16133e,397,0.004652557466356789,stitched_market_reference
1761813899,23689089,0x3297d26da6502d60e3b308469a9adcbe987dcd77002a437b7e815ee3c7d5f3d3,104,0.004657748995427639,stitched_market_reference
1761814295,23689122,0xebe18dbf35412867a84f650a10954311ca7d059e63055650b6721aaac8f8f355,5,0.004640984519037948,stitched_market_reference
1761815219,23689199,0x68b1d78f7e5627f9172e37149a51092e668b65417944afdef213cd2873506e77,135,0.004614200416316135,stitched_market_reference
1761815555,23689227,0xd96e4382a72f356180ef3d92b91d7ac471583f89270b548bfc7498a4b0c058fe,183,0.004639327833997751,stitched_market_reference
1761815963,23689261,0xad3a80e87c0a220680c84e49c7289f5c14b3f8b7ed9f1dc5cccb7fca267d18e2,513,0.004614790963916998,stitched_market_reference
1761818435,23689467,0x8595c4ab2a0399da4f1b263f65b706e03f5df4cace3d0bf7e164a15ec4645813,152,0.004587917816620668,stitched_market_reference
1761819179,23689529,0x5d7fe866995449f150c029d491e516893a3826f303b2a8cae70b92279202f773,12,0.004606339880181139,stitched_market_reference
1761820955,23689677,0xcad125c8f4b9d1016c5a7c474df41b2a2c4d64d765d55db003b08efaac3b5e7c,120,0.004581909540608844,stitched_market_reference
1761822107,23689773,0xce0e6598123e21630cc76b7d4bbf0918fde086d73f74c1a127a72b9e61ac4e50,352,0.004557955230850149,stitched_market_reference
1761822611,23689814,0xc582c3590a9cce3c749461a8a217478c47f66455ef493a7cff40ccf916f8c3e5,329,0.004532337478672499,stitched_market_reference
1761822815,23689831,0x7a61040040a2e03f423344ab352f836a0e61c8c55e71e550ee3b482a4571dbbb,406,0.004548480668337078,stitched_market_reference
1761823571,23689894,0x6b3be5bb2d0e6d5a1a856ea05049c6772e87c4eb2e660764a238c5feb9f2085c,182,0.004571269470604717,stitched_market_reference
1761825707,23690071,0x82e790804a7b15e21ed4e83533baa5f5fec8e773c24dc734192782658787425d,93,0.004547946502235037,stitched_market_reference
1761826451,23690131,0x2d39ee26ef2e9fc0abc7e540918c70a4379c6320318e633cb2c7ec4ba6fae07b,46,0.004556279744547167,stitched_market_reference
1761827027,23690179,0xa5e8c88f9331a587c01131f1e3f3626bff1e8a994dd96cf163eb0e972ec6d08f,115,0.004532594698172031,stitched_market_reference
1761827111,23690186,0x5602f5aa69c88e9f7f9d255fef011d8132c33d66dbb8763588bb7489ff2bb2a9,578,0.004560376736067981,stitched_market_reference
1761827207,23690194,0xc7f5fca8a4edd3a881305852160d3fe5780f3554c0d6fddcdf913e0d7ff866a4,430,0.004535843469961362,stitched_market_reference
1761828131,23690271,0xa0594358c2b23d183caca8c61f1af85c9ad3b729d22f40d9115dbbc7fe76b289,518,0.004506239764381321,stitched_market_reference
1761828191,23690276,0xb904a88b166af0922cc9a08f31a188dc43672b7d29edab65f8d4858fc09d97e1,354,0.00453907515865062,stitched_market_reference
1761828731,23690321,0x54216b44c6d94ebba75a94a6970781cdb242031f97102f07da61ef1645325705,218,0.004569842334092108,stitched_market_reference
1761829211,23690361,0xd46543358956aa6b4c200cd100c769bb77313731d9afafca4ad72f03a58192e4,240,0.004545801859099557,stitched_market_reference
1761829571,23690391,0x5f36d4ab04e5e6e961af3915ba0b0eefb25e801a6942c6fdc9324529b0d585c6,118,0.004569252788919091,stitched_market_reference
1761830291,23690451,0x9eed4f22eb72a1982cc6b73456f3643da8a0dfa070a36de2b5d628102c8ac7fc,189,0.004545139462622573,stitched_market_reference
1761831431,23690546,0xab3816f97906bc17c9ecfb8125450fb12e89dff21003b9512bd3b33bab572683,2,0.00458500504604764,stitched_market_reference
1761831455,23690548,0x9370e1b279104b11105a8c3124bee89d89f9509d7a0bd0b628400968786b6649,892,0.00454271788257283,stitched_market_reference
1761832007,23690594,0x267513f21fe1034866458996930571a9626a654b89446619ef5fe8fe701b415c,157,0.004573442210035819,stitched_market_reference
1761832607,23690644,0x50f085e26434f6edf11bb539d7f531787b0d2eb478eca91f537502512e577007,230,0.004545387660228808,stitched_market_reference
1761832691,23690651,0xe011ac1a82bd307ef76f6c0f7e003f0b561d95fa5f86d49f31a3323ed31520f4,2,0.004571771990584529,stitched_market_reference
1761833183,23690691,0x64c03a4ed297a1b7f473b4ba35d657c442226b898023b92a5e4994aa105d3a8d,510,0.004543186265373842,stitched_market_reference
1761833903,23690751,0x77ac42863092313c166674b3643098c12fccede0be7e2f38ed8b3db252049a16,88,0.004519350551333257,stitched_market_reference
1761834467,23690797,0xd2b4965bd764b9df50cfcfb4b19de0933e73135b356c5e931a10af68d73f2e10,183,0.004485637880831764,stitched_market_reference
1761835019,23690843,0x48fb93f5fdaad760d81388e34d2a389f6a160eba4463834d752bb0deb73b6b14,71,0.004518759057994926,stitched_market_reference
1761836807,23690990,0x7a71e31ad3d2028628a91213a7341060db884f33d72dbb7a99c1ff2535c3998e,30,0.004509905423927209,stitched_market_reference
1761836963,23691002,0x6363baa87ccc82c94826b18390ea1cc5b3392a0a9799a78ddee57bc7604fe578,123,0.004485749903583866,stitched_market_reference
1761838631,23691139,0x3c8f021cb0acafb7e825f925ade797a5b60df953f6772ab8491e0bf39757ba40,190,0.004511302799025338,stitched_market_reference
1761838679,23691143,0xd750adc46ad3f46bb8ad0a106666adfdd02c541fbdd539964e7eb0d412cb2f70,166,0.004481507842549127,stitched_market_reference
1761840143,23691263,0x42c1a72ba521add4815f8021ea55239b3d7a49eb89e51f40f59440c4219b6956,143,0.004458169144479055,stitched_market_reference
1761840395,23691284,0x1efe4cffe2379358780db28b1acf6519ca01d603021457ffa52d0f3ba045568b,395,0.004483273574016938,stitched_market_reference
1761841667,23691390,0x95aa4463ef6c207952b041b1c6dd6471da74eff567b922349ac87a66abeb3791,1002,0.004453498839247642,stitched_market_reference
1761842651,23691470,0xdcef4dee07df5189f5eb48b28198baa3ee1ce9630fb521c833d2a614496520aa,166,0.00447906643972377,stitched_market_reference
1761843815,23691567,0x6a627ef2e443481a1e7dc4d1a0df5c8bf21fa0d1ec31f5cad8da9b56682cc992,38,0.00445592398230091,stitched_market_reference
1761844067,23691588,0x64ad1deab97e7339d25af57d45e135db8266cf20b6779fa87082538030da5a2b,64,0.004480395662427401,stitched_market_reference
1761844871,23691654,0x42ad0ad02b9b0b868508b0bdc5195642afdaec56eb33d8eca9c6bcc83ea1ac36,592,0.004457950270699026,stitched_market_reference
1761845027,23691667,0xa351b7f41eb2ed96e677c28c7e11c0a6e93b3d09c68e7d23ad71441951402edf,126,0.004481996578223414,stitched_market_reference
1761845447,23691702,0xb45280db39f12fda7cfe375612450ae049f3191eaf62e343a4674ac4f6b79fbf,556,0.004450744295553986,stitched_market_reference
1761846347,23691777,0xdac5372da04589eb9130ec595121d33df39c830ea755d0e00ac0dc8d2c863295,169,0.004477289219841839,stitched_market_reference
1761846407,23691782,0xb3bf170fa34d0d837982c91dae8376927127735cc9870aa0617aa013d657b46d,68,0.004453991345275841,stitched_market_reference
1761846527,23691792,0x012da060d4757094fad66a9d62016b2da38df093f482abbf8a33f966a47c9ff1,436,0.004481464088618412,stitched_market_reference
1761846767,23691812,0x5e75172ec231e5b821f0e1b3b8f35d042f16d7e48d668149ff6582acb50004a2,268,0.004458515356744481,stitched_market_reference
1761849227,23692016,0x921f23c06e013c4d1fe67f02ef7366919e49f3924751dff89d89913ef482f4a3,293,0.004433793090596406,stitched_market_reference
1761849227,23692016,0xe682229b166314253e6a222b424afc4ead26c206a137f312c27384090c61fcb6,296,0.004457098831362264,stitched_market_reference
1761849731,23692057,0x3b55ba469fb790f1f08da78c4833228339c6ba88809eec8cc9f5a8e46b510b1e,509,0.004433175384247816,stitched_market_reference
1761850907,23692153,0xd2211ea02bcbcb9a3d5ad962bbacce97623cb14ed8b45ef1ffde89d3322f7066,293,0.004455816080415072,stitched_market_reference
1761853007,23692324,0x7da1182c5f7a3ca589f24b81e6c5f5ebd9ad4239eeed035847f6e4b1a80f32f5,270,0.004431014997760996,stitched_market_reference
1761853247,23692344,0x9ece76466f9664e2f6ea0814e4b9ea7470f87c703ea782b54fc117f9e80e8691,548,0.004459551356454707,stitched_market_reference
1761853307,23692349,0x3c20091397d0a9b72407cb118d4d1e22a15e6de60d3cc3c1eebc85e6aca51c6e,504,0.004436391538781711,stitched_market_reference
1761853883,23692397,0x019bd7a6b979c89a26e078fe5723b105b980efd127557753fde88844be63b603,128,0.00441114335565206,stitched_market_reference
1761853883,23692397,0x1c2255616ec008eef89b6205ddcf19746e8347cb8c6ec475986bb76dc3ca791d,131,0.004437393706780648,stitched_market_reference
1761854375,23692438,0x3c4bb68860988fa94cdf8f7d23da2074b21a6d5ee25dddc0b25844bdb6fac64a,747,0.004460318504087895,stitched_market_reference
1761854387,23692439,0xcc95175714ee50ad37419caad53c0a2fa0bc7f32307a1d15b2dc234202b60843,315,0.004424530879018437,stitched_market_reference
1761854783,23692472,0x503e2097b7211037ed50c20f6babf03da3241aac441b35154d059e998ee2a648,444,0.004451776614935385,stitched_market_reference
1761855443,23692527,0xd864a32cf0c0257442d1a04a297b39e325cf20acdaac7b7fcf85d532de9ec3f8,172,0.004476081237643726,stitched_market_reference
1761855503,23692532,0xe3aa09329cb7803343e30b52bdfce511c7d10b088baf1f0023703f91fc76ccfc,557,0.004451560642704396,stitched_market_reference
1761856283,23692596,0x74a011f5267b586021a881733ba73fd3533916a92b5b495c57db22a2fc0d2532,478,0.004424301921555683,stitched_market_reference
1761856427,23692608,0x556748d3462dc49bee4d4ae1c5c8f806a3185a4c048497e82a9ffd7d99428dc3,318,0.004449750203694125,stitched_market_reference
1761856727,23692633,0x76dc6b05d4f32d23d6ca771caf4580f5f80fa6e9db4424a581a8f23d978b79fc,316,0.004426789710158898,stitched_market_reference
1761857507,23692696,0x865aed7991ecf0dbf41ad0b8cce0840b5bb49ebed4cf8cd9469b329e1696b29e,515,0.004450014938717528,stitched_market_reference
1761857927,23692731,0xc5f7b93327d3d27f5f488f3a042addc53f364a5b6c4ee461afa16d11184858fc,130,0.004426984775215421,stitched_market_reference
1761857999,23692737,0xe814b50d3597b77115039841398cbd9447acd0bbb230b6c53ab8a1128a95dd26,349,0.004450695913493066,stitched_market_reference
1761859007,23692821,0xacaecbeb4320973154922d569465b92120a0e2b8c65e07a6c086297460a48bf1,529,0.004426724857081643,stitched_market_reference
1761860999,23692983,0x622af7359d2b295fa5e5fa2f2a810ea53ed1d183e34eee0095cc68f2ec29071e,318,0.0044492308673556,stitched_market_reference
1761861047,23692987,0x071d23c7c3ce9e5b857440025ef35e9ca5d670e7e38f1e988c80629c651ddc43,646,0.004426926800892929,stitched_market_reference
1761864623,23693282,0xa75b2f0d076784046d240fd50bc70a36d2a6ea1d2dd9129f7b6ac5c58ef1b8f8,252,0.004422197347007977,stitched_market_reference
1761864647,23693284,0xe204c4b4243b679da6eaa9052838672fbfb369c1d03cda2466b9dd5c9851ff3b,235,0.004425113881626744,stitched_market_reference
1761866663,23693450,0x644236ceb7007f0be3436e57eb1e0f23ba3b0692c4ed408c0cbdf6376c07378f,192,0.004450966469218817,stitched_market_reference
1761867287,23693502,0xb8d612664b9e35be7bd4c4388af7d544766ff81bfa9cc074380c9168e86ee544,412,0.004428508532150663,stitched_market_reference
1761869699,23693703,0xb61b1abf0e66ca635dc9222d353313af4d6ded0e628dae634e81dce3947f44ed,690,0.004406462420883386,stitched_market_reference
1761870287,23693751,0x42af341e4b72dcc06e3663e8552e62605983089ddee31863af7883461b8fe244,55,0.004411438860755941,stitched_market_reference
1761871523,23693853,0x85e5adaef091f7128bfb702b7f771c2f46949d730e2b532ffa65061f02038565,170,0.004434355051371281,stitched_market_reference
1761871799,23693875,0xd5d2be1d5a274980cf527592ab8613fe702ba2862a010b17b2ccb10399e9fd37,279,0.004411974476893954,stitched_market_reference
1761872507,23693932,0x2620fc9d93ccfe9512991b990c7ce913a4d8db6d4df35be5bf55345585865404,38,0.004386236083611398,stitched_market_reference
1761872843,23693960,0xcface1409675c810c491d5de38f81c4e0ee2d425441ba59a034fe872432103d6,860,0.004409384854863411,stitched_market_reference
1761873059,23693978,0xe4446046da25ebf723370bd582d255f99fcaa89c065a3ca169815e18c38cdc74,723,0.004383596886846341,stitched_market_reference
1761873359,23694003,0xbef3eba061462ede77e4cc150bb16d05d81ccac86be75bd37bf751ef82fdb47f,307,0.004408795103079399,stitched_market_reference
1761875759,23694202,0xd9df72b481ab38a0ba80e86b8a9ae93983044dabbbf0990f61178d28ca361241,252,0.004433262709664018,stitched_market_reference
1761876383,23694254,0x4b22b3ff5790960cfd752b10af9b3585a06978476faf04edc6246a868b3426df,394,0.00440618995689879,stitched_market_reference
1761876683,23694279,0xcd80b6b6b8b71cd067c29a5af186304b9f92dfe9dd0fc0c9c684c47da4dd64c0,357,0.004424101234116647,stitched_market_reference
1761876683,23694279,0xb7e02f1b06a0ea4271bd8bda875806aefb9c9ef00e0e82b86af186d90df4d314,360,0.004401420220129131,stitched_market_reference
1761877535,23694350,0xb6429b55c86b153baaa75e6b639d1fd649a151532806a25a62c4f390e13f7a9d,687,0.004424972596961838,stitched_market_reference
1761878459,23694427,0x859af8a92f8576996a1379c0841993054e9222c780ed495a3df2e69f42dd3e79,457,0.004400631301466279,stitched_market_reference
1761878723,23694448,0x419a8e71acf2de4b184c2d30be76b733860d8fd6579335da33b1635380762196,1034,0.00442324257486643,stitched_market_reference
1761880259,23694575,0xe4c77ff131b367a2d5790ca2d872c7262d1a0e40d3eb8cf126b3243c0ceadb31,152,0.004449453508883099,stitched_market_reference
1761880295,23694578,0xa0b01f0c2d83c9a3033d3725db10ee8774bbc58634f9e4a7db223382fdb332c0,246,0.004427176545065626,stitched_market_reference
1761881555,23694681,0x59d7f38932f09969d1e9b961b89f9af90cf4f518d1f979f2f6bf2d3c6dc0dc5c,841,0.004399726746841771,stitched_market_reference
1761883319,23694827,0x5a031de1c5581c0108481df166352d2577062c257e9d66aecad6c88d564f212e,106,0.004423104220539279,stitched_market_reference
1761883655,23694855,0x05245262b8af17dc3171abe1389c553981822e88b05cde891b929f66d3b236cb,34,0.004445281580016361,stitched_market_reference
1761883823,23694869,0xcf9fca70bea0b68e0f8d60ccd594b1143888b894c6995f30ca485aebee020781,776,0.004421971065613312,stitched_market_reference
1761884615,23694934,0x2dd9ce3eb159b07612f13ba30d589105ecf0b650af1463e9703dc3f4150c49ac,379,0.004445828167713623,stitched_market_reference
1761886811,23695117,0x4c8f52bc0ebca4cf48e31d29f6cb9dedc4bb556dd0d28cd28d1b794ee055f3c5,389,0.004468522961287678,stitched_market_reference
1761886955,23695129,0x984fc5a8ff06396d3a124fd13aff62f2bde8c697816784b3b4c428d814630009,261,0.004443967507171349,stitched_market_reference
1761887435,23695169,0xa352cc63ab05ab43dd6c9b1c14171bc5bf10ecbdac567f90d33aeb4d03fea42d,916,0.004441708993499941,stitched_market_reference
1761888335,23695240,0xebfabce85e3b12e9f057b6a5da42bb2dfa94a72f3767a4fd8ae6f937307fad0d,108,0.004464781569691157,stitched_market_reference
1761890999,23695462,0x9bdc716cd616a36030aa9e637dc589e60564c35afbd1b0b38b46116e0683dc68,467,0.004488197404844376,stitched_market_reference
1761891947,23695541,0x81555e85b1c214f06b5f95505bb9c31b2838ddf5c4a683344226499697cb005e,14,0.004482329108893738,stitched_market_reference
1761894611,23695759,0x6b3363f57a0f786ebb41484265993cdbc8a10b42b21c945cb4b24c825604321f,359,0.004492767697502966,stitched_market_reference
1761894851,23695779,0x801bf8bb5aa5348e4e61b7d5c273bf8ce2d44451b97140a05d5de2f01e195927,150,0.004516164352733328,stitched_market_reference
1761896363,23695903,0xf3f017c9503836e40793030deada59b0f20e046c4d491bfaacff2a48a6e954ff,58,0.004493435571122736,stitched_market_reference
1761898235,23696058,0xeebe8180d9f69fc843e24acc02232bab6cf1f9c5c83664023e98f01e2452b822,315,0.00449015017722259,stitched_market_reference
1761899423,23696156,0x8b85fa44d2085e7c49541b1b40e595b5722885aac143bc5425dd398696960f42,611,0.004515477511784388,stitched_market_reference
1761899579,23696169,0x3bce77571b6e330b698d7bb4b5103dcce3bf21b0c2edaf057c33ffdbfee590f5,303,0.004490572488998627,stitched_market_reference
1761901115,23696296,0x62e4e255e539d8385b053d8d000c292cf15ba460397dd3ee633e5ea71bc38281,271,0.004467612560795423,stitched_market_reference
1761901199,23696303,0x94cc91fce66e039afafa15547f983a7e9c734df4f5c4317657cec9732d7c6917,186,0.004489951924550055,stitched_market_reference
1761902459,23696404,0x09392c48ee97b2fd314bb5f0821fdad8dbf5631acc9669098d05a424ba7b925f,437,0.004466898466124647,stitched_market_reference
1761904727,23696592,0xc039b35d3c634a655b03d4c243ca86abc49da31635732127eca08f4a5df295b0,301,0.004475903014850133,stitched_market_reference
1761904835,23696601,0xb1810cab02f2ff51ecd4d817d536c33f4f9517b2b5f3f0fdab615d867a9b334d,174,0.004498630305550796,stitched_market_reference
1761908171,23696879,0x191290045a7d29610958a3111a7451b1f7806cb04ee42be3896514f648cdb3b4,157,0.004475441292358484,stitched_market_reference
1761908351,23696894,0x92440efaaa66102a145874413d508ed6a7febb7e14d1bed06b6e55e8f6ec026b,656,0.004487796776624392,stitched_market_reference
1761911315,23697139,0xe0db8a9ce3e2046232a2cd98dbcbb0de90a7f315a409fb924052b99ae86478b8,337,0.004510754922421437,stitched_market_reference
1761911327,23697140,0xdebb6e68695ede744d1f16de2d5aca3800487f28ab5b50dba6d45ceecae8150b,211,0.00448480294847051,stitched_market_reference
1761911639,23697165,0x57bf4856916386fc3308de56c09f71268bc6c0484db9adb62f2770a6ac382358,62,0.00445960393498745,stitched_market_reference
1761913067,23697283,0xa926813fcac15a137f25c46dd7551d6fab75cbdc9262e7ca26c31efc738fb6fd,185,0.004482541918641319,stitched_market_reference
1761913547,23697323,0xad1e4bd443222a9b5bf400b92b5f632e857e45ac7742d49cd2fcac03f3ca7752,342,0.004460105768779248,stitched_market_reference
1761914387,23697393,0x88db25f1c016784ccafa5576bb06453e77bf39e82e45b348b7fbb867ff56d496,114,0.004484243915129155,stitched_market_reference
1761914771,23697425,0x53d67b55e0d3c95e39d8b825a463220ad6f27c612d97fa54cb3760d00f4f7eaa,60,0.004461812465015834,stitched_market_reference
1761915611,23697495,0xf18b1082cc180bb286961298dd9f6c0db412aa98877425c59a74035615d34dd6,223,0.004486309781106411,stitched_market_reference
1761916799,23697593,0x12ff15fbc957bee36a92e69aa207a76257ad35dd4b91dbb4be23785b115db324,573,0.00446380879693415,stitched_market_reference
1761917603,23697659,0x1ac573829b7f6e5807155f4130314290828c1527a38114a9cee6c965d90940bf,200,0.00444080776944892,stitched_market_reference
1761918287,23697716,0xa8ececf433a439e7c599e4a7a63c4b742d0b09769e806a1b54e952ea8ea026ad,454,0.004466939388795521,stitched_market_reference
1761918827,23697761,0x3a44e892773e0631d1e2f15aa5c0e3fcdd289158d0c72310ac2de82866842ae0,52,0.004444232556931785,stitched_market_reference
1761918947,23697771,0xc425200da644ad811965954edaee682a0d2ce124ec671c26d3095fbe81e595e9,19,0.004470618784243462,stitched_market_reference
1761921335,23697970,0x6afc453467bdaffc01d35849dd70a77e8ca3da30b682ad29618bcbf59e354219,420,0.00449370340681883,stitched_market_reference
1761922463,23698064,0x17996fde054152cb75bab032fafd75652ad1d5bd79fe773f59ac5b801e6520fd,494,0.004487598039369719,stitched_market_reference
1761923351,23698138,0x0ce629db951aeb4ad370110fd05476b2a8d95a00e817810f1d07316dde8475bb,192,0.00451252262190776,stitched_market_reference
1761923447,23698146,0x6caea2bbe9da4964fd6c13af545fd718137ed281704fa9ffdad134acc0432ecf,62,0.004489145446995588,stitched_market_reference
1761924191,23698207,0xf553d5e15a01475ed577fd17198dd214e9e032f30fe662c26a546bb5b6eaf8e1,88,0.00446426256828203,stitched_market_reference
1761925127,23698285,0xd9ebcd3fdb8e491d0b926fb01f8e0e880f2b978610c2242b9db5f7ee6109d3d8,482,0.004488687767989005,stitched_market_reference
1761926987,23698437,0xc60025b7dfe0414889696a900e27788073ccadf8778ac433678833bcdbb45dd9,68,0.004464211944616411,stitched_market_reference
1761927791,23698501,0xeff4eac38c94cde8acab612d53ebf3a895c0ce8f715a7f74a035d0644ef45c92,230,0.004441718526004409,stitched_market_reference
1761928427,23698554,0x7d6e01864987463ddd7658696bfef295d22b184f2b78212938dd2eb433d038b2,133,0.004463974735209195,stitched_market_reference
1761928763,23698582,0x0fcf4d4d0d0cf698c87f1f7d8349587908da4e5c015ffb400a9bf5656fbc0f4f,241,0.004454795755359156,stitched_market_reference
1761929147,23698614,0x5488197b8625bc06542b44a6379ca52b33e3b1c32e574e5311b9875bde0623c1,87,0.004430770211205709,stitched_market_reference
1761929447,23698639,0x086e1bfe1495f41514fb59da67e94504ab81d86e28ce5543e8b48feb8b62b8cf,1087,0.004469062281830832,stitched_market_reference
1761929471,23698641,0x553fcdf561af53cce17af1ce94960e1f1ec03d110f8f32b0a1da9e058c359092,320,0.004440454731774307,stitched_market_reference
1761929831,23698671,0xfebbed78ff67187b6480eca636d79dabb69a5177b77e593beec626935c9a4f71,629,0.004414233049707976,stitched_market_reference
1761931163,23698780,0x957f62a4fb31c8ff3d51ab637ea359fd6ef2e73b3a4e32293de03c5366ec6468,683,0.004438339131604062,stitched_market_reference
1761931187,23698782,0x8efb89e7c52c5e9e8a0c3b4aa2fa2245eafa0d512e60f0a1d6d77616cb8e3d0d,110,0.004406370256648552,stitched_market_reference
1761931751,23698828,0xf972570911bac7edd87c51dd6454bbcda36b8e454ef4745dbefb04a40acbf7c6,162,0.004432827667486395,stitched_market_reference
1761933095,23698940,0x4c80e7d0d23235f6025f9743cfbf9232733460ab113df3ddad2c98c436176ac3,628,0.00441019140598538,stitched_market_reference
1761933167,23698946,0xaed6d1d1ea02c6dd2e2d095885df1b39270ab4bd8659c68a3b89d1e856e97691,162,0.004437518295566382,stitched_market_reference
1761933527,23698976,0x9aa5740af53f7d516e7e8e5e357a37c52c481f77c91e8d4c2e09b24e7d74fac5,335,0.004415240399591083,stitched_market_reference
1761934091,23699023,0xcf786b3fcbbd14b55e34c0a6d939e872bc850400b225671bce656700e8ef7c75,107,0.004438030690775352,stitched_market_reference
1761935639,23699152,0xf3994bf325a887132dc08fa70861c85f6830d5aee6d559b7cb62155540b50d8b,782,0.004415193388939469,stitched_market_reference
1761935735,23699160,0x5863f934b6265d4316140ffa8bcefd3c85b018458548f3ef94cbb443a0b90446,1008,0.004438993842619671,stitched_market_reference
1761935879,23699171,0x8de4d57d1b445f5024a3a519395c81b533a73eee9ad632edc1630cdf113faacd,532,0.00441148034642347,stitched_market_reference
1761935939,23699176,0x193b6f2212438f8270e4f891a90e574e8258f47526bcc11671844d193cb49f88,14,0.004389234100663862,stitched_market_reference
1761936023,23699183,0x3059a743a3257c5f80310e4933d649de003636d35ad5339d0f1a02a58a83413c,56,0.004419920329007048,stitched_market_reference
1761937415,23699299,0xedfb8f1be9afa6f1246152581563b9fed9aa8904396203c3cb54a0233adb1162,324,0.004395611869346924,stitched_market_reference
1761938195,23699362,0x184c660bc2b928ecd30beaed0520142f33eb63520eb5294447cf59495513a36b,599,0.004418165457889597,stitched_market_reference
1761938855,23699417,0x30f8695f2c685dcd54fc4baaf6d0fe6f600dea6598306110d53084fb4ad957fd,700,0.00439273145582079,stitched_market_reference
1761939035,23699432,0x4a3bb29fd3aa1fe07c946c57abca28b916f5c77d794d7f6acc7cb75a87086325,45,0.004416461481843116,stitched_market_reference
1761939287,23699453,0xa4b272984b8afd13c0e0f25bde499171d9d4edf881114f493111bd031b68e522,847,0.004384416374725918,stitched_market_reference
1761939287,23699453,0x82e5d1ba62383f4d443abf294851c52e2c682db530b699809f5c853a9236bcdd,1406,0.004412391018453554,stitched_market_reference
1761939623,23699480,0xc07716193c39aab671e1b40acb83fb7b252eeaa799524f779470595979fa1ca7,516,0.004389569205874919,stitched_market_reference
1761939635,23699481,0xcf28bbe5112d16252d2b6cf068ecb7dfa7203a4584013589a871eced5e3a5da4,188,0.004412641189605847,stitched_market_reference
1761939791,23699493,0xde634527861866fe01e0714a4a0abfae9b936cc17f1baee39f76020afaeb9519,594,0.004435052889119156,stitched_market_reference
1761939911,23699503,0x294d66fa8650b2d8d285d74ff442d293c2717ca2dd781bfebbb9dcc7f94edef4,440,0.004458994761886918,stitched_market_reference
1761942995,23699758,0xe6a086866a2bb07b44c41f3a8ab4b88a9e2bf4e77255dde6ddafd47ffb2fdee4,793,0.004435240329089246,stitched_market_reference
1761943247,23699779,0xf475a4e8913aef480d23428cb6a71b3f6d1ec9a5defbabe821900fcf26a3a04b,114,0.004439943262749638,stitched_market_reference
1761944087,23699848,0x368a7310a7f686356a72c6f672bcf645fc48f248b3fc32bf146a26ebaf5c4652,314,0.004462843498552103,stitched_market_reference
1761946307,23700031,0x8c4d16cc68822d7aefb8c2d7cbd57d2f4d05daa5e21facc9c0d6bd6254fc6002,691,0.00444050068938898,stitched_market_reference
1761946667,23700059,0x7801795d0f196288ed5adf5bca9f392cb467bbaa83ccf6b6ead42f2e71cd9621,199,0.004465361183060132,stitched_market_reference
1761947711,23700145,0x6ad4f53c8783ce65b24b50f6720a95a5606391c9de3ec61a4654475bace32b0a,717,0.004464061006331113,stitched_market_reference
1761948719,23700228,0x926e28a485a228727f5629220ffda09532dbe9dc4f56bd338da1839c80b40ddb,537,0.004486654899534831,stitched_market_reference
1761951407,23700451,0x24e1db02fcaa91b4655e07f47988bb2c26123dc5815ecab8ea7ede7a9678ea8e,390,0.004489814694826159,stitched_market_reference
1761952331,23700527,0x2da661a7a5666f33d3642d837b8f9cd3f53b28effd0d5dfc4dd1cdefa6548ec5,330,0.004480759088588987,stitched_market_reference
1761955043,23700753,0x652dc5350dc6145a8a487980ebcc905a27196e2af55746b563e461bad31960e7,148,0.00449246125325977,stitched_market_reference
1761955379,23700781,0x9b251cbbf0edc1d1f8556066f15947705f5220850d71985c76e79050db677b96,12,0.004464752881467865,stitched_market_reference
1761958679,23701055,0xc64a71a65203b9711e7fc8df3319673881e0e6eb21b0908b38ad28eb270e9015,69,0.004465220444868026,stitched_market_reference
