timestamp,block_number,tx_hash,log_index,price,source
1759276559,23479223,0x2cd7959e1836eb9e4da9fc1ff717b0c8030afe851e709bee8daff2c0bdafeef5,61,0.001839148406519711,stitched_market_reference
1759279763,23479488,0x08f54f013a95a0a3cd0ce948d8f6d8c8a2642967c84c3321c9196b35f8e015a7,195,0.001823912328308903,stitched_market_reference
1759280195,23479523,0x7330a47745e2ada517d13bfc5bd10be25b5f6f63c1f06c838794f9d6c6f03909,423,0.001823910047126364,stitched_market_reference
1759283099,23479765,0xea021079c6fd166dc54a78657f5d3644bb93bd4fb1a43bb0e07cf4d393b1a198,197,0.001842709657019012,stitched_market_reference
1759283135,23479768,0xa9e4a188c053f446063457fcef07550c305f77db0f108c3bc86cba4d8be11209,187,0.001833200608998805,stitched_market_reference
1759286723,23480064,0x941d06ed789ad650ba7c651d843eea96794cc3f449f88fa5ed732a99ed76280d,56,0.001833020684769426,stitched_market_reference
1759286759,23480067,0x182c85cb516ba5ce1a02376762baa6d011225558dbca67cacb290604f214faea,249,0.001837945295575205,stitched_market_reference
1759290359,23480364,0x6c56c556987680bc856df9ae605491e0892a1249c2e375aa74d803b27b9a3532,24,0.001819654222426621,stitched_market_reference
1759290395,23480367,0x13ce6517f2ef08782d577c3d538ba2d36382cc8d3ed202d95ca03e723001ba73,378,0.001828447212844414,stitched_market_reference
1759293179,23480597,0xf03a419dbdeb8b9cbd1dfc9cdf6ace9fee03b1ea659da1e059c625083edb21cf,189,0.001819317300497778,stitched_market_reference
1759293995,23480665,0x8755d8b763e4bbef3a26cfb10412d74c6ed9d77a40a9700770dacc10be09fe67,331,0.00183150087935195,stitched_market_reference
1759296791,23480895,0xeb853cf745ca4459c28de0625b0a5dc977613f24c165b115780e0810f1e58a5f,74,0.001835651789504984,stitched_market_reference
1759297619,23480964,0x998d081d5b47b677d53d9bc06b06e1a93704dfcd5673fd2d09411accad28e5bc,109,0.001840298027681514,stitched_market_reference
1759300415,23481197,0xee925e05bcf4d5f4f842544af4cb5b8e5e2100283a60b61ab2af06bcb7eb1660,217,0.001844456597527516,stitched_market_reference
1759301255,23481267,0xe07a8ae5c3797a6fc2e462c8697f6b30722562acd81994c74c7f41b60dfde40b,289,0.001832388458961839,stitched_market_reference
1759304051,23481498,0x7fe96003fdccad9d247261f6923bd4d7312b6d0fbb5d566d9ac450be3ef5c384,60,0.001831984566788861,stitched_market_reference
1759304891,23481568,0xdf34bbe4700967f89dab36ee74eb89c4c815f69a02dd0f5bfef3c0acc7399cab,225,0.001839514584186875,stitched_market_reference
1759305635,23481628,0xa777d00d9f0ec3c58645705380f62e70fc8fe98b8c7306773797d9cedd316348,240,0.001835904455497075,stitched_market_reference
1759305635,23481628,0xc84ba17e2f07d9c2e1989961e71e56385e94ee510154f0600048774adacb7bb2,246,0.001829688378608482,stitched_market_reference
1759307495,23481782,0xe6ba334bd8910462f2c508da000907a3cd0d89a90fd476b8521c7d6dc9ffc5a2,339,0.001819827784902026,stitched_market_reference
1759307495,23481782,0xd54c107d804a72e6975bf22d13ac0426c846d12bcca7c5ad26d44e55242c5093,752,0.001841225733193075,stitched_market_reference
1759307531,23481785,0x6d69c428cd515737f522809d8e278ee947fb498b19920125c52f4938db11b961,317,0.001831299064372685,stitched_market_reference
1759307807,23481808,0xaa75d6cd84f45ea8e8e1c865901ebc7835f2c2eb59e468bbc07e715e28624c55,811,0.001821282894839678,stitched_market_reference
1759307831,23481810,0x8e0bd1db61f6d17e89664818ff0bc937026ae7079e1b920db62b712ed5e6c7cb,430,0.001840613662775061,stitched_market_reference
1759308131,23481835,0x6a88fd07f4237e9f7c1959142f50aba360c6842b49dba4c53a5a64641856a7f5,646,0.001831007938390443,stitched_market_reference
1759308323,23481851,0x418510fa2d1638413c09302834d3063a89c1122bc7150c1b71b2d1aa870c203f,871,0.001817178612168413,stitched_market_reference
1759308323,23481851,0x697e4da4f52b3ee4872175bcec26953f791d1d377b15936e06cf8474e0c1661d,884,0.0018353551888505,stitched_market_reference
1759308551,23481870,0xcc660b4e0c9a064ec26631105f998432325f94c050cd858a1bc0215f7f9bbbbb,360,0.001825837066407324,stitched_market_reference
1759308659,23481879,0xd01baf7e9e681f4d9d247b26fc4d079755e7c59e68ae16a10f12592d126d965d,419,0.001814752556107065,stitched_market_reference
1759308815,23481892,0xb46421cfa2c04e0dda7311faabef73a69e8fb5293192e04a1b1fcb84a1063420,355,0.001826501815711431,stitched_market_reference
1759309295,23481931,0x1cc50fc7c33a4fd8a56c719cc6f5ed9015e2fadc649f3a743f379e82a331a3e4,209,0.001845841553914995,stitched_market_reference
1759312427,23482187,0x7943e736fc5137373911bf28bed4d1767de5bb8dd29d8bd9ae5884999e03ea87,188,0.001837931330155674,stitched_market_reference
1759312931,23482229,0x29932417c51d5271625c34d8133215eb2a1bc5478e1363e897c3c8a0a0e8b56e,59,0.001841006264687598,stitched_market_reference
1759314791,23482383,0x054c369ce65061fa8305d4557484058dcb5169dabcfb01caaefe23f8e8a91d89,380,0.00185063629905806,stitched_market_reference
1759316147,23482495,0x6bb4db3efa26135cf6328bd860fcc004bd8e30b6f1a3dc51c7eed0de96a8eedb,243,0.00183202229833692,stitched_market_reference
1759318415,23482680,0x04eb5c08b74bb58a852a1b0cc4be33de8f104e8933cbdfe0f4270c6eb50210fb,218,0.001824856580056169,stitched_market_reference
1759319771,23482790,0x2705d7ce147fe32ba09078cfe7bee6b234dbe496162220c7bf53e66dd257709b,267,0.001828152408729218,stitched_market_reference
1759322039,23482979,0x0c2b281291e29f8b113f9c3ed1bba967b872b11eb3c5b3d55ad444ef111b1742,136,0.001828509338448713,stitched_market_reference
1759323407,23483092,0xa3729cc0c42e369e118b40c2ca187d6e5bc9a3d87030084f0fc1cb36347bb228,122,0.001818648536735637,stitched_market_reference
1759325651,23483277,0xede871a9336fd325e95777d862df4b752c30dec51e6bafbc393f1a4fca08eb4a,260,0.001822557945373012,stitched_market_reference
1759327043,23483393,0xcb76de70fb17913efc993f6deea09e6151abefb9dd9d05b8a00e2cd45d430113,140,0.00183598943800594,stitched_market_reference
1759327535,23483434,0xdbb77c1b5745afdfdff3844c5644aed713beb0c2a49ab2a2e315f2b6f0a8aaf4,646,0.001825845262475096,stitched_market_reference
1759329611,23483606,0x5baf168b9935af2acc7fa9b314cd07ca0c112cf414c39785e7bf69c712dfea22,225,0.001816088718578548,stitched_market_reference
1759329803,23483622,0xf63fd309ca55621734b4c2e59e5cc58e938e0dc3f7e9f965582bc76ce0af76f2,182,0.00183524656953447,stitched_market_reference
1759331591,23483769,0x9f303607cb6a52f497dba785e96a61c2b84885dd7a10cb1e399e54616900ebcc,34,0.001844546252700959,stitched_market_reference
1759332515,23483845,0x14acf63e26060612c99440b84586aa0659ec1a8ec34e92b686c4e1b07546e8c6,25,0.00183470084987692,stitched_market_reference
1759333427,23483921,0xc46bcb45f52e01b588ad31efe2424400a8b5ecd06645b26788b26dc8a5bede0c,2,0.001840603488167536,stitched_market_reference
1759336151,23484147,0x354ff129709129525bf6eff5a7c1504a9b71aad2838c0588e4791b4ad7e0ff13,462,0.001843238760964269,stitched_market_reference
1759337063,23484223,0xfea5aa0bcd9f1b330d06222c24d53487fea6753766b57a5930a76ecacc1c08e5,54,0.00185562844631526,stitched_market_reference
1759339787,23484449,0x9b78233f302756013422ae9ccdc0744a8aa979355c0dca365ad5bc8b18308e7a,181,0.00186194347335526,stitched_market_reference
1759340699,23484524,0x09e6f17d8baa62fccd0c48ab5b4830d47c68a5880dbd4ecc7f177c27c2cbcad6,273,0.001857720354571606,stitched_market_reference
1759341131,23484560,0x79613007297349c8eb3def12080c885fe3d764c69c214bc57783d38f6ffce2b7,908,0.001868335568413357,stitched_market_reference
1759343951,23484791,0xede0b3627545c6878d4cd069a164e0861c68785c1544850962bf6643c4677953,104,0.001858698859027098,stitched_market_reference
1759344323,23484821,0xf3decd76e3d5edf80087fc49a012ecaa306257af707d15cf536d2f023d2bdfd4,189,0.001871826006295975,stitched_market_reference
1759347587,23485090,0x9aa0ad3a9db7c21c5aad888e830c38b25b84a5c567d1293ecc04715648df35ba,180,0.001867707167319095,stitched_market_reference
1759347959,23485121,0x261ae34f15164c26f4e61f9743059568948641ee89722f333be922c1c4223cba,136,0.001863171855285597,stitched_market_reference
1759351211,23485390,0x724af683e477619ecef0658a52f8f5a032bc2e824b47b4ea4414544d14a722e9,359,0.001862274181416877,stitched_market_reference
1759351583,23485421,0x0adaeef1778338bb1edec84dd8501d33c014d87e8546e154536f9f66a8a56072,336,0.001856354623783114,stitched_market_reference
1759354667,23485674,0xc5dc7cb12c05e3f6d712eb5e2dc981cd0ed9507bc410ce4c325de8888b096445,206,0.001866109127091935,stitched_market_reference
1759355195,23485718,0xa59cd20923cb25738f9202d74b443b2afc82e8932cf072f483ca6c939d68c309,241,0.001859938297620526,stitched_market_reference
1759356527,23485828,0xea42f8da9dc1d4d41d58d1b6908a18fd42ec4df6a2e6af06aeab7a154fe7fab4,85,0.001850107757912888,stitched_market_reference
1759358831,23486019,0x7861e4f8b14d457d5a4728477cfd93f26b0cd1a32ad27c058b10e04484208795,436,0.001847764837871947,stitched_market_reference
1759360163,23486130,0xacb329705ca681962c1a7bebe9a68937d11681436d4488897387e185d8e4992b,215,0.001852578116063179,stitched_market_reference
1759362227,23486302,0xd1842971542482ee884bc24e6b6a1417b2600a3e44643c9ef44362933cd3bf85,459,0.001842696830427216,stitched_market_reference
1759362455,23486321,0xaf138cfd94cbcde2a3ef6800bdecb8b5d7b840be81db61aca691d5342eef0933,330,0.001853465109885299,stitched_market_reference
1759363367,23486397,0xce5e774958e79f0aef951dee64dfe3582f13cd5cdbaf285313cdae76076483e4,275,0.001842827335328724,stitched_market_reference
1759365707,23486592,0xd05aae020a11714ad10fb5a57f916438121672d6e82b20571267571db610ec0d,256,0.001852749969231537,stitched_market_reference
1759366091,23486624,0x43c3998429bb4396bba0ccdb49439a2045128548fc92add41ae71f66f4057c25,351,0.001852575617372916,stitched_market_reference
1759369331,23486892,0x71f0a44073a9304dec6b1cd47b97559e82d678cb4f56f67d2ab9ceee3e10a669,235,0.00184337189989335,stitched_market_reference
1759369415,23486899,0x005fdb6486451b5df20865a53505f4ff18d66a1730eb4b3b424ea3bc25652ccf,427,0.00187437573842347,stitched_market_reference
1759369451,23486902,0xfb910e981f0897185edaa0f4a17abcd3bc959e8e76a45df7562f0f2268c79b5d,235,0.001893819766498037,stitched_market_reference
1759369751,23486927,0x57d04edab0fab81903bf3bb806515158845c252e2a0c970d193eaca181edb539,772,0.001882764632222938,stitched_market_reference
1759371035,23487034,0xd35b5884dfeb6cba292fc88d6f977512876634fdab7f541c7b1c22d940d06a76,224,0.001863633429116395,stitched_market_reference
1759373387,23487230,0x34a81f960bea5c9a49541f13c2f84c01c62b78afb8b416e1a7c8e9564a80c253,319,0.00186195816010977,stitched_market_reference
1759374647,23487334,0x6a8a016eda829e0164c4ae46c0e4334cc251a888d5170651d3e2963860d585c3,426,0.001866854417115511,stitched_market_reference
1759377011,23487530,0x78a3ef171c914b81c97f3929f2bed92960fd46136674357287880fe1d2ae256a,452,0.001870698309003598,stitched_market_reference
1759378271,23487634,0x15861841431f14cb980ff8a1b8ffa73cc0610458391b92af3256d2345e5a6bf6,102,0.001865921953310622,stitched_market_reference
1759380191,23487791,0x805f3483ae06ffafed14689811ea34079638a853612d2efdf46131c5d08eac9b,416,0.001875793696275071,stitched_market_reference
1759381907,23487934,0x478f046baaed88458098d968b199e257ba726b802c6c994d9cd9c5ff5e7a5df6,13,0.001869652893982808,stitched_market_reference
1759382867,23488014,0x4df295bc563fe4ff6df18774dd8c0e2b85d6d5df08c8d4ca1e7220578e14c4c0,427,0.001860045815910026,stitched_market_reference
1759385543,23488235,0xeef887ef19139b56a10eec8a5966cbd354a838708a78f249db364072fa5ea2aa,77,0.00186181030695387,stitched_market_reference
1759386503,23488315,0x38b8cfe650cae4d67fca712d3856c7c7ec95e2eb94b33f449acf10078ae913bd,97,0.001861807348846047,stitched_market_reference
1759386719,23488333,0x239fe5bf12209bcf706359ebd499b76b66992cb08a56cee1abbb0a25ef4f1577,881,0.001847861133150082,stitched_market_reference
1759389167,23488535,0x5cb072c45b2727d69c405b23058785431933901a9307941bd0e483530ce01ddc,159,0.001856579395203325,stitched_market_reference
1759389707,23488580,0x04a77d727b9695408ed410e188d9652067bbfc74cd008374e2122aedb2badfa3,199,0.001866487787506712,stitched_market_reference
1759392023,23488773,0xfa556776c33de7f7e26056e60fe18a70c34918005510fcf5e910abdb057d7d76,268,0.001873452635731037,stitched_market_reference
1759392023,23488773,0xd1549a669a8fec4142a663c17b067251a3f6a12d72118b2a2bbcd7196857496c,358,0.001864395814888435,stitched_market_reference
1759395647,23489068,0xbad41e0682141b9964605927951b1e3bb33785ec618905d0e9ad0891853622db,404,0.001868547868240819,stitched_market_reference
1759395647,23489068,0x233fdb6a52b3f97cb0d891972742af60682d013ed310b6c741b4dacbbe2c1741,451,0.001864532446488431,stitched_market_reference
1759399259,23489368,0x2f2b30f71413313e90b5b899ebdfc53085ff10b629682463bb4dedf74f5e5e75,362,0.001861791895280856,stitched_market_reference
1759399259,23489368,0x6cdb68184cd8f16c252d512c2f91195b0ee77e3cd29d13310865ec2398defd90,405,0.001862215584983034,stitched_market_reference
1759402883,23489667,0x331ea2bee0b6cc6b36168b92f3b1d58808a9e630cf2d2248adfbdebf828eda0d,102,0.001866466844020454,stitched_market_reference
1759402883,23489667,0xc319e139e8e66f5d9136f2c633c8270af5098dd7b4b50d535e36b61c40401c93,152,0.001870876307413569,stitched_market_reference
1759406519,23489968,0xfc17de80b336304896ad295888fc855a796969cec4f5233018ace695d3d6e08a,340,0.001867221185770546,stitched_market_reference
1759406519,23489968,0x8cd8a5cf1857f439b0c2ab866eb3fa6fd1299416c7fc0d535e095b7d0e1303a8,362,0.001866868719367822,stitched_market_reference
1759409939,23490252,0x3c925f4a47f84b34c2e2f82831643b7e7ea0c2ee1d800a503ea88cd0c77f5709,277,0.001857178326655083,stitched_market_reference
1759410155,23490270,0xc3d57ce6ae9d5b2c34e38772820308af5ded4ce03dbb1b6d5c46c33468056fd9,112,0.001864432766519702,stitched_market_reference
1759411139,23490352,0xe4ffc0d7f84a9269653e22c8e4c404032ea849a07c9bab2b7f8b494a5a3f1d06,544,0.00184470716402684,stitched_market_reference
1759411151,23490353,0x8cd3d29e8fa8fb48e62f89c9c5f32a21c446e9fe72d3eec3ae4856f308d839a9,514,0.001855323862176481,stitched_market_reference
1759412315,23490449,0x8933fdfa07c2a1ba8694ab35c108be78c0d9a536d0ee4c1bbf43af31a577bba4,40,0.001845218471673622,stitched_market_reference
1759413275,23490529,0x7c779e938eede2e7e9efb3e76b93aad2ed57631421282d7e5bc1c9e79257ceaf,49,0.001864021314748765,stitched_market_reference
1759415855,23490744,0xb57bcb47e77660499156d2fab441d060179c6c0853c88d8f03c4dba6f1855f86,295,0.001844392272369702,stitched_market_reference
1759415939,23490751,0x5a1f4482a28bbbdc916e0386f86e6b24a2820d1c4c8a863706885f6cc1fb82a5,145,0.001844512874284793,stitched_market_reference
1759416515,23490797,0x9d27cd2e21997c81e35a38ce9a330b6bd50547bc87f1cab1ce55b29904012192,92,0.001853976165599806,stitched_market_reference
1759417259,23490858,0xd9c3d5d9d590236823ba5fd5be608f3327375ae44d9214a40360f6a870916010,195,0.001832964969271691,stitched_market_reference
1759417439,23490873,0x1f9187b53eda38ca37ed7b27c533091dc36bef7481044bbe5b627dd32e98e4f9,155,0.001842721736916821,stitched_market_reference
1759417859,23490907,0xee7b539c44704e9966439145434ea2ab054ec7a7991741c726755946f4c493c2,984,0.001831694694320456,stitched_market_reference
1759418615,23490970,0x42987bd929393ba01d10fcae4b02fd76f42913cf356d22e890e10d183a9c788b,650,0.001820365076542349,stitched_market_reference
1759420055,23491089,0x92433bb3f5a7af618ee95a568a286ec3a20152bff034865fe53cbf8c95b29a2b,18,0.001838686825057812,stitched_market_reference
1759420511,23491127,0x65f469b86cc88e32a7b79f8f8309a3b4aef6638b68c1137895cb9e5843f7a840,370,0.001829014966727281,stitched_market_reference
1759421051,23491172,0x033381153a1a85e73226ae0c2ae8f64166d7b195a78fb5c3aad427844d28cf77,326,0.001848044686495335,stitched_market_reference
1759421495,23491209,0x1a770c16c3a1f836e4a87d272c1dd4e55770429f6ae737c5f909623dd348f878,359,0.001838228210932209,stitched_market_reference
1759423079,23491341,0x000a1caaf20d9a090ca6ee8abe1418593959a6e23d90ccc62360dd9a36d87d39,403,0.001848039313675218,stitched_market_reference
1759424675,23491474,0x1b0519d78b7fa161b4ff4c0acf0f5e2c81a62168ed52b235a85769cccce11481,11,0.0018439151161074,stitched_market_reference
1759425275,23491524,0xfee14d29353839a1e8a7e1bf09ba59b3d62c6e03af3ab0b922f41bceb516e3d3,425,0.001833607805986598,stitched_market_reference
1759428035,23491754,0xb1ba365d5500363d2ed32630844e5ae97710a02c1f258428b6a7bea44bfd76e9,317,0.001852123480802659,stitched_market_reference
1759428911,23491827,0xed7e206db7a2b69b7caa06a039cd3f634f709adf03788bbeb1abe172f1577bb3,264,0.001845390680779328,stitched_market_reference
1759431647,23492053,0x7bfdb67e3f10c9704aad0c00fd2f920a721b198c70fd7006cef6ce0377b4a2a3,649,0.001858544289240855,stitched_market_reference
1759432091,23492090,0x38145080ad0d98f09dd47c6123772006ad10d670453f3b55b074adb051d7aa3d,425,0.001848939551836478,stitched_market_reference
1759435271,23492352,0xcd1fce050684aa57ce5c701d6d050405c090d84618464929906826ad2a3eb11d,412,0.001854491933816346,stitched_market_reference
1759435727,23492390,0xa6a3edb414f5413a6bf5aa6d3c6d2a78c2fd818987851c715d073e918c5b138e,232,0.001857957294042604,stitched_market_reference
1759438907,23492650,0x4542f71c1d462da9a23f080177340435aa0ea52e668fd52340c08543b47aeafd,33,0.00185766481403565,stitched_market_reference
1759439351,23492687,0xde8974cfccbb5f1a9771fe8a96a7adb51d15ba2b3e68cf978227a265eda764aa,392,0.001856083365598553,stitched_market_reference
1759442207,23492922,0xe9a77fb65ff415236863e947d0ab213e10264e94175880cf7cc885b7d7115659,170,0.001865818070646656,stitched_market_reference
1759442531,23492949,0xc625fc827c23c4800146f7e883c503a3879e7cd320f3ca86dc94a0dee7f98fdf,223,0.001865272959743672,stitched_market_reference
1759445843,23493222,0xd1caee5458e97f71f38c6ead7a1ae929ce568263f5cc676ef54efd6e49bb6f06,164,0.001868514944118698,stitched_market_reference
1759446143,23493247,0x880ac9fc95627743a9e99b82843cfbc4072d5f3c71444f71f170be336931b75e,315,0.001859311487025296,stitched_market_reference
1759449467,23493520,0xf64de17ca0b8f1edd9bb57ef610e92c99baee1c044b284586311dc6ecb417f74,190,0.00185080632190763,stitched_market_reference
1759449767,23493545,0xfda187cb084f2cce4fceaef3ff7a05b64eb4a4d1a8e53e7d66b3fb3ff4c2063d,33,0.001859221924987519,stitched_market_reference
1759453067,23493817,0xf1897103fbffd323d457ab29958a7a6c654d936281c11e6744fbb106021ec215,120,0.001864963556525394,stitched_market_reference
1759453403,23493845,0x970fe28500767256f934677791694d71278e42d347772dacf863124a087c16f5,641,0.001856943192895534,stitched_market_reference
1759456679,23494115,0x42d62bdbcd154f5232f67865b1ed9c2fec17e13ac950ce458e38554844f2ea80,581,0.001856314666230883,stitched_market_reference
1759457039,23494145,0xd5da666342458e6efb11ef22d2eaf51bd0940dd63a5ffd33fe6e2067a51c95ca,377,0.001842556660983775,stitched_market_reference
1759457735,23494203,0x540b77d0ecbc82acc763a2f18fe2276b5dd537a26445a49590b28abf71ebfb16,1109,0.001833359283820808,stitched_market_reference
1759460639,23494443,0x33b2c6dfdd591688640cb2c24865cd45792ec886d4750c31d050eeb938d93fa2,1034,0.001853529960148021,stitched_market_reference
1759460639,23494443,0x6d4c5d08c23d1d838e3bc1b8ac808ad35a3e9c9ea4d5f0b22447c8936ddbe6ce,1072,0.001837679841960049,stitched_market_reference
1759460879,23494463,0xba609cfdfe196f19137641593ed4e769cc5bd0a92bc48f49cdb5819c3307a679,1155,0.001827575257099002,stitched_market_reference
1759461119,23494483,0x7f98bedb476a94bb1c34056c1cd09dbb0c732d31c3e029057b08c91dfd89ef9a,249,0.001836876536032182,stitched_market_reference
1759463783,23494704,0x7829c3885cc7aadf4c732213f435875e4229806ab7b11959cb151be7efe00450,1120,0.001849745186281112,stitched_market_reference
1759464263,23494744,0xbc12bd586eb0c5bf5524266a7e126773def78c279d34ee8d199d8f0f68f41c26,150,0.001850722768577299,stitched_market_reference
1759467395,23495004,0xc5a4029216e9bf5b2a4e77f30a8ac9de4a9392d273554625786c73e456c08fdb,253,0.001854157413008722,stitched_market_reference
1759467875,23495044,0x0a9e3cb4055110ff5a7e9e682c8c3014f925bdc4c71cf0c7caeabf70bc7c7280,370,0.001856260475304476,stitched_market_reference
1759470455,23495259,0x3d33c8613cb28d70801fddd14947ca2fe3c807307c6490faa4f05edb8c7e5ad8,27,0.001866249798316527,stitched_market_reference
1759470455,23495259,0x2a61dea4a2a832536d1bdbb69da0e9e86075cb1445a327615e357926c447f321,32,0.001847232963654494,stitched_market_reference
1759474067,23495559,0x87b1cb45cad735fa1b80336b6b149b7ee641dce4d0b2164ede735a636299bc0c,151,0.001846766713971237,stitched_market_reference
1759474079,23495560,0x329d1447a5b73218bb4651147acada9521d77ce3bde81ba9a5d4b8b362d30550,201,0.00184918988501637,stitched_market_reference
1759476599,23495769,0x6190ae9549aa4b6472cc8921f6a93a78115dd7fbb156a470113a9e7f5dced5fe,65,0.001830313732107139,stitched_market_reference
1759477703,23495861,0xdbc2acdfdf25aef12a1acfb5b12059c37eb7ebe233dd99e295be82be63a131c7,238,0.001834871300566071,stitched_market_reference
1759478435,23495922,0x5b8a7911a96bec9368546dcfab9002b9d24c1fe251ea01ea9b60ccb3f524fcd9,42,0.001841344809111448,stitched_market_reference
1759478447,23495923,0x4fd9f58fef9e44538b104bfd94df3c2244cf2453e29895bf6cb2ad2a87f17718,84,0.001841067308803131,stitched_market_reference
1759479383,23496001,0x06080a7c0fed84ddf66ed722b98a32f91ba9cc075b003ca1ac63d1b5682e7a1c,358,0.001850697308091876,stitched_market_reference
1759481843,23496204,0xc9d2b5fec47ef07e1926678d1b3503f3c3cce759faced2d7b6cf3faffc4bca74,6,0.001841417060437133,stitched_market_reference
1759482071,23496223,0x26f570b18964ba8751ff47fb91bebc17b18b8cd9d247d0754934db8af4827ebf,642,0.001842215080144833,stitched_market_reference
1759485479,23496505,0x62e7e207bc3934412f9290a6370b5b82fd7b9c9fb72d1024b30d281feb82af58,113,0.001835778187688866,stitched_market_reference
1759485695,23496523,0xc04997f435191296f39bff6ab1aa3d225f1a9254ac96553eb9cc2c336acb04e2,223,0.001840024405618555,stitched_market_reference
1759489103,23496807,0xedea2803ae7ada4a82270169a15ac36036a24368045a7d2983ee4eb418192c2f,390,0.001834304843777809,stitched_market_reference
1759489295,23496823,0x32859ef66aef7e7eab81a98c122a0a34f9f54e6d973f465dd3eb17f67eeb069e,75,0.001838331816510253,stitched_market_reference
1759492739,23497107,0x6c2f3f71f9fb66f8367afb30743638bb0895533a3a43ccd532d696d409a8e601,106,0.001842993218527568,stitched_market_reference
1759492907,23497121,0x5490b9038f61711db148ec3185246bfeb8b2b75e8350f5736ed9dbd894e35d74,166,0.00183407767287092,stitched_market_reference
1759496375,23497408,0x153b23ec79e05fe4acdd4650d8ab5df214c7f8bf5ee5c9f711bc71521195cbcf,229,0.001832231177333719,stitched_market_reference
1759496531,23497421,0x08cdd1f20faaa6be0f366e4ffe64fbd73f2c2637a0f1ef10f48de98f89d18231,306,0.001827808022671223,stitched_market_reference
1759496939,23497455,0x678021e0bb9d7774bb8c87f5440eb3ec4ec58540d3820768d077a6bb50bc55af,224,0.001837376193733797,stitched_market_reference
1759497719,23497518,0xfd043cfe03ea36f63d75ec2665ebc0ce5a105f359587466d7ea76ec303868daa,160,0.001827326949262459,stitched_market_reference
1759498331,23497569,0xcde5b3313419ba85751cba67a0568477a26fe7168be54cf38a3ea72852c92cf9,177,0.001848852139748306,stitched_market_reference
1759500059,23497712,0x689e6efd50d0c861bcb21b6073cb3c94908bc52b0362d38bd8320d44239be84d,1012,0.001858177452453957,stitched_market_reference
1759500131,23497718,0x9046be1fe8016d64b1db43dd733896e4ca874c43d7f5aa38d62f983fb3bd42ff,191,0.00183836979642424,stitched_market_reference
1759501319,23497816,0x75117e378752e32b89306544c4e84c7d0fe6455ab3a3361db9c36adb56be09a5,381,0.001848418111349827,stitched_market_reference
1759501439,23497826,0x07f889c60271a85699677cd824f40b340ccb2857f068882d30bc94cd38208aad,432,0.001838983856873991,stitched_market_reference
1759502879,23497946,0x18424bd343da572fad5117c8298b19f090b16edea80096bb523bc6a19d315e16,606,0.00182891156652064,stitched_market_reference
1759503743,23498018,0xc8490054c4b3d1e9a6dd494af24493bd43b08cc9551b639c508bb6b8588afa4b,176,0.001822852541791264,stitched_market_reference
1759504259,23498061,0x1c3d86edbcb50fda28fe66949dabafd9b1ea13953ce61ed67b724b8bf7e6420a,206,0.00183317136388451,stitched_market_reference
1759504727,23498100,0xfba49848c16d0b40a4c7377e9bb933138b6435c9768cffaec984600f0b4b8eb4,408,0.001823692058305722,stitched_market_reference
1759505519,23498166,0x161e4a2061fad04db637dc22a9a0153640a47061fb927d88440be6ca4a03d1dc,220,0.001843871576657103,stitched_market_reference
1759506419,23498240,0xb9d22cfc842609ce44f71a832e090460e8b575eded84f9e60e7e4a3dd8afb276,398,0.001832610120524353,stitched_market_reference
1759506923,23498282,0x6e8b3b2717d506a99f89fd797ed0334f98e75ac4829719718353c71380f76f01,44,0.001851485590096284,stitched_market_reference
1759507175,23498303,0xf92de2d70ebb0b3843cb4da2f868c222b416519be2877a86aaa4330244832aea,136,0.001842260154589627,stitched_market_reference
1759509143,23498467,0xd80875e0dba209d850c3300fc33314c73e924b4ef22a848c7482a3561ba98bcf,158,0.001861651342187183,stitched_market_reference
1759509275,23498478,0x78b927222d6aec54795e5549df0094e56e2f88d2035a63fab376bd007bd7f065,270,0.001851821419713545,stitched_market_reference
1759509431,23498491,0xb802599fa6550b2ecaf48ea61c30efd01da7f7301242a8d1ad8606d48f7b50eb,204,0.001840843898717068,stitched_market_reference
1759510115,23498548,0x7ef3dc5d57c5943830541867c5f6f749881872b5acecab37b9254cd854f2aec6,352,0.001850254192759574,stitched_market_reference
1759510691,23498595,0x02f4960ab4a7daab835cdac22b2cabb9e5b6493b783379015168b0268ad9b605,163,0.001860225403552573,stitched_market_reference
1759510859,23498609,0x9aa619af1d5930b3be00fa82330209499cbb8781c8d88c09424cc66e8e5f9dad,514,0.001839333305549221,stitched_market_reference
1759510895,23498612,0x5f7a06b6171f6fde66ab7cfbd59113926f3785fdb4a0a6ff382ceab732f1be60,558,0.001855926830507302,stitched_market_reference
1759510895,23498612,0xcad6d4278e8a3ea309d6da9d6dd67709343e06a18a66ba439ed7d11d66990030,642,0.001822181483356081,stitched_market_reference
1759510943,23498616,0x0ca0ebdfa5992d9f8bab07008318b1271c077c06c4f6af17dd7823e90c0a5da5,701,0.001842768760054529,stitched_market_reference
1759511471,23498660,0x03f1afa9e7ef1306a3f7ec1b2bed6845c2b7d8848e381ca5cd9545b5ed4c8bec,624,0.001832475974306357,stitched_market_reference
1759511975,23498702,0xc4dea11f58a312154b2b85f3d325a7a001a478a5ce197e332184bd345abc529a,649,0.001842388437006911,stitched_market_reference
1759513931,23498864,0xe325556d96d91b4d6976c51fd90486c5f1aca3234321d3ff9c49991aabfa8cd5,299,0.001852681723714788,stitched_market_reference
1759514495,23498910,0xd685e3a2b70e2dd051100dc4786f40f2da5aa0be340b72126f5a0369011b7143,769,0.001832971967446568,stitched_market_reference
1759515767,23499016,0xe1583cb7111c25f8463b780222b79f3e7942cee86ba325ad2ee40469ad2161e4,2,0.00182315186815051,stitched_market_reference
1759516043,23499039,0x021371cf289dc555d6e899ed639643869ff3de6079238121b82b8dc9214d3364,258,0.001841608766813141,stitched_market_reference
1759518743,23499263,0x9f81b98c787da8f180bdafa2793e1714fc64cfb195e1aed6556d8bce5bbaaaf8,492,0.001832301144766998,stitched_market_reference
1759519679,23499341,0x00928051c88a864ce11c36ab0069994b6d9c47b40b7925b66054949f8617e1bb,450,0.00183730436574715,stitched_market_reference
1759521899,23499526,0x8fdefcea905b601b56c818e0fe5e1e14adc8fa88ab4c6cf2aba28d7897918d0f,193,0.001817819330570305,stitched_market_reference
1759522283,23499557,0xaa57d65e093c0e9a44f94d07b6b9fc63f7aa20b9faefb258bc9f19925553975d,190,0.001827708410636232,stitched_market_reference
1759522847,23499604,0x5d5b56ee09006ff49563c3be4a2a39a76faa8fd11bfe72aab5315ee73c39caa6,67,0.001817913728854691,stitched_market_reference
1759524323,23499726,0xa3f749a227cc56cae6d31f699b29c478fc6692f6de0246d651ebc2f7c080943e,287,0.001808227332334374,stitched_market_reference
1759525523,23499826,0x3a17991b85a4c5c7901d8041954c3d30994cc0f0b06b1d5e7e37f2a12fbc2819,278,0.001819150190250415,stitched_market_reference
1759527719,23500007,0xe64571a5bd73f5c6b086cbe9cd4f5857ec1d52d835312d0523947de54996bc4f,148,0.001828684020948544,stitched_market_reference
1759529135,23500125,0x807bce9177b7e3e53c2aebcceff21fba4c1e14c33e63d14e1177ffdd47fad150,183,0.001825184666228897,stitched_market_reference
1759531343,23500308,0x4bc357b82f5c2c09125a0c640dab755eda9e0dc3ccdab7d93b9e6baa311b995c,242,0.00182069226691347,stitched_market_reference
1759532759,23500425,0x5896b5ae29cf3009170930a0562b6745fe29cd9ff091c916b6c2280f181014dc,25,0.001813727467622788,stitched_market_reference
1759534979,23500610,0xf773dc038fe242db2d6e62d78a408ef86151a286370874ba52c66024fdc1c121,209,0.001816974566202637,stitched_market_reference
1759536407,23500729,0xbeded75284c0070a81d8c273967002e2b8410c1b2066ecfc2d066f97a9b3fc58,460,0.001811523879553821,stitched_market_reference
1759537943,23500857,0x1638a0ec7fb0561c485290c9a3804c28adc4e60337024d673a11c00636f19175,952,0.001821061293404127,stitched_market_reference
1759540031,23501030,0x8a91a986cac64595b051ee932ae944b83a93b0158864f154061ca7a13a0f8745,387,0.001804543038677715,stitched_market_reference
1759541567,23501156,0x1b979ed2321c894a8cdb7de337243281ec2e5ec96c1ee2c8aa433a8c720aae6f,230,0.001806891319000322,stitched_market_reference
1759543655,23501329,0xd341edfa7a359edba4529c350d456c6cbee8080f21c70ee39d0fdf963115670a,288,0.001808940079413629,stitched_market_reference
1759544219,23501374,0xb16f7cf7b3185070ab2506c78036cb57fda4fb3d0ba7d806a097420a2bd5fdb5,140,0.00181830721292249,stitched_market_reference
1759547291,23501628,0x669af91b778fe04ac16399d0b3f2a6594e8a63c0ad8a6671af912cc61875868d,28,0.00180378463949472,stitched_market_reference
1759547843,23501674,0xa4fa19981f35ec429606dd536084f4305de989767b0b36914b92753be211361c,251,0.001801526762478765,stitched_market_reference
1759550915,23501929,0xbe01e54195142aeb50a83b3e9ae3c2e67cb41b6134d7ea4c8b3eb9df6704f7b9,324,0.001805034596966416,stitched_market_reference
1759551455,23501974,0x1d4018f9dbe892b7bb17534e3f356862edfe966d64a8f84f129c3ada26245e5b,284,0.001801201393857102,stitched_market_reference
1759554527,23502227,0x618fcb6e1f2cbc58dd0eb067f859766c7c42a9827c4c1d4e75008e2b2904354c,103,0.001801658214746313,stitched_market_reference
1759555091,23502274,0xd4f84ea7d3535a0adac37dfd3269abb607b495e62b9ee43ee70a9847015d4ef1,135,0.001794645939142633,stitched_market_reference
1759558151,23502528,0xa99c4fd04635a80a6a7aa9fbafe7f2bde48938cfaf7b398e2578b76930b8624f,218,0.001795666576395794,stitched_market_reference
1759558703,23502573,0xafbec76fa291b14586af0c925a4e3bb54033c236f228041a8f695b98705846da,288,0.001791431523094332,stitched_market_reference
1759561751,23502825,0xb5d015cbecacdede147e36097f31ead18245303bad7875432ac3dd94f1d1eb28,143,0.001796396398271772,stitched_market_reference
1759562327,23502873,0x83467d52121de552703ae0e1f2a9c50eb0790e9043ffa78d2e943735adfe0add,209,0.001800653804086949,stitched_market_reference
1759564835,23503081,0x41467a51b17a8d4e2fce9a8677c2d7330166c6a4327770ed6e042e048d3df1c9,152,0.001802255431655235,stitched_market_reference
1759564847,23503082,0xde912d241c7417991bdc09ba9dfca70a350aa84491fa4460d1918f6b61f335cd,81,0.001794743884041742,stitched_market_reference
1759568447,23503381,0x9fb4a05bc296b98b2ca2ce99017351114bb69dec0e3ef59d7fa086b11b08fa24,382,0.001798688191651859,stitched_market_reference
1759568447,23503381,0x1ab0ead5bdcdd1b1b15d06d05b7c2fae8232848dc5bb1977830fe91b2d15cf5e,412,0.00178283012918999,stitched_market_reference
1759572083,23503683,0x26d253351150ad8025cabfbf8508cc95e2bb138fc198bdda047689abadc675f4,102,0.001776840805956722,stitched_market_reference
1759572083,23503683,0xf4d2cf256a8618f8124b739026d5a97a7b774ab3fd02af5c2807cffa280b09b5,167,0.00177676058266426,stitched_market_reference
1759575695,23503984,0xce997b4eef15b5c947a4b994d660b5f93cb9186977995b8e43a02b3d3112f51e,274,0.001777482602377992,stitched_market_reference
1759575719,23503986,0x90d3a92687eb337c6f51b58fb40678ae0c86f5bcc5671daa17c317903fe0469c,17,0.001772144168523709,stitched_market_reference
1759579319,23504284,0xf6cbad4c76bfc6cae7a7a4b16ce824387d801e38b3337a9afd9f61f02c940a87,276,0.001773797417753658,stitched_market_reference
1759579343,23504286,0x1c0c132385be5e61979fbdafc3bea3b9463aa38db9060d465ff44f075efa4993,28,0.001772867236335115,stitched_market_reference
1759582931,23504585,0x84cc68854612f4fe83d44859bc3b3b59be91aa1a6ab0987982e1b4b490460976,125,0.001772901066458427,stitched_market_reference
1759582979,23504588,0xd9b6fc63ccd66c51994532b9ce532041db896a723021fbc8f8e76c0dd379d51c,196,0.001776092255380407,stitched_market_reference
1759583351,23504619,0x8e567d4b3c5113d34c615bbf0bf88b92d83621761153f65282abb6d5f426e6f9,261,0.001766050142560183,stitched_market_reference
1759586603,23504885,0xc7913253030d757f8239249b4967b55c94bbd1399f5ce4cf6852471c8616f54f,179,0.001776891952702696,stitched_market_reference
1759586975,23504916,0x2a5f387196b8c708c7b3b023e3725fb1555cdd83640b5e4795bca61c40aab744,267,0.001780845825544701,stitched_market_reference
1759589807,23505149,0x7ce92b64e811cd80daa9ecfa6f6f76bfffff0199ae28545c06c0ca32e11e5f26,389,0.001789837994071521,stitched_market_reference
1759590215,23505183,0xb87cfaaaabf499ac1267b391633fa9036724f5973e0461fca22348169f7ddbdc,255,0.001781430204156009,stitched_market_reference
1759591751,23505308,0x0dabfdd0f6de2a38e8a8444f060ca56cec2cd23a2446bf719e672a5b1c0f4711,232,0.00179038843432874,stitched_market_reference
1759593839,23505482,0xb24e02b14ae6eb594bd70d80dd4bf6145e31ccc0559244698693fc54d29ad007,70,0.001785605799332256,stitched_market_reference
1759595363,23505608,0xcb8d488ee6f4280c4388d0bfdeb052264245d116523da45aab8944d7cb59b4d2,280,0.001787216418337159,stitched_market_reference
1759597451,23505782,0x84c2fa111dd7e64a0270f1157eb048b81726144b3bcefa30bcca0ffede3a20ad,217,0.001790159905483735,stitched_market_reference
1759597463,23505783,0x5cd05627b74429242f36c24aa0ddafe19fb4f1a3b13ad3dafe7f04ca6517fc53,64,0.001780801295479647,stitched_market_reference
1759601075,23506083,0x440c3f25a1280a8b942f86e34a120d115c02ecd34c053a1895018ace4392f863,219,0.001782175019192665,stitched_market_reference
1759601147,23506089,0x29881fba803dc56bb27f751f95b5f12945686ba51001520cc7334951a610a5af,70,0.001784767090669841,stitched_market_reference
1759604711,23506383,0xff8b0ee232e59ba893d1af9017b4ff1903e078c24702f7fa33962cae7078b5b1,585,0.001783854370127021,stitched_market_reference
1759604759,23506387,0x16f91f6c04d7dfad3aca303aa3daa9032b4b881c7aa06de464210c53a3702631,56,0.001787426406911846,stitched_market_reference
1759608335,23506684,0xd06e2b49ea00827066f6362947daac403b4f2b10f5df4274f0ddf107863ae78f,171,0.001792226852692736,stitched_market_reference
1759608383,23506688,0x5ef5479006398ce715fbf3859857de183f91df6eef463e3dbdc154a7129013e9,169,0.001785985843658708,stitched_market_reference
1759611947,23506983,0x3f1c6a740a23b603ae17f00bb1acf6a123d908c389ac28921027155e206f1a93,162,0.001788762117993076,stitched_market_reference
1759611995,23506987,0xc88f03683b2fa17d9f865d7589b7f5a59f24389fdb8d674161227f4e620fc85d,242,0.001785808109149308,stitched_market_reference
1759615571,23507285,0x6ac4a192357dcd0909abaca39058c1561516de8ef34bc4f5d196b7aab0ad5c28,61,0.001786297997064405,stitched_market_reference
1759615595,23507287,0x1397762e757b9f03a123e6a71056cd4f92d542300443860b38617310e7c5a69d,408,0.001783745835923002,stitched_market_reference
1759619171,23507584,0xfaf4de0deb863d00a3895b3bad4055d40f2844190148820ad70474eac39b6dee,317,0.001783271564427632,stitched_market_reference
1759619207,23507587,0xd7444069f5c75242bc62e771eae891fc2459436f4de6744fc0cc68b8ae20c5b7,151,0.001783104733138652,stitched_market_reference
1759622783,23507880,0x1ecad86baba92a2064ea698dd2d9a24da91f6d206e397bc0910e01ebb15e9a4d,64,0.001786530969548337,stitched_market_reference
1759622843,23507885,0xeb3d2be27bca145e2d9cc7b09cafbefa61aecc58f246b7ca6dcf19bf277dc28a,176,0.001787147089264709,stitched_market_reference
1759626407,23508180,0x22b8010d04234773c4e13d62a187555d5a6ad27ad4b31dad520300afe5088b0d,58,0.001780816638759445,stitched_market_reference
1759626479,23508186,0x0fb6fb1372b6bea7976a4b5602e63fa4e5f7f5dbd12b6eb38d2814dc76e61cc7,200,0.001783887076903923,stitched_market_reference
1759630043,23508482,0x4c4237697471b6d98bb1bd59bfaf944c4831821e2337a181e728f524ad773035,227,0.001786027328066951,stitched_market_reference
1759630103,23508487,0x8a63c10f590f25d7b85cf5b444f1254bc96e12aee96f98ad249a09369190f9b9,175,0.001784103657926709,stitched_market_reference
1759631495,23508602,0x980f3f51a9d0e6359c2d5eeb428bf7e08c62e3325bc16aa590dc27e90533c7d8,647,0.00177313120353316,stitched_market_reference
1759631603,23508611,0xdf89f50b529f204779df0fbc0dcf7500157ba539f454858032353592c5c8614e,241,0.001792554816905016,stitched_market_reference
1759631675,23508617,0x6f6bfa63ad7ff4bf6d2155c811f424426c35af91c80e7ab266ab5f1afd46a8f6,756,0.001780556972835908,stitched_market_reference
1759632131,23508655,0x313328c90cffa1e48c0bf7e8327099ce659d4dcb14f05be68731d09b92f65aec,244,0.001791218669621862,stitched_market_reference
1759632971,23508724,0x68019cf13c51df19ad8ca9bd6baabfed09477f4172d8d10c29a177f2b4c0f42c,122,0.001782293070435098,stitched_market_reference
1759633223,23508744,0x3c17d1fcf0b75eb3d9647980da950d484bcf129388bc112b775a3c28511b55f5,495,0.001800281780158429,stitched_market_reference
1759633475,23508765,0xf64ea58484ab3057773d01136d32f621f4fc500f0d4458b5ca8b4c492c8ef141,229,0.001790488336879564,stitched_market_reference
1759634351,23508838,0xe005145be900997785d6f8966585fe7dfa75ceebe66b6ae4b3ff5fe3d0d31ecd,58,0.001800891846078882,stitched_market_reference
1759635191,23508907,0x588adf12ad0bd3db74a9cc343d8adecee4300b6d3e37084eed5076a8de2da972,203,0.001791888650947934,stitched_market_reference
1759636727,23509034,0x2d140627bb414a08eaac02f5e0356c7286ec48e2348927c7845d19c72a4aa60c,299,0.001803265739967587,stitched_market_reference
1759636859,23509045,0x302ebad826c5f8315ace5071ba00d8131e6750581ed4b9252072c7ff22324368,277,0.001801140516549459,stitched_market_reference
1759639451,23509260,0xa8be391cff0747cce9cebc0f30e0d8e8df0f784aebdb8daa95cadd6cef84ae0e,82,0.00179162526290187,stitched_market_reference
1759639763,23509285,0xa90a55a4b71e78d1690db4e4017426bab2762ded6305444ae804ff5d23cafd7b,161,0.001780438914242837,stitched_market_reference
1759639775,23509286,0x6e166c17a8d6e3f4557c687f74f2b61ba2deb5f817667a967c72aff734d96a66,715,0.001800775648661794,stitched_market_reference
1759643183,23509568,0x037fe150b523ebeaf3bc68967313d2a7c73e21cbabc2d3bd8684663b57686e3b,260,0.001809939422407871,stitched_market_reference
1759643399,23509586,0x15bbc02266e5f440840bea69bb96221231f847317b90265c27430ca49f8834f5,364,0.001810595325864877,stitched_market_reference
1759646795,23509868,0x312ab6f5af942f696c629e302ef5664cf6eb5a6aa5449288bf26245234e459e9,238,0.001810142108632783,stitched_market_reference
1759647035,23509888,0xc31ce12550c25f005897b67ab5ca7adeacc11eac7b9fe8a406309daa8a998bee,282,0.001811649421599344,stitched_market_reference
1759650383,23510163,0xaf12a3eece8e11247ce87ec41bce392f034a596152a9ad2aa30a290c5c6eced9,458,0.001801898183800283,stitched_market_reference
1759650635,23510184,0xdd90b4b3293c83892c85504c1a7f8bdca72767914bdb867840a3263ed332582f,618,0.001821578545732039,stitched_market_reference
1759650983,23510212,0xb31c3317d51ae971e67563d9e4c91a9716495afa8f7f2743171df8e5c852cac3,668,0.001812355743366364,stitched_market_reference
1759651223,23510232,0xf0bb1a9076fb42900c31022eb771a2b7cacfe56c8b0cfdc1a35693e40520c1c2,329,0.001813339705829031,stitched_market_reference
1759651235,23510233,0x13fedc3e28d40b571ceaef404daa4bfb93b5e2e64f0f7ab23e4296c4c894c8a3,156,0.00182396378501575,stitched_market_reference
1759654847,23510532,0x8be38d9a7c552bf8442dd0e5e9c7e44f603acd5639cfd80927d8610776951c00,167,0.001831614337500314,stitched_market_reference
1759654859,23510533,0x5cfc1a088b560dc9a757a5c180edebf78e52baf5d44cf46d0b3de638934390d5,637,0.001827672273530443,stitched_market_reference
1759656671,23510683,0xff5959a438460b582168b60f6e9745c3137bfddf528f7821fb8558d8469546e5,914,0.001839553746221311,stitched_market_reference
1759658471,23510833,0xbd43bd90ad83b871af30672002bd90ea7a9186b13a7738f0b9b0306dc506a927,754,0.001831903756970555,stitched_market_reference
1759658699,23510852,0xc096dfbab26262c756d9bc3575d2564bdead56636af85e2754219893078084c6,403,0.001843878942641305,stitched_market_reference
1759658951,23510872,0x30b3e52129a701de2fef0f83e1af0c317dc62e5b4ae7eb76b78730f151705c37,59,0.001824025934768321,stitched_market_reference
1759659635,23510929,0x6d9cd97c372a59571515fb49b1050ad4aa137ee980093cf2dffbe0d7ff9281a3,255,0.001843940768425607,stitched_market_reference
1759662323,23511153,0xb1cfea8ff06491385d841d228eb75da7a2719bf8bdcfc1cb393b109425f8535e,296,0.001836130093313281,stitched_market_reference
1759662515,23511169,0xb6c8502eefd44a3833a19b5a6f449ac6c61f500f7f0e07088853c7aefbe0971c,375,0.001817071669173196,stitched_market_reference
1759665935,23511454,0x5cd011ee87921e0a0983b9fc33fec8b3b9ebd5bae2dd32c21d122c7b7bf18512,409,0.001819918221769882,stitched_market_reference
1759666151,23511472,0x02dbf0cb8fbc0d5319c133275449dee40e87ee74e7c20b499dd2db791249cbf9,382,0.001823268992325634,stitched_market_reference
1759669619,23511761,0xc644a988295ef0a752d5ec2023aaa6c6c8f547057adfd269a5a7d5c76b90b999,505,0.001824883559159662,stitched_market_reference
1759669787,23511775,0xdefe132e25d848594117de13f0ac3b24dcd717bcf434ec2ee7641666fed0f26c,87,0.00182072549932279,stitched_market_reference
1759673231,23512062,0x0968d338b5cacfda34f1f4654d53f2cc5e04162ccaf1f3c796f55aefa358bc89,278,0.001816717213387234,stitched_market_reference
1759673411,23512077,0x96f10ba0af726ac0a52724c039c316593b7ef82363c555bdd9f8e0223cdb4a07,159,0.001817637583125589,stitched_market_reference
1759675571,23512255,0x7cfc708f8cb47166d672c924be80dabb7557fcc3ba0e1bcfb4a9b09bff878b34,327,0.00179888329580243,stitched_market_reference
1759676843,23512361,0x4db939a660ee74df583a5141df6a7005c4dc3ce1b9df9f8841a87e40c0836f06,226,0.001804159957650484,stitched_market_reference
1759679171,23512553,0xfd8c7b858daa1da4a4b4eba7ef31466f668c3278b3f9325156cce1be9993ce7b,344,0.001808538897589165,stitched_market_reference
1759680455,23512658,0xfec66ceb25bff95608b50fdea56c7cee8e1a3d9f73d119496a1429351e87932c,346,0.001808157141404205,stitched_market_reference
1759682783,23512852,0x3bc08269cf02f9d81e6e4bc567974fd91b1a5ea50d09feb9fd5cffacff36bcf2,199,0.001801225861130142,stitched_market_reference
1759682975,23512868,0x00f41b48c0ed7739c6a5c88e2cf5286f0f1cb1d5870e7a0a89777501f317bae0,238,0.001811048038100479,stitched_market_reference
1759683659,23512925,0xc6aa5d6b9c9ec9e08da6397dafad67a68f84f214803d240e707d0e6dc6c7fc24,668,0.001801022034365015,stitched_market_reference
1759685675,23513092,0x797053f70e3dbb7d5a401a8c90df011d725809f2e098926a29988365ae24a7b7,115,0.001810880841950302,stitched_market_reference
1759686419,23513154,0x3749e484e51e5f2e8c86b07dfb482c3b6f97d6fa5510987ad0a73145a51978a5,364,0.001804478809350667,stitched_market_reference
1759689311,23513392,0x973fcff9d3b1c3e16e1ef5f61655333bd6d70a72dc22b909039235a4962d0ac0,386,0.001800549838473281,stitched_market_reference
1759690043,23513453,0xd83f8e61835f0d2ff1979397801f51c3ea0c68b81d13db2c67cf0c7981d268d6,169,0.001796740643271636,stitched_market_reference
1759691495,23513574,0xd70a4acfd5df45f2b756c1ae66915310a8d5bbce926afbf1d0fbbb375dba8fb5,370,0.001806076104052801,stitched_market_reference
1759693223,23513718,0xf421a881e369ba9ced314d80067fd9da9bb98c23992b487350086241f6f2640a,303,0.001788001395336463,stitched_market_reference
1759695107,23513875,0x0d6a69ba7336e5450cf3e65a9ffbc54f8b3f17672bfa87358edf2dd0f9ff2ff0,271,0.001786665303800618,stitched_market_reference
1759696859,23514020,0x7330f26c9a93fae90522b6dd478945defaacfbe9e362dbd163be7d68ea4b15ee,66,0.001793061017883172,stitched_market_reference
1759698719,23514175,0xe73bc6d9c2dbfbb147e6d6bfbf754f31795624ff75080f2f389cf9b587b8e07f,266,0.001794334954019095,stitched_market_reference
1759700483,23514322,0x91170f8a0fbcfbb213cee03991ad2c3bb76c38c6fb90b51069199aa71d912dd0,219,0.001787257498785336,stitched_market_reference
1759701779,23514429,0x867b612da2fc1bb5f98cccc5b8b0000021228528b1727b3a3b8ebe3f66bce181,93,0.001778309026695461,stitched_market_reference
1759704095,23514620,0xfe8b99f4d3f14434eab2dcc7dc49f59eca622da1b5f7c6af278cc17d5403964d,153,0.001780455953056049,stitched_market_reference
1759705391,23514728,0x8c76988a9f5f6d63bf8ce64c08b4f804cd8e4cf3143b97e2f1f5831d8b19acc0,206,0.001781368308720718,stitched_market_reference
1759707719,23514921,0x6f7e8d601cb55ae59ac15decc0276bfa2d43ad62c19a98e931fc55e8cc2b6588,8,0.001785190839076188,stitched_market_reference
1759709027,23515029,0x8229cc204ae2e01df27a511585414a94fc4e78153a5507fffc82a82b63345cbd,303,0.001787138592602218,stitched_market_reference
1759709819,23515095,0xd7dc7f03db31056688f31864ed0507c7c138c1331d24cca3172af77f3104e6f8,469,0.00177617670532574,stitched_market_reference
1759710407,23515144,0x32a1dd64d38dd7e086d15aa32c111d37f1870f30e68fc0f93d9c1c28cf5c894f,216,0.001786103610915294,stitched_market_reference
1759711355,23515223,0xc9989c671713ed4de19d9dfa979c094f552d0e410d2f3e49f2d8bd5fa84e66a9,102,0.001786375992823795,stitched_market_reference
1759712603,23515327,0xad064d5e453615448286e7079a4d6b46ba2ac9051ab9341f4dc7b64b8960bd82,442,0.00179557985602324,stitched_market_reference
1759713659,23515415,0xe724120d96e23fb6db55c18fb04d25436ac49630b81b68dc0c376a9c5824d774,369,0.001786112780399446,stitched_market_reference
1759714295,23515468,0xbd0e39553cb073e8cf549fe566b5fc58423c6a88b4e7be7806b310867f1fee11,467,0.001776774363398165,stitched_market_reference
1759714715,23515502,0xfdfd0615ae087f04e5d6090d92106992f096a93b3fa23b739a5f7fbd3d12c52e,717,0.001797243944451665,stitched_market_reference
1759717907,23515765,0x487281b2f52ac84cacf8abeefdb852e593abb72edc70ea819572eca3704a4195,19,0.001804585616090092,stitched_market_reference
1759718291,23515796,0x8556a24a65ec7c1e2899943b945998c141a79b0bcfdcf5e726e39108946c7809,217,0.001786461428603543,stitched_market_reference
1759718927,23515849,0xc2f2ce38279f132ea488fce5a90787aaeee7e277daff20acd4cfb1af4abf5607,113,0.001806254732675882,stitched_market_reference
1759718951,23515851,0xc2c0b78e32869ad2d52e9d60634f1fa89526c315a6a56403e0c7322e73bd109c,184,0.001795161622951639,stitched_market_reference
1759722551,23516148,0x43db0834102c0658f7b4cf125be031349f64e0658573dfca181e042e10b067c0,187,0.001781913746296047,stitched_market_reference
1759722587,23516151,0xa0d4cfcf34a9c003e8cfa7fb01f88f11d1b84444331ef5bd232f439bd14300b0,34,0.001788065997087286,stitched_market_reference
1759726187,23516451,0xba4d27e84008ef994f58477b7587031ec1dca70e9b7e9984680905aa52ede379,378,0.001782331052475726,stitched_market_reference
1759726223,23516454,0x3493f9c2a1dcc1a50f5214c2c3a0ecc7a9382a58f4b506de7f0171eac30713a4,85,0.001781779592934895,stitched_market_reference
1759727987,23516600,0xdb7a1b508fc0cc3a31f640de8cd832674a0eea07d6010b00e1b3d68baa1c3ec8,96,0.001790930434585876,stitched_market_reference
1759729811,23516752,0x48d0b1ba091110166a475de23e3674ccb51d16da96cabdf475f1b5dcc5caaf74,217,0.001797119434064558,stitched_market_reference
1759730567,23516814,0xc01dcd04b4b7e3c322f16d542a3963e1b39ce25420606f2759652210d279a9ad,518,0.001788061044319807,stitched_market_reference
1759731371,23516880,0xf7a11e73f5edc461176b00f6e4311d8b6352dba60d3fe03e4162be053a170c2b,539,0.001806488476451999,stitched_market_reference
1759732163,23516946,0x6706b1a4d53b561c5cfee8b9ccd90e8afc3eb457ec0420ff7741be99604ad164,886,0.001794726546479947,stitched_market_reference
1759732631,23516985,0x72829fe92d91dceea0fd052f7973415517186e651add6b0321c53155b07f4b38,1433,0.001813299563924099,stitched_market_reference
1759735775,23517246,0x15c2e1ccd980a1425c9e2359a7f989bac27f50cc96a1c713dc10424d822543ae,119,0.001812022063187033,stitched_market_reference
1759736279,23517287,0x37615b11f727c7b9237302e31249a23d3ae5a4f4846cd4d6a800446558a50e8d,330,0.001800813843341274,stitched_market_reference
1759736519,23517307,0xf0d3acafdf121980af48bd8acecfee34099eeb55c5cdc71bfcf4b9a8208e0425,1080,0.001811038499390287,stitched_market_reference
1759737635,23517399,0x7bbfcb3164d1c7bd1f4a6d5d1dbfd23666c1787927e8285654f282a8d87d0ae7,594,0.001813381838266871,stitched_market_reference
1759737647,23517400,0x59cd40b093672825f01f3f1ec54043ba852501c6f494e8562d8eedd7cb2e349a,434,0.001811527963418034,stitched_market_reference
1759739519,23517556,0x4eff859667537b985f4819af27fc9d10490cb4c5964dd72078445c8813f3577f,117,0.001800319673426458,stitched_market_reference
1759741271,23517702,0xf44859bf4e79dc3ee105441bfa3476fbeaf9add7a499e0ef188e6c5a5963d2c3,397,0.001808362915826313,stitched_market_reference
1759743155,23517858,0x89eef98eae9966a94d82b7c31a751da11f12c7f39c3b420b3e359cc5af0ed730,454,0.0018068663092118,stitched_market_reference
1759744883,23517999,0x870523c819987e41c5bd53487e37a0d892d0fe10273cec37887bd558901ceee6,455,0.001811703381090719,stitched_market_reference
1759746767,23518155,0x454d0daa897428b05a360aba187b2ed958bb3aa7f683c37b4f97ef49a8c5d0f9,199,0.001812857268601457,stitched_market_reference
1759748507,23518300,0xb90a5b25add948e3bef0ef784c6af06f3c97d9efb3dd904c588f50050f8d2cfa,204,0.001803668837359471,stitched_market_reference
1759750187,23518439,0x7158c4ff665bf470bd994d8147d9f49a745004caaa4e184de89dfaaaef946b52,770,0.001794327095059303,stitched_market_reference
1759752119,23518598,0x15decb5ea34c7108979297903354269f76b4afb69b8a320fde9111221810973f,210,0.001796012701154027,stitched_market_reference
1759753787,23518736,0xa756a89c56b8d3369b1cd65c630ba38fbb73a3d484f26711eb5e4d897b37869f,564,0.001796337388565575,stitched_market_reference
1759755743,23518899,0x1b9888fba0f3de8f81b85b7160be888ae209905de5d5d457f719166c171b5ff9,155,0.001806326796434146,stitched_market_reference
1759757399,23519035,0x20f9e8055bd13551e14959f8c995675216f961755ccf1291ecfc5901b3f3a456,268,0.001804242325539441,stitched_market_reference
1759757939,23519080,0x53ee9f848bf4834afffd963b2e6fddec229e012f40134a6cd6b76f88d9998e1a,978,0.001789713520576198,stitched_market_reference
1759758263,23519107,0x7877e0f2d8bd4acb955e6fde53c651e81a98da3ea6bf81d405fa58aaa49f2442,518,0.001799436739603893,stitched_market_reference
1759758839,23519155,0xc6dfb1c6065782ec072f89aae9e043ac413b0c2d6be2cd30e76f7382139b4705,229,0.001789922866964265,stitched_market_reference
1759758839,23519155,0x6a15f392faf5b3fad05f6e30abe5f3ca93ffd2995c1ccfeb3adf202b6944bfe2,316,0.001808768445802579,stitched_market_reference
1759759619,23519219,0x99c7e149d0b3923d56ba9be96adff7501ffa86ecb79e2821c53433fafcc6872e,373,0.001798518352458664,stitched_market_reference
1759762463,23519454,0xd09bcb2040ec16cd6874e626bd713805c2bd939c6d3eb5952ae677fa563575af,436,0.001792380647202379,stitched_market_reference
1759763243,23519519,0xc3213a0022086044403c93b9989bf3fd919f42dc75a2b07d2b88fda7dc79ca54,330,0.001791620544119257,stitched_market_reference
1759764059,23519585,0xb70dbd407d1dfeab28290cfe087766b75d9e4f5c190604e35d6f5667ae859b36,132,0.001781139809799427,stitched_market_reference
1759766075,23519752,0x2cf2b2512543aa64d54b6c73cf8f7f7140718fc038b69d675ffc154cbb2ad57f,278,0.001792514087903738,stitched_market_reference
1759767683,23519885,0x49332f3bd6a2ee0554966fa2036f94a7a61fd65b97a467752b31d6c38602018e,643,0.001797870272347447,stitched_market_reference
1759769699,23520051,0x5e2b4267e166f04bb0b9de550cdee2c90ed0d120113d48a1246a3b8ccc67362e,192,0.001790028253149313,stitched_market_reference
1759770935,23520154,0xfd605daac167e6a72460245509155fe64c4191354ad14df60859d503c80c7d2f,152,0.001779781531958008,stitched_market_reference
1759773335,23520351,0xdf8be2e809fce61259c54c81249b71fc53a23e69728a6a91cd0e0883bedd0ecb,63,0.001790285238410421,stitched_market_reference
1759774559,23520452,0xd57aa5e9c091e3ddca73251810ebc54bed99ab3e984f82b0f510376498eed0a8,332,0.001789045504335631,stitched_market_reference
1759776971,23520652,0x545aecb767613befdef4bb50fb3cc128f05b1ba7d7832e9c454d3bfb23ac79aa,264,0.001789567635078649,stitched_market_reference
1759778195,23520753,0xb16da1cbbdbe03ff92e64b1fb7ae2e306d6852e8e96e6884c18de90c56a9add8,65,0.001786779852353297,stitched_market_reference
1759780595,23520953,0xf5e9389079819cf6d2047690c950446afd53fd9765f48ba23d97aa15c9c63a50,249,0.001787230491799809,stitched_market_reference
1759780739,23520965,0x8a65f8993f36771a29baa6b7dbb25011dae0e21aaad1b4451b21de589569f62d,598,0.001778250216806121,stitched_market_reference
1759781831,23521056,0x89164e9ad51baf55efe7a72854ae7dfedd19494283964e0509efa8960ef08159,123,0.001787722944917788,stitched_market_reference
1759784231,23521253,0xaa3e2be269c05b25429fa4fc29b2662b149526329925e7f884647ea1c4ec1067,202,0.001784100293273439,stitched_market_reference
1759785455,23521354,0x20ee300614698f3f3945f599f798094d57794da519181d1555a922167bfff7e2,51,0.001789418288302491,stitched_market_reference
1759787867,23521554,0xb9072365c218935fdcfe11921865fe31cd67bdfae56f857e52d032ce66bd22db,194,0.001787817272498732,stitched_market_reference
1759789091,23521656,0xc892dd4a9ff19e49e79f21b645298b39117dbce42d22b0b4d9f737aa211458f3,94,0.001785174018299129,stitched_market_reference
1759791491,23521854,0x2d18e1d8298ffdeabfcf1d4d343b54c8b5f844720f5598fef109506f64bf4ec6,283,0.001785349583153398,stitched_market_reference
1759792715,23521955,0xa72f3555854298530e6f5d0e66822df6774accc6ea0c5fe985652601a39fe676,37,0.001788648823189476,stitched_market_reference
1759795127,23522156,0x56c0ab7ea6992ae0ec910a268c4a55fe38caa3675b391a327457fd14bc45778b,141,0.001779191126781833,stitched_market_reference
1759796327,23522256,0x13bbc75fc886b985396b1e9ef0926444a8fd0b51d6e6cd63587c0eaa32ee6957,41,0.00178337014765384,stitched_market_reference
1759798751,23522457,0x5fe1eb3297843793329bebbbd86d4e511222671705d9bce8be9d207ba7632664,251,0.001787864713369651,stitched_market_reference
1759799951,23522555,0xb20e520170303b919072dbd612d75e8feeba35306f75f0bd8547bcaa154b32b1,392,0.001786690228505988,stitched_market_reference
1759802363,23522756,0x3bd3a35d12e7369c93e01ad69ea9d079d8884172e826412d9fa7f459169498c2,224,0.00177750876052938,stitched_market_reference
1759803587,23522857,0x71ce2f7633492b665a4209cf9d55fb0b85755b784cbfd0947132ae4b7b42f7fc,46,0.001778428022794846,stitched_market_reference
1759805987,23523053,0x3cfb5948dc65c9c5b5902f765de3615e860180a87891c13eb0d7dfeab2d17a4c,25,0.001782397786302587,stitched_market_reference
1759807199,23523153,0x80451c42e59a38e283a081b7c3f705f3a9afd957f5f49348ff9e5d55ca7d7263,15,0.001779163813597085,stitched_market_reference
1759809623,23523353,0xe8350b5bb6c7aaa3dcfc109ee538b264e5260b292883b055b1e5f00166e15da6,232,0.001780524669155507,stitched_market_reference
1759810283,23523408,0x17c7f670a72f8297c01e630d84f5448cbdde0badc03824dd4c5383325a3c255e,194,0.001756835685365661,stitched_market_reference
1759810823,23523452,0x05cfbf8bb1f11c5941abe3b985487cad5b0c94462347c5bf9eda3f52949b24f8,423,0.001759430267225924,stitched_market_reference
1759811915,23523543,0x3755ef403a780a89b422fb6a0f0c4be8c73c13aa93c8dc3c4a9e4a6a8c340a61,229,0.001750476112684314,stitched_market_reference
1759813907,23523709,0x3e0ef92053786132ee686079853f4bb7a03fca71e0cb428c0ba859f26495fe7e,131,0.001760132644758896,stitched_market_reference
1759815551,23523844,0x45e47fa7e4054ef5211fc46e515d13faac6830e9b0b43bf26aca1e8abc8e30cf,366,0.001754682936849974,stitched_market_reference
1759817519,23524005,0x08220625eb433fdb647e4d6c63055fa743fcf6daf90015d2946eda1e8c5c3085,120,0.001751797337105802,stitched_market_reference
1759817891,23524036,0x907362c5022696560bab61c714baf0c3413211b7900331a5cfd480a45508db14,422,0.00176145261078415,stitched_market_reference
1759819295,23524153,0xa05b04fdd384eaf29f56144c4ddb458da2ccd4c178155e039facfceeca7c7d56,343,0.001770355981791059,stitched_market_reference
1759819343,23524157,0xc76c0bb15db2eddfee42207ba4ab079bc85c2151fec3c3b377aa33d693b2f473,395,0.001751283041158455,stitched_market_reference
1759819703,23524186,0x50039861bb47131aabead71255ea129b7db556132a28c1802db908b9785f6102,449,0.00172783242338569,stitched_market_reference
1759822907,23524451,0x00a714530a92404dcd9cc7ab369c05c4a40936c64f5fa83215f714086fb0fd0d,284,0.001728820335520455,stitched_market_reference
1759823315,23524485,0x38da8497ca5078cab2afc7e34a56886bb9728a5069174aec9830a043017a5d37,463,0.001734662637908586,stitched_market_reference
1759824035,23524545,0xa550bceb9a8392fda5d91072831c44e6884f250c7f149ab416a89d78baa5591e,71,0.001735317637308983,stitched_market_reference
1759824035,23524545,0xbc181f9bab19e0c97a8c8514a3ef97aba89d938e74a922a815d772fcea3c17f9,140,0.001731401216329819,stitched_market_reference
1759824587,23524591,0xef100542fe40ccbf74b67c58d7e399c9440407316d27810d70626eaa0f5650ad,315,0.001740122401014382,stitched_market_reference
1759825895,23524700,0x6ec60b65134c69d03fbaad14679fe4b815516cdbb154a8b21fe4e53f1d40f538,262,0.001722080892082257,stitched_market_reference
1759828211,23524892,0x31575cc7e9e454a4cee7e3e8e34c8de07c11ee7f7f97f2958b25b460b139971c,275,0.001714340505518937,stitched_market_reference
1759828487,23524915,0x8d3f41e773d0e70056129d1b202944a87518a29c1d4b5502ae0bbf14effffa86,35,0.001732903019818525,stitched_market_reference
1759831847,23525195,0x12e74da29f79ba45773a891c40dcc18082c2c6c6b79327b33754439c1ecf9dea,246,0.001729665276677884,stitched_market_reference
1759832123,23525218,0x76580d802ee7711aaaf238daa8cd1a4d567b456047b408ed35225b971d6f3c3b,297,0.001733459821845379,stitched_market_reference
1759835483,23525496,0x539aa08440c7cc32bf8f5d1bde2a1af0b2c11e3e5cff6858a2d0d82499bf8160,348,0.001729817872010185,stitched_market_reference
1759835747,23525518,0x9d8af886852a1c98f8665707ccb4b551c57239d442b8d7bca8ac5857934a4aaf,250,0.001724682758978842,stitched_market_reference
1759839107,23525795,0x4b6609471dcc6c521b5cd5b573be2a79d1f54d61cfbb896f9b400e1fe57fbd6f,333,0.001720559840434005,stitched_market_reference
1759839359,23525816,0xa86ee153cc248ac415e507dbc171bba246cd53f448764129fa952359fb902f64,255,0.001722110982482151,stitched_market_reference
1759841795,23526019,0x44c099d803f48a81789702417cc9a7b36fa6d506d973ba737843bf435e54c344,576,0.001713032340810358,stitched_market_reference
1759841963,23526033,0x913c7d887b717ba0bd861841a03001cb4c29215995a936d719fbbec546dbc7cd,269,0.001730332662823915,stitched_market_reference
1759844399,23526234,0x1923d212a5e23dd4357c8264cf89276d919c4fd8a4b499057d1bbd34e64c1ed2,193,0.001710422336415422,stitched_market_reference
1759844579,23526249,0xac3daf13b660654b9d7308a171e258139983d0d7e526cbc09d726a310b771c70,593,0.001724601123607474,stitched_market_reference
1759846139,23526379,0x852712cb5439cb9247daf174e0e327a31225c7005b5b4d143d8958cd020b86f3,529,0.001706980412500719,stitched_market_reference
1759846259,23526389,0xf499fb253d1c02f2d4cb43faa9f02d233a8d3db7071de26d2f882ffd2d40f848,926,0.001719379936737654,stitched_market_reference
1759847423,23526486,0xc92d86634ed6162923d691263098c22011b51e3d4ade371154c3ae039bb67525,104,0.00172891132862158,stitched_market_reference
1759848695,23526591,0x7c290dcccae8a5ddb03ecb4b9bc1228abdfacf5ff7bf7fb51d9c00e74ee3459b,684,0.001739175959791256,stitched_market_reference
1759848743,23526595,0x09f9f1f79dd45661f188370e12a792a5a2c0aa829f9a785637d7fa63c943d0f7,308,0.001720372090810204,stitched_market_reference
1759849583,23526664,0x03a3faba618f1ccdab4a5e53cbe1db493fdb3b8db6d3e61163bc986e138b6e2f,186,0.001729437401396971,stitched_market_reference
1759849691,23526673,0x8eac8d177f6ac96c3225037559cf113b16823652fc484f3c1a01f8ca87c25aca,506,0.001741418567247607,stitched_market_reference
1759850243,23526718,0x3c02e45632132792944a740b0a46204355d35277c59508ae62a19e98ce488eef,377,0.001731980891775421,stitched_market_reference
1759850939,23526775,0x6da724021fde794941f52825ac167ee0e3434caff1dc972d18c609fdb4e50435,238,0.001740814229422643,stitched_market_reference
1759851503,23526821,0x6d379aa48df80a51a3df9b2302148c346e7fb0a7443692e0f12f8f10a8f01eb8,440,0.00175310699532733,stitched_market_reference
1759851539,23526824,0x787ce831fb3ad011c0ef5ae6e7a717cb003652d35a987ecf2dde1f204a6ee3aa,626,0.001734614500490888,stitched_market_reference
1759852283,23526886,0x89eef93f83a15c2bf50ae7f9756e08c5b11206d119fa21d86ac25c098c4412da,541,0.001743512434402995,stitched_market_reference
1759854203,23527046,0xee4a6b5d9edfa3a709053a95889096fa5a41071ec5c75a9f0d5b524c6ef5f003,1015,0.001756864621698882,stitched_market_reference
1759854419,23527064,0xc5b1d18f251875df183022b5e42d422f39d71c03499b6662e0611eacca61e9c8,397,0.001747981738186367,stitched_market_reference
1759855055,23527117,0x39e3b1faed5f822022fccaa1e643f99d28dae2f21190ed578808d1b58e562f09,305,0.001738315149264442,stitched_market_reference
1759855175,23527127,0x92f16dd86b50cc0ac90c64f9f0e9d0d3fb01d33ecaf83e90f991d3d951fa1691,37,0.00174218869597318,stitched_market_reference
1759857215,23527296,0x26be258d605ed8ddfdae67e8d93749e84f73f1e49be2592aab0ccfd94eabb14d,271,0.001751238352071189,stitched_market_reference
1759858811,23527429,0xba08c9d3b2a095c1af9d447a150cbb75a7c19e2862a08092ab21d43eae3ac642,723,0.001737536996776192,stitched_market_reference
1759860839,23527597,0x2d71e7dd1f80cd3f2b610780b799fcc112875df8e502ee2fdf7bef28d9cdedfa,64,0.001739041715999576,stitched_market_reference
1759861775,23527675,0x68093472912daa7a836e18d4d6f10f99bca745f1170ccdc943379b4ad41c5800,164,0.00174809146297184,stitched_market_reference
1759862435,23527729,0x852ab7bb9172db26101c4371402ed15bc638c832f12a5b1cdd854434c377ad6c,352,0.00173373326030729,stitched_market_reference
1759864055,23527863,0x019472759e34c4ca64c8d538fbaf1a5eba5da692a59769415761ea65dba58f17,230,0.001724244771380988,stitched_market_reference
1759866071,23528030,0x49d238af8871b633eed6a6f92f0a9c059789cc21d69d45915d7c8dc0e4f75bd7,201,0.001728289425046985,stitched_market_reference
1759867691,23528164,0x0bf57074ecfbfc133dc31d9ad967d734c414feec4226d265f757a051eb3bb149,426,0.00172180589254381,stitched_market_reference
1759869491,23528314,0xb414a22ebe380e27cf209c72bfbe31c184e7e3551009fe04efa4e55b5e9ba3eb,195,0.001739251042800346,stitched_market_reference
1759871315,23528466,0xb9347f28891290b22c1f970f02a8b80dec3c7e35ed309387f15e08219ce8fefb,220,0.001735471834454136,stitched_market_reference
1759873127,23528616,0x1195f9bde5c7a081995e5339a0b634a5a3deac89904edf9a829aa0a005cb8e12,252,0.001733482507666977,stitched_market_reference
1759873775,23528669,0x9791e4e0df0308a7d5b3801c87070dc8d54a7bc504637c32123111077bbbdb7a,429,0.0017422803275329,stitched_market_reference
1759876751,23528917,0xde541848d594c37a48bb410a70b721e605a55421e9498b830ff57ddeefa96b4e,306,0.001742206654905419,stitched_market_reference
1759877411,23528972,0xbfd173d5a9b6f5a192fb3a1ad62dc087d8dd56908c4191af272e2d5f0e06999b,303,0.001737267347178211,stitched_market_reference
1759879367,23529135,0x4cea6fc1af41efd5bf12385d7a44ff39d2c03487272b88a6ae4f9600acb2395d,268,0.001746603003112982,stitched_market_reference
1759880387,23529220,0x99304df592455411080edbeb11965ccb75d4b1be59e9d5c504fffe4efa554a88,1144,0.001735596212165198,stitched_market_reference
1759881011,23529271,0xf91e8d84d4fb65f2e83b256aa1f66320b5f715bf28bb6dd10e13cc01124ccdfe,369,0.001745124374493828,stitched_market_reference
1759884011,23529519,0x4b0e5f45267c2bdec515d8a975e6b7ed6ac592f36f158a8925ae17b3c5accc35,529,0.001752396889774038,stitched_market_reference
1759884407,23529552,0x8ceded29b784bceb96aa5ac4a097cfa18a4cb570319ba00fca766b908670fb47,48,0.001743384258569232,stitched_market_reference
1759887623,23529819,0xb33a7afda270905e39512eb8d1e0f28329ed8541d1fc34c269549784ca77b23c,247,0.001750528194614337,stitched_market_reference
1759888055,23529854,0xaa1bab9c271340ee6ca9e2565709561534b5d0f35983934ac8d5ba6ff676889f,349,0.001748315793625976,stitched_market_reference
1759891247,23530120,0x08fed53c66bfd242407813e7595c79a0cd5d201695d13236b18ecb15d409375c,17,0.001746375187216394,stitched_market_reference
1759891667,23530154,0xebbea63d118c2f000d78bd19a43fa3a9798702a4f974d2d563d48586362763b9,256,0.001747825774018656,stitched_market_reference
1759893707,23530324,0x583d032bbf41ea89a90f960ae2e97c24dd729d87ab5f5ae095975323b8d14c67,295,0.001757306918289202,stitched_market_reference
1759893983,23530347,0x448de6b3663607accd67479d91f11927f660430cf29509bb60fb2675d5d13bbd,55,0.001738716657000516,stitched_market_reference
1759896647,23530567,0x110c98bd677bc2ba171e41f6d6597708b77dcaec6d51d467f54ad6890d590994,2,0.001750549396129306,stitched_market_reference
1759896947,23530592,0x7ebe13cd035a9f76c0dd23c836236e07eaf42c219bf375d013be7758153d928b,539,0.001741670991854853,stitched_market_reference
1759897619,23530647,0x896784ec9b8178568719a7820a00507733770afe51c160d6b959b318fc0b02d9,349,0.001745402939628768,stitched_market_reference
1759900583,23530891,0x0cc29c1467f7ddbeb755df9ec1715030c9842dada87765ea92a4564b0bb86be5,130,0.001743595361490577,stitched_market_reference
1759901243,23530946,0x9c488d20a1bc5cbe0bc8492df3d07ae9820762cc4069a636dfb804cf70926800,95,0.001731966408547365,stitched_market_reference
1759901255,23530947,0x38869dae07c97f3740953c7b3f163264cf5fd8c23f4f62b98c2d5e5dba4eeee9,9,0.001740835953711543,stitched_market_reference
1759904423,23531209,0xdec5656c81641faa6d39ceb6bf3f3c683fa0bc39170bf5c2eb1f091d0681c824,327,0.001732078048641626,stitched_market_reference
1759904879,23531247,0x9800e3230eb0d3e1ff6844c06fa6f50274ea889d469a38e42297956d9f5086c8,131,0.001737930754227309,stitched_market_reference
1759908059,23531510,0x17527db7cb3b5324dbd14df9a661b9275f6e3dc321c7181a63853c2c84ee6721,175,0.001738474849148828,stitched_market_reference
1759908515,23531548,0x15f47b0e051ceb3a8369d48a2532da7ca4894ee8aea87320adfc00caf5f9eb6d,364,0.001740758301028147,stitched_market_reference
1759910423,23531704,0x8a69a796bd6f27ff9b59bf431898c3b95bd0b3c4bdd5259f971848413d7cde61,233,0.001734373887459612,stitched_market_reference
1759910435,23531705,0xdd3eaf25cb7eb0d2adcec11105d3e1a8733ad9e722db17f71ddf1135d1f65aac,351,0.00174233931838079,stitched_market_reference
1759912859,23531907,0xd13cd7e73d48e36823b1f9df24533fd9060411f0ceff0373587b56435fa34641,479,0.001733494561517215,stitched_market_reference
1759914059,23532007,0xc5f9ded4e718af18332dbb3e7dce551715bf0af1f6e8d5ba8454743502109303,223,0.001734403480001659,stitched_market_reference
1759916483,23532209,0xe60927572340be75f66b990cf1fac2c46b587766fb62b5ed0619a084edf420d6,82,0.001735841791953037,stitched_market_reference
1759917695,23532308,0x9d5ec17657ebeac3d04089178cca3c57782fc2ea5063a1102ac6fb529c95ffdf,108,0.001739073765284693,stitched_market_reference
1759920083,23532504,0xb4ecf5b56b26aa903ec902cdfa863bcf0bc653f720c1889555962e2b7ada9508,135,0.001735173355509144,stitched_market_reference
1759921331,23532606,0xd9cc2be96df239794e98386a1201415488c6b379bbde8af4e2c6df9b4872f08b,616,0.001747481643441929,stitched_market_reference
1759923695,23532799,0x670c85d20725f3a63a29ad2820da1add9de916f38456c73dd2fb120363ac849b,222,0.001751174737180103,stitched_market_reference
1759924955,23532903,0xfa457c13db5ee140b397f2bea97a9fe10dd83e76751284e9c477d1c31f701c18,80,0.00173908516497218,stitched_market_reference
1759927319,23533098,0xe32868abb7f1ffccbd0d8a2dddca95bfb085053471418c145b706b8c882cfdc3,244,0.001739621620984146,stitched_market_reference
1759928591,23533202,0x2765bc4cb6d918e9a655fda03a44f407c53de314ae30769cdb6568f027d4a7cb,250,0.001746733404738506,stitched_market_reference
1759930739,23533379,0xc3bb9e4afc8a13afb7571a54698647a0d065a0ea5fd16936baeac0aa53e85278,145,0.001756107853518068,stitched_market_reference
1759932059,23533488,0x35855514965793a413d5e4a2e2b7c7237f4b0477015ff5ae8b157ffcbb21d2bc,581,0.001743462883899714,stitched_market_reference
1759932071,23533489,0x0444bb820ee7a88d5b519a7119a209902302166d523ccd02aa37870dcfeeb131,579,0.001762567135726716,stitched_market_reference
1759932239,23533503,0x47acd26070156d0cedc917aa83c5fcb04d67fb30e8616612817a6252ce2ea8e3,863,0.001753611006280757,stitched_market_reference
1759932935,23533561,0xba98dbaf997c66b78c0623ddd9f4fb537bf002fe03d10259f1f629920a905a83,220,0.001763036088139197,stitched_market_reference
1759934495,23533691,0xb910989a46be3ccefd9ce36a49cf89b95051b09bc1bc8cd4eee775ab88a14912,147,0.001772365887628319,stitched_market_reference
1759935371,23533763,0x3181b609e8f58350d9c67df573d1a7d11df3682e45a4f13c955ca52d7542b4b5,245,0.001781592658919873,stitched_market_reference
1759935707,23533791,0xb3ce6806f681e14c0f2414513660b07d6510105bd6b563bafa544867fb1e1629,479,0.001776110264688347,stitched_market_reference
1759936331,23533842,0x8300f285224263d9c2f9ed0fb355405225183c6305e73c790a5f45eb46620eaf,294,0.001767063216280478,stitched_market_reference
1759936847,23533885,0x3b0f4000d6ada2c89f18185b82e92ca7ca78113a62e47754b60543feb27791b5,68,0.001776519363942376,stitched_market_reference
1759939331,23534090,0xb5b49b758d5871bd73dbd83b00cac37a07db8a52ed6a1508f0c6b2d8166a5ad3,166,0.001773062048444532,stitched_market_reference
1759940471,23534185,0x064d18b99ee812616d7218ecae16a15c761e89e2fda358ca2b18e29ce83f84f5,376,0.001766652250562057,stitched_market_reference
1759940807,23534212,0x2b3260d6a480839b36ab44766338ef21332a3001c5b1a52cff1e51a03b151159,112,0.001784715234946889,stitched_market_reference
1759942415,23534345,0x4d7d05e08f44e6dc24f6bc527b0d5bcbbce89e0fd3c8b3754391317c2f560014,528,0.001771493311259271,stitched_market_reference
1759943603,23534442,0x2c76128186920ca142e2734b1b09cf443ed0ed61e037722feacc7d3491f32389,188,0.001789852011825593,stitched_market_reference
1759943831,23534461,0xb62d1fca1270c6079fb61874d1167a8c0c9381c7e866c84d4fa6bedc81da87d8,766,0.001779422029913692,stitched_market_reference
1759944215,23534492,0xed6a6740da8bdb2d8109264cc9c8989c0529da3dd0ff6d4db7a48a64cde7f08d,273,0.001770484260488421,stitched_market_reference
1759944707,23534532,0x1bf9bbb21297e9d737183ce7e29e0715802c0d2ac5bc02b6fdb8cc113a511fdb,387,0.00178902909261424,stitched_market_reference
1759947827,23534791,0x57b25dad8902f08d0c3338360ede063270f6017d1216f2b410f6d08dcb01c21f,193,0.001790473078195678,stitched_market_reference
1759948163,23534819,0x773560c9145ffe781eff7b43d928d41c9eeedb2aca97f75b1a4ba86b277a5474,39,0.001772041022992289,stitched_market_reference
1759949087,23534896,0xc98985b64a52e9520a86c59221f69428447e676d831431d949b928e7cd21d89a,132,0.00178127037280658,stitched_market_reference
1759951787,23535118,0xe2d050e2c60a230e18852b8b46aeb6d4da448553a56c6e195d0e82410ca2f401,572,0.001779513606233154,stitched_market_reference
1759952711,23535195,0x8cfb5d377ca42469d5f8c595ca4fb2d0c6e6136995d0d4b2e6068195f5abff9e,85,0.001779586526474116,stitched_market_reference
1759955387,23535417,0x50ade0113ec10414a1ec65b77dde4475ebd2ed1800f10c65fb2542dc0a31b667,78,0.001782624525166387,stitched_market_reference
1759956347,23535497,0x1f21b9749684acaab26ed2fad025ed051753a079b0530004269d13e81ab5cc16,399,0.001781817476815723,stitched_market_reference
1759958999,23535715,0xb31b44fbc1105aa08441b26a59462a0357dcefdadeb3db112bff3fc545360599,155,0.001784327008436884,stitched_market_reference
1759959971,23535795,0x321370c43cc12617e4e653e4d8214c328fc6e919e89d9676b349ae120a713b5f,167,0.001781541681808286,stitched_market_reference
1759962623,23536014,0x4b6c22c5c8f5944cf198a15b536c87e1e6c59b865885b31f314a81f52fb4d4b5,328,0.001790744428018085,stitched_market_reference
1759963583,23536094,0xa7523558d18479334625afe0c931c7af5c500e91b8ff86730f0a2a1c77b3e79c,22,0.001789272180603521,stitched_market_reference
1759966223,23536314,0x6963a7e9d69432b8b67a81c07702edc23745ee1da90eac95bf376f88a2470aca,80,0.001786147636871614,stitched_market_reference
1759967207,23536394,0x39e0f66beb14d5e2fd1d86f31296b16d1f9e8e9fc6869a3b669ae7ca6ce6d1eb,321,0.001785829003279362,stitched_market_reference
1759969835,23536613,0xe7a856f91098fd1c68a775e1dbe11916cf5b33376d55d13a6aa40d3aa3f37c22,222,0.001780973342326528,stitched_market_reference
1759970843,23536697,0x6eb91671f1bbca2798490ed1ba8107e9995ad86d1fb23a6d9dc83bb764457063,95,0.001784420000805333,stitched_market_reference
1759972595,23536843,0x27ed5d98deefb73106322f0501255b91f144151dacfcabb0399fc0979bf4745a,597,0.001796148878858039,stitched_market_reference
1759973459,23536915,0x996ca8513b97885d5879bdaca08b1f597ad2cac386e9733cc21ed9046ff99f95,392,0.001778683326510281,stitched_market_reference
1759973927,23536954,0x80d2390e19d4667c7bcce92dc21207b4166540ba3fd8bb1710aad49d7db65ff8,775,0.001788016904113759,stitched_market_reference
1759976843,23537196,0xcab76086dd709cb05dbc9c3d704679c8e85d46139635f2a9988d0a0b4028c94b,312,0.001797144439456069,stitched_market_reference
1759977095,23537216,0x32dc81bafeeeffa487a4a6e401cc4d826bbe3fc6365acedf72149076eee7c8da,291,0.001784410241156328,stitched_market_reference
1759977803,23537275,0x37928d539dec1a35f2de33eb703a4cd16359846eb1f2198e73f475f798c60382,7,0.001794106895369605,stitched_market_reference
1759978511,23537334,0xc3ad9ab208ee2aca722d25c0bf017d9c8324e5f29b6094cf7c044997205d2db4,286,0.001775291477613904,stitched_market_reference
1759979891,23537449,0x036192630777c0c035aa975bc33bbfe9ea9244487ac1038dc7777ad4c0fc01b2,86,0.00179373307510757,stitched_market_reference
1759980179,23537473,0x570fda92ba9cfac00fca711082b085250287f1a2fa491146ad67ce69c0c2ad66,10,0.00178401558257638,stitched_market_reference
1759983515,23537746,0x5edd77e8ef4b27152ed0e68b2c45459f720943adf2bd1d05e1b81ace2741aed6,163,0.001783164030082949,stitched_market_reference
1759983803,23537770,0xc287c93a35755b3a127ab19587a09b133f9be2f84da80c02918388fc7442359d,325,0.001778613233935501,stitched_market_reference
1759987151,23538047,0x08ffc76de8e2abe69d4e57df560448d9a8ef15e408c25cb269369e061d81a3ff,210,0.00177581455198254,stitched_market_reference
1759987439,23538071,0x7b67dceb7898addf545818b2587c7f0fcd60d60931429e881ab8c683bede65f2,27,0.001782192039938312,stitched_market_reference
1759990775,23538347,0xcdb488d0168af79aa332ea1156009f7fcabb62a5dc180a197cef6acb75bfc80c,348,0.001775196313930818,stitched_market_reference
1759991075,23538371,0x21a48b1b773fb50440f9205e57af6028f5552d0dedf340bcee8ae5f7dc4970d8,172,0.001777545083436891,stitched_market_reference
1759994387,23538646,0x9038e1d755a2dda2358994107775ad6b6356c2ac1e8e005efec172a6f039bc8c,64,0.001780604169250928,stitched_market_reference
1759994699,23538672,0x16c7fcde244396874953d34be47f4289d05a39e93ecd86191782a51e7b902c2f,281,0.001783540608007518,stitched_market_reference
1759996835,23538847,0xf913976ac42f206d55d2f039e838a14e4c908029cbdba027f9e023fed263f366,155,0.001784016174772506,stitched_market_reference
1759996847,23538848,0xd2dd0cd1297b7946e58acde916595f66bbcc09e7bc3cbd1bd6c542574627aa10,81,0.001770633715294176,stitched_market_reference
1759997795,23538926,0x2ff726f2fd6bfea63045c140a529979ec9c7ec1a7561df569400a5837f0c5b7b,26,0.001784842802865625,stitched_market_reference
1759998083,23538950,0x1028507c59da4c6151866a371cf08c601f9a838ae45961ebafef4ab0661445b8,299,0.001764848907058052,stitched_market_reference
1759998215,23538961,0x059bc1ebd61c8b80af4967b69dbc684e0edfe90b11f05df7fe9ef636e05b1bed,17,0.001774275567561585,stitched_market_reference
1759998635,23538996,0x45f6c982ab6b9235038a16a25b4aa0ee819d77474db0ce8123beb174d882f418,9,0.001783347144545157,stitched_market_reference
1760001707,23539251,0x312596a191e861ea8e96192a8675b5110e944697ee3f78d8ebbb5ffc08fb38f7,315,0.001783091130304683,stitched_market_reference
1760002259,23539295,0xef5f60ff8cafa38a2ae565d895e6a84ef35b8ff54350e63ceb4a7f0a875fe52b,248,0.001780451951350744,stitched_market_reference
1760005343,23539552,0x1a1b913f31d178f022e93c537d2c9d2b5fb7d40b9171e8945517b181dd3e6323,10,0.001783761227650644,stitched_market_reference
1760005595,23539573,0xbe9bc8d883af0c31d2b3678793f55cd0f102fd04473426b71756754edcee4381,333,0.00179352204781553,stitched_market_reference
1760006219,23539625,0x74cfacbac27a114b4a2d62a164eeb754975add6f73f5390946074e71375afade,257,0.001784567254586909,stitched_market_reference
1760008847,23539842,0x1967a1363a023364b75d09d88b9902650608fd50d531f17317e25c218225023c,47,0.001802607610374154,stitched_market_reference
1760009039,23539858,0x50caaacc744187337fe417cb3b0705d3cc7065bd6f0dc1e023b6a192b20d868f,393,0.001793237995901039,stitched_market_reference
1760012447,23540139,0xdc3267f2739e93be1c83dd622d538a4a6881bec15fa2bc9524ed9534416538aa,494,0.001800655659859464,stitched_market_reference
1760012663,23540157,0xfe674ce10a6b4df5a70df3ada979837f49719decf442e35ec680dba026831ec8,216,0.001792627751108851,stitched_market_reference
1760016059,23540439,0x8fc765d1fc116913dff8c56eedd19be4830eedbf63b17f7641059d9ff4d817f2,201,0.001788443943408353,stitched_market_reference
1760016299,23540459,0x617f80b98b25ce32e05e774e57143349d7f9c1d78a0423f9ef02f13e1c10a4e4,355,0.001784284615482496,stitched_market_reference
1760016839,23540504,0x28736cb607b3044b0622bde3f4ab1721fec4355a8f1f627e9aee62b771065abc,105,0.001793634561320571,stitched_market_reference
1760018363,23540631,0x5ccfd24c68c4962012f92abfd3e1e847ade2897df42726090c00e7910d8aaf23,225,0.001803330075602274,stitched_market_reference
1760018447,23540638,0xa706cac0184410676df96c755c3390eba79cf5beb8fa67b51f76ea56e44c24f5,512,0.001784059972041806,stitched_market_reference
1760018459,23540639,0x187f8889faf33c784b52f7c5f54932aeb6be990471638cc34a4741d9bbaaf29d,442,0.001780921847465047,stitched_market_reference
1760020283,23540788,0x3d96193f74ef6e60611c810f0fcd42f1f8e7a8d93cd2ab46bd422891fc31f001,271,0.001791041802907707,stitched_market_reference
1760022059,23540934,0x7ee1a102d202b8232ba76d30e24046cac915599e2bf51c593e73f2080020851e,458,0.001779201168514788,stitched_market_reference
1760022083,23540936,0xa31b703809ff313a73e33ff883d589a8f2c3d868e65fffa4508cdeeed20bcf7f,177,0.001785586730223105,stitched_market_reference
1760023259,23541033,0x8965a644822aaf3f775ecc7bb0f88f16724fff4e7e525d5d52a0c44af3cb3feb,302,0.001795286231319846,stitched_market_reference
1760023859,23541083,0x2822cb46f2bd43dd8a28c7d00640ddc76a07273694bb989f458343685e71cf8e,530,0.001804934571551134,stitched_market_reference
1760025695,23541236,0x7ee17129119ef12e94a6991d72634c49e681ec73fce10cdf96978bcf284e36a4,347,0.001797752330933416,stitched_market_reference
1760027495,23541385,0x4a2e56b29f55dd2e7d702bce0ef3f3e7d6f0fa2824ac8f2acf4933553637e906,277,0.001799905882544126,stitched_market_reference
1760029139,23541522,0xc915e1bf3b3d1eecaa8172ab81bf480aa6c33d200df84457c570e2cc9ef85d60,850,0.001811958261849758,stitched_market_reference
1760029139,23541522,0xced7792287ce5ec84d2aaf999cabf9bcb58162aaac23d5147bbf6e733f6ef093,946,0.001793741497692457,stitched_market_reference
1760029775,23541575,0x269139ac1033d92da6d523f75cb63ea0aebf12e1672be13f64e7bbc654f52e21,280,0.001783660703701373,stitched_market_reference
1760032271,23541782,0xe97a90eb43f5a57814f8abbedcc4ef13f2d13bb2308e68ee681c83b8a4b56700,467,0.001773198417367485,stitched_market_reference
1760032799,23541826,0x5f9061807bdbe87a6fc7d1e388a403e50bd5db6aacf46e5bcf3a846a4dafbc78,374,0.001788421002093606,stitched_market_reference
1760035895,23542084,0xe3a44eee201d18d4ba1a23dc7ef7df0bf538ae35d7d8468c31678a61dffc4163,115,0.001797348691009422,stitched_market_reference
1760036399,23542126,0xd3107a693236f4adf70bb7703b9295ceb6472cb0d884e94e661ebed59d9bfbaa,193,0.001792549166858664,stitched_market_reference
1760037515,23542219,0x3bee821ca31c6cac29c7c59a1c680d1ed8fc8884d05594ac1062595dda49cdd5,253,0.001783052922084337,stitched_market_reference
1760040011,23542426,0x91367d574e62e8627d5be9a8b47b83eca60069d5889a676505d95de4b2f68eed,436,0.001798719882448787,stitched_market_reference
1760041151,23542521,0xba5294271757b444769eb762a6441256d1f76125dc2273ce323065d1cb9770ba,165,0.00179697246032855,stitched_market_reference
1760043635,23542727,0xdfcc7e0904636650e3172f481091b713a820a812031530cbc7205086ebffecda,655,0.001797033248615341,stitched_market_reference
1760044487,23542798,0x53d2bbf0e3d2d026228da8e6efd8748bee13d3a60f4ae6afdbda9f48434072ea,125,0.001787579444622242,stitched_market_reference
1760047271,23543025,0x4fec1e1289212f2254a43b31e8457143d0c0d7d55dc7940c8a481c5957f5edc4,163,0.001795905788065814,stitched_market_reference
1760048111,23543095,0x12364f1cff7e9b34a5dd54ea997169b6341ff17bdc0077f6e6f7cefd809efed2,506,0.001792385406664143,stitched_market_reference
1760049923,23543244,0xc65fbefc11b96c103178cf911284ef60cf5a8409fb891d45cb839da247518cba,219,0.001810393178924993,stitched_market_reference
1760051747,23543396,0x7c69c3a1a8c84b4b0b25c6e68ec846b65854742a6c3c144594867a0586e64b2e,738,0.001808390850476833,stitched_market_reference
1760053547,23543544,0x5c70ef23b7d03f921c9915fd5c76facb63ac000dcb6c4730ae814beca596ca22,412,0.001799341703242316,stitched_market_reference
1760055371,23543696,0x59bfabce5c872ec3c5f320968bcf7e86d28e7e45d1556e37351ef97681379521,423,0.001798864624056108,stitched_market_reference
1760057171,23543841,0x17a0a5b84c005184638192d9ad37797cd7b5c874cb8591b2841d179c1a75b7fd,805,0.001801086942100363,stitched_market_reference
1760059007,23543993,0x97a46a74fb7448afcecf9f899bf05c59d5742cd6e14b316d06889b305d3f2938,276,0.001794280326205881,stitched_market_reference
1760060771,23544139,0xab894fbadb32b18f9ed5aacbfd4f6e2e45519327e555c44a8297dff4d2a135e6,315,0.00179889378944338,stitched_market_reference
1760061527,23544200,0xb68310a749cb30f29e3ed64fcf24e04226f57246235738be87a3b1d98e563b15,210,0.001823934894625721,stitched_market_reference
1760061983,23544238,0xa0b272cb44d8ada2917c5ff4f14292e94a7e2458765eeceb2689e273f6a7f66a,384,0.001833296159013463,stitched_market_reference
1760062043,23544243,0x22a4b25b24e3cbd29486ea70021b7c6379dcc87922786e9f68abfa9551f1bf2c,199,0.00181489704366542,stitched_market_reference
1760062883,23544313,0x6d57f267b416ba08f2839e37273db3254790323e700a33f0fc67f4a7ffd667e6,389,0.001833529062890067,stitched_market_reference
1760065607,23544539,0x336b3a3a280acde20e8c3544139c813123745862bf131e32c6a5787f406fd327,57,0.001837163046225549,stitched_market_reference
1760065763,23544552,0xe8361bd58cde230b0168e7cf4d589aa8a075bb5f5e3590eed1defe2dc24adc66,266,0.00181854489694886,stitched_market_reference
1760066747,23544634,0xb3a9d16984f20e5c9a6cee8b885155905cda6a67729068801381f5c50fd5f5cb,153,0.001837200034375753,stitched_market_reference
1760067047,23544659,0xaf20a91ec30dc9ea790a27b5459b74f2b2baf68694c1b59768917604ee6e2d47,1170,0.001827983110453432,stitched_market_reference
1760067047,23544659,0xc38619e2c9d5d188c4572923557c236fb0ed8a8262eeef76e56a79720e16b068,1367,0.00186254271940882,stitched_market_reference
1760067227,23544674,0xe53c82259bdbf2c80d4748175b05086fdb43d30d1f13ba0810e37423bc6512a7,123,0.001906806644835397,stitched_market_reference
1760067323,23544682,0x25daa86747af470d9563b7ba800e2877eef2812415650d12144b202a2a008775,499,0.001936335109978442,stitched_market_reference
1760067383,23544687,0x3ceb498a5b62e7bb8f200548a39310da11a0e0b82a9989ef9eb37584d37342a2,131,0.001915566436935949,stitched_market_reference
1760067467,23544694,0x2540c064559281a99bf218d133006732883d1d8102c137e0f985f3328fe47bc4,325,0.001942913350871423,stitched_market_reference
1760068523,23544781,0x006f015f8450601dd529b324a0167ae490894a97b372b8dc80ac6323da0f2af6,386,0.001953189917355371,stitched_market_reference
1760068523,23544781,0xf756eb5707074558dc40b6a958b975685d5b30658d840c450adcda2943779117,414,0.001933622637741046,stitched_market_reference
1760070023,23544906,0x9ecc6c3940ec04835157e707c7f6c28162b73f370107c55823f0d294069dd399,554,0.001912463269054178,stitched_market_reference
1760072147,23545083,0x839f14cd705c2b06aa1277d345842582bb39c41f0c83f034ccad77c7acd12e40,213,0.00191741813987408,stitched_market_reference
1760072699,23545129,0x0dcd9609aa8ba866f9c4aa8164855e63a35bd8f75bf3adfe082dd318df497c27,342,0.001896852582897011,stitched_market_reference
1760075483,23545361,0xc48b4eba32d8f989c436bb313ef5b1cb81533ff75f61f4a8114f3cdade30e5c9,150,0.001887356569816646,stitched_market_reference
1760076323,23545431,0x3f524bb8de78ac240c6e8db38c52eee0dc2da55a35d1e924c85146834d70508e,282,0.0018937272305769,stitched_market_reference
1760078315,23545595,0x5a530beb3ddd474a85717c71481742f50dcdf2e2f41edd9e59e1c2725956d0f0,408,0.001903870311787702,stitched_market_reference
1760078699,23545627,0xdfbc11ba1cfa039d9a5ee7a3c55492097c8945918e972b58f6edd3869813392c,284,0.001882885749216041,stitched_market_reference
1760079959,23545731,0xab0e75aae70c4eec2255e60c58783f28cf17e2c96f5124ec6413c06bcda46cc6,316,0.001892397099624899,stitched_market_reference
1760082335,23545929,0xb5dc24b72835789a2de186440570c86960b2029ab2eef121b0df2a1245e1ff79,18,0.001895128994263579,stitched_market_reference
1760083223,23546003,0xe378725dae559bd7f14e27f9e3f97bf1ce60f431459cc20751a4625dbc3e9554,225,0.001893598653012345,stitched_market_reference
1760083223,23546003,0x5445c838f7899d4dd3ff23ad65a3b5a02bdd95a87353b013c6db372d8aa9ff14,237,0.001886612705598319,stitched_market_reference
1760086679,23546288,0x3aa5566d86c7074b00e19e49526a8620fccdd8c17344d69a841d0442a373ac32,206,0.001876936348772996,stitched_market_reference
1760086835,23546300,0xdefe6951e27b413a59354513c414e3923be00af31ec984b3d2afe73a0e3a2dae,228,0.001890262835368386,stitched_market_reference
1760089475,23546517,0x2369896fd183ad6056932db4cd20904dfd2fa9fec1354b2bd7fd5a796d528328,182,0.001871116446244873,stitched_market_reference
1760089859,23546549,0xd4fb68d4609551da3cc300982e7e02408c002717863d9751f87844d48d1689ed,363,0.001881668825701146,stitched_market_reference
1760093099,23546818,0x682248c5574f600e254381a9e767ac9e9a79d768cb961f02268a657f9083188e,283,0.001890363407141469,stitched_market_reference
1760093435,23546846,0x0c6a71f6cdc2b41a80fcc12f6946e3887bf9e5c2fbc8e1c0c9d8f4e833f9470e,895,0.001880406593937608,stitched_market_reference
1760096699,23547117,0xa6eea370b086fbbf05d3acc19e92377dd804752a5ed290263307c38cac42624a,189,0.001873376900968979,stitched_market_reference
1760097059,23547147,0xc72e0f72336c3c96e49f6f3ac62d9125207ee23287620e74f70daf5fd794c6ff,126,0.0018753681024965,stitched_market_reference
1760100311,23547417,0xd3071c215221a69d75426d60f478a44ef6d50f5f73022f71ba2824f7483d4b0e,129,0.001873349460521265,stitched_market_reference
1760100659,23547446,0x7eab469820d2e722a15724f8a144d89c37126ad12d79c739373abbfaaf30144a,199,0.001872272151685685,stitched_market_reference
1760102435,23547593,0x2e0b46cb304c2fed78fab39d57b17182993ae7c67eaeb13a06bf28bb44b910aa,117,0.00186224571322068,stitched_market_reference
1760102771,23547621,0x0807bd1280a194ccb37480e21f586dac1d6eab097a3e7f4dc3132343eda650d2,207,0.001881047865350122,stitched_market_reference
1760102951,23547636,0xc739ace85af8886f1c7f9e1ac0d64b4dc6afee88b64276f153210d002cdf9ea4,130,0.001900778081456148,stitched_market_reference
1760103611,23547691,0xb640bd4c67cca26843776afc739df2485497adf2d3e011f481b591c7bcc000a0,453,0.001890284785989057,stitched_market_reference
1760104175,23547738,0xbfdc715163103709d0e1b98f46450dbb70154995aa0882a1f2f3881d31c13d9b,110,0.001900078940236455,stitched_market_reference
1760104247,23547744,0xfd7089a74abeea660ae8e12c7bcaf98e769d7e008d959a1168ab465c78397dd3,1308,0.00188061109909325,stitched_market_reference
1760105807,23547873,0xa995e0c2a410ebee9e096783e3a85e06a13095a831525a12f967436d48065f8f,181,0.001890123953804035,stitched_market_reference
1760106251,23547908,0x8504410dc8eec02053d4470199a8830da627ef54fd79e05f138b0c7d0474aded,253,0.001871208042883106,stitched_market_reference
1760106275,23547910,0x060be42853643308b70e852b3eceb32b06614f78dc516b43c2c156c09e32aa9c,12,0.00188070694124761,stitched_market_reference
1760108351,23548079,0xe316c92d075bc749854fd29819cf4f389b57c249fc376a731f5f1b6abdf8d086,226,0.001858049726731992,stitched_market_reference
1760108375,23548081,0x1d6eb5d09e03a50341b9c6a9e84907356852ad6d75c9d4a7b8b4b62db77cc2f2,896,0.00187322270746015,stitched_market_reference
1760108495,23548091,0x42bba2ce7c3034a1af8b75a0b689cdef2c78e73b078ed0b05f0579d56b54f75b,1100,0.001883467155097891,stitched_market_reference
1760109491,23548173,0x83550273cf28da553715c3fd64d63a700b3bdfa48cc388abf047e02a068bf6c0,388,0.001894174957836368,stitched_market_reference
1760109671,23548188,0x692be82a0509d799a784e45a38ffa35c51df619fbdc2afd1a22bc8a86c779efa,290,0.001905158130556454,stitched_market_reference
1760109755,23548195,0x75f5f3ba3b9623be7a138d53edfb97f1d80edca37b0a86840a6c8744591b5201,51,0.001917553654044493,stitched_market_reference
1760109755,23548195,0x48b27f4abd4379f45612d14beda872e005bf5ac052b22ad2be6866e3b82d29f1,756,0.001891627765807034,stitched_market_reference
1760110211,23548233,0xf537da7d134f69bc3e8c10ff677f79e2d5d2ecdab9e2346f03ea8b055156eecd,437,0.001903342539405223,stitched_market_reference
1760110223,23548234,0x8dc6523aaeb2cfc30efa19b39cf9a54d28dad6ec56f94e6cc5ca8c2f6a5c8c84,708,0.001884274547055278,stitched_market_reference
1760110271,23548238,0xe4dfe3388e1e7e71f266c8bb6f8c1d4bd313e38cd3c745fffe93aa083ecfdc48,26,0.001902666774298064,stitched_market_reference
1760110331,23548243,0xfb97a3fcf678698389650ab41c0bc1b722640186253e8c2faa3cf5e59351e956,34,0.001921943808051902,stitched_market_reference
1760110403,23548249,0x7b9dce71a5737cb718037641f8ec9778768435e02e53750aaf594333c02facad,408,0.001889914002648739,stitched_market_reference
1760110427,23548251,0x39f92df120c715fa5bf1a7e183a76a47922ab6f964e0bea701e09640e6d737ba,1216,0.001870306279143757,stitched_market_reference
1760110523,23548259,0xbeec366fac406c0d43f35b1e6c19bb8b8281fd2fd5793052be7b96fd6299e9c2,196,0.001883931888703617,stitched_market_reference
1760110715,23548275,0x352e904d5be68ab732661065b94c98ef5ec1f9356e743d3ffe65988d34292b34,59,0.001871301659426624,stitched_market_reference
1760110871,23548288,0xed85395b448bb511fe00673572e00f1bf377ac4718a875eca6efb57a83e7dad6,571,0.001885151503381019,stitched_market_reference
1760111015,23548300,0x0d864e8dc3e9a05f7a9cd7b937efe9a86905836cf9be29607a71430d82d6bf8c,677,0.001872272557027963,stitched_market_reference
1760111027,23548301,0x554d353768fdd4c452bfd8f27f9b6a55741131be6005f1a0886e7b72a41525ff,272,0.001892819510616094,stitched_market_reference
1760111795,23548364,0xb828e3e4a68a2a4205e2c11568a384337e20247bf7bd129fe76d5ec16f165a65,108,0.001902787109739709,stitched_market_reference
1760112431,23548417,0x30654a38ef816f55de20cdf931973dba9709367f92e6cd9b649b65f9695536ac,277,0.001892374897807825,stitched_market_reference
1760113115,23548474,0x4ac22d775a791825b204665b087f71f6bf7d93a29025509b602c881afc2b8499,171,0.001902445899247339,stitched_market_reference
1760113451,23548502,0xbf00f560e05cb947e6e50f171a06c3bf2781984929d82b18622733a41df7529f,241,0.001891203352462886,stitched_market_reference
1760114651,23548602,0x9b7b697df53dcf0a22b57e6f7d1bb63814387b064e9bab803ae15d04d2d9c75e,240,0.001891467589621875,stitched_market_reference
1760115035,23548634,0x91be211911939acd64688289f55e3b1cbedba13a2ccaf8e10e37843ad0d0430b,349,0.001901207150581184,stitched_market_reference
1760117231,23548812,0xeb8f89c50daabebce08cffbdb03b2e5da7eecb46de937f217991ee5979ab0871,417,0.001877804407735961,stitched_market_reference
1760118647,23548929,0x53cbc9de9dcdc94acb06d284a4c66482f823e097d4b53d65c8512fd1977a9ee9,36,0.001881907451453465,stitched_market_reference
1760119787,23549023,0x83e977035e11f1db6ed5cb690f5a3ba9e432532d36b11c09eaa94fdcb91ffa49,310,0.001862480024615144,stitched_market_reference
1760121647,23549177,0x7578524936bdd4163e21e81ffd92919af03ae30beaeab24b31ea8671f79c8863,138,0.001874348493896699,stitched_market_reference
1760123207,23549305,0xccf553c7ae43f5af983555d1f0c354acb30f94ca097c67a37fbf3b7dcdee1aeb,2,0.001884170875664051,stitched_market_reference
1760123423,23549323,0xdacd9361537f898f8456e8667ac5d58c90cd381f3a65e2cedef65c8f389e1957,296,0.001868130592230258,stitched_market_reference
1760123567,23549335,0xdd53ca51022a6094d3e66e70166900a780f841dfde75f0a7a2fc1c4456421ae6,7,0.001878454604846422,stitched_market_reference
1760124143,23549383,0xd15f785fff522f6a5cf3f19bff488479ee156f52c89205305ae090d3f5cc31b3,381,0.001887953621677574,stitched_market_reference
1760124407,23549405,0x28ccc3d0b7a8043003e3d16240535b98ecb54899651cbbbb2b190fd26bec1f16,41,0.001877652358735353,stitched_market_reference
1760124527,23549415,0xdc7c041ef0cf53b12429ad7f183e37aff3caa145dcd5b02f6280bc851cf3cc01,576,0.001890812982737669,stitched_market_reference
1760124563,23549418,0xd4e1c820c74885cde184bace43f3eed8ba3a0722c4537a08df6ee4c73da2902b,732,0.001869071691184514,stitched_market_reference
1760124611,23549422,0x739cc18b316927e270d449c673bfbdf3ad23e326c707a23fe2d0a43959d0e2c5,6,0.001885401165283628,stitched_market_reference
1760124635,23549424,0x772e115c289e801cf345fb93f19472fc4a24de8be91ba920b47472ed8f7c21c8,720,0.001859259431987287,stitched_market_reference
1760124671,23549427,0x2f824496b72ba5a5e728368cb00e480c8db3e3a550421fbc857c7880409ce277,349,0.001847924733207581,stitched_market_reference
1760124851,23549442,0x5acd14c5d994d49ef5290cd388f762b8ec06105cb5b43aebfab3a0511261aa1a,632,0.001860184921073109,stitched_market_reference
1760124971,23549452,0xe1ba24bf2ffbc37b1c4da0e3632ff1d92129e7d2ab0e65f0cb7e0716a266c2fc,543,0.001850796233380493,stitched_market_reference
1760125331,23549482,0xa9f8a429a3138ee85956477297a5e2eb67596482c0bcc524774cd146a92f95e5,335,0.00183862366958405,stitched_market_reference
1760125547,23549500,0x8bb6f08852a38d273defa1b4da077cbba0e9f6b881a9b6d5b1aa916da7f411f2,355,0.001858404217974037,stitched_market_reference
1760125547,23549500,0x14ddad6780251f22642ca7d9ef13d35420d8cc26298950790fa4c49a2a02b2b3,370,0.00184868755691306,stitched_market_reference
1760126087,23549544,0x51f5b62b2d4cba95d2a4640f10f6c3bcb0815731f468f8b6117731986130998b,338,0.00185826913527543,stitched_market_reference
1760129183,23549801,0x25b44e3bd4cb4ba9ec326e708d5623f726e6754edda63013e08095c0233842fb,186,0.001857819322364869,stitched_market_reference
1760129447,23549823,0x90013279bea86ac607eab183914c8f519306c7ae4e6403f5538375ca4addd5a5,1082,0.001867546138434724,stitched_market_reference
1760129507,23549828,0xb1463c9fb44a65f7c9e14f2eeb4f9331d30b8329621b7d5c7fd47a51ef9f19c7,268,0.001844547348681819,stitched_market_reference
1760129615,23549837,0x90b3d45956912ca6064c1e2381721a00d3bf9580aa3bcf8563dde1ec08cbffab,2,0.001819990714063588,stitched_market_reference
1760129615,23549837,0x15ef6b6f56a21793846601ad1fc94d6d43618736ae64693905dbc37373f3e7e8,205,0.001857245590605233,stitched_market_reference
1760129675,23549842,0x6bec35bac90167d57aff9f45ae43a80c745b634e7badb4148651df0f969c341e,216,0.001845065730479869,stitched_market_reference
1760129687,23549843,0x3151ae4c4b09fcbdd793840012cd19a1bb44058323c1243b3c3bba5290a005d3,146,0.001864540616177143,stitched_market_reference
1760129711,23549845,0x9ff3063ce86d36be47a56c292ee94f362b297b44c450d985936816e537148abc,935,0.001851686885364493,stitched_market_reference
1760129843,23549856,0xe285fb8c7e41cb9c31a2816381b13fbbdefd722a23860bc53cf1f4031e5d2c3b,245,0.001826198646053308,stitched_market_reference
1760129843,23549856,0xf06038c61cac43099273a1dca1ecf4d636e9632be519e8474c67bbe4190d8ac9,369,0.00184494629344641,stitched_market_reference
1760129867,23549858,0xee1adc8d3706086a3db359b2bcd437e32b1cba0421a6e64ad1f80ff6ba0cae9b,76,0.001834402034436814,stitched_market_reference
1760129963,23549866,0x10fe75197d97cb8d21717f5ab83e5cac8d01d7c19f371b9c0fc57e083211cd94,302,0.001814702118991493,stitched_market_reference
1760129999,23549869,0xa8b97e11ac7111ffcabd0b0ce3ad8c55ca81faf6f373adbed228b70b0bc5ead2,452,0.001825704623022828,stitched_market_reference
1760130035,23549872,0x9eeaff7522ba68b81ef50a5f2c0b8aeae63052ebb3a71a2be3af4e956dacf6ab,1070,0.001806410104452372,stitched_market_reference
1760130083,23549876,0x5dc6f7eeaf7f96100bef25c136c7a98fa774f65e80f8fefd4a48f9ed0185359d,179,0.001786230950073209,stitched_market_reference
1760130143,23549881,0xbde650d4e6a935fe6aee9378de90cfee3c94811e23fb206e3a5f0c23e6e4efe4,165,0.001776959728376825,stitched_market_reference
1760130143,23549881,0x673fbc6cdb021f4aa308444fc0699b7005dc8b680b2e0880be77b092f98ded00,233,0.001798597878713277,stitched_market_reference
1760130707,23549927,0x6028d7b634b5be55043a5fa5c215e33f87b6d85231654add964a9b53a852e43c,239,0.001811680753017027,stitched_market_reference
1760130743,23549930,0xb1df2aa592c9f58b2e5e670f21300d637584ac0ea5df7e3eb2b44287277ac801,308,0.00178952094871053,stitched_market_reference
1760130791,23549934,0x322ba138e9bbfee6f5afe8a626ca02fa66bf9300891d8e7acdfb1abb1d83a9e9,193,0.001820805460198297,stitched_market_reference
1760130815,23549936,0xa538069a2a914ff97ec18b2f402f3d97caf9f61fad02564e9b6565ba145dfe1d,390,0.001781563420414006,stitched_market_reference
1760130827,23549937,0x97815a1cb5244efb04872cbc529dd869af92131c1d80d9020c6ba789ba5a5ff3,2,0.001824129908695404,stitched_market_reference
1760130839,23549938,0x132494d89f67ef2c8ef9b973be6165a071ad716800471a91567739df6259ad1a,157,0.001736152745121736,stitched_market_reference
1760130863,23549940,0xf032f558b4d924dd5d8ebde03212ab5e250097d92465b324eba70b1709f7a0ec,944,0.001718783219354168,stitched_market_reference
1760130887,23549942,0x0bd01230c34c2e824d711809b67445ab224536ad0303266360fd98501169817c,313,0.001653131252314438,stitched_market_reference
1760130899,23549943,0x3adef25b76858e609f1c53906d346df9b83af5eefd437b971bb6ce327bc245f7,387,0.001677564564720116,stitched_market_reference
1760130935,23549946,0x56abf5c65a750fd291d3910dbad4cc426c062249af04bdc16698922eec5bf751,265,0.001729210160663342,stitched_market_reference
1760130983,23549950,0x7d2cb2f7613799f589d8f091865bbf4b51c96198bc6e613013b12f792f03f6c3,5,0.001672655049571504,stitched_market_reference
1760130995,23549951,0x9ba044713fd8e431cda5022472b47e6fdf825db279ef6f92c8f3c8ef003a17e3,198,0.001641124267793389,stitched_market_reference
1760130995,23549951,0xf614acf763a585a2524475569934cbd9c63bd563a395c33741b9f3d2de0b5203,276,0.001656998402209721,stitched_market_reference
1760131043,23549955,0x0112a56f956ca8e29c315ecb453425b7121b2ef0d3aa871f9f0f2c6f3939add4,111,0.001503365065897972,stitched_market_reference
1760131067,23549957,0x2b55715ed1d2efb9884454e76a865d0b429d96fcda90958e47e63cb2dd9778da,186,0.001566373010116997,stitched_market_reference
1760131067,23549957,0x53892e653122202f4c0114076110dd5ab06d5d4ba8ad118fe546bd0c38cc2482,396,0.001485425786241122,stitched_market_reference
1760131091,23549959,0xa2201d23e14b517f922c6015a6437403b8e15e8d25677000347887bf0fc304cd,766,0.001457980220353824,stitched_market_reference
1760131127,23549962,0x006f5b4d53d5fb421e14b509e1e96883a472792ca476aab5ff857b7aedb47b89,121,0.001369834226251305,stitched_market_reference
1760131127,23549962,0x987cdef3ca698b5011d61ccb0c87c2999729239d7df2dacc4480f9edf9bc2705,812,0.00139139102352646,stitched_market_reference
1760131163,23549965,0x515b5fa14e162c2ee3c9e2ce33577b3f1bf83e03f984ee4239d838c772fc99ba,11,0.001282959798512258,stitched_market_reference
1760131199,23549968,0xbaa8052332d1b5bf8f11e4e802a33c264093fb8db0193bade7de4578ac52cd1e,355,0.001126306067532737,stitched_market_reference
1760131211,23549969,0x92f7769aa496ae565c804a15317ae5d0578d6b209e8285ca94f57ad93aac64be,79,0.001134005739206426,stitched_market_reference
1760131211,23549969,0x235ccf91aaaa2a5d6f5c3820867e7ec5b6fa5970e4b305ee56cb8afd6675f511,440,0.001156739401631822,stitched_market_reference
1760131235,23549971,0xbd63d10c18c699017aeee2ca799623eef24bd51ee7f30d7327a4e461f2b360be,35,0.001055767438237527,stitched_market_reference
1760131247,23549972,0x951073f3b3176391375002a1c1047b47e229843cccb5907d6f8dd68bb5a0e972,659,0.001066621898889982,stitched_market_reference
1760131259,23549973,0x31da5fe565712a4cf268d3d8f842f81f7a2d4053f5b10392b2cd9072b6ce9972,43,0.000912299169211746,stitched_market_reference
1760131295,23549976,0x3ef9ffa52e77d7a42169cf58d29a869287b99476d98f6f4e98ddc647596789e6,427,0.000897022306165717,stitched_market_reference
1760131307,23549977,0xfb17d7a04f6b92741bffb3cf284ba2f6e85d043b1b8e1374954e190983e755c2,434,0.000759941820163432,stitched_market_reference
1760131439,23549988,0xede9bda7be16ef39363513c5e02694532871e335548657df4d667f38c648011c,135,0.000703705752365549,stitched_market_reference
1760131439,23549988,0xc4375ef2cd446e0a11641e206b4a1975b5526284c83c108f17465f5dd6aa968f,337,0.000805983012099342,stitched_market_reference
1760131451,23549989,0x1c430115e87f324b16846b44f887060ecefe8d025ab75c03da84b6cb805583d9,216,0.000774534663549384,stitched_market_reference
1760131499,23549993,0xb9752fe21fb39476619bd397e1316c036aec91baf3babb3f6ac36800d35b37ab,869,0.000876831626655807,stitched_market_reference
1760131535,23549996,0x1794dd660e3faa3e987309609f10d3c69970649f32c6052657f4e36bbb71c2c2,554,0.000874533225476399,stitched_market_reference
1760131535,23549996,0x61970c6e5bab4451baae55be27b8f0b0ff3fac4ae852099a58d4f1817d49cbff,602,0.000882748572446077,stitched_market_reference
1760131559,23549998,0x381193ea16e6a5937df94c2a3406c1a5601465f00715d70593db6bda4fa1c03e,647,0.000941348463673326,stitched_market_reference
1760131619,23550003,0xd4b52461cdc4f719b1bc681dec0a574827dd75564ac87bf7fc95f46476b11f6a,530,0.001006880383745011,stitched_market_reference
1760131643,23550005,0x26f648b153c133ba2784239557867f2f3ffe576f122b475f4a4c669bead60fc8,177,0.001026885209023191,stitched_market_reference
1760131679,23550008,0x3ff3eb25c80bbcda803a11e8df74b00614b0f52bb0d3b6c34471dcd6ee0eefe9,53,0.001040028253235078,stitched_market_reference
1760131679,23550008,0x63d05143b94ebd5bb90405d34f1c16fb9a6bc3914e7f474690dddb806de79897,56,0.001047230239491303,stitched_market_reference
1760131679,23550008,0x1cd18f2702995fe84708fc004b75aa4655e7a6f52f8f165ecbdef1b30949850f,80,0.001084888559428271,stitched_market_reference
1760131703,23550010,0x5e2378b642c9760a965aa47bc880d5b7549f5a74ef9ca860b512b6a9ed46d1d1,278,0.001113279808041321,stitched_market_reference
1760131811,23550019,0x271fdfc2b6e07ef9b18a6bf5f77cf160961254fa55982d448c05aac4844db7d7,112,0.001157279099712951,stitched_market_reference
1760131847,23550022,0xfd9a71301212b889c7cc5d58ae3cdc15a12f1322c24f3bf5ffe48dc54deba150,360,0.001178295667172809,stitched_market_reference
1760131883,23550025,0x85c47590d12dbdc55b999879bef9cf37e64e0a9d3672a00bcdd659269c724dd1,24,0.001206092591185091,stitched_market_reference
1760131883,23550025,0x1f5c5dc08f828e13794a4ab969569233a61fc32b38bf55ad4fc9e977983d4e9c,108,0.001197494964018104,stitched_market_reference
1760131919,23550028,0xebb50540d432487aea0e7b4f8b94ec9974602eaaf1298bf5e5b3a2e3d90c6789,560,0.001211295661781226,stitched_market_reference
1760131943,23550029,0xf63544eef0821b3520395ee3680db5d41fe75ecab544fd2c21044dc650b727ec,182,0.001184563203665127,stitched_market_reference
1760131967,23550031,0x0ff22523efef67f3e9be4e14562bf5e35d1f2770c03c84bfc68179fb99405ea2,385,0.001167193323549993,stitched_market_reference
1760132027,23550036,0x28ea214eb4d85a220047e8eddf45aafa99314f2312bf601ad8431dbb0601143d,504,0.00118163794969247,stitched_market_reference
1760132063,23550039,0x1ccdb9fa8ab75afd41eb3c02acdc394dea41dd3a36e91ed76153c328ce314dfd,405,0.001211756428462132,stitched_market_reference
1760132123,23550044,0x851f2566d1128eea60993af3b2ae339e310561838366473d7f404243b40c9ac9,450,0.001201572134069723,stitched_market_reference
1760132135,23550045,0xff8189a651dac921ea68c317141454ba20c6125500b6009571dbfce6a8b50c17,141,0.001178341475595793,stitched_market_reference
1760132207,23550051,0x84cee99c35eceeb0a486699eae95167402d255d7ff9aa173c99dea9e42e2e998,344,0.001218992484678466,stitched_market_reference
1760132327,23550061,0x494977a3a116683fbfdf5fbc5e2744f4b4bc11f1ce653ed2a1a7f0a11bec6d2c,266,0.001234519652649888,stitched_market_reference
1760132399,23550067,0xeb550ba98c26c9c5904c6e5064d398772cb89ca5264bab9c3a1bad3c03d2485d,317,0.001214514898232546,stitched_market_reference
1760132459,23550072,0x734230c8043f7d08f6fe695cc28d65d0c79daeee956ccc8ac8f1fab240db9fb6,196,0.001252648532226996,stitched_market_reference
1760132543,23550079,0x1e26858cda6ec2c826a6d9519edbbeb3fac4906853daa6ebe6fa79c7bce75f0e,465,0.00131863939832192,stitched_market_reference
1760132567,23550081,0xd4330178518d0086f9a02c105e1ba9c55c8097bfd6c70646fb2fec46a4335c08,238,0.001311085575389787,stitched_market_reference
1760132627,23550086,0x8906d3f3872c9ade794023ed366634835ea7140c5b264fdddc93622696644efd,219,0.001371257470181533,stitched_market_reference
1760132699,23550092,0x0ff83963a5aa6a2ded7e63adfe3fbb8a8d377d0f79c149d2188eea1df5bbb587,125,0.001348133313193619,stitched_market_reference
1760132699,23550092,0x083c2677a58141e4944b359827805794721291e3703b475e8e02f80d9a91c72a,413,0.001367247014949469,stitched_market_reference
1760132795,23550100,0x72bfec9356aa26755e0c7eccea999f405ea58e01af94574fe7d1df4c0e783217,76,0.001393501194793794,stitched_market_reference
1760132843,23550104,0xca05280bc47d78334cb5813805870f5e11885ac58c9ed816c989bae064cec8a6,449,0.00136978065635224,stitched_market_reference
1760132915,23550110,0xb04295d6bd00aa21f9f6c5a2c3930974db4cfa3daaeea5a1bfcb9159c89cd5ac,948,0.001385284142809458,stitched_market_reference
1760132915,23550110,0x7161193f72263ec1999988aa23715c6a68ccaf7e448e38ba71e5845c27a096c6,979,0.001400802311537268,stitched_market_reference
1760133023,23550119,0x710d6ce4132db75883b13e9ec66e7c56f0c05612e8a52a7cf38f0697b1cf4dd6,180,0.001416697504584488,stitched_market_reference
1760133047,23550121,0x90654facceed91b286baf0e4a672c6d15ab632adad71175d19963692617c1d4d,840,0.0014091130080191,stitched_market_reference
1760133083,23550124,0x11366f9c686d2e0a1fadd0e48e90607494b64efd58f70c8711fd8f6665aedff7,392,0.001430251627887268,stitched_market_reference
1760133119,23550127,0x94bfda063198ec375621f4b78bd559eb426b1b7f1888846a748e872c07ed84c6,59,0.001419697729210756,stitched_market_reference
1760133143,23550129,0xe631aeb66b59a5c8d802da485e900c15d88e9f10b1b235422121d2dbafbf4847,582,0.001439688206319632,stitched_market_reference
1760133143,23550129,0x83b710364c668b724e883693b81c9e42f0cc91d7a1ede396cc6cd1b5378de7cf,685,0.001424097123817548,stitched_market_reference
1760133227,23550136,0x1c45c4ae1ff0d6484fb6b380397f74ff510bf8b2dceab21eb3922acf27f67bcd,914,0.001446479721190302,stitched_market_reference
1760133263,23550139,0x34e49d6943981451d2db5b910cf1b483a435480dc3dc2e3d25f7cf6adc1be7dd,409,0.001417290286341644,stitched_market_reference
1760133323,23550144,0xfdc82b5de8f3862af0dac3bd61c85e81b80aa23d2ef8a778da2fa3c62fcd6094,576,0.001424843029400633,stitched_market_reference
1760133431,23550153,0x3c1f7e7039730c942135cf7fce71e36f88ac607bef56f2b94f440cbce3b45d54,601,0.001408169569705286,stitched_market_reference
1760133431,23550153,0xb16b71a026dec2eb5472c8fc372b440ada4fa756480492291dffca3dbad4f162,729,0.001422792587111065,stitched_market_reference
1760133443,23550154,0x2b2059428364554fbfaa22e2ff6cb0943d17ae28a4f1267c0952ace1cdf5d99b,96,0.001415383015571327,stitched_market_reference
1760133563,23550164,0x549a250551bf28a1fd39b3a2cf62cbb475495ab5e76db8e6c327e15e48e704b2,270,0.001400639131989336,stitched_market_reference
1760133683,23550174,0xa3bc59e9474198b5e3c24ea3f83054fb2ca797bacbc936e1553ef796019a0e2f,286,0.00138470591440721,stitched_market_reference
1760133803,23550184,0x2c1507a95d243111ed2cf422bb453c75128a74ad30387adcad6e5958bc447843,123,0.001393534416070907,stitched_market_reference
1760133803,23550184,0x48de9eb6bc9b62227e123477e1c8e9d2078f2aa33c25866ff6983240e4fdad45,355,0.001379421465124252,stitched_market_reference
1760133899,23550192,0x335c0b27dce41157ad67576993bc6da5fe5ed245b47585e1bdc4db4e5a70daed,418,0.001390141027559788,stitched_market_reference
1760133923,23550194,0x318e18d6ea6f7a38d54cc241557b696a962a484367b771659652b6c1d13afc78,537,0.001372545755179178,stitched_market_reference
1760133959,23550197,0x0a518c79213c76d5d108214fc4a6f526490f7df3a38141d3613a62d30c8e841b,79,0.001329851817365678,stitched_market_reference
1760133983,23550199,0xb7dc083a7af9d6f2fce0ea8799dd2e6d934f0e96f26c87e34de26a1fcfb10bb8,466,0.001305017887148324,stitched_market_reference
1760134007,23550201,0x9a9d854a4b644feec766ab2d1c7531ee74d8600b4626d3617029f610b7628fe2,280,0.001314876153772464,stitched_market_reference
1760134019,23550202,0xa2323e880bad0bdd930a12949bf246e06c40235193152a6407a72570b7cfdde3,502,0.001342935744779459,stitched_market_reference
1760134079,23550207,0x67b2cff880a0366784119f6516b47df414b719a4782630ba10c22594f7910569,18,0.001364822901337975,stitched_market_reference
1760134163,23550214,0x4f5408d30cc782b34977ff216f66faa392d67fdce13b9f738c776c0c53b61623,291,0.001378724061263569,stitched_market_reference
1760134223,23550219,0x0e0fff7e9c601061dd66f07a318eeec1cfb0b83da011038fd3b6f5778f88222a,309,0.001367521873089308,stitched_market_reference
1760134439,23550237,0x44c666c909f514b85d8cc884f70dfb132e09b9aab8a8d6dd406ff4ef59e0761f,38,0.001381983361629429,stitched_market_reference
1760134643,23550254,0xaa7b320ee8b3549800ad83624534a8d9a8175b44247defe3c305e6ec0a511690,366,0.001399143328420623,stitched_market_reference
1760134763,23550264,0xaa545b8f7c22112fc85dd60591c70c61cb2190bc96198c9f95d29ef1245cff8a,487,0.001384892024447216,stitched_market_reference
1760134799,23550267,0x6acd57dcc6c2d133699137bd0e26c4deba568aebbb7bf5e211fb7239ea2276c4,311,0.001392707569657169,stitched_market_reference
1760135003,23550283,0x7b77be5173e386c65f27688751637e270693c7339b4499aa5e16584b829368b2,303,0.001378657163750775,stitched_market_reference
1760135099,23550290,0x0e752789b1c7c276021779f7f7c86a3ed0089cd81411c759ef2a2996b1cb8c4f,85,0.00138705178834374,stitched_market_reference
1760135447,23550319,0xfa48ba21df679bd54c643f99c42c38712a4d5dec77036220c558b52321971483,342,0.001378613133444741,stitched_market_reference
1760135699,23550340,0xbc55d5dbab65d6af1adb889cf283a0f44ce41d69cfb5cafdca1ca312a81f4c60,262,0.001394111616130575,stitched_market_reference
1760135759,23550345,0xdadfbbdd7f1b3b98f057fd97e7e9a9f98fa7c7e55f592ec668cf8fe994c441ba,386,0.001386187516416905,stitched_market_reference
1760135819,23550350,0x40a3c3d91c43194373f6e09c4566aa57e9ba6247b317e3d45f2803970d828736,110,0.001407505199894103,stitched_market_reference
1760135939,23550360,0x7648d7844663eb719c298efc3fef2089a26aca3beb035916fb7543bdbdb56d4d,405,0.001415159198440698,stitched_market_reference
1760136023,23550367,0x9beaac18fc9e2391d4e5cabb6991a8f7624e0c276f0f57f9b3be7a2346ac12c4,418,0.001429405184472809,stitched_market_reference
1760136143,23550377,0xb26b26661cabb9c3bda8880f63253550bdbb90ed587b816199fc7e77e59b3993,259,0.001447917234090698,stitched_market_reference
1760136443,23550402,0x999a8de71c3bedf102ae3a615c8c1f52ffe3cfc82f4cc347b0df25547c99628e,628,0.001463060042376803,stitched_market_reference
1760136539,23550410,0x2e7ce9b2ced3dde67e7ace04a59c0eabca7b6eb145858a6d9e07e8a8eddbc039,230,0.00145355140048437,stitched_market_reference
1760136623,23550417,0xe78d3d72bea51d7256da2fe601def9c46863b5765889e0ab7558321674e8a28e,85,0.001473231797790698,stitched_market_reference
1760136659,23550420,0xe19348b5b99ced4f792cd1978388ac7f655a1da8c982304feac39b15cf5ae918,449,0.001481234654686296,stitched_market_reference
1760136983,23550446,0x50eae4c13aba6feb6aef119d3538eb048e54a42a54f00f69123555a3e3a81e4a,393,0.001493265928913694,stitched_market_reference
1760137439,23550484,0x0eceabab4b12ca31b768e09cd0f4b81fbfe26f853d38a235393b4d4150787c02,240,0.001485476401604247,stitched_market_reference
1760137583,23550496,0x01652d235c3dfda2b1e5f2fc05543e39b3f195387e107bcea081a18514b78cb4,507,0.001494929502075697,stitched_market_reference
1760137883,23550521,0x01c48519f23f19d4c33c6a017419ce1ac151149535289bd981f786142eb29980,515,0.001476376915459884,stitched_market_reference
1760137943,23550526,0xde065f9189eb482acfb837aba3d56b267a97bb9972bb99e513ba4d322df95007,555,0.001488153226270048,stitched_market_reference
1760137979,23550529,0x1eb85c8068e429eff6041467c0af967d9737cbf561c93ce71d50983731f6eea8,52,0.001467166934063579,stitched_market_reference
1760138099,23550539,0x3b266738359a046067c7a6b0359042eb899b3e2a0b4fa6fc15c3b18c4ab69631,258,0.001488142442422563,stitched_market_reference
1760138279,23550554,0x05bc01ca6b93d5bc576c088e95253c1445f525a8cf05fb555b1edfc42171bd51,221,0.001478335208419324,stitched_market_reference
1760138339,23550559,0xfc7cb2b52d0e0f7098dc37fbc3908b3a00709038020aa14e4671d28258a36551,258,0.001499414534072079,stitched_market_reference
1760138543,23550576,0xb4e682b3ccdb876f90a3da5eabc59303c663d325fe0f6077451628e44a945edc,483,0.001515247333862878,stitched_market_reference
1760138783,23550595,0x97fdaea30a60d91075f70577d06343abcf292ef8a304fbcd79b5a660bd76104e,433,0.001535872413795969,stitched_market_reference
1760138843,23550600,0x55d854ae706fb71cbcb51b81b7f19e84ca645b04df9b91f149026cd4b2df6655,403,0.001521918949006452,stitched_market_reference
1760139083,23550620,0x436b4a28e167ba052efd04c052e839163634dfdce239b0f5f9da94fa51c8cdcf,414,0.001537153919691041,stitched_market_reference
1760139359,23550643,0x882f2c68b0787b8d145d01eba9358ac9901fb0072e0e60e0424604008997dc56,394,0.001558417171386517,stitched_market_reference
1760139623,23550665,0xa3752f5256daf0cfc9bdcbd84c29684bcbbea008f7c041ef3cee420315281fae,279,0.001550393553280744,stitched_market_reference
1760140043,23550700,0x8425e011711194f3885eee214903264571577a0434b17cd51165c4a04f54ab9f,236,0.001558510342942852,stitched_market_reference
1760140043,23550700,0xf2d3ff210bffd769d3c44dc06076f561155bcf9473f725a7afcfc07f9b0caa32,273,0.001542386560850826,stitched_market_reference
1760140199,23550713,0x101516de84b28f4d2c98c60012575e380c95bd05da11f44b74b22fb45f58d03b,430,0.001521532073048253,stitched_market_reference
1760140199,23550713,0x2ea1e5a6f422261d44316d2e620f576bb0d173eaf8cf332637cc39dbbf8d6790,574,0.001530865012157252,stitched_market_reference
1760140379,23550728,0x9b2ff919e0e8f4ff46000c444b3a704c06c004ab85487aa1b76a69865a27f293,568,0.001512266022629166,stitched_market_reference
1760140499,23550738,0x5370632e706766b2484650092fb4fafd6d299b4c4c53ad167107dca7343a7546,304,0.001521027124404909,stitched_market_reference
1760140883,23550770,0xea37a6909b129a040488613c090a4fe86cba0e3fa1052895cb1758ed2e95ebef,237,0.001505606305595372,stitched_market_reference
1760141039,23550783,0x93d2b798e05554322485c70fedccc1a45948824eef6a1ef7efeddbc3c2ee00b3,273,0.001522251466566602,stitched_market_reference
1760141063,23550785,0x458a6fe8e08903f0a4e273a77171d72d35d4bd087ffe3d7d7a930a5fe335e0d7,257,0.001514397454368514,stitched_market_reference
1760141639,23550832,0xd148d0ac07d0a7e6cff4b001acef981e63b9bedd543623989d06ccf2b391b36a,243,0.001533408201957578,stitched_market_reference
1760141879,23550852,0x6cebe4fb1b6dd41c73563901025885269081ae90ae78d7764be0b81e77c8816a,275,0.001542106317567755,stitched_market_reference
1760141963,23550859,0x36242db5445998cb2e3201da7dcb8989351c1962339f420b2e7008117864b792,507,0.001552731012400974,stitched_market_reference
1760141963,23550859,0xf2ca490e3ba327dfb0b3c5439060bd9f53735990a8c6978f42c27f1cef25d0f1,672,0.001534042127649531,stitched_market_reference
1760141999,23550862,0xb4bca94f858d8b78cd6c17277942a0f98eaf3667b0cece10d98ae35bbe0c7bb8,255,0.001516320306497334,stitched_market_reference
1760142143,23550874,0x1981245962b23b1a955876d611511949888660a9939256e68c9eade0b38f9ee6,243,0.001508702091861165,stitched_market_reference
1760142263,23550884,0x3f1af2e88204695fc2cb844c18dc1b3d9e729b8f097114ebaaa1513077254f60,200,0.001523861602740865,stitched_market_reference
1760142599,23550912,0xd9ee213f1b9a05560987fb62e663d1b26e2df183e58de4628b5c6570902b6c48,282,0.001515929618555202,stitched_market_reference
1760142599,23550912,0x4bf052af5dd8bd68c15d109c25b4c357f63c18a586f9aeedac2f8f5b775ed45a,336,0.001532451678294815,stitched_market_reference
1760142743,23550924,0x926ef92783f2335eeaddc22b871b458f7b9c1390200d34e4c35d2f58d6232a0d,262,0.001541004494828019,stitched_market_reference
1760142779,23550927,0xb913a70f727dfbbde2456d665a3e4481545b645471eb42d0ba2e6af6d2b04b7d,122,0.001524229096747641,stitched_market_reference
1760143523,23550989,0x098f61034ea2e55d48a098608beab6c16a309613444c48264f1a59f271cc7743,132,0.001516002961377383,stitched_market_reference
1760143619,23550997,0xbeec72dda96e5c8f46d0139b5dfd49d7c5e4c47c5aa73644b7b1724a604caa0b,263,0.001533086063842557,stitched_market_reference
1760143679,23551002,0xebffc47c890951fa889b05d17a018e6947d864eac38d8a6e6f806496bfd4556f,506,0.001524981791480391,stitched_market_reference
1760144123,23551039,0x358be7eb6b16df66947839aef82dc4984cf15a6d71b5cacf3e941a1df5798d74,106,0.001532652520727003,stitched_market_reference
1760144543,23551073,0x9b73fb995fc8f7ed5eb4f49a1dc4ad13a15c250bb6e3c982c6a33485339feed9,164,0.00154159806321339,stitched_market_reference
1760144603,23551078,0xfb91aa72286d38af8038958a4971967529843645671e56738ae700cf9c1a86ed,632,0.001525914547908228,stitched_market_reference
1760145083,23551118,0x82243f3e583603b6141ea2ebccae4acfb7132b17ebf4d0db323049eb74fda8f0,304,0.00150880299172348,stitched_market_reference
1760145179,23551126,0x0ed83d2399be80c9068440889d3999b813b2a3edff1bef26f89ff786bdcad519,295,0.001516977810169087,stitched_market_reference
1760145515,23551154,0x72a03359896f14650c2f6840906361fbd2c6078dd68cf4f68324a48bc181779b,532,0.001501623984808144,stitched_market_reference
1760145563,23551158,0x9ae1780ad52c7006465ae7e1e1cd73cacc4306a78660f7a93e875803ef8aa524,89,0.001512777798325631,stitched_market_reference
1760145875,23551184,0x068256e476287dcf2fb11c41e9006b84da00b8300eaeb889f00d3e71244719db,58,0.001497249075181178,stitched_market_reference
1760146475,23551234,0xab303875c12411e7760579ca16e6d9ff7f5a160223cdf9fbc8450a3e2cdda8c8,99,0.001513112592064173,stitched_market_reference
1760146919,23551271,0x269f498bb8bc54e0593a0eeefdc4ccf19aadfd82c1e9fe3911a44f6b692135af,489,0.001495765457416966,stitched_market_reference
1760146979,23551276,0x2a0d5b080a1eea593346d315e5865413053515c991e042100cd66665a00c124d,406,0.001505114073288198,stitched_market_reference
1760147579,23551325,0xea57293ff469b382e7fef59b9fd01b45e74dbbf6456e4b8639de6e5c0d6c6526,59,0.001489776234942502,stitched_market_reference
1760147663,23551332,0x612dc62289b4df2cc0f17af8bb539d427d45b0f8eef1dc9db8db64842f525b55,344,0.001498229774253721,stitched_market_reference
1760148215,23551378,0x5dd15fa9d44b5e1e3ac70c2a0847d6981e93baea0a2f1f7ac76097b2dfa28482,419,0.001515752230852612,stitched_market_reference
1760148215,23551378,0x4f9ce3bcfe7406208d5ff265e02ece1a52863f0582753da8c3a2c717cad0e97f,493,0.001508090002122165,stitched_market_reference
1760148419,23551395,0xd7ff06e97a1c7d3b3fdfb53199d4ab5fa56601b0720cc23d628a0752fdcc7084,374,0.001533071647585738,stitched_market_reference
1760148455,23551398,0x781e44b7f28c953a978ae117dbdbe37bcc6358b3a4cbd22bebb33de10232469f,842,0.001522801481889554,stitched_market_reference
1760149019,23551445,0x678bc99da9bb3681f6ca48c9ab513c6d55605d7f3f4a60361ca5cbdeb2a8d8d4,60,0.001540749665516943,stitched_market_reference
1760149439,23551480,0x5a79a200bec8549b1d40d81658198b370fce3d773102e0905f862f8a0b99187e,410,0.001529322916010498,stitched_market_reference
1760149679,23551500,0x603a576c0f7033b40b17cc27bbb38dc7289561263d2e27ea136d8eb882e03188,73,0.001545355824146981,stitched_market_reference
1760149955,23551523,0xc0162b637760e2fba6a17e1ae03ac8169ec691913a2dfb44f34ec105bfcb3372,340,0.001564626606299212,stitched_market_reference
1760150099,23551535,0xb5623b1c08be71c13f84b367d44a476b759fb5f97041fea2a81dd61754f00881,237,0.001556773277586558,stitched_market_reference
1760150675,23551583,0x86554dc79e80f3b4d39a2965e2788033798636b272c07d8852343de97a2a3d7f,574,0.00154899820381785,stitched_market_reference
1760150699,23551585,0xa78646be3b04d4e1b91534a5a2ca4192ce2f710451de491b3b9facb118812056,308,0.001566852365938679,stitched_market_reference
1760151515,23551652,0xfb5c963e96c63452630d2f2148e784885ae1151baa05503c8794e8ead6c3a813,254,0.001549978504808058,stitched_market_reference
1760151959,23551688,0xc41b777b43a7ce91f67b0920d3661c021aff2da38c4ded37aca9d55a63c66874,402,0.00155877211091454,stitched_market_reference
1760152019,23551693,0x463e94b492c9fabb9aedcc8a62b839324fac2e946d83d0b672cff7f5c90d3bb6,588,0.001541849046052373,stitched_market_reference
1760152199,23551708,0x9ef52c4d1e350e610655b0fc4c4eb6ab84f444df74a27682bf1c4247822ffdab,125,0.001550655693160903,stitched_market_reference
1760152235,23551711,0x7eb68edda9954b2a9003fc842b2244e0077514cd20b8c4743d64362fe67f02aa,386,0.001531895703822756,stitched_market_reference
1760152835,23551761,0x5ed1daae0b2d6591004b80c97e55f69dd23d06f2d76d05185b5f03a3db501bbc,212,0.001541058318511952,stitched_market_reference
1760153879,23551848,0xa958f18c5e1c8f7a99050c853f766a4cb367a3edcf0b8d3c68e19af6384a892b,239,0.001524183121413495,stitched_market_reference
1760154635,23551911,0xc0ecdcf490731411eaddfb13998f0b9d13ee0abd351bcad45a26b6bd93314708,22,0.001540120917722141,stitched_market_reference
1760155319,23551968,0xab1dffe48ae2aecfc7bd09731a9f20b865f285b8e768114295568b68432be1e5,300,0.001528452003935716,stitched_market_reference
1760155619,23551993,0x6c22261e9f10a3febeb9724befd0a03178815411292f75598dc09ac64d6ca680,220,0.001537261130360663,stitched_market_reference
1760156219,23552043,0xd9fac6e9056c83c6f2108acf7512f9ec998ec5047bf58bd5b990fe3acdde9a47,145,0.001527282923811672,stitched_market_reference
1760157479,23552146,0xc42f706c7650b7c126131b64a265155858b9975ad4a7c47beb97d2dd2413e420,351,0.001536320294981546,stitched_market_reference
1760158271,23552211,0x9bce9356b15b93b31403791c1c298a678939a401b280b8b4911b60ab344215b5,411,0.001540195907857132,stitched_market_reference
1760158451,23552226,0xb32826da4f38ce68d4c9c73f9262c33b05c7839642be92e4368d648224f136e9,538,0.001530757430323109,stitched_market_reference
1760158463,23552227,0xeefe5282698d634cc949e98352d3a1288b60272f90a9317647505dddde629d09,713,0.001547012253906178,stitched_market_reference
1760160299,23552379,0x882cd6b25d346af45914afdfb693f5d858486042dc2c4aedfc4df89d31e85079,208,0.001555410822477737,stitched_market_reference
1760160515,23552396,0xa9448a125d35edcf867e81d22ccdc0695987061d3e424986e8b737c6338f999f,225,0.001563351531398058,stitched_market_reference
1760160515,23552396,0x9ac53df8f35b801ea5ee1ef1bc6b98787e13e7b7ff6ee83455492aace17e9dc6,303,0.001546661607910879,stitched_market_reference
1760161691,23552494,0x9c6b38931c6637ee1d94c8cf658fe25be71ab4c63b3499b0ac6f8ad13101fe28,228,0.001538717311278971,stitched_market_reference
1760163755,23552665,0xf3eca7bcae117c835bc731b9d6fe843ae235b473d71cb36bc9ab8c58303d8194,288,0.001554206261096248,stitched_market_reference
1760165315,23552795,0xd5ba5a4331af628f38828b8439e8ef5f7c5f88458bf529f79975a846cd392252,134,0.001555431060960459,stitched_market_reference
1760165795,23552835,0x56e92a5c907c5a42e41176d4db120d9fba3fa77f8e51c9128f460385e02c2aba,221,0.001536850329234089,stitched_market_reference
1760166335,23552877,0xfc9d906f2c6275f5ad304c1a29dfae567d45c4edf302287b6a27701ebd77feaf,358,0.001545197407643867,stitched_market_reference
1760166851,23552920,0x8e680703ffbd3e61a056bf22d8e8e4fc3fc942ab2ee740031f54dbf83853e3cd,118,0.001562969977842475,stitched_market_reference
1760169023,23553099,0x7ceb323b0119bef77278fbbccff9de5f7b3b6d94dd000d68d64019cccad89ac7,104,0.001572744019189822,stitched_market_reference
1760169371,23553128,0x7bd2fffd000118307cd212364bb4ce1f60257e8d69582da0c97017aa3eee1829,267,0.001564862512502073,stitched_market_reference
1760169635,23553150,0x1ae11b5941784fd313736221670da7efd2e30a42e3fb8bea1b0c488dbfae316c,318,0.001566755129041488,stitched_market_reference
1760169647,23553151,0x36b9aaf75d786ad4930ddc4bfeca83d0c5b13b0f555050252a5b16e0cf8fcd43,56,0.001565363075132379,stitched_market_reference
1760170571,23553227,0x74f4df3a5a116c925a31dde03cf08d260f5236cc4a4cf49536f2d3047d12d0b0,324,0.001556568104849792,stitched_market_reference
1760170691,23553237,0xd05e56f787341fc69f61e3fb93dfca3b552182fed1f6382f4b5acaa80d45755f,178,0.001572636179171909,stitched_market_reference
1760170835,23553249,0x1f89dc08c185d38115d13e6ddca2b382ed36b362e4fdf002f66aa4f2ff781f1f,251,0.001561957115142796,stitched_market_reference
1760172167,23553360,0x6d90aee83b0a6b30b61fb95295ce3661e44835fa6d930ee9eb80ff932a4e6406,48,0.001578837147274937,stitched_market_reference
1760173331,23553457,0x94670f9bc118e8a3631408c4e0f061f40acef1935c51bd53d604581fbc7acdef,73,0.001594769113242169,stitched_market_reference
1760173415,23553464,0xb1f95e3d649a88eaa0b88ff69c0c0e16f73225baf02c0c78c0b67d507efcae69,421,0.001586674434493501,stitched_market_reference
1760173871,23553502,0xedef25d5214013ae4244de94167eedb408cf0091b35ae57b929f4ca7c10ed847,98,0.001578314455707966,stitched_market_reference
1760174231,23553532,0x6396cb8ca8303eb92e809f8ca4068e6c47a182b3abed48eb90456fccd8937609,414,0.001586624431027655,stitched_market_reference
1760176127,23553690,0xcacf1a26c1e08c8100cbaaa90cea47c4e761a220e1a72bf61985878341165264,442,0.001567571357623838,stitched_market_reference
1760177867,23553835,0x43a1a733de2ecc6fd79de720d690fda71f3a89cf406b6185a67dcc68ddef8231,352,0.001566957286107648,stitched_market_reference
1760178167,23553860,0x8ff8213b030decb67aa4d5659ffd64ab8c4a08147d6dfa3c4df01f037c3d919c,163,0.001583234958138908,stitched_market_reference
1760178407,23553880,0xc4fb67183630dac27a3ae2f21f076e131e323694084b111db506f68277edeb35,304,0.001574266161106121,stitched_market_reference
1760179427,23553965,0x86e8bde90ab794d1fc8e7fc23b2271a04c21a42915bee56487c5cbf83d608440,225,0.001558120866947275,stitched_market_reference
1760179751,23553991,0xb9cf21b2509ad2b3a256b5b68b401ab05db52dd86a51a6aa97089095fa3f7c8b,256,0.001566910742718467,stitched_market_reference
1760181407,23554129,0x32792febd097ee6ffbd247d2f21ac0b60e20df5f1480031519c4ac0d458f32b9,737,0.001575563722273264,stitched_market_reference
1760182031,23554180,0x5bea656d5bb57aa8087a8ed04d84a1b3cbe89032b77f986a335641e1abcbdb67,313,0.001567007071983335,stitched_market_reference
1760183063,23554266,0x343339eacb4588652f3f24fbafdbb373fb351008a23e25a12a535d5e0767556b,347,0.001569401585651391,stitched_market_reference
1760185727,23554487,0x477981284710cc95ba231dd020df7dae4d64be2918368297fd90980979c88bd4,574,0.001565307503020581,stitched_market_reference
1760186687,23554566,0xab64d9587b422a51da5915d2816582ac4a6edec8fcf1f7f10f7799e535cbc2ae,40,0.001567588479605866,stitched_market_reference
1760186867,23554581,0x97f51bbd7a26e28966f2e2616e12ce94d59d5c390d3050240d4c6d58847c1a97,220,0.001576158125274909,stitched_market_reference
1760187167,23554606,0xd1fea30eade1d1f45e15d95681c28fad67e75077314cd3d5a9d0363db48576c3,378,0.00155928968644618,stitched_market_reference
1760188523,23554718,0x8158e197fc43a7e1079573f7d831568bd58dd16ceef9271028e31897103ac91b,413,0.001575278517269547,stitched_market_reference
1760189591,23554806,0xbb2a4e5c37b976d69fa6c10ed15c10ee9eb3a28b3095305eb2dab1e24d695e0c,526,0.001586348574758295,stitched_market_reference
1760189591,23554806,0x74e75d4c3e17086e6a736fb5a9198b49bf53805aaccdf8207ee6aef465e95638,710,0.001567527827482567,stitched_market_reference
1760190467,23554879,0xfd304be0aa15314675b8bdca461e18380aa31fe3cdc86a1b6c7f4ddf65e9d605,236,0.001559582974236627,stitched_market_reference
1760190743,23554902,0x125ccff53eccdc156d73e39325c919bad946324e59c80900479df704459101bb,234,0.001575942374427689,stitched_market_reference
1760190743,23554902,0x9d4f249e215910e0ff1f7e45aef2a718932def3c7eaab0907932559a3976418d,325,0.001567592161233906,stitched_market_reference
1760192627,23555058,0x9ac3d6c2c426c0c2fbd3fc1ace290d32c576c121b8f9256a8bf9e16e6b4d9e2d,61,0.001575585282023776,stitched_market_reference
1760194379,23555203,0x7019f401fd6deadb7a4fa92247cab20b0517a9ee9fbce1a747031eb0579bdadd,404,0.001575994621514498,stitched_market_reference
1760195099,23555263,0xa3bcb4d0eb7ede364e6aa438d12318cda4e5045ddb7f26fc30dab4b99cdfedd8,473,0.001592086601904948,stitched_market_reference
1760195183,23555269,0xbac41226b3148a231bd8cb3945247f1d2f8078e0c84e8ea93e6091eec4e0b4fd,305,0.001583466267502925,stitched_market_reference
1760195627,23555306,0xb090dfdf3333b37b1b8c37c55cfb8f512e62b62d2167427bbd654dbd54bcb1e4,870,0.001575071114176207,stitched_market_reference
1760196947,23555416,0xfc41af904180275373dca23869fbc4d5818026b9f22fe4934ed487db88ac774c,116,0.001583057905452914,stitched_market_reference
1760198723,23555561,0x5ce9e5355f5913cb827f857469a2592e03f046f870627397183e01e500d39b60,174,0.001589270306565679,stitched_market_reference
1760200547,23555712,0x3bf8b211a1933fad6ad0605a5a3f8b532df7e9d84a3ff50f9b21cb5da0cb052f,258,0.001593982848131413,stitched_market_reference
1760201123,23555760,0x077081c36f46909ba1c7a6e282e63df2ab444f28042a22ff4da266263d49e935,619,0.001577851574925485,stitched_market_reference
1760203487,23555955,0x553e1ca4b7412dac2d9f6c2279e2e0e16a03dc55946dd16e9438fb1d0e123e4e,777,0.001569991376336089,stitched_market_reference
1760203583,23555963,0x05a2df0973a92414090b75db7e07e195b7fcac1be646e043b0b3083383535e9a,159,0.001585973746763637,stitched_market_reference
1760204363,23556028,0x3aea5539d40a7b520baaa7f873c16a07f9ed0d4c7d30f86bd79ce82ce38f8033,53,0.001594131833894806,stitched_market_reference
1760207195,23556260,0x36a3ecf271adecfecff170df508ae09b859e814b4b62d70ea6d8dd45cdf33d91,437,0.00158880074771983,stitched_market_reference
1760207999,23556327,0x9d1442c811787a19c4b4fbb29d9d71e40fb5739349f991204ef39f15858b56c5,166,0.001588704347220197,stitched_market_reference
1760209379,23556442,0x743740e5177180e5b654d05c78c01687c0a2f89807ccc91aad3e96bcb14c5f52,56,0.001570467134652765,stitched_market_reference
1760209463,23556449,0xaba1d98df833e3576ef8aca17230b64a6d88e7fbd5079c74e146361eebd36fe3,226,0.00157887093202068,stitched_market_reference
1760210003,23556494,0x8751a9b5b9d2d28a131191e0e7fd154ecc1cf40ef4875e78b0d198d296f56c23,567,0.001587299258306557,stitched_market_reference
1760210279,23556516,0xb88a38386a8789dfd7535b2cf0b0d6de8f69766a42fcea85fbb1eae07471e092,1035,0.001568773937100238,stitched_market_reference
1760210507,23556535,0xa3b44f17763bbf04f038666997a24dc46dd583292a531404a7e44864ecc8a511,775,0.00157745658071305,stitched_market_reference
1760211287,23556600,0x6bcf4c178f4d13f948c0c1bebaa7a7dbda30d73c53c1c84eca142a80c36538a0,480,0.00155907152320754,stitched_market_reference
1760213999,23556826,0x8623c3c4a271927f9eb9e6bc294f82a8dfed765867c773c4c97e890dee0ad930,341,0.001567555937329721,stitched_market_reference
1760214443,23556863,0x38267a34d565a4c02fdc51a4bb8cd5130ebed36f81c8bbebd3a3e63d7d95ba7b,89,0.001550394729225211,stitched_market_reference
1760214515,23556869,0x4e7b87eefa041b3d6015760f4ca5cc668bf248744cbfc86ef97bdbca6e6fff5d,201,0.001561492066824953,stitched_market_reference
1760214779,23556891,0x082664229565dc7421c9ee7b3a8a1c3b59f06d07e847aad0ad49644bf61fbb23,139,0.001569760192587659,stitched_market_reference
1760215043,23556913,0xe29db8a1109bda92ff935bf817b319e27db7db7be6ede0a8a139f9cbfed88bb8,619,0.001549532837856678,stitched_market_reference
1760215643,23556963,0x5d598622e75e9c9c7e29558cc765ca449a16f0d8e803afa8da9243d241864796,639,0.001566226053356174,stitched_market_reference
1760215679,23556966,0x2f1a52266b8ef334a0890e22bd109cef5c027827040818b9de5cad9ef04905bc,360,0.001557169548231814,stitched_market_reference
1760215799,23556976,0xff508e5a2d8cb21f32617114f3a48b6545c962a45e6c01ea366c3277674917f7,202,0.001565279477598659,stitched_market_reference
1760216183,23557007,0x5d5723dfad25fce0feb6f76c7143acb0ab75c0d9807930d130b0d3bfbfe01b2e,408,0.001573449571596489,stitched_market_reference
1760216243,23557012,0x8c1f73a940383b86b25c4cd249bb1600e9008a6c0cf267ff9183e73164049c1d,310,0.00155638780892922,stitched_market_reference
1760216375,23557023,0xeecc2d4ada1fa9b585d1d1ccb85121d82fb282840967ec14cabeb947543f8c0e,415,0.001547568989054419,stitched_market_reference
1760216639,23557045,0xdaf7285bba6475f73b99031e4796acc73de7d098f2d6e4dc1509ad8c50ed1127,31,0.001555931783482592,stitched_market_reference
1760216795,23557058,0xa97bbab175407083e1899e93062ff31f2a66ee2c4dd9aee0d7d79c4d32f69de0,80,0.001565324404949073,stitched_market_reference
1760216963,23557072,0x93cfe050a871d8814ef5677a26a51d796e780ab1894cc5dba38fc34140a0cd3e,396,0.001548751879144165,stitched_market_reference
1760217203,23557092,0x1da156923abd6f2df5127f1f39d0685e2b5cca8e70279ec473efb13f4658fe83,476,0.001540847907211302,stitched_market_reference
1760217431,23557111,0x1cd3421342c123519b83324bd18e6d8dd75a5a2c77cf530acf40d452fa1f8559,713,0.001563369457144677,stitched_market_reference
1760217431,23557111,0x611c59992052e9129d5a1f1649f47b7f9091dfaf6d22f9152897e31f279b7f1b,823,0.001555364144342204,stitched_market_reference
1760217443,23557112,0x5dffb5dd48a311fa47a549d04ad1a08cd1ae1c03d3063412a3cdd27dcaa96740,486,0.001558612064790178,stitched_market_reference
1760217815,23557143,0x5c44fe59a955d0af27c017c1edf73a04236f127c60e9b55193e325d4374cd88b,933,0.00157522311922303,stitched_market_reference
1760217815,23557143,0xa486b3224ccc23565017b9b9d4a81c5aadb1c36788c7bdb11eaefeebe5e9f92a,942,0.001564793938174334,stitched_market_reference
1760217935,23557153,0xb2665701bb01ff7148da8f28c95ba4a9ac4343a8672be2912591ffa992a5239c,558,0.001556141961378219,stitched_market_reference
1760218475,23557198,0x2ac4eff04a114d8ca47e45f74092d777ea61a13a07de07da71178e248995946c,683,0.001564762099631904,stitched_market_reference
1760218655,23557213,0xead85622d912e90726ea64e8fe6e12f008a947f4fb07177a4abb229dd1f00b36,354,0.001556706932090638,stitched_market_reference
1760221427,23557443,0x38dadd425e470504da27a58a2d22616a215bcf70477504378908304bd4122285,328,0.001562362024596348,stitched_market_reference
1760222279,23557514,0x349f5caf672a131d6fe586019f53c0e39df69e067064d2e06ffd1397b2141355,313,0.001553908251541143,stitched_market_reference
1760224079,23557662,0x53e2edb2a5b08c2df5d470a5ea551d8a9d491d013fde795af4cbecc8ebfbea55,87,0.001562278287707136,stitched_market_reference
1760225039,23557740,0x174fadcb610057ddd94b519bc0221b63ac797814f8fa434545422a3c14b02beb,222,0.001569637450923756,stitched_market_reference
1760227691,23557961,0xe3c4e424d9385c5ab72952843d60278e1e7bccebd1449415b75c1f8efe25810f,304,0.001568945098951274,stitched_market_reference
1760228663,23558041,0x724036331f13189548104b8ffe66baf128ecf648ba838520fba3eff1fc325c30,555,0.001567949009952602,stitched_market_reference
1760228939,23558064,0x5165c3a3e5905d7a671b544f2c8fdf15ffe6ffe8e8fa51c2556ac86021424041,451,0.001575987024062647,stitched_market_reference
1760229203,23558085,0x4d69ae41da19ade94b0801f45af4aae118119deb1b932922170ae939f622550b,274,0.001566516806217699,stitched_market_reference
1760229419,23558103,0x3645a0844052576c506487d2d2fc44a7de89cac2ac9e123ba31a50b650cb1f51,17,0.001557321697146792,stitched_market_reference
1760229683,23558125,0x6a4146596b0d78497979e4be1a05ac4956d7eeb76410d39077b2c7ced4531f64,666,0.001566500070776322,stitched_market_reference
1760229719,23558128,0x9f9369d7721c172acb8d54b14a2299c5b141aaa9c84e97cdc537a485940c205a,422,0.001568123691670427,stitched_market_reference
1760230319,23558177,0x6564ef69cb35d8931bce8320c048c08af880f612b4333b421ff1ba781573057f,610,0.00157647950960454,stitched_market_reference
1760230763,23558214,0x0c81033ef7a18d15b49d1b676b24eba6d4ee63f36ca9bb8e75617fcba0d64c38,2,0.001584785134481658,stitched_market_reference
1760231171,23558248,0xfd504944225cd74af05505e32625f9b3469b9152b21c1438fcf990d2b331de0c,843,0.00157318159319907,stitched_market_reference
1760232299,23558342,0x4a89ea9ca6d5403d371e1ea6c2cec9e1cf474132180ca22a8b8b0a9b3377949c,43,0.001566685289629407,stitched_market_reference
1760234783,23558549,0xccec2c7eab13dd3fe00d6f04ba5a727e17a1bd804b4a9b44cfad4ec83bde2d56,27,0.001571236089335677,stitched_market_reference
1760235923,23558644,0x66fa96ccf96ee9f4c6df495c91eb3a3e5511e2abd1c9e73fb1e1c5beb523e0bf,727,0.001571673432859955,stitched_market_reference
1760236019,23558652,0xa96e40946fc6dfe7702dde12cfee783fcc719dfd250220522e5266e9aa78450e,187,0.001563734432020271,stitched_market_reference
1760237483,23558771,0xca3d39c1157943e78a4c921a5780688d0e33ed77f5a638097e39a4f461efbc78,142,0.001572328840078149,stitched_market_reference
1760237999,23558814,0x84bc350c06420d8b94f2df36842d0423f146d3cf96a92b5587e8ab91b99285b0,191,0.001563999058720212,stitched_market_reference
1760238335,23558842,0x082701e51402e8624d535e14d71ac6cb1b14f9c61357c3c98030c443cd39edc1,309,0.001581784354707826,stitched_market_reference
1760238515,23558857,0x808bf90f3578a5163e692e5e78f45017737ca209f0e08b5736b00807ae823e33,735,0.001573157768671989,stitched_market_reference
1760239355,23558926,0xe2913644c08862e0db1a116045f59391d3a8d2bcf1e06528e40790f4415c576a,1068,0.00156472482430636,stitched_market_reference
1760239379,23558928,0xad57b7430ff2e7bbac3cef1188e2f9598d1785c42b1d21099da228da9b0bc6bd,1162,0.001580515816399485,stitched_market_reference
1760240327,23559007,0xf8b063d6cabafea8386422e1790737612908d7e8aa3afde68fbc92c396940992,750,0.001571311037339373,stitched_market_reference
1760242679,23559203,0x483513d9f70dee6286f3e5bd56ced4bc60a804791e55f316c73e489dc31bcbf2,411,0.00158993149594587,stitched_market_reference
1760242739,23559208,0xf7e92dd0b7428824b1ac446e2e6193c0d389591d22f038e95897cef913175897,39,0.001581881285945971,stitched_market_reference
1760246315,23559505,0x36e7c13a02e35e82bfa5c6fb61b9fbf5a4d34cd85776aaabe506316516fc8759,235,0.001592691158584834,stitched_market_reference
1760246375,23559510,0x37ca5e9bdb587b1835cdec305656522436a74db5509e994492123159307dd713,238,0.001594869061295145,stitched_market_reference
1760249951,23559806,0xd6020952094a5c8df177d6cf79f6387737bfe759dd790cc7c078444c5e8d8d83,92,0.00160579804338133,stitched_market_reference
1760249999,23559810,0x8ffd8b775f6dd4f08cb42bd7d52e38debb6d3cdbc9c15c29d8a24edc15df0e42,122,0.001600749998774793,stitched_market_reference
1760252675,23560033,0x8389fd7aa8a1a5bd4739fb36a867390fe4808c1b478120edd9faa389cb5581cf,84,0.001616759025147374,stitched_market_reference
1760252879,23560050,0x3cffe8acd0f1f28beb01ac6bea931a738cbf63278370c8fa36b0d300adaee1cd,528,0.001608186183995672,stitched_market_reference
1760254223,23560161,0xfa7f84ac428efbbdd8a34d8bc2b6c4b1be93a7b24754be1d00af7c1df325d4b3,1218,0.001616318746455026,stitched_market_reference
1760254295,23560167,0xd96d7625fd47d4e5e6d34a93020ca260ad95e0118212ee4c4d0d5162cf794c0b,68,0.001599731668124265,stitched_market_reference
1760256035,23560311,0xf1b466b66c7d5ecebfbc76ef9ecc9895badc36e58c4e0f432f4f2938c574092f,18,0.001596827188856024,stitched_market_reference
1760256035,23560311,0x0a81b574e82098ed5bf475a602ea49346d7b9bf3b1b63c9b247d19776643fef5,48,0.001604938268415059,stitched_market_reference
1760259551,23560603,0x643af4fbfb992fe94ef0b182fed779b35f209f8b5ee77bae7cab5dff5f03356f,401,0.001587747320541155,stitched_market_reference
1760259731,23560618,0x1b5a7cfe385fad251678dea25dd21cab1351ec6831f488032767ed8045e0126b,579,0.001591432634785089,stitched_market_reference
1760262935,23560884,0x7187ba23e4634aad4e4ffe8d5f55e6a207fdf01532cc658f97edaab75d02d856,308,0.001582937021061338,stitched_market_reference
1760263187,23560905,0x2bcf1197116c5e9e5364951424f2f63bf6ad1a31b63cca9771668f597d6bda0e,331,0.00158444077805817,stitched_market_reference
1760264411,23561007,0x7a13c325d8345023153ad01c1d6932ef45f9664b21a9861cf780fafda5bb6265,74,0.001593443763611235,stitched_market_reference
1760266811,23561206,0x7e13470cd8b8671250e5aed689b98977f1293c11d45c8f2827f084c1a9201bca,602,0.001587783175307548,stitched_market_reference
1760268035,23561308,0x8736709c1d64c4851f5b2425f1c7c92e77882a3297a51ea4f5e9762fd1b3797d,18,0.001588362556709102,stitched_market_reference
1760270447,23561508,0xe02ce0f155106501df277181e9a619a47b08c85ea0bc3ecc17e3f58995c8cda5,180,0.001592313276053737,stitched_market_reference
1760271251,23561575,0x0473cfc6b7cd5ab4e2db5f8c8a9e19ad6d5084adaad08e7de1900a3d5430a99b,572,0.00158404052535716,stitched_market_reference
1760271827,23561622,0xc9e8f24c71537db69f22b67bc3c25d20eb7c4f8d6ff7a650ab0e7b32a7c679d7,330,0.001601109686659705,stitched_market_reference
1760274887,23561875,0x9402dff69cc86dbdf061cf31706129ad8abdad807a0dd29dcb8fb32b664562ae,104,0.001604729972705544,stitched_market_reference
1760275271,23561907,0xde94ccd7000243dcaa1e20fbf6c168c25b50533f5f5a3c6962bf20bedbd2add4,412,0.001587598594774261,stitched_market_reference
1760275367,23561915,0xd8dae31ca87bc7de76a39048a3d5207bafe8112058ff893cafdaa0c8d2a8d48b,185,0.001595947321258992,stitched_market_reference
1760276159,23561980,0x1ec99b6f0fb4d8890163648f2b8b90f6cbced10c32682b9deaeb41a040c2c924,663,0.001579843407659665,stitched_market_reference
1760277947,23562128,0xee7eb21acd235ba4dc45a9ebd110860511337fb7ea87e2d0d5b7ac0d38c809a8,419,0.001597010157198504,stitched_market_reference
1760278787,23562198,0x0f7155c5e44332846f6dc2df0a14a4653919ebd8aefdb87420b7bbaa6e3aef14,185,0.001588994239940115,stitched_market_reference
1760280383,23562330,0x0cc0ee61af14f1e414c1bbb93302ca91582e8b14b9ed37d21a2e5843c4f797ed,240,0.001605038135769147,stitched_market_reference
1760280383,23562330,0x506b4a8a7b66977073687c97dce49689bff256f2d6ce3747836ae8929662980e,279,0.001593130730992106,stitched_market_reference
1760280431,23562334,0xedfad9673e2f553eb410685ed41b5aba7fe9de6b65bc6dca1775665fb0019705,1335,0.001583707107723711,stitched_market_reference
1760280467,23562337,0xccb8549598c17ffed843f339acb0f79381d2b017114f544e867a9f095d930ffe,205,0.001600239834807313,stitched_market_reference
1760280527,23562342,0xc4dd91654bfe510016780c6fab1ab6e33cb370007ab30c2c005391d21cefedd6,493,0.001578128700399974,stitched_market_reference
1760280587,23562347,0xdc923c0968008bec5714245d8a76f5184561bcb1ad19a4ba6ed85bd64d83af7a,624,0.001595356645292362,stitched_market_reference
1760280731,23562358,0x96c6f9432d32ac9850298f400c7053855a63210db269d05bec719385b2143ebb,1070,0.001579194738628222,stitched_market_reference
1760280779,23562362,0x7448962cf45605f5a00d724b0196fe15d92e8ef2105d8370c3226b29b8aa56f8,726,0.00160043045713352,stitched_market_reference
1760280935,23562374,0x5cdd6526f918aac4fe860d10d32fdbbc6dea9f630271085c5f9955356f16bb56,668,0.001592079607990176,stitched_market_reference
1760281043,23562383,0x82beed6b7ee7f6df13ffb906311ae6fba912807d01f07d424200f51439e51975,730,0.001582327073526422,stitched_market_reference
1760281151,23562392,0xa24d18f914dbacbf05b3ba92b3fdf9331293485212d4905293670c0285cb92cd,409,0.001592829217685644,stitched_market_reference
1760281199,23562396,0xdbb484dd36dfe42ae552cbcd4eb0dc5c219445b95d47a75e62c7e66df98c1692,747,0.001576534454711529,stitched_market_reference
1760281211,23562397,0x016859935cfc969b2f172fc6d952fb5db35129749ed45788d55d9ab020eccf4c,171,0.001585085571422199,stitched_market_reference
1760281343,23562408,0x5f86ca35d4548aa1b6c3dbbadba2d56700f93385d911bc0226900b580cdd56c5,60,0.001602998842754668,stitched_market_reference
1760281367,23562410,0x18e0b3b8f0862f7ab510f0300a1d1d8c8a4b62bc05c9c8fa45fa6f2c7afa8ace,162,0.001594906067378736,stitched_market_reference
1760281607,23562430,0xf403310e7cf683ba72e37cc2a8924600f629db9a3494c48ad13fd5f3a91b7b95,556,0.001585751484929243,stitched_market_reference
1760281643,23562433,0xd82272f40d5bb845d5c9db500c26a46b36111f38bad7940cf4045f907d1244c6,584,0.001602006614062721,stitched_market_reference
1760282231,23562482,0xcba6112f1b263fb416100c70e330009b6496dd9f01f62733fcbd1878537ad5b8,432,0.001591477011562769,stitched_market_reference
1760282387,23562495,0x3c9a6de23af1969a5c0c7c5a6d9b772039d8bd15058a9ff12e7fedd287f39a59,494,0.00158249803515582,stitched_market_reference
1760282867,23562535,0x9563d44a1c971afeff399a6021d2eef3a8f9fd3484d395f6722f59800cbce457,426,0.00159362123372418,stitched_market_reference
1760283191,23562562,0xc5e9d6bfa769f18aa6bbe30cdc1e84a4d14f00644f5f80d4c79e44af20c22f09,581,0.001603510886837661,stitched_market_reference
1760283371,23562576,0x09739f8568983b76ed3467bd3f78e43c5998a325b4749512670dc5fa741ec872,507,0.001613508559108335,stitched_market_reference
1760283491,23562586,0xc6f5ea63ce00970d9f235a59498db76a037a250bd48f133e22600b12a6766f12,492,0.00160543175565957,stitched_market_reference
1760284151,23562641,0x9b33a34e0e968770ed79cf89c31f4ea81c186bd437834f6413bd0adaff4807cd,145,0.001596268828576602,stitched_market_reference
1760284907,23562704,0x8ce7a3551e70219111b899e8aed50453812adbe960c2dd26d374e47fa384d82a,188,0.001612673265292897,stitched_market_reference
1760284991,23562711,0xf8d8e3304fe823b43a6ad1ee363042f03569aa74bfa62c4d6ba79fe55a0193d8,183,0.001602231253571921,stitched_market_reference
1760285171,23562726,0x3b77be215b7c270f72ef9e22fa2c4f2589d136a6c059b286252877d11eeb537a,836,0.001591709643946647,stitched_market_reference
1760285219,23562730,0xa1c492cd9196db220a022e6f227755d972a9360d7bd737b5a2dbfdb3135e6bda,159,0.001613761312850117,stitched_market_reference
1760285747,23562774,0x4dd1cf2f17a61f2e4cd61ee7a4f7a26479230ce82e8a968ab37add3cb7433b9a,78,0.001596503757185735,stitched_market_reference
1760286923,23562872,0xed9312cd8fdb04621f2bdbfc91148dbc8eaf9ad23b05ee0771c2fe9ded42d244,251,0.001613026773256542,stitched_market_reference
1760287103,23562887,0xf339e85c60c4b82702819085b14b2cabb677c50cffdf0b5d6fb3ec86568fe55a,883,0.001623365376516224,stitched_market_reference
1760287523,23562922,0xfee1e2ec1d358c60587c5354abb718778239b3da9e9a4b2a91690adfd0adc89a,486,0.001614827838112417,stitched_market_reference
1760287559,23562925,0x419c8a222adf88484994c9f212dcace95023cccae31bc0c67e5bab08445ac28f,343,0.001585514142434693,stitched_market_reference
1760287559,23562925,0xa7035c3654f074484f4827f01c3d64894bfbfff805d39afb47eac518dbf6cebb,444,0.001605768293018107,stitched_market_reference
1760287703,23562937,0x600ccfed04b35a938cc8e65e069efb57d2added3f4078d6c72671e2aadd77d5a,417,0.001586445958970687,stitched_market_reference
1760287715,23562938,0xa885c68091e2af065361a1c10e7a4dcfe61859b928c92fdfee448b8d143805c2,337,0.001603084072617402,stitched_market_reference
1760288783,23563027,0xa77389e70e2cdf048cd0f9cdc5294e5d0b6a09712bc9e227c2552b78c683f696,623,0.001619938372673597,stitched_market_reference
1760288987,23563044,0xe499e39d946f5e037fad5334d7cb99e1e8017dfad082c7b507f595107b22eba6,678,0.001607681831355267,stitched_market_reference
1760291399,23563243,0xf9350d401e0a86dcf424ae8ee5912d6731dc03cf7c2dba4a203563c1ca3bba44,217,0.001588711523374078,stitched_market_reference
1760291495,23563251,0x093488dea1729d29434cc9027e2429221af158478098e5e3b726d5ccab16d680,687,0.001597866375942575,stitched_market_reference
1760292383,23563324,0xfefc0d4773b12a498671b2a663e6b815a2399a24869a465ed46aa31366249a02,381,0.001589592981101107,stitched_market_reference
1760293643,23563427,0x9533c5bdf26fbac4769f0a00b6a4067a76586bfeafb8e9de628c8a39f2aad6c0,350,0.001597711302731069,stitched_market_reference
1760294843,23563527,0xfa1593933549f6c7f94272c11c422bba75de0998a156f60fa6bbb4350c30f29d,125,0.00160605741016368,stitched_market_reference
1760295011,23563541,0x49de87c95501d97e9f86af5a3010c305e84d7fbbe5377f2a97898fd5b352319c,381,0.001602741285732006,stitched_market_reference
1760296067,23563629,0xb0431d9e47e331e572f7282c69fe404b3db7f0c6cf80e695a10913d42243ab71,36,0.00159474693864734,stitched_market_reference
1760296367,23563654,0xae4a86ccebb929a8fb7e3ccac5ded6c916e8f65ff6ddefcbf5905eb73c04b13c,156,0.00161096179121318,stitched_market_reference
1760298827,23563858,0x498bcc4edb4aa527ed9f3f417905116e1b05872c01a5ac822343106c7621193c,374,0.001602683633194688,stitched_market_reference
1760299991,23563955,0xed8510ca162c78fbf9b508d90c4194a809e4d0228733dc7f2f7c06d23b26dbdb,220,0.001601657499028357,stitched_market_reference
1760302223,23564140,0x6b096f26192b6cab34bade967a91a569e53ede914fd92580ed1ecba6bae4c140,230,0.001593519424245026,stitched_market_reference
1760302343,23564149,0xd3285610a21648a4c253a92fdaee38efac9aa5993fd41f8889d1ef51e7ce8708,141,0.001584469788324079,stitched_market_reference
1760302379,23564152,0xfe1900c3f00362215fc1a738c86bab1b3741603984135127c96b2bb412f22885,123,0.001592445945579653,stitched_market_reference
1760302619,23564172,0x9a3984210e03335d2c4e7c18cc4181fd2ce5f58f4a689d790f2d585d6732a647,350,0.001604302242475637,stitched_market_reference
1760303639,23564257,0x6eb705c473905a0d8fb9466abaf9807137d53a98c7a1cbd38a2402d87f4ebb29,259,0.001612194250015132,stitched_market_reference
1760303639,23564257,0xc75d24110b872c79e1369418d33b7ab9d7c3a6272b2d4a4f3010a700f1869fd4,349,0.0016020328774885,stitched_market_reference
1760304119,23564297,0xb5e5b9fbec83231727495b5ff297d937669133f848c35c50e41fe48ad99f9c18,451,0.001610885878231456,stitched_market_reference
1760304503,23564329,0xaf133b45d40586b4db89d98b3dcd57054222d831456ad0020cf914097517d414,462,0.001592340541193525,stitched_market_reference
1760304563,23564334,0xdcef1af2edd3e804c448a70eea15e3139b7389b2c25ce2f6edf0037fb5cc5eb0,118,0.001604145876637442,stitched_market_reference
1760305559,23564416,0xf15d64d755f2f821e0690818723b2cb79e3dfbc3550d778f511196b9d161d0df,61,0.001596073972619233,stitched_market_reference
1760306447,23564489,0x1ea8cd27505010363595794b5e83516887515a64aecccb9f2e236c0055f369ab,840,0.001613168755457073,stitched_market_reference
1760306459,23564490,0x56e51826e403fc4aaaca1af22dc5d056ecf910a5a82e3dc2c9d09b775b2163eb,258,0.001603987448251513,stitched_market_reference
1760306771,23564516,0x0b922703bdbae92c2a5d7f27668daa2057d11609f211ab541d4b4a2baf7a983d,366,0.001612863441563158,stitched_market_reference
1760309303,23564725,0x3b435fe780018d39662758ed610cd09bdf11432ff04f26e260c3af515039b3e6,101,0.001604375606642661,stitched_market_reference
1760310083,23564789,0xbf0b1b5cb3356e9a97e606b4c3b9c4a750cc661ae1dd4717703dc7c7aa71e022,810,0.001597519782270981,stitched_market_reference
1760310179,23564797,0xfe3e663341ee554dfe510dd6a37814ff1df9da07ab393c90d21ee52eb704e089,914,0.001605721319157002,stitched_market_reference
1760311883,23564939,0x4022228b925903dfb14610b06843a3d85e876dac0b1102fd7ff218bd76f8c4e2,31,0.00159757503817805,stitched_market_reference
1760313707,23565089,0x54f6fb06c5017f7480a69fd99f300a0582cdbe29df8fc0a64c293c2333d0777c,623,0.001591767517858934,stitched_market_reference
1760314739,23565175,0xe42001ee229b7f753ade58c08da55bb00edaeaff0a6f4cbe404def502a7f5e1e,106,0.001581666928334833,stitched_market_reference
1760315099,23565204,0xb9bdec0065bab1d87bc0123b1642cabac3826c7e525cb1658fe0a6ae74fb5904,87,0.001590165173640937,stitched_market_reference
1760315975,23565277,0x17fbeeec624e0bf2e9148cd9f76872410e5953ed71ce5db429734c6c76455785,954,0.001570052839395667,stitched_market_reference
1760316035,23565282,0xc7a79eda744530f849594403015d8b3452d6e4d076db08578752eb5edb7c9b58,259,0.001578049422099722,stitched_market_reference
1760318615,23565496,0xbde666d441c68d0a0722da57029fadc6868c31d11aad9df5a3bd1669f02d4413,410,0.001568928137763888,stitched_market_reference
1760319203,23565544,0xff460081683b1d733e6e07c170b659c19c492f35266d0099bcc37d9d7e441a90,150,0.001585253425525095,stitched_market_reference
1760320619,23565662,0xab04e34d5264252364a0cbfa35fb459c59cb3e73579e092a2dce87d23539e0ac,139,0.001576229452501153,stitched_market_reference
1760320859,23565682,0x337d011f5a5f7736cadba3d2814518d90ac256d094c49f33bfc578c9e55ff712,7,0.001568350267238166,stitched_market_reference
1760321027,23565696,0x202f8c9f515e8cc79a8253d88db775f05de479bb00f6ecc7d306d8a87404626e,719,0.00157640455579229,stitched_market_reference
1760322839,23565846,0x8fb608ec91541f022ff26d953c921ac1b88b5964b91458d355695a582c316671,201,0.001567641700571564,stitched_market_reference
1760323139,23565871,0xcc1acf44c33a173827912c154163b69e92f64d07f092608c011f98a5c4ad7f04,1230,0.001576481458051863,stitched_market_reference
1760326475,23566148,0xfeaa91abb57a0eb08c63b0b4e712ea6aac6fcee2a3c447f2821949523c8a1fd6,303,0.001579203184769719,stitched_market_reference
1760326775,23566173,0x6bdc933d2754c0f8107b153324f6c85ee0a64c7b49c5838d1ff65f28e113f502,100,0.001583628640126306,stitched_market_reference
1760329331,23566383,0xa122b6c249c93bdee3857b9093bdb319c01489850f3f241af38a3a45f855640c,1103,0.001592508633009172,stitched_market_reference
1760330111,23566447,0x1c65b1417cc4ed471ff43d8f6514ad209bc1be2a1af623c9e95e262c3d43ec6f,333,0.001594186655592059,stitched_market_reference
1760331575,23566567,0x9f58954bf9c9f5516739598075b7f97519bcc7a948df4026a07d87f66ea4615c,614,0.00158522356410933,stitched_market_reference
1760333747,23566747,0xaae473736ccbef258e06f2963470ef4b1eabf45e602da1930df5ae7d7ec7ee10,51,0.001595834244036885,stitched_market_reference
1760335211,23566868,0x487f85ad2120f34b91f9b7d8d4415b28be45bf5b3f0bec403102bd185c021a97,220,0.001600916264029227,stitched_market_reference
1760336363,23566963,0xb2bfb1d18511a20ba7286bf951b7954090baa09635e49983862cb1dc24526efb,264,0.001591882589778557,stitched_market_reference
1760336867,23567005,0xfdcca8ace65f6aa693f69c2b46a976a6fa01c5c6fa86e52ae93d32306a9d7b56,8,0.001608917846998241,stitched_market_reference
1760337251,23567037,0xc95f8dec376034286fff7671ed8a75e5352d298a2b63c4ec333e84a4a13a33b4,339,0.001600489914886691,stitched_market_reference
1760337815,23567084,0xc11ff59b392d09a0f4d5ccc8453cb702affb0a1512fcc6f80bcbfa513949c7b6,856,0.001609171042779638,stitched_market_reference
1760338871,23567172,0x930f927bd4df260710510cd17ab6e959830d641de141b45980f675a1435b78ea,381,0.001601015507226338,stitched_market_reference
1760339843,23567253,0x03fda8045805e12a19c0b6714d828eac729df3aa4c4fdb0269ce07684b1bdae9,418,0.001617041542145588,stitched_market_reference
1760341367,23567379,0x6887a2640107345737a49e6f7b8666868f8adc929bdb926123774cb60d722c03,223,0.001608963264693765,stitched_market_reference
1760341607,23567399,0xd0f4cfcbe55a16b1432bdd2853a8edc8852071833aa0aba90496cd5bc7eb36da,839,0.00161838910371362,stitched_market_reference
1760342435,23567465,0x17b300f407ba00ee58374a511e47fe32806e10613805615808d47a3e0c31114d,395,0.001616358267778466,stitched_market_reference
1760342435,23567465,0x8e3486c1be0134f2cb349b0d4f0c287351ca1794344decc729a24dff04f2cff1,405,0.001606949861142278,stitched_market_reference
1760344955,23567674,0xa4ce9d64f4cf59d8469258c211121417c2bd66f38a3b9fb0a5ebdec49f7d5fbc,308,0.001623579492496158,stitched_market_reference
1760346047,23567765,0xa86e26a28e5e54c58a39ac5ac8eaeb41ac87d6a45c8ee776dc3ef346ecac8562,29,0.001625430598988064,stitched_market_reference
1760346827,23567830,0x0c38d83a5a24cb3ac10e67f0e3aa50ca5b81f015160a19d3484d881cdb4dd3cd,936,0.001634165291719895,stitched_market_reference
1760347715,23567904,0x932a065e8bc16532f0399e0968951de74fc51a86228921eb018291fb5a8f8b2e,395,0.001617748366021903,stitched_market_reference
1760350451,23568125,0x7ff0adab1f694b36db6c2d4eea12b3eb028dce23fb5a86f1ffff93b6c15a1751,423,0.001616849274045625,stitched_market_reference
1760351327,23568198,0x3987e9875c7979e252816fdbca9ed630ea804341755dc2afdb67497930763b46,180,0.001622925457011959,stitched_market_reference
1760353367,23568366,0x0b0b38108041d64bc37747cb69a82ff5be461aa8bb77026e53a9d130227338cd,459,0.00163160364250538,stitched_market_reference
1760353571,23568383,0x63f898d62d6c8533ba7cd040b0b9ced657a9c5a74a005cf71af0d58117e2098d,135,0.001615013096750952,stitched_market_reference
1760354687,23568476,0x2f5b8f88e988db460de5d4734cee606cb3ba08502d5b34533ab5748b8acf868c,226,0.001624235758419373,stitched_market_reference
1760354951,23568498,0x6c4d29584216a3deaa01e3875f72556a3e769c05f6891b3fe33de355d56e4043,1179,0.001637149300206642,stitched_market_reference
1760354951,23568498,0x11a0094747804e828facf593d65119770bec31e50cb844f6e7267c073099ea96,1279,0.001613168972075065,stitched_market_reference
1760355707,23568561,0x47d81b9b7668ef17b2e65db78e4a9c6476b10b3776f0768bcb43087b54f4a43d,681,0.001632094768612732,stitched_market_reference
1760357459,23568706,0xaae7bf46d25581de295cd619089dfce72ea598083a9cdae938f12436c50ba4fd,536,0.001622545593305471,stitched_market_reference
1760358407,23568784,0xaf332c75db270ccc75be190f5540073088b909cb883746845f22aff9b4f80f6e,223,0.001639724687047395,stitched_market_reference
1760358803,23568816,0x30aa3b338aea0a864fce4239d96b2116f142657bb7d875682e2996f49906559f,107,0.001628797491698234,stitched_market_reference
1760359895,23568906,0xe7f7287ec7e3aee8a7481c813719b5b533cd97b521340421e7ab9e0a76ca14b4,181,0.001637680212255076,stitched_market_reference
1760360327,23568941,0x3ec5f33d90018e3379de7df51333e22f1e3553cc3d2fe391f36bcf378e2ac52a,249,0.001620772775534655,stitched_market_reference
1760361527,23569041,0x83debcf73527f6862aba5ab3c0c8abad1bb06b9ddd88e9a31b8e01f0eb70fa8e,75,0.001637174073027824,stitched_market_reference
1760362283,23569102,0xbd09926094e00aceaad09778d028f5ea19600fef0b032241866974e3cab488d0,729,0.001628790333332736,stitched_market_reference
1760362283,23569102,0x29da5ed6a85f235a3ba0eb4c7272239e66d10747a5cc6c067b39f70470473211,823,0.001647786880344669,stitched_market_reference
1760362343,23569107,0x34536b2396a3e6f768687fc9f095800ee43e379b02e7e345cecb9e6e92ee58f7,143,0.001639294133384752,stitched_market_reference
1760362403,23569112,0x1fc9e338af43e4ad7754581d64e03e85e7337c0a5bf0113a47ed79ddc944a121,137,0.001629241209725715,stitched_market_reference
1760362535,23569123,0x4902eae30c2cacd25bcadbc6d87f0c9418085b0528bf2b1a2fcedeb07ddc327e,362,0.001637913070144798,stitched_market_reference
1760362715,23569138,0xab1ab6870fadc17b6d275df4ad3d69f70e1bffbb22eba5bcebbf215884000935,556,0.001648717961895289,stitched_market_reference
1760363531,23569206,0x975903cc72f17fc5d4a12c4e623d01066792f28eeea0e67589c9810a73f8e7fb,197,0.001638693777979096,stitched_market_reference
1760363975,23569243,0x2cf3f9eb2f3034fa49c96b5c3fda5c1194e633fca470f33c642d5b53435cfb95,157,0.001630435344981918,stitched_market_reference
1760364431,23569280,0x790a2acfa153bfa654a79cb059c707fde9495308efe5d62090bcf2a6f842c4c2,325,0.001641054284645731,stitched_market_reference
1760365295,23569352,0xd8c837b7479bff32c9d31b52433163763d60c140da0ae50ed183685030bd3a1f,223,0.00162195486976559,stitched_market_reference
1760365379,23569359,0xef27bc24b4878175464a77beb269fe6ba0e73cfa49bd326bde76b558f84766ad,337,0.001632241918447526,stitched_market_reference
1760365871,23569398,0xcf08e0356e7bd74b5ac8e56b95c21ce5d8dd275cbeded2d17b7c014fa23d95f0,304,0.001640636913169327,stitched_market_reference
1760366075,23569415,0x0e99014d5fcce491d7daf19cb8a9a8b651165ec79487db45b93848783f6081ae,282,0.001632021193577836,stitched_market_reference
1760366951,23569488,0x73f45c12ef74326d022f85192be063b7ef3a5c7f920fa2244fcd21e7d2b5a858,48,0.001640450192062363,stitched_market_reference
1760367095,23569500,0xbc3d5cabe1570a7753da020cc617c460aae1e3b2ee0e4b4122ad24498a804a41,187,0.001623792227098568,stitched_market_reference
1760368307,23569601,0x776d17c075c4a042acecbd1a62b736914c9e38d0334cf22ea65169b63346f7d5,191,0.001614565844163839,stitched_market_reference
1760368319,23569602,0xa5e12d21408d04e636029ce1b8d3caedd540738d0c06aa6c439551b9cc4341a7,632,0.001633227701975926,stitched_market_reference
1760370635,23569793,0x031503ee4326584ff9333e9a9b2a76d26e18f451769e1c3281d863342b45c30a,703,0.001622032380435063,stitched_market_reference
1760371811,23569890,0xf5ffc40ab5c8a819c3aba2eaa84d084fd56fecde33cbe0ac0edc606ba4a7748a,335,0.001639064394684003,stitched_market_reference
1760374235,23570092,0x0720ea4c6eb726e9e56fcc7de40ad029bcf90e2fb0518d0dc138fe794fa62cfd,463,0.001633752300618818,stitched_market_reference
1760375147,23570168,0x61cd448b34ad900725b8eaad4c053f7037803204093a8d6d1a9e739553bbfd3b,507,0.001650465082158292,stitched_market_reference
1760375267,23570178,0x4dbcef6f6ef7a2a066ee5f999a7c18bf6b6ddaaa81305aa2c23cc004a6c2870a,204,0.001640544057069348,stitched_market_reference
1760375555,23570201,0x19cefcc46490e60759a1b36ac87ec4d9dcd855ce40b27c9651ade565455affff,540,0.001649172351079316,stitched_market_reference
1760377367,23570348,0x7b50cab6b91f17c1c11f6a6e03588dcef11dc02e92417119e61162d00abc7a80,198,0.001640275227109543,stitched_market_reference
1760378291,23570423,0x1924f41b6054ac87fe4c50a8aa1027206b4b9cb1bc1af81f0b9e59cea37ca7a7,352,0.001631402858995457,stitched_market_reference
1760378399,23570432,0x7452b0c6d8dc6a2b71aff081ad2d7e48a66f6ba6140d72208746370161db8fd7,152,0.001649590220693005,stitched_market_reference
1760378411,23570433,0xc49655bca0bac45a438d8a95d1a694293deff8601e0f886c19c325516efbf3b1,546,0.001639685181825126,stitched_market_reference
1760379047,23570486,0x395c49935cae655cdf150269ee34e6333f31f0179675e99c19d4de7d0b607cde,488,0.001649480597580451,stitched_market_reference
1760380031,23570567,0x0ac9ff1ab88975a4676146ccd889b073c9f1518195715190ac805acbdc69660a,585,0.001640723694526836,stitched_market_reference
1760382023,23570733,0xb6c58880b35df2f6d1a5c420623d26ae153ee2aabda2ec8cb17829dc59b19d59,285,0.001638805841567323,stitched_market_reference
1760382911,23570807,0x89f42944e7655dab8677cb7403c08a0bf88693fa979960065897e23d02189e99,568,0.001630529587930788,stitched_market_reference
1760384639,23570950,0x19b067b6aa4a7635153f386b2fd8fa2e02fe09c59765608750e073a8f37cd81b,334,0.001647144426251994,stitched_market_reference
1760386547,23571109,0x452331ab7a3277394351910cb9a993342481f6cbb5a3f502db79898b27d29146,166,0.001643388627892256,stitched_market_reference
1760388227,23571249,0x029c902f25b1904f65164fae422eb92a7816bb718da27ee4cb81bf714975a9aa,308,0.00166037260707504,stitched_market_reference
1760389283,23571337,0x89137f8ca1b32a607c359e3d36dbe88d67f1921edb9523f36ca6bba0ec8c26ac,365,0.001650838838438193,stitched_market_reference
1760391047,23571482,0xcd8980282a21242af100fd3ad15b177526beac9f464cb6aaa2ab5032b7e82855,138,0.001659188903313233,stitched_market_reference
1760391863,23571550,0xfa69d90f2e8e7d9f9e71ec373cc86b5837c5dac00441f29e236696ecab234850,126,0.001664301967914765,stitched_market_reference
1760394683,23571785,0x84e57c9c5f881ab928b12b59f1eaeb359f8b4fbab848e6cec5ef4cd9434554ab,377,0.001668697073399882,stitched_market_reference
1760395487,23571851,0xc1b4590a2ddc9c34e6464e413996e881685209e9ccacf1010d9951d3b265be4a,139,0.001665189491485613,stitched_market_reference
1760396063,23571899,0x11157a445000da400c4c056d152c0c161586a85b3faa4eb98013168c09162577,214,0.001656519402775917,stitched_market_reference
1760397527,23572021,0xb1a56f0a792938b9ac58132a72998cd3310c39aad92ced49a7331936dbf86db4,173,0.001664861016264553,stitched_market_reference
1760399123,23572152,0x72bd565416091c688dc3176525af9789eedf4863f6da56396e7055601950805e,136,0.001662298818318875,stitched_market_reference
1760401151,23572321,0x7979bdf91104c2c05e8525e34298f35702141746dc78901f28b3a583c7acd654,88,0.001662896288535311,stitched_market_reference
1760402759,23572454,0x302f837a4c73de97293238a150244b4aaa4edfe06f7a1bbe0b2e4ae9a109f5be,23,0.001648949910848734,stitched_market_reference
1760402915,23572467,0x4cb95b0b5a34c1c15300ef8649e841c2ee9f32d874b03afd5bb976c8ca8bb350,159,0.001657655707343971,stitched_market_reference
1760404187,23572572,0x9a10a279ec44e51bf72ba61729dc2a9ae0f5cf2eae944468b51e69bf9f40981d,501,0.001666410801217707,stitched_market_reference
1760404907,23572632,0x979545cdae9fe7fa6cfeeb6ee5d6b2677b3d1e6fd5890ce416f64d333594d23a,792,0.001657567152653801,stitched_market_reference
1760406383,23572755,0x10ca3338ab9cb88d7ed9796c89aacac9c3cfbae420eaf3e2f15ca9268d54c540,168,0.001654467666978378,stitched_market_reference
1760406887,23572797,0x9a50ee70a6d880f2b2ea5a69822475563df68f007aafbe1c0ce973895af495ae,13,0.001664117240612153,stitched_market_reference
1760408567,23572936,0x084c268396ca4ea758525c5f386fa9e6622c7731d8a65938e7daf58844bea0db,342,0.00167248660657395,stitched_market_reference
1760409839,23573041,0xd5845580e3e1bd11670d8c0d908056604a3fcf44d8a3f8dc065d26cfe39104d0,401,0.00165383522834192,stitched_market_reference
1760411003,23573138,0x955b51c109e0e2102742f2bbe4294cff1f7de8c1795c565c26684177d5db8c6d,1049,0.001664138785334076,stitched_market_reference
1760413475,23573341,0x4c7c49f7a43fa7c10fa8c94d722b050da1f8a3c9259c9d84ba17007ea72ae369,66,0.001653480798055304,stitched_market_reference
1760414639,23573436,0x337e2c66e3af91a1cb6f027e66efd0e4043d3be5ed9bd2f88790e8beed3a4090,624,0.001654030476644115,stitched_market_reference
1760416571,23573597,0x68de98883fbb28d23a3008820a7044561a815a076552fb2834484bbca6c8ecd3,177,0.001662710320073284,stitched_market_reference
1760416859,23573621,0x3c38b24713735558c7cd79c09e1e386e1af9f58dff3ec7202fd89bcfeaa82012,62,0.001644805116348943,stitched_market_reference
1760417267,23573654,0xe06b7194da81c598e6c9b9b977006476eca36de444ac5af615c26e7439dec26b,272,0.001655160226634679,stitched_market_reference
1760417567,23573679,0x97221b9740d8e43b3f03307fcd3e049a26404266c93b03dacacd9db40061195f,188,0.001663891175172668,stitched_market_reference
1760418227,23573734,0x74b07f5409bb03d10256d6b0543a9c0f1a2ffa72db152e398a599b496f6fce21,189,0.00165545799186555,stitched_market_reference
1760420195,23573897,0xc6f2a3025e96e0cac2882dfccc7ed47d771ec3c43af531d4c5926353acb23a05,450,0.001635558194375901,stitched_market_reference
1760420207,23573898,0x7aec317a449e59a3a09f429d8ba5d85f5e7c5f7490017f83414d2e1f4b8fc9f8,333,0.001644951932575038,stitched_market_reference
1760420483,23573921,0x554c1b61dac25f0d66c44386a6b9655066681c0dca71249e2ccd6e8318a3ea12,152,0.001654398997104378,stitched_market_reference
1760421923,23574041,0xa91ba91e97afc0a80779f7ea8914ab0728e3f51fb2a2f14c8920b7e0983a13a0,853,0.001643682266914873,stitched_market_reference
1760422487,23574088,0x5d96f02942f870772a4cc054d8c7fe9773bd031dab0f0928d5fe78ac96e81ec7,163,0.001652006546555228,stitched_market_reference
1760423027,23574132,0x78adff5934f263b503dd483af34920fd2ce0b9989b863c240a22700fb3a027ca,14,0.001634902196339362,stitched_market_reference
1760423423,23574164,0xf0ef3f843adbe982a20cd87bd515be8ff23554f371ba79575abeca3d379f04ef,362,0.001644403365787333,stitched_market_reference
1760423651,23574182,0x4d3fe7aec25a6bb349697fac477a8baafdd5e0e082f10109204f138387a41602,551,0.001626634009207699,stitched_market_reference
1760423687,23574185,0xcae86239f30de1c20f923a3e8dc73037174aca43ec4c9033960fbfefe3453014,135,0.001634977045588091,stitched_market_reference
1760424347,23574239,0xcc5a9c391787db4ec68880f29d72d4d6281c3cb7e91d13e7e5fe81840357f060,106,0.00164760089659175,stitched_market_reference
1760424443,23574247,0xbee3f8ac7ac36fbc881eb56050b07cb42f34ee60d19fcfb491d83bb6050a89c7,312,0.001626668601276842,stitched_market_reference
1760424503,23574252,0xe7d8df2d77cc567068566d11925cc2cf4379f26186570d2970680e73d5add297,48,0.001636576427830744,stitched_market_reference
1760424587,23574259,0x8f14bd6e2cc4b4c52ffcf38a5667cc39bae48795ed594b83ad859a57e0e1e2e4,201,0.001627303668852294,stitched_market_reference
1760424863,23574282,0x9adf6ba91406e2638186cfe7c5d301447bcb2d84f5c711e56a7edda24afae25f,639,0.001646474017718604,stitched_market_reference
1760425367,23574323,0x8fad2b7a7b76b3f307b85be6599d726a2db3d3d697655603d97d392b163abebf,260,0.001637329836514607,stitched_market_reference
1760425523,23574336,0x704955375773af4cb03d3d9b1f850a45bc4a0793605605530c2d295f8916bdd2,374,0.001645788587012752,stitched_market_reference
1760425775,23574357,0xa4e1bd65d37df16593997d8436609db05874629998018368a1c64f9a760d5ce2,480,0.001628261630592788,stitched_market_reference
1760426195,23574392,0x69ae83811b76aedf322743a1c9dc52bc033a0a9b8bac04ed3c706f32355e6636,367,0.00164743014019468,stitched_market_reference
1760426267,23574398,0xf737c1392404e9cdb9ecc56fb4ca233c56e8c21b15a5139fd40cd42afc8519b0,313,0.001638549370137318,stitched_market_reference
1760427503,23574501,0xf0c8c5e04ec6e5d6106e708517c942bd299954d73f2630590004d80ce9290067,368,0.001653064111510502,stitched_market_reference
1760428691,23574600,0x7b200760e9d630cd0c0e1157cf11c96c36cc40d55afd6d226847e7fa2b179ce9,165,0.001634944342644282,stitched_market_reference
1760428823,23574611,0xd98e3b065de1d698526567eba5b4caacf2224baa6d8b4340f0b9d4fe40b9d543,168,0.001635034895440955,stitched_market_reference
1760428835,23574612,0xc3e9c154d1ae89202a27ba732068a89c59b439f80469b34ed368beb588271416,176,0.001638624189169633,stitched_market_reference
1760429027,23574628,0x16d4221d4a8aa66e45ea29db3db84e729d4f1617068249964c0fc2e4a5cca02e,370,0.001647336954738741,stitched_market_reference
1760429387,23574657,0xbe87baec9308a4d42b6a2ce6390019d6b7c786635dff83ca93a69e6f46571fe1,391,0.001638479970983717,stitched_market_reference
1760430695,23574765,0xddf196d006f4bf79d0f4af22947c00972d60b38a78c38e2192c827a61bcd98b3,254,0.001655564271317304,stitched_market_reference
1760430707,23574766,0xdff086936c71b662066edb0c778e57b8d1c3f68a691a007eb8e5c50e033ba1c8,265,0.001646977928654544,stitched_market_reference
1760432915,23574949,0x381468d7c26fcb0460f37f49902ad3b83835bc3c28de6ef5febdfe6724b3aed9,37,0.001663715105100455,stitched_market_reference
1760434319,23575066,0x605163245fb5d8613ca17812d6c7d0c4c2d3a33bdf10ab1658502a2d61d00ffd,224,0.001658920451600081,stitched_market_reference
1760435243,23575143,0x119c8de5da77b4ab7326639fe5bb7d0679bfaeb19ff75312b44063acb0003dcb,332,0.001667656777216603,stitched_market_reference
1760436455,23575244,0xd900d9eceee2a9f29ceeda104a3ed581eef19dd95ca26518109540d0da692666,353,0.001650473536936536,stitched_market_reference
1760436479,23575246,0x735549055a36df2a31ff7474f314753791da3615367d41aa4191acdf13f87e52,278,0.001660537657451662,stitched_market_reference
1760437151,23575301,0xb6e52883f7901340000e8c99cf1bedac0ef00e6acb619e79f039aba0f2a8ab94,5,0.001641091751320806,stitched_market_reference
1760437223,23575307,0x2d1f771676a58b3a41f89b609293dac616fe51144cabec558ad234bff68cc918,533,0.001654950052781956,stitched_market_reference
1760437943,23575367,0x5cb5cf5c9aec2a56b97f32346101c4f4d17fe6d86f7fec5a1fa4b19764538f47,25,0.001664831817463028,stitched_market_reference
1760438423,23575406,0x9e0040d08102f6b15c92d589abca236978d1072b2880738972b3d6bb8048a9f7,706,0.001655587560613367,stitched_market_reference
1760439695,23575512,0xca5faf6e201d0ba6cc846fa139a52195168ffe07cfa737d593184b5934f3fdb8,254,0.001643148241719174,stitched_market_reference
1760440067,23575541,0x5c4124c608326c630d0138bb8ff329e6cdb3c3660cb4c3e2851762254b9060d4,789,0.001660018605225801,stitched_market_reference
1760441843,23575689,0xfc8772798f2011e79a1ebbfbed18b487855eb446a275c7fa0c7786f96f3425a7,202,0.001651009993698744,stitched_market_reference
1760443499,23575827,0x15b83d65e04d45253c5dcce6588b68e1ea349cc8ddf8fc7af0630f6576d33c86,105,0.001660454166968236,stitched_market_reference
1760443691,23575843,0x76647584e8cdc91b5b94a6b3aa85e00526d36ac329aa696adb53b5899b57c72f,148,0.001652475659028671,stitched_market_reference
1760444639,23575922,0xa0cb263da8a5bf45b4da732d527ab5fce1ed7ddd5682bf87aa168d854fe96fdf,444,0.001661063031988608,stitched_market_reference
1760445191,23575968,0xc7d6137244fce167af4f94ecfda8ea489b3dfe67af72f17afc312aa17c2565a1,490,0.001643540756766974,stitched_market_reference
1760448275,23576224,0x614046d8035bc752fb8be66aea5efaf90add0ba44dc947caa26bf3ccc12a8e64,715,0.001645739957555695,stitched_market_reference
1760448779,23576265,0x6277a2f18188a74b11a67f6b51283be5bb1d1b84706108183c65c9d18e3df58d,521,0.001634510931191094,stitched_market_reference
1760448803,23576267,0x8261a3500a0bd18395a68e43da3d92a19bc2bcf50fc2520578c49c02314e3fcc,151,0.001649408874830709,stitched_market_reference
1760448935,23576278,0x22b6c31d88b4c99f3594147bd1686cdf6f17b9bf42ec12f1e0738ee94602f453,575,0.001658942031925549,stitched_market_reference
1760449007,23576284,0x56040002343326b69452b5dc128586ef630d4eabd38270f8d7b8705c37c1ff18,327,0.001639577122136146,stitched_market_reference
1760449091,23576291,0x625c04731c80a5e3d8e2340a20a7357ec96b30753deb9c3fb099f66e885682fc,529,0.001653407035230363,stitched_market_reference
1760449199,23576300,0x19f7acb5b44a27f926dbe3ce41ed818d558cfe0b57266b281a86f9cad3cd74b8,544,0.001640496470743452,stitched_market_reference
1760449607,23576333,0x03696d7ee825fe9d40cba0a9d9945675250be8b7b0902871d91e07e5c37b8779,67,0.001661682473473488,stitched_market_reference
1760449631,23576335,0xea2e4772542cbe39b9620563003464837d5c62968f1e0966e0179813803b45ae,333,0.001652233569129237,stitched_market_reference
1760451371,23576479,0xcb41342a578df1ff514e41c9ed06f220dcb70d758bb10a7e0177c46ab4b513ed,70,0.00164120575284541,stitched_market_reference
1760451407,23576482,0x575d647c886d66446310c55ab705912601b61008ad66490d750d092804cf7477,197,0.001657754520559863,stitched_market_reference
1760451419,23576483,0xf92eca891186a402d2213dedc3bc6ae2ab18c2b04404464de43622247750857e,706,0.001646981161992128,stitched_market_reference
1760451779,23576512,0x5a046241b44233b5008587c21649a1a594c471194e25c58d9c3b873261780c96,169,0.001655760664978024,stitched_market_reference
1760452259,23576550,0xe648526076e0a813d4b00d44353538ee7d719e26c7632d4cff123a9baeab10a3,202,0.001665674700494014,stitched_market_reference
1760452307,23576554,0x42e0a5668395dc135cde9815102d90bd8b971ab815b78ef496d6f4f3e8e329d4,411,0.001647524831677384,stitched_market_reference
1760453003,23576612,0xc3c2cd6165f0866ef37b378fa2ef0ebd0af6a1fae126dce6dd87e02a14392de8,214,0.001665804657639102,stitched_market_reference
1760453015,23576613,0xd944d7230e44e07d800397d32d65f4d0d9b693915f973f5015322cc226366959,151,0.001654839288940533,stitched_market_reference
1760453579,23576660,0xf3c30fac74f30fe98bf38000790e16fc2ce0d7c5dcc3268c29bf8ea55558967a,132,0.001663647362504997,stitched_market_reference
1760454767,23576756,0xe3e93e02cdb4e077cb3bdbac65f56f8781355e09abe260c39d5b3d341ecd5ffc,211,0.00164584113672426,stitched_market_reference
1760454995,23576774,0xdbdf469b90d898da54292aebe8e8c9ad733bb62f8ea43570d29257480729d82f,563,0.001655221536186198,stitched_market_reference
1760455475,23576814,0x368e551f05180c45785e3f37e1d0755a3b8dcbaad1eb047fbf8f95ba74ac2db9,182,0.001646643206005185,stitched_market_reference
1760455847,23576844,0x520a1c6e4726464b1c3e2dfe92daaf10125d002d94a6e83845672267aa983da9,412,0.001664141724869293,stitched_market_reference
1760456195,23576872,0xffb4e783e380853ec0328b38a2739bb200c596b7577f9286a2005fb722d3f4a6,531,0.001654468300768868,stitched_market_reference
1760456639,23576909,0xf4568fc53c32fb7745fb0735b177da5df74b85825d185a9a670fbb775d8e4316,783,0.001641413641901935,stitched_market_reference
1760456687,23576913,0x1a61e376a6daba39cb1508d21a445acdb27d21216e2027dc93a79ad6373104fa,149,0.001659545641336149,stitched_market_reference
1760457095,23576947,0x95343db292ca5ed7f8d37c1992f260f99d4031c5422871b2828a1430b4a0e92d,268,0.001647475185986228,stitched_market_reference
1760457203,23576956,0xd677c1aa3713a50a25ec64a7c1faad86ac7ae983d43a7e38744f44ed755a44e4,803,0.001669146695589904,stitched_market_reference
1760457515,23576982,0x8c29618f33b59865c0182117ee528bb2298316e9cca40c75a16661fe6b6b24e8,304,0.00165860696774383,stitched_market_reference
1760457875,23577012,0x046bf2f5e752cd56947271b6b25a0303b4bd02203825065a590b57f071a94348,64,0.001668258005181246,stitched_market_reference
1760458127,23577033,0xc9f1029c3bedd105c96a0915adae1bca56188609c7442efc5ac12c9d6a5a6934,17,0.001651023384389003,stitched_market_reference
1760458319,23577048,0x8c5a99cdfda4420c200a5f247cf8677bcd3ea3213468a7e63ef8d2a62d73f345,399,0.001641172362146731,stitched_market_reference
1760458379,23577053,0x484b61e213b7cbaeeaf7ca5d629309da063ccedd797ee8ff98fa7d7a24cb4b52,454,0.001658623777605973,stitched_market_reference
1760458631,23577074,0x6fb11121d1a7b0ee05f3fec1579e58398de9af25f234a179e777f7596f94a1f8,315,0.001649381479283389,stitched_market_reference
1760458931,23577099,0x0cd5efde476bae9d532eb5d6c62aa0c99c964abbf18e8b7d7751e6f067a6664a,624,0.001637671571458605,stitched_market_reference
1760458943,23577100,0xe5d1e1933d4e277c716ae21225c0e3f74a71b04501c4de64d1e3fddce6aba93d,785,0.001656026014165818,stitched_market_reference
1760459219,23577123,0x2567aca27f77de879c82bef11aaf5657c9b7099582572c03d8ac433045dc3357,329,0.001639111434391862,stitched_market_reference
1760459639,23577158,0xa878223c068d38b94ce828d235ffe5a9ce95a69924cc59360a00b1c0c976411c,290,0.001648380795458411,stitched_market_reference
1760460575,23577235,0x148098d959254a9b7e22af273471be752b09a085a572f0c1a78f2858c8ab21bb,242,0.001639972754520159,stitched_market_reference
1760461151,23577283,0xab4e00a3029ace782eec739c3ef629fb4ab35f8cbfd071d4ece88bee6ec69039,216,0.001653270464012635,stitched_market_reference
1760461271,23577293,0xed2c6721efbeaaa440404982b1403d5110cd567f888ecf157572f61eb4587b74,451,0.001635929290294904,stitched_market_reference
1760461331,23577298,0xc142ac40a24de6d722dc673b46c81223f5fdc6f55e1703fedb66cc4aa8af2855,654,0.001650975509802474,stitched_market_reference
1760461475,23577310,0xb0e85c29a75c1512c7c720e1150da45fd99e4c367dbeed8c4844fa61f5c095a5,45,0.001641241268408252,stitched_market_reference
1760461583,23577319,0xfd4aadaf84083b0f6741ba1d48ebef75b3803f35de055e34d10f7f07ce4828cf,656,0.001629599202522538,stitched_market_reference
1760461859,23577342,0xb43a2538a92104cf6275cedbf77802f5a2dcfc10ed6633d72d5a45b46d055cef,177,0.001647633114289033,stitched_market_reference
1760462315,23577380,0x0041ae23201603a47c6ca96236b0f92939e03ed478a1edd1fb3db40572f93b37,473,0.001638889458049558,stitched_market_reference
1760463191,23577452,0x8dc3409b790cd32ea11c7836c5abc6df9efad8ad61139427225e1a38465c3f79,316,0.001647567778400938,stitched_market_reference
1760465483,23577642,0x6333772ad5ff077b55ab3bd050dfc41bf4ca8f2d00f7a86cd535a15be0db115f,208,0.001651932468030659,stitched_market_reference
1760466815,23577753,0x85b6415973fb65529c48214a8a267714c36d23777886d45b05f7d12b4b6b43e0,146,0.001648259552699712,stitched_market_reference
1760467235,23577788,0xe7e63a74893e45aaffd7ff9a192bc6cd5ecc3d51fe0cb9a128fdda01bb9204ff,40,0.001658411029322153,stitched_market_reference
1760467751,23577831,0x2a2143cff2fddaf62a800424f2fc6705dd804be25ab3ae7573bf091f6667030b,203,0.001648825425752229,stitched_market_reference
1760469119,23577943,0xbd981eb7a6282462e328b87a968d2d9b477bf9a957a36a7c6b4c41de690625e3,236,0.001648107409741709,stitched_market_reference
1760469875,23578005,0x5e8ce219b4e644eff2e85014dd9c6b987eeb6825e3c2b0a1be87f47596ea10e0,96,0.001639525066617504,stitched_market_reference
1760470643,23578069,0x3a8e368f2995d9779282112b98210779cb71c05b0d42f3be561da135a32dd7fa,150,0.001647774639282482,stitched_market_reference
1760470727,23578076,0x45d48591b87b059c5fca1c832792272a7b39b062cabe131d58d2dd7737e2e938,1258,0.001629383359167286,stitched_market_reference
1760470739,23578077,0xcef3945b9ae1a82587527a7a5741332c66340f59d958059d9bcf380283930bf7,139,0.001644581836525915,stitched_market_reference
1760471087,23578106,0x99dbf602251e244419d9ecedcb82155c62f129bbd79f0211dae37d7b9d4bd70a,135,0.001653335786055133,stitched_market_reference
1760471411,23578133,0x7920cc3bb59af1ab8ec80b2dff8674744ed432c11420e3c1a67c4653ef8c1658,320,0.00164451028780541,stitched_market_reference
1760471711,23578158,0x5787d3159871264f93966e6a8bf0d10b2a68e5b826235fcbb82c9c8dbb467732,201,0.001635248590511492,stitched_market_reference
1760472635,23578235,0xbe2a607c102a947046897933298c228988481415b6ea014f21c64205effa9059,167,0.001643758352504084,stitched_market_reference
1760473451,23578303,0xabdb030f8aa44e1f60f62361cb01c82bc71d64c10f9a76921155eb8cff2e9fa9,98,0.001635551193875218,stitched_market_reference
1760474339,23578374,0x722ec10cb7fc76af2b9db75cb16173b1facf91ef0579daca43ab071caa58aa8a,197,0.001638476659970524,stitched_market_reference
1760477087,23578602,0x1c1cfff2746153250d6f190a8bbef7240cdb3ef3434c683580a0168f1411bcba,258,0.001639170149419238,stitched_market_reference
1760477975,23578676,0x2ea0d4978bc83ea788df6e2437cd5d33f4adebe7294eb3c230784d2ae04472f8,153,0.001640921399833615,stitched_market_reference
1760479415,23578796,0xdb9e00b5fe1d9aae34f9f9764fbeb0b6923f4da80bb60f5c939a5de7dc744a1a,477,0.001657575217611602,stitched_market_reference
1760479451,23578799,0xb4fd85908a3e12c6197136387d83a7753ad52bfaa7164755d33212b16fa5b1e7,339,0.001647036154802024,stitched_market_reference
1760481167,23578941,0xc71238ca7013867fee6ce4b2812506f48fb5e5bf55c5e46d46c7955988d47141,43,0.001655421613744822,stitched_market_reference
1760483039,23579095,0x3d9b40a0323d12ab0f38b511a3d7f99ea13deec773afeb2ad3f407bb0364366a,473,0.001653952553677998,stitched_market_reference
1760483231,23579111,0xabb4640b984f95e807c9c200a19132adbc0b702f597cc2a976499f1bdfac7487,356,0.001645505224288544,stitched_market_reference
1760486651,23579396,0xa8ec0325ccb2ed10577d36857c93646cb19e55809cb6afbe1496910fb7010d86,99,0.001650737190022337,stitched_market_reference
1760486831,23579411,0x4e37218ca56e076dd3c37badf93b624f65920cfd7fb6bcead6a89b09c5d682e5,202,0.001653809373993368,stitched_market_reference
1760487611,23579476,0x8fa4c1edb890d79972a4a47a54877cf7a5cf97cf20775aa9b698a3a3bbc96f9c,630,0.001662276751752599,stitched_market_reference
1760488451,23579546,0x1b4274a2f5c768553bc0209144392f59e212385555db92927e0e2d6583414374,16,0.001644996638258838,stitched_market_reference
1760491223,23579777,0xa7ae854abe644871e181123c615a2384468ab97481671bdc71caa57494bd3043,134,0.001647928575480257,stitched_market_reference
1760492075,23579848,0x70d5226d178961f1cf8d6edfb66d0124cd6d6719b3f72c643c88899bcb954789,217,0.001645194589646293,stitched_market_reference
1760494475,23580048,0x55a7683a6fe861c625df4c46853e06c72ddd033cc255e2317166d97f5dfb6111,113,0.001662046485801943,stitched_market_reference
1760494487,23580049,0xa334532ace7a27761fd2b04c0a4e6a05055043315a92896085f6108c610a7de1,64,0.001653571574993296,stitched_market_reference
1760495147,23580104,0x75df9c7695debb9c9543df44c2a8a7f24cbee5a80a4de33c5244c70acb0fac9a,201,0.001645135735803875,stitched_market_reference
1760496947,23580253,0xf59baafc6b34a307fe0da385f86bb763a28b751208e8f639b2687f910ddae88f,401,0.001654212043835483,stitched_market_reference
1760498087,23580348,0x93a62340eccad0cd49437f89e22dbff59b3bd29a31b841c8550742ac304bacbe,215,0.001652293052100146,stitched_market_reference
1760498327,23580368,0x9e57a30f858bd9e01ce150e71c1e257ffb7255296624b9a5ec46b622c6e01520,135,0.001661172610337068,stitched_market_reference
1760499863,23580494,0xa33223f0b5e639528d8b45a2929808382cde802b6de0dc76ced3ffa9bf1615c8,149,0.001670365570072548,stitched_market_reference
1760500007,23580506,0xef517526b8b63f066d5f3a05376352554d6c70e888e46d8f006ba06301175c25,708,0.001652637907203804,stitched_market_reference
1760501927,23580664,0x2877eb88453e9ccb0371cd4ca24e63ec63805b36953f49ad27ebffc52854de97,140,0.00166949456539421,stitched_market_reference
1760501939,23580665,0x5270eb9e0bb4402f6fe947acdb79a404177cf9d55951867be1e70cfefa192550,101,0.001660440267495099,stitched_market_reference
1760503883,23580826,0xa9b44e4e7ecff7ece329e70ed469076782cf8973d05302f73e57670fd089b3d7,301,0.001651375277756176,stitched_market_reference
1760505551,23580962,0xae0726b2b73da5eec5e8c700a8a01782228584047403eef011abeb8c4de2e6cf,326,0.001663151668006065,stitched_market_reference
1760506319,23581024,0xbaf2048b95dbb49f17985d5abf47db891abab2acbd043ec29bb6a345e998f977,224,0.001673012853775118,stitched_market_reference
1760506979,23581079,0xfd872a1fd6ed0a3ec6d75e33e573f53c8153d61993e860a0f1ce8c3ed64715e1,392,0.001664294914579113,stitched_market_reference
1760508647,23581216,0xa8de75defbf2a0546233ff6c3a0d4bc2c3d768f68bf6ebdfcbb0ac34ec1b483c,63,0.001645664570612494,stitched_market_reference
1760509043,23581248,0x16c623a439c5ceb4330334932ff1697bd83522a8233977fc7ed0ee25f6a8431c,86,0.001654653227131469,stitched_market_reference
1760510459,23581365,0x23c6eda5b2911e7ba54f1572a88b111f8db137a8a8e1f50d2c5339946f4228f4,179,0.001644765739129168,stitched_market_reference
1760511623,23581460,0xe73077dd283bdd703372643126a260bd7dbf6af497e87967202476511b39217d,280,0.001661522851018689,stitched_market_reference
1760514083,23581664,0x691cff42430fddd03644427a3191ad91bb725ea69d3c48cb2920b6874d9a68f3,60,0.001663659211223512,stitched_market_reference
1760515247,23581761,0xf24c11cf3a5eb8b8d42d439856d050479f2c0cd3fd97988f98c8f5c4cbb9e384,342,0.001664850513584591,stitched_market_reference
1760515739,23581801,0xa541e8f4c4eaa0901c936a27e9066f2ec3b67e4ed257947c2f5e0d19f9b054b7,90,0.001656463955695819,stitched_market_reference
1760516855,23581894,0x163644e3577601ff7dc8af42c1dbf81f772f1a85331118350244a1ef12f9b9ed,353,0.00164424885281049,stitched_market_reference
1760517047,23581910,0xce63f686711df3061b6796d6629cc41f6582f7a3353b0b760a1367fa450d10f9,530,0.001662849743952923,stitched_market_reference
1760517059,23581911,0x6cee38cd4d2bf04ed4519b6411369065c890ca9e833bb345d90fc1d35842c54d,343,0.001654396612566044,stitched_market_reference
1760517215,23581924,0x509ae3214080c80b85168d52f5dbadc4ce5dd5597697aaaab3b2110fb200008a,843,0.001646021680236599,stitched_market_reference
1760518175,23582004,0xe0f47ab5e4a85fd70605a0ee81fe60acd922796378ee069da211ec07b3694469,195,0.001654398414323651,stitched_market_reference
1760519207,23582090,0xc724c48988715f0b498c07d39b38a4dd7667c9f016dc3b057494ff3e69cfa65e,340,0.001635934448887161,stitched_market_reference
1760519891,23582146,0xf5d8f7772704b16a60b30c2960e566bacb64d03ce271515c3344cdde945c77e2,602,0.001644488534956917,stitched_market_reference
1760520755,23582218,0x011fe38a4e80106b7b7be83fe9ff81ae8050dfdfa694a80c352d7967ee5abdc6,408,0.00165298508154233,stitched_market_reference
1760521055,23582243,0x20d3ce82f65e1cc08c0029cc7721ea0c3f40afb69066d603b1303230918b7d55,296,0.001644398842655974,stitched_market_reference
1760522819,23582390,0x75066ed09ee744065358e297b6d39a442ae3dcff996839b77a8edba3299d8f89,483,0.00163078368763384,stitched_market_reference
1760523899,23582480,0x27257f52676049b013e8e38c383667996b4354b0e924063a5d56d538d65cfdc5,447,0.001639504454900161,stitched_market_reference
1760524355,23582518,0xf0521fe8f619ebf09c0f2081ba5f3567aeef9638682e3218cbf86e74deb9a5b0,338,0.001648495865248231,stitched_market_reference
1760526443,23582692,0xf6d1ffa520fe96c194b9a9e9321f75038dfe676b22b2283fdf44f6a74ed63d70,70,0.001644512941034681,stitched_market_reference
1760527115,23582748,0xc4c94ab9459bcc9ea1f497afb99741698d200cecb955623d45c14ff17591efe8,545,0.001652924220003556,stitched_market_reference
1760527139,23582750,0xd132b5b0cb75d91d0c2a63647781adc2fce3f18b040ff3db9da022a1c5c5b9d8,449,0.001633196476125903,stitched_market_reference
1760528579,23582869,0x7a3075d6ef9227698a0dd2347565cf47d64d5588bdad37046178063b15eb0459,232,0.001650113112390472,stitched_market_reference
1760530751,23583049,0xe5f6227dc9bd177631f353d9c7b0a96e8a2d02bf124803b7da1a8074bfc72a58,228,0.001649297209859643,stitched_market_reference
1760530919,23583062,0xd091d95a234e23bc349c7086fce5708d22ac24d029f07c09f3d964a58c3c0750,81,0.001632131436486102,stitched_market_reference
1760531411,23583102,0xfd3f5ede9e506d5929c114f4b49e89fcdda54a745a6505098514c5c11711663b,102,0.001641135686052544,stitched_market_reference
1760534555,23583359,0x85c08a9a0c6758aafc5fca91d994fbf5a8cadaa44a4a3d9355291a573664a853,288,0.001637560695873869,stitched_market_reference
1760535059,23583400,0xf142bbe309d6b3786e4306b3103ccef5e455a43892fa5e8093bb903fbd9afb62,297,0.001639906792849924,stitched_market_reference
1760535251,23583416,0x8ecac916d05a7bb751a35dee8c29fbfd124840821c2c751956dafc92ba1c84c8,211,0.001630154532704934,stitched_market_reference
1760535671,23583451,0x8110bb2ce325ea3b7f94949cb9f5eb2c315ee8b2d61a76b138ce4526f4cfadff,268,0.001640502497556471,stitched_market_reference
1760535815,23583463,0xad262fbc99dd57b07a1372411e7ff899270c67e28a33d922303dde32fe5c5878,181,0.001632033676104478,stitched_market_reference
1760536031,23583481,0x248356f76d8695b3f7501604e2a37134b80a56a6fa5138cda96f18239e95f22c,302,0.001640555356574143,stitched_market_reference
1760536163,23583492,0x040ccead92e894d5cdc57e18c30bf195aa955ed31fd483bff923a8c55d3b7066,816,0.001622235995108659,stitched_market_reference
1760536175,23583493,0x57c399cfdf5d73576d7de67bf492e94c23cc35148decd00cdc3d57854e1ffc8c,944,0.001636784768745249,stitched_market_reference
1760536355,23583508,0x861c007572d5903df1d07780b234321fb6be9dfd41d9ae07348204a18dc27050,358,0.00163214619408692,stitched_market_reference
1760536415,23583513,0x42a08f733f577148d182a1adb487a763a83cfbccc1f1a2eb5b7e530ffcd12578,273,0.001649647439542539,stitched_market_reference
1760536667,23583534,0x50f04d02568b31112d70a4b33f9fa702245575f762bab6134e14f1c74c5cf99e,133,0.001639025212897698,stitched_market_reference
1760537291,23583586,0x31d17bb680bd516e0034c463510f78c46f05c0f42fa16dc5e20a67cea57fac76,110,0.001630092902911022,stitched_market_reference
1760537339,23583590,0x7b33286e9de8a11bf749e9bbab33f3a46acbf9aa4a77c9e0ee169527c1b231c2,247,0.001646774288459098,stitched_market_reference
1760537495,23583603,0x0aad8a5b53c57766ca0d66e2b3b62d34c04cd36d64eec4c707d0a3f7022fabbf,234,0.001638407010551927,stitched_market_reference
1760538035,23583648,0xd673d095ae1cf1b0d12502ce734fae32b7102b0c8a73c805203993b7e56d6fc7,453,0.001646937689797421,stitched_market_reference
1760538875,23583717,0xd585b839850c1b3ea750ab40beb7e2335000c37d8a07ca464361f7ed97648596,365,0.001655543618138591,stitched_market_reference
1760539319,23583754,0x2fde7d59af2a751113e6ec1d45af0b737bec4b9419d40e372e34614d72fa2852,300,0.001637755061409714,stitched_market_reference
1760539343,23583756,0x0b1644286e0aa2b7984e930ce9b7edd0e2c46399db00c1fb84fc6b138cdfcc44,289,0.001646415920858369,stitched_market_reference
1760539931,23583804,0xd90d6160cf4616402637385b72e29619fd14f874430a047d7af79db44d21fb12,368,0.001654937073660436,stitched_market_reference
1760540219,23583828,0x84757d6cb18508a054744c566ab6e086646573deb226917dfa9ebaa5fa174702,980,0.001636819283372663,stitched_market_reference
1760540627,23583862,0xf01bbb8a1173e72d0e53344caf13d1669392b6221407e4082ce8ee45518431d8,134,0.001647357114961923,stitched_market_reference
1760540831,23583878,0x6bbfcd4e5bb0e349a11e1a60fa19e613b38b365e02ffa02609fce697ab181fab,648,0.001637188509733156,stitched_market_reference
1760541431,23583928,0x7ac999bf62d9070c9a0cae4542eef2c6f5be0202efb93f184e3eae91a7ab4eec,230,0.001645946740418808,stitched_market_reference
1760542055,23583980,0x92436a859033462add870e5ea2a62606026493a8f222282236ff9cdcd1a3129f,408,0.001636651446442896,stitched_market_reference
1760542055,23583980,0x6ca18befb871c2f822aa8f48db2bbcce8d754c188f3a0b40a5f689544f6a75bf,415,0.001653540070797594,stitched_market_reference
1760542487,23584016,0x02b70ccb170dc57e6ba705c30274f8b59fc39674dd19f030ca2d025f2c7f161f,2,0.001648772406441629,stitched_market_reference
1760542499,23584017,0xa2615d9bb74770274d990e8221fc7b7b9664f154f3639823a0b0cec5827d8893,705,0.001661889093031568,stitched_market_reference
1760542511,23584018,0x97c5cf384c652b3bab0d0ffd6ca6e5a9e724ad48866626508ad9799b4c60fd8d,263,0.001643119310980959,stitched_market_reference
1760543207,23584074,0x5844da13eedf3072d6145c36db88321d3cca549c801236b3c7363d1e389ed341,200,0.001652085073144779,stitched_market_reference
1760545571,23584270,0x396de4edb547cf7e8c58d1d0e32aada352f40449158267b53a155783de48a1a9,258,0.001643718344511418,stitched_market_reference
1760546135,23584316,0x0c8bbfeef185d36555b93383f3c6a969e98b2e2d470a70c5eb0d971ab4f29cb4,182,0.001639167525546122,stitched_market_reference
1760547527,23584431,0xd288cb0a9f0375c5305d45ce0f422596724d112ef3c21fccf16b304311f2d047,350,0.001648024357221541,stitched_market_reference
1760548127,23584480,0x21dfff55fcab17acee5c1bfd04f8f620fb08d30f321c4764ca1556be5c96cc5f,313,0.00165672573124098,stitched_market_reference
1760548547,23584514,0x05655e5b2efa45af06c9992008aeccccb7bc55d39d1b32328ccb560f4e7e01dd,164,0.001665508746399715,stitched_market_reference
1760549207,23584568,0x4b1976a7cab5df36b7660011b8a2a311271e13a7789894140070bf4e90b839a9,540,0.001656365960217813,stitched_market_reference
1760549771,23584615,0x7f4c76e163554bb363fc584f923955401aa2da18c4dbdd81d2e3a5c978a13f69,98,0.001653068844627266,stitched_market_reference
1760550491,23584674,0x9e0a78e8444295b45a6f2c5593da9c93b93c297c312877a77aefcbfff7bb9d08,196,0.001644295161277471,stitched_market_reference
1760552567,23584847,0x536f2deedf69694f5bacc1ef1b24420bbe987ca79074311542a546e173551692,207,0.001635927990092459,stitched_market_reference
1760553395,23584916,0x293508c443c2845f786b3ef600df0833001ec16d7d7a7ece43584e0663597efd,66,0.001641580784372543,stitched_market_reference
1760556203,23585150,0xf8a8e350ae50fe132401048f49502d6b34df7ca3a9d0df35bc6a36e043b93e4b,172,0.001638252218573125,stitched_market_reference
1760557007,23585217,0xc0daf979b36b4e56afe78cb22a699c27698199503a1b0011b070e04f44e3b1ab,301,0.001642274449224871,stitched_market_reference
1760557187,23585232,0xee79e8508ebb64f6fb1db9f8e32362fb9673c1070c1bb0a29898fe9118461693,498,0.001651315687788371,stitched_market_reference
1760560247,23585485,0x9961a43ab8b3ec3a06aea34451ddbf9e9e83c258156fc02223d01fca9e9a6545,837,0.001661086876114977,stitched_market_reference
1760560283,23585488,0x2c2cc0997c9afe767d8f76f4311655acd3fcfb7db90400ae667e451e37d9d33c,615,0.001642925258535735,stitched_market_reference
1760560907,23585540,0x697ff63c3fedc758e1eda1ce53efaac4fd982bb0d144e6dec4050be0bda3b5e3,26,0.001634194424450136,stitched_market_reference
1760562263,23585653,0x0969edc431ec519473c24b076e8a6d14f256c8396b78f98c5d86b8cde9296fca,421,0.001643692122176345,stitched_market_reference
1760563907,23585789,0xa9468036ea3b40e6e401b4ea166a2c54c54ca506a24b6387cf2011e58b55fc03,1094,0.001651422470548126,stitched_market_reference
1760564027,23585799,0x6a45c5380d3f58ce129c658a6c09603ececc159b2478c043fbd7969015d39129,262,0.001642568917382925,stitched_market_reference
1760564903,23585872,0x5ebc1976d766ad5f4cf080d0bcdcc5549851bd416eefa59828d6555e7555aeb8,749,0.001651839617565707,stitched_market_reference
1760566847,23586033,0x4a7c45f6992fda4bb1c45d567f4ff3c85ed1c974135490632040458aab129d5b,354,0.001642408164900758,stitched_market_reference
1760567531,23586088,0xecde9cb045f7ce484b657d2acf268c9dcca5e33bb30c4dc6df7038d33ee37587,262,0.001641695018990053,stitched_market_reference
1760568647,23586180,0xf7053fbd2785ec25a0ed98d1ad676d2d95bf5d1fe6538d32f6a27be007873904,296,0.00165105762034007,stitched_market_reference
1760569967,23586290,0xedcf03609b680d55b294a5b73392bdab8cc16bbac0a5221d95d922e6c328f248,348,0.001641582970123325,stitched_market_reference
1760571155,23586389,0xaea3b71770c3cd46a28d62d19757b7b1539a8855593653d96fbeaa212b89476e,56,0.001649143048998629,stitched_market_reference
1760573579,23586587,0xe30a046d8e9bc1fb708a7a64c29780531c79e32999cc91d8b491f526026624b5,266,0.001648607952477404,stitched_market_reference
1760574791,23586685,0xf903037c6e49dab0da267f4f6fdfaf36ad21ce4c9d07c36931e4cbb69c371119,315,0.001646355291844387,stitched_market_reference
1760577023,23586870,0x430cf9f4436eaa46d1aa2f4603959fabe0ce835420b815427efa2e7b524c93b6,343,0.001638149013070166,stitched_market_reference
1760578415,23586985,0x2961483e0f512cd3489f034fe62481dbf4834935e383e19b308d0cc6c47a37b2,175,0.001650985968078948,stitched_market_reference
1760580551,23587161,0x920e0704b8e85d4e850970fc606adc0391ee35911aeb3848f9f663b14c7a929b,891,0.001639458448585912,stitched_market_reference
1760582027,23587283,0x3ba44e6dbd89e2d74736d1266ef254f755af9cc2716810a22632168b5f8f20d9,279,0.00164547640849126,stitched_market_reference
1760584163,23587459,0x04636e61acae3dbb7c5f9fa5b8c111faa78fef264e646c4a447d692908912303,432,0.001644392746137366,stitched_market_reference
1760585651,23587583,0x01f44601c43ec6c48c41f7fcf11f0108d135f8436f9841f5c11cd704f7d0af91,246,0.001644923913852908,stitched_market_reference
1760587775,23587756,0x23833ba06f8f3fe35cfa5abdc92b013d057a8584822eccf30762377194865856,86,0.001649335682396391,stitched_market_reference
1760589287,23587882,0x1eb917730819c8c71335bce37eb9c3f4b470f3db5e35c6d0dee0a07239df05c8,166,0.001650404237587369,stitched_market_reference
1760590055,23587946,0x66a8fc54e8fc7c6ae647b7ec0dafb47a74911f0036258ef6a09a3cdd8985cba7,298,0.001659488699564863,stitched_market_reference
1760592923,23588184,0xa47b956e07027eaa4205212ca54d329b9a7f4d26af487787ed9ac64e541af714,533,0.001650645804097245,stitched_market_reference
1760593355,23588220,0x7046751dd1f88622adbc46ab7314b328591fa50c9337fb45bad89642266d97e1,134,0.001642422573133539,stitched_market_reference
1760593967,23588270,0xcff3edb5ffc85d99d2e44c886c09046db1b876fb12255d221f647a0823ba9ce9,382,0.001655012671362095,stitched_market_reference
1760594855,23588343,0x6640b41c560fa442d27a84e96fd67ba3aa77d6f075d1f0bd34accb3e017e74a6,268,0.001645911831708077,stitched_market_reference
1760596547,23588483,0xcba42728ce6865bdb168e391d140e3e4e17bb7a3351988d4f0a03a49374aa606,139,0.001647874606956738,stitched_market_reference
1760597447,23588556,0x1e2a26ff38d8b16727abc35929f1d739c58376793b44c86a26c1c653520945b1,624,0.001639221159729512,stitched_market_reference
1760599499,23588726,0xc83aaf1c82edd31305181696e43d1ae2533dde4bd11d4dbb77e59d567068c1cd,402,0.001648860405964789,stitched_market_reference
1760600183,23588782,0xaf80a7a94d7c4edb3fce508616261068d1cb8f84aedab9e8e788ce0c56110727,89,0.001642812458231509,stitched_market_reference
1760603195,23589028,0x9f237ac1d432e0714432034a91d3fe3f2e7a202b98062b5e386f0b2676572209,179,0.001647088430885001,stitched_market_reference
1760603819,23589080,0xd42faa496eb548dbd60533ee5fc281a1815c5f3a82a74d42a7dc8b216195fe34,246,0.001636522586569337,stitched_market_reference
1760606819,23589327,0x85ca8cc69b9fee5331b31bc1acee6df3881a7a794257583b9013f83c9fd6e60c,130,0.001638853651636163,stitched_market_reference
1760607239,23589361,0x735c28752d8b9df53476e66c1abbf645895e3b769dacf6c72e9e3c1f63080c01,327,0.001647403302324567,stitched_market_reference
1760607323,23589368,0xb086d47be8672b9dffd883676aade6f73e64c86233d0488181a31217f3431c64,776,0.001620742724686623,stitched_market_reference
1760607491,23589381,0x7df538ab4dc46ecc7074e4531e9e59a5c87f9204f70175f8b662600cc837421f,256,0.001631686963004252,stitched_market_reference
1760607779,23589405,0xd1774df1312567f53104a3b8fe2e491c7a534a47d23384e547761f43f8807d43,227,0.001623284679701996,stitched_market_reference
1760607947,23589419,0x4c023e10cee2304ad226c0bc2cbf590816253c2e7121f8d67b3356cbcc828eef,658,0.001601423624882379,stitched_market_reference
1760607947,23589419,0x40a0b701359ce8591f3c185324085982883407dddf9245d25dfdeef271ae1d69,668,0.001625554430077936,stitched_market_reference
1760607995,23589423,0x89e5c6386721b8614b6edd7dee1fcce7f151aa257fa6fd1c556096b549734906,1016,0.001637154164204054,stitched_market_reference
1760608211,23589441,0x0085d2f475d02f18943a9d4ff3a586ad9c8b40c7433e772edb29884e99235fe1,490,0.001628816318603425,stitched_market_reference
1760609651,23589559,0x4b195fc46c146a03fe729f04a081ad3d8354b90f246a955ad8a27d9a6fa84f20,717,0.001645639020359287,stitched_market_reference
1760609795,23589571,0xa8a72cfaf791091096c239a1e07724488f7f59b9ac8e2ac8df16ff2d89953c97,590,0.001636191407421448,stitched_market_reference
1760612579,23589801,0xf024be8f7550b375e2417b0270e7e0a37835c8dcf3d767767b09d635b80d92e8,258,0.001644772656528972,stitched_market_reference
1760613263,23589857,0xa8eae5082d67132b1f49ef1863971a52c806df6427f28eb13929662e18e05c6c,112,0.001639307820702888,stitched_market_reference
1760616131,23590095,0x68b15b7fe4ecbcda0e7233831fbe948dc6b3776696b5a9e39b566997f3a9802e,192,0.00162995646638923,stitched_market_reference
1760616875,23590157,0x2f9c914cb1854a266ce5f83b763530825e779fc93734b9ce75e9820f53361886,556,0.001627817538719877,stitched_market_reference
1760617511,23590208,0x673d6b40297417d9a2679e247fb91c168206d7fbd490f9a24133d325521826c2,423,0.001636622016938007,stitched_market_reference
1760620523,23590457,0xa746f4dea98c66fc222bac12821abf882d28f18a7a9adc94fb43afc35176cf86,371,0.00163396674197966,stitched_market_reference
1760621135,23590508,0xaebbda062d03a346c54b6f27afe6caa35eb370876f973952eea26606e26bd04f,95,0.001634855699379377,stitched_market_reference
1760621891,23590570,0x8438eda1319dfed15d220c3c2ae34fce957a326c5229f4135e6fc53f6e73c420,351,0.001626080212351413,stitched_market_reference
1760622575,23590626,0x5d40951d308ffb6b31e8048d3a646156519d61154f87d122eb390f4a84ba0142,400,0.001635757108149869,stitched_market_reference
1760623115,23590671,0xd303d7c9a86fe4afb796d941566dfe8c0905a1978ecee62a7c1f70f1653d6331,243,0.001646724220229197,stitched_market_reference
1760623691,23590718,0x8b29e44f861f64cd4a0a1ba736b54e1c0ecafb056f5b461217a1635122cdcebb,496,0.001629739897857498,stitched_market_reference
1760623967,23590741,0x5b382532bbba63efd753877764c29cbbf31eceb021e22d7454436dac0337718f,418,0.0016380754056488,stitched_market_reference
1760624531,23590787,0x6862f70b4729d04df4afb338d78033c14432f74ded227d1e2c663d0e3e7ebaaa,145,0.001621556294208844,stitched_market_reference
1760625587,23590875,0x1d94b15763da2272016514fa760c6fcf826482eeaa92d6ce94ab6ff01486c933,777,0.00163892493283644,stitched_market_reference
1760625587,23590875,0x6512bc266bced08f147aee28520086b16472be8741b94a41f4a93b282627eb84,805,0.001629418293847518,stitched_market_reference
1760625671,23590882,0x647847c0909bea7583e1b978c6899629502a1d66415e839f8acc485808826f19,328,0.001619930848430848,stitched_market_reference
1760625887,23590899,0x669d2e1c78a292849f1b9dd145b5b856dbb5e5367ab8d60c260fd6853a979141,440,0.001636670322245322,stitched_market_reference
1760626691,23590965,0xc013962024b0aacb37da47517d655ec2cc7b6ba04cc5214361e18175fac7645c,316,0.001620232293832293,stitched_market_reference
1760626739,23590969,0x4e019d0dcc2c06a3fd533753f8be7181b5f803a64b7c9d6ab76f5cdabfdda2a9,644,0.00162877445070051,stitched_market_reference
1760627075,23590995,0xba01db2b7f738f5e672072f070c6fced19393d6cb2f3232e14883829ae066ae5,174,0.001637502198894109,stitched_market_reference
1760627615,23591040,0x21d638eb625c2be10a3e4dba128469def497a051fba27b18d6e5bc418f5b0044,246,0.001628357152806797,stitched_market_reference
1760627699,23591047,0x156ec1936f71a4e813dfbbe4ef1075b7bae4b317c44a19c5a615901b240d18d4,32,0.001629062970134617,stitched_market_reference
1760628335,23591099,0x7a8417be3273ae078ba9a75493969a839b395a020f583a74c78215cea1263442,30,0.001637862575923251,stitched_market_reference
1760628491,23591112,0x883dd9cab9552ece47a5761568d895cc61181f242fbe048d7d21b61f3d5a1fca,789,0.001620566585014606,stitched_market_reference
1760628515,23591114,0x08dbcd1c1316955a2b601d828eb23b0e263874a6c55845d1bbfc5ab1028d263e,563,0.001629000359482299,stitched_market_reference
1760629307,23591180,0x580e1666bcc41d19acec67097fab0a61e82b7330db3e83f4377fc5267bd1bdd0,498,0.001638675974592459,stitched_market_reference
1760629631,23591207,0xc9483120528989e847e622dd5f178add681509900829d6ad09ce60794e502d65,209,0.001618429616510816,stitched_market_reference
1760629799,23591221,0x2cf5a0891c723116cb62f60feea66fa20b0c4f0b904887fae3abcd919182c7a5,471,0.00162959876054024,stitched_market_reference
1760630255,23591259,0xa38912fb522bfd6ae0e074d8d421664dc89872bf35d9a97a7d7f18cd061c15a8,1097,0.001640937466016952,stitched_market_reference
1760630591,23591287,0xed5ec8a83614410ec68e2f797cbea2c93c9916e52e2638c7b0e3d655e716d44c,518,0.001619080881979877,stitched_market_reference
1760630951,23591316,0x6dc564827927a097fbac62d7f84295bb37a6babf8c14acc6f673be0bf41402b4,98,0.00163544840093583,stitched_market_reference
1760631959,23591400,0xcad739d1c175d07396582e9a81c8cb3db17595557dedc940df58443d62bdc387,440,0.001645328339066503,stitched_market_reference
1760632271,23591426,0xf80608a4d6279997a96ddc091776cc6b60d6927d0c5994bdc10fc78942fbee47,374,0.001628874302923013,stitched_market_reference
1760632919,23591479,0x29b13ce6acc425aed0eb76068f5ccb8dd59ace396d5e72b584ca0abc4cd3d518,108,0.001645699554335231,stitched_market_reference
1760632919,23591479,0x689dac6acb9f568c6781430a88943fe1286f02daaa0d5e3d74ba5889a0256efa,351,0.001636451227992743,stitched_market_reference
1760633471,23591525,0x74293d28455151dd2d0c569945ee095acbc8824ce13eaad983203c851d770d09,451,0.001626062834040636,stitched_market_reference
1760633759,23591549,0x76e707f1ebec8ff464ad134361ee3757310ad9e47549591156ca19e8f98cda64,537,0.001643607305247462,stitched_market_reference
1760633795,23591552,0x5470fead8ba4f75a2c2c45e06088c46e4a428306dbd787f854522e99e70bc228,281,0.001635345896174541,stitched_market_reference
1760635199,23591669,0xb797d544d4aae31a1bbeba0dbe4a1563d78d8893c255546f1360498c6379f441,100,0.001626622790271843,stitched_market_reference
1760635295,23591677,0xe2c87aabdbb91d2adc4200d55cb9f12ea22e7f2cdf5558d677240c47350c4b1e,111,0.001635453507076058,stitched_market_reference
1760637239,23591839,0x0aab1e78a1c5cd14d00f9d0c1f8bea204893491c118d1b61e0b805c46e9eba6e,155,0.001644494878552167,stitched_market_reference
1760637371,23591850,0xc7291156824a93b2ab6682723c9d3b98ffcdf372587c8a1ff07ed6adcf190de9,210,0.001632619954130195,stitched_market_reference
1760637899,23591894,0x9fc564264a0a027a677c4ba0dcdcea759475edd170ae865748dc245d6c3e3e50,299,0.001641282832665346,stitched_market_reference
1760640995,23592152,0xdb46cead802db905f090e9147d12eebbe6c344d3a1267c2467f287704b189cec,112,0.001637679702005146,stitched_market_reference
1760641535,23592197,0xa8d5051d6e00d7c387c7d6aaa2aa22122f117f218caecc68fe4d80e0ad77dddc,177,0.001637125847985601,stitched_market_reference
1760642399,23592269,0x05ca775a305ac2a10c78787cb3058a733d1e29bf322ba5919146477e2d9dfb4b,422,0.001646773598801387,stitched_market_reference
1760642447,23592273,0xd4f2d577d40b47be20020b799f83a02e67b95d9e53713f257a46349cde244ca5,213,0.001628126008422554,stitched_market_reference
1760643215,23592337,0xc9e3db3efaaa5dfee369837f41d6ace6ba31ce98ebf347a13459215ca3f4cd7f,312,0.001636927513534817,stitched_market_reference
1760644295,23592427,0x594c27cdc1da54218c3a6924c14f4438e8744df7b68ebc84a35a1a6e01fbb014,1363,0.00162875840070081,stitched_market_reference
1760646071,23592574,0x024ecc95d51d8afacf5b854d8d38eae599acfe45de9b5705d4286526e3c6166c,278,0.001627723812402372,stitched_market_reference
1760646491,23592609,0x67789b1083fd4f4ae20d60d5a952f5a0f7d3627d3eda22585e4904230027c669,369,0.001636530132591354,stitched_market_reference
1760646767,23592632,0x8461721056936d3593681a4c6d0e3640b259ac2c28b065a6eeb44171020d02d6,376,0.001619880659557993,stitched_market_reference
1760646851,23592639,0x37ea93c87c50bb8170f5d51d7161dae3250949145024e0a86b54d192651306ec,328,0.001628340673881603,stitched_market_reference
1760647595,23592701,0x8d46c7ff034da5c56a0e87a99fea719531b6131d17a56413a16a1f94ba1db2c2,173,0.001619672028804774,stitched_market_reference
1760650391,23592931,0x50c6a8d27abb8a86e76dfe8e29121a04ea863a0806b0fa6741b6983a494bff93,256,0.001631637373048688,stitched_market_reference
1760650475,23592938,0xa80cf505488613679cb6671cf4d5008e5eedee3990dd106e0b4b031554883e81,695,0.001622401117300997,stitched_market_reference
1760654003,23593232,0xc4a4f486ec7bc1b951a1c4344edd05cfa0ce5b8b376bdf7d90bbf92f7086c4a8,14,0.001617958961217848,stitched_market_reference
1760654111,23593241,0x524ff5cb4279ecbc10283f42237b863254d7c3de5262f2dc37aa0ffb769fbbbb,201,0.001620361266884603,stitched_market_reference
1760656871,23593470,0xb443ff5032b8991f2be84cfb696071238bf29a0cfa96ba6e29a26b77d328f0fa,989,0.001612061590504889,stitched_market_reference
1760657627,23593532,0x7c718b7e8191b5b9b957997f579fe90dd91a93e212be744f4cdf5f2b8a869962,229,0.001617391752494883,stitched_market_reference
1760660507,23593770,0xb36d88d6f267977caec20f76f6670ee53cce7d9924daafaf124b4731328165dc,280,0.001612671454154636,stitched_market_reference
1760661263,23593831,0x099e1b30769a982c3fe9791f98e4a00257b4e9259aa87b03610188fa42fe0132,706,0.001617934761722983,stitched_market_reference
1760661647,23593863,0x9494d8a81eee034fc42c9e0638cbeaec9152287ffd50bcbf83aae2ccff5802b0,363,0.001608723940991658,stitched_market_reference
1760663219,23593994,0x1481b53b4071801150ed8eca0ca2828f481e567b202e01783885736a217e2792,72,0.00162486821021815,stitched_market_reference
1760663279,23593999,0xe3c3aa8a4bf7cbdde5adca23c2e506aaae06072bdd2d05292d7cf54bbd28603a,1273,0.001615192585429064,stitched_market_reference
1760664191,23594075,0xfa7253d74a885bf6e91df1309df2180744c4a6a1df698360e3565e671d5fc91c,175,0.00162384714386655,stitched_market_reference
1760666111,23594234,0xeeea1f8d2c0fe831f9f25e18e48fc7a6f980ea32b4ac274b4c761904e58dcc22,42,0.001632289697528365,stitched_market_reference
1760666843,23594295,0xa49ec425edeb00066f384113c3c4f091db85c7bf57a030bee103a396f8b9bf16,457,0.001624205057178828,stitched_market_reference
1760669747,23594535,0xf21bc698cef158318441e71f8a1b5257773994c3259d14aef8c66038da945e10,292,0.001616369312822853,stitched_market_reference
1760670479,23594596,0x5c20eff5ba916cd3c09ccd8e0bafdc5808091602853f0cb2603069928ee597fe,227,0.001623857279473799,stitched_market_reference
1760673383,23594838,0xf7cb0a7f92b18256d2b1eef01bf02b89d1b30078f26bf5a8161503b1c3dd3f11,175,0.001620842262580294,stitched_market_reference
1760674127,23594900,0x3c540eeb82a56ee2e5bb98aa14658155169f2118f7e8a56318d5a2bcab6ad82f,524,0.001621811129284772,stitched_market_reference
1760676587,23595103,0x929eeb4a4af43585721cad52ddea84802a52eb4065608af6ea47a0ef26c482d1,42,0.001630052133717558,stitched_market_reference
1760677739,23595198,0x7b9614c4885a605698afc725c8f7f8ff51339d84dee83b4f6a2aae82d4d81c14,338,0.00162088882091791,stitched_market_reference
1760680283,23595407,0x61c8e22cbb608ceefac4c6b01977f109f15056d819417b3a9f3f70493d7ad2b4,157,0.001626333264345897,stitched_market_reference
1760681351,23595496,0x172f61152efa2e6d3b86b643c55cff054ff4f21f9b58146635cead20bb747471,174,0.001621284145584494,stitched_market_reference
1760682227,23595568,0x9edcb53f0fa5bb14fabf136fc3d6a6c3cfd66f97315d487a6bc9c4fcea4a07e2,260,0.001630444439453326,stitched_market_reference
1760682395,23595581,0xa7e1d4c14b16dd43a0338d5bad68ca5c2b0b881126f273ea33b5102ca8e8457d,1959,0.001613139709230404,stitched_market_reference
1760682731,23595609,0xde047521721e0b733e4d50004be4b64ec43e7f995e1c2b00b9f1f37be848704d,393,0.001622537986827775,stitched_market_reference
1760682995,23595631,0x0504a66fdca740611317986a5b980496e4c25e306727b8ea17554422e4990460,562,0.001600680884717108,stitched_market_reference
1760683067,23595637,0x9bf5eabd9af73c0536c9c0b5fbad52ba573606b17adc0aea391ebce5129f5724,5,0.00161067083607293,stitched_market_reference
1760683787,23595697,0x0444f789ec771b3f1902a34331d2637eab20cb7e2dde908d183947b1be012582,424,0.001618904452975598,stitched_market_reference
1760683835,23595701,0x632f92c0b9d7535c1f85a870ad93315f65012ac8648c25a5b8af6633f0fbaba4,1201,0.001602256705302674,stitched_market_reference
1760684027,23595717,0x309c7243d12efa59a156c82e95cc9bebf93e6e59e727150c21d47ebc7bcf5572,126,0.001593841836533115,stitched_market_reference
1760684627,23595766,0xcefddf327cb36e988542cfbce100898cd00f3ca4347a68403ce20a53c7a6a07f,399,0.001602639605137115,stitched_market_reference
1760684903,23595789,0xf3e2022f143b6c360af602b64ababf88a694d67dab258439f4c85d3f0debc7dc,1049,0.001613745475483618,stitched_market_reference
1760684951,23595793,0xc5b5a3b5ada614550a215d96ca95a4e0825cd93113e784b374c0f3b4183650a6,622,0.001596913770060538,stitched_market_reference
1760686595,23595929,0xbcbe463464b18434818e66237597968ec8c6b29d0fc3bc4fa97c097ec695e896,276,0.001580118738840582,stitched_market_reference
1760687663,23596018,0x6b0cdfc7e92f8d99e1d101a31bc71998eeee6d9fa5ab96628169f00235ba17ce,49,0.001589735022494389,stitched_market_reference
1760688287,23596069,0x6d0a3cb592ccd93c035532d4d0dbbae2ea7da7b246ec80889c108d592c37c29e,394,0.001598527364500165,stitched_market_reference
1760688659,23596100,0x7d9a29b20810b4a8ce0e638eb2c47b8a93f623971e48d4f907f576b6caab6699,492,0.001587524455051882,stitched_market_reference
1760688863,23596117,0x98a19e9e06e21b6ceedc019db0f610d925d83491cc555cea5561b4ddffbe4108,263,0.001596624609677333,stitched_market_reference
1760688995,23596128,0x6f5fdfe788aa7bd81b9a31eda932a317db77be340f8e17e532c92fee204752d1,428,0.001580017961514852,stitched_market_reference
1760689019,23596130,0x1a901fee6961d2835a3d0293af6f8a99c8d613a48693d64a49bd975361f6d47d,115,0.001589949393331201,stitched_market_reference
1760689415,23596163,0x0fb20af6bc5d3274ca02a4da7b8e5134783b6be5b0191da9395a4e98ca310be1,660,0.001573715058917099,stitched_market_reference
1760689595,23596178,0xc32f254ef780385d1acf154bc0ffe654ad2cfc08ce596a02e90f79b14a0a50dc,361,0.00159266321430667,stitched_market_reference
1760690003,23596211,0x1062d00faf062e919aab931e111340d548a7e45a6424ff4f18dd0ecff3e710b8,33,0.001584402029436988,stitched_market_reference
1760690603,23596261,0x9e00d6620ca6a776c368e9127ad7a0c9d57710cdce76e2ea778558dbeced9422,187,0.001592388776988043,stitched_market_reference
1760691107,23596303,0xc48caa1be430ae6b8a4bfbe3b32fc082d0e5d4cbc61ff406f5a7d2c8f31eff1e,168,0.00157645413827146,stitched_market_reference
1760691779,23596359,0x37835d7d395e755cab4651ddda586c3e187f930c6fbcaea74008dd3e952dd072,124,0.00158560619307905,stitched_market_reference
1760691899,23596369,0x8b152d53b406e7997a4c867ac01aa08bc5c11027f722d4c346bd19f25f0da8b4,580,0.001576990714153327,stitched_market_reference
1760692127,23596388,0x7968508e373c612f97610709d3701cc9198dcfee53c1b7cb16f1f5ab9a086168,324,0.001597185891529921,stitched_market_reference
1760692739,23596439,0xb9a040b1dc47a6d763d6c70d8cc9f906bb2c95ea71bdd9ece3e1dd13e99974a6,69,0.00158904617390979,stitched_market_reference
1760693651,23596514,0x1368e6598326b02d471accd1bb4001e77043861196dd9c9b2048f378abe8083a,454,0.00160510868159297,stitched_market_reference
1760693879,23596533,0x453031d124a16bb06dbd695c6b6f8925808c9e5961f8a0b7de12ed8abea95fbf,342,0.001596548504352838,stitched_market_reference
1760694539,23596588,0xfbceaef19af9966af41865d42bf21d15c1e8535546e940fb6ad2b59f9ae24d95,279,0.001604898523152069,stitched_market_reference
1760695739,23596688,0x454bb1f3a1c512c763345bf6dda16ce92b710f1af3403feb192735aa5e6e8e50,228,0.001613606028810783,stitched_market_reference
1760696339,23596738,0x04fa07fa6fc49349c8d2ae6ae04d05f3c9422affb4771dbc32679171afe6236c,345,0.00159660641841249,stitched_market_reference
1760696519,23596753,0xe4b4851d47a01ad70d02d8c3a205a04305da81ccc7143749a16e0883b670a1a3,514,0.001609415519104373,stitched_market_reference
1760698223,23596894,0x309c530a3aef788898f4de9e3783fbfee0016b1eeff88268517cd37ee7a76717,425,0.001600883060449045,stitched_market_reference
1760698871,23596948,0x5bea94ecd39041a3852d669b3059ab552ba3183320e3d1c912a236937490567e,128,0.001619239651912835,stitched_market_reference
1760698883,23596949,0xe6c10436913452083f809ecc748fc690ab8eca2ff1399adec975d7bf874d2647,258,0.001610943008139014,stitched_market_reference
1760699651,23597013,0x9090f33410908e809afc66d0c9b2e88b9f0181de11ac401439f08247e304ae9f,744,0.001598001092611447,stitched_market_reference
1760699651,23597013,0x50fa3224cfe7fed93ca904822fdefdc72543309549036df038eeac2674f8787e,1035,0.001615948594093517,stitched_market_reference
1760699747,23597021,0x86783573310347abe0311fce3fa9581f55c3e0a7955eb1b2c06597f563a3a1da,339,0.001605288294807228,stitched_market_reference
1760699867,23597031,0x42b37f064a77933d129bf1fd41aa1cd2d44723adc3432eba5fb35027a6a7ed01,1038,0.001628685858855282,stitched_market_reference
1760699939,23597037,0xf67d38424d01b7c502500a54e0e38d272b3d3d3dddc8bb08347b036fd6469767,113,0.001619792021811438,stitched_market_reference
1760700983,23597123,0x30ee17798bc3f89a57169ad0e46285706c4cd91defbe86ded31f47d4fd2382b3,210,0.001628672955443348,stitched_market_reference
1760703491,23597330,0x194b33b60591e1822c723d0b4071ad453acec8ba07296f2dbe3f9bd6fb8b5ba0,569,0.001613023574989964,stitched_market_reference
1760703815,23597357,0xeadee1c1128d4328f7fad43892769d9c729b1de4e735a0e0a4edaa0d3d303bff,289,0.0016036598857893,stitched_market_reference
1760704019,23597374,0xe73bdde7726e84d4e23310e80d3cf149c4e90201c19c0aa8139764771fec3940,196,0.001612366870376701,stitched_market_reference
1760706839,23597608,0x4b36a41e890d865830683f8812bbdbed9401e215f990d05e629b2e68c87fbe45,158,0.001621123541558289,stitched_market_reference
1760707103,23597630,0x21c51ae4da78c0e3840f300438c20e8b7e1a362ecfb970ea49dfc1f37eaf21f0,66,0.001614769675028929,stitched_market_reference
1760707499,23597663,0x32f2da028dadd8352ed10796b7d9ea260c973b504f74d7c0be1e4091170e67ca,367,0.001605914769287561,stitched_market_reference
1760708303,23597730,0xded1548641d5cf7fe4f292697973ed7be82119ab65c77d8463a67bd922870f78,324,0.00162272936473337,stitched_market_reference
1760708639,23597758,0x5a0ac31726b8e690f9f116177054ee5b65e496e040045ceb966e277ffb37ec07,350,0.001632699764569907,stitched_market_reference
1760708675,23597761,0xcd8c248bec3ce780b3b33479b78dc219e1905edc83ae7bfaa38e6d572fef9ea2,415,0.001614553673844558,stitched_market_reference
1760709155,23597801,0xe8399b6b4a18e4d0347e1c1dba6caa80c770176808c43ec6f1cca5c4bd40de97,313,0.001605301834648412,stitched_market_reference
1760709227,23597807,0x069035f379fdc913678e04b9416acbc34d3690969746306354d59dd8ce7c937a,110,0.001624368656173285,stitched_market_reference
1760709419,23597823,0xc13527ffb1c5ad6024fc9dd9abcdbbe0ed980abc0bbbca2ce294fbb9d5ee7a17,40,0.001616132756381,stitched_market_reference
1760709635,23597841,0x7b75329952d87c2059b68345be7499932453bc895fb1c36bd7a4d187ba924d8f,245,0.001625768449706644,stitched_market_reference
1760710067,23597877,0xa93f5a270a71e7b3d4502cd32fe69e41e48756db214b24f14240e37304d91640,370,0.001609228368306992,stitched_market_reference
1760710199,23597888,0x35f0b5e2227ff13167950ce039158cf12de1c903bf46f9bcf34274ac6ddc81d2,1198,0.00161876435261371,stitched_market_reference
1760710439,23597908,0x0625e3c781abffc4022230917fbc44553d1fa1463f1b38e4b578fcad7a54691b,218,0.001609324287271196,stitched_market_reference
1760710931,23597949,0x003c2203da382887eaa1de877731a5cefec40411c437188ad46ae589c330889d,180,0.001618574099693379,stitched_market_reference
1760711579,23598003,0xaee79435f9aa2f8fda43186701b2a951dc3c72ba6682e4e251650f81834a6c07,590,0.001627578305008633,stitched_market_reference
1760711603,23598005,0xccfa846ce886c1b92f305e46c0af8d40c428b385e4f8651ba8450a5d208b0439,439,0.001610781176325932,stitched_market_reference
1760712131,23598049,0x37448248894555e8e9344abf0d68cf5ac863f803f5bda24fec7883be39bca8f5,458,0.001619064451907576,stitched_market_reference
1760712179,23598053,0x5d2b44ac03b611171b4ced4cff8ea2f226dec651ea98106d8a184c6505a252c8,194,0.001610393766505997,stitched_market_reference
1760712407,23598072,0x606b246d8b6aecc1140ff77cfe20cbe23d03f14e54185abc9ef9386dc4efd159,37,0.001601974441116648,stitched_market_reference
1760712407,23598072,0x63089335ff510bf2267a791177e43d33c34e8cf7c78170cac661cca68b6fc61a,102,0.001620284032112775,stitched_market_reference
1760715707,23598345,0x1f4703810684e9f5cf62d8abebb1f8d388db525dc9b1a6c92acd827b8f4fa382,90,0.001611113840453053,stitched_market_reference
1760716019,23598371,0x7e129e41a09843249c6f16c9d7367e72962a6a38ac1cfe440c260db609659b38,344,0.001618651467528427,stitched_market_reference
1760716859,23598441,0xb4c0677e68f03083bfb8fc0a11cfdf0b76d55b6bc94e5318d19b3dc2738aa4b9,959,0.001609902315440134,stitched_market_reference
1760716883,23598443,0x8531042d30f35530be3649b7a3f9cf82082cfad5666453091dd5585be481a7b6,9,0.00162774995713776,stitched_market_reference
1760717003,23598453,0x3ad266a807881e40aff4875a9450c3d6be87f08da13478e6b72ad42f64bf724a,579,0.001618295198515382,stitched_market_reference
1760718767,23598600,0xcdf568af5bc397dce7ae374fbabda94e3f8eaa935e02aafb4376c39292a94bb9,122,0.001627263115768063,stitched_market_reference
1760720123,23598713,0x5922ea88b28f40396858d11e2a48f661b16b597bd1409bef28ada27329ddde33,177,0.001635524962599323,stitched_market_reference
1760720519,23598746,0xdeff9c4bcba61805648d3583ec5f92d1249c9e09bec302623e05dbe0d2ae4a30,631,0.001621879711059752,stitched_market_reference
1760722583,23598915,0x90040cb4c9d04cbe0b77ab795e590116183a3358b24bbbc0165fa50bfcbea9d9,90,0.001613184398131498,stitched_market_reference
1760723699,23599005,0xf9e6457d789e96c3953102aa639088e5ae35d2e3cb2d979cfc0984c0a28f774c,194,0.001604646899705978,stitched_market_reference
1760724143,23599042,0x720827029a9e00f8ed6124b1c68d9616c66f7d7d04f90360094d3950ea808b17,309,0.001616680768376347,stitched_market_reference
1760726219,23599214,0x8af8f12dbb797b661749f67e5bc0121c34ecbdf9d1f4e2b5cc4c61d9546a51d4,130,0.001607745432940246,stitched_market_reference
1760727755,23599341,0xfdc1997ded9482d428c66563fc7bbcf101c6b254b0ee29bf1828e63a6f97cf41,209,0.001600163313200273,stitched_market_reference
1760729543,23599490,0x62bf8e4cf53947f8e938b7027f3a4c24d6f01de07e049c022d29128d9377921b,486,0.001608388143182578,stitched_market_reference
1760731379,23599641,0xe0e968953d1a62f1e50219c36163142cbeb506cc23154c6f00fb8dab2f734ced,446,0.001600164453059689,stitched_market_reference
1760732399,23599725,0xa37be7d7dbe6aff73ea17cf9bc860740bc3cb22bd6718c2ed313b01951b2ee31,505,0.001591845882686182,stitched_market_reference
1760732795,23599758,0x2fc509d89c1074f2563902b3794bd9bfef478a1131c839a99e23f2f63a5a7699,59,0.001608039390396265,stitched_market_reference
1760735195,23599956,0x0310f4bacc76c28ea9f75ddf8cc7bf68a79da903dd8388bcddcdf48660f90aa6,393,0.001596307459513601,stitched_market_reference
1760736419,23600058,0xcf91fc9cd424698a20c3a28b8b9e69b99e6798a4721fef53d809efe46a691b85,186,0.001600783220820125,stitched_market_reference
1760738819,23600258,0x76c3936fa98be92b05bf9555474796c19f9851a044221ad0711c54eeb4953937,106,0.001599268172617484,stitched_market_reference
1760740031,23600359,0x6064e00981853d105de10a727d00f207a69621d48c017e97c009d02c514bf1f8,52,0.001594906856798376,stitched_market_reference
1760740379,23600388,0x112fe860dfedcd874bf4c2371d34a60907fb0d2ee397a4c8259e122f185ccacd,324,0.001604871246350688,stitched_market_reference
1760743655,23600658,0x5b89b580af63c05294b5a1d3c7493f5881c0a573050e6aa8dac84c9bb9725c19,142,0.001598097267159634,stitched_market_reference
1760743991,23600685,0x7c652cbb79d48163e4fe19a7cc99eb7c639cd62174b025753fcc69a3d2f59c54,347,0.001603556126352606,stitched_market_reference
1760746475,23600889,0xbac38484163daa0ea268b1dae94e56298d68a56bd3976a7ada0dbf84a77ab4e3,70,0.001611933430917605,stitched_market_reference
1760747195,23600948,0x0864ce5c9aa447f5a35f7aded39d1aabf69d681c779a841da530558e3fec9f5a,5515,0.00160365624583831,stitched_market_reference
1760747291,23600956,0x9bac7add99e98044dd70b8f6377677a2059129600968dd5493d0899c91069a22,110,0.001599343319452642,stitched_market_reference
1760750615,23601229,0x0b598fb700265f59a8063374390dfeb083ed6eb671e1a56f9dfc57b5a42da91d,310,0.001591372561118875,stitched_market_reference
1760750915,23601254,0x9475d010169984923df0fc9675daa0265fbab34d90b2e87e4c6daa50931aa6ea,397,0.001602213271913771,stitched_market_reference
1760753435,23601462,0x9ddcf93bd8e857ed6f0d1a4324240a866d933adcb47516faf6ec0964c4e5956e,279,0.001594035754660798,stitched_market_reference
1760753675,23601482,0x8a78d0b2af5db5f91781ca3c1cbad7c0484ad5a81de2c15655c70944a0544ac1,336,0.001602793521396855,stitched_market_reference
1760754527,23601553,0x3b94986f9c5ca490607771d0c19910f774ae3c83054157a54549650e6be479fa,199,0.001597848984203387,stitched_market_reference
1760757287,23601783,0x04f564a5f8160b800b32d3b1d05dcbe86e38c9a76dce31077a844947c6643611,33,0.001597321508378326,stitched_market_reference
1760758151,23601855,0x8a3821088e68b8ce0d09cd795233b3ade4712861b53e1d388e046f2cc87a4af0,28,0.001593931851902614,stitched_market_reference
1760760911,23602085,0x2a7ff2e1cc6f6e5fcb142d17780c8eaedc8b1df095fd6c9dd18bf41e8d046226,278,0.001597199286944468,stitched_market_reference
1760761751,23602155,0x1dea6689c0bbd7bb5d5eebc6d2837974fbfb0e08f0d2a0b1cdf6e1f66d436848,141,0.001591534938835908,stitched_market_reference
1760764547,23602388,0xa44982dda4d7d3e5bdf695db3b3982a4dd5df29fb9533127af8d95dbf44198c2,4,0.001590383641394728,stitched_market_reference
1760765363,23602455,0xb390ec1ef187bdbaa1176f8e3e697c204b8e53607666e202c92b742e8fc71fb8,350,0.001586091769441283,stitched_market_reference
1760767787,23602657,0x967593da6bb36fe4ac3dd74d02d5b3093841e37814d33323f69751b6ebfa86fb,9,0.001577923326789256,stitched_market_reference
1760768987,23602755,0x4d0d0d2d3a1d00b74c2fe7e285d236a59a306b6843617f703e303b696d6b826d,108,0.001582345946750597,stitched_market_reference
1760771123,23602931,0x403f1b685448c4b291914b6cdb627806492eccc07af4d6cf2f9b36ef4db0e003,729,0.001570585918255516,stitched_market_reference
1760771267,23602943,0xaad6c2c16e3cbfc8a94130cb36aba850068a2271a7bf2fc7d082b5df3b215ad7,456,0.001587252326301935,stitched_market_reference
1760771267,23602943,0xae410fb3c610e5720a3f87dc58cd650ec8e40eb3f9dd74b4562128b806756626,616,0.001578492505894616,stitched_market_reference
1760771747,23602982,0xc12435db7686f84a9467b035c50f2e240f8a7f856e2c3eb11b0a15aa4291c79b,216,0.001586668263335328,stitched_market_reference
1760771867,23602992,0x0e424bb1c258f035e3cc386afcca2479a83c523bce864c96526b63c3340440ce,221,0.001570633992456575,stitched_market_reference
1760772083,23603009,0x693cdc2a424b446b7e83fdb7fe3560d1f949c4e5608688ba9de851071c649c36,326,0.001578889618793984,stitched_market_reference
1760774003,23603168,0xddecb1160e973dde2cf35c647b1e7d44be062f1d9a9820e27a69630929f7dfc5,323,0.001569849265523008,stitched_market_reference
1760774303,23603192,0xa1d4e8af089483652d5e5480b0e22ff4f4cec09c08c396a31c263b76aeb33d3b,8,0.001553790939078286,stitched_market_reference
1760774363,23603197,0xb0650dd525cba2647946b4f88bebf4478381f700289d7d1c0216780e5a2ed7ba,49,0.001562188763465995,stitched_market_reference
1760777939,23603493,0x004e99ce2738cb83888718224714b04371b571f92c45c7b50c0898948cc6d8fa,284,0.001555533258273027,stitched_market_reference
1760777987,23603497,0xad1b98cb7bb003d6bc451540553d0838458186e669c0a49326a89b149c06d213,210,0.001559540058229943,stitched_market_reference
1760781563,23603795,0xc8bbdd28b1108995fc7e2c7b607f43cad676c434bbf3f0af1ea97833542b922e,335,0.001563443166491736,stitched_market_reference
1760781623,23603800,0x2514c3f29f9c57a843155c1b45f703e89f7801d1f450287b0e91441bf38c160a,119,0.001562575339646985,stitched_market_reference
1760785163,23604094,0x71c0e2d019f607e4bc7b1fd80dce10d47689924770e6fcf01394a36a4010905b,462,0.001552368621134799,stitched_market_reference
1760785247,23604101,0x5482e8e4adf97864c322392ad337db162dc28734584392707568bb22340c3a34,181,0.001553226773842495,stitched_market_reference
1760788775,23604392,0x03abdf481ede10d17ad3e899aefdaba63223f8a3a205cc7e1407d71a687c150c,32,0.001549039747378627,stitched_market_reference
1760788859,23604399,0x9dc3dca2df37606c06c8f1facc15143721d62d0ee87cd46df79aaaa7a41c500c,405,0.001546848173696708,stitched_market_reference
1760792399,23604689,0xd5e715dd53258bd78a2940c900e9669f1ba95c01e236af5fb12984aa2926eded,117,0.001537057522348936,stitched_market_reference
1760792495,23604697,0xa5b50aa44fdac3d010830a8f41cc4002dd76c9c6e1db1cbe01444d1c21b581d1,148,0.001538691607095441,stitched_market_reference
1760794763,23604882,0xcb694f65b1086c1b39b149f7c69ec716f1c0923823e10984bfcd6c0d7f6f267e,367,0.001546739899767801,stitched_market_reference
1760796035,23604986,0x9565137ac1c817befdc65d88e0d5fef49cb0f15e053ce0b856210406caff797b,186,0.001540078325146334,stitched_market_reference
1760798387,23605181,0xaf2ae55594bb11090a83905ac4962df112eb19b905261254b01fc4433ea7c503,607,0.001532824941428848,stitched_market_reference
1760799671,23605287,0x1f4d7719a64a3c76c06ee6cfde8aae96e4d15e401c8966881c76030d5f8b70f6,251,0.001538849109394685,stitched_market_reference
1760802023,23605482,0x70e62903a39fe1370dbe7c4e81f115dc8fdbe64635fe72768ed6d77f6e459350,346,0.001541277789830239,stitched_market_reference
1760803295,23605588,0xc8bc2bb1627d9024d0bda18718b5964645061df2709b8860ceb10e5f08ff99ed,252,0.00153752196897918,stitched_market_reference
1760805707,23605788,0xc7d8574f171f26fecb2015db835b8b522f95d34712656615f943ac0b5ac96c9f,183,0.001543010644567211,stitched_market_reference
1760806907,23605888,0x8beb51e4847861dcfcc0f95742c130065fe3f4ce7d9b3e4ec2f4c2c3a87e6743,195,0.001546480130193461,stitched_market_reference
1760807987,23605978,0x498e63fd4f8560e522944949f1bf1a66619013c9bdd484d17c202b75e2bc3af2,223,0.001538570589999664,stitched_market_reference
1760808335,23606006,0x40c9ebe22291c557ce03ac0169631b666f9760f5c6173a8d1a947fbcdaeec981,982,0.001554430815955499,stitched_market_reference
1760808647,23606032,0x1ef0d23a077f0554e6e0c83c40a491301318c49e3a74f83bbda09e39c08a9817,264,0.0015549821687472,stitched_market_reference
1760810411,23606176,0xfdf572e9a2686cd71df5ea55886c1993e92d63f5e05c4c312dd0c63d9311fc19,963,0.001547236967773039,stitched_market_reference
1760812271,23606331,0x1167ab1552d2f4c08f837d8493406fbbe863c0909ce7132d1f0aa9120f83628b,31,0.001548431690364517,stitched_market_reference
1760814023,23606477,0x78c3080c2e1d1231ebcee4d51354056656c069e09ac2273045ee62aaceeb8efb,80,0.001551216289802162,stitched_market_reference
1760815907,23606633,0xe4170646f4fc1f97ca065e8f2497e9533e91c19e05e08909408d28c9378abf81,205,0.001552832461338715,stitched_market_reference
1760817659,23606777,0xd7baed7ceacf3d570c4c2f37b735d030953156398092a8d8a5e25a21e738607a,65,0.001551124843716688,stitched_market_reference
1760819531,23606932,0x06472564ff0c75844c89587f6e38b2e28487d71c30fec92a70d8f9393d2d82d2,244,0.001553487683222838,stitched_market_reference
1760821283,23607076,0x4ab138ffeed7abfef357074dabd0bdfd67c1a67009737ed39095ef59079314e1,235,0.001555807824637832,stitched_market_reference
1760823143,23607230,0x8301d6f98870ec65eedbb72f15f5126ad99c93c6061391cdf67df3fe85b363ba,403,0.001550732880655184,stitched_market_reference
1760824919,23607377,0xfa67c90ba937591336e26929ab9a96f779ce00397cbf96e195bce66d6e277526,46,0.0015485085794417,stitched_market_reference
1760826767,23607529,0xe8500a7b41efc2b732178d32358759d1ece72f3489222b6bd64a032fb9a9acfb,123,0.001549554952858658,stitched_market_reference
1760828555,23607677,0x41dcaa38d298edcb0c532f4a0807ed5b0d600fe03a8dae0d0118098aa54d9fd2,200,0.001553520937669781,stitched_market_reference
1760830379,23607829,0xc57cb3ac14fa2791f46c03c982339a873f204d094ed223654567e91d7af8c876,183,0.00155314643108194,stitched_market_reference
1760832179,23607978,0x90052c71b43d70832b0145d5b387efeac3fa927965505b987ab5c5554a902024,509,0.001550918772658459,stitched_market_reference
1760834003,23608129,0x40895a0bff859a25f51e5b4eb4d0fb0611578fa8ab1d5dacb68b64b3ef1c6ef8,198,0.001540056519405048,stitched_market_reference
1760834651,23608183,0x471807b3b143ffedd21578a57cdfd445b5869a411ae2aad109a8031e6500ef91,64,0.001548205039072241,stitched_market_reference
1760837639,23608428,0xf2ba97323d408eea47dc13c85578dd601ae8295f533abc35324c12c85865d2fa,280,0.001548908840046299,stitched_market_reference
1760838275,23608481,0x08338c96e947183d61f14ce80bd9d1f2c97e5c5a1ac100105f4c4726f6481921,108,0.001549054687999407,stitched_market_reference
1760841275,23608731,0x7073c4d97f8ae3a7f0df98601eb3842095ba3d1d4a4bcd4bbe34f1c4518f7574,162,0.001548011611984322,stitched_market_reference
1760841911,23608784,0xa0910c7188a64d6ad19b97fb86178fec3e480ab3dc2978ec9b1c0dc69e20964f,146,0.001547378165166553,stitched_market_reference
1760844635,23609007,0xc7ccbcc18387ac737d866941f40dfc73ea01142ed9d872dfac8da71c6099bec9,170,0.00153954946746348,stitched_market_reference
1760844899,23609029,0x0f0be1fa23f0e50e6502dffd44aceddfb8be8492acf8dbcc0ecbe8cc9913ed42,117,0.001549644645291746,stitched_market_reference
1760848271,23609308,0xf7761197c40357d5a9f2a3eb507c4275c662c21385cfce26f85b2a45074d91c2,134,0.00154382900684558,stitched_market_reference
1760848535,23609330,0x071ef80736462b153ca449a30ac4acb01835f2133e999b2f046a3cfdca6fd4ae,117,0.001549597436630218,stitched_market_reference
1760851895,23609609,0x9780301a9e84d03029cfc4c537b87297bf2e2872314d04272e937e81646c4dd8,265,0.001547821318797415,stitched_market_reference
1760852159,23609631,0x3611d2fce67d82036b6825a192cf1ce4be105937454566823fb85a215d2f5054,521,0.001547814710647456,stitched_market_reference
1760854691,23609842,0xc3a3d497274bdb0da2519ce6a76071ed3b38471258f944053f9a5e413a27d76f,97,0.001555782504125318,stitched_market_reference
1760855771,23609930,0xbeb7cbd44a0804162b0eae1588b7c530c8f3eaf6a16b85b73d592cf45e2ac5ee,320,0.001540510060838959,stitched_market_reference
1760858327,23610143,0x3d5761237443962d05a0951317cb7bd9259f74019c712b3eace1d41c3539af6b,51,0.001539376655216824,stitched_market_reference
1760859395,23610231,0xdba7076dd4ba17fe6e51bdd9e0b4d2c169f0f7888768dc1f4d38425235799506,175,0.001543854781742067,stitched_market_reference
1760861975,23610446,0xa74ac88d8bf2e9516884fb5df347e7f5432cb6770877017da0eee1831bb23c14,376,0.001534558373326726,stitched_market_reference
1760861999,23610448,0x16f7c02b7bc4cf35358351a7c0dbcfe64d8b3792530e253c2a922e87280e7ae6,1287,0.001523183465874198,stitched_market_reference
1760862035,23610451,0xeb779bb5ef65772d5c3d120c77c7a4fe234b56638b60a4deecadb0d9998c7703,364,0.001538699194355686,stitched_market_reference
1760862107,23610457,0x899bef305b353ba53acd2f33fa97055233c33d4011fd2e14a18b61b992ef6610,557,0.001554564368722534,stitched_market_reference
1760862371,23610479,0x2e96e6e8fd6e72860c1ce6a6b72e9a2d2e85ecb8792da7eb8d8501e21ff8ee39,494,0.001582852136500169,stitched_market_reference
1760862419,23610483,0xa3d84c6e72a5ca2e60d879d50fda0849130555573ed741f9e1f16b566ca19e64,762,0.001570559295303605,stitched_market_reference
1760862431,23610484,0x9cf4ec9c1ff1254ee8c00569f50d0a3aa4e15b263bcbf17198c91fda6d3dd6c8,140,0.001550543445889105,stitched_market_reference
1760866031,23610784,0xa8ed3d4a9c3322d40e10330779c9de938f583861e1c57f3b8a9e15506084436c,514,0.001552622340784434,stitched_market_reference
1760866055,23610786,0xb0c1eea89070abfed05c6d3deffd22249c82f7e80c46d552d95391b37d0470cd,407,0.001546115941088657,stitched_market_reference
1760866931,23610858,0x50f97d8704a5d13a7bb6eee80cc491925a1652bba58a46d9b944319e9c605edd,376,0.001537937522552708,stitched_market_reference
1760866955,23610860,0xd1fd4012c52cfabb7bd43401593646b3e88d3415b4fb3ae6d78ffcd8cdbc39fc,288,0.001554385143564101,stitched_market_reference
1760866967,23610861,0xaf3cefa4bf76264d9cc8534f7b2ed7b04b63159e149a77a166071cd6969f9a5f,356,0.001546381647448505,stitched_market_reference
1760867447,23610901,0xe52aa5db4bb2d4fd70ec97f0f34cd781a46bda02e84c6bc0e4d5f910736fa6b1,470,0.001536474136994007,stitched_market_reference
1760867447,23610901,0xdba328431f24feefc93ca963033d72c3af109b81d6b96ab1a7c4ccfb5c570f96,658,0.001552027331864121,stitched_market_reference
1760868347,23610974,0x8f2709ee4cf026ab6b4c8773d903510d46b2c380cf307c7255232049b27e97ea,121,0.001560250951505248,stitched_market_reference
1760869487,23611069,0x106245f416911bf5b8bb4713f41a2e8e4b0769b864ba64d4bf81462ae7b23ba1,531,0.001552405092731232,stitched_market_reference
1760869667,23611084,0x0e445e99dc96dec0ddcf60dcacce057c2041024deda2c3a7b30e676318838be7,183,0.001570399762612135,stitched_market_reference
1760869727,23611089,0xdb18441288cf41b81fe5aa59d5758c11681ab4437fe9fd30a9b3e93528bd0ed1,920,0.001562195815630165,stitched_market_reference
1760870147,23611124,0xfba84af159cd7faf2f4dc5955359ea090a00ec91ac7f695c006575ad878d231b,419,0.001571685151804148,stitched_market_reference
1760871719,23611255,0x67da9e773fef60c3072d7f2f43f46e13fd75fef1442f4e01e92df761a27012ec,770,0.00156238197002695,stitched_market_reference
1760873303,23611387,0x96e15b5470ae6d4029afa23976595a6491bb576a8a4dc8aca89813f1eef4e86d,574,0.001565109613839019,stitched_market_reference
1760874287,23611469,0xbb90af88d22802c6f38fbf685551942a7a1c29813f0f131a75ba14d0db2787ed,182,0.001573109154734106,stitched_market_reference
1760876927,23611685,0xc70c1512ac26d851de42dbf3bdf9e2e8001530d30b723586bb870885ce885ef2,158,0.001561901620233161,stitched_market_reference
1760877923,23611767,0xe7ce5d29080212abb6afbd9f07f246dd29e5be4b22de9d4c44674c19cf95db45,76,0.001564967746304335,stitched_market_reference
1760880563,23611984,0xac988a0401a55d68225e71c1557f90bb7101503211258b323b99a45f24fcffcb,105,0.001576122081533877,stitched_market_reference
1760880659,23611991,0x9b8ae36aa851f270c28ce7a0db7a49b7d448ffb3279ff0bfd0c1513b00c785c1,97,0.001567309986247081,stitched_market_reference
1760881703,23612078,0xc40476715974d6e0bc7a67619d1b0893a2c5c77a4cdc1caa68e1f394d97f89d0,237,0.001584307789806299,stitched_market_reference
1760882003,23612102,0x52d4d1b378f234183bdd4fe9e11ffa49a83674dfc33140dec652ea8002500acd,412,0.001575358289704329,stitched_market_reference
1760882279,23612125,0x12368a927f72f81cef0c0925505fba055bc30e231174c5903dd5a6b079ae3bab,872,0.00156617253575596,stitched_market_reference
1760882579,23612150,0xbe3363a439e32a5501edd423eb439507281628522913d962a14098fb8b0ed7af,35,0.001574371558442658,stitched_market_reference
1760883515,23612228,0x876ac2b09c3672dece8623680b3c0a755249405d76ab8a8ba511ce014d6da24c,179,0.001565664669724683,stitched_market_reference
1760883731,23612246,0xba487e00e714aaef451e5d187248f469cd0cd7b029a5e35c2afe2c708e878a8f,879,0.001583100548399266,stitched_market_reference
1760887139,23612525,0x1460bbcdc36e6646f8248534a61336500b9fd0a8904bc3947356620db9c85059,216,0.001584879010075585,stitched_market_reference
1760887343,23612542,0x45af2be81a8e4445b5919c58a75119a0df20e537f87e6ef2e8c27236f6dab930,85,0.001585111755854817,stitched_market_reference
1760890751,23612826,0xf6e98749c548a1369ff5cdb1c373c33e375d0911408604b1bed971861395d040,142,0.001588705324521515,stitched_market_reference
1760890979,23612844,0x296f5040bef013e525f77aee3df2f60196a05afec5c0dbc31d5fff03d51a8f08,93,0.001576969503691267,stitched_market_reference
1760893547,23613057,0x22f18f83261df373bcd059771a33e9f323b7e5065b2290e843ac888216a3fef2,979,0.001564817918144859,stitched_market_reference
1760893571,23613059,0xcda9fbae817889c62b11bb6194b2ca7ac3a99b139341f1991f175f096fcfc310,392,0.001580748131809007,stitched_market_reference
1760893703,23613070,0xd8bf86d9130f4b1e958b691e08d1c1cb5b1a9ccda7eb526cbd9b2a524247f551,389,0.001572576750649943,stitched_market_reference
1760894447,23613132,0x247e4d36d2d82aee853d5d47944b928ec5c5419a18fd7c19798413aa75bb75f2,281,0.001580775489986162,stitched_market_reference
1760897183,23613358,0xe47eeae399a33ade09bf267c5aa6a07012d831dc5b61220c2ad66523ecc8402d,209,0.001575641519650269,stitched_market_reference
1760898083,23613433,0xc739e4c350a4be861dd0132c3740769ffd325de2fb9fc50aa809465499eda4ec,296,0.001580380128823565,stitched_market_reference
1760900783,23613657,0x9d9d8f9e58f084cee40f28ddb6af635f981e2dd4e97fa6e5bea34c1d3531b4ad,181,0.001579814891580039,stitched_market_reference
1760901707,23613734,0xd7a84afdf7aaee298e4284677943dfc2256c8125d5df1564c688f465b5a3d96a,241,0.001580255302895646,stitched_market_reference
1760904395,23613956,0xed833e1f3771b060fd24ccf68b0dc1a834119960830265866f222130fce33d17,22,0.001581858442140681,stitched_market_reference
1760905343,23614035,0xc544d40dfe8f7d2b39479b8e563547499d9b1d867a51f42baac42d4c0338d32b,258,0.001584702623760211,stitched_market_reference
1760907527,23614214,0x0dc46a6d4785e337b7bc2f1cc76ecaa2838662b6ffbd56f77f59d48f11806048,240,0.001576269350729055,stitched_market_reference
1760908019,23614255,0x7eb6fe05a53e3c09b817f80365221c9fbaed4d919697bd1ebf30b785df3dcf44,165,0.001579726232569863,stitched_market_reference
1760911139,23614514,0xb32c36ed515659dc34dbeee994081d58d878e9bb099c6765c7e6d950ece1298b,63,0.001582625188937186,stitched_market_reference
1760911631,23614554,0xbb2bee90e541b9fd34233fff421017cedf4bc6ec91690b3078067a7db842dcc3,212,0.001576009952074498,stitched_market_reference
1760912963,23614665,0xd196fb7ce1803ad0b17b8b093d7b44f692e35b648ba3be553642866024e7e907,311,0.001566938425657673,stitched_market_reference
1760915255,23614855,0x8ca847c8ee81e66c2a947f30fc4b6b3b1ffb9bf7bda44013a546d8265f4d9b72,241,0.001567715230857232,stitched_market_reference
1760916203,23614933,0x201d3a7c9e4d989f9b0f0371b469a7b84e91b30b0830182fa7fd21867d7b1d7d,279,0.001576081306924762,stitched_market_reference
1760917487,23615040,0x55165e8e887f4d8c0fe8bf68ef5434e9a944bf62504c4d2bd850321184cd1024,682,0.001584016234680929,stitched_market_reference
1760918615,23615134,0xf0dc78ce44290985ba6df29805e06b2985cb186a4301cde8a8a5fe9a72eaecbb,218,0.001565803101579685,stitched_market_reference
1760919311,23615192,0x42fe709e207cf4975c5d172f2691206230b70b178877aed5f05db609cebd3524,243,0.001573862857995207,stitched_market_reference
1760919731,23615227,0x9796b348ca6f3ea54113733ddc3a78772b95855d8f920bf82f0840ca62ea2096,696,0.001582032539734947,stitched_market_reference
1760919887,23615240,0x5775367b6420df9f2059542d680f5aeac6cd4d9769c49e82e86caef3f40183f3,770,0.001565215759878496,stitched_market_reference
1760920247,23615269,0xf0d01d6bd92202fedceaa587db676769d2a1063699a9019a4ea76784ca02c829,685,0.001573303367287023,stitched_market_reference
1760920847,23615319,0xc7273ac373133bd1eec6489f1d1f8a869c220943a447dddb34b990be4dba1f30,788,0.001564400693854314,stitched_market_reference
1760922047,23615419,0xde66bd4ae3798600f6a4413b7862a17233535a19416f3f09e0e2c7faeb4abb49,334,0.001581337700979672,stitched_market_reference
1760924471,23615618,0xd242876a02122f8a2841fb43ba5f50582c1f82834d6f3c6be8533abd2a030b3c,407,0.001580971369648276,stitched_market_reference
1760925671,23615718,0x56ea6d8a0a829f68fcfa79261261fd0648366fbebc3cf3614f1963a725cb98c8,321,0.001577173662857265,stitched_market_reference
1760927783,23615889,0xa2b5ceeaa0beaa714750890e7bc49207a30e15704dd741f63cb1d36ce3ca067d,295,0.001568631766747963,stitched_market_reference
1760929283,23616012,0xf6d10a29dbb8ae3d005cee576944e3e5c22f5a375de49dd255e409a603b8ecb7,261,0.001575511288427325,stitched_market_reference
1760931395,23616186,0x4d8ef60fed27fb4f728a3effcbddc6c6ceb0e3ce99647b6e95b5bcfc4e5f947a,147,0.001576259639180985,stitched_market_reference
1760931803,23616220,0x7c1d6abe904931e38b3b569f1505a27b90d049621a45dcb351ad4a97c601a825,166,0.001566548738417272,stitched_market_reference
1760932103,23616245,0x219e8418cc83befc5757cba29c449f05b92996c02c66986f9c100d30e0ebb5f8,133,0.001582593780958811,stitched_market_reference
1760932283,23616260,0x5045dc5b94116679bfe9ac37da2d0cd422bcdd88ddcd6c73803d0b86deb86a8e,1034,0.001573668587133196,stitched_market_reference
1760932343,23616265,0x77c31ea64855b555a2db0aace9bea2bb172abb3ec2ef2607531c7e5b472420cc,227,0.001590302319274193,stitched_market_reference
1760932511,23616278,0x18766bfca60f55df5fe34a97844121a080ce899e30527290e868b2132aecd825,789,0.001581043768871774,stitched_market_reference
1760935967,23616564,0x032205f138c961970bb6bc19580136c939fe0444ddbf42c6562809ed3492ff65,133,0.001586356869760252,stitched_market_reference
1760936123,23616577,0x598e8750fd01352c6bf8c4df17b139fa152e53fb949b6d7143d50f5eaff3826a,69,0.001580392474935542,stitched_market_reference
1760939603,23616862,0xb423529f5627968499d5c1f45ef2f3e6b1f253e54e4864c25d44a7144d4514ea,700,0.00157172054898115,stitched_market_reference
1760939615,23616863,0xc3feadd6a334d715c68bee44bfe6baa4aecc50214c916a28cbebb491931180a7,507,0.001584833198218564,stitched_market_reference
1760942099,23617066,0x11593d7803a30d9276d89b34faa3b5d72efbb48c6893d05fba69610f780972b8,175,0.001600708267856197,stitched_market_reference
1760943215,23617159,0x2b61ff3252c609299d699eebb4004b25e16b70f05e3c2c5931c268c48573ef34,81,0.001595941119022143,stitched_market_reference
1760945723,23617366,0x2f0cebc081a808ccce72507bf89a4d5ae3fd06b3f266b9ec0cb72135cb54bf08,220,0.001590757627445069,stitched_market_reference
1760946227,23617408,0x5dc7f378f58a2c22617c02cf8338c21f1ca0f44874990468072c14cf1f77d876,27,0.001598968753049383,stitched_market_reference
1760948567,23617603,0xb0576178e6ea0e4b665783bc180b0bf33f4459a67282e3ce137e6125e39dc5af,47,0.00160817418429924,stitched_market_reference
1760949167,23617653,0x1e80583335bd031380e251f84627a643c59b7a25c1245cc950f844791603d222,195,0.00159663744748959,stitched_market_reference
1760949359,23617669,0x0fcd67aea4698ddf27e4a51d320008250047820899d7b0a893cf8261291ead1e,261,0.001597466258497588,stitched_market_reference
1760949815,23617705,0x4ccc3bab307a854ff07d7367f09d45788c565e95d2f6129e360be877435315b6,360,0.001605691334042836,stitched_market_reference
1760951819,23617870,0x04dcd85e32b86868730e4ebac3cabd79012f827b6cf9c3adcce211e56f8846b0,65,0.001588911068630825,stitched_market_reference
1760953439,23618004,0xb742c2d5468e24c3514397a1300d549bb8bf7c4dd6544a1a6ea66d3791da55d9,55,0.001590233210443746,stitched_market_reference
1760955443,23618168,0xd150a03beac01de5b4898e4548094b1fb4bb5b383d710531866e1c1f9d3fb2d7,164,0.001597652271791653,stitched_market_reference
1760957063,23618301,0xf2f317b7e7f519fef32cb09afd0ef13bd3c44ae9c815bb542df4b716adb18456,113,0.001598195282851718,stitched_market_reference
1760957579,23618342,0xd1db634f9aec482f43f9fe639ed7116af331bffccdbe40100ddea546224d08b3,97,0.001606490002095093,stitched_market_reference
1760959055,23618463,0x76919fa3798a14e84bb08fe33c0eb8584c036b0bf0599f59a03d6f55a34dce1f,291,0.001600002831937849,stitched_market_reference
1760961047,23618626,0x19d25e498ee03c39fa81e32eb99b28c427563826c5e5893c5b052803301e0df0,141,0.001592007448511616,stitched_market_reference
1760962691,23618762,0x0e31f9bfa0d736299ba98b984c9339ca4272189866461c4624519095f207da36,688,0.001599318074983288,stitched_market_reference
1760964671,23618926,0x144fd140fab3a3d7bb2439d167515d0b2a3e01938e67f7e111e91910cabe3a89,398,0.001602386894160022,stitched_market_reference
1760966315,23619062,0x106e3cb8b8d556af025fdcff815bc69b3e9803eb3acb765e9d1b13b0945937ef,142,0.001598137354323051,stitched_market_reference
1760968307,23619228,0xdf8a7ad2155fc59937dd8ab40dc6f74c5fc35f06705180b30e4ea8598b850eef,227,0.001597119142237372,stitched_market_reference
1760969927,23619361,0xa02e5b675dcdab45d21ae9a8dd161484eade1608b0d68dd7aee8621ead0f11c1,398,0.001587153884102881,stitched_market_reference
1760971931,23619525,0xa0b0b88b2b1f542b0e623f8041e5603545abb0ee16bf2c4203e3527ee0ad5851,345,0.001585228940060603,stitched_market_reference
1760973551,23619659,0xe804b29612ca569956d6996950a70f4733d6c51bf8cbea98333ede56756ec317,266,0.001589941019234865,stitched_market_reference
1760975555,23619826,0xd9d6945241a59c2a9e5cd43a444369524154c826e7c0ef4c68d366ea4fd34e7a,1461,0.001590507407343189,stitched_market_reference
1760975867,23619852,0x6b216f28ebcad13b21a79ea4d6152e8c959650bbe66717671c3cbb1d3e7c5cf0,633,0.001602014966780682,stitched_market_reference
1760976119,23619873,0xab84a33c268d4748d70ee72a7fb93f35120ceec7d63ea06bd7968f1a77507c41,731,0.001584195937837588,stitched_market_reference
1760976131,23619874,0x8730eb716d70cf5ba2a577f3730368f1e6b7926025f95ad8edd95430398a9d25,627,0.001598760280106974,stitched_market_reference
1760976143,23619875,0xf056ff0b0e377290ca0be8fae516df3e18ba9a8e493b666ae0d7d1a122470d63,904,0.001580056807391308,stitched_market_reference
1760976491,23619904,0x6ee7391fcd7a4a6a6a46746b33c3766cde244123ea731e64b9a4daae5d627731,145,0.001596169447452303,stitched_market_reference
1760977955,23620024,0xbde099f3c04dbe8a736d0bb7350bd0a687f9d75ded042f250d7fa7f8c6d8544c,289,0.001604733578028097,stitched_market_reference
1760978771,23620092,0xa34af7a16264dc79293de78f8b9c37b081aa7d7b1861c527b4b3ffa623644e4b,129,0.001613159370145429,stitched_market_reference
1760979563,23620156,0x198a06585fab82b3d65e00ba6f4b034d7ec52289249d245600e3335d2183816f,325,0.001603276607259824,stitched_market_reference
1760980127,23620202,0x07cd8a7ef8cdf36ef8d5250053b3547be907c8c912058c99819c2aefb63de133,46,0.001601549365340697,stitched_market_reference
1760981831,23620342,0x2af4fc861c020c3fb6992d226c61d9fa6d389b8e1d6e76ca710eedd211f59179,414,0.001610460868061471,stitched_market_reference
1760982515,23620398,0x66f3c2766e42f7f43b3dea9e0c4ffcf5473fc59cbc37bf4a20a76a584dc76329,454,0.001602249590128286,stitched_market_reference
1760983763,23620501,0x52be77a3ed76e6a92ea6f2f48c783ab58f4af030fe9a8f73915b90b17751ab2c,251,0.001600748052551393,stitched_market_reference
1760986115,23620697,0xd4671a5e91c069790b446de7933de4dff7ed8c4b59949274f4f404820bc784c9,110,0.001593618241483918,stitched_market_reference
1760987387,23620800,0xbdf60638a17a8dcfb805e29a2f4fc1d3252b3e9c60b831d1bc1603ce620e6e8c,109,0.001597143705535959,stitched_market_reference
1760989727,23620994,0xef3de8a8050f76e48c8186e7bd364277f4eb317fbda4b8131aadd81a14cecaeb,84,0.001590451360130432,stitched_market_reference
1760991023,23621097,0xe01f59eef0705a0947fdb8295ef7acb67b775044d2849ec6c62b84a063266867,111,0.001600506678372107,stitched_market_reference
1760993351,23621290,0x54ac38139a2ce477fe716d7a6da220db0e36f03e5d094a959601cd358208cf0d,89,0.001597149529552229,stitched_market_reference
1760994647,23621397,0x58685ba69d39678941e15ec94c6f991e527412164ea33e0dadd48a8d78110b7e,809,0.00160283106432081,stitched_market_reference
1760996963,23621588,0x014a2bbd5f3513da1b47c7d0d90e42e579d4bf7f318825350c539cbfcb1c7cf8,297,0.001611020135038863,stitched_market_reference
1760997743,23621652,0xe8974e80f2b73be1b88a51e8091b4f353f0bf2ba0de0c982a20706af53712acf,92,0.00159484978626735,stitched_market_reference
1761000587,23621888,0x594dbdf92fe7de00aa9cdfab81fcfef953b608cd34a43d86d6a231112a3f849f,71,0.001589665040664981,stitched_market_reference
1761001379,23621954,0x246dc85e1d1be4f02934a46d8476fde3575a010bb7cd0cc9d7845c2312007658,17,0.001594200196107965,stitched_market_reference
1761004223,23622191,0x77cae95120adc064716bc51373eaf383a750202fe64d2bd9a1392d7076a8f72b,400,0.001596608419250058,stitched_market_reference
1761005003,23622256,0x7b119dccbcf50311baea56e099f627f5b7ad5d33ce04c3cc2eb8a60c555048a5,289,0.001591944477247111,stitched_market_reference
1761007847,23622491,0xf894741f9aea003bcabb89c6ef546990c78834fad3197818c5b2c05336d5b00e,670,0.001593702070594291,stitched_market_reference
1761008615,23622555,0xd7b0f63a0698a09d68021e5c660ad570c40212f38a5ad7a18061be60c3f98a93,434,0.001588494735572643,stitched_market_reference
1761010607,23622721,0x45f80500a83a789f63c41e4b923a62c0f513bc719d008d34caf8cfcb8a0832af,255,0.001596619563624233,stitched_market_reference
1761012239,23622856,0xda274fbdaa2eb66bca2643551a317388b0450cf09c940d0f734aa3946b757b19,167,0.001585963675786047,stitched_market_reference
1761012287,23622860,0xfcde6415600381b0f41b03cbfe8a5b166c29c18477efdcbe210bedad5a3a1321,448,0.001594004170957194,stitched_market_reference
1761015875,23623155,0x249367b8ed1c5b2f1aacd40a75f8a918a4f28e76863031bd5e7bb213e81da8d2,220,0.001594218258232839,stitched_market_reference
1761015899,23623157,0xab814ecd2ecb2ced9a6826bc37c333b2dc327860091d676532d42cf1baf33ba8,237,0.001593902550526988,stitched_market_reference
1761019319,23623440,0xcf8be5e3ea869d102158e0400ea50d7e244be2057e774b23a1a61ad2bef8e06f,219,0.001602593365227224,stitched_market_reference
1761019439,23623449,0x99d58df0c4132dac958ba5abdba6c55011899ea7e3448e2d5fcb25676ab07c8f,1062,0.001583541999663504,stitched_market_reference
1761019439,23623449,0xf7e0ddd4b2d7fc0c7047c68054de76d99a163c3b81ae19649a2ac4be23ac2e6c,1163,0.001591955755367993,stitched_market_reference
1761019883,23623486,0x86a2a627cb61d63a69d4ca5559f74a33d906666e46dfce3e0198a5af2a3b10e2,1038,0.001593993677840887,stitched_market_reference
1761019931,23623490,0xd2a4690629c3ea24da24dddb91269defa49f8383d1e6d9579143e3c8ef418240,964,0.001603386354313542,stitched_market_reference
1761022043,23623659,0x8737e81019627c8671636968184525d6578bd5f79cba103a0821a78bf18659c4,833,0.001612135475329076,stitched_market_reference
1761022175,23623670,0x403234692082cec976b65ab857cdc99a09da2d2ffc95df5d28e7872d11a8e3be,379,0.001595806325643677,stitched_market_reference
1761025583,23623948,0x0f2b718230f9c6cafb26809737934b11d38f455afec4db1f7d44a647beea60e2,288,0.001587158750855269,stitched_market_reference
1761025811,23623967,0x72c72acc2dd6f1aa8e3c1c7e43c13214684ecfd419e698481bf3611901473420,272,0.001589186816591575,stitched_market_reference
1761029195,23624248,0x838b66ded60e5775aa10f76e82f489efece6d7f8c17491eb9a8a69efd542c1bf,261,0.001585185635410909,stitched_market_reference
1761029435,23624267,0xb4182812e2e50cb3f9b19ea7e4833031e594ad47f5c0c38c04620c31cbe8bbc8,134,0.001591366697863875,stitched_market_reference
1761032819,23624547,0xa31f121f26709390dec907f5c123d2f31ac690eee5b7c8fb54ceebc849523efa,60,0.001587066349648055,stitched_market_reference
1761033095,23624569,0x790e7734ec7365baed32306de5d66c10495d71579b21133f509b5e44f8a841ce,8,0.001592717014763569,stitched_market_reference
1761033107,23624570,0x0280b54c38ef7b040b2b0e2a9aeda62e09da68f09e62e6bc40ca587203b23d2e,15,0.001592717017332053,stitched_market_reference
1761035555,23624771,0xf4f2bb39369b0d8954c98b85312df6b851978028dd654963d250800e867ae29c,109,0.001600975680484134,stitched_market_reference
1761036731,23624869,0xa0bf622ae12abe5c381b206a61322daa8f18863f5c28c4c06d4f8d3978cfc3d9,288,0.001590635561793053,stitched_market_reference
1761039179,23625071,0xe64a639d2f636d9787294b62fd0420c177fbafb251f343947f7d88d3826b85eb,101,0.0015903665715919,stitched_market_reference
1761040343,23625167,0xe73380dff0feb6f2510278cf13d43637afb78995ad7a28c84440e56bbc5f2543,17,0.001586374923028963,stitched_market_reference
1761042803,23625371,0x8f80b567d570119e081897ed002beb5e9ca58f7d8a40cfd7cbd24b3fa58beff4,1433,0.001589208104886919,stitched_market_reference
1761043811,23625455,0x5ab0405b0c4daf93e39f09f9a4d98bfd13e66b9a1eaf23e073c8fe7bef17e9c3,26,0.0015805479862147,stitched_market_reference
1761043907,23625463,0xc6f3bf89267b0770bc3dea5561caf043bf4c8dfadee7208e394892c0e989d522,297,0.001597507844246695,stitched_market_reference
1761047435,23625753,0x6d3083a0695001752fbbd2543ea098ddd6fa5deba40859135034c765bb06c341,36,0.001595233019477824,stitched_market_reference
1761047543,23625762,0xa0785602c228addc83c2e31aafeb79a9c4555c7a2e49674d49925e67eb655bcd,255,0.00159871809651714,stitched_market_reference
1761049355,23625910,0x74cd78d08e13ba45e3da73d922eaf07740b7e7c5aa2021b7dc412fb1bde58be4,424,0.001588956465447217,stitched_market_reference
1761049487,23625921,0x82133343f75d7123785e194d211f2a1b6430800bdb4e48e515274f978bba618a,234,0.001605315991097088,stitched_market_reference
1761051011,23626046,0x6583d82b14860c53d8f297b2515057239040a325175d36ca17814b6b5dbd4054,157,0.001613573077893886,stitched_market_reference
1761052151,23626139,0xe8f016d9411a75d473d4a0068919e69e080bd8f06f5140de8373f6b9b0d27cfa,277,0.001622806997399005,stitched_market_reference
1761053087,23626217,0x27cc9a26c987978decb3c98980ec9fdbdc95135da7f31af5704ea44bebeff577,582,0.001624715379414982,stitched_market_reference
1761053915,23626286,0xcc0c8940d6490994e08e84cedec46a28a89613cce91c8100f2d2523527a149c6,148,0.001616302231934769,stitched_market_reference
1761054191,23626309,0x56ae38042861ed6151fa8140852b93f0ea3821d485db1dd184ca11b0d9ba18d1,223,0.001624595780820689,stitched_market_reference
1761054995,23626375,0xab44fa425e851b1112576074ff8990161262215d6235077608cd99079445ce2a,495,0.001633135078563906,stitched_market_reference
1761055415,23626409,0xc3ef49733956db6f6ec1a4aebfc12fa3442d256e1118029dc109846bc71ae581,315,0.001624874703875552,stitched_market_reference
1761055799,23626441,0x677218749db249cf245b5480e47c4322abb77a90098a01d5331ded11f049ff40,210,0.001643368229137097,stitched_market_reference
1761055811,23626442,0xed98d0c2a8df96913aa3af4f9ebb741f165b21d64c587f755bf3d6893eec1774,398,0.001631771627037296,stitched_market_reference
1761055931,23626452,0x3b0d0ec9b5e707ae3af92b03247c8423269dbfaf2724dbd6d12721213a160333,329,0.001623555746902927,stitched_market_reference
1761056339,23626486,0x05a1b1e1594d51c3d1af5cc1d4f96a6099653a9ad62e9ed7a991ad968584ba95,313,0.001640248019365446,stitched_market_reference
1761056351,23626487,0x797d230134d71c14c72dc40e4a892d0e273348191875002fa2847bfb6c8f2310,1010,0.001632035122537975,stitched_market_reference
1761056987,23626539,0xa58d0180925d644cb16989259af4bbec5ba4bc8dc1cbf9f4f7eb049de83f51a3,230,0.001640309749096699,stitched_market_reference
1761058127,23626634,0x58f2c9d29dcdf4036d018af1a9f5e2395a5f5da8c4234f394ce6132c0a5a2de3,348,0.001630460651149141,stitched_market_reference
1761058427,23626659,0x1287f3f80a1c295edf2057d99bebb075005e79c8df1d6a60ca5a10528db5ed3f,442,0.0016194377681402,stitched_market_reference
1761058559,23626670,0xc7e857946fbb518680685555dff6d4bb2446cc146707c040c5175db90e43b4e4,1041,0.001636026234453941,stitched_market_reference
1761058583,23626672,0xee8f2a1471ec62778a21881ea2629769ad5529c818e4cf52aabe8a8f77274d2d,642,0.001625012204733091,stitched_market_reference
1761058787,23626689,0x34a8419670cf3fc73f38f638068ef8aa5a6dff7c4abf7a76641ef3e6c04ce074,382,0.001616648959064337,stitched_market_reference
1761059363,23626736,0x7eff48dcf817399888fc384627f872faf4eb43323790950a690c5b6ab3c89b30,431,0.001634964768221936,stitched_market_reference
1761059471,23626745,0x034d9cfd9cf577c5181614f75eef3f4ef179a0ace6e26eb7ed7312c35ab77e23,260,0.001626590571850246,stitched_market_reference
1761060191,23626805,0x30cd1bce866c522ed477d55b3e3633b3bc095a9af92801838465444ca499bd6c,555,0.001617844003118501,stitched_market_reference
1761060203,23626806,0xd8b5b270d32fe2254f1b3c45e02429a94b1cb2b8ae9aea88ffcdae92069bd47d,2,0.00163548441700595,stitched_market_reference
1761061019,23626872,0xf13e18ef7c27fe01c19a661633bfcd8e685607436a9437b758e10ecc0f9ea441,150,0.001618609239538357,stitched_market_reference
1761061091,23626878,0x8a127dcbe9662039449b67dd1353c880b7efd7bebe264474abf263513dedac66,287,0.001627431244107115,stitched_market_reference
1761061307,23626896,0xdb5dc76ed9a1203e3205f2991039c8ba6c6dbe0b4a5b4edfb886a71b9ddb5f04,180,0.001617704382142103,stitched_market_reference
1761062447,23626990,0xd65afc33c402d4e4e9c10bccada14ba4bc7a4f79dccab134ff978fc1144e021a,309,0.001606754971038868,stitched_market_reference
1761062951,23627032,0x0ea1de3495dd2c3f2f3bf62cc5cdb876a7fb6aafac7ff2cfee6eba72add24ac7,251,0.001615652373874482,stitched_market_reference
1761063587,23627085,0xa8250dc231843286194403fe70347e5ed3da71377d8057d28f8ad718b28e78ca,480,0.001605977879639646,stitched_market_reference
1761064643,23627171,0x7af5a6ea00390093b3ce339cdd664d2299c9f33f75701e7d76d642b8448c3609,326,0.00161574684666424,stitched_market_reference
1761065723,23627257,0xc287bd6800bc8c71a9e12494b74769f4f272a10c646bd28398399c1bd9bbede3,334,0.001624936920677331,stitched_market_reference
1761065819,23627265,0xa9a11a7c09eb97cbe97b8218af8f3d62178f21d88f8a9ad2cb34481a058fe943,991,0.001607041654365538,stitched_market_reference
1761065867,23627269,0x1871a202000aa9149dcc044217a313a6330d2387d7d29ca793b93ecd87b02ac0,463,0.001616476261468099,stitched_market_reference
1761066107,23627289,0x11c6e57bc3d4c26737608a2499306439089dccf5d7cd8c16a494df50dec1c11a,295,0.001625114292313538,stitched_market_reference
1761067139,23627373,0xb059c23825956f1ec41924de7be987756934ff79420fb9fb833554da908a0bb8,1060,0.00160789086113505,stitched_market_reference
1761067139,23627373,0xabe5e4387c11177c0f98879e4b8d5d581e40b1ef8774c6065036cd56e00ec649,1255,0.001619273531278536,stitched_market_reference
1761067211,23627379,0x1a4d3dbc5afb3093b4fafae7d7329ed9792d32d50170ea619f4935e00a118a6d,604,0.001628713640854465,stitched_market_reference
1761067607,23627412,0xeb61ed5f5aa68943c98596cb3b03c9d000d853a4d6b42eaf3f408cb0373453b7,318,0.001620159183937168,stitched_market_reference
1761068399,23627478,0x9c295ff8cdfe00853e98eb35ed3bfd8a8a0266818565484355eb71bac0dceaca,227,0.00163734589550425,stitched_market_reference
1761068447,23627482,0x9c671d31efa0b371a943bff027eedeb364c9f73642c721004fa4422783720c2d,911,0.001628129747969421,stitched_market_reference
1761070307,23627635,0x65f51ef0bf0485a65d67a76af0e293eb50efdef0d3d99142ff0c3a8629500f67,201,0.001641452517966193,stitched_market_reference
1761072035,23627778,0xdf8cb93b7dfb3a87ac75e388c31a826ddc4baed480797a68894a180a1d66e00e,167,0.001635597673386686,stitched_market_reference
1761072443,23627811,0x10d859b3ba83ab44e693d86d46a87015a1f81fdc4b8762aff069aebfc6bbea4a,85,0.00162729920849069,stitched_market_reference
1761075659,23628076,0xd771be1ee4081ae9da2e81da12d603708030c45fc77a0937adf88c52a7166afa,72,0.001631539928661822,stitched_market_reference
1761076079,23628111,0xe3cf1692c200b91d0d9d1e7e354928729602c815f575ff5c2125d2504e457d0a,59,0.001631544250117867,stitched_market_reference
1761077339,23628215,0x7fa1c6da47bc5b3de715fc93799c69d32d6516895b8c048801fda33109a4443d,298,0.001639845024310207,stitched_market_reference
1761077819,23628255,0x881b0b75b9adc9012e77b0c23cf9cf44368fb84227e7d0326ff0dedad30bda16,1141,0.001651658127038296,stitched_market_reference
1761077831,23628256,0xb6fec3a6e543b1ae99be2ae5ad406130b9e872b4b7c4a1c7134ba84d646ec3b9,1112,0.001632273887425889,stitched_market_reference
1761081443,23628552,0xd4a1588f3d5ff91b9f6ae2e788f2aa3efc181911068b80b956eb99fc4095fdc5,467,0.001634686780117444,stitched_market_reference
1761081455,23628553,0x0d6f8364f73e009dd852200b21bedb84f06d3aac423419dfdf1d7c911a349320,111,0.001633585361137529,stitched_market_reference
1761081779,23628580,0x0f81a13411e895e80e850ef87278a8f7e1ab6e8478edadcfea60188ec8a92a48,488,0.001643319839266704,stitched_market_reference
1761082583,23628646,0x572eef6751cb0d589868434b2f7218a9c2d892afea8031216e18c92d870b9843,271,0.001635078976296979,stitched_market_reference
1761084575,23628811,0xb1ca988f1a89b0de9646ac54ffa4be166f77de93a0dc5774ab16010546d79d27,119,0.001644119924305518,stitched_market_reference
1761085067,23628852,0xd0fb5adffb7b51118add5982217c82d902346408ec68730e267b43d52fb8128b,474,0.001636671391204464,stitched_market_reference
1761085955,23628925,0xb4b6899e312fe990cdbcfab1f9b43c1e0ec494f78f9de2b5309bef1625db8a8e,556,0.001644904458279982,stitched_market_reference
1761086051,23628933,0x36166ce9758fc40cd6d565ed3a6fc9332f36e217bda700c84ab3324e8b32957d,172,0.001628316566761386,stitched_market_reference
1761086843,23628999,0xddb7e308405ca89e88a3561f6c3317ed0cf22eac54895d5cbfb7ab888ca099fd,154,0.001619878017983032,stitched_market_reference
1761087203,23629029,0x6a36c971c442af133eeb3c0e4850444abecd7ac8b57e35b3b29aa814e88e11c9,524,0.001628038210786609,stitched_market_reference
1761089531,23629222,0x7b4caa6c7748f661ea77cadfeaa69a67c9974d960ef29ef48f9f837699bcb793,298,0.001611670710352809,stitched_market_reference
1761089615,23629229,0x929410f17089637ccfc7d26a111579c7befe070ec64127749507b37c10c96974,368,0.001620017692633353,stitched_market_reference
1761089879,23629251,0x9e9da12769002967266b6d8daad8b29bd3135e839bda8410f47618efc253a0f0,726,0.001628538278161591,stitched_market_reference
1761092039,23629431,0x83480c9aac256b62c1b7f94a457f0844b5feb8e5d88038b8232a01d3373ae3b3,972,0.001618399742487946,stitched_market_reference
1761092795,23629493,0xe393ab274e978e2104aa9233bcfe9324463a281ebf933662a467fcc7b16d27ab,118,0.001626534841188393,stitched_market_reference
1761093167,23629524,0xd8b389346d0bbbe0792bbb0f970ee865a42012ee1d9f970e5eab324205a67663,222,0.001618636659166961,stitched_market_reference
1761093335,23629538,0x73622f3b17a07f6f50855b9f824af4964dcfac2b66f474f462a8f93d70d3da39,1171,0.001633253353557624,stitched_market_reference
1761095315,23629702,0x157f85d98c7ea13b3c77715a09fbe77b93bc0eb5fd1d0d3abbfccee5314bf167,261,0.001624935962540572,stitched_market_reference
1761096791,23629823,0x0c12f1f0f4f09c47e245b5239a9ee1130704438f1c8ba80a5e1d789cbcc07cff,207,0.001613593423073461,stitched_market_reference
1761098939,23629999,0x2d6f1388019021b9c109847f254bcd412ecdfd16074ca9afccfb8356fa3279f3,209,0.001607612302092508,stitched_market_reference
1761100391,23630119,0xbc9f432cfd434a45337716f24e858f665453ecd7805ca9b004d3c5e58b1838f8,826,0.001616772082744248,stitched_market_reference
1761102551,23630297,0xbdf3ad7a0a5960cbd8745238eb93dea8350f4aff69ae83c41838567149b74a61,379,0.001622993449373982,stitched_market_reference
1761104003,23630415,0x8702e4ae31da918c1c1bfefa383a437d7f5c30dbf73df77d570df16b581eb974,158,0.001617666192960799,stitched_market_reference
1761106175,23630595,0x42e8b7ecdfc446a92f9b86a1a282128c014fd3645ef439175093618414a86125,89,0.00161088463013195,stitched_market_reference
1761107627,23630715,0x806f6dc11f4ee2a1587fe9c14baf79a18f8186be0037863972e86079d878d696,183,0.001617093753120077,stitched_market_reference
1761109811,23630893,0xce2308d8aad48c245767e58e00298d66c6a7189cddbed54d93abda513805403f,543,0.001618106498050352,stitched_market_reference
1761110747,23630971,0x02ff6145389ff534043b833ca45164d0ea00782bf40a6c746a296913de99b516,124,0.001601301411136635,stitched_market_reference
1761110831,23630978,0xd3e04dae2e3ca219075e247f32bf393613c22d9e2456040a290a0d7363a41704,397,0.00161136953000065,stitched_market_reference
1761112631,23631128,0x3e51a732b8cbbd3809764f6866738e7affaf0ed1bbe9c52f939f29012248dbba,364,0.001603290023880179,stitched_market_reference
1761114359,23631272,0x3569ebbd24df585eaa37f7adcc93142c20f25ddb96a290335ac43d77fefed388,487,0.001602249963131899,stitched_market_reference
1761116255,23631430,0xf8cfac64304fff7dd433380affc38bb8d47080f579610e7d25ee2e0edd5b5a70,584,0.001602733842682523,stitched_market_reference
1761116927,23631486,0xde176bec49d0bed1a2488630c7d555bdb06438558f895b8f1dc0a8a53e84c566,189,0.001610854638296424,stitched_market_reference
1761117983,23631573,0x9fb2b6c2fb6d891dbdb27190596f64afaef9661ff46125f528b9647f21ed4c03,195,0.0016058683926791,stitched_market_reference
1761118307,23631600,0xb4dd08b0f3940bd4d6074544823019a40166808a4f4ee91f62404eec60392ee7,121,0.00159772500998621,stitched_market_reference
1761121619,23631873,0x4da121fa82d55dd36dd114f17718d9b9bdc8caeb865ec7b8402a9f6c9d207797,84,0.001599931186698199,stitched_market_reference
1761121943,23631900,0x683be56c80408f8b1e2b44d03d781d62fec7bae028527e5c403bd32b263c28fb,323,0.001601040995493862,stitched_market_reference
1761124811,23632138,0x77aa74ca097928378e308a8930f2054984a7fa6d2a8d867a3d697c7f553be4b1,830,0.001612984347119036,stitched_market_reference
1761125255,23632174,0xa8840bd8113da95646ebffffd021ab6ff7ec1423a3faf7bdffa5cc3332074036,319,0.001609509552879724,stitched_market_reference
1761125411,23632187,0xae8c243aaa0b2d7a32616c7a712b66008ea5c755c7bb0aa6fd385190f7251635,373,0.001601170451389519,stitched_market_reference
1761126371,23632265,0xf5799c64473dc754340fd867630b52fd1e5e029f6e2d76d3642591577696b0b3,390,0.001610004483731466,stitched_market_reference
1761128879,23632473,0xcedfe0524a28768f2ad3197028a89c887e3faaed428c420b2b7e94cbd135ea77,321,0.001603914187956561,stitched_market_reference
1761129971,23632563,0xa048cfad7ec6880e1816f9f67dca835b32c8ca8f887767b06fd670b9ec1aee10,276,0.001602355672485698,stitched_market_reference
1761130991,23632647,0x8ce253fd9766d1c4e6bc5b3a038b69b82cff0a94dca2e64af4a52cd953970681,1350,0.001611098171690504,stitched_market_reference
1761131075,23632654,0x69c07604ce740efe392d43bfa74b2c150fbde957e177789be2834314cd0dbdce,591,0.001625486205129464,stitched_market_reference
1761131183,23632663,0x61616c76d6d4a408c6eae399ba6d4fc80bb8ad7ac091ac5d23ce04a91ca8ac7d,320,0.001616943699233625,stitched_market_reference
1761131567,23632694,0x3eb29ea270c5137bfd3a4b65ef6c89987dc87dd38e34a57e012324167d9dafde,775,0.0016088701123579,stitched_market_reference
1761132107,23632738,0x4cfdf72a2523f5305dbea2ffa7295859007128df0dab04cd5f32a3a60889f93d,231,0.001600767070529339,stitched_market_reference
1761132515,23632771,0xf8a7ac3381a2c4c51d5062e2029164b73904c174a6257030e7ba47ada38aca4a,180,0.001602169532469658,stitched_market_reference
1761135743,23633037,0x2dd822bec5fd9da05f26d1cfdfb30ff85c323b833ecf47a1469a4f724a1ce9d2,57,0.00160024373903294,stitched_market_reference
1761136151,23633070,0x129fecf9d578ac085c9a6dbb0b218cef7fa5f28af00ab52de7725b2b117e8b46,166,0.001603042159089513,stitched_market_reference
1761138707,23633281,0x07d882f2b0b25d587345b8b1efd7a40ba2698c384f738b2bb7e92f4bc7fc595d,541,0.001594525357780852,stitched_market_reference
1761139775,23633370,0xf619be191c05e7b69c80aa80db32cd0e8cccb95e3d751ed6342605fb8190fbe2,56,0.001597091179355081,stitched_market_reference
1761139847,23633376,0x8875ce56d6cfd7a22b663fcc7179acac66bc8f86552c02b4e7150399afdc91a2,352,0.001605923836734269,stitched_market_reference
1761141527,23633513,0x9996d13e71cbe3c8a82cd85f6d5bc22c6ab63ebc040b2fe4da66086e48f27dc7,702,0.001593924999806301,stitched_market_reference
1761141923,23633546,0xba6cc1901433f42a57683d226486f4d406900f932eeba80352e521105618b0bf,304,0.001602156389160407,stitched_market_reference
1761142979,23633631,0xb037f3e9ba171bff0c66c94754a761781ba07b0a59d2fc2a6c07a869c9bfc9c6,916,0.001611684927897677,stitched_market_reference
1761143015,23633634,0xe4877ea121d9d1e733fd41a1d787f1120cae790a8955ed688e6f19009146a6cb,374,0.001594695019941602,stitched_market_reference
1761143027,23633635,0x6bbae51c1a5c91f964a7bc4ab4dba6e06b4704df77f9f5272de316db4e2c104a,208,0.001603727385724189,stitched_market_reference
1761145019,23633797,0x1370b9e49a2a2c580c23f7b19342d50f4162625e5872dad9e1fed03274fd1d9c,253,0.001594325715377933,stitched_market_reference
1761145211,23633813,0xb27228383665a34910c27cf1e6f518275143516b032611c59019aa92befe3ef2,579,0.001613181677755137,stitched_market_reference
1761145223,23633814,0x6be87b5827a87042bc41c2782066f68ea65e1f71a749c380ee9489334dd98001,322,0.001604301829719505,stitched_market_reference
1761145919,23633872,0xe4574793f0eb9d789c3b6d393db25718dfc60ed2e442e940220fa07cf08c4a0d,39,0.001613055840177325,stitched_market_reference
1761146219,23633897,0x3cd61582b85e8caa87e556c89c9ba0106011364569e753a3f18625e832f294f2,85,0.001621725842053737,stitched_market_reference
1761146267,23633901,0x708c39cdd90331b2dec9b6637892779c50c5c3fa8f7ca6de6203c2f148110d97,141,0.001604449308798093,stitched_market_reference
1761147611,23634011,0x93d815b2827247370b71d1b5a019d605a9b605cc21605497748679fda7424c5f,1007,0.001593583663350876,stitched_market_reference
1761149891,23634199,0x540a05c06e2a940855124aec614df629f0429361345e5feb9903ed410095b365,300,0.001599840167182124,stitched_market_reference
1761150143,23634220,0x03842b1f8af2716a4df44f2256b8f905303830ff998b6d1c2bc584d7614e8f06,333,0.001608287515789363,stitched_market_reference
1761150443,23634245,0x3c9acea2e37fd1ae32f73d1ebcc4a45489d720db5738493c0d1931e9354a787c,63,0.001599289089028048,stitched_market_reference
1761150743,23634270,0x9e2dc579797ba12c0f9b8822c099c3e8e33e8d00a2410f6c712609771ed29fab,265,0.001607539431605814,stitched_market_reference
1761150923,23634285,0x03241b0629498d8a4e6586b63be8c4441151ab475089fbfc535bea1996339794,48,0.001598188124644899,stitched_market_reference
1761153527,23634501,0x5d3db1d80ddb4342490cdff7cde78ec18683d2f69dfcac0530417da2d207f1e8,91,0.001599782823162102,stitched_market_reference
1761154559,23634587,0x2438a74b9ce0eefe891dcd1e8c2f25ca12d1229aeba177250c0d3e7c27a84d43,9,0.001600836535922161,stitched_market_reference
1761155003,23634624,0x14ddcf5eeb33c87e46107520dd7c56c7eed69f1c5398a370436b11cabf2a45e2,698,0.001609850103250558,stitched_market_reference
1761155807,23634691,0xc0a9fece0e8a2f18f4922ade7029ebcd03322322d48a03bba0ac6d14015317ff,234,0.001593687014538936,stitched_market_reference
1761157019,23634792,0xe2df96542baa5b3276c301383ede13e1c765a3e83cc36b3fc03e84887c32244e,57,0.001602422112278051,stitched_market_reference
1761157343,23634818,0xb48438daf9895ce48bbfca90b02b7f7e344e610865fbc754e5c07e3425828193,890,0.001593262736800523,stitched_market_reference
1761158519,23634915,0xb4893cd3e1cb79c26f97e6146079efdf0956e08e99ed400f5a85c74fd7f69913,343,0.001601540352381514,stitched_market_reference
1761159443,23634991,0x6b34f90b05a48243572144917a53c48e590d08c1f97dde0bcbcec5c9bb769834,73,0.001598167341190251,stitched_market_reference
1761159959,23635034,0xab6e6e5c9b188ba74d7e5be17cbcdb595bf5b5df2ab1aec3347888a5f3c45e79,287,0.001589826426383944,stitched_market_reference
1761160127,23635048,0x2f13e6f1d8f644dad6607e0b09f36b3c7560184746f01985ca318a16ba16a373,513,0.001606844882465281,stitched_market_reference
1761162779,23635266,0x5d91b5fd4d7a5320beb7aa9980e4d06935182c1aa320c6d0ecdda2f33663999e,266,0.001615255260942882,stitched_market_reference
1761163103,23635293,0x571fc4e752847d3645248d492a2fd61660781737ac564dabae8b943359dee1b5,988,0.001597347753845593,stitched_market_reference
1761165251,23635471,0xb5e88a287ebaf25696da830f7c0b906bfa7fb4f8e02fbd8320204cea9090caa8,654,0.001606964906364608,stitched_market_reference
1761165587,23635499,0x6a4614cfe92a479003f2c1a6e1917fe26924b5ff134d59ef25d4200a9325481b,366,0.001597789310342756,stitched_market_reference
1761166727,23635593,0x455ece39faa3a22acd252617157dc563d639638abefb5dfe1fae42e0691300da,361,0.001587400379195737,stitched_market_reference
1761166943,23635611,0x3c2d110d09b9a7ae6d54f43a2a23b0bc07f730e9a721891a21d9860d12286978,261,0.001596328230305782,stitched_market_reference
1761167555,23635661,0x25f72ca94d3ff78f64943d7c5ff60b1de2bf48b678eebd87b5cbef641607a181,1202,0.001611475955929209,stitched_market_reference
1761167567,23635662,0x457b985be9cf074b6e7e4417899a9b19d868f06d7f30e7c512862d2eba1a02c9,162,0.001588304302493709,stitched_market_reference
1761170819,23635930,0x6b336e0ed4a82786d84bc403446a14409cc0ea16efcc3660a302ab073b3e5be7,320,0.001579548362952928,stitched_market_reference
1761171191,23635961,0x4a6bdd931091bd91c4c1da02cb534fcc8b66d05279dbde802adb0f724d90465b,339,0.00158632425367363,stitched_market_reference
1761171731,23636006,0xa500134fdd91e87ffac513836674dc188c638419e5a34f9b4c77531ee1eab979,291,0.00159430762873799,stitched_market_reference
1761174131,23636205,0x1950c4cfd36887dfdb7db458fab99601843630fd91edd2dae9c502356c358c03,133,0.001584756163704552,stitched_market_reference
1761174827,23636263,0x250e6c6141aa2b64c6c3a56029cd5c25fd7e13371b3c3512cb4faf0a7b794645,273,0.001590529548557485,stitched_market_reference
1761175211,23636295,0x6f91e2022d5629ef221f5ead54a1f7397e1814bc6c8f287e52b2e43d3e9d15c1,715,0.001582261818700944,stitched_market_reference
1761175631,23636329,0x363c277e1586d8b30c9b9ee09987363bf80e1d73e443a7249f703c197c6fe81e,104,0.001598374870967477,stitched_market_reference
1761175631,23636329,0x2c5dc3d90ab8b6ad6ac78316d116d0ce7200f4ac7786f2724e808279bc6e6ce0,111,0.001588230847440767,stitched_market_reference
1761179255,23636627,0x2cddcba21a1f496fe5307e343b0004bc62b22b7af2e82faf954d4e450a3c84c1,106,0.001589137727162842,stitched_market_reference
1761179267,23636628,0x405a5dc86eb8757321998df13ab317b91253dd8d7ace89dd7e8a52de7a82304e,73,0.001586264536319778,stitched_market_reference
1761181931,23636849,0xce837ca063918ec0385ded0d37f826242d7b984d0c69a67b47760d693208d995,160,0.001578277019007032,stitched_market_reference
1761182891,23636929,0x75feb2231b6d739a48ebe75ca3e52947265d3789ef63bde374b21649f50363a0,570,0.001583912761117937,stitched_market_reference
1761185615,23637155,0x4c51a69d5f3663d468834b2e80ce46bcf25e339f5383abb68b49f2b9ef18955f,164,0.001586039874475444,stitched_market_reference
1761186503,23637228,0xd89e2294b7765e2cc44de038d0b92dd756db2604884c3f74c3f585c880ce2691,386,0.001592116428433111,stitched_market_reference
1761189227,23637454,0x140aaebf7f3fb0021b69b0cec42d0a0adc568cf5468b8612d6513fcb7b808a0d,25,0.001588822229595395,stitched_market_reference
1761190127,23637528,0xe4b69482461332bb8babfcf3a1b469b7e0c236a4d59252cebc52fd6eaca18679,244,0.001596205912704529,stitched_market_reference
1761192851,23637754,0xcd30d0b7a4918f1a22e4551c90c241c7dc74122761cb995649abf1830b89e35f,227,0.00159766586138733,stitched_market_reference
1761193751,23637829,0xe6758c564ac5943da61ba3c6cfc86ffcf3ae85b984407239fdda616f41195710,297,0.001600733568035916,stitched_market_reference
1761194507,23637892,0x24f081e9f8d1894f643d614dd21c37c6e5d18adb2a5bb06ef74625df28af3640,122,0.001592386638535527,stitched_market_reference
1761197375,23638130,0x91deeb9d2dd31e4ace743a4011263ed800b71c047b681abd12e41c9a90cf009c,230,0.001595310612176404,stitched_market_reference
1761198131,23638191,0xf78e4cd7808293e49fde0f502c41e6bb7ac9a4c2403a528e1720930fdb603f67,603,0.001597749398833358,stitched_market_reference
1761200207,23638359,0xb7a4b039224b36d561309bede2f448e2bc3652fc737fb947751640cff81d101a,201,0.001588292233075888,stitched_market_reference
1761200267,23638364,0xd88b6d823bf50ae391b639694f64000ebfa896d07f862da4ed11514c8c6b8bfe,549,0.001608093369751484,stitched_market_reference
1761200327,23638369,0xbea2af38135c471a3db5dc83d26ecb402a2ab2f318cdca1bdc50302b2f82d536,608,0.001598436386092249,stitched_market_reference
1761203879,23638663,0x957084071c85efc7c86b5737349570511964d9eb445cb3f87f5147c65a947279,36,0.001595082025422584,stitched_market_reference
1761203963,23638670,0xa1f3f2ef6619f6c0c1aba7bf203372adb8c641d399b6a43cc893bad7cbaf5803,250,0.00159655017294477,stitched_market_reference
1761207515,23638965,0x3b6d0f12708c87c16bc3249d2e620c8139e2bd4760833a01b236ab44e725a5ae,116,0.001600742783737655,stitched_market_reference
1761207563,23638969,0x32699a314c27635731119e0a4df77b87274f0ba11cb64832ac67bd31b6a51f65,258,0.00159241839510226,stitched_market_reference
1761210323,23639196,0x45626a3e5fd6cb7010d8f1812951a3529a51ff4b51210838d12252e50781590a,240,0.001600492141348021,stitched_market_reference
1761211151,23639264,0x05cb22fd952f0e37360ebec9de8fb73afa173e1ca5c73bef8767d0135eec8e5c,264,0.001592613881416217,stitched_market_reference
1761213947,23639495,0x74ada7516e9e7b11a8cb23e1eed3cca4135bad2547a77bcccd409c49f17563a2,373,0.001587050882866689,stitched_market_reference
1761214775,23639563,0x16d861f379143267ac75bae5798d5db764bda97962009c20b5b5bfcf900ca484,315,0.001596328395083509,stitched_market_reference
1761217619,23639798,0x068b02f31062180aefd50b21fe3fa97013984523312f9d615a1366c66d8cbc0c,420,0.001603448098729864,stitched_market_reference
1761218411,23639864,0x803879ca7453a83047579c95eca4814914873e1f178c56eefdc256305f8024dd,330,0.001596120699415942,stitched_market_reference
1761220979,23640075,0x3cb939e5b553068cc60aaad83ad13fb92705be6695411643d73bb123ff40f2f8,641,0.001606409941708667,stitched_market_reference
1761221099,23640084,0x9bc941a7592a1f1d3da0a0c8c4722ef5d174683e5218e7789c9379aaf23f9c6e,809,0.001589833018432103,stitched_market_reference
1761224603,23640375,0xd85eba7d720502a9e76c7ba7a4e6d3b17202a2cf8712b180850983142b6c36e9,113,0.001593283728617498,stitched_market_reference
1761224735,23640386,0x3d11718c78050278050cedfcb13b416637316c06bdde1d78baa216de5905d0ef,150,0.001603130057673194,stitched_market_reference
1761226583,23640540,0xea7b5d1c514cc2c2c4bd1e056d5c5d01df00c34dbc4a36b5a5074a0e2dec549a,294,0.001594623034738522,stitched_market_reference
1761226979,23640573,0xe1d11452ab19295356ab46a124ff7bd0834406cdd023e688c765733a5ecd1d9c,700,0.001606592021096995,stitched_market_reference
1761227459,23640613,0x8d10bdc340020b843cf88edafab1e91cbdf8c37553920f2def244702118820a0,229,0.00159813180490967,stitched_market_reference
1761228359,23640688,0x4c3d6ee8f066e2c7e20934800eb28eb1ae0ff4056954879ae6a96c2d051719bc,407,0.001605174732947231,stitched_market_reference
1761228491,23640699,0x08fb4988fef9391e31b5f5789620526726016f6cde5987e2c04d0f38b9fd85c8,807,0.001617276685789523,stitched_market_reference
1761230219,23640842,0x0546830786d7046360416b07e6e25a9b6cf4bb22c3fd4245d02f79fe4b7af747,75,0.001608459630720881,stitched_market_reference
1761231995,23640989,0x2a64507caf736613c776f9d91531d6088a11dd393cbc5634bfa0a43bdc03c0fa,213,0.001610056889361136,stitched_market_reference
1761232235,23641008,0xc98c2f49109ebb9cb43fcc6e75708075ba23089a8818cf1163ac04b9485b7ac2,538,0.001601638520761279,stitched_market_reference
1761232559,23641035,0xc6d52a7a1d98e2cfef93f39b62adf0767ac7df7696a41c7a1cc21eed970ea516,213,0.001617700839961897,stitched_market_reference
1761235871,23641304,0x8a37a8ebd0282aa0180b41ecad3e5172babb9dd4f172b1e49a10456b3d9084bb,239,0.001618443197786786,stitched_market_reference
1761236171,23641329,0xbdd9d827fb330449ae1e33965c13d33b6370eb6eda0a93741eb691acbc995798,220,0.001620932201472415,stitched_market_reference
1761237971,23641477,0xd5a9375bf7b82dcb678923f6471449e0596ecd17a3e0e94bb4c9ed7d55726a05,82,0.00161241362999164,stitched_market_reference
1761238535,23641524,0xe5330c33da48a330c0c5c05f9f189d965d14a7eaf24499d41b93e75c7a96f2e1,1517,0.001604358432180916,stitched_market_reference
1761238547,23641525,0x3930a74d97d7f4d6ca477dea6ba4fd9bdfce9caf104df2ad924c94448b920d30,892,0.00159629573929785,stitched_market_reference
1761238895,23641554,0x6d16176752813e2ad4d2704e8907963eb5ca6facb23bf8be621bc4343e39716d,831,0.00160656181601155,stitched_market_reference
1761239351,23641592,0xbbfb79080a50a38c277098f2b9270fb1b4fb9c5af5a352767cee8c1da2f7c7b7,82,0.001615213080313842,stitched_market_reference
1761239795,23641628,0x549388ce015f83d1ce657ac2f58c181dabf9872314daedd4bb242fe318acde07,316,0.001620776065145122,stitched_market_reference
1761240947,23641723,0x562926db9d0f2c30b135e26a231759142a95283c476e018bc65c20ad1f2686cc,661,0.001607631949122608,stitched_market_reference
1761241163,23641741,0xfdc93b57ee82ca9b997f7891a5d61a677af0b83427864f6dae75dd7de8b7b521,1037,0.001624616130118918,stitched_market_reference
1761243767,23641957,0x4ead12eaf8c08855e178b4ce750f2d4ba83cd4571a8a737f89f7f75ed9fb9534,109,0.001633005621486731,stitched_market_reference
1761244775,23642041,0x5603a06c4cffcdae60b3c6fcbb3a1fea10166a1f15aba2ae129b1c293b1cd774,204,0.001628698130294345,stitched_market_reference
1761244955,23642056,0xf905d195b7b8563ab0ff968682c8719f62fcda3314e7a3de2c29d5310a6558dd,439,0.001636886147522571,stitched_market_reference
1761246323,23642169,0xaf73246df132f293994644668ed2ad372a1bb8acf9cfba40d16843e7fe0b35b6,300,0.001647678927977434,stitched_market_reference
1761247739,23642286,0x668851e92a1355b5f0fecc846f31d9269573956aa20cdcfb7dec806ade21ef13,300,0.001638549365005287,stitched_market_reference
1761248387,23642339,0x881d13ab32f14bbb9e958eb3a0d7a8b5bbb882ad26f008a6c77fa9bde5db6f06,214,0.001630077201857279,stitched_market_reference
1761249779,23642453,0x840e69bc0a43f0acc99a98313b6e92f20eece7eb9fe64f86779abef7a8b6978b,308,0.001640993235332379,stitched_market_reference
1761252023,23642636,0xdec48d66816b8de814ac92d78d2d13e6840b0ee56be4807a10ae97522bd69ffc,193,0.00163236807597242,stitched_market_reference
1761253403,23642748,0x6c2bf8cb18c140e22577d349f4b6608fdc8a3880658280cc74beeb1112bd466e,129,0.00163603978801847,stitched_market_reference
1761255647,23642931,0xc2f6c80e15a95a7a693c9b5ee2739f602865487db18070b9a5cec9652159114d,122,0.001631047911042822,stitched_market_reference
1761257015,23643043,0xffd6f4e42f17a87c945dc2f1571f3a67b781c4ee9940e3ebf1f53613a4e8f737,231,0.001631441067306563,stitched_market_reference
1761258755,23643184,0x721f90f55d59e618a190c2cc34837916d12d132999ad52f9585a723b26db2ab4,180,0.001622307411698254,stitched_market_reference
1761259283,23643228,0xe0170aa2d8da06eb059c38df3fcec2d593bb73751d4b1e0bfcab7a59aa8044f0,198,0.001630755268489766,stitched_market_reference
1761262379,23643485,0x047c6c2a6178b1656bbdb1310ba591424ea873b79a9113344be70a9fae7b5f16,123,0.001631237375777547,stitched_market_reference
1761262907,23643529,0x4c48338892a038b36f7ccc25c5a871d3f911d4f059218f1fa800f04edbd1cc97,117,0.001632524993930306,stitched_market_reference
1761265991,23643784,0xe7025574fc0e990d74a8a38083fb508933806556f7351f076d4fe131b502b346,334,0.001632936490646177,stitched_market_reference
1761266543,23643829,0x1a262cc4d977681c982fe65e5944af77828c4c63e1729f28b2e706006c19bb57,244,0.001637518915966823,stitched_market_reference
1761267071,23643872,0x93a992b4dec7143ab433caedf1d3b300dc7a5ca8a84ab2269f3cf95a410605d7,165,0.001628318632997158,stitched_market_reference
1761270167,23644128,0x562a0fec876756cbd638cab40b16338db35056450df6d040a2fe2c3c820b5d98,139,0.001622153978686006,stitched_market_reference
1761270707,23644173,0x06dc0482a4b0bc3724b6fa2a5337c53a9d367f6ab9738a80411440c2afa45a6a,269,0.001619694935612357,stitched_market_reference
1761273779,23644424,0xfc8075aec7b51ae6fd5eb0730b31bcb6fa60adc0c3ceaad52eb0f49b22c06b47,22,0.001620501816604639,stitched_market_reference
1761274319,23644467,0x0aef37a47df475831a8e77f7a22c0a68d58d8d1bbb13888ee41a84be6ca14649,158,0.001617533036336851,stitched_market_reference
1761277403,23644722,0x091a6dc5dfb69d9a9bcc59c5edf5c9ec6c63ae8d10c7c900047fb82369cbe0b1,277,0.001610478727308344,stitched_market_reference
1761277931,23644766,0x0dd3839975be4b9bbeae729ce3f082be493285cae32ab32c2d7a50cf386a4981,115,0.001613751162751062,stitched_market_reference
1761279275,23644876,0xed904c8000e3fcdca79a86cfc80121bcb317cc42420ec749c042898f6072787c,962,0.001605586702206281,stitched_market_reference
1761279839,23644923,0x2ee3dfb8fc6db022128bd13aaf1ed1802c44fbf2d5635486fac370ae9b84c9f3,235,0.001624258165505524,stitched_market_reference
1761280067,23644942,0xb8704e08ae29e072b4029f5d9579d682dfbee713594e2ddb63cb2009615519c4,331,0.001616000308675044,stitched_market_reference
1761280463,23644975,0x77ef5cd50a2e5baa5273c9866719feac416dd2d2d730c0672e15dda9ba19b882,623,0.001603867465706528,stitched_market_reference
1761281099,23645028,0x70fe38b26155a3d0406fb177a74e965511cdcdf5a0266779bcd74f5deb9c0a06,516,0.001619979170200432,stitched_market_reference
1761281507,23645062,0xb99291488f43f80c84055b2c6feaa8d1b3618ba8b502fe4e226360a6ebcf1942,543,0.001610284650890446,stitched_market_reference
1761284735,23645328,0xd1c59a17d21e881744ac26cb4d847ec3b7d124f601e4ac2b709f70e5a6187cea,174,0.001608072068810899,stitched_market_reference
1761285143,23645362,0x8c8b36945d249cce3f1d8e0cc3b28de9a428b0e0aea4c4969664435cac2a7852,210,0.001605280738285033,stitched_market_reference
1761288359,23645627,0x08cc5b1544a2431db350247fae39a9baff8bcf0010b0b67d443f494976d46ff6,220,0.001607994893714641,stitched_market_reference
1761288767,23645661,0x503de0b440277a931a8625e16907c5204e23ccb9b7e9b5516c5678d4b5443af2,288,0.001607433974347704,stitched_market_reference
1761291527,23645889,0x0fb29ccf25fc9f29f63ecddb78e23ac7fc9ffc083681e3fdcdea54d776f79ff7,755,0.001615524356537608,stitched_market_reference
1761291971,23645926,0x751dbb8e7b1ac6bc7e9adef163438e4b1919b864077dca48baae5e2e032d99f5,170,0.001601960739770355,stitched_market_reference
1761292043,23645931,0x4391214dda7f6e871c6eb125654d76cf66fb9e996056f302853c873eb9170580,666,0.001610611878218191,stitched_market_reference
1761295559,23646221,0x317aac46ad625896ce92df4b1923d2aa04f534c7e9694afb6b20a44e7cc2947f,568,0.001601791413877097,stitched_market_reference
1761295571,23646222,0x2741e4a4025a6d451e6f1d3c192e8e2b842e4c205c25bdedd989e6f9204c59e4,194,0.00161859739495503,stitched_market_reference
1761299195,23646522,0xa2ec02df00201c3e3d35067b2ddd3f5b8eb76cea1827cd85cc7d55ac9ed6dc82,244,0.001618801745237771,stitched_market_reference
1761299195,23646522,0x65964d9c7246eac9f52c6a8e06f75dd8460d31bea4ad11476a88862f5f1e23d4,265,0.001612195037230737,stitched_market_reference
1761302807,23646821,0xe55c3f71b4c305c925234eb5bb4d8b3fa1cf7528432f01e99ff2b941174f761f,249,0.001613966641734094,stitched_market_reference
1761302807,23646821,0x323d7ee20e5fd8aa19e541d0c97d029a388c0cedc10a19071df8d6a7fe04d376,258,0.001610072311198936,stitched_market_reference
1761305675,23647058,0xa1bae27b1023588780407e4ea59b53ba28831266f7ac872526448a100bcdab02,1047,0.001618987720083084,stitched_market_reference
1761306431,23647120,0x0c9095083bf1d200dc75818c595eb268460e1467805a3479d7aad18c94577f54,165,0.001611170165434148,stitched_market_reference
1761307547,23647213,0x1d9adcbff7c2809f27e9d4b38066aa3b429c2cbeeb325f8232122e2994f3cb20,110,0.001602928025138528,stitched_market_reference
1761309059,23647338,0x8c2782e73499489f00fc56fccbd26cec9ca9af6d0301c617fd2cc33191935d3f,1188,0.00159303564516937,stitched_market_reference
1761309059,23647338,0x69a41374761d691a1558d44fa432fddaa8795b1683da759074eda4009fe15d39,1202,0.001613962292146974,stitched_market_reference
1761309119,23647343,0x32912396de20ee2c8fa60d0744107a80f297ddc7a988b615cfeab73dabb01114,154,0.001604773390388544,stitched_market_reference
1761309359,23647363,0x864c23850079792097164187df3b2673d51e2f796a4e8ce137ad45f9b19d9435,624,0.001613214037143537,stitched_market_reference
1761310163,23647430,0x1aa6044b8b9ce60c552c5adeeae53a9797d6ce3947986275f1bcbcd2131263af,375,0.001595967459954495,stitched_market_reference
1761310595,23647466,0x504704afd51b4802c071b5bc175758f5c3a1a54a5ebbdbb54a36ffd803e7ed16,197,0.001605269181030127,stitched_market_reference
1761313007,23647666,0xa40e477a35c2d94a880ab84fb6e1aa1afdf6a711f901926db267458148037f04,202,0.001588493018650609,stitched_market_reference
1761313523,23647708,0x8fd086846ad258e4916143bbefad6f13abaa61ef2b37ec44262e7aa5228d5891,638,0.001597385493817753,stitched_market_reference
1761315707,23647889,0x96e07c1f7b58d121769a14c81c4af84ab18d403b74c614a0b6eea37e03f884fe,181,0.001606795044281688,stitched_market_reference
1761315707,23647889,0x9a5abc3fb81015f3bdfc50842cd324cc3f764b963b700be36b82dc708b3d05d7,241,0.00158997033937173,stitched_market_reference
1761317663,23648050,0x747e8bf356e8a641191982da073112010fec89d1a4b5331606ad6aa649d793ec,210,0.001598635120307808,stitched_market_reference
1761318767,23648141,0x41875ba3bed8e3118fc6e44aed93a62b04acefe3a36bc08dd655be9281545afd,222,0.001588409564380645,stitched_market_reference
1761319343,23648188,0xbd53a5761fe7b3745d8c0c6acfb4c9443c0ca4b88e29b54c580050a7c334dc7f,21,0.001598365075921355,stitched_market_reference
1761320567,23648289,0xe6a3349e6973c541308aa6b313daa5cc0f8dd49daae7498ef22a6b8fa92c56a4,333,0.001582354493640677,stitched_market_reference
1761320747,23648304,0xe77eceb43192404aacdcb8e1a411a2dae816f38c841657691f80cdf993ebd6d7,541,0.001593592541089548,stitched_market_reference
1761323783,23648555,0x170e5393381eaa8d4a0555e7b1da5e283b64437a227da9e66d85bef63a0e6c13,170,0.001601691925272133,stitched_market_reference
1761324203,23648589,0x22b2e6fb3f40e5372835fd3342ab1f82c2ca3b22c248e94054424a2dfc5fd7f2,527,0.001595825524315784,stitched_market_reference
1761325307,23648681,0x440ff6349dece4845d883fa618f64886b1f0398a06ac66dc411b24a6ad785b1c,184,0.001586439060786393,stitched_market_reference
1761327839,23648890,0x5fd7aab1613186b79c1c230ebfe6224554e72a55ae2a42ab402d9d48f870eede,224,0.001594156369511001,stitched_market_reference
1761328919,23648979,0x36de576d837dd6ccd0cc473b6994e8bd9f64d5c2e4f97711691df846275bd181,133,0.00159677478519501,stitched_market_reference
1761329747,23649048,0x31a9f1a50a02c35d6ae95a93d3767cc9e54dcb81d347ecb153e70d25fc419cf2,853,0.001588509611392822,stitched_market_reference
1761331463,23649190,0xa141842380e2e4c737c713d93f38dd3301f5f98efd5850b9a6fedff38cbaca8c,16,0.001596236154082766,stitched_market_reference
1761332939,23649313,0xff645f56b7a4c072153a1ea2008a506e0f61becc4387fdff9f7b8ef3c78cc168,48,0.001587832342102852,stitched_market_reference
1761335099,23649492,0x5db8e40abab223809b98b09f0b6b000499f4673ac12a180ee78938b200d388bc,147,0.001595087579004213,stitched_market_reference
1761336575,23649615,0xe91164ad362918a2500d587ba19077e841d95fae7c26229fb7f1e893e8498424,264,0.00159389875652519,stitched_market_reference
1761338735,23649794,0x03825215ba2701c41a4df668e98baa6f70bd59b1978967d9915af99b94698836,525,0.001600400878165925,stitched_market_reference
1761340187,23649913,0x192bc0fcba41bb498f88b944d77029333d38fcb8c8e6ed3fb5092d54504844b7,127,0.001598662100708615,stitched_market_reference
1761342359,23650093,0xdb124ba10c0e730467e0bbaf70d6c34b4dd8342ca78cbcdd185157c048002f48,606,0.00159145580806523,stitched_market_reference
1761343883,23650219,0xeb503965abfb54f412f310248668c7ec49541c6507041e9950a91d2ae89c606f,242,0.001590059957091896,stitched_market_reference
1761345995,23650395,0xda1619ef9268da69f7f6b607cc13a0cc6798ce1de7853ff51f205d346656a011,161,0.0015867110608965,stitched_market_reference
1761347519,23650519,0x6fed85662a9afa81acb33ba12d7261a47a3cdbaf378747f5bae579ba7a3d253e,222,0.001590446343675017,stitched_market_reference
1761349631,23650693,0xaa4d9ea18bca769f87f03b7cc2818356cb7c9446fdd2fbdad8c47b759e1bf72d,146,0.001587421281158581,stitched_market_reference
1761351143,23650819,0xd730545d935852b76b0fe55e56df3461067541c51a52653284db9843eda86ff4,224,0.001587647458282851,stitched_market_reference
1761353267,23650993,0x7a5ff55b60f8696d989336f390641245af91a2ae5fe081fe51d161518b7e9500,236,0.001592501768969975,stitched_market_reference
1761354755,23651117,0x19c482c44f07fcd6ee321b76bb025711d6c96a4702c7124ff9af7e483712c97c,213,0.00159589353626715,stitched_market_reference
1761356891,23651292,0xa09ebb536804f4abb3be3bcaf823d09216e7648b509d893fed980f95d0b997ff,341,0.001596285428607138,stitched_market_reference
1761358379,23651416,0x3ac4e06595b318dc80208ce4d294e48f07f8c4bab3d108ba8cc6be0aef6af140,281,0.001592826623484892,stitched_market_reference
1761360515,23651593,0x57f5747d9aa7685758b86c09a04564941312a1d3d5603a46c4e65a60c03b2b55,273,0.001585466202077254,stitched_market_reference
1761361991,23651715,0xf2aa76a9711ad8a6d764ffb5c4474832003f25e1347b1f89f2c30396861c35bb,100,0.001585246155538372,stitched_market_reference
1761364127,23651893,0xbbfcd582ff7251041a1016a98b188f0017cd65dfd7fc0ef4c84fd4078962a736,32,0.00157798762222744,stitched_market_reference
1761365615,23652016,0xe9342102ac776cc39f1ed15d0f6516ad48a6f7698d5dc73b96954425f8a30405,1480,0.001580192819950556,stitched_market_reference
1761367751,23652194,0x8b0211450704db13e115cdf4f3ef055a1f4ae8e439d55079e12a4c322a81b067,29,0.00157869863212507,stitched_market_reference
1761369227,23652317,0xe3992a847537f9aa487d591ad6fde01808bd76475cbaf87c008a48d0a820891d,87,0.00157899530957227,stitched_market_reference
1761371387,23652494,0x7872a81c0caed59ebd6ecf65bfa0808ccde876a32f297b89ffc3096515f3a0db,50,0.001581756279617079,stitched_market_reference
1761372839,23652614,0x0d7be63466382c85a89287b28f80953d4248e87486803975e2db2f93fc597f1c,73,0.001577304097410691,stitched_market_reference
1761375023,23652794,0xec34081080342ec3dd8ca08afb3e227e5344d42fcea0543ff6cbe5ab1d1b6504,177,0.001575588947219371,stitched_market_reference
1761376475,23652915,0x716bc40ecdee315b359f984ca95e5aee69dd8e9e7d45b7969ef060616f441c29,177,0.001576243761133222,stitched_market_reference
1761378647,23653095,0x3b830b3b64c9608564742cd76b34008368ca0eced3bfab7019574bda2fa82fe6,95,0.001572030582841556,stitched_market_reference
1761380111,23653217,0x28d1cc5822879067ae47fa9ae09bc43d5eb7b9de0a280be3d6a244aa3a4a4046,252,0.001571190545049772,stitched_market_reference
1761382295,23653394,0x0a244bdd01207f0af37de5052189e04b9a271f9dc97f8743c1231cb8e842c4b0,259,0.001573958928757493,stitched_market_reference
1761382775,23653434,0x870c08f11e0515e658e718a2cd8c046f80785e1c4a719c2d0e080a71c93da5ef,190,0.001565801371300282,stitched_market_reference
1761385919,23653694,0x829a542d0eba15ba369ecbc10be2bc6b72b2598e54404d5cc766924f1f5b0a1a,222,0.00156520446886132,stitched_market_reference
1761386387,23653733,0x783cf0673b69ea1ef82b866059aec3e1040a41fa2704db5e282c47073adb028d,89,0.001570224846937234,stitched_market_reference
1761389543,23653995,0x756de0a3b238d338c11ddbdc1b89de4fa898098a6c3fcc25b1498dd7cdadcb6e,279,0.001563469686881577,stitched_market_reference
1761389999,23654033,0x62163de59f7843c23406a7710cf7d6c9ccd5afe7922210c09683691d0f00ed38,132,0.001563252928361847,stitched_market_reference
1761393179,23654298,0x07d6379cf04bce021b8c8e63231026217532cd1d9f611717421924e985dbe1b8,80,0.001566369257858475,stitched_market_reference
1761393635,23654336,0x77e575c59a93b3f678df87b48df2ba4d9b7847f589246f9f3a52776552ad4c69,284,0.001567302309412027,stitched_market_reference
1761396815,23654597,0x806db95634bdf633f2ec2d9fbd309a6b4e7e088c3ad7ae62705e5eacbbb60f37,239,0.001574006642511032,stitched_market_reference
1761397271,23654635,0xc836e03ec42848692946b9d4a9bd245e8e264581f583b6e6ddb56a5c6ebd7eb0,473,0.001567999873610345,stitched_market_reference
1761400439,23654898,0x6722650ac0c7929a6985dc6421e74d9eb8ead35e85401eb7a3fad03de4bf5009,278,0.001560623520609097,stitched_market_reference
1761400907,23654937,0x5218ef57952294c2d42295d0ea3829a8663cb156b68c0d8c8ae6013d5e72f3a3,377,0.00156548761959343,stitched_market_reference
1761404075,23655201,0xb2ed073299024022b5851d175596623efa42c3855b86201e9f4170aa22be49f5,253,0.001569075564515559,stitched_market_reference
1761404543,23655240,0x435a2c56bb69c85dd56a2aeff74f6b12c786da7940c36137de4d0d680a259549,35,0.001572200557398953,stitched_market_reference
1761407711,23655502,0x2567f02f0409e125acb1194f55cfac6c101635604e8b038c6dad9c4d5d1c621e,371,0.00157024223516772,stitched_market_reference
1761408179,23655541,0x18fe466f2e7783178de7e7b4ab66e65aa01c67bbfa51979631d08b894a80a02e,88,0.001571670131934251,stitched_market_reference
1761411335,23655802,0x698efb4aa5e1afa235fc6790db264f7e27479b2b4787f4f031d6c58d2cdb83c0,194,0.0015778879090071,stitched_market_reference
1761411863,23655846,0x010ae43d1ffe046328e82578e58c8e2e8b222f2da2b77d77b48cfe4d4706a1b1,243,0.001577251645949312,stitched_market_reference
1761414971,23656103,0xbba97946833db72b7b4f4118231cc9d81346209a559547fd5ab2177355bd743e,355,0.001580861071710007,stitched_market_reference
1761415499,23656147,0xefc49da7e3044899998b3f2657aa01ddaf38a49373e185e58ba38e0ce31a965a,46,0.001581382967162463,stitched_market_reference
1761417083,23656279,0x013e02fa8bf08b17fe934da7dda8e8d5ddca0e259f018d343104854f8b43cba1,178,0.001572889189347087,stitched_market_reference
1761418595,23656404,0xc4ba276b1c035d685988f56ba7b6c11795bbfacf37f775c48f2b1780cecd4e0d,165,0.001581674864985228,stitched_market_reference
1761420695,23656579,0x2fcf8845353265ff8d58fa2b3dff75b626657e0f8c9f913bfdd7b93bbaf49767,466,0.001579141985970334,stitched_market_reference
1761422207,23656703,0x92a522eafd55304a2fc060beb3f69bc5b060c6c33a488d06d9f396f0b426e0c6,9,0.001581792034705493,stitched_market_reference
1761424307,23656876,0x73809df7b91201dd53a4026cd9f405466d6dc461fd745b5cb8331634c3db1c1c,17,0.001584913692509323,stitched_market_reference
1761425831,23657001,0x8365d5a20e012cc7f8b445e194b4760c31d90822abe31450fb9f493a8c3f4585,2341,0.001584952623482559,stitched_market_reference
1761427931,23657175,0xd14e987b249859e2db873cf3b10360a311ba3f6d5dd6117b16c8e1c159d7ca8e,60,0.001586895902258115,stitched_market_reference
1761429467,23657303,0xbec025d947bf869ec51b42a08edd11229b03fae2aa58da6e2baa4070dcfa1f57,234,0.001583095026269524,stitched_market_reference
1761431603,23657480,0x3fcf0a0de75c4d7e88ae8c94eb8bb175fd6a473db8091d7fb768bbdd1520146f,262,0.001580254363393344,stitched_market_reference
1761433103,23657603,0x6ea4965a68bb1e371064b7956989024e0c1436e95491cce93de71b9648474fcd,1043,0.001584187491407702,stitched_market_reference
1761435227,23657779,0x4449d0a3f6252746dd6978e5eb7d3be64cf474d68067206bb89c1ae9513c0592,221,0.001583768289176638,stitched_market_reference
1761436727,23657904,0x5b39c537a17481440497d2dc9e966d1a78cc6748bafbbb4b01335ec900392b31,166,0.001579493019716997,stitched_market_reference
1761438839,23658080,0xf2011320261dd9c2cc1ce7e4c1ef222902f84acf4d74f4e37b00fff29a4a1b27,207,0.001578544059548659,stitched_market_reference
1761440363,23658206,0x77c6e982577dd73a73ea7a0fb98e91b8dff43e7e324b6e56bb72129ef32f65d7,151,0.001575939142538232,stitched_market_reference
1761442463,23658381,0x87156eb9a4d35ec15dc56938c63e1d958c710210f466b5b143faa6d10169220b,48,0.001579236739083868,stitched_market_reference
1761443855,23658497,0xbc32464229e1b0a805c00d42714722bb9cdada184651cb71662055709d530a5d,810,0.001563109450600782,stitched_market_reference
1761443867,23658498,0x383e11807718cbb85b6216e6b64f9d984584c407632e4e0fa280c677f0401bf0,941,0.00157264813720272,stitched_market_reference
1761447479,23658798,0x8d01615a1611e2e3d934e187c58f2da7bc109423090dc47154a25c9252149eab,136,0.001573240176244236,stitched_market_reference
1761447479,23658798,0x10a6301c8b2699e0dc9b7b3f61b8d467f4e8f5a928b86cc2ed24d1453c33f4a6,242,0.001571090220639151,stitched_market_reference
1761451103,23659100,0x7f6fef9252116d8bdfca7f0d955bb09b9f818ff391fd00d56d7b11fac1e974ce,376,0.001567315236651764,stitched_market_reference
1761451115,23659101,0x0dcd8c7cc7bd65a26d11ff180065f3700364f0dc6c06326095404e0ac7468c19,101,0.001567578962231748,stitched_market_reference
1761454715,23659399,0x2fc18e52bba0f32971cb6b319e6bfed16c7df248645dad9352a2dd5ca9cdd624,554,0.001571747165155003,stitched_market_reference
1761454739,23659401,0xf4e3c6921f7d98d69ca765f48f2fca74ea909615291e9de892fb2d295c7edc0f,43,0.001567755968018989,stitched_market_reference
1761458339,23659700,0x9f9bd7b95805f611a92fdef78f4358e8074a239a02f0ec2d8f312f03f4829c9f,142,0.001575335489014594,stitched_market_reference
1761458351,23659701,0x8f60fc9fa8ae6af895257b6356c33367e5b541f375c7d39c94f6d9bd72a097c5,477,0.001573656237878904,stitched_market_reference
1761461975,23660001,0xd80e0d830a1d0f126b4390b2586d5afd6f78a03aebc03d8b41503c7d6d36e95e,132,0.001571552597327787,stitched_market_reference
1761461975,23660001,0x6cda0df88523f4a44cc6b17c3d0c6be4978cc3cff5b04dea4d368731404be0a9,143,0.001571382032256168,stitched_market_reference
1761465599,23660301,0xfdcdffeac34db3a6b99386edcc35e3c3cd61bf7236e7c3f9b400bf6bd992b154,96,0.001577814187063342,stitched_market_reference
1761465647,23660305,0xed9638d629ae5f34ef8c3a53e8f1a5768a528a5ab1389045ab2baac57ff65a75,20,0.001575032825117953,stitched_market_reference
1761469211,23660598,0xb04c1ebe9d6391b4b345b2463731d33bd5276ca859efb35ad3858d1babb8a96f,241,0.001582044809765119,stitched_market_reference
1761469283,23660604,0x30da3dd2147cda474e097ccd33c9b63133311cd9b1db3e419829bdb7223cabe9,195,0.00157862636534411,stitched_market_reference
1761470747,23660726,0xf6273f5d4d9562317b06f386174aa82de5b025633fead302cea277acfe5f6bdf,278,0.00156926715065665,stitched_market_reference
1761470951,23660743,0xfa87591aa0800322bb9f6d2728f6ad1f8b870349dcc0ad997b05ac3240eac6dc,265,0.001586031467268722,stitched_market_reference
1761471023,23660749,0x6c48d040cd72286f81a77d6e033bf66d096e06aeabf2634b3ce2942b24250f5d,347,0.00157732954515589,stitched_market_reference
1761471959,23660827,0xfeb1e066cb0bbd880aadcc5228b37e74ea2b52d9d5eccb9cf4bb1374da1a19a5,302,0.001585473011285231,stitched_market_reference
1761474575,23661042,0x7793de50cba3990623f9a74f536a007d392b094a02821cd195bfc5998a7d9e8a,67,0.001582782657674609,stitched_market_reference
1761475595,23661126,0xc581e55667e6b4a14a8ce6aabec19a2674cdec52fead4134b09dd311b8d165be,192,0.001583958980912829,stitched_market_reference
1761478187,23661340,0x6c1b95d4a5e002b0797e9f6135efeb4f14cb4fce1ea32d59f7bb5caa1994009e,169,0.001595856286312575,stitched_market_reference
1761478235,23661344,0xdc541aa22f27c7f72c618d513952c305ad6c83381de5993df1bf9465a20e0e8b,203,0.001587633742197768,stitched_market_reference
1761479015,23661409,0x9b8fac6fbade2f0d638f9ce2d11b2c8d6b5af9e548c2cfe5f77025a6941df831,38,0.001572234672074647,stitched_market_reference
1761479087,23661415,0xa5c37dac1cbdad8893b02d761b37c3f47e1d545eab32a2a792c23ab600158f87,502,0.001588268164923415,stitched_market_reference
1761482315,23661684,0x83aa645f45cc1758ecae247c5bb80a4d8a01ace1f585b878de9fd306c8879285,15,0.001579764143608619,stitched_market_reference
1761482747,23661720,0x395986084cc04dcb93b38469e9fdfabe5baf4de8f8a4dbf1e0e16a4bf1b03d96,686,0.001583726110747518,stitched_market_reference
1761485927,23661985,0x1fec57ec02bccf230387478e1aa8205424317c63f77994de36744e4b78e96b24,250,0.001577704824843555,stitched_market_reference
1761485951,23661987,0x0ebcca45e1d5217e8a5217b70439362a41de37499ffb55fe2162b077d20a6244,269,0.001593763400838437,stitched_market_reference
1761489563,23662288,0xf41bdbb3c073524140f0308003b134fc53c9f21ed08b720cbbfb642c49aa5dc7,176,0.001590674779594875,stitched_market_reference
1761489563,23662288,0xcea57856e3e3f5c3efc377843a30cc2fe00ba1cd3eadd9034a18e2946bb493a5,333,0.001591696015082799,stitched_market_reference
1761493187,23662586,0x45c8dbe0a7f0c2e3e4abcad99c403b7b7e7a03e5626a93ad004f3c062731a1de,269,0.001595001873379136,stitched_market_reference
1761493199,23662587,0xe7e7258df9aa7e3b512cc99347b7ceefa1a404958524bef6b5adb65c5ceb5cbe,358,0.001598305866883287,stitched_market_reference
1761496823,23662888,0xcff90de87945353e5903be2b158f5b51a30485718682e1d71ed3d0ea8b703757,262,0.001602432283089202,stitched_market_reference
1761496823,23662888,0xab3d86697383402b757c2dd5da3ac9cb6252a2e4df5301d64d1c220e6a8fac85,439,0.001606003230548608,stitched_market_reference
1761500435,23663186,0x7cf575f8409e10c895794ffb06b923b26d7c6d1e9a143677021cec6e9c09a410,26,0.001604226010097839,stitched_market_reference
1761500459,23663188,0x558d28ac29b3d6388cdebf458c7a74608a7e6815e9b45e2a8fcb09fca70b678f,297,0.00160646229898193,stitched_market_reference
1761504071,23663486,0x3f0973853eb342a133ed4c9a043b82a4ab00fb5bd919d79fb95dc24d5991edbe,295,0.00160203853069796,stitched_market_reference
1761504083,23663487,0x6771ff96d8fa86d2a56fab594b91cd6937eccde1d20cfdb2a569eb77ba6f74fa,30,0.001610848643183793,stitched_market_reference
1761507695,23663787,0xf4e9861d036134ce1f8a896d473c55e15930155bba5cc8ef96c9e62ae11c4407,419,0.001613480521298954,stitched_market_reference
1761507719,23663789,0x0d4b7fdb3c2f6d059835afdc8bb80d0b9ae8e8260466d28c5f3debb78e4a70c4,229,0.001616915749401452,stitched_market_reference
1761511295,23664086,0x54f04ba79dcabaa2cdb01f421df160cc4cd13eb7e2ed53fc82df154f7c71e55e,223,0.001616350002934278,stitched_market_reference
1761511343,23664090,0x0ee60ade7b5457c218cb88034ddc8b53926b32c7b5d7aa8c46f5bab708eacc5f,146,0.001611846250930517,stitched_market_reference
1761514907,23664383,0x74b675adc6c2c14d5df6df5f2ef57767f563e05318a493520b125ac99064112e,284,0.001604962149429607,stitched_market_reference
1761514955,23664387,0x4578cd91d35d8d8614c0b56433f04103d964df690d43526f75b5e95628320a5e,330,0.00160603848628824,stitched_market_reference
1761516263,23664495,0xe867c1ea00c5cc9fa02d6f68c9ee124c10676e26d55170fc589d480ddb163198,8,0.001573949350659205,stitched_market_reference
1761516299,23664498,0x729c2a71f438df0de7499aa01f170baa6175c2078859b193a73ef0db251ea1ed,25,0.001590174628536892,stitched_market_reference
1761516335,23664501,0xf9edfdedcd792088c6e396f3829bdbc9ca6fdad0f24f4e8cd62f9638181ba94d,753,0.001599231568295797,stitched_market_reference
1761516443,23664510,0x452b02428dc24ab20b061f2e04844c6168a0b8726f696c2cd025ec8f99a862b8,319,0.001607840579015812,stitched_market_reference
1761518087,23664647,0x7d2d6c0da026d236366e4575de2df41e381c3df44c96f61452ba1dc3ebfc55e9,24,0.001598939053524033,stitched_market_reference
1761519059,23664728,0xd77171b6cb38a358c2c2839e5e6c390ef217f3d8e58c9308a6b91c35dd26381f,600,0.001615859176082329,stitched_market_reference
1761519707,23664781,0x44d0e6704788e0618c8f1d37d271f92a24f6e16e862dd2ea79c8f3c443f7c8bc,381,0.001606778028041156,stitched_market_reference
1761522659,23665027,0x7814966771f8ab1823f8eb6ec18d64fcb76ac2a79bc05c5d96664f59d264773e,234,0.001599223386072405,stitched_market_reference
1761523343,23665083,0x4e806f10dd0e3924c5bcc7617b7d0ae5ab095f77dfe3e33e0bd66852388204e7,32,0.001604317145665739,stitched_market_reference
1761525299,23665244,0x0308e45eeb4a2ab2508e129df3017b2094cb4095e4d5d09e169a5ef131a8bcfc,308,0.001594249514300939,stitched_market_reference
1761526271,23665324,0xd489beb38a018e3cd5972e00c446012f621e6d79421167fd66c8110612e461e5,430,0.001601431549290389,stitched_market_reference
1761528911,23665542,0xfe6d7d1a134ac68b674c7d0da307d8cdc0261acd55255fef574bce002e6b8d31,26,0.001599576755087007,stitched_market_reference
1761528995,23665549,0x443679df4faa2bacd51ddcb5e7755002708c4a5cf98b4acd12164fb70462c9bf,353,0.001617542333030173,stitched_market_reference
1761531167,23665729,0x266c1e31ddcedafac5afa94701b6bf7ef62274371f3c543b26428d34bc7e9ad2,2,0.001635262132339544,stitched_market_reference
1761531911,23665791,0x8e6af425e820fc9ac289c5689139ca9ffa7c85f21a55fff5368984147ba80f42,842,0.001626484687262959,stitched_market_reference
1761532331,23665826,0x5bfe17542d00fced40e7b8b92d211917b10b4b1588fb10bd626a6e38860be2b5,415,0.001636634512593859,stitched_market_reference
1761532487,23665839,0x6bdddb070856d31821e2605f0414c9cc79ae3c1ceac7c3aeb25d96ed91dba7f1,804,0.001618645271485604,stitched_market_reference
1761533003,23665881,0x8dbf5caa17b05dee3239e28bfbba17f039bef95d86dc82c3e9436fc40de57180,632,0.001610377728451939,stitched_market_reference
1761536111,23666138,0xc5cbf841d5c6f764aa0df7407194ec1d8f6e4cc10612c3c59a2e41c8ae6bc531,128,0.001607159229193461,stitched_market_reference
1761536603,23666179,0x326b1bf41130af10650c28206a8d924adc6b3b73ab7ac72af9e72ec571beae12,157,0.001608528743358033,stitched_market_reference
1761539747,23666438,0xb49819528ab7acd8f654a5ff0d063dbedf7b7eb94715ca36b55c14aecab28c3b,135,0.001607587256995125,stitched_market_reference
1761540215,23666475,0x355910cf3c056ce05795d777d9fc73dfbb84e3613f2040fb37cc00264b2840bd,444,0.001606039142203284,stitched_market_reference
1761541979,23666620,0xeafe4c7aff164a6834cc3db250b296fdec611046fcbfbdd256e0f9961fdf0ae5,181,0.001597378969500406,stitched_market_reference
1761542567,23666669,0xc5b53b6b5a71eb19d0fc6cbbbb771e2e7e9966b32f0bb9eb1239133bf619fc73,380,0.001616023042347946,stitched_market_reference
1761545303,23666896,0x0e6dbe16af386f206470c27deea0b1b582cde7fa08d1752275a6c46c13ab862f,258,0.001599620328579981,stitched_market_reference
1761545603,23666921,0x8e2555561ca3b92262aaf385c8226af72c2022708eb1152cee2a6282987edb0f,145,0.00160145054563115,stitched_market_reference
1761548927,23667197,0x29483a09004919893f9606134b3d906d1df74906811b6bb133c5f0c31ac46d5c,168,0.001604839021039532,stitched_market_reference
1761549215,23667221,0x9401ca5d142dcef086d46c841c062a390b19836e769cad85968078a4a8579772,378,0.001603817519024939,stitched_market_reference
1761550775,23667349,0x4e6e8e20a71d48f2c996b6def8ae0b9400cc004097f4cf8b896ae10eeb6d1b04,397,0.001612307337418411,stitched_market_reference
1761550847,23667355,0x92e3cc51708291e4507cb632984dc2e63d461a89279ed0d132e864f21f6eb65d,262,0.001591253912081442,stitched_market_reference
1761553559,23667580,0xf1d0b221e5b90d81924dca6274a4fe78dfd105ec024fad161ac3b21683dedee7,129,0.001599611463498891,stitched_market_reference
1761553799,23667600,0x58d05615b6aa977951bf74590e381748b515255edda9e296673f9a809b24ba08,579,0.001609238389441639,stitched_market_reference
1761554483,23667657,0x4c7b3ef6aded941bfb2312f1d530fec02dfe3c19c1dd66714009cce4de10f75a,93,0.001618992360818274,stitched_market_reference
1761555983,23667781,0xf6dff61d3d92eca8765e8764786b12bca4598b5c859d4b7b14a5155c1d8766fd,473,0.001602679316831855,stitched_market_reference
1761557435,23667901,0x054efa97eecb9dc32c076277d9741ca0472337fb32e5504b213e0357564f05c5,8,0.001602734706340581,stitched_market_reference
1761559619,23668082,0xe01719224fe7f6e1df7e9721f16ab00653aa4b49798d54a42ad9665423d06cbd,81,0.001594558791990844,stitched_market_reference
1761561047,23668200,0x71fe8fd44f44736dc19cbd65ecdef1d881734e82d11fd21b427776c36468d3c5,78,0.001590341323223676,stitched_market_reference
1761563243,23668379,0x8429f6782316b1c92e32feb088c84b98f3622657cb9d0c4c7f49427363e7bd9f,367,0.001589457102297932,stitched_market_reference
1761564095,23668450,0xb59a45e7a8cb32c54daf30b428857aca984478d045eedd6567994ddddb8294f5,179,0.001599923067639555,stitched_market_reference
1761565451,23668562,0x04f85c504bd7615d812e055781065c90a59f483f1b329090b6195fa8da02bb53,648,0.001591900148179458,stitched_market_reference
1761566891,23668679,0xc656b4d26fd040426d6c81a3a5066ed7ac94e9fe92a4ea40b57da3ed72d0d813,397,0.001598839747638615,stitched_market_reference
1761568583,23668820,0xe18b0cdb86d7220f88406ac4b8e0563f85c55dc35219d08e6333dd52afe2e972,164,0.001606979272567204,stitched_market_reference
1761570083,23668943,0x6ed95bd69fac6260061983d99aac36dded1c70c9c11e4fb4b6ef0feb3f1de2af,367,0.001590371857364718,stitched_market_reference
1761570647,23668990,0x30ed19e6c736c354645f6d8d96a4cc592a4cd305ab5a2581d1da96167ebf8fbc,414,0.001582273214383538,stitched_market_reference
1761572207,23669120,0x966d081df8462d220f26a76f52a4afc6c25e3fd242d2accdd4b1fa55fe662f64,279,0.00159096309317982,stitched_market_reference
1761573047,23669190,0xe376f8d041bba61c9ca7081eb23536b1ed1c632d3da6aa04b5c5aeb02c413355,83,0.001581429437054542,stitched_market_reference
1761573695,23669243,0x8c4f55aadba67cb23054d9a09aecbb7e868c8d325378328ea9766e070287c3c7,265,0.001580814969043496,stitched_market_reference
1761574247,23669289,0x0ad4865ce160e61bb3dd038d46c5f5b371ea3432512a5021f8eb7e5ab45de5b2,143,0.001589249338247541,stitched_market_reference
1761574835,23669338,0xec82e493e1ad4ae5d106c78227fc5b7d24f0fdc7b08d34f13b7a26ddf55305ab,240,0.001572995837201463,stitched_market_reference
1761577595,23669564,0x3044fcb7d7f801c26d101f4d799b98e7a581732828bda48993ef37b3da89c424,110,0.001565068710908275,stitched_market_reference
1761577895,23669589,0x8d7d1f0ce2c8c08b8108a4439c7603c937d8787adc8fffbd44daa88d36c29c8e,97,0.001580730708831396,stitched_market_reference
1761581231,23669864,0x1eb1bb5d9829360b6d3823cc2166b49eede0e62c5fb6c2ae04985255bfebe26b,229,0.001572922166116128,stitched_market_reference
1761581519,23669888,0xd0a5cf83f21a7486386afc6fe3fdf4d2e147259dcbbe447d42dc8b090f933487,158,0.00158178606995736,stitched_market_reference
1761582971,23670009,0x830adf872cdb68c866a8c1a378829b9d181d0ef1cad3fed9f7c34557139632b2,54,0.001573708857873207,stitched_market_reference
1761585131,23670188,0x488312970289e6fc58210d9e47fa5e08bc69723200989ea9462e27bf8a0cf31f,218,0.001584868377499008,stitched_market_reference
1761586607,23670311,0xdb4ee181f3af4450be215e0ac552fcac6da3f70ecab092ba54ee1e5b8c2eb76e,188,0.001584301878229878,stitched_market_reference
1761588611,23670477,0x8f812a6fc609e23375ef5e96bbfcfba569968ec2061301feab4b2dab4a38c4da,119,0.001576346568574289,stitched_market_reference
1761588755,23670489,0x6c6cc9baf0a4b081c4a7197f5d4a4b5eeaa3bd61f64cb760d1c4a7198f3028cd,99,0.001578476471856165,stitched_market_reference
1761589775,23670573,0x53af2bc11d06c4f6622117aaa0e1771af6aa56e59e12e0cea1c1c0c083116ae8,102,0.001586648254088377,stitched_market_reference
1761592391,23670789,0x8c80e091a11bc17cc5859b382f71e409d9b3440a2240c67ed52aae6c7c7d4141,126,0.001577225893098841,stitched_market_reference
1761593387,23670872,0x2717d4c71e4981aa094356e0de70d74aed9ad79f4be48bded3161f528024c26c,123,0.001574697928331466,stitched_market_reference
1761595187,23671020,0xd8f2eaf463f3ef189444711bbc855d2525c6ce4636284951372d449194e2e2b5,263,0.00158470460250365,stitched_market_reference
1761595403,23671038,0x88c014daa462475c123bc2025468d95c7ab37044e4005db39a4ff8a7a6cf6689,431,0.001595049668603617,stitched_market_reference
1761596015,23671088,0xf877f61d21d24b4f78fdf07edc853d7cdae89ed688490265d51654ad3d79110a,287,0.00158101545715398,stitched_market_reference
1761597935,23671246,0x448d33bb4d4cc4763899260f6f5a42929db0a072b343b22f2cd7419041637429,219,0.001589857670826285,stitched_market_reference
1761599627,23671384,0xeac2794074199b128366c41103a2fa92e4de25ef151c5bb620b0828c0083dc68,115,0.001583465695629889,stitched_market_reference
1761600287,23671438,0x267fac109dd2ebd3d56ee67f22b10a28a3a8ea9ede8cea60e1ea8ac272c8b946,1435,0.001596765662581605,stitched_market_reference
1761600971,23671495,0x1efce2307127480047a75c12f326ed9fc4c1cb1456d91910b11ae47c39e791dd,398,0.001588153554836641,stitched_market_reference
1761603251,23671684,0xdbbed064ca7f7b3dcb441dacf9707405ceac8b953a09c02dfe30f1f4f7a5bc99,782,0.001588076857402372,stitched_market_reference
1761604595,23671796,0x242d3896cfba7529fc826cc18f554d9b4c902ee0dd43d80084653b6761d72b0f,39,0.001586507124486431,stitched_market_reference
1761606107,23671921,0x13bc9894de19d7260cbd1c4fe65412f4e37a3834c55278e2c2346d0542510afa,445,0.00157005075686129,stitched_market_reference
1761606995,23671995,0x64f8a74e92304f3e97b6f496eec8c03c53e0714dfe0b5e974dfca0e779790814,524,0.001578238889496549,stitched_market_reference
1761609755,23672224,0x3523c820ec43a1ff8132a5cf07f39784bf2efa18dddb953f75af9adc1bbb6719,406,0.001584951720613864,stitched_market_reference
1761610595,23672293,0xe5dca45518e708dbae90363d8defe0471ea346f781c33fe8673cd281327f00ce,682,0.001578551666969485,stitched_market_reference
1761613367,23672523,0xdcf4669340f7515cb26b6c9b4b794e2e5cd64d3fc82f98bdfb57ea6d471162f3,89,0.001582744382578463,stitched_market_reference
1761614207,23672591,0xb4c912a2cc352c71ec28fa0c860567dfc8e0417806f13821f53fc609f7d0caba,136,0.001580968199197534,stitched_market_reference
1761617003,23672823,0x58b08563bbae1c738d37b08ec7a1fc3c45520959e772159a55467a4b65df9965,252,0.001583785537693382,stitched_market_reference
1761617819,23672890,0xf7992e6388eabd595780f3130add3e51dd5fbbb37b2b2d06749446b88b8d9a93,224,0.001585671347653051,stitched_market_reference
1761619847,23673058,0x4abe2774f6742721319e10f994be893242b420343112fc39d724ad08e7fc068d,103,0.00159664959091439,stitched_market_reference
1761620639,23673124,0xe53e4156d43258a586a88818505cfcdfe4f5fbebdc80cc5509a4e0985eec3aee,492,0.001588605505612719,stitched_market_reference
1761623471,23673359,0x31907f506570ccb56f691a2df1e694468699eff926bdd75f28e239f0046770df,214,0.001593230774074473,stitched_market_reference
1761624263,23673423,0xe2de0255344b0abcd2d943a707de607083b9b5f5696cea983affe63c844def41,32,0.001588318290995328,stitched_market_reference
1761626999,23673651,0x63fb5204837dbfa15a6dafdc46ca11bffe083d349460a746066419b346fef2e4,255,0.001580088039591999,stitched_market_reference
1761627899,23673725,0x7fc7e4fa330f0417b2bba25de9e2383ca6616bb97f60f5a178287c7c1f55dc44,257,0.001587613958518027,stitched_market_reference
1761630299,23673923,0x606cad9a5159cf514cff195834c827677f9abd5b2f80fe676f68b776ce6a8759,27,0.001595707891048346,stitched_market_reference
1761630371,23673929,0x8dbec80436a836ae55c2ccda5c7df5d9cbdbee2c5577c1821a5be39d4dcc6c05,665,0.001579002179136669,stitched_market_reference
1761633695,23674204,0xd50f2a407fd4e8b3430ce581e7f01373c836afa46dd225806268234e230a193c,400,0.001594891666768968,stitched_market_reference
1761633923,23674223,0x6f2052ae1c372b4d09fe6010454ce756ea1f9210f8bf08cfef50ff3bc0332182,142,0.001589624256146626,stitched_market_reference
1761634439,23674264,0xd9ac047c8781983520c37dea2fa4c4fced8d45ee0e27c0042c73cffa2ee915c3,358,0.001606585345204082,stitched_market_reference
1761635099,23674319,0x7ca6addde7d832e4680f6d6e43e5fcdc3179adb83fad9cb70648fddc33c937ce,260,0.001597484347176329,stitched_market_reference
1761638075,23674566,0x17aa7e307b49908e7678d13bfbff4360ced5d5138a1c9be69380e3078553cba0,308,0.001584448099681218,stitched_market_reference
1761638711,23674618,0x438879186e0dbe5faddca6ca27484ed449df5707be79db381bb0c44f0f1abef9,268,0.00158650280853022,stitched_market_reference
1761641711,23674866,0xf2c4064828ae774b8dbe9add2083f66d8f10d17abfbba0efd33ff365d68a6c2d,415,0.001599196543576138,stitched_market_reference
1761642335,23674918,0xf25cfb82dc804e548c4c6684e29e77be39f8752a36d5e92e102b37d739b55420,80,0.001595365514806996,stitched_market_reference
1761643811,23675039,0x5509ffd9d477e3c877e42aa74b2354b01553a4162e27a98b19730a98cc05b54d,231,0.00160342193059755,stitched_market_reference
1761645335,23675165,0x1f5c83d4592aa09d2633ddf4d1f0d93ec225f212abf8d491d7d128798fee2e4b,104,0.001599504245238427,stitched_market_reference
1761647435,23675339,0xdab54c9a180cb335022913a20886386bec65208163c247479af661b92507acde,551,0.001594318309518201,stitched_market_reference
1761648971,23675467,0x347a2db122186abc09bc96bf5c8edc45c5a1eea2f347a77d26ecc8c2675b027c,128,0.001592805904565702,stitched_market_reference
1761651047,23675638,0x3ed777b776b745bb262eaef4b53a46f495a8848de325e18e830822e5388b445c,191,0.001592368463972972,stitched_market_reference
1761652595,23675764,0x8ac31af400c8bfbce7eab4e371b2cb2f658ea3f5cb07f9973b0efa94466cc5be,161,0.001584453818224181,stitched_market_reference
1761654683,23675936,0x47c134e041522dedbed1768397786c64d4e2189ff0e24699b9405ecf1fe6085c,28,0.001589910133703514,stitched_market_reference
1761655655,23676016,0x8c44f5d2c55e393b435802cb611487b7f99a8cd522bdcb163edadca8b32e63d0,55,0.001607399554321619,stitched_market_reference
1761656579,23676093,0x76254f862803ce5fde39d99354d6f6cbe64d96c087868257eec65c1b4d085321,258,0.001598899038985641,stitched_market_reference
1761657899,23676201,0x84c36b03ede7d6c53d878b35b60a52890df5c0be02a2b23511867a856915be74,243,0.001589251938264117,stitched_market_reference
1761659267,23676315,0x388ffc8c1cc021e113c03c8857bd2069502f1374d4ffdf9096b7e1d7a63603fe,541,0.00159515269295222,stitched_market_reference
1761661235,23676476,0x34e9837dcd806010fe726c38646f2063fa2ba2cf317632ffd822b4f687cec14c,514,0.001586932031157269,stitched_market_reference
1761661631,23676509,0x26131bfb84c9cac61167e11a01ca597100244fabde35a77d49e4cdeed482c440,139,0.001594967357414402,stitched_market_reference
1761662387,23676572,0x66a1c49ffed2142230ebc1d07be4b75f48d245fd74a63ca8a7d2a24ef60bc5d9,260,0.001578480677602101,stitched_market_reference
1761662435,23676576,0xc38a97861e213f32e77281e39357472c21c5a8e595e65489f3bf5d3b80f3770e,374,0.001587761812244155,stitched_market_reference
1761662627,23676592,0xa5d368a18a2130454ad7575bcc344b2b60f86c11c9e579936b3416433b4ef158,466,0.001596004461848363,stitched_market_reference
1761662735,23676601,0xce1454f333ebe768c51da4483b3b049c0dacb443504cd50093dacdc2d0153863,875,0.001605048115905129,stitched_market_reference
1761662759,23676603,0x914ce2975b9d85a9836274cb18c80befb6d50cb9d6e95fdc9fc8102cb4e66871,1114,0.001583683826553594,stitched_market_reference
1761663071,23676629,0xcc0478fe8f7d520cc9ae14b739252ec8b63d2378834d401321daa6343f04c0a8,248,0.001574714348254062,stitched_market_reference
1761663407,23676657,0x5e0408ace7dd10ceb1372cdd4a30b1d864b3aaf35b2335bdd1ceeb86be3e2038,301,0.001590923019563734,stitched_market_reference
1761664067,23676712,0x25e957aece49ed53d9ffed986766075e97beb56f3651ba0a30350064b7b9a69a,259,0.001582429942751823,stitched_market_reference
1761665447,23676825,0xbae9671ee2e9fefb19cb101afdbd1223521897c995d639be553521db3f9c7c13,272,0.001592167633185522,stitched_market_reference
1761667031,23676955,0x54893634880cfadbc4494a8cd59d0c5c922ad962d239c073f64ee6a7e82ffee0,270,0.001590468492577436,stitched_market_reference
1761669083,23677125,0x8618c07d0436a83aa621935cccd908d76b54c0af9f26234eafc2d8c3301a9a35,548,0.001581321142559128,stitched_market_reference
1761670307,23677224,0xd15aaef2659f23639882557a601be26d2bb4441bc53c91cd32755830dc993c15,266,0.001598026723698888,stitched_market_reference
1761672707,23677421,0x9c12ddd859d697c615a36437bdcc620b48197d41c34503b56596e5bbd8edd4de,420,0.001597544914850453,stitched_market_reference
1761673943,23677523,0xda26ed9d72bed8c77e18b249d5f7115d6c012926f3e727dc7e8eb3b1078dfe1c,943,0.001597986039247444,stitched_market_reference
1761676319,23677717,0xe12a57ada1354692887b6c0bdbdd085093f596645a54b3c7d6bc58a6a69a1f3c,7,0.001597535293505336,stitched_market_reference
1761676667,23677746,0x94d157cc27f736c0db9af9593f37a10c15e1abedfd5c0d0729dedc3450813849,356,0.001580999743399186,stitched_market_reference
1761677039,23677777,0x16fc05274b22b295260e1eee562d874f07aa55b8f94d2446dbadd69b4e756c7c,290,0.001589019238297437,stitched_market_reference
1761679079,23677945,0x9adb8055a8efd1c67b22698448c7c7608434ceecf0f9d503920bc91707bb2b5e,130,0.001597418904871504,stitched_market_reference
1761679259,23677960,0x57c48d3c548a3c511b58eeb95dba21aa38bbb51dd40f36d9dea9acdd67d8e30a,75,0.001607410112795235,stitched_market_reference
1761679259,23677960,0x6fe159c9e87ffc8a1cf7c4dfed10eeab29dc7d07d6f281a36e912255b76566d9,963,0.001587329354511276,stitched_market_reference
1761681023,23678104,0x01958fe6ee2858a8989c76710b3b097fd4e07046d2326fd2f1e0363a1207823b,260,0.001598124854579751,stitched_market_reference
1761682391,23678217,0xb3fcc06203cfbca39d0f399198f2add34c6630b25dfa892592b3eaebc5af186b,605,0.001607967605215475,stitched_market_reference
1761682763,23678248,0xde2b0076abf854f9dfc6d534738ed5f09ab4d72a28ec554f9d7a2813c0308ff8,372,0.001589629874332677,stitched_market_reference
1761682763,23678248,0x9bf33494ea245e511f6a728f91ed0d9811502c0fa55f904b49898d76f16391a7,670,0.001597669999770669,stitched_market_reference
1761683423,23678303,0x5130a057c7035abd968ade6b529a150c6f47cc3169671f6a16d3534f36701544,389,0.00160667199848284,stitched_market_reference
1761684011,23678352,0x06c9f1e30ad5a71d5f77da2022dfd6ecf41b5f6609514daa9d0f7b8351ceb7e8,713,0.001597834190318727,stitched_market_reference
1761684719,23678410,0x11e824c034384b1e89cb34e8e6a628f5443647055d985d32c8b3d0097b4b2317,457,0.001605971493306201,stitched_market_reference
1761685379,23678465,0x0761642a1a2f971fc3f17e751c80a8c7a319a4e48d07562c2cabaa806368a61c,295,0.001589492000108295,stitched_market_reference
1761685679,23678489,0xaf8ffbcd71d49eecb5da944259b26a456291c79d23f21bcfc5d109ab4738c66c,81,0.001602361224011689,stitched_market_reference
1761685991,23678513,0x69c7d94e10fcab249058fec08d14b67773bbcdce4c03860bb7dda1c1ab1037c2,658,0.001592383317439034,stitched_market_reference
1761687851,23678666,0x911a9463a00ef17ba186bf215511816bcabb0805af8618f551c880dce55036b8,40,0.001584111848178716,stitched_market_reference
1761689003,23678762,0xe2f87f0b4ecbc64e2627a298cf6425318f3777ab88f034bc7b36c72e8409b83f,239,0.001588574029606797,stitched_market_reference
1761691475,23678966,0x820d9b0dbcacbb7ffeb0f81ecac752ec23b89a8321f77b64d5cdae9624efaff1,317,0.00158378614779064,stitched_market_reference
1761692615,23679059,0x659df2a10ee157092f0a55f02bbf406e1573b75df1e8f66d69bef9542e6bacb2,264,0.001590240873940724,stitched_market_reference
1761695111,23679266,0xa1088b8a797632068a4a7b6943f7407502e7b53d62339f3a75961a968e950a7e,278,0.001595511031964433,stitched_market_reference
1761696239,23679359,0x111cc913545076a7b05e1a0707450ed7977b1218ca74b1f1461aab9be2dd36ca,290,0.001591788956326614,stitched_market_reference
1761698735,23679567,0x2c1505219876a827a1737d6e160a6ec66f234e3db86ac67d8dc06bde346ee18e,59,0.001591843881712965,stitched_market_reference
1761699875,23679662,0x150e47581253e2ffd69aee39dffcb3fad8b836750a977d3a7f736fc9b56ab592,422,0.001589697215032916,stitched_market_reference
1761702119,23679845,0x58d3422261f07ab102c32bd51738bf8b08477baf4073cc264bc0e60c8267ab68,268,0.001580439215128794,stitched_market_reference
1761702587,23679884,0xf337476a98dbd32cf07d3825d3673d71b21d307d9f6f8b6427d19f30900a070d,392,0.001588485363622646,stitched_market_reference
1761703511,23679961,0x125ecd0607999d109e148bf58e65095aa9476cc6467bd9fb3e26d782a8c4808a,253,0.001592566851340872,stitched_market_reference
1761706211,23680185,0x886f71667fa33eba3e4d909c30ba657687cc366b11a4c51738556b10782c5bc5,518,0.001586712047002056,stitched_market_reference
1761707135,23680260,0x96ac5de1343b9506f444a0c92e87c6b25f68500c04f694f4408a959f5c09ca27,399,0.001578488474534135,stitched_market_reference
1761709847,23680485,0xf95ee2758130abc2736510ca95bdb8e25e4d89bab51b1562adc18491ad81aecf,114,0.001578812286570283,stitched_market_reference
1761710771,23680561,0xffbe07c6384815c96a1bdca4942d212849c17655a2599418271c15d88d02d3ed,180,0.001578322417174117,stitched_market_reference
1761712427,23680699,0x9e0919673cf50c448d5c839ceb46e9d7a823069ea7a3f7613b2b4394ad3e1a2a,178,0.00157013793181313,stitched_market_reference
1761714407,23680860,0x9f735852b4d918bda7caf7ad2c833c4b737ddacdd65a6e17ee4f2d1fa789e193,173,0.001579686582181408,stitched_market_reference
1761716051,23680996,0x832a741eb4cc333aa4aef4787d34ff39af0aa1bcf223f6570acd99cb1b063416,90,0.001577262932325825,stitched_market_reference
1761718031,23681161,0x327991e2ba6b8daaba35635ccafed5cfa3599c3f1db26a1e9b9bf79c9a6af37b,300,0.001581378770327854,stitched_market_reference
1761719663,23681296,0xbb08700762db0986a3e0d2dcc624af762474ca54782354cf709ca2cdb1cad0cc,450,0.001582715772576396,stitched_market_reference
1761721667,23681462,0x892f8f85d774b7105d0d6f41606d0f827279d08252f27d4e2d49631740ed4b52,67,0.001576756767817258,stitched_market_reference
1761723287,23681595,0x53155d11c46136b8c5d2b923af0d58efda3f6230932be158a03f4d3add824a1b,260,0.001576881087300131,stitched_market_reference
1761725303,23681763,0xd357cb17f6e21694cb2ad964ab9f3c94530af75301f61efa3669975d323df5e8,701,0.001577416518624919,stitched_market_reference
1761726923,23681897,0xcdb66137cffcae78a0666ec74880d823c083e46b8f340f5e3e93cd92ca8e7678,219,0.001579790290489681,stitched_market_reference
1761728927,23682062,0xd7a933f44e1bfb9124fb0b5b8f8ba5e64a0f01714a92aeb85664ec48e9c5c7a8,429,0.001569020696319813,stitched_market_reference
1761729287,23682091,0xc5889b7ce9301aa781cce4ca5ae58ea27c5943cea8e2625dd0a7ab9c9363872c,376,0.001577605807644201,stitched_market_reference
1761732563,23682363,0x917b9009f16df8b29dbb0a6c9123fa39104305fdbcac22bd60156f09cb1f7c79,118,0.00158332725585645,stitched_market_reference
1761732899,23682391,0x87c654c129ccf36edd9f042e74f240435d5fb51fa07dee72919e2814f62b27ff,219,0.001583431737996147,stitched_market_reference
1761736187,23682664,0x30b85d02ae7685e546e9f1639d94e15e3b0d1af29c580aff9f42d95e460a766e,111,0.001595663079801392,stitched_market_reference
1761736523,23682691,0x4238cc1bd271c31370f5adb213ab431bec54bd086cdea9ff313b50c94af5adb5,111,0.001592078534176841,stitched_market_reference
1761739799,23682960,0x5859a90faf24d8c0bad4ae6fa116622830e91407d5cb36cdd38d9d14632fd667,335,0.001591888962582865,stitched_market_reference
1761740159,23682989,0x0749331bd9400bb73bdaf41f0cb7a9edae18a1b513de39bfe4847f827ab69bec,583,0.001587526924790155,stitched_market_reference
1761743423,23683260,0xb2d02fdaf4ca87c3a136a8a949085ef05f97d022377673e17914c6c31a879592,397,0.001593396867583662,stitched_market_reference
1761743783,23683290,0x399a7e1bfc9c4079572d9316e9f11120babd5e7c18770d42ac623eb0b0ae5dba,337,0.001589696568722295,stitched_market_reference
1761745055,23683393,0x417c9f5e49f1d6918f8a753c69e0a858fa48a1d04e8cd963a93c6b7d31833a0e,437,0.001598373178273406,stitched_market_reference
1761746603,23683522,0x7d9c73abc1bef261c774796b84caac8bf50dc59686de2da9181ef4d0a15ea3a8,547,0.001581071642936074,stitched_market_reference
1761746615,23683523,0x1d69b1e7462f5331df6e70818e7b3d2aa9ae5773854f7145d083a29ac7d042f1,852,0.001590684761932916,stitched_market_reference
1761749195,23683734,0x018c5a9cbf50c6af92689cf48e0f4873f55dbefe29797e0169c8177f06376111,368,0.001581661944357796,stitched_market_reference
1761749759,23683781,0xbb17d231681a9e58823b8ca2c30cb3939cdc62ef2325cdaa5618739c74808ee0,579,0.001589651804603025,stitched_market_reference
1761750203,23683818,0x19caf4d938d7a5bf27f704815df021b6025d909bdaf238c197e0fc38f87e8660,343,0.001582404171536438,stitched_market_reference
1761752015,23683969,0xa9066d7bb90cc16866fab787c47a4c8172c6f8df6f40eb40455df7860f0ad485,13,0.001590976840820981,stitched_market_reference
1761752039,23683971,0xde7488dab32f6b9202e77ab8ea7abbccedfc370dcaba5265aae8f56174414163,588,0.001574988010879566,stitched_market_reference
1761753959,23684131,0xf01ceadd746b4c3d89379dbcdaf22ba3ff496db5b875ad86b9fa78e4be584eb7,232,0.001583962301422322,stitched_market_reference
1761754859,23684206,0x78ff2401e598eca66bde74fa32cb614fa7e25123920a0eb539c3d6a05d0bc38d,352,0.001574336194982312,stitched_market_reference
1761755675,23684273,0xeb1f909e3733d6369cc8f5d55277b51fe1f1656c19712866f5affba9ce479b54,264,0.001585652972690009,stitched_market_reference
1761758471,23684505,0x1638b6ea0f84fc31b096cfa58023aae9f9b45ace6b0f32de31d380b74788a487,15,0.001584927245883021,stitched_market_reference
1761759299,23684573,0x28c95b66f39039e015ccb7fd4bcaea9dc1f4b497aded090fef8f6c91f17add48,255,0.001595342555366269,stitched_market_reference
1761759407,23684582,0x702ec41d66c1f69a5919b5652afad1d9ba47a30d0236be3678df5abb30dead8b,415,0.001585665881502998,stitched_market_reference
1761759599,23684598,0x30ca40444e7f57f90281c9e36fb7daba0c891c68ec475eee999d89382bb5f20b,676,0.00160208924526456,stitched_market_reference
1761759611,23684599,0x0d0c0a62ebf7e6ca559bec002701ca0f527bdb16a473b211f366da80fad26a97,328,0.001592573069566256,stitched_market_reference
1761760835,23684700,0x5217a63ddf7316d6963e1f49df95cb8c816cbc4b29962d87a25c46fe9684e7a4,243,0.001600827772804749,stitched_market_reference
1761760991,23684713,0x5ff532eb7d7b1fbbc2a7ae44ffbcdfd0417bec359c89df2237e45fa109a864c5,492,0.001589939089503957,stitched_market_reference
1761761135,23684725,0x16fd2ab8e8925877b8644af43f074626c4d1c04610c5a77c06d32412dee2eb6b,381,0.00160332980969018,stitched_market_reference
1761762695,23684854,0x1e57861ce11d45debf36c8813a8f90aeb582deab6e1c50314b793e288b4e15f4,283,0.001595234398884992,stitched_market_reference
1761763031,23684881,0x3ca177942885f317b6acc1705ed8b3c28d01944f034ad4c1110973c5fc017c3d,582,0.001579066478334282,stitched_market_reference
1761763031,23684881,0xf3eef60673a0eb75c6fc3a998f1cb7f48e4cff23120f2723c39eac00c575641e,731,0.001597513637379355,stitched_market_reference
1761763043,23684882,0x5ef74352e728d86e2fa773b33220abdaac9130e01cadc1d14034c04ab13cff3f,152,0.001610901002254613,stitched_market_reference
1761763187,23684894,0xbd979726a47ab44190996471792dbbe27a90059558909a2ccaee0a46f6c450a4,889,0.00162059369592691,stitched_market_reference
1761763211,23684896,0x6e8dc17014dd2c1fdac73fb1f217efbf0dc55b54ee45385ee2c940375cf1ec6a,224,0.001601140229225038,stitched_market_reference
1761763211,23684896,0x37af37da7e410cf53faef7884ddcc2c867e5ab01d5307a5322534919cb263d57,312,0.001610129401059556,stitched_market_reference
1761763355,23684908,0xd915e41fe721967cb82fc639e7fe993c75d14384808af80b3741dbc4b98aa945,240,0.001619311506084176,stitched_market_reference
1761763355,23684908,0x0bc9564274fe3a4992ac11947c92aaae64cebe40670a8e39708f36c24efe9e7e,614,0.001602735164337125,stitched_market_reference
1761763451,23684916,0xa2b41c4ba9cbf13a2a0714f76dd42d2a31902e886155441021c9b27d62b2934e,32,0.001627465592468775,stitched_market_reference
1761763451,23684916,0xb44e5c1fe7d777e3f2d3315e7ee746a9acabc638fb29fa92ffa549886ff1905e,50,0.001618853303585918,stitched_market_reference
1761763571,23684926,0x42248584b2973c6d228ede54f290ebb551728f603201d87a43f8238bdabbbb6c,356,0.001610431357350303,stitched_market_reference
1761763859,23684950,0x9c1e19b97a822a71f13b70c3a0429e605b59c45b44a44e701ee4f5ee77729f06,232,0.001630450497544884,stitched_market_reference
1761763871,23684951,0xb67dd3b8ffa24e69821daaa1a00160d1443474aab3077bbb22d28ce53ef4d2e0,142,0.001622079539774047,stitched_market_reference
1761764051,23684966,0x5d8c43cb4896f602b1bc972a2a276355152bee8b4122161a40213e842cfb5035,243,0.001611175094330821,stitched_market_reference
1761764351,23684990,0x3fed49c18c6d5cfb0d60d7c215ceb53c6558383948c5bb58dad6099da3430c7a,85,0.001621419801040621,stitched_market_reference
1761764891,23685035,0xf0b7a5bcbdda2e7160bdae35f748f927926b63d4c872d1a4545ed5a6d1760de8,433,0.0016101986790034,stitched_market_reference
1761765191,23685060,0xdd152f3e0634ffd4d55a5fbdd15b374ac6bd86e4afdcab9e4a21435688b68741,302,0.00162708068365501,stitched_market_reference
1761765647,23685098,0x49823539be25188c83668540ae9f3ea0b178a77382c7eeaee48f5a21ddd7a89b,156,0.001635346454226688,stitched_market_reference
1761766571,23685175,0xca427b75c8c20a4bc3cecafddefeb968cdcd90abe3f104f1a255be0f1108d677,256,0.001618974556093983,stitched_market_reference
1761766619,23685179,0x480e6107f66289306ba8b3d202490fafe47f67677a957578f575d88751b9cf6b,564,0.001628391303870954,stitched_market_reference
1761768095,23685301,0x5a9b0ba5082d5caf7e1b67e8f8cc58dc5f8ba9d74a4cd302415f0304d8863cef,41,0.001644930563705428,stitched_market_reference
1761768431,23685329,0xf92ba4cc8461256983d9ab637a5b152098b76f56c65b83375b87c7a8c6397946,278,0.00162814802970579,stitched_market_reference
1761769427,23685411,0xf32fb413a3d2b0878436d6dab47289fa36a32b38ce0e6c0ad9b5be4defd8c855,370,0.001619331329446926,stitched_market_reference
1761769595,23685425,0xf6d1ef62be8ea9d28d97e636ffb64ce8fecd5c26daabfc0e278effa2fda13bb0,409,0.001636715539036311,stitched_market_reference
1761771071,23685548,0xc1812c3185db4f5ee195d1d599b9a39fe2cbaea2760c3d858f4ffa422db778d9,106,0.00162824985932058,stitched_market_reference
1761773195,23685723,0xa4d8a7e474bb2aada2fe975016ffc252383d2dcd7e70544573367b256f490c8f,1199,0.001621181775549771,stitched_market_reference
1761774707,23685848,0x173ecdd6e1439509b08e24e4b0d8432620ec23207b3d66b551fe2e5a9b39a345,404,0.001615408961321976,stitched_market_reference
1761776807,23686023,0x74c6db625ae258bf96035fead06502ad7c2eec5ed7b37df641bb0737872f7213,566,0.001613146209846646,stitched_market_reference
1761777047,23686043,0x4c9515c80726f6dd33d231402ca0a28b9f6fe6cdb37091ec03c656c1fcdb86a4,116,0.00162150734444921,stitched_market_reference
1761779447,23686242,0x32233fae4968e16d138b504be5c706c1af114c5cd3e68e74441b24eed7650510,588,0.001629970532364856,stitched_market_reference
1761780431,23686323,0x2865e02ea6968b41cf2435a1b198fa94361659a1e2b54ef2f4a403bcc5a42266,296,0.001616426230674318,stitched_market_reference
1761781079,23686377,0x44e7e9a5616837fd6ae84fb76a9f194ce311c0a9b118df0db85e90c951168936,876,0.001625552669189813,stitched_market_reference
1761781307,23686396,0x290fdfd35cb16c759a734779a02b943b7389eb744db6684c98677878460662c9,571,0.001607338892809032,stitched_market_reference
1761781343,23686399,0xef4d32272818d15760d4e9685d3175b8dcb2916f04ff962be77cb27a48dd04b3,79,0.001616095417160698,stitched_market_reference
1761781607,23686421,0xe452991fd76cbfe53af4f8851c613ad83107e871f77d8792d6044e9614be59e6,542,0.001607990672362815,stitched_market_reference
1761783683,23686594,0x815101efe129db7beb60c05de74858cf5bf8385146e80fe50426415db67d4d9f,164,0.001599851267878836,stitched_market_reference
1761783971,23686618,0xcdb32fd45c00df3e6c4edb4285a6e32c2a53d5fb9588703278d915d636d4a2ad,133,0.001615961333647996,stitched_market_reference
1761787307,23686895,0xac611d2615455faf3eeac8c5e55245b55b48f4a54c8d2fc6d113197f33224985,78,0.001615248816216371,stitched_market_reference
1761787583,23686918,0x73f00c78cce2226239cc53fdbc818e5d30608fead4b1f4e6efd545046951ce86,245,0.001613209026290167,stitched_market_reference
1761790607,23687168,0x853f86706488a58986dcdf86cb10bd030efc8492a26ed9b5b8c1b0ea75a3978c,635,0.001605086413295921,stitched_market_reference
1761791207,23687216,0xa0c2a931d6749540941446d2a3d59e8364ff4365e64f008ee3a36eef314365db,158,0.001621283521801933,stitched_market_reference
1761794219,23687465,0xdffd43b203188222c0b0683c0ff7865449ecfd0c2cdd769a274aa5224c4115bf,176,0.001616256414862241,stitched_market_reference
1761794807,23687514,0x29cab1d9da42b828252eb1941612aec7adacca4ef528c3a1d8cea20e315dcacb,586,0.001610025946716088,stitched_market_reference
1761795563,23687577,0x539e4222d8f11f9828306eeaec8c930295ed9c72bd02e478047434e59ed16f43,119,0.001592257293907235,stitched_market_reference
1761795647,23687584,0x308d77279d61e4d2cb938795a7d58e9f88878e88b0da6d37dcd20c7f8c86e3e0,144,0.001574968272112181,stitched_market_reference
1761796223,23687632,0x013e2a8e4d67930c7d3f5a4a4dd6632618919511ffb18accb5ba655da26c56bb,515,0.001557189422523195,stitched_market_reference
1761796439,23687650,0x41fd97be44ca2eeb7008b1bc8ba5052c19434b681eac07b3d13ca6863e024836,219,0.001565067651753043,stitched_market_reference
1761796463,23687652,0x16e6a69ee815150b17ebefe0b7623e7f0b5eaffe63670cae3b555fa277bc665f,506,0.001545818882373696,stitched_market_reference
1761796607,23687664,0x8f84376bfd472a300a3bfa04ffde0d831757b2e3ef4e2b89a5eca4cb529f06c8,105,0.001562621116580488,stitched_market_reference
1761796703,23687672,0xd5456ff4294bdb48f5a68e4faffecc1ae3251ed30c5a3b56940272353d22071b,243,0.001538735213758086,stitched_market_reference
1761796763,23687677,0x7f3b20622ca52c7ccb0070088dcf881a5512fb02051684b5086dc9780f187d4a,271,0.001554354956261716,stitched_market_reference
1761797363,23687727,0xb774319640be999396f116b7c5a23fabc1efff247b17323edfdb0efca74f0f11,237,0.001535323176421953,stitched_market_reference
1761797399,23687730,0x808b7b3aad7e32c4ddb4a482e74c1aca7f9dd3ffaa4e3232c7a6eba9aba272c4,493,0.001543709691051484,stitched_market_reference
1761797639,23687749,0xeb8dd8892c8244f310076ab6cd57eaaa24a9cebcb7efb5f5cc2827431192c1a8,51,0.00155152225605522,stitched_market_reference
1761798299,23687803,0x76febf257a11f2ef913571ed2c1e3eb0f7b911750b82af594e2aa2ae575a51dd,500,0.001559366450235472,stitched_market_reference
1761798527,23687821,0x91601df6251929a72860bd6b7009cc1103ceba70288a09be8c31e14f54ce644c,1148,0.00154365486117214,stitched_market_reference
1761798575,23687825,0x14e779737c2e523c5fe46cc648ca0f99a3e979e84727eda4c93ef9d0574e7f33,439,0.001554264037163606,stitched_market_reference
1761798863,23687849,0xf5e4f54d27c40550546ce542b5b97a26790dbb9e1e54af245661a27d3c91b592,359,0.001545155443476816,stitched_market_reference
1761798959,23687857,0x04ecdd5f855cb7ccb518caa6ea09957c4aeb3da5b4ab8e1a153504c17bbed778,281,0.001536679884340196,stitched_market_reference
1761798983,23687859,0x34a0e5c96e6e82c471cceb2925ad30eb539e4ac28090f537e0681f1d17f64266,430,0.001552079884255557,stitched_market_reference
1761799043,23687864,0x445f12b3c7628cc1ff4405a44cee41342cc4e81426dbf6c6bad44340f50ca1e3,238,0.001541837812225799,stitched_market_reference
1761799379,23687892,0xf938267a8334780d1d26c1bd007d0842332a4ba9fe545b6ffdbce9990c970545,114,0.001549803674813663,stitched_market_reference
1761800399,23687976,0xbe11993330b46f6ee6c9aa274c249acf377074e518b91d719199c68b8b9ba929,252,0.001557735658928742,stitched_market_reference
1761802619,23688158,0xf106e643be8804ad975afe420e4f08a3b20bc9a98acfbef8c0798c6f080a2e50,109,0.001555326841878278,stitched_market_reference
1761802799,23688173,0xbe0d77d485d32f7223bd5fe81b716520000abbc61e076189152aec600eef4a10,1300,0.001545823223114203,stitched_market_reference
1761803039,23688192,0x6fd731c9dcbf269b79534f03113504d7ff3373259ec42b2e3b19b484685af43e,443,0.001562597670607908,stitched_market_reference
1761803183,23688204,0xe2ba855ff26b8900ba53fe990c0025e0ff3a7988a8314afc2c2357145a85ff05,369,0.001552789775145578,stitched_market_reference
1761805019,23688355,0x163555b941019caf5ff873481aafac590ba3de9634218e7fff792974c6d5db42,161,0.001560797466843349,stitched_market_reference
1761806639,23688487,0x461299e7f28cbdbddd32d8f722e95d7ba2c42cc9108b08d41b68fd5fd2b2dc68,722,0.001551587286954629,stitched_market_reference
1761806663,23688489,0xf60587d2029beb4bd424f7434e8828c9017c43525369cbd94f5c177f4f37d1ef,366,0.001553073066857654,stitched_market_reference
1761810275,23688788,0x697d290d9cd746854cfa9c4038da255442aa3c4cb0d505ac1128b3fc901dcecc,191,0.001547089117741822,stitched_market_reference
1761810275,23688788,0xbdef6c3b269d1eda10df9fc4d85ad0aedd3db3b5e36e5f957ec6e214ac2b9307,412,0.001556769502391314,stitched_market_reference
1761812675,23688988,0xb49000023f696d7343851c734cc65d1e5b8dac037e3235132c43948a290c8969,198,0.001541159193595227,stitched_market_reference
1761813899,23689089,0x3297d26da6502d60e3b308469a9adcbe987dcd77002a437b7e815ee3c7d5f3d3,104,0.001542878887078695,stitched_market_reference
1761815555,23689227,0xd96e4382a72f356180ef3d92b91d7ac471583f89270b548bfc7498a4b0c058fe,183,0.001551280897986302,stitched_market_reference
1761816035,23689267,0x009a22084eb9886fde9e82f055350790c99195b74b22e6f2463742046ae27c2a,431,0.00153482546764796,stitched_market_reference
1761819179,23689529,0x5d7fe866995449f150c029d491e516893a3826f303b2a8cae70b92279202f773,12,0.001540988318302523,stitched_market_reference
1761819659,23689569,0x32f55bac2dd9576038a2473523c15bb6b01093aec9fcfd76b350e9b89640aad5,482,0.001547631204218034,stitched_market_reference
1761822815,23689831,0x7a61040040a2e03f423344ab352f836a0e61c8c55e71e550ee3b482a4571dbbb,406,0.001553143526320719,stitched_market_reference
1761823271,23689869,0x6543fb12b5d759c17afb1d590d1d18da4f10e44b7fc3d6355f3203b0bb1fbf32,184,0.001552620403762635,stitched_market_reference
1761826451,23690131,0x2d39ee26ef2e9fc0abc7e540918c70a4379c6320318e633cb2c7ec4ba6fae07b,46,0.001555465283762202,stitched_market_reference
1761826895,23690168,0x0deced0293f43ac95f74b394947f173a3c77628c7d669bafaaea7243411f1bfd,298,0.001543615163738643,stitched_market_reference
1761827111,23690186,0x5602f5aa69c88e9f7f9d255fef011d8132c33d66dbb8763588bb7489ff2bb2a9,578,0.001553076582160424,stitched_market_reference
1761828191,23690276,0xb904a88b166af0922cc9a08f31a188dc43672b7d29edab65f8d4858fc09d97e1,354,0.00156439330842713,stitched_market_reference
1761828311,23690286,0x4f3e9e91b14c4c400c77faf8ccf91d7543895afb370ec62a1800109a2b34da4f,492,0.001546894298725669,stitched_market_reference
1761828731,23690321,0x54216b44c6d94ebba75a94a6970781cdb242031f97102f07da61ef1645325705,218,0.001557379599500569,stitched_market_reference
1761829211,23690361,0xd46543358956aa6b4c200cd100c769bb77313731d9afafca4ad72f03a58192e4,240,0.001549186724871965,stitched_market_reference
1761829595,23690393,0x2f339416fe27176143bd8faf7a94617e2079ddec6a2dd60a8058995593f8bc74,71,0.001565284401873176,stitched_market_reference
1761831431,23690546,0xab3816f97906bc17c9ecfb8125450fb12e89dff21003b9512bd3b33bab572683,2,0.001579013568254095,stitched_market_reference
1761831431,23690546,0x465a01907bb1b62db61b829ef080a171b856cd15b8e0864a417f77edbd5a26fb,606,0.00155893250333121,stitched_market_reference
1761832691,23690651,0xe011ac1a82bd307ef76f6c0f7e003f0b561d95fa5f86d49f31a3323ed31520f4,2,0.001567981542322989,stitched_market_reference
1761833183,23690691,0x64c03a4ed297a1b7f473b4ba35d657c442226b898023b92a5e4994aa105d3a8d,510,0.001558177490503129,stitched_market_reference
1761835055,23690846,0x7b572236a5870479b9a4a31d930389ea4f2d40f6f628380e77d86924a1a5823f,137,0.001551786343513485,stitched_market_reference
1761836807,23690990,0x7a71e31ad3d2028628a91213a7341060db884f33d72dbb7a99c1ff2535c3998e,30,0.001548745918418803,stitched_market_reference
1761837527,23691049,0xdf3816d395fd543b4a29038f5d99761084cd5b559eb4b6502f3ca4bd6c0088ed,416,0.001532858486619485,stitched_market_reference
1761838631,23691139,0x3c8f021cb0acafb7e825f925ade797a5b60df953f6772ab8491e0bf39757ba40,190,0.001541590353860649,stitched_market_reference
1761841151,23691347,0x1a8328475c7445860473bacc18fdaec087a1ecde610eac7b42222cf7140ac27f,699,0.001544590315705129,stitched_market_reference
1761841667,23691390,0x95aa4463ef6c207952b041b1c6dd6471da74eff567b922349ac87a66abeb3791,1002,0.001534332238383264,stitched_market_reference
1761842651,23691470,0xdcef4dee07df5189f5eb48b28198baa3ee1ce9630fb521c833d2a614496520aa,166,0.00154314086168926,stitched_market_reference
1761844067,23691588,0x64ad1deab97e7339d25af57d45e135db8266cf20b6779fa87082538030da5a2b,64,0.001551615703205268,stitched_market_reference
1761844763,23691645,0x50694e3fe3d7cb08070f098a359bc8691de61d99b3878c0ca1e2b5e74e93f562,314,0.00154593681826167,stitched_market_reference
1761845027,23691667,0xa351b7f41eb2ed96e677c28c7e11c0a6e93b3d09c68e7d23ad71441951402edf,126,0.001554275644378581,stitched_market_reference
1761845771,23691729,0xf682e032abddc56d612bde1ced85283b8384415e5e33de8c98e42cac7a8d6367,956,0.001538319031680235,stitched_market_reference
1761846407,23691782,0xe81404c75b202251dcafb5053422ec83cd31b8ec28a6e0c3f6bd93ff24b73389,11,0.001554079788781446,stitched_market_reference
1761846407,23691782,0xb3bf170fa34d0d837982c91dae8376927127735cc9870aa0617aa013d657b46d,68,0.001545993030431298,stitched_market_reference
1761849227,23692016,0xe682229b166314253e6a222b424afc4ead26c206a137f312c27384090c61fcb6,296,0.001554119371028804,stitched_market_reference
1761849383,23692029,0xeae70fc2b8c5f7972fa0837b18f97d8f0b9ebc50568bceb47a67e981e68862de,342,0.001538493843288803,stitched_market_reference
1761850907,23692153,0xd2211ea02bcbcb9a3d5ad962bbacce97623cb14ed8b45ef1ffde89d3322f7066,293,0.001546351094275278,stitched_market_reference
1761853007,23692324,0x38c6a12dfeef02b76f82fac60e284e31261d4ee7069cb5ea0a70340f921fdab7,279,0.001537265728724273,stitched_market_reference
1761853247,23692344,0x9ece76466f9664e2f6ea0814e4b9ea7470f87c703ea782b54fc117f9e80e8691,548,0.001547165935847153,stitched_market_reference
1761853883,23692397,0x019bd7a6b979c89a26e078fe5723b105b980efd127557753fde88844be63b603,128,0.001538360777749914,stitched_market_reference
1761854375,23692438,0x3c4bb68860988fa94cdf8f7d23da2074b21a6d5ee25dddc0b25844bdb6fac64a,747,0.00154630837297038,stitched_market_reference
1761855503,23692532,0xe3aa09329cb7803343e30b52bdfce511c7d10b088baf1f0023703f91fc76ccfc,557,0.001537837480854744,stitched_market_reference
1761856631,23692625,0x4f9c8c48776a9c804e69ca57fbaa7aef6be11de310f8b814e0cac3ae6f763aa4,300,0.00154181033882766,stitched_market_reference
1761856727,23692633,0x76dc6b05d4f32d23d6ca771caf4580f5f80fa6e9db4424a581a8f23d978b79fc,316,0.001533854672847172,stitched_market_reference
1761857927,23692731,0xc5f7b93327d3d27f5f488f3a042addc53f364a5b6c4ee461afa16d11184858fc,130,0.001525916514348692,stitched_market_reference
1761860243,23692920,0x9d6100efd51a63e26724e8ce248439a53abad70dff8a40c9ac6eb185edc9399e,574,0.001528104955794609,stitched_market_reference
1761861047,23692987,0x071d23c7c3ce9e5b857440025ef35e9ca5d670e7e38f1e988c80629c651ddc43,646,0.001520444540879742,stitched_market_reference
1761863867,23693219,0x6a8db5ad5626c7e340b86f544b557fd8c100475f7097b4aa4acceb71ca83a3f5,715,0.001529820079707251,stitched_market_reference
1761864647,23693284,0xe204c4b4243b679da6eaa9052838672fbfb369c1d03cda2466b9dd5c9851ff3b,235,0.001530829029076272,stitched_market_reference
1761867287,23693502,0xb8d612664b9e35be7bd4c4388af7d544766ff81bfa9cc074380c9168e86ee544,412,0.001523105029752788,stitched_market_reference
1761867503,23693520,0xe68be1c82574fd93bc60bacd746f4edd3e1f79f077a3dbe309e1db179cf39c90,32,0.001534461487866559,stitched_market_reference
1761869699,23693703,0xb61b1abf0e66ca635dc9222d353313af4d6ded0e628dae634e81dce3947f44ed,690,0.001526822593541017,stitched_market_reference
1761871139,23693821,0x4f7eb04da760f5bd7f98211f8aaa4f04315e662bdc70ee82998dc72c1c0410e1,13,0.001536487019322252,stitched_market_reference
1761871799,23693875,0xd5d2be1d5a274980cf527592ab8613fe702ba2862a010b17b2ccb10399e9fd37,279,0.001528732236096503,stitched_market_reference
1761872903,23693965,0x453981131c58eb866a9a072f1d45c728ff937ee43dbf48119b01231317ef8c81,205,0.001544341232025362,stitched_market_reference
1761873059,23693978,0xe4446046da25ebf723370bd582d255f99fcaa89c065a3ca169815e18c38cdc74,723,0.00153530926416368,stitched_market_reference
1761876539,23694267,0x316607014582b42c2d4d98eca5627b053b4bd613a375568b1297af1657f2de36,10,0.001530965853975177,stitched_market_reference
1761876683,23694279,0xcd80b6b6b8b71cd067c29a5af186304b9f92dfe9dd0fc0c9c684c47da4dd64c0,357,0.001537189270144217,stitched_market_reference
1761878723,23694448,0x419a8e71acf2de4b184c2d30be76b733860d8fd6579335da33b1635380762196,1034,0.001545087638463196,stitched_market_reference
1761878879,23694461,0x66a34dbe45183275c9064f656cdddb8dff45f58cceae448aa85c79a988f67673,270,0.001529604609378921,stitched_market_reference
1761880295,23694578,0xa0b01f0c2d83c9a3033d3725db10ee8774bbc58634f9e4a7db223382fdb332c0,246,0.001521946377537608,stitched_market_reference
1761882503,23694760,0xd33e43822650d30d054c768f31bc41b1a5a1409b48fbb5f560800ceae207aa27,579,0.001535893944335814,stitched_market_reference
1761883823,23694869,0xcf9fca70bea0b68e0f8d60ccd594b1143888b894c6995f30ca485aebee020781,776,0.001527839903828696,stitched_market_reference
1761886115,23695059,0xc38a4e77143b780fcd92c4cff1b6b68acdfb904034d9743e5d07bc516989c325,72,0.001539295511487127,stitched_market_reference
1761887435,23695169,0xa352cc63ab05ab43dd6c9b1c14171bc5bf10ecbdac567f90d33aeb4d03fea42d,916,0.001538513210547388,stitched_market_reference
1761889739,23695357,0x06db6852d14b6840d9d2ed1a11d7635904dead629e0d9a322b33733af5dbfc84,33,0.001534562241798972,stitched_market_reference
1761890999,23695462,0x9bdc716cd616a36030aa9e637dc589e60564c35afbd1b0b38b46116e0683dc68,467,0.001542610352535284,stitched_market_reference
1761893375,23695657,0x53a585122e267270fd736e83d0e83eb63d235f65ab4e44a7bc7e113caf705795,1325,0.001532364066166137,stitched_market_reference
1761894611,23695759,0x6b3363f57a0f786ebb41484265993cdbc8a10b42b21c945cb4b24c825604321f,359,0.001535932683663351,stitched_market_reference
1761897011,23695956,0x9a55f5be18190aa2b1cb02fc01eb193883359dfaf5d6d990d0227db837bfefdd,303,0.001535953239809225,stitched_market_reference
1761898235,23696058,0xeebe8180d9f69fc843e24acc02232bab6cf1f9c5c83664023e98f01e2452b822,315,0.001534830221280283,stitched_market_reference
1761900635,23696256,0xd86d401c294b1e322ab5e0125f0ee955cf4eed5274dd0cd44015e59026e686dc,240,0.001529787424243215,stitched_market_reference
1761901115,23696296,0x62e4e255e539d8385b053d8d000c292cf15ba460397dd3ee633e5ea71bc38281,271,0.001521965746826173,stitched_market_reference
1761904271,23696554,0x787624090d251db3b2338c157c248fb4d29b2524d021b5d15cadfc4c3c3edcae,309,0.001520675305048259,stitched_market_reference
1761904727,23696592,0xc039b35d3c634a655b03d4c243ca86abc49da31635732127eca08f4a5df295b0,301,0.001523740741834834,stitched_market_reference
1761907907,23696857,0x9355ddcc5c96e5415600794a4ecb377ac6e0d5f577b7faf4650cd54b8ba9b6d6,241,0.001513211664317964,stitched_market_reference
1761908351,23696894,0x92440efaaa66102a145874413d508ed6a7febb7e14d1bed06b6e55e8f6ec026b,656,0.001517389232894585,stitched_market_reference
1761909491,23696988,0x34ef699ea20035b471c5c117345428113d18b22447d8f2005bf386749868d0f4,539,0.001501784052087559,stitched_market_reference
1761911327,23697140,0xdebb6e68695ede744d1f16de2d5aca3800487f28ab5b50dba6d45ceecae8150b,211,0.00149314375544764,stitched_market_reference
1761911327,23697140,0x44990e36ffc75d3e8c39d54e1bc6163d287083208c178a47ccfd7164af2c8d93,236,0.001509693217428298,stitched_market_reference
1761911639,23697165,0x57bf4856916386fc3308de56c09f71268bc6c0484db9adb62f2770a6ac382358,62,0.001501210619602181,stitched_market_reference
1761914387,23697393,0x88db25f1c016784ccafa5576bb06453e77bf39e82e45b348b7fbb867ff56d496,114,0.001509335189627324,stitched_market_reference
1761914951,23697440,0x3675b088a30eda62e8fc6c3a3472267a32fd3003186669458138558a8eeda4ba,456,0.001496988781880106,stitched_market_reference
1761915611,23697495,0xf18b1082cc180bb286961298dd9f6c0db412aa98877425c59a74035615d34dd6,223,0.001505207909793102,stitched_market_reference
1761916799,23697593,0x12ff15fbc957bee36a92e69aa207a76257ad35dd4b91dbb4be23785b115db324,573,0.001497658573923151,stitched_market_reference
1761918287,23697716,0x22131f88f11317509678a9d817596dffb66cab75431b1821e2e1ca232b8b1c61,139,0.001482405508981414,stitched_market_reference
1761918287,23697716,0xa8ececf433a439e7c599e4a7a63c4b742d0b09769e806a1b54e952ea8ea026ad,454,0.001491128619390405,stitched_market_reference
1761918827,23697761,0x3a44e892773e0631d1e2f15aa5c0e3fcdd289158d0c72310ac2de82866842ae0,52,0.001483548752304536,stitched_market_reference
1761921923,23698019,0x662e1d86ad721f834f89fac997a30d946ce060e19487f220debf6bdd88b75c89,473,0.00148777778816442,stitched_market_reference
1761922463,23698064,0x17996fde054152cb75bab032fafd75652ad1d5bd79fe773f59ac5b801e6520fd,494,0.001485756419761337,stitched_market_reference
1761923447,23698146,0x6caea2bbe9da4964fd6c13af545fd718137ed281704fa9ffdad134acc0432ecf,62,0.001478059441682375,stitched_market_reference
1761925127,23698285,0xd9ebcd3fdb8e491d0b926fb01f8e0e880f2b978610c2242b9db5f7ee6109d3d8,482,0.001486146308547772,stitched_market_reference
1761925547,23698319,0x6c89e6a34ae8a41eb0a9008d8b29958c8b13be074a6000d4cc0a73e88b0b03d8,159,0.00148592873171287,stitched_market_reference
1761928763,23698582,0x0fcf4d4d0d0cf698c87f1f7d8349587908da4e5c015ffb400a9bf5656fbc0f4f,241,0.001482873313459848,stitched_market_reference
1761929159,23698615,0x0ed2af5f5b012facd64b61bd1705783c62520c0e4a88646a0680b6976a2b04da,105,0.001471258843702804,stitched_market_reference
1761929447,23698639,0x086e1bfe1495f41514fb59da67e94504ab81d86e28ce5543e8b48feb8b62b8cf,1087,0.001483973912385089,stitched_market_reference
1761931163,23698780,0x957f62a4fb31c8ff3d51ab637ea359fd6ef2e73b3a4e32293de03c5366ec6468,683,0.001492077878863701,stitched_market_reference
1761931199,23698783,0x6879011d265488b87f22a9fb9c6943b040c803ebd0d0a813f1da329f9e8dc02a,471,0.001477122019076825,stitched_market_reference
1761933095,23698940,0x4c80e7d0d23235f6025f9743cfbf9232733460ab113df3ddad2c98c436176ac3,628,0.001469579086483713,stitched_market_reference
1761933179,23698947,0xa6eb703ef5d8bcc923ab3fc63f0035fa2c1f30e8ce6687cda0141cf4dd95588c,148,0.001484377470260589,stitched_market_reference
1761935735,23699160,0x5863f934b6265d4316140ffa8bcefd3c85b018458548f3ef94cbb443a0b90446,1008,0.001492379125932881,stitched_market_reference
1761935879,23699171,0x8de4d57d1b445f5024a3a519395c81b533a73eee9ad632edc1630cdf113faacd,532,0.001483129154236499,stitched_market_reference
1761935939,23699176,0x193b6f2212438f8270e4f891a90e574e8258f47526bcc11671844d193cb49f88,14,0.001475650019554389,stitched_market_reference
1761936803,23699248,0xc672452b83bc0e51afa3359799eb27895c771d9fd4474b5ced5509b0df0a1cfe,62,0.001479827069771042,stitched_market_reference
1761938855,23699417,0x30f8695f2c685dcd54fc4baaf6d0fe6f600dea6598306110d53084fb4ad957fd,700,0.001471308166368088,stitched_market_reference
1761939239,23699449,0x6a2c3c13feb729901fbd1b7a89f3f7dc815be84d379b5ccc317fae1df83dbb44,783,0.001487863888136807,stitched_market_reference
1761939287,23699453,0xa4b272984b8afd13c0e0f25bde499171d9d4edf881114f493111bd031b68e522,847,0.00147706819618587,stitched_market_reference
1761939635,23699481,0xcf28bbe5112d16252d2b6cf068ecb7dfa7203a4584013589a871eced5e3a5da4,188,0.001484831803909895,stitched_market_reference
1761942863,23699747,0x0b8b5d53eaf27c6e7f78b44b5cc57f53cf9851cda151fa0704ad3b3d6297e39d,664,0.001484887283667947,stitched_market_reference
1761943247,23699779,0xf475a4e8913aef480d23428cb6a71b3f6d1ec9a5defbabe821900fcf26a3a04b,114,0.001486461792797125,stitched_market_reference
1761944087,23699848,0x368a7310a7f686356a72c6f672bcf645fc48f248b3fc32bf146a26ebaf5c4652,314,0.001494128630761475,stitched_market_reference
1761946475,23700044,0x856c26be66ac086a8c07a75e365db2de418d516304a23eb8546c119cf422bbb1,182,0.001487741516004021,stitched_market_reference
1761947711,23700145,0x6ad4f53c8783ce65b24b50f6720a95a5606391c9de3ec61a4654475bace32b0a,717,0.001487308331135294,stitched_market_reference
1761950099,23700342,0x4890b212bbdc72680718e03c05528bb0d0a59fd4fd643898b687853513378998,226,0.001495907808093711,stitched_market_reference
1761951407,23700451,0x24e1db02fcaa91b4655e07f47988bb2c26123dc5815ecab8ea7ede7a9678ea8e,390,0.001496961324032448,stitched_market_reference
1761953699,23700641,0x7b9f7345234f1526540365618205b05768c83e4d4e6e7f22cdc125bb3532b481,302,0.001490337889737593,stitched_market_reference
1761955043,23700753,0x652dc5350dc6145a8a487980ebcc905a27196e2af55746b563e461bad31960e7,148,0.00149423012742679,stitched_market_reference
1761957311,23700941,0x7666bacdd6bc751ba99b74f3f431ffad789fab4d92a39f3d809006634dbf9fb0,145,0.001491055060541375,stitched_market_reference
1761958679,23701055,0xc64a71a65203b9711e7fc8df3319673881e0e6eb21b0908b38ad28eb270e9015,69,0.001491211208662546,stitched_market_reference
