timestamp,block_number,tx_hash,log_index,price,source
1759276523,23479220,0x58a592941d4ed617ad1dcf22bdd14349ef36e1addaae9bc7801e2bf901245087,41,114077.64937796727,stitched_market_reference
1759280135,23479518,0x8d29203546de0e0b657d8755139de2cf49d68683beccf37c83bae7645003bcaf,228,114284.83106369669,stitched_market_reference
1759283759,23479818,0xdeed0ebf48e824781e613a2235391913d9642fe475c17b0a6cd4160f638bddae,64,114586.89760508676,stitched_market_reference
1759287395,23480118,0xd3fad8c3f6c8f5c8017e6890ab8aa83cebc135c3b6c25aa1d904f451629981a2,94,114381.2270521594,stitched_market_reference
1759291031,23480420,0x77b27ca2097b141f354571135509ba252e58ac508cf148a80f538f9a740128ef,91,114247.3227438509,stitched_market_reference
1759294655,23480720,0x471dbf87c49c86c98f33910a3e9ab49a9b286c9de1f26a506744d11000123622,152,114351.1727917062,stitched_market_reference
1759298291,23481020,0x934d7c859302708365ef96435722af102a40a8de18b0e58c0cd006824bccfabd,91,114616.43862694714,stitched_market_reference
1759301915,23481322,0xa9848b18cdc34554fad54e9b564ce6a97166d3b70309457f9fe1add5c3a2f869,260,114343.9255571553,stitched_market_reference
1759302047,23481333,0x8f3b1151c5191587d010d465f85f370345d821f69a2672ddc6dae7334a507eca,183,114345.55442632818,stitched_market_reference
1759305527,23481620,0xcd5518c7c78d90ff5a9b9af5de471a4deaabb92816433d66b2e5c15035325709,172,114644.71103097635,stitched_market_reference
1759305647,23481629,0x6d83f01c482d8d2ed3050ccc21be01add79d014019d7ce25f7d4841256289b7a,93,114581.0861860946,stitched_market_reference
1759305647,23481629,0xb9ad95f149451a2a1f85d50237d242878fbb54c1b5b72fba272f65e6eb009590,239,114573.61088806856,stitched_market_reference
1759307447,23481778,0xb2a5038fdcd078ef9cb49f3642704d0cad7d8402e1671460e6170baf1f2a1cf7,824,115200.80681035326,stitched_market_reference
1759308407,23481858,0xb9a8271ed5497d42875cb752847f3ac417c36100c8bdc5abe1e5e8417926aa5e,343,115792.67578752687,stitched_market_reference
1759308659,23481879,0xbd441852d7677a165f884e752f9e84ecc829c259de655895858a0554ab8fd85d,408,116580.3948965364,stitched_market_reference
1759312271,23482175,0x9ee7bfd22273b38016e4236e35803cb8983e2c5a5e73e4149cdcd54be6b109d6,190,116456.67860637156,stitched_market_reference
1759315907,23482475,0x1c5090ceb671c4198af2e3d682e023e2b3171451c01430980816ec491a918419,187,116338.2897527903,stitched_market_reference
1759319555,23482772,0xdd3aada9b8f43b1e22b0027366bf3486b3847849155eca3b4e05417fb81ba2c0,478,116724.56914010417,stitched_market_reference
1759323167,23483072,0xdb5ee37b8b9d06c7b2e94c011fb1ee38b6f0b2c190b40652b85ae347fc3bab31,195,116482.90652089343,stitched_market_reference
1759326803,23483373,0x0cad0ff64552e7e6995bb8da88226a91dedaabd825456f33734eb667532a4914,16,116652.02113515824,stitched_market_reference
1759327523,23483433,0x8831cacf5307b6ca363d3178f5cf9899e7847ad956d42c53b39f0cd9352c10e5,1542,117300.86274562997,stitched_market_reference
1759331159,23483733,0xfd8302caf12eeff67e71622b17ec937c10d983703a653df9d258785ed874c96e,262,117377.03209305847,stitched_market_reference
1759334783,23484033,0x0513a326c28d859d7f6af96328bae78d61a51eff057e04f151d581a64083b884,144,117622.93353315534,stitched_market_reference
1759336703,23484193,0x26656a2236fd11f5a976ff33567da9e0a60714bb08bc574a775256e280ae91d9,439,118266.45808194282,stitched_market_reference
1759337819,23484286,0x652443388716694ed8b160a09d111481cd343d2ac3fb9fc2fc6f0be816dc7316,73,117658.30266234612,stitched_market_reference
1759341119,23484559,0x21f6cdb6e6b841f1c0c1274a65879290e34781cecd321800c8839fa21033f4cb,424,116983.28991486058,stitched_market_reference
1759344755,23484857,0xc420bb1c8709ec3b2392a73dbb6148c37043373c3be4b9ca425026eb6606f98d,116,117367.89925914012,stitched_market_reference
1759348379,23485156,0xcf9ff47e80f1d6e3147117203b82cca9e7027f1d06cc2ce0b5f9a21c1e03a8f3,118,117599.35904011014,stitched_market_reference
1759352015,23485457,0x3859bf08f6ff55b6dc1143714f3569640bf6823a7e418c142cc3a54245bb44bb,100,117527.53769549691,stitched_market_reference
1759355651,23485756,0x056866ce2c0628f6fd3310709cd5f089c6347fbdde7d12d82427b114e38ec76b,252,117528.25793743799,stitched_market_reference
1759356515,23485827,0xe4bbbbf060bafa05c122549efa119d6465ae3c16301e2e3bcc0d76635ecd69e5,407,118130.99604807372,stitched_market_reference
1759360151,23486129,0xa184fe0364ffa50d1ca39b93bb8b11c6bde39dfeee7ca3337c904816f42ee492,128,117965.35294501884,stitched_market_reference
1759362995,23486366,0x717ad620ed9fff281a4b213fc1d7ed6f03298ef908b95d8720e5860e27fd1d10,221,118646.62632673919,stitched_market_reference
1759363631,23486419,0x7d01ac7ee63235e7d12d58b4b58d907e9b98be2ea0ff618fe63ada87af8db66c,196,119278.45072910124,stitched_market_reference
1759365815,23486601,0x80f5e76e61664b7d1eb05755b92b91ce401cd293bae1677dd3d94e0553c4ee66,421,118604.12285932325,stitched_market_reference
1759388471,23488478,0xe6a533f152b6f8794ea60b0979f6d01543d4b8973fe2fbcbbda7b9672bfdc549,300,118680.5029382414,stitched_market_reference
1759391195,23488704,0xa7b98a400c64b806743064d708e819067129414405ad07df46e33c1d141e1084,170,118612.3652403702,stitched_market_reference
1759392035,23488774,0x455ec32d9c192aee1d2b37be9cfa49c31734e65b9df84251ade17f827617d59f,205,118624.48367194324,stitched_market_reference
1759392047,23488775,0x77713c6ff341c41d554a013a3a0d7ca49e7f6652641fb3b522ef3ec85dce86d8,215,118625.89094447516,stitched_market_reference
1759395671,23489070,0x0c03396a93cd20aacac64dcc3274977236dd897cb12561064c1516c6b680e9fa,60,118712.93810421579,stitched_market_reference
1759399295,23489371,0x8c7066335f0f1030711203062315d075dc4e1d3096870fb9a8e8670e2edc5e3f,306,118986.1698049945,stitched_market_reference
1759402907,23489669,0xe79bf4d1f570cdce0e27439b026468e1bbdc660c535201457ff0a8771382de2e,287,118727.9189409574,stitched_market_reference
1759406531,23489969,0xdcb4e13a6ae3714a6c243b6c6e6b918dac6daad16a94e04986cdc448dc7a66a6,109,118924.27800788537,stitched_market_reference
1759410167,23490271,0x5b6f76d1e80c4acafa9ed793a78b6abaee88839e0b0b31cc446e0e79f7ce01eb,42,119473.50289819526,stitched_market_reference
1759413779,23490571,0xe743e04213e6356a756ef2a418a29d484a6c4d4e04696542bf17729cf6e53e33,101,119608.311257309,stitched_market_reference
1759416527,23490798,0x458495bfee8e4ae19fb65d2ea0d44c83ff1b7d33145588a6797c8e3ff1b26ef0,189,118983.30901999508,stitched_market_reference
1759418759,23490982,0x5958be04e398d8a8df2b6d59879c4e01154d09b1f0b81e72b4a32f413a4410cb,19,119578.75240966122,stitched_market_reference
1759421543,23491213,0x277741cd523a8c6997d604882c35c33d374b31d53d75eb23e865a2d42a83cd49,286,120263.77941272085,stitched_market_reference
1759425179,23491516,0x58d801b6e6e674e7621a277ea5bb8b68cb8246313555768fc7f5a0050acd5823,392,119782.81840537043,stitched_market_reference
1759428803,23491818,0xe608d755d45f3598b08f428033ce51e07148ec63a0d7ff20aed7970b7045a763,243,120283.43651497971,stitched_market_reference
1759431995,23492082,0xa1fe24b33d641b2147463e11cf45a5733696f0e66c2baef36c42a357fdbdc066,382,120888.0571118715,stitched_market_reference
1759435619,23492381,0x7c643f7d47510da2a3d878397fc3fc672ad2beef3b59d56ef28d2289bb929f67,23,120984.75238505445,stitched_market_reference
1759439255,23492679,0xa569f7425b37104c7b8ff204e5f3b8d8b533d58b2ad549b14d4659ecd3472fa1,118,120668.7077193982,stitched_market_reference
1759442879,23492977,0x064518c56684c3dc38a0040688d25171fb0bf705ac7589334016831f1e60fbde,187,120424.65452520171,stitched_market_reference
1759446491,23493276,0xc3f07c931e8d41c94889ccd89918ad9e78a769aa02138ec1bda8a396207bf9f8,356,120526.87257383426,stitched_market_reference
1759450115,23493574,0x89570d70461ce9e2ecf72bead0f09ffec6210d9df5ca9561e93ece2951803102,125,120450.32513498704,stitched_market_reference
1759453751,23493874,0xab8f90b387391849b764dd48cbd733320a4ff6b97010bfe527e3a6c783bcaf90,136,120220.15504454423,stitched_market_reference
1759474883,23495627,0xe26f3731f4ddc932900428d098ebc6a42a36d81a3cd24df2bc126edf0d74f2df,152,120053.33826089685,stitched_market_reference
1759475483,23495676,0x73cd4e4128d875bc833a013b67379e4d7eb7e6e2655b871e4c6a484425a69e5e,203,119937.49002982657,stitched_market_reference
1759478447,23495923,0x63730680a0242ace2ad0fda49ad34db23c9dd7ef056f38aee0dada89978a56ec,118,119764.17510004835,stitched_market_reference
1759478459,23495924,0x0bb4f4111f8c271656475cbbe1b7c2e4f36c04782c2e1334c41f76050876f0d3,27,119765.51092742696,stitched_market_reference
1759482083,23496224,0x4c98d5dc67b891494ebe898201b1d07d5e2a4660bd990d25357d5607a0aeb4a0,132,120193.94132905571,stitched_market_reference
1759485719,23496525,0x0ec78b6a4f2a67ce7b78eed87f9ab99fdda59699fbc45810526a72542f87e61e,199,120407.71703107028,stitched_market_reference
1759489343,23496827,0x3610171ab335638b6d633b5128abc8e05b8d61a5ecec860b190e1c213d29b368,371,120558.44857824479,stitched_market_reference
1759492979,23497127,0x5d0e11dbd0c9250a90d640bc15624ccdc7d42840c5e34569bafce04a42a85c8a,145,120491.41119380006,stitched_market_reference
1759496603,23497427,0x11ae2b59f1d84677c2961d7b6101e5f8536b94cef58787cc75920d278e352927,169,120342.7648187127,stitched_market_reference
1759500215,23497725,0xe6d163d7bbc591ae9a2659e01fa4844613e98170645ab383b62a0228142dd6ab,159,120319.38335471964,stitched_market_reference
1759502879,23497946,0x0b0b5895936f61737378e8f9b8fb4bb6bbb0312d72656ea5ecfad4a9dccc30c9,426,121036.29199113513,stitched_market_reference
1759505495,23498164,0xe3718f047d885efe1de35f507f94cffb9121290bbfdb08be8f293effd6f2eb25,450,121696.11585412979,stitched_market_reference
1759507079,23498295,0x28ed40519ca9133251a867161c9a81d45331e4da53c77e01aa06c060b10ada07,236,122318.15036106047,stitched_market_reference
1759507631,23498341,0xd84bdf7b939267f3d9e820d3283e4a5c0e4ee719f80896782d7ace7d49632053,211,123026.09388230587,stitched_market_reference
1759508747,23498434,0x7dcd4fffde04d415c505bf605674b06275cbde97f3440082a401c608484bdff6,316,123648.20521321881,stitched_market_reference
1759510427,23498573,0x04e19ccee03dff14a1176db69838317d6c9b0af222be5c739195066ca347f667,86,122996.82871648447,stitched_market_reference
1759510895,23498612,0x0d414fbffd0d77233d0cb5bc362938e159c9b577cd3b688d3dc93cf6f2dc0e29,555,122218.9802862983,stitched_market_reference
1759511411,23498655,0xd1b15a21c165989e101956c848497d58a9b9e1b4a1ad42fe65ec61ffc7d24ba7,141,122864.99229092365,stitched_market_reference
1759513907,23498862,0x7e2846626484daca282ec40c5fb83be7c824a780453b1416647b6d3e88b7027d,311,122198.50944626043,stitched_market_reference
1759517339,23499146,0x06e2953b68bec954ef9546d7d0824911621efce8729dbcdddbe8b1fa3dfef8e1,520,122816.39756864052,stitched_market_reference
1759521023,23499453,0xce67451ad8b6c416e5df32959dfb02441ac1691d35728760a42a6366531033de,619,122790.27451579891,stitched_market_reference
1759522295,23499558,0x89e5338d8b3a14426799a6fd0e3afbff9286a98e89540d39813450a9c779c064,219,122173.6744461471,stitched_market_reference
1759524371,23499730,0x2baf7160ca1e37449c1dcdbd70f49eddd47341cf902dfe002f3e885ae342fad5,440,122784.91998693714,stitched_market_reference
1759527983,23500029,0x4f7877ab3f53f6bde43750141578b9e2a82138bdd43dc8f33c7fc892584ed370,120,122306.25620849818,stitched_market_reference
1759531631,23500332,0xfceb047942512713c4f1e4083d0c233f7a0c457abed93060299d97d8aed58874,42,122693.24467581423,stitched_market_reference
1759535255,23500633,0xfc43fe1a263b435bfd96790f10353c7ed584631e0ccd9c6c778eabbc7be3dc46,249,122413.27289106329,stitched_market_reference
1759538891,23500936,0x8f755c2edc1437c50207b2d7bb06dbb8f0db3ed8e8abc87bd2f0a52bd4497d3e,55,122149.16684907905,stitched_market_reference
1759561271,23502785,0x033caebb3ac88c69dc647eef9446b4ddc1b78844355f523ab131df274f46f287,165,122611.64904698881,stitched_market_reference
1759564271,23503034,0xd5aacec0fba87d6cdcd1688bd0f8c95573a83d0773b93b33a77d113b2b37f961,152,122370.06590197685,stitched_market_reference
1759564835,23503081,0x4cf44c53d9211f9416e506381f0d769d24cd36e5f599289036d4469578ed43bb,126,122418.86299107362,stitched_market_reference
1759564847,23503082,0x5f35d2a57372e01b7a5126dd132eae7059f9f53bedf673a086f25cce7d973bf6,85,122418.98545647346,stitched_market_reference
1759568447,23503381,0x76612a4666f130dd18a72b7f1d8a01dc66e134b461a747eaad8664bf242913f1,354,122386.27678517837,stitched_market_reference
1759572071,23503682,0x61df33490711f52c84729d419555ddb8c1567a08f5cf92c66febe58900877087,200,122305.43173806046,stitched_market_reference
1759575707,23503985,0x95fc5ef47de352c88918b61418fca16f345e2ecfdcc3bbe8616a0e9876daff13,10,122231.35791600808,stitched_market_reference
1759579343,23504286,0x66a74e4cc2f57671bf55bce34a23c60840447a6459ff7db62eb3b578a87a5ab3,20,122083.56601320501,stitched_market_reference
1759582979,23504588,0xb111b8998e30c50ddd2999ae4e8f1ddd218c0ebc83231987afb22c9196373b32,78,122235.15936055701,stitched_market_reference
1759586603,23504885,0x11114ea5be43702d137c2067cc036946635fd0022d4b8f8595c33c7874cef6c4,310,122469.19992723234,stitched_market_reference
1759590239,23505185,0x13c634d043ef6229a5530d3c1e2667169140990c1805c3683986e42bf2cec1e6,189,122174.17370933955,stitched_market_reference
1759593875,23505485,0x07620ac66a245166a09e95497d3f6adf76e8e4dfab86c7aa9e8fb047cddb1619,82,122039.99819273324,stitched_market_reference
1759597511,23505787,0x9bd29ec478c33673cac23c6179dd845a982163f84dbbed81ff92746ca31a826c,205,121896.96343410495,stitched_market_reference
1759601135,23506088,0x9751e4258ec2b11823429d68b3e98788ca304a8762269f2ab107ce82f496dddf,284,121900.51749163683,stitched_market_reference
1759604747,23506386,0x9146cd66cd8f6182e7c85395c55e18dac438a252eee37ba8d7fcf0fffe5dcb5c,89,121766.23099741901,stitched_market_reference
1759608359,23506686,0x21f0f5cccf40ef5d528e5ab48f6d55081d5d7d5f8d187bdeee29f8ddc8d21962,41,122034.45424057142,stitched_market_reference
1759611971,23506985,0xe44a33f95084dd0c14e73ea14c043afd8d3d755033b793296a0875c51486e894,299,122064.89465997079,stitched_market_reference
1759615595,23507287,0xb4352e156247118a86aaa40611a4fbcd5855f5b3d05a95a87a17f41cdecfe310,161,122257.00185370441,stitched_market_reference
1759619207,23507587,0x07029c217f9df2e3fd617c1981eef6150a235c467215e0af5960e5b39568afe7,353,122373.83635881635,stitched_market_reference
1759622831,23507884,0x6efffef6413bfd92d5077c7f4851b9d7a9356570e7607b109ba9a9daeecca03a,38,122408.65947760148,stitched_market_reference
1759626467,23508185,0x1982728ad8b8656ce05443fc178eabce313d00bc72c50c11d6be9545a55e7277,257,122352.83120985975,stitched_market_reference
1759647659,23509939,0x082e9f1ab798421c5cf211ccd84af9814ad379ca63d2c99d745e7e80123bf7c3,143,125149.82796253957,stitched_market_reference
1759648151,23509979,0x852b6e441b56bd23bf85396c01cef62e4f741cf883e9dbd2fdf536d1da694493,278,125069.44545299903,stitched_market_reference
1759651223,23510232,0x1a54aeb1ace6c8af26d11648f1d6ca35c5610700559a63ecd08de8de1251f552,478,125073.19616033595,stitched_market_reference
1759651247,23510234,0x8797e2c9aa0cc73e57c86ccec2886db52cbfab6ca2e0b3e1e4c7e25fb0f838d2,364,124772.78682695956,stitched_market_reference
1759654883,23510535,0x61ced1b448dea5f57eff5585e53e739872931d3f5526a6d2f86b71bc74479df8,236,124629.22375229464,stitched_market_reference
1759656647,23510681,0x107f5bcc631f7db484b1d0c2a50f13d78d363835d4f08e3fc2492ad579799512,1024,123971.00206746031,stitched_market_reference
1759657199,23510727,0x7803701007cf8a1e3dc27f7d33e1eb77dae981707004189a62eb0ff9e85fe37f,254,123349.30298744835,stitched_market_reference
1759658699,23510852,0x8d3721b4d2c7ba03e6d22de998677197752bbb3d00e0cd29de3903b19656e2b8,333,122694.75333379027,stitched_market_reference
1759662311,23511152,0xbe246b0925330a3335b7ae0a54426564d2bad55200b00830b41032c98f3dc357,457,123213.69604249058,stitched_market_reference
1759665935,23511454,0x94d411d606e4b1a290707dc9d3112ffff2a4f9e8b44029392642019c0596958a,93,123168.36871005777,stitched_market_reference
1759669571,23511757,0x9f99df1e2f6150c5d0a8c10fbfe022161bf67f535116030af15eca85d957444f,93,123252.28277604413,stitched_market_reference
1759673207,23512060,0xe175fcbe8d885443653b945abc00c26654b1b24df2be1b6c022b966cfa46a840,209,123330.64180020573,stitched_market_reference
1759676831,23512360,0x05983c6c98d4802a1a9eb70afdea46289d0cc3f4f97cd34c41114e2ca9a6ca2e,195,122970.68570553909,stitched_market_reference
1759680467,23512659,0x911c50980ab0f3e6d9bedc10f6f41bc905a3c0c1659a7fe66d952100ed971422,496,123026.5028719217,stitched_market_reference
1759684103,23512962,0x8fb99ad97c62c88b98007826a6dc30333c59626f2f90c350bf8b725248c3b483,139,123429.04365025682,stitched_market_reference
1759687739,23513262,0x4cbac181e25ef24b160c15dabdcb40d5edbd13a36be31ccf42ff42c4e79e4d28,192,123120.22778614495,stitched_market_reference
1759691375,23513564,0x31942cfd162e46a6a664b6d44d492ced0868e9adec4b10ea230ffcf0562c86ff,202,122895.76364492402,stitched_market_reference
1759695011,23513867,0x557c41ba77b4e97c7e08297ffd8d605957602786774855ecc9d8fdac4105d6ab,182,122711.38751627038,stitched_market_reference
1759698635,23514168,0x17c6eead9b1d7cb192b4553df610bf45f8e6745103f6f71ca5098eae2c7fa8d4,66,122633.29885332796,stitched_market_reference
1759702247,23514468,0x2efce1a7b581abbe3ce87ea0c3a24656c6b96ec015053ae889814a98d81371fc,356,123013.48621240316,stitched_market_reference
1759705859,23514767,0x15cea1a16594eb3d2249ee3c5a32217e2a677e7bc8ac083491a8b2955e52c807,81,123494.16318872315,stitched_market_reference
1759709495,23515068,0x4029a16d18b3aad9dae5186ae8c84d764b6af8010057e4b6168d7c7acc776b55,259,123377.5481995618,stitched_market_reference
1759709819,23515095,0x6ca5b5c9a1bb951c6c832fa0086bb7014254f0614cd293f8407df73792c9b182,208,124143.14791009895,stitched_market_reference
1759711979,23515275,0xcd8b1d6e3ebec4694aaab509b7414c927c1f4909dee0eb5688b67caa5ba08252,13,123491.94077841115,stitched_market_reference
1759714295,23515468,0x493d591c4e77d2d4d06debbbe7bda3b97a86aa6d1fe1756c27ce0c78f4ad863c,464,124122.6417574329,stitched_market_reference
1759734035,23517102,0xb43f5e77058d6439114504cc00b6ad04c408ef418d77fc544e938be4a448f528,360,123984.79326153235,stitched_market_reference
1759736027,23517267,0xf5eebebc264bb4f94f845c47744704ff9b4db8171f217ba45ed049dab5b2f2ca,410,123807.0600432472,stitched_market_reference
1759737635,23517399,0xee27a063a424436f724356f1c0ae689c916ffccc55110d80fde461d76c038f9b,334,123794.33587815793,stitched_market_reference
1759737647,23517400,0x218bff232db7e91ade5e64abc09d0608b7f88c750636f034549c8c3ad17b971a,362,123475.01168874638,stitched_market_reference
1759741271,23517702,0xedbc95ab893fc376dc617d8499cbce39cc345e23d8bef18fae9a8b5612b3d249,320,123923.58708602173,stitched_market_reference
1759744895,23518000,0x6c9de4f2491c591d3eea53bb2056b4e8dee6459be252121e847f63d74ffc574b,114,124060.14353325458,stitched_market_reference
1759748519,23518301,0xcb85be5348ac0bb25261a11437365b72b2d25fb522f15a49c9f768a8761f09eb,441,123949.49317291591,stitched_market_reference
1759752143,23518600,0x2444b2d93459f7a4cb48042ca4f970921524eed6b230c624b5091e2ce6d0b127,386,124345.89668688555,stitched_market_reference
1759755755,23518900,0x07f8fff1225d4f98c94348237cfa861ab066bbe4e33d83ae9a1d4558517626a9,36,124664.38231426856,stitched_market_reference
1759759427,23519203,0x0e038a72832aa5c7bfb795de00930d785255bb4db39b6e033fd80e4168731fc6,37,125046.82328030794,stitched_market_reference
1759763039,23519502,0x6769dadda30d12c6305924f611efbeaefd8d27fb36819c3bf118dd0d87bf3acb,75,124702.92019812975,stitched_market_reference
1759764155,23519593,0x7e006084e81b36685424e3ca4f02bfa22ce000f12252941bc913dc414dddacb5,38,125370.57894700939,stitched_market_reference
1759767791,23519894,0xf131b90e72c6380f73ef2fcd012269295f8c0b17ca5f9414f789f93287719b1e,331,124996.54405583136,stitched_market_reference
1759770575,23520124,0x76bf0f427dea018e308232058dd06c1ba73d06f528cb7cb99772a71f92389007,595,125651.65195146251,stitched_market_reference
1759774211,23520423,0x2df6a32eb09c0b7986aec0b0d085f5ce158d856be6ba722350b735bf271383be,199,125303.2033422573,stitched_market_reference
1759776671,23520627,0x33264285fa3208559523f1c967cd9f8375e18194f5a6dc51cbf92fcd69e1570e,987,125980.69225268169,stitched_market_reference
1759780307,23520929,0xb42df719075ac79bb8e3673ab9f3b3cb9f31e946b8ce01b9425c0bf5ca4007d3,114,125429.39264109495,stitched_market_reference
1759783943,23521230,0xc8e15be514aab0f84eb33cecf58a00cd88e8b15020102a2373a8ba02786d8775,302,125374.8606886274,stitched_market_reference
1759785827,23521385,0x68e9e352dc1b290dd7e5c60a26196d571bfa505a94f95d98ad962c04ef311b2a,117,124681.12941616762,stitched_market_reference
1759788287,23521589,0x997608e28d17f9f291d50a954a46ff95f14b98347360bf82428656953336cacd,366,125359.10105638421,stitched_market_reference
1759791923,23521890,0x49d86226f66f1a22f5d7b3a69844a72bcc02d897dc5a18d23bc466be9bb5d1b0,439,125063.98503392357,stitched_market_reference
1759795547,23522191,0xe9afd699204ca29f55a69937fb7c8cce2bbbb344d10fba7ae535b699e991a5ed,142,124873.72221777229,stitched_market_reference
1759799183,23522492,0x7105ac12f57298c6306efcba474cfe7d91c500e643560cb69e1faaa0ea281c88,27,125008.77971288134,stitched_market_reference
1759820447,23524247,0xa7159656145c1e91c64a79744e561b02bed5b050b2f6b100a90e6f7c66a1155f,131,123904.70541767513,stitched_market_reference
1759822979,23524457,0x75895f6e7018f0d36d6ca41ca510b3a6d6afa5d74700f0bb2ee3cb014162a632,200,123787.86105842284,stitched_market_reference
1759824035,23524545,0xad1c765159035000e5a75a159a9ba2c28d5d26cbfde84fd1c9643739b61f0dd0,206,123749.62011729169,stitched_market_reference
1759824047,23524546,0xeee5adb7eba6a71f08ef5dd392411b48ca97ac5c3949fbe7450822ae6f8025af,216,123745.442480132,stitched_market_reference
1759827671,23524848,0x80b4afacbd5a4b018e50c90ca85a6fa7f0c89e5f24bd4f595ec1528f3b992173,336,123966.33967788155,stitched_market_reference
1759831295,23525149,0x15ee91893098ca3c0047746ac9dfc9b3888280efdac185ab0462b868db24a00b,53,124189.98789574915,stitched_market_reference
1759834931,23525451,0xbb2629b91282d8c54c7e41ef506b1acc45591b5f2a22721bed729df00ab85ca9,105,124381.8576973772,stitched_market_reference
1759838555,23525750,0xdc4e29a8f87444a0855c0ba61892e60e136d9d890d39de5853dbb930582c6fc6,122,124539.49887695265,stitched_market_reference
1759841807,23526020,0x798cab73d7794d110f6cbba2e3e7e31f9f8b1417d22328b4f09862e3459619ef,394,125208.654588746,stitched_market_reference
1759844363,23526231,0xf3f3b8dfe459f27fc881c01254a23aae08a5d4d184f1f9f7d06a31dc5bd5315b,229,124565.94002484786,stitched_market_reference
1759844651,23526255,0x3fa792c86857ea789b810c050520a8cb38f9e27318c3d3a663cf359d7d250a06,1110,123853.94352503901,stitched_market_reference
1759846127,23526378,0x104f95548bfd0af00760a3b7b7794ab3f8220327330585debc0e4c6f7b6250d3,255,123225.87880751239,stitched_market_reference
1759849583,23526664,0x713214667ca3cccb7f563e34bdb3d23a1d348e75bdaa70ad6ad455940fe63970,183,122585.35247410253,stitched_market_reference
1759849823,23526683,0x3851d049602c45ed8c222b38dce22c0cc58a833b2051672e299b1a2afa5275d7,30,121885.95729154257,stitched_market_reference
1759853459,23526984,0x24f637382131dcb8ac117712c78b8566538647c72b25a0536949211c23e6c333,186,121744.80151922347,stitched_market_reference
1759854347,23527058,0xfc30e3275cfab7114964bce6ec11cb96bafd16674dab4d6d0aa7eda7673b83fc,369,121050.73750848083,stitched_market_reference
1759854959,23527109,0x2254b8de744ff0319bc8a5e8d55e76567594584153a9c9fabb123bf320a55437,342,121690.5472663589,stitched_market_reference
1759858583,23527410,0xa80dd1243c7760f9234f665f4964b14783a71db1686d5d7bbf6f9ab87a6de4bc,579,121368.71846560379,stitched_market_reference
1759861703,23527669,0x06c5b6c2a6d1886745ceac08356028b855caa62990f6ff9014908add52af6c38,153,120729.23048218682,stitched_market_reference
1759863863,23527847,0x8ee0d7f8ae92c15925d8620174da96b446aa8b92dc6f3d58d80f7d4eb572cbfa,220,121398.7713141608,stitched_market_reference
1759866719,23528084,0x34514ce8f57d7f9e0ad42e0583907e2c60b62e376835c8e328342bedbd3925c8,246,122041.83689301163,stitched_market_reference
1759870355,23528386,0xb7695d5868655932bedcfbaebc444216fbfc2bae294f76f11f37807fc7ab219a,129,122264.48866704492,stitched_market_reference
1759873979,23528686,0x329a02327636f235ff88aa59e1b58780262755feefc2af71d8fd488d1b01a1eb,85,121929.57948883674,stitched_market_reference
1759877579,23528986,0xeac2c470ff3e2cb121eea7bcbf92b4f294ba74fffa51818004ebccdfd618b3a0,344,122072.10407597202,stitched_market_reference
1759881047,23529274,0x895b2b34bc880bdacd4767d73b13b09fa1deb662a544e069641724cb3c239d63,502,121459.91882746998,stitched_market_reference
1759884611,23529569,0xe2acebbff8782514d729d818f568ce09fcb5e07c505561023d1508e039502278,525,122078.80962756416,stitched_market_reference
1759888235,23529869,0x330468b9fba9f003c8d1a656dfa370aebb80bf7fa3c72271dfb7ae355603f84a,110,122026.18463612263,stitched_market_reference
1759906859,23531411,0xb60d67df848478a8a4eddb23463079edf309a2b33a1b690ddd98df4fdda7ffa9,27,121483.67616021543,stitched_market_reference
1759908947,23531582,0xdb72e76d3aea3b540b78a9e28527b0311b0047e0a9283b410789629f3ef727bd,227,121580.17778394904,stitched_market_reference
1759910423,23531704,0xdce3f511b3113e74bee0f17aca7be8786df5f6a33fca08677ad5d03e37dceae9,225,121569.47832484968,stitched_market_reference
1759910423,23531704,0x0f4dd29084cb53dec7f6333d3d63b135e67447ab977255ad73906bfe5e6c6792,230,121665.13081725789,stitched_market_reference
1759912403,23531869,0x0a216b286b640108ac5c673e6f8e832be98e9c8ffee32b4e7433fb20f8556bf6,484,122283.69641461539,stitched_market_reference
1759916039,23532172,0x3e06465e2a8260ce526379014adf53e5d5f7baefb32580a5663cfbd7ec46ee85,135,122472.6628888016,stitched_market_reference
1759919663,23532469,0x03e615f4cd71b0478ae7f7cb8bd5415e8a926641c4d858b2d6d2d6e5caa759c7,373,122789.81301030098,stitched_market_reference
1759923299,23532766,0x1cf39525e7897f533dfe76a6cd7fae447fec8cd1db8ff7285f4401d0ea355c29,12,123000.50489641102,stitched_market_reference
1759926923,23533065,0x2a0f57235bc6baabb2ba51311c306c39f5a200b5238c1982a46f84e0a87e96bc,201,122746.02970635577,stitched_market_reference
1759930523,23533361,0x3198a2ec7be4af7f30d9d59db4488f953cd37c57fb213c26f7a8b361a94b91f9,112,122579.77122257682,stitched_market_reference
1759931039,23533404,0x25e7452d786db59c7ea1144d166145ed16ccd12d319b57ede70c72a12ab27be4,279,121825.38705407677,stitched_market_reference
1759931855,23533471,0x653a576bd4ec591c0d9bc76d9954e39bb808ff138794cbf7ce73ad622a1f99dd,440,122446.82110190556,stitched_market_reference
1759932119,23533493,0x5364417884a428d74a0820ca866b600469c45460ff8834c90dbb83df2b0df1d9,595,123171.41817071596,stitched_market_reference
1759933559,23533613,0xeb48f65bdcfbc97d6570c48919b8afd0f657da1fc11d0c2556a25a00bcecc732,366,122544.51776681883,stitched_market_reference
1759937195,23533914,0xbe663bc7e0990fe905e5f2c1d3cf27fb20ac2adbaa680b72541d2946f54a9c03,735,122587.64241380291,stitched_market_reference
1759940819,23534213,0xa56ba565f4e0e1bca07e671cf71f9d330b98eb221ad19daddec665e74c887991,31,122712.69947419842,stitched_market_reference
1759943399,23534425,0x69653109cddd79f0ce62b486beb391124690eed69a44dd4382446411bb69b665,474,123351.52802025058,stitched_market_reference
1759944239,23534494,0xf9d892128d6fce4089a108c62341b17a93ae25be86f9012bde7242fad50a76c5,37,123983.92893585515,stitched_market_reference
1759947851,23534793,0x94d91c0e6c84a8be7458aba3298e4ef423d53fa179152c02d79e1a20d23067aa,30,123809.6611979557,stitched_market_reference
1759951487,23535094,0x54c1e4878eadc90284f3ca3c5ca455611fa04668d6174f18808740e51a041d3a,693,123554.72031337222,stitched_market_reference
1759955111,23535394,0xe828da507bf05479c148179917ae83209a1976bdacf1a9d2d13d4e6768235f8e,519,123693.01970160165,stitched_market_reference
1759957127,23535562,0x9864ec8d8bc41d5d849679306b806196c8eba58943170262c2e37434fbfa9534,149,123067.33285121371,stitched_market_reference
1759960763,23535861,0x3095e26a2b0a6c771f100730bd15df7ee347ed35a55fe047c1e52121093aed85,344,123272.49107823978,stitched_market_reference
1759964387,23536161,0xc950becb23ae9d6b9c1468d457664ccd61d285e8c9ceb7918d31ffb31984760b,30,123279.10714306503,stitched_market_reference
1759968023,23536462,0xe738d376e1de93446bb998dcaf56bb99645b40827b6abca03e4b3a96dac134c4,83,123366.55029372145,stitched_market_reference
1759971647,23536764,0x07c1eb43c0d5272cd31ee28d07372e89c0ea40f736865acc82da83ccf349c03f,419,122898.03592475686,stitched_market_reference
1759975259,23537064,0x7a4bb164ad36eefeb4279b0d887590e5bedda3fa10d59f3bc1225783d740874a,103,122583.31830144174,stitched_market_reference
1759993235,23538550,0xcf334a1099ad8a352a3ec3b4d57499ff28b73ad5fc961e48afd4b96f005eafc3,379,122166.65875184683,stitched_market_reference
1759995551,23538740,0xcd59d00637550cdc5b79670f706ae795526ece65ec66cff3816b141ea5b1670b,179,121871.99049758694,stitched_market_reference
1759996835,23538847,0x5669f220d06d6952cd620dc0d1695f81206311d468cc182e2ef56dea2fbecd38,152,121955.39308133857,stitched_market_reference
1759996835,23538847,0x75b859346bb7fb79cb04f956a82f132d45dea506f2e5278395fe510975783da1,347,121955.8578590095,stitched_market_reference
1759998635,23538996,0xeaac84f0ede4982baeb00e79ef586cd56f7ff0df3f018505caa55359c95cfe3d,455,121297.30900748036,stitched_market_reference
1760002271,23539296,0x3a881a1cb1e6553b90d4b368ea7b37bf21aef95420d0dbab2dc76d0789401b2c,352,121781.27370823754,stitched_market_reference
1760005895,23539598,0x63ac66b6f23bf8aff40f24bfa25a6ff5d080650b16d96e0ab03e5cd174788f5b,243,121901.16924514303,stitched_market_reference
1760008811,23539839,0xb89683c7f391a569664bc346ba25318dcaf6ab15d55c1d1a1423d3c123ee1dfe,381,122524.51013964924,stitched_market_reference
1760011955,23540098,0xef3a2a65225ab244c9e3a8d96b7f29857285f6cee350287b5aa08bb83272725b,255,123140.15992129278,stitched_market_reference
1760013731,23540246,0x366ddf52d46bee9827ee9245ab29a6af135b0728c0c750d2d61766183bda589e,503,123783.4590320156,stitched_market_reference
1760016971,23540515,0x19c529853e933ab14054dcbef9d5d8f46f6f142953bfd4bc2258420696b2d6cc,43,123155.73014813138,stitched_market_reference
1760018171,23540615,0x8f5812cbd5cde1314f53398f9502749c35a63bf7a404234102a479a06fa694cf,585,122471.63948748687,stitched_market_reference
1760019827,23540751,0xdf4c87f9a579baa661998a1e9bc1df09ec14b57027108c543f99f3732b69ae20,496,121820.76841729971,stitched_market_reference
1760021231,23540866,0xa67635c8c19afd6d335151c07e093799917964c3af58dc921570a43252b2884e,124,120983.96098584711,stitched_market_reference
1760022071,23540935,0x1c90a43bd776bede6ea8ab7bcbae75a6314a678b6f86ea9145425a81ad460432,179,121637.04031490006,stitched_market_reference
1760024123,23541105,0xb5c83fd685b1f47a336347ed96da62439f992a70efbe9ee6c68d07d72a903089,125,120994.12377644777,stitched_market_reference
1760027747,23541406,0x6dce4156c53734f02e66dc983cf96af52383a58eec21e22c2b701bf72c75c75b,214,121311.35519202218,stitched_market_reference
1760028707,23541486,0xc319c74e86ea1c6f98aee15ec8df4faccb2688b5205cddbb54fce5397eb6f053,449,120659.1517964918,stitched_market_reference
1760029139,23541522,0xd88f5e3656240e2abe0f204bc5209ba7ade33686d8886acc6dae3f5e68c6b49d,1015,120051.99507732829,stitched_market_reference
1760031647,23541730,0x2162e80bc7a4cb470f5668ae536553257c320bfb7cd2c883d1924603402be86e,358,120662.19263147468,stitched_market_reference
1760035283,23542033,0xe44e2934ad77f0d4e49d5d5c12d5098869fe94505d73bda013aa8ecaea1de1d5,43,120600.63572856471,stitched_market_reference
1760038103,23542267,0x680897da09f1a7a4fdfc1b151c04249540f2e48a87cd82e7d0215749ce3c7b94,112,121209.25028849673,stitched_market_reference
1760041739,23542570,0x20377343ac2e5f42c031db63b2ddcefe8b846a56f9f2ad771eaf10af1f0dcc22,317,121020.97114846765,stitched_market_reference
1760045363,23542868,0x29d28aeba258f85855f9a73dd10fc7323c0b342860c28e8aa920b73f15a3e360,479,121430.19866542154,stitched_market_reference
1760048999,23543168,0x94f659a09b1d0f70b594d24aaea5be1e0d31cdd263071a0516ba22e503ec9aed,434,121648.85209081562,stitched_market_reference
1760052623,23543467,0x6225ff9c50b5b2dbe5eafb0e128d19f5fd9bbd5c453be7e89c7411578ee9e9cd,577,121599.54001769346,stitched_market_reference
1760056235,23543767,0xeb68f5ef62fddbc823a6a14c3ec7b50e16232a019e38b5e048c39cadf98d2996,182,121948.91544965332,stitched_market_reference
1760059859,23544063,0x4d894973139c7edd032ce8993c24a79e0c487b6f7532b6646263c1630369d72a,119,121918.96951229838,stitched_market_reference
1760079659,23545707,0xd9df5488278d3bb54ca8492e8ca495f7754e91f6c29784b4a73fa1289851f2fe,251,121564.84152459065,stitched_market_reference
1760081603,23545868,0x58891b7f299efec4836937f389a7eed0988ab1846eb621d94d30732cd4fdeea3,341,121317.75603488802,stitched_market_reference
1760083223,23546003,0x03d2a80a72099c6a50be173c120f91942dae58bc53c7c7fdc6ba7ed786f0f54c,246,121315.71139488382,stitched_market_reference
1760083235,23546004,0x3de8fca847f67583280486f370c0a508eb0b688d316f918266d01f10ce4199d4,78,120994.78193276896,stitched_market_reference
1760086655,23546286,0x6e7b86b633bd135b9893e04d3ee62af29ebb1a69585d0b995bf0018cd16c9f7e,313,121617.11268756936,stitched_market_reference
1760090279,23546584,0x5e3d4042fdc9ec6ace8b4dfad2b6e042074020eb92c3010ad3c6c2f0a9a5b35d,288,121396.47376532308,stitched_market_reference
1760093879,23546883,0x02316c90b6e0eda70cc77f0ccb571d8b94e94acd989ef3777f3ccf1698225ee4,267,121591.94602879604,stitched_market_reference
1760097491,23547183,0xe7ba9a0c3a192349e93f544152c99d49828630f5c082282aea7255151810ca67,65,121643.27826476214,stitched_market_reference
1760101115,23547483,0xd5d202b56f6571bf7b3f6d2c61b6cbd3bd7a0d05012aa36730589bd4c8c94bd2,189,121660.62038076416,stitched_market_reference
1760103551,23547686,0x536a29c9bf5442e47274276c3b6a6bca349e79cc0538cd3c731e189bc302e48c,164,122364.94976676279,stitched_market_reference
1760104235,23547743,0x3ef9cec957922088705efc7659468760f41275455666b13c9a472b76b3f8e794,451,121740.5768749609,stitched_market_reference
1760107835,23548037,0x70d00dc7dc9b6b3a6259a9f01c021129d62cd133abaf315476af81fa812a369c,149,121414.18943447796,stitched_market_reference
1760108411,23548084,0x1034994b321764ff15e6b45b47a49ceb78af9c50db06ca5f4e1f3cc3a78d2c3a,771,120708.49901656539,stitched_market_reference
1760108687,23548107,0x87586e553ab1dc2cf32a08fc0b1ab3be155041dc961d799b054a690863d3f2dc,366,120022.33276022784,stitched_market_reference
1760109107,23548141,0x735ef50e9263bf50ca0985ca0f6de837d974154cb71e94c0c89954b4a29c8162,230,120642.11494508054,stitched_market_reference
1760109551,23548178,0x7cfec9996230f6989406a13be8562e906692c0beafe20ba263cb3dff8eb63ad7,81,120019.03205668289,stitched_market_reference
1760109911,23548208,0xe1daa7635fbb8aa6518ff3e6bd0334634478d5d2ff67b8456b157c49470094d7,319,119410.69245177609,stitched_market_reference
1760110391,23548248,0xadbedc20a7abd04af945416c32235cdf2446c39908bcfa9fe972054f5f204a43,207,118774.64267058524,stitched_market_reference
1760110787,23548281,0x2a9e580be74f5905d4d844cab96b2ad33be6750ad4986188cea78d179a71f29c,413,119419.576565745,stitched_market_reference
1760112287,23548405,0x2eec66553879d0097e42345b48f82effd18b5ad77cf3b2c5b398a2880972e762,101,118722.30565945132,stitched_market_reference
1760113991,23548547,0x1d4cf0b07c4c9e83f3fdb27bf90d7a4b55754097a361a054d512db6d7ce34120,158,119337.56001591739,stitched_market_reference
1760115011,23548632,0xa29e7207dc1b3919007ab7717020d44ae8d09fdf27da2bed8102ac28830f8f93,271,118665.63357979753,stitched_market_reference
1760115947,23548706,0xa6191db11bf47bf13ed81dc38362ea2393c8195cbd662423ebfc8ef1ebda096a,608,117976.4384508558,stitched_market_reference
1760119571,23549005,0x4858f727bf201ac1b2378ce7540aa319d76c6fc3f6ad1a22db873cbcaa0dbc2f,227,117703.8949120805,stitched_market_reference
1760123195,23549304,0x0c2fae748d9e870dffb74a4905fb4dc40b2e68eb9656fe52d638527e1f23cb23,434,117265.19507633052,stitched_market_reference
1760123987,23549370,0x2de9204298d3883626f583187bef6d4e66c2322e8b50ad81b7202ab3d6338a27,295,116651.15613647048,stitched_market_reference
1760124167,23549385,0x22af81b22e1e5974506a2ef0a3b771d67a9333ded4bee6b3460767d70ad5ced5,6,116047.12544478856,stitched_market_reference
1760124347,23549400,0xc2c1f838c06972c4369b8ae94f0173b0bdb989227636b88ef2b02dffd36c0821,590,116729.78768377479,stitched_market_reference
1760124635,23549424,0x86e70263f9b0ecfdf8ce6452e8e11509d4d65462b8eab0addc718359a6668c93,652,116115.76758586093,stitched_market_reference
1760125355,23549484,0xa91cf36e45f2b4a81b1ca87732d97e57f2a7c038d37da512175c84451e2cd628,249,116820.3157875001,stitched_market_reference
1760128967,23549783,0x031c02d5f69fabb7f05516df27b8a96edbce712d94af65d53a6dad50e00a1ae6,78,116991.51674179352,stitched_market_reference
1760129567,23549833,0x673e5308f24a6e3080eb4b3043a4ae033ba324309d693a431d101bb19f0c5f2e,463,116247.76821179435,stitched_market_reference
1760129663,23549841,0xfa51dc406cedf41a15e3822505d25386a965fc04a7f50722dac64cf3d569729c,130,115346.06897222143,stitched_market_reference
1760129807,23549853,0xaa594d72aedcb851bfda16b9d01a53da43f1d4ae645cfc914aead69362ec2851,211,113591.00192205969,stitched_market_reference
1760129927,23549863,0x5daf4aa1997bcc6570bacd348e17f57ad481bffee39b876dc2a4613bcc9aa3c0,1006,114372.18400401046,stitched_market_reference
1760130227,23549888,0x8d18b4d99afb957078f0c73adeb9162a602e006c248badd3a6fc1af0b93a053a,613,114982.13704845188,stitched_market_reference
1760130683,23549925,0x8eb6c823c5e69f4570264cfa9d8270f10093bd91cd7f4f07688c45d45f97ed6e,531,114369.96981599629,stitched_market_reference
1760130743,23549930,0x598c333dbe732ed4106f95c5a64f6c3b98b176653f789b470795cceb1282aaff,292,113785.62496296085,stitched_market_reference
1760130803,23549935,0x39e4d218b96ec990f6fc2f45dae57fa294eb755200eaafbf35655dd300d5036f,133,113026.35156683647,stitched_market_reference
1760130827,23549937,0x284a958e3c96ab71894ca4c9a693bd3109fa0772c3f41279e40af66e2ce2c5c2,30,110331.99726521708,stitched_market_reference
1760130899,23549943,0x44df272944caf7cf824f769ec43028270be88057af62bf8000fa25d5262cfe6b,248,112196.10502170537,stitched_market_reference
1760130995,23549951,0x4276ccaaff891c9832d67b839f40c347922c8b152037abd05a736ebc95965833,225,111173.03463861322,stitched_market_reference
1760131067,23549957,0x05e3ab69248c02b1ff6a43e1dfc4384802edd44b1ee65221b0d59abe5d24612f,183,109592.62737718545,stitched_market_reference
1760131091,23549959,0x9ec4105186076aefcbf005aac6e25501ffceb9997079e82a0e71b60e4fec923d,246,108975.71871340377,stitched_market_reference
1760131151,23549964,0xbf16fa65804f5f64eb5b2ec92d298a33c3c1f29efe570d9411a0e1ecf3e748b7,180,109649.17391719045,stitched_market_reference
1760131187,23549967,0xada3f586917b2bbfabcb33ceb9f837bd9b06d9337f0f5fb8e48f6b5650c9d885,169,107966.26300896036,stitched_market_reference
1760131211,23549969,0xb34b7cfc2137f315c109c1e2181996b1d3326c8a9a42fb15b843c9e2eb3f4143,355,105102.90268370703,stitched_market_reference
1760131247,23549972,0x10202ba5b269ab86f4eecc9c77ac9dc25294061e3171ed6076c2efda708024da,1142,105777.97657570711,stitched_market_reference
1760131439,23549988,0x1d36fbc19a0e3ad4f804ff10932dc1d622b24dcde0d93deff317b17d037c9fe3,492,105179.57902726966,stitched_market_reference
1760131451,23549989,0x643fa323cf6206b43f47b53e175efdbddbd6589be05d97e7dced106c39546601,249,108512.37617385146,stitched_market_reference
1760131451,23549989,0xa304fcd62672209d4349ffbf4f1bdcc5e120c0ebc1ed6855c805d1c1852898e9,306,108470.64628515569,stitched_market_reference
1760131547,23549997,0xaa7dc4cd1c5d10ee3eb42593b6a430959390529fea5ea0b6439aff361d6c1563,786,107910.61114676594,stitched_market_reference
1760131667,23550007,0x7d4f526c7c69548c3397ad201b0f5a3eae1ef531ca728bbd19e3c50940d0980f,49,107043.69419143691,stitched_market_reference
1760131775,23550016,0x67455b6b31a601a81bd351eedc6ba0985518eedccc365dd87f994b22494a691f,788,108245.22886953354,stitched_market_reference
1760131787,23550017,0x0f9ec801185f14b58af615cfd5fb95b210af49f00f762354fcd8310e3b909511,2,108971.6664738289,stitched_market_reference
1760131871,23550024,0xda31d668e470c00a3ed7569b70eb4df8c857ffba79731f48fdf41d7ebad97c46,201,109635.48880443866,stitched_market_reference
1760131967,23550031,0x60049c6c776036000ae1d02e1e379ae97d424503edb5357f835eb27e76ab8cdb,169,111078.95647957362,stitched_market_reference
1760132135,23550045,0x9d117eb970e5d5b62903346794c795a5903b3fd7bea76bc334812f5741ad4593,132,111788.8377907751,stitched_market_reference
1760132147,23550046,0xc4cd9928b970f8f65495992b3708044257b7e1fced163d394fc82dbb15c98795,76,112406.95954342668,stitched_market_reference
1760132231,23550053,0x45bbb13613f1414d9449dc269fcc177bc63fa59c8668b208b232a8c692670ebe,170,112061.16928670213,stitched_market_reference
1760132387,23550066,0x5adaf1b57bcf011bcd3c212fc6aaf3e451a5db252a37da0b736345500c948841,58,111313.57631391255,stitched_market_reference
1760132543,23550079,0x00fa76f7b0139c4dc8c38970a0c77c825a908937f30de7292db8a9ded67cdfbe,377,111625.3435306368,stitched_market_reference
1760132771,23550098,0xa866036f8be1257b17d65bca36177082e1e98ac2946fe141eaa25cc82727d76a,250,112525.23101699627,stitched_market_reference
1760132891,23550108,0x49350ddc8310dd042d48d836553ed9c4bcc113be55160d157c7dd851a3ac391b,47,113676.22572307172,stitched_market_reference
1760133083,23550124,0x4eb8ec09d147700dbe661adc74db3cc3ee5865f0699a2e5f83f92139fc0ab15a,344,113010.01855005443,stitched_market_reference
1760133407,23550151,0x318487139a3d48fe13f90d32c3543ffe01a372eb7256d2e78f7bf6751984b7d6,476,113645.19028310513,stitched_market_reference
1760133971,23550198,0xd8f84a583855cbfdc06ef1433bca2c7375755e578aa2eee43121bbe38e9cc188,481,112438.97582783429,stitched_market_reference
1760134151,23550213,0xe477db5b8e721156cd6d633391c4471214bb29acd66dadad289b329ac698c0e5,541,113061.17170170292,stitched_market_reference
1760134367,23550231,0xb9bab766343fd318ce202ee7476a6aa17629a704a07da402391e81f2089f80e9,566,113819.86963591543,stitched_market_reference
1760134967,23550280,0xd0b53a897b47b8366c5484f1a5f84e17e127026524788bd148c67be3d5703e7c,232,112988.42686076704,stitched_market_reference
1760135747,23550344,0xd7e5ff2b9eda25711bf96cc357ac19559a8394d0dbf6ddf58dcf46cdbdeadbd4,218,113849.00582850665,stitched_market_reference
1760136587,23550414,0x0c7d13e6fdc5a7a04300cdba79ed860b1220c82d8f5fc82d5cc6516d3c076027,345,114471.54415292868,stitched_market_reference
1760136851,23550436,0x86ee2e1d2ed2f80349e4be79e185e65c0ee7a7b500cf74a7be86ee7043791082,382,113867.15454139993,stitched_market_reference
1760137871,23550520,0x11e9f5b5a40e0832bf18cc988a03d1187c6d2f52bbf7aed662103e70af6cf0a5,358,113297.40494804109,stitched_market_reference
1760138927,23550607,0x248dc3d7bca54e45d5e2e3dc86c0852465b6793869460af7c058e4ef61f47947,361,114081.6793273021,stitched_market_reference
1760139671,23550669,0xa9866821d823be19799668ac2076019b80248b3a94762b630958dc2e02c4753d,154,114714.99441259626,stitched_market_reference
1760140187,23550712,0x7d1f726875f2757803cb8d2487d661c5769f1825b2fc5c1a9ddf97832fdf7362,263,113860.09504205962,stitched_market_reference
1760140463,23550735,0xd9310b273315dc29769cd826fee3f40716e6020ffb9324c6994a5fe8748daa03,137,113265.54720739205,stitched_market_reference
1760140943,23550775,0x98806dfe788c78754a635bbeeab49aa289228e1b5c54d4f9a3b3a3803cbde3b6,122,112631.2951325492,stitched_market_reference
1760141927,23550856,0x73ba37397ee43585a77bf966a992d1c851a2b332fc9a13a67b8fce1ff8a4bfa2,425,111951.91037051652,stitched_market_reference
1760142683,23550919,0x89a87df3b9f8bf5589d8489a63e2ebc502d039289b94c5c4b737ce4f25ee94a6,181,112587.79813335638,stitched_market_reference
1760143727,23551006,0x8ffa537c06d4ad1bbab3a2ea5d3c3b2193c062392972d812fdc6596a1835f7ba,412,113286.30217638965,stitched_market_reference
1760144423,23551063,0x7aec34c41bd765c565f91f55e36a9bb8418e73981daba1ee409a2785589b2515,263,112661.0000818742,stitched_market_reference
1760145383,23551143,0x480e1438b265748344ca4ee3a231fabbedd2d1e9c5a4bb925ba7eeb6122a15c3,282,112095.05021903847,stitched_market_reference
1760145923,23551188,0xd7d13ff85576c74f98645ad4842a318487b2069262d18729c225c0f959f3ffe4,339,111469.43984693606,stitched_market_reference
1760146727,23551255,0x46344d83e486007d743a3602425428c4296fa64bc28ccfa840ed65cd72db17a8,107,112052.81328853157,stitched_market_reference
1760147003,23551278,0x3f4e34b40777ac8b79e0f91299f5c86a6fd7558711d0366b4d199063646041bd,180,111447.73367072808,stitched_market_reference
1760148887,23551434,0xd2c0fa49f29c1c475297baaabd91d59d4040bfa284d380d0505aa25b2941cdea,254,112040.34565602607,stitched_market_reference
1760150423,23551562,0xc618c713286c6ebc4e76227d1e0e10579b5c20abef79fc2e9b3ee331e25cd143,118,112657.16035418768,stitched_market_reference
1760150723,23551587,0x1822e83839d2578f66d7db52d95a278997df0ce774e3e04d051f146b90677043,55,113226.74936901475,stitched_market_reference
1760152007,23551692,0x08e0a367b830d4b86f5908e151753ae044340b33457868209e53b6c9153529e2,518,112547.91810164823,stitched_market_reference
1760153867,23551847,0x7ab512a1a9da1b201ac46390a3cee3c88c557ec4fcdbc007fc4d4f727b3497d6,341,111960.92670570803,stitched_market_reference
1760155943,23552020,0xe26c5ffdf9303379d4d0439679a72cced3f0b0037d203f5b61d3b0c643b247fb,94,112542.56372438067,stitched_market_reference
1760157359,23552136,0x1c23c236920d89481e2f878dd90c7f101d88c2e7c45ed5bca509707b645a3748,300,111966.332783449,stitched_market_reference
1760158439,23552225,0xb719b66fafe8d892b180e22b0798f3a7f05dce87c70dc52089c2c7e8c8c50841,492,112599.22446300108,stitched_market_reference
1760162063,23552525,0x31f088d80dc18630c14211a1baedb02a553ef4aa0a62f25f8eb84f4278e4d8cf,132,112626.77250929365,stitched_market_reference
1760165699,23552827,0xe7b635009c42d29544c75212e22824bf206bb30fbcbe2cdbb5b764c870314718,273,112188.75204970464,stitched_market_reference
1760166359,23552879,0x23a9ef51068080bc5f7fbadba4e2f4920eb6e9c4140ec3611e296b555c84f779,231,111621.73053987011,stitched_market_reference
1760167319,23552958,0xe9c6a48c37f545c816ae75abff8ba2cc96389c5151a498bc0f0360d8eb274e2f,227,110886.55592545377,stitched_market_reference
1760169515,23553140,0xe9c393717091c586f58372aab86a2445f2d251fbcf7b94221f3ea63797a89c66,323,110312.08575387833,stitched_market_reference
1760169635,23553150,0x750d5e8bcc7154388270dbb25c1b4f3d639b66643edfa0fe014e647aca6ebc6e,168,110325.16056464288,stitched_market_reference
1760169635,23553150,0x57fe8ef90e4875bcbd818e02645449b15408b67bc1ad77ad9717eaa5649e0624,498,110523.43007927177,stitched_market_reference
1760171039,23553266,0xc2dcab6d0dc8515370c46fcc4d01cb58d8ca7358dedcc943c6b39c505e46ba61,268,111085.87523209104,stitched_market_reference
1760173499,23553471,0xa0fcbae875cc6c4a155600460d89be843c15399a8339ed8bf8e829138a3b1517,186,111714.0775900933,stitched_market_reference
1760177135,23553774,0x8ae5f1c332e90820e5a7a02b28435a09d2c5ea0474c466990ab4cfadf6b9873d,285,111875.09720130678,stitched_market_reference
1760180771,23554076,0x2abf9f69f3e84c711ced56d6931d3a8fa6dcedbb9b7e76bf791d1fb1dbf988d5,137,112046.6834221309,stitched_market_reference
1760184395,23554377,0xcefe4dc7adbad7016173aee8ae971b40bb0ae34bd0bde2bde868dfaab8f0018e,159,112417.59380146494,stitched_market_reference
1760188031,23554678,0x309e57dfe51fe0ab4b23668db2c905a0b8def10eec9852d3377b25d04669bfd9,78,112324.35560332672,stitched_market_reference
1760191655,23554978,0xcf5fce6d1cd48f82c4cf4d17e1ccac927ed44a3c50d5dea36cc772148c28a761,83,112427.02152622465,stitched_market_reference
1760195267,23555276,0xe6d6520be4c4ef1b8f54fe0db0dbddefd2ce28b86b15eb724b6f23b946a5e750,237,112242.76941271404,stitched_market_reference
1760198891,23555575,0x779b656ecfde2c44c8299af804c950bb8a44ebf06d9e8c8468b789139081792e,285,112019.26211687677,stitched_market_reference
1760202527,23555875,0x5d4fd4f3356ace15f07b93ee66984afc16893e241928479f706cbf750f2e2022,113,112029.37954274623,stitched_market_reference
1760206151,23556173,0x16a7109ccb3094c965407611523c28147fee32b3bc623919bd13f9c9162ebf3d,113,112021.64223017015,stitched_market_reference
1760209763,23556474,0x408f816c7885c1eb0dd595f79e7c949a79d9f2214836741bd0e3e0211aa5dbf4,353,112044.44225078114,stitched_market_reference
1760210027,23556496,0x7db63b0f6dd1740e81c7a643dfe6c28a794c7618dce6fb66b6cd44f096598078,405,111455.13526443859,stitched_market_reference
1760213651,23556797,0x10a87146a252ea8ccbc217bba3185ceaed40c9da8d8e59f567a4ee836c7c7cb1,524,111002.86803460844,stitched_market_reference
1760215151,23556922,0x28799cdc3f415804ea3060630c093a9e9440ac60079ead34d65d3ff846429b62,195,110447.4472984914,stitched_market_reference
1760216975,23557073,0x6f8dfaf176892a55f3ae1d44162746222105598add4738bc571f0a58e166e020,317,109760.40701401386,stitched_market_reference
1760217431,23557111,0xfca3686df97725da0c4e738a3627bbee3a15b30d8605cdf83a02f0809574e693,758,110370.28362550057,stitched_market_reference
1760218055,23557163,0xf678661bd7d5c8a2881c0f95f4c3535874fc0549ee13b82e9299945309c00a0e,766,110923.23994622144,stitched_market_reference
1760221655,23557462,0x0afd3f4d96da12864ff074075d48b995b63b4807526e28877f3060cfc2e23466,437,110986.7685651337,stitched_market_reference
1760225267,23557759,0xaf2a089a6f9e2673442d06ddf9bf23b5976ba49c24191a4d18e05efdc99c024c,292,111079.77938549875,stitched_market_reference
1760227667,23557959,0xf09b0047d92a1f8734158b9c67b722cf3c7411fb4292b60692590e21ec87fef1,198,110515.2805273531,stitched_market_reference
1760229767,23558132,0x187d09eab60a96a7b9711b2257acccba0f39066a70efbba6518552a09605f636,125,109953.76379915683,stitched_market_reference
1760233391,23558433,0xc2ff581c403a10747ec6d423fa733c5987356ad906893bf5b579f9c25db96abc,9517,109937.25301324343,stitched_market_reference
1760236007,23558651,0xb7aa97c58af497b70a2e88ced2fc1b5ffec2544cff49862d24070a0b071f2c79,610,110534.3699118678,stitched_market_reference
1760252459,23560015,0x0ae458b691e6ea9a30a3977c8ac7789996827358968c1818738cf9c5813d4edf,113,112148.69183435502,stitched_market_reference
1760254163,23560156,0x3d62a451b38c31112c30a4b44e790fe6c90ea6ef92ba4cf457d59c2e362fd39b,317,111731.97115656617,stitched_market_reference
1760256023,23560310,0xbd4d66373060aeae492fec568f61e1da68fb9bca884e83c6213c7e5a5dda4213,180,111630.04396058952,stitched_market_reference
1760256035,23560311,0x96b04b51744c2dba71ca1e76623d80d71ff55bcb2aac14b3613364b03470a210,54,111631.19269310837,stitched_market_reference
1760259659,23560612,0x170d4b5085852f8dd3b982de438760691c5eafef65700da64d91707e0af853ab,263,111364.51879954156,stitched_market_reference
1760263115,23560899,0x59931ed4cd91da8385d549aa250a4eaeba9cec2d14bf10b59245082e0ac6eca2,396,111929.85390877,stitched_market_reference
1760266739,23561200,0x08fa26e9d0f501533701abbc4e526351118f17dc6aaaf4ab461f5ac8c71e58ce,209,111693.62232640183,stitched_market_reference
1760270375,23561502,0x389d53be2eabd09a2ed6b8a9b4db2cf3593b8fae75b581f30f069fbfb2a56234,93,111894.3856018479,stitched_market_reference
1760274011,23561802,0xe30d8554ceef7b3a3ea2164d0e04d896b05bac42e50ea1a8959fbf2f82f48fc9,538,111852.3085353051,stitched_market_reference
1760277635,23562103,0xf360121309f32d745ea58875e90da37b887cd54f01471eb79d65f9ba8222a263,105,111338.89399404162,stitched_market_reference
1760280527,23562342,0x52135efbb32a6df21c6ddb7d2007bd7ff44e7832e76a65dfddcb23182891faee,529,112014.29838594058,stitched_market_reference
1760280743,23562359,0xcb0484623cf85a0841dc32d6c2b210d4c6c988008a104ece5d4bbb18be17ef7b,307,112721.59545205296,stitched_market_reference
1760281631,23562432,0x13ea9c282e592a6812b1aa6a62e6f57daf750cd5e782778bad3e70c6eefb6a41,192,113327.25675262898,stitched_market_reference
1760283335,23562573,0x73aed65a7616725dcbf5162313994fd5ba7ee6c11a41a7b249dfd846900ee228,409,112582.71827488045,stitched_market_reference
1760284295,23562653,0x2fa2056def490519073b5e8cd1bf19e7bbb7e77b66cda06623b1f3f6baf6a016,219,113175.23889634616,stitched_market_reference
1760285075,23562718,0x6352e38d9152bee787bc2896d30cecceccb5a2e04b007500dfb154d328f3d15f,15,113767.44950179025,stitched_market_reference
1760287607,23562929,0xe885fb20fbd02f58337539b2601c774f69738791fc046369eade7472cdb3b65b,492,114468.66756837994,stitched_market_reference
1760291231,23563230,0x9d4ffbd4478b24e46a2b4c71f18c61c0c136f9cd87464ba71eccdbb1961741ca,47,114393.93836673479,stitched_market_reference
1760291507,23563252,0x8ba9313505324e6a8ef4431b48eeded0d2c948944d8c4b490e280ae9473e72ec,422,113691.0756907917,stitched_market_reference
1760292611,23563343,0xfb690989cc82ccd99c889f92ed0ba83cb2f053e1c5dda001db6e26776611fb52,167,114269.53933419278,stitched_market_reference
1760294327,23563484,0x1d151ba1a23f77ff39d25e89b1486d7ef2f9110a25664cdaa5866e56c33cc1c8,445,113665.82424979722,stitched_market_reference
1760296331,23563651,0x2c0e907c0e3145896c08e76a74605dd3511051ccf55ee6f1665c92d812368073,170,114238.20297332967,stitched_market_reference
1760299967,23563953,0xddeaaab25545e428eba9a3c754a688b15f5d985d945f0cef6b41b4e1b581e26a,408,114604.02273589499,stitched_market_reference
1760300927,23564033,0xab91125bb9657c7325f7247929a63a53e58f00c8d9ba03b75bb786b8cc0aecf8,647,115279.85766304402,stitched_market_reference
1760304551,23564333,0x4bc3dfdfa43d72fd3112aac17643a1826d54de0470156c577c5026c308531445,465,114908.80916163747,stitched_market_reference
1760306483,23564492,0x554b1ff4bcea3fd406b41d6b2235b280feaa8106507a73a19c973a448a301e1a,331,115573.83285568198,stitched_market_reference
1760310107,23564791,0xd4ef24d7f1ac3ef27e6b1d64dc738f09bcabdb2e571e0b29908d5b4bd89fca1e,328,115191.51309739688,stitched_market_reference
1760313743,23565092,0xfb772f09717ae9f676da216204457b1755eb0ba2199ab6dfd87f828bfca4a972,284,114938.55070307033,stitched_market_reference
1760314583,23565162,0x90dd47dfef4f8d1be5705f3aca9e3ac45a7f454a6cafd7e4417cb14dc4b67ba3,210,115571.06005722376,stitched_market_reference
1760318207,23565463,0xcb251333840278fdcaccb1025a2b3b7bf7c5bfeda0661e317ac966a39374d996,79,115296.91638511878,stitched_market_reference
1760320979,23565692,0xcd8b0f9d7c9a875ef91930c7a06af4a424f66dfd209786cacaa0b007bc89eb56,304,115916.34012045742,stitched_market_reference
1760321963,23565773,0x9f04c8413050a21547912e7013b08813b27451fe439ea9b5a83295396da15108,177,115240.2351606531,stitched_market_reference
1760338907,23567175,0x73c9ce388c41fc8c4a2763278d0cf3164d531fe80813d8f30d0f91019dfb5c6d,177,115117.48934300485,stitched_market_reference
1760340203,23567282,0x89a672f3863f2bd74cd5b723ea9ec23b5c849973801d0998dea7580ccb3a0252,99,115523.34573217903,stitched_market_reference
1760342423,23567464,0x10f94dab0ff25af4274f007e33a9926cecda54eab961f85d01ae3d9d32f01e0c,222,115451.3766048998,stitched_market_reference
1760342447,23567466,0x90466358513ce34534e73b43ac31e7fe8fbe68807b384523d25833e79927e072,394,115462.73329199255,stitched_market_reference
1760346059,23567766,0x9ff160281112b4bf03b921c8fdaaa5c51220d93532a89596bfa3ebca61f4fda6,486,115292.83270988778,stitched_market_reference
1760349671,23568062,0xa06cc96074ffc6fdd2364cb111ba4c631e036fe9a937751d399c491d75a5422e,308,115166.23076900843,stitched_market_reference
1760353295,23568360,0xc7671a412e7d766bf0fbb69e6cd992ae9c59b76ec424200ce7d24624e0c74e20,362,114829.30927566961,stitched_market_reference
1760354735,23568480,0x1a6159edfe8a4ff13e20fb2a8cdf14a23723d8db81be239d5a22cb1aec1aaf49,183,114234.8022644076,stitched_market_reference
1760358347,23568779,0x028ac4ba655b892c5289fe90ec3ca563c592968b16e54595ae7c8ce5132ff867,189,114433.863677772,stitched_market_reference
1760361983,23569077,0x9405ec6bbbd0c209cec037a9711acde4c662f9a0469ea36ba3e949b29aa52b88,48,114493.07831370647,stitched_market_reference
1760362331,23569106,0x84a7d6d57cc61a21b19b835c19f8fd75bf54a3005ec9fcf5e8fdc6c580833e75,1314,115114.73065151727,stitched_market_reference
1760365643,23569379,0x10f292bf187c3e663e682cc95c2e32583a507ac0e1237d881ab1e9e37be4b2d5,117,114531.24799325879,stitched_market_reference
1760369255,23569679,0x077cd88b4ac3b601c90b4310be3affe5ec3bba6ff68226be529d5d219e25651b,130,114503.2547428137,stitched_market_reference
1760371811,23569890,0xea6fcf48096f1b176605c8a0390e88829bc4942faded56f66b8877fc7c9ca6ef,231,115139.3664405893,stitched_market_reference
1760372615,23569957,0x96d4669c4cb5f9e0cfe6b9b1162cfdf5fc87886d8bdb08c07bfa6b64694b9e96,147,114531.85573403213,stitched_market_reference
1760376287,23570259,0x2af3a15cd95313c616f1925de1db7f177e54d9cd5f0eb25188e1052abe9dd8d1,67,114732.68188273889,stitched_market_reference
1760379779,23570546,0x8e823d21b7792ca4cbd9eb5e1d40bece67f23507a60347eb3a6c0f9d226e7d65,246,115334.81026584785,stitched_market_reference
1760383403,23570848,0xf441d9fae30443b9e57d93f9666ff72e6c7619d70e739fce30b56dce3bf8f743,117,115702.90893046749,stitched_market_reference
1760387015,23571148,0x8a84c0ebc4062c3a5190afdbc52d0c3930418fc8f5c3c4874fffedfe5c4350fc,238,115739.56326898842,stitched_market_reference
1760390627,23571448,0x033e0d771ee10480ebcb4a94897396e4b2f062c831d26c6b560571eb8e0bf712,459,115816.17691184413,stitched_market_reference
1760394251,23571749,0x4f3082a86c6fb9c70b82c5976f88c27ef0f15a0b96d89a52cc1cb0b0411b4304,209,115860.07481346642,stitched_market_reference
1760397851,23572048,0x3655f2941b6e6df0ffdc4fdd24f4fa2d2b87ebf7b557a8097c4e290fc118a20c,109,115499.83555772039,stitched_market_reference
1760401487,23572348,0x7eb6d4186fc747631e2727311b144ea7bca715ba1b841f7842868a71a8829ebc,174,115271.74891480466,stitched_market_reference
1760404247,23572577,0x07cf64068f909ec1f5521a9682f3b786eab1b1afa075dceef95443a452bcdddd,336,114670.69803864695,stitched_market_reference
1760407883,23572879,0xb3c9baed635cd01d055b7e3db345b8a0c6706d13f088b40019c87333c3f9d31a,277,114266.62799303875,stitched_market_reference
1760410883,23573128,0xcc0a549f0eeef5e059b1426a35e90ce9d668b0589757cf5f525f7f8a7ba4b062,41,113599.50175031506,stitched_market_reference
1760425259,23574314,0xc4f03a90dc50ffa1528df9375c8f93bfca9833f1fdc522e96721e2d5460657e3,301,111845.40536216086,stitched_market_reference
1760428103,23574551,0x35fea86e153d71f0346bc9bb2cf74b8a64af92407dc9333e7dfadc72b49ccab6,134,111750.2225066752,stitched_market_reference
1760428823,23574611,0x01525f1d96b2a98c42d8bd2ae905d3a5a773f73a2ba5436d2dcfb2e9b03fdeb0,1063,111770.24310729322,stitched_market_reference
1760428835,23574612,0x529bf30103a059429686f02fd6f5d4f973e362a59079b6371558b19f4f3895c1,293,111779.46407191345,stitched_market_reference
1760432435,23574909,0x65656501f547ff03734ef64cfb07f7dcf34aeedb3a7a63ba1422000a6bcd9c8b,160,111913.40913939409,stitched_market_reference
1760435375,23575154,0xee727c9399db426f9f5a7da226df9ea93164e4618d508766bba6e2f6deaeb7b2,421,111334.58402735724,stitched_market_reference
1760437187,23575304,0x8eb5e9222844141ab408c55ee3a56c2f31ebaa888145af9516a0728222ef3a2c,570,110694.36035459628,stitched_market_reference
1760440175,23575550,0x5cc63481f37ffd327d5dd15ccb3580042bdc175a46516381dda9fe4ec3b5db1b,228,111318.89226219058,stitched_market_reference
1760443859,23575857,0xa0bd0b8709eff42aa819d10d36c5040a13342e530f3954031d39c4cd8448e008,175,111200.03246139159,stitched_market_reference
1760447483,23576159,0xcb5acda88dbdcad17574ae74b41e9b12818e5d2716e68b6c088240c3fa42cc30,290,110779.63160075877,stitched_market_reference
1760449091,23576291,0x6410416e8e70f16ba2b3055f7d59f4d744b5f3149aeb24c94258c0dd73bc7eb9,422,110018.9445000668,stitched_market_reference
1760449499,23576324,0x0784a1c198e1da8e1ec0e5deb69c7f2acb2b99c8755b27f9ad2db04483bf6dba,302,110608.84866737659,stitched_market_reference
1760449679,23576339,0xd33db098eb2c66a4c52b9958fcb858000cd28668d9b95916c4b58930cd531ca4,218,111232.51254533623,stitched_market_reference
1760451335,23576476,0x6c8e9a8c53812983c71ddbf642eb1b0ab83c94fd41ebf838acd744701fb052aa,994,111788.84512718835,stitched_market_reference
1760454935,23576770,0x5dec250985dbbcbe3ffa559cff47dab6dcec98df8bff3a3adf16face4902b3e8,154,111208.50984527249,stitched_market_reference
1760456219,23576874,0x4a78bc033eb820aa67a51cc5f7fcdfc4a66f15cff9bdd9c715d9bddd37f150cf,133,111791.58543544564,stitched_market_reference
1760456819,23576924,0xd58343b12ff31b0fd69a19001b2551ba4389764bb161a419c93b8748e48bdabe,401,112360.23238654116,stitched_market_reference
1760457599,23576989,0xa14fdfdf02d91374783970a819edebc7d849eefb740c3ca091aea89609747f0a,47,112949.98742457539,stitched_market_reference
1760458199,23577039,0x888be4c0b9a6e97ca5e73c34147dd778dc518d0db705c47df90d6aa6baa862f4,246,112370.60056885799,stitched_market_reference
1760458931,23577099,0xa8771119e643a786bb8fbd65085f77463c56f7796c63bbb06f5ffcc54d34f046,964,113025.24420972115,stitched_market_reference
1760459819,23577173,0x80b8b01d00d56f6ead83ce3668ca8acbd8c99a558e83fd6c3304fabc0c158d3a,216,112459.33512706845,stitched_market_reference
1760461343,23577299,0xa507b45d0812e3d35bca79eb729522dbba1328b86c3fb00273f64c724b3fbc1a,632,111888.2863133274,stitched_market_reference
1760461583,23577319,0x5c57520f120f81383ab77f898fbf56dafa72dd4479d1c4477b1a77a203494289,659,112613.30787100241,stitched_market_reference
1760465195,23577618,0x763773d47d1f80470b41dd6dc6a8ed12a2937bbeb8f504ac7d07e111d434f529,232,113088.12620031627,stitched_market_reference
1760468843,23577921,0x757d77b98e32af619bbdb648cafe2b5539a178f02aa79ee02c7bae3d46b907a1,107,113230.90354133937,stitched_market_reference
1760470739,23578077,0x822101b1640c91539c5c3ef7502217c0e34452b9db682a4e403279f8ce56cf30,168,112530.22852540683,stitched_market_reference
1760474351,23578375,0x378527376f8f3a7f1db87ad183ddd52161588e724a80edad0b23bca01fbb0c89,207,112807.38970326772,stitched_market_reference
1760477987,23578677,0x94aa5b45daa0f051111dc1e0ca5d6b30ef3807e05e4c9d7fff31e3ee804686b5,409,112948.75560551806,stitched_market_reference
1760479451,23578799,0x18615e975919b5c5cb183ce7f2a14930f928eebbc2f45a8b2a703b8a50976605,574,113531.56181453852,stitched_market_reference
1760482151,23579022,0x1b344e4431dc3e6e012b6fc1272698bcc4940db5937714c6f32ad365654b9302,138,112939.32187331753,stitched_market_reference
1760483387,23579124,0x25539e7fa4e6bf12ca12a01143254b5cbbb8595e137a9581c9dc25a1cb539f42,271,113544.42261209963,stitched_market_reference
1760487011,23579426,0xac7f2843dd59c4708551e75c9e0bbb3bb78d0962bd91b0024591753d27bd5645,118,113092.13173389874,stitched_market_reference
1760490503,23579717,0xd8737917635e6302ef8a955f0f7ad7b4e1d08b123c4892bbac006d5bc7576e79,171,112490.87409842733,stitched_market_reference
1760494127,23580019,0xd724707f58c4c3fbf0e4b71d2c90410a0cf9429f653c75858c9275091e56164f,161,112899.2434216325,stitched_market_reference
1760495303,23580117,0xbb04e19ec3e1e15a5aa04608f4b366f6594869c160029b8944791333831b0627,247,113490.7765774572,stitched_market_reference
1760497127,23580268,0x2e67d85c45fec710a88ed6c46a61ac854874385fefaaad39a6497691ecc3c25b,256,112897.95995351516,stitched_market_reference
1760511671,23581464,0xd95079d938dac2a14d34d779ee62f62bad87a970ab5665773ba44f6af60a67b3,282,112047.95543843888,stitched_market_reference
1760512403,23581525,0x9cb578fd56df8f9bc7c0d822a7b2b7cb14178d5d7c10a73d1e6d4090e72f0dce,287,112663.93732801908,stitched_market_reference
1760516027,23581825,0x47ea242e63a12e65804d74335e745128846500267269f2c9defd01ffd77d7d57,331,112850.94934007058,stitched_market_reference
1760517131,23581917,0x1b4db700443df5974f63f18ca0042a7e81857c0c3fe5f5a26a36f872b37a3188,555,113426.07325693582,stitched_market_reference
1760519903,23582147,0xd0957783cf412d6c0b3138835258cf6ce8a3d191376a50ebc5b23163b3dd9f80,679,112744.97239169413,stitched_market_reference
1760523527,23582449,0x5c46088bf6b95699c393df920fba944b2677783bbacbe31e963ae5a183723534,306,112617.36196464613,stitched_market_reference
1760527067,23582744,0xc1461c3bcd64193d75ace7f464c6b611bb1744350652ab5f542cd3b5cb632a57,507,112027.50376733283,stitched_market_reference
1760530667,23583042,0xa641d4b231f24a318bb437735dfc685a08c13a04d4aa279334acd4a13a287339,318,111999.64769121284,stitched_market_reference
1760534279,23583337,0xd4dc52617eb3c7243364cd631d6d97729c0b0f65d3edd15f9991eaa7a33e91f3,788,111650.02292337306,stitched_market_reference
1760536163,23583492,0xf7db6ab0821b5c59e7a88fd8091b1c9158450fd4f4dc37e4dcd0a0284732f333,224,110912.06262463705,stitched_market_reference
1760536499,23583520,0x9b805c15f9f87c949972dee9954d162b0529767f64d777eaac3d572a07f806e0,200,111472.85844726373,stitched_market_reference
1760537339,23583590,0x0b0486b5285f5006a6b69545a9508de90925d11176014f70cec5d4e78ad8a5cf,330,112106.92719702127,stitched_market_reference
1760539319,23583754,0x9ec7f2db18916390a4ca77f0990723154872fb427da8c34d6b4e8f22af5e598f,634,111483.10928485966,stitched_market_reference
1760540639,23583863,0x3d85a88d0ecc67221a4ac92b9319f0bc8eaa69825f10d30b332117cc27b6392f,186,110922.11344588967,stitched_market_reference
1760542043,23583979,0x82fe9c0f96419ff0f89afc8187d6bd7adeb5fca86eb734fafbfe97e14cb23344,552,111600.73287217299,stitched_market_reference
1760542499,23584017,0x4f71fa4ef3dfbd167239fa5b1895f74e684789cfb53b4b3ea8bafad91c388adc,192,111041.22785547806,stitched_market_reference
1760546111,23584315,0xbec7f9099722d5762e7b53fa8ebb2d3ca413986bc914549508862955d7fb4cf0,906,110830.76598188838,stitched_market_reference
1760548547,23584514,0x8a25ebf8284c0aa21c649ef6587ba39021d6aaf9e14d0b635beb4002635d73e6,129,110251.25555309124,stitched_market_reference
1760550347,23584663,0xfb86247ff390c5faf9a2a86f59d42c3765dadafcdc779fb96615bf0e96ec86d7,155,110890.15083422467,stitched_market_reference
1760553959,23584963,0x622a98a27560727f173ab54a370cd8da7b110ebcff8cd221965b7ea20872b64d,450,111222.82923506679,stitched_market_reference
1760557583,23585264,0x20fa14678a42ab552d9ded4ace01f7625a55230481ffaa4d4840699b9b21c78e,233,111343.32658014486,stitched_market_reference
1760560511,23585507,0x780c4670e28256b721ebd3020c8952d2a3a92330d2428b961ac58827adec4170,1134,110700.12760447655,stitched_market_reference
1760560859,23585536,0x634a1456bf2f385445bf39fe51630e2575e88829ee7f368d7fb1cce128bbbbc2,521,111279.19262282921,stitched_market_reference
1760562719,23585691,0x79d1e80228b0d2b8607fb53829bb6d8a1b2b77f974953a992c14a3443c2ace25,372,110637.1501615397,stitched_market_reference
1760564039,23585800,0x2cfd1a580e71c38397cf89af66f5bb0df340cd2051b84c3e64167951ec4c621b,371,111211.88712329684,stitched_market_reference
1760567675,23586100,0x8466511642ecd9e8759cd869a0e9f15052f334e01d5a9dd24f406a958322fbc3,71,111255.41067960663,stitched_market_reference
1760569535,23586254,0xc68796d9ab830a22c33d95733a3e82555f594057ba103a3d72bef9500a457658,59,110681.71048233351,stitched_market_reference
1760573159,23586553,0x006dfc41578137004c02a1efed463611e6c091d145f54b7fcc046319d28492db,120,110833.70680463301,stitched_market_reference
1760576795,23586851,0x30deaee0e866410a5a61da04a1f0e79856259540446320012f3e053e0b58e187,237,110761.09028868748,stitched_market_reference
1760579579,23587081,0x644ecb9f2c432efc1c658a85d2b5d3b13e085c2a784a034c91db617f373aa0f4,1061,111327.1254080471,stitched_market_reference
1760583191,23587378,0x7054cf28ff22b12ee178222a476094ddcf080782ddce9ce7e7bacfa8c05cac5f,191,111551.13573922125,stitched_market_reference
1760594483,23588312,0x4a3687018e2b75ebb3eca0d53ddd616bff3b0d167a26fd5a444872d6ce44df51,167,111349.95919379518,stitched_market_reference
1760597291,23588543,0xe3f8c6f89886a059d9493513d5441c20d13452596634be90a6e6742ac799aee4,73,111457.71327271947,stitched_market_reference
1760599547,23588730,0x4fc0419fef781bf86018949bc9fdd393a421e24c9765794f018f812f73b4f2da,213,110892.70314412862,stitched_market_reference
1760603159,23589025,0x27dc2445be4f6c09deb767b070c7456e6edd472d07d9e3a47b5ae435e76e59b1,181,110654.82752492443,stitched_market_reference
1760606771,23589323,0x232f09c1428deab3211a3d9bd926d2af7ba454affe46af3a12907b11d0f870c0,1518,110841.93900983136,stitched_market_reference
1760607395,23589374,0xc271a046bc7d856762d4ce31d42e61a59eae616cf211fe10b185970c5f75e745,753,109906.32379379259,stitched_market_reference
1760607971,23589421,0x186332d9e269c9bc2f135a2e21d2628d308a7e83b9921246597b50e997a6b2cd,272,111289.86591855943,stitched_market_reference
1760611595,23589719,0x5cf9d9e8499d68b728efec316adea7290df0a93354f9e866ce01185a93ca71c5,365,111615.63100345907,stitched_market_reference
1760615231,23590020,0x8dad5765f424197dbb7fcbc387760922c2665f9f69e01ea0f6072c9b28c3cf02,98,111128.86156753082,stitched_market_reference
1760616215,23590102,0xba79dad83504aa54e813db69fb3e0a96d2c9c82bc51a14f6c7f927c0d098aef4,76,111756.22614555588,stitched_market_reference
1760619815,23590399,0x9624940ecfcfa02b36e9567722c824c03ebd2da2b62623cb8ae5746fdc60bf43,242,111465.33481655974,stitched_market_reference
1760622827,23590647,0x9f2eac16b5d2403ecd731d1651ab83d3f8ab5fae7f11d8838aa30a31f4bde509,207,110902.72422339887,stitched_market_reference
1760623907,23590736,0x1961b60fcf74497cf43ddb76428c7dd52a64abedeb556d48d3d2c1a669a73de5,266,110308.0101726956,stitched_market_reference
1760625659,23590881,0xdc837217c27ed7dc669a0e5161cbcb37708023a9dfc365dc63c1ac1677dd4ccc,386,110948.24912643092,stitched_market_reference
1760627051,23590993,0x251bb15f436b17a2dd74374733d0429a208c75a58ffb64e90ba2645cd3eea5e1,793,110374.82791296623,stitched_market_reference
1760629271,23591177,0x55e595390ee0c273b0845b4229e133dfb8d220960223900b0b3aceb74d0ae05d,201,109753.32694031147,stitched_market_reference
1760629631,23591207,0xee9eb13ca834935a423858e860fce0ae392e25a302f4a4893b91a2232cbd7312,308,109119.30214884142,stitched_market_reference
1760630243,23591258,0x4847b32fbab4f05271da2eab15814976e6489ab0dfe94dd658a7619d41838fa9,333,108443.21191752351,stitched_market_reference
1760632247,23591424,0xd6e5acb0e8a2bda8a2470042cc2e36bf02142546fd28e2f38106bf16acd6bf5b,527,107821.34235857202,stitched_market_reference
1760632943,23591481,0x5b8ea6da762914fe1ecada94dd6e36324163b2e4cd6e1e23fb23f2b854ef8c80,552,108383.0822952732,stitched_market_reference
1760633843,23591556,0x76bc8a901cdfc018f4da1d7058873ced7bdb9a8ef6392d29d5ecee0335b5ba92,139,108979.57710045372,stitched_market_reference
1760637119,23591829,0x480e4b7d0415275513902a7ba8f5576502f628f5e50293022128d2f6f079a926,16,108355.47988518364,stitched_market_reference
1760638619,23591954,0x3c9ddb73bf58279fe2dadf57c1f9ab410351a810a9a72d277a9b10f393ab389b,281,107767.93660677255,stitched_market_reference
1760639903,23592061,0x12f919db6df6a72686329f9b95d109ba8a290a2226d20722accf97219f8d9de5,131,108343.85863357484,stitched_market_reference
1760643239,23592339,0xf9efbb1a1dc48cba57820f905cfff20d5ae68df3ad29856bf25f3d7f0103bade,348,107745.47418757,stitched_market_reference
1760644211,23592420,0x8d7361814f108fb3707df2ac2ed67936c48f4962aa3118a127abfc642a70ec0f,389,108288.54714052704,stitched_market_reference
1760646923,23592645,0xdbe2f5e31bc468da0a2014cf4a0514398dec83981a30d0b6afb9d191d11d39f6,284,107724.95197732796,stitched_market_reference
1760650463,23592937,0x09866e1efd8c96ecb9d0138d337149d532898e6029d3fe959e1788e003745ace,598,108289.54446193855,stitched_market_reference
1760654087,23593239,0x981d63a61111f1f72e33c2ebc2fc8951898274de185dc370fac5eeeaf648f144,89,108041.64871856698,stitched_market_reference
1760657735,23593540,0xa6232dd414a75a6db4aed836287fa14a3f737dc457704cbdca5f3059453e2b37,88,108260.07961057406,stitched_market_reference
1760661347,23593838,0xe37b6dff8482b02b26283b2a1f2b23ca5f311a09e20f83a9c4e6cbe518c81569,344,108539.94534095321,stitched_market_reference
1760663279,23593999,0xd2582f9e5a6b786bd58da74d9f64009b595c323f4f2b106c8b85fb3ee2c54119,1225,109085.60798898041,stitched_market_reference
1760666903,23594300,0x6447901b6323dcb86f24c6b511fb0e551f9964f761a82ef62f69d3093799912c,293,108653.92944227094,stitched_market_reference
1760670527,23594600,0xa4df725eb5d863e5b196ceaf156fa9d02095a8a5ff12f20a7048099a96da1f98,34,109037.71336172905,stitched_market_reference
1760677295,23595162,0x739e76bbbcf7164b501321a91aef5da7125b9e0de83298d7d5a2f48c40d6c7fc,199,109131.01068026862,stitched_market_reference
1760677763,23595200,0x67106dbec7849f3c9eb3d81db3b60b9ab0cf3f1ec82b066dcea5462f7eb688b9,64,108872.29829493635,stitched_market_reference
1760681375,23595498,0x54b60db622bf79921ba97b584f735b1c7eab91c82f029d2b0383143e32695536,183,108522.96699038912,stitched_market_reference
1760682119,23595560,0x100e29127508402382209b0bedb8e7f619cb2141849effcba5eaca6d3e520cff,31,107968.72183993005,stitched_market_reference
1760683019,23595633,0x17bbea678d74ffa67b1113a0aaa62f18a37a8616d0ee8f1eb980409208e60d09,350,107380.74672847902,stitched_market_reference
1760683799,23595698,0xcf39af5756b73cdedba995ccdbc962222779dc3feeb1e9b9de2c06689b5b1b5a,61,106806.76231358126,stitched_market_reference
1760685419,23595831,0x89967c9f75670420d43e73362469ffb81aa4839b1520035d9421cef4e08f3f9e,2,106241.89799574265,stitched_market_reference
1760687699,23596021,0xe364b3032d493617af24f449e3100da87ca0254bdb04dfc0819d8eed7c82cbc8,39,105701.337917909,stitched_market_reference
1760688875,23596118,0xc6da74a4f8a0dffb4aa7795a28c52ad9ab18102d656bf92f13d56b640bb170b4,2,105138.13805968277,stitched_market_reference
1760689019,23596130,0x915cd9fd825f0cc273b84bb39e51c673eea65b984c82251edf73489ffc90c205,118,104568.79339608355,stitched_market_reference
1760689535,23596173,0x4cbd28533418d84dad352cd6469c85f9f59842c075d27cfc518c785ad0328f77,426,105118.64143624339,stitched_market_reference
1760690255,23596232,0xfd2cc186c24f76921c806d67706298418b611436442cdc3d75e71eb8ade5f459,96,105669.7903407777,stitched_market_reference
1760690555,23596257,0x56112380546aa8eaed976ea60d95d2dab3c8f732eaeb05f909a5ded58ab4ee83,243,105141.12493099288,stitched_market_reference
1760694179,23596558,0x3ed5d3958421f082057869950d84d69bbd5337904eaaff5885189bcc75159a19,313,105222.7829767513,stitched_market_reference
1760695175,23596641,0xe38dd3ccd0a3cac8d013c6e9eae4e5e2ac4b3437ada949405c4752462e912e7c,530,104654.15669636034,stitched_market_reference
1760696495,23596751,0x4e71f2be69cca5d1eb74530d72549e81d6b26104a9b446414eeb1bba22bfdfcb,444,104073.65210462034,stitched_market_reference
1760698199,23596892,0xcbb0e6b664699d2f047a0d663d8608bd4b7b65b5df25e85ed07be18f82d8ee67,770,104637.33404261887,stitched_market_reference
1760699615,23597010,0x21f096d79c0565a16ccc72260aa1963711a1e23922cbdcf3b6fd35a780c2e4c0,1043,105289.7052791218,stitched_market_reference
1760699711,23597018,0x72a01055978377b32eaf2abbe749fb56126068ae97e8f64217936c68dd50e106,1114,105827.9295263874,stitched_market_reference
1760700335,23597070,0x10b1303b537e3379eaa909fa6926d4c33401d3aa1c43d6c5ea4da62f6cb1262f,388,106361.35558809187,stitched_market_reference
1760701295,23597149,0x0f9a6de8c5d7230acc9bec277b8b5e3545d30ffc19a4a6925fc1d2860ea897b4,283,105748.16917982028,stitched_market_reference
1760704931,23597450,0xdc13a554246b122a1307a805f0943bdd0c233dc5c51c7698d8eb52c60a895019,256,105705.47322885864,stitched_market_reference
1760706755,23597601,0x57092239a4da2402dcb04f36873fdd30b1ba56ff3521ce70461c8780f693db2e,292,105144.74006112972,stitched_market_reference
1760707931,23597699,0xcb6e78c1ce035b3680374c6ebe45c0e5a0f5cde8108486cdb8e14d2a6ffd74f9,47,105866.37904977196,stitched_market_reference
1760708675,23597761,0x489dd720b470e7a581f7d4632eee22ef8efa8ca91c780cfcf4a8ba95ba332fc1,366,105283.98448175707,stitched_market_reference
1760709251,23597809,0x25d6615df0e7cf6f091897deb41a56eb6f7fd3332ea8a77a035c3a0f3953cb94,227,105933.21497150273,stitched_market_reference
1760710211,23597889,0xca530a5b1dbed75a9cb012220c76771864b332eb43106aea3759aef48c6b3c91,216,105252.73671894388,stitched_market_reference
1760711711,23598014,0x74133e91191c823aac9006096a516b5aba3cce9e70fd4900ddc17eaa2f41620b,266,104710.18450551637,stitched_market_reference
1760712275,23598061,0x7f3e4c6a8e009aeede1dce1720e142158529ce12bf7b67741c457ca595f5f856,264,105300.0567219059,stitched_market_reference
1760714267,23598225,0x71d900154a158690f9a68d3f83f7bc6d8690ba4d80aaa5061379037714c16d6a,241,106061.0727923258,stitched_market_reference
1760716451,23598407,0xdbab5d990f98be967c3e36de1db4c303cd785a896e0492aafa906b5d54b0b905,137,106612.25961674539,stitched_market_reference
1760716967,23598450,0xa27fbde65c5460f9c1565d2ca8694eec4ab4a85efb0d831440e591c848e5c0b5,37,107192.23083682403,stitched_market_reference
1760718791,23598602,0xe2d9240bf62b1af7a241c1b48fa3a73b2e9dee649497e487fe90444e6f6e243f,736,106646.86169264272,stitched_market_reference
1760722427,23598903,0x14c618b19d5d4e2617346165e643da069b4356af6338cbc0c6efcb42f5f0a4ac,209,106370.39385449544,stitched_market_reference
1760724647,23599084,0x1d3706bb285a076301414b887641e87f482e97f64a44da143b4888c7213f52b2,244,106921.80276086881,stitched_market_reference
1760728283,23599385,0x2b070a8222dac815cad2ff7289756fb10cd20b49325302333a4d31baadaa9844,149,106890.05833633091,stitched_market_reference
1760729687,23599502,0x012bb933a8bd826b1491dd215f501bf2cb190542048bc3d77025217245bd8f7a,148,106346.00827060276,stitched_market_reference
1760732447,23599729,0x09d3cdd4569fa92560726ccdb6f12f065a790c93741a426e56f77226dd4cf59b,354,106903.40019591931,stitched_market_reference
1760735567,23599987,0xd4a0d8e9a5b95e984c739f47dc919c358861d55727f0c07108fae7028bc4f675,393,107455.50976995174,stitched_market_reference
1760739167,23600287,0x341023d632468fe5b9aef63e40594784b43cc47bf8c6bf71ec41c154a57002f3,215,107285.71348274522,stitched_market_reference
1760742779,23600586,0x1cee3996dc707375e086565aa5a27e6f4806b96e12a56b3af591b31ecd24be79,48,106870.89566543784,stitched_market_reference
1760746403,23600883,0x31793fcdc081290b18798d07cc5ea0cf454908f30c07e21cef7310a46d81eb13,219,106444.37621715714,stitched_market_reference
1760749499,23601136,0x1f314c867add90eac6026cd3e6fc53e7c5050a0fe9606eced9a6337a0c903c84,273,107013.20550058267,stitched_market_reference
1760753135,23601437,0xadd6264717fc6eaf90604294a719bd8f2cf585f0cd71acd0cc135905de0947eb,166,107313.23731901753,stitched_market_reference
1760755319,23601619,0x220adb3fb435bc29cbe4f473d10c96c1e9062152ea54365dc8d9dd944bc5d6cd,9,106757.27982966266,stitched_market_reference
1760758955,23601922,0xf712483190f526699baefb231624bf6d25659c6c41a39970262277f521a854d8,62,107003.1741024064,stitched_market_reference
1760760107,23602018,0x9c12c9f331e8a532e5132e60f6a0fcfc6f998a2cdc5f0c111e1bdc5335479745,167,106991.47402387968,stitched_market_reference
1760762579,23602224,0x7e7ff1dec662db34b0edb3fa224022868a88da6a259060febbcd7299dbf2225a,30,106548.23070885049,stitched_market_reference
1760766203,23602525,0xd7dd2832bc58938ab0e6e82a761b98b36d0ad2a7a11a51399f6f80ff351b6992,350,106759.98407962175,stitched_market_reference
1760769815,23602823,0x6154c4c6877d602a905826c86ec68e6169da2fc0094f380863094964c0af20fa,78,106803.97839151089,stitched_market_reference
1760771267,23602943,0x310457e2084c1f9fe2ad8a031da0649882486f88cb824251bc556c5cc9cbd4b2,179,107370.5531823876,stitched_market_reference
1760774255,23603188,0x7a9af56ccfe165ea188b5a5706a169ce495d00396d489397fb7276353538d758,91,106812.93947258175,stitched_market_reference
1760777867,23603487,0xf03861fcc0e316683d2a641d58d49543eb90db89bdcfe052338da7fd0206fec7,112,106864.74021679611,stitched_market_reference
1760781491,23603789,0xc15ef6272a257117c93f07cd5d2d4a5a49fd7625cf01ac0d503523fd9c6e7e17,226,106984.86382530931,stitched_market_reference
1760785187,23604096,0xbf9390d9b6ed352438a5f1f589fad05fc180f862b752e00738531b8120e1b74c,147,106900.94755846466,stitched_market_reference
1760788811,23604395,0xa1135fad4a9fca01341e0f6670f5795431838c3bf30aa7e9f1255fd3c6043c8b,931,107248.60614612863,stitched_market_reference
1760792447,23604693,0xacd912511682dc1bf7915f10b7c7ccb3bea79610e9e85b071690b91d5980fac7,151,107088.40126204392,stitched_market_reference
1760796119,23604993,0xc23bcaf228a476f507f4ab5f32f35b29d5572180e3474aa10e71c6c92ecbf87c,9,106977.03413684547,stitched_market_reference
1760799743,23605293,0xd85729f29fd88c4dd0280c97ada149b52c25d2ed3b3cece09fd9c8c82164c75f,284,107140.90851289172,stitched_market_reference
1760803367,23605594,0x274420330d4724ccafff0464a1e101738a36d8d0ab18ebbe5b72d21145c2678a,159,107024.44815342253,stitched_market_reference
1760806967,23605893,0x762d1e45e671138d1b5621cc8844a98932b7907a59b2b6f241ae252c0ba0f4ed,721,106609.20254044431,stitched_market_reference
1760810639,23606195,0xaa6441594b11f63afbc4c14948def4cf1c53068d88d899a3b750136b49f356d7,304,106917.00178673367,stitched_market_reference
1760814263,23606497,0x4cd2cce949bb5c480177477fcfc930bf6089dbd83d5c730ea79c331109524daa,105,106827.20908936104,stitched_market_reference
1760817899,23606797,0x5efc816d8da6ce4455d468d2e8bdfc36af7f5ba593c04359875ec135b7ad349e,337,107128.1381292694,stitched_market_reference
1760821583,23607101,0x9a300fdcaa1c3e7ef7cbf510d10db2f3f2ada05097f221bca1eaac1fdf7c807f,111,107058.0977396361,stitched_market_reference
1760825195,23607400,0xe20827d1d240ddc3788c3996d9d58122e6540d76753bbe6591576128b5e7b2e8,248,107186.03531850097,stitched_market_reference
1760828807,23607698,0xb6d2c2cae714f17d250902878b7819f9c3936cb343b0e95dd2d27b3452bac20a,108,107167.43930987686,stitched_market_reference
1760832407,23607997,0xdb3c5662e1e55be1131052321c6e7e80aab22edc293d7754c28c16e58b8f8419,62,107166.6840647093,stitched_market_reference
1760836019,23608294,0x647a5d2a5d268ee91833b41d3bd72193c3773aa3a17f54b12857deaf3c08f1c7,19,106862.92093286483,stitched_market_reference
1760839643,23608595,0xf3d59a7b8bbe9f04c4d7f6dfb4e31cf49380948a5ecee8f5ea59a83c01f5d495,362,106939.8524731683,stitched_market_reference
1760842919,23608867,0x2ed5e4a9ea49db44e0856d1d986520204fbea0adf39e3688e0a328aa2d5019b2,185,106940.93367848718,stitched_market_reference
1760843279,23608896,0xee126f7db07717d5e5b333e2546a4798da09931fbae8efd43984e1cdd090abfd,79,106865.06578446124,stitched_market_reference
1760846903,23609196,0x52bbf478317990dd1e163ec655823319c2ac25234f927a19e01950e34bce4f46,147,107142.42336898827,stitched_market_reference
1760850503,23609494,0x1cbced5017648f85f323961071c79711ba55b19e5a02bb6d7ea3b62e548dfccf,384,107118.27731872434,stitched_market_reference
1760854175,23609799,0x7fd82faca2753cd3ffe2e9ee0666ab4198b1e28c965e70f338a969b44b7dea70,61,106929.82323240278,stitched_market_reference
1760857799,23610099,0x02caa6aeee469f318a66dac4b6ec9fe18cf47d48fca04b3b40fa1ba72008a853,111,106873.9409887307,stitched_market_reference
1760861411,23610399,0xa9c7b4bc753848a10b0113fbd2a595a9632a4939668074263766465aab4cb171,219,106861.18047639613,stitched_market_reference
1760863871,23610604,0x916756fc232c207c97ff85fae2f8cad8f9e5bae25b236c4bec9acc0ad79446d9,85,106322.67885555605,stitched_market_reference
1760866895,23610855,0xe0e4cb7fbe5de3de1445b1bbd00b5df24305cbeccdc7c0db857d3b8af1ea936f,537,107055.39827424071,stitched_market_reference
1760867399,23610897,0x03dd7538d598b614910f38fa08d0e1ba5547e8f0a517b0a33507bca1aa055886,873,107819.94434174531,stitched_market_reference
1760868323,23610972,0x46963356eefd5784638b5dc90addb8c84474b38894bbc0e15b3d1f813151b78c,511,107147.31443867472,stitched_market_reference
1760869583,23611077,0x1ad1f7c972f67876cbb4cb9364b3ba768b6e9664e5af6ac7313a1e2998cd1997,381,107755.74112022598,stitched_market_reference
1760873219,23611380,0xd316f6d85430d63dac04a6e5e414e6c4314b7083dfe665e078e555ab6fa7c4ed,245,107930.58341292402,stitched_market_reference
1760876855,23611679,0x623381f528063ea951a07cac04b6eab60534d536c7f70dd72233dff451376c6f,90,107561.94861223678,stitched_market_reference
1760880479,23611977,0xb2c8844096cbaa34c5f89b7fbcc51a59b894c3538cdd0a281ce4945271d2615e,59,107525.19052179945,stitched_market_reference
1760882039,23612105,0x134f0f4970697947ea0b4bca4bc606e741c55b51a39cad2d36b25f59ac1ee2ce,240,108066.25268704539,stitched_market_reference
1760885675,23612406,0x308b0aae6ab89945252552d3620b9944040e9440a8396afd1d803f2469752c86,356,108446.62322079232,stitched_market_reference
1760889311,23612706,0x0b6cdb95ccaba4f7a9f4c67b9dbf4e63c17196fb14b775b0715dc13c515c7f9d,384,108435.04366700324,stitched_market_reference
1760892935,23613007,0xde6135beed5929cc73cce3e0904c5368658d4c00702d061832b9c834b50fbc15,61,108722.43290992134,stitched_market_reference
1760894183,23613110,0x7935cf8a8e87396e6068b27a576e2f08d5dabcd9330de606259d6ec2b4c33c40,507,109375.90144244292,stitched_market_reference
1760897807,23613410,0xc6c5938483d6bdb8980ebd98f1c5e269a4948aa8b51286a57a53c80ddc96a558,129,109240.19677090035,stitched_market_reference
1760901431,23613711,0xc9f0e1cd2d7cd30ab9ce6d9e0e9b632f7bd2a90061dc5e34a21893984edf06f6,43,109162.22601326443,stitched_market_reference
1760905067,23614012,0x9184a745907d01645a14a8f7d43156020fff8034bf6e6f2b0355aa39839e94a1,103,108910.96878689679,stitched_market_reference
1760908691,23614311,0xd42cf7f89387639af2469564bf4a4031e076fcba83235e5674efa04b6c41fe3b,85,108744.66609834385,stitched_market_reference
1760912291,23614609,0xcc01c7accc6001a870ccd3aa3be7d89ef08c0ccaf171796cf57d3c5d21d2efbc,196,109160.00408644407,stitched_market_reference
1760915903,23614908,0xf61b903728d92c73ceda3e8be97e77e8f5512f796ea856cba6b074910f1e1d55,86,108875.91042514356,stitched_market_reference
1760919167,23615180,0xabdf2e0642fe4d2ae9aa371848bac52d291728c30a7cc2bfdbb701b2606ccee1,133,108248.1161618639,stitched_market_reference
1760919827,23615235,0x27902d7dc69c12cb78ffebb2d0e04957b22dc961350b256ab7878c422c6bb715,212,107682.13343765753,stitched_market_reference
1760922731,23615476,0xc2dc38073245f0ddfc390bae08c14906ea29f6da002cba029c4a3bbab4ffbedc,118,108307.51854686966,stitched_market_reference
1760925755,23615724,0x66408a222325d5abc3d2c893af18d0d679e636f82087a9437ed17ef42341419d,273,108309.17791009868,stitched_market_reference
1760926367,23615775,0xbf8dad3d0d315193435fef7946a41311e050207bce6ab87c857df2f16f12e85b,140,107903.32284081799,stitched_market_reference
1760926727,23615804,0xf262f1a5da9db83f39ffe76b79a6325ff4e3954ed22416bcb2fc5aaf43abca81,5,108479.2283684476,stitched_market_reference
1760930363,23616102,0x8739cbde8ff0abfa28f945c64fbbfd989664629465bd4926442a18b6233172cd,492,108933.21252529878,stitched_market_reference
1760932259,23616258,0xe2a8f3ade36dc267063c6926e5082c27ac6e76e3605d85cb052859af03764b57,768,109663.02300788625,stitched_market_reference
1760932547,23616281,0xae66292da98ea244680e9851fc150c98fd4a261949d1f848ff9fe7e7936f8205,191,110287.19800367326,stitched_market_reference
1760936171,23616581,0x6ea00abb4351fed153f1ae6a5bfb01527bdc3470da4daedab8933e89ea4d16ae,167,110417.48321801411,stitched_market_reference
1760939711,23616871,0x06fe11c30ccda5ed0db6c5e89cf10b82f82c847eaf465fb6ea6f355ee2b85599,296,111036.18917741367,stitched_market_reference
1760943323,23617168,0xe600fcf215e32452069003fd6b4e115374c732b00ccbd515ec58530001a35e96,226,111330.05136363914,stitched_market_reference
1760946959,23617469,0x4798bef474c1f96c92bb37d16dd5a5a00822645f9c673ed7e3a12154b97f90bb,52,111116.69935265309,stitched_market_reference
1760950583,23617768,0xd91b23bc267ed91365fb825aaf2add6b2888c1d78ec167443a4c90ec3b30ad7d,288,111129.74436692003,stitched_market_reference
1760954219,23618069,0xd1a492c78244d6eec44600726f90efb4aad93aa286435b5048d4547955994065,148,111027.1631980626,stitched_market_reference
1760957843,23618364,0xb452a4c5e84b0162cee5cb41dfc0d52ff3808a2b2bf3909fd797ada1f86e0bea,185,110832.35701684373,stitched_market_reference
1760961479,23618661,0x795127cb32685b956e8a242ce708637af3b01aab038e03cded376163afea9e92,254,111004.05001065409,stitched_market_reference
1760965115,23618963,0x279da8c98e56c7d3935d5b2b40db13c4b243e8052e38d189283e05aeb476a11a,55,110835.85806504686,stitched_market_reference
1760968739,23619263,0xd27f68b657d237e23b419dba4007d88d9f2e49e5c458e5283bf4bcc0ec60c27d,302,111165.6463584035,stitched_market_reference
1760972375,23619562,0xae29d7b1a97871d7ca52a3fb93a288109a502678e489526de3187ef4e34e4a4a,131,111267.02198170933,stitched_market_reference
1760976011,23619864,0x0941a455aa26c116f1294213d419fd6a394afc47f704224beed5a858538fb262,316,111190.5270345346,stitched_market_reference
1760978639,23620081,0x476dbf97f1558fca08dda1247a61f2c2f8da51d2be62319f31ac648413780d00,341,110506.87981662343,stitched_market_reference
1760980031,23620194,0xdf8d92b9f4889618e4cf3c4c61e1f65deb206b86c2b00f6136cdae3b646c936d,253,111096.27540517673,stitched_market_reference
1760981003,23620274,0x3f2e8f418d63ee38f687bd044b3a63225a69b08ebee0dd45176a7ef0c35a71ba,596,110447.46629895561,stitched_market_reference
1760984615,23620572,0x548fcd583f4b41fbf5893ba1fcd5a9b8a7a2c73f2566a55cd38626e9c8666eb7,46,110405.2741805588,stitched_market_reference
1760986715,23620747,0xc7ff51675feed1c1251c8cc5710a06ee44e8bf82a92d27fbbbcfc099774f0f49,392,110989.28583068502,stitched_market_reference
1760990327,23621043,0x2b459b5d096b912b7d2151170346e66c30ab57d8f901c231dd1186f732ddb741,230,110901.38603238322,stitched_market_reference
1760993951,23621340,0x9fae41e4650328543cac1769951dabc206bf0cedc1f24d727e1286d2eace2d52,527,111040.5194176121,stitched_market_reference
1760997587,23621639,0xbe11a850dde9770ad2b3e9f9de7275cd02f9db7cc85e678c22b5f649d621f2e2,165,110596.74908334165,stitched_market_reference
1761001211,23621940,0xc0c3e983483734c3f90462c462d40cafec442ea4381866cfa4ab4301de399a79,133,110837.31189619088,stitched_market_reference
1761004823,23622241,0x293cbd3551a33017949763baa1e3440edcba469059325a7328b2585e5b443b1f,208,110575.98769287733,stitched_market_reference
1761008447,23622541,0x1ba49e3eda8588f5bd654dace8d97ef82c9f71605765cde3eac1a74f1a302d8e,148,110511.5574960943,stitched_market_reference
1761008591,23622553,0x0ec58e4d167c158f9f5e3f32a1fe9399bee8e295dc6bc47513c0cef54bb60cda,490,110516.4790679068,stitched_market_reference
1761011783,23622818,0x54a16cfa5a1a6dbf8613f40177ff2fe8abf62eb89db7867a42243c09fc44398c,737,109705.25337683769,stitched_market_reference
1761015419,23623117,0xd4cd1f6a7711ce70928a136852352b1d5b9d68fd035f27fe796d2d509f9a1403,865,109592.7492749275,stitched_market_reference
1761019043,23623417,0x830f81ec443f8c1111f7e4a9520aa8852bfe4f6cb36e8bf4b8cf36eb5d1f78d8,476,109252.04111915191,stitched_market_reference
1761019427,23623448,0x9a39338123e916ca874cfe362a9e3e82f1a30259d689ff8ff6840279dcc8a591,1885,108662.90629062906,stitched_market_reference
1761019943,23623491,0xfa8cc5288acf22d8c7c7bc7ed49d2d2f4ed80792d85d0cd8b440216af61c5c89,605,108100.2100210021,stitched_market_reference
1761023579,23623784,0x6dbb65b70a292117a9b2633c483ec99df4924629901bf197f0b3da8b683f39d2,242,107671.35934493449,stitched_market_reference
1761027203,23624083,0x358b94cefdb112ff613a60bcbfb4d54192b5409abad41480326ea61ac8078fd1,125,107717.4411841184,stitched_market_reference
1761030803,23624380,0x1c25283d7f2ac2ad9667ada25875791813870232e31217d7218e95589d9fb99e,250,107776.7601280128,stitched_market_reference
1761034475,23624683,0x2887c2ca6e9d33417c0fd602a58a7e218b23fb81a17ad301766e132f1b916a20,13,107900.7900790079,stitched_market_reference
1761038099,23624981,0xa4013e987fe1de4dcaefb3e359279c1f479f729cf40c5b696c21ca01c507be1e,762,107855.95410516052,stitched_market_reference
1761041735,23625283,0x0d04493a60152f1700a9baf86edfc965b1715d4444c0940bedd9121b4115410b,63,107800.8500070007,stitched_market_reference
1761043775,23625452,0x648e99662c3fbaf93b71e45f184702a76657f947196c392e1fd368596b714ab7,121,108434.85502886289,stitched_market_reference
1761047399,23625750,0xa5f3a7b06a595d815f48360064ffd4542751bf3054d505b1370f66ed54c39d84,173,108566.28662866287,stitched_market_reference
1761049307,23625906,0x584c581d359c992db3ed78015988fafc95955adea56a64dadc6f83d2f1fc64d9,565,109161.45883264327,stitched_market_reference
1761052199,23626143,0xbdb2ab2dad2534a607220fdda673c8d2d3bcc911cc05b556e85c21a31b024a55,348,108494.9394939494,stitched_market_reference
1761055715,23626434,0x7c166c9d440d4d250817263a29baa0d975075b31ecf55ca84ec7bd9afcc77988,207,109086.17116744675,stitched_market_reference
1761055895,23626449,0x9cd70e0e0a1eda36cf125565cb87e9b59a3c46de558343aafeba6373f4a79a29,489,109737.39373937393,stitched_market_reference
1761056495,23626499,0xcd121b6c50ab4bf24c62f8c9c6555acf610a6ed3d8b3ab81c23e5b6f658bb84d,483,110316.7460521252,stitched_market_reference
1761058235,23626643,0x00d1ddc95f7332b591114c60157402a9423795b860a70407e76d609fb95f1922,942,110896.41005264527,stitched_market_reference
1761058583,23626672,0xd317874d97dbc8f8ffb687651e9b87157d92ffda58d4b947ce1773a982ef79a4,512,111703.9203920392,stitched_market_reference
1761058787,23626689,0x02f05ac58931ebc6d46e61e84d76f7e7bfd0b097d9cf352c7355dade53e6043f,601,112320.52780269027,stitched_market_reference
1761059291,23626730,0x9a318e9b850a2797b15083b0e4d6e0eb575c82619dc4a8ffa5ed786bda4aee83,380,112911.33995254526,stitched_market_reference
1761061607,23626921,0x675f0d097ea09f93ce30f0290339cdb8c4fdc3e4385360e59b6f30c64fd4f9cc,327,113500.5500550055,stitched_market_reference
1761065231,23627219,0xb39aa9b63fa807ea7b7991545e5904c6903bfd6322a2129a350fa4589c115b74,287,113603.9603960396,stitched_market_reference
1761065831,23627266,0x11545436ef2c835d88f21a1807f85d3618f192a42d61b3dfbde63bd8330ed0b1,264,112944.90436131613,stitched_market_reference
1761067091,23627369,0xe042631d3213b2785884bba024296f3fe869fa55afb6a92674c37e5daa270e90,391,112311.51322057206,stitched_market_reference
1761070703,23627668,0x58df1fb0843a29889a44bb209aafb1815db08de2352e772cfa84b6c03a803b79,341,111976.12761276128,stitched_market_reference
1761074327,23627966,0x05d914fae91a59535d74b3b461178c02d5c722f356f9f910ada1ef83df68f82e,127,112162.18621862186,stitched_market_reference
1761077423,23628222,0x00421b3f8637a96be93c03325f8f02db4e6a751193813cf220960e40a47f6fec,98,111515.79157915791,stitched_market_reference
1761077879,23628260,0xd9bd6d7da63ef844c8a8215b55b72bdbf32e75bfd1c11c30ede42c9809ed4378,416,110916.41164116412,stitched_market_reference
1761081503,23628557,0x2f1379694dd663f77c4f1da32d8ba1573d676c4c0dab2d90da34354eee551d63,177,110889.47851485148,stitched_market_reference
1761081779,23628580,0x4f48eee21f9c0ecadb3c291a15fa2925400d3c5d228bebc5ab9d57ec5ec75469,714,110259.01590159016,stitched_market_reference
1761082463,23628636,0xc8399dd471efef82466175163842382affa7c4c45ffb0806cb6f82d683718c79,397,110843.88950223022,stitched_market_reference
1761084575,23628811,0x490018e2a9d92251e409e262b6de94b4b9166dd7e7bf189fb45fd95d439fe2cf,116,110181.68816881688,stitched_market_reference
1761085955,23628925,0xe1f04f28c6e4bf13b87167e999c429cbbdc7d1b207737d0cfd266e4402ce088f,821,109595.63310066007,stitched_market_reference
1761085955,23628925,0x54ed8f437b4ca80f59d2c0added055d2267b55e8878869f6a9258dce4161bc5c,828,108853.97151215121,stitched_market_reference
1761086855,23629000,0xfd990df6ed73b50a9afac006ceb79701b310e18b10d2b268a5e66578e42cce00,404,109449.5083279628,stitched_market_reference
1761089615,23629229,0xcfc61e19c534a19e45fbcdccd461e458106aa01642e0c3c87af210f27fcfa9fa,365,108854.13541354136,stitched_market_reference
1761090059,23629266,0x62c2410c8aab1cbef2f7afdb845b85b82e242ac5ce7f388bf7ccdfe6a777dcac,315,108304.00040004001,stitched_market_reference
1761091427,23629380,0x37e92b98b20842e76319704e65eb8943191e28d539d1ee150b3f4596cf162e35,257,108308.33316664334,stitched_market_reference
1761093707,23629569,0xd8a7cf012ab39778fdbb66103e8c5c71f878218decd010ce466d0a37862bb15d,714,108092.16290280639,stitched_market_reference
1761097319,23629867,0xbec51f1a4007e70382158bb06799b89d14d01d292420641bc6da462203adc90e,123,108220.63547096594,stitched_market_reference
1761100919,23630162,0xb5c5e5ac5ea6018a5221e6a4f6ca6f6ca16343409bcdea0c24ec7503ed1fc731,87,108361.17056387894,stitched_market_reference
1761104531,23630459,0xb7f85fb6d9088081985fa62d4d8d1f35398b915edf662a7775e1938c5d7424be,173,108048.57071189967,stitched_market_reference
1761107951,23630742,0xbbcb77ee215d107c1926fb47b16f7f0af561b7efff375accf777cd3d2bcd3635,236,108605.01172264117,stitched_market_reference
1761110843,23630979,0x16dbd5627b0a12c679f9a277004c61f5ffe5b84127c10ae661d1bbc52df1afc3,330,108042.91600824115,stitched_market_reference
1761114479,23631282,0x3967658ebf31c72e4a5256e0094694d2f6749fa9e8f25d52060a802ffb4f3b13,27,108374.47242613966,stitched_market_reference
1761116819,23631477,0xde4450fb558165ad80237a2e3ee6dd87a644692c83b209867fd4c26eee447e1e,301,107750.69509731363,stitched_market_reference
1761118895,23631649,0x686413d70b5b87153bdce4da5ca48f3a93d362c5e5381c6faec8535ef36ee67a,239,108297.97171604025,stitched_market_reference
1761122519,23631948,0x09f91e335000a3d2ebab78eb951bc649e6a8076bef1da77c3c1ef0f3b6c59262,251,108272.77818894645,stitched_market_reference
1761126155,23632247,0x8923fa8a86aa16a13d7326c47c5be2e69c3c3dfaf27d9a8d8aa9f9e4a002308f,463,108010.76150661093,stitched_market_reference
1761129791,23632548,0xb387060c2eb3e141397a11e52af8aa6c3f0622500607a5434a5a890975ad3599,62,107914.88041449802,stitched_market_reference
1761131075,23632654,0xca9bb3ffeae5ce7332e55b2b2b40fedd6171c75ae884dc997daeaf3571bafdf0,821,107220.57054987698,stitched_market_reference
1761131567,23632694,0x2105d79a646252e805ac0d4d26ca1d25067b50c8d94092d7724f545f25ca0b98,617,107867.68508197147,stitched_market_reference
1761135191,23632992,0x9819fe6b62d3644026c0f6b73eef2f911e98c00f7eacbb274d12c59ed788c143,241,107817.7244814274,stitched_market_reference
1761136955,23633137,0xf98e1aa16cf8ce02ecd66ab5963c907da470d3e9f08b28f7188944e56f2b2478,459,108375.83492188907,stitched_market_reference
1761140051,23633393,0x1d109c5de7cfb477c900665a611685cab945cc8ba018c581da9357e62c7c314d,446,107807.05298741824,stitched_market_reference
1761140351,23633417,0x49b56d043069e139cd2cb12d8a0eb3e21c12e05a184cc0f19c9ea0822d7c169b,528,108427.24417659473,stitched_market_reference
1761141095,23633479,0xacf2f61c0d25853a24a2f1c181994638e971111ac7777a192faf46293459277e,185,107874.31240373652,stitched_market_reference
1761141431,23633506,0xcd5f01afeb8c653a4a6cdb360de9304b30d64e86bb969bb7a7061f6d78d17624,376,108424.5285435461,stitched_market_reference
1761143027,23633635,0xd32e8611a25e181b0ea285af996afc4235fe6b9ac321c960e0e8ba327abf5538,256,107787.11019542736,stitched_market_reference
1761145019,23633797,0x9a63300a817d9b535883288a42b80cbff83baea9781816212603d6ec9eb30adf,614,108333.21665033104,stitched_market_reference
1761145175,23633810,0xef7f8d0be84a74423d7d641fecaa9c41ca9a673c5c963e26a7ea124fe9d9f3f1,328,108894.68841737843,stitched_market_reference
1761146183,23633894,0x6c45d5f75dd7cc2c6606dc9522340a128df9ce55ee93419c5a6274fa5ae7467c,390,108328.46994111176,stitched_market_reference
1761149807,23634192,0xdd33bffe696629e0400692a69ed4482d8e05468efad0e7589f7607874eda72af,223,108489.76856759946,stitched_market_reference
1761153431,23634493,0x86d06495632948eb98bd3c5b3a32f4c7dc322b870ac3ce647848bc06da166738,274,108103.724521433,stitched_market_reference
1761157031,23634793,0x2bcf72a185fd3a9c77d9f3cb5fa562719e059349286dc53157fd7147a2ccc25e,465,107584.20027623867,stitched_market_reference
1761158183,23634887,0x9dac9278525cd5e5756aabc72d14930b3a0aceff491fb737909eb457ee51fade,40,108138.420392855,stitched_market_reference
1761161807,23635186,0x799a057ac6d26fb21ad116281e9a8c2830edb89a10ca0698c8a060b2b8e06ae7,143,108098.72816195268,stitched_market_reference
1761165443,23635487,0xd476af492159c5de7837d0e431b250be55a87cf4b40f681d22f9e55e664ca103,14,107793.33106634929,stitched_market_reference
1761166967,23635613,0x0ad862aefb60914e3ddfc2d6f6302b7a47f4dd27875c8bdcdd2ab13e461565e3,706,107195.62799536934,stitched_market_reference
1761170579,23635910,0x7bd13de5889cc3af39aa4420bb739ee686de1978821206aeb220ac45f3d41c30,513,107400.75610585482,stitched_market_reference
1761174203,23636211,0x964d73531a745a600e77305e26816ced4e9663a3cd5113ec0d60d425ab548167,156,107428.60000400056,stitched_market_reference
1761174251,23636215,0x731de2574838ace3d74363f6213577c08e4fcb21c3d2523bc073e3ae357d3f8e,247,107427.4374763732,stitched_market_reference
1761177839,23636510,0xdf83f4f84bbf571e838369c8a635a82762fe298f021ef92620446fcab6160887,144,107546.77527850047,stitched_market_reference
1761181463,23636810,0xbd0c35839666323b38a39f8c7837477d4a7b13f8b9a1d2a5eb6ba19ca66ecedf,19,107865.7240942385,stitched_market_reference
1761182183,23636870,0xeaf0f87602c295fc7935a4c96fdf1669544f0cf4c644a0da6dc471d6d0b21919,110,108407.83412401214,stitched_market_reference
1761185783,23637169,0xd74498861b414cb92cf114b243196cbdd9d3d88d4efa305cd789db33b3815a65,390,108221.05138091739,stitched_market_reference
1761189395,23637468,0xbf9e6d72a51263de54a9dee2e91307c72a197dbee0be5bf0906367aa08a13670,41,108576.07585747927,stitched_market_reference
1761193019,23637768,0xd44a090725a90cb5b9687dceb87a80b3eacc553537c1046f8e3b9df8eaf09d59,182,108417.00530874578,stitched_market_reference
1761194675,23637906,0x9cce354fcd60d3c157f97c1afc20b6501cbb41a14f21791b0a45dd865aa464b9,214,108969.38070025886,stitched_market_reference
1761198311,23638205,0x5104817eeaa9c7b0076b2dc78ffd5904d11bf214b09e0d98e12e7977329c1e38,63,108707.23280033315,stitched_market_reference
1761200207,23638359,0x656780b641e38df262ca45afe38213cd5976e1e8660e99e071eb89fa951016c0,472,109653.96069994321,stitched_market_reference
1761200735,23638403,0xe223e19962924daec55b9b816ee04813550323f57c975e28db7e43682897be61,234,110217.33787570678,stitched_market_reference
1761204299,23638698,0xa0b5220c7761ad2bfe0a0385d37e34af35bbbaf99fbdfe0616fa5b5ebc44d184,331,109545.59403319721,stitched_market_reference
1761207911,23638998,0xe55fb0e4ca74a633beebe5587b04fc907f2548826302080ba1a7c997624e86c2,131,109789.60262086656,stitched_market_reference
1761210767,23639233,0xb3b4270adab14ef5800c5559d3815a05ff2db9f2da00053c723aaa1479fde814,111,109239.17151617646,stitched_market_reference
1761214403,23639533,0x59dd448fa1db34f6d8f707cc61db47eca4280bb7bcf58f6643f3dd0454fa2048,259,109581.78734699948,stitched_market_reference
1761218027,23639832,0xd2ff5152432d25a1dd017537f78409fcc81728cf91836e7f32645a8e8e575d17,241,109439.46408200011,stitched_market_reference
1761221063,23640082,0x3b7832d42b8703e10dd789a5701b56605f7ec207cd8da001cc516761efb69257,267,108855.60196666206,stitched_market_reference
1761224699,23640383,0x4dcbbbbf654a067eabe52ff9420b169976ab6d97960ee96bf53b9a2fb9779ea1,108,109072.3599674606,stitched_market_reference
1761226787,23640557,0x2d16f52a852a2b6344b550eb5e027a0d85318766ee4aaa5fb55af16feb16568c,939,109645.73724996795,stitched_market_reference
1761228839,23640728,0xe5c91fa7ba621b21f2352b639530815bc8e5424bb1d877eb9af1d72f2997309c,217,109094.07277232072,stitched_market_reference
1761230123,23640834,0x9803f87ffe46482cf5dd61317a7f82ddc08dbede8c791d99f0a8b6974f7cc1d3,306,109661.83601965701,stitched_market_reference
1761233735,23641130,0x4e6835b62ae5a08db50181615c30d6f83c777fc11b76f3531a050b3cd2190b5f,129,110121.82375789304,stitched_market_reference
1761237359,23641426,0xfb13620ed9af97eb935f718920b33efecc6d3c3d5b367d9c405d664f514cad06,382,109764.29393449046,stitched_market_reference
1761238547,23641525,0x44814bf4dedf8660d4f401a20cfddcfdc9de30b803408bdc7aed9b31998e2541,159,110467.58020201049,stitched_market_reference
1761239327,23641590,0x4ff9280e45fac971a752f669165cfb7d020911cbc434ba086cf426f48ee11e89,307,109808.48061452579,stitched_market_reference
1761240923,23641721,0x1bd90866f509cdd443911c5d6721326c6cb383febd59283811e30cc8b6154874,810,110402.9819585794,stitched_market_reference
1761241151,23641740,0x5e40c41a16ba30f240ad02cfb3127bf9b73e4fa161da39e23b84e7c6ff619ca5,304,110960.75418420552,stitched_market_reference
1761244787,23642042,0x29896561a0d25aa545f9432e4ad04c0aa877c3f34dc8ed386b7b2f7740a1eba4,210,110462.61956119492,stitched_market_reference
1761248411,23642341,0xa201c32a9c3bb72c6e5abbb51473468dcdc13932a05714a03f6f274f0e8dcdf4,325,110469.83385925794,stitched_market_reference
1761249767,23642452,0xf1aa8604313bd84bb0bd685c7ec086e7e174e350c0a08b3c6778b6f07e091443,235,109910.83828208929,stitched_market_reference
1761253391,23642747,0xdccc186d57014603e11e513e37b9ccdc6d26f376c58d44549f72aa0b0a2bd5ae,68,109682.14873997423,stitched_market_reference
1761256991,23643041,0x841c76537b930a797b4984261ff3c06e29af8ccc2b5cb674f71e635cbc48749b,399,109687.56563207835,stitched_market_reference
1761257087,23643049,0xa3bf5639a3607fd42d045c8268eeef93451bde7a91a6945f2997666217b04876,375,109687.03358123515,stitched_market_reference
1761260615,23643338,0xfeb22ab6be9abb2fce5a447ac5677b2245588a060c94093689b884e282751024,193,109951.68185976562,stitched_market_reference
1761264251,23643640,0x1a7e51ce490d08caebc6ee98066a9f48e6fc30ec26f8f22008dcc56cc2583ec8,339,110067.8047301621,stitched_market_reference
1761267071,23643872,0xd344737417a9842e85069bd638e2d8b836e5633714397eaf93676d5d2740d991,141,110692.62777315103,stitched_market_reference
1761270695,23644172,0x6f8dc5e9f0ac22233340159bd4af035439453f6ee19aa15cdab686f6e9d7e166,90,110620.53875018281,stitched_market_reference
1761274319,23644467,0x0e7c9e3a59119a9a5ba4760d5964a12af4e3057cbf0f918f09f0e3c6c16492a5,61,110700.64059868564,stitched_market_reference
1761277943,23644767,0xefa30d941457cbf339e9dce40bbd64707b62f90f6c2f1ddbb376f0870c74bcea,347,110392.22506534237,stitched_market_reference
1761280007,23644937,0x739bda5f55bade7da4623edc4861797a783cbc600da45d8565dbaa9fb09eb98c,833,110995.66009041904,stitched_market_reference
1761283619,23645235,0xf4181d5d85869747fb4d51b043be9d0b3811af71a1bb70e6152524c305af7ee0,13,111102.53337797489,stitched_market_reference
1761287243,23645534,0xf7f6c50183c02be9d87091e052d2dc42ac5796f9842fcf5efebadf0be915b4a9,1120,111303.88841244632,stitched_market_reference
1761290855,23645833,0x098a9932070cf5b926f8c11a98f8429536fb34e17f31c13a72975c9b53552310,23,111193.23617178324,stitched_market_reference
1761294467,23646131,0x36c3c6c4b2a929f1b76411bc313df8b18cf95a11dc290424c84d80b07a9c8629,48,110940.49702614525,stitched_market_reference
1761298079,23646429,0xec74c82919ec62688b11231b971730139c948b5f40ef1e42b83f9314befef128,148,111462.13263017991,stitched_market_reference
1761301703,23646730,0xda637b0b92d7050a923a89d852e995e52dcf871f1e76f8fe1a1588d3748d753c,212,111138.81788922817,stitched_market_reference
1761305327,23647029,0xe38e6b066242b03d2d7abc2709bec1c178873d3165c46dc56e2950662af0ab78,105,111157.86025676572,stitched_market_reference
1761308951,23647329,0x45a1e52a4ed64477f8ce16affa720d44b14f2d9717eade243591deea63fc6056,201,110975.25755377166,stitched_market_reference
1761309059,23647338,0xe40092561a3a5ac00df88ba6305cd1cfe7684e430b9077736ce74bbb30c7b1a6,1300,111791.45344140637,stitched_market_reference
1761311747,23647562,0xb31dea4d1060f250f9b169c6218f8b9340e28afa679edcba803b9a0ea12b88ca,116,111226.0187309088,stitched_market_reference
1761313751,23647726,0xa0fcc7b2db0b5c4bbb9f58cd8709748cb3109a06a1de5b5f1514f692b58a6f56,599,110555.68538836433,stitched_market_reference
1761313943,23647742,0x6c9f8e503e8574d61f90a1a7506ba1b0e259db9596779f0da9fed650c69c1071,159,110467.55443104242,stitched_market_reference
1761316007,23647914,0xee2776f3b57a6ad6a3e1478c80b049e5bf37615410b1256f3d017ed6a2f9d508,275,109877.99024162674,stitched_market_reference
1761318779,23648142,0x9fd2ba3a3e898e2b7ee931f6a8ca580efad4b45de0cd03e107aa145e81a93daa,235,110491.80744641981,stitched_market_reference
1761321755,23648388,0x45e84340176241aee3dd628de288575eb1d848b78d4ceab54a77629d1687609b,294,109918.38615295039,stitched_market_reference
1761325367,23648686,0xfc81f3692b19b6ea7be684e28925f3aa65934aa647e171cc6c52337179437cdf,164,110403.49687780681,stitched_market_reference
1761329003,23648986,0x508d841525cde7fdf6a08a2e1e3716574673e77093e496ce205dc8e75a995ab2,28,110301.87383197353,stitched_market_reference
1761332639,23649288,0xc544372066f1fdf49c8ce892ce9dd3553629998bc2c2626b56f1b3d2b9da5417,274,110696.03586313887,stitched_market_reference
1761336275,23649590,0x7be399af9fd67e7ab721bc2ae6c7a49eb6f55783601fd11a02e7a6a126946886,144,110602.65122762712,stitched_market_reference
1761339899,23649889,0xa614be5271a715cce00819c7cfb08fddd98189556d0ddcd49d18f9cbc8b1f086,194,110598.67802912455,stitched_market_reference
1761339899,23649889,0x9818edf13c8b2c1b0164addb954db1d3629daff0aff2546729f7ed945436daef,429,110875.49357438691,stitched_market_reference
1761343511,23650188,0xeb67427a23dc96e7233b577037a13d36a5ed538cc2895049acfd0499cc4cba13,178,110971.86340179335,stitched_market_reference
1761347147,23650489,0x79f9d3e0e9d9782275f366e526633580b0cd49020fd2eb348f420f025e02a827,308,110965.51311812477,stitched_market_reference
1761350771,23650788,0x6bd1660431e37fcae8d81db6a1814af9921a5228da94bc22717f2d2096ecc97a,207,111011.00448290634,stitched_market_reference
1761354383,23651086,0x8ec19b56c62f926e27dc8c4e26b3ecc625d78f3dd056fc9aff38d8b37e150535,45,110861.85094302187,stitched_market_reference
1761358019,23651386,0xf8d113efeaedb4f1cd9ddefc36bbfd56cd37b7384ec6a79311badc92b0a136de,136,111071.71985075201,stitched_market_reference
1761361655,23651687,0x6f94d796f2109548c71f7ca03270fd8015c727a116d8a7641671401c9c21e5de,167,111120.58417084655,stitched_market_reference
1761365291,23651990,0x4e1ef5997bab9e0adc1d1ef9dd6ea56e162c1c7902ce0c348c059fe0effc90a0,295,111161.87228612881,stitched_market_reference
1761368915,23652291,0xa10aa0be5313da082bc550e3c12bfd8f34329da24c5bc8040d49562d0f9d6b91,145,111249.49556790316,stitched_market_reference
1761372551,23652590,0x376143af78675c1af08ded7d9d7d3aa27c9bc3cf5263405a46d3407d60a07984,21,111369.51617892538,stitched_market_reference
1761376175,23652890,0xfb03a0a04d908f6d15792af18d785d7c0a74cfedde2d989fcceb581a4d854342,53,111470.97514891291,stitched_market_reference
1761379787,23653190,0xfdef966772ff84e58912b44657fa4b55414139996bd5663cf3214ad1e231a3c8,238,111579.0585770988,stitched_market_reference
1761383411,23653487,0xe3cfdbee7ba9a7d7a7d0d6fdc5296ca3306a533b4e21eb8baad4a6c18db13847,134,111856.59924193898,stitched_market_reference
1761387035,23653786,0x4d91105bf28a5ba53eaa00e9d33a583cf15ddf586c4e1a92d51abbfc9369b560,335,111504.11807907937,stitched_market_reference
1761390647,23654087,0x805e21f63d80f29f1a35bbca42b4e081f712988a5cb4758e02ec0df0d5b8cf30,86,111590.51891960768,stitched_market_reference
1761394283,23654389,0x517773eef9f09a982817d660f33c58521adb8b52473a3d2a5208e5aaaca4c7bf,212,111659.0825438677,stitched_market_reference
1761397895,23654686,0x70d0f5d0bd33864d78ae392ba15b077d16d6955a7d943d9dd992ad094f26270b,248,111808.88502352493,stitched_market_reference
1761401507,23654987,0xc4ce559ef6e9b1d96396e4909ce041ea3d011d028319f482fdbd4e3ae8bacfd7,105,111737.49173902464,stitched_market_reference
1761405119,23655287,0x004ac4eba0fa8b43905503074386b0835be9289e314fb8c200d319a06e952601,163,111461.048150667,stitched_market_reference
1761408743,23655586,0x66e5c334e9f6d6cb58434033eb0fb81fdb191c388086628cd2ece74e5fd24664,223,111263.51882269912,stitched_market_reference
1761412355,23655887,0x6b3e302a14517ad2f7fb734c4b3c2c6b1e98c84980fee42bd7b0024421d7f698,280,111470.39163532449,stitched_market_reference
1761415979,23656187,0xeb97e6ba07fa5ca57e6e0e7d0b81d8988e4b95fd42f5a9636e50770f6d14aa9c,31,111446.97714903974,stitched_market_reference
1761419591,23656487,0xca337f6947fe464c153dd3d916974ca26931ddd7119110acf6c687cc57ecafd6,283,111643.10036650341,stitched_market_reference
1761422699,23656744,0x00325dde0f580d25ecc01d13735ad4264de26457a9fb4e4eee5ab58842c7b33f,278,111648.39185161344,stitched_market_reference
1761423191,23656785,0xb92d3411e461c475bb935da9b03a33f26f435adcce59edecc334d24d6372470a,233,111657.9431486796,stitched_market_reference
1761426803,23657081,0x2c2f2808f588eb6e13afc72bc7c50d0de7f50afd9fcaf28071d13d254d556648,77,111476.81384639035,stitched_market_reference
1761430415,23657382,0x6967fd59b63e30ffa1ded9df28436eb0e51ed404ae6d0f64e36ae4de92ab76db,49,111454.89848021361,stitched_market_reference
1761434027,23657680,0x8099fcc5c30c2528820eb54a2d72bbd6d2c93bfb539db72cc227cd79ca69e725,102,111656.11690402556,stitched_market_reference
1761437663,23657982,0x2191293c0f371bca27e1d441f711d34b5339e484cb1728af32598a0c9393bd99,264,111623.77850912153,stitched_market_reference
1761441287,23658283,0xe9af9027ba7809008592170cfbef659ca59acd5242775a62e83f38119a1405db,112,111838.317643536,stitched_market_reference
1761444923,23658585,0xec1b0793cde235808b2a57b2d190201068b791a09faf76376f0b04cb8b3c7834,221,111594.12828312085,stitched_market_reference
1761448535,23658886,0x20868cd88b33c96b7d06ab638d4056bcdcc3b7d1a3995f6ae028cc0f0cbd7d7b,197,111489.14022524259,stitched_market_reference
1761452171,23659189,0x9ad27136a81e51dec5d63105b4c3e9719ef6bff4deb8f43308ab250f141d57d2,106,111381.76272434797,stitched_market_reference
1761455795,23659489,0xf1fc4ba0eca02641d9a4753f5aec4eac80dec2e6a92045f7e8260e5176a5e8c8,55,111510.60618210954,stitched_market_reference
1761459407,23659789,0xcc0e73044f8d62759e1793fd88ba5293eefeab1504dfda53693006ef0cb03516,82,111577.01215825109,stitched_market_reference
1761463019,23660088,0xe4bdda3b3584799ab6dda635f4d12909718e6140aed582bc67313548bc478e7e,111,111726.76249434674,stitched_market_reference
1761466691,23660390,0x1928f77879fd25eaf11358378334822e325258df64a3ccfd85d36e07c2b55781,377,111820.27519337126,stitched_market_reference
1761470315,23660690,0xf106b007a4996ee50db89ee2a97d964a56bb08554e2da4a446af0e96dec8f50d,205,111789.45100744681,stitched_market_reference
1761470771,23660728,0x04284d8ab27c3f6bb0a52a284fe369ce75d9294af138cbcb1dd2f684573a8cdd,345,112366.78941000187,stitched_market_reference
1761474455,23661032,0xdb778ffea3e584b97a905492bab36b2532faf1b0fb89c7e16de552d943f39db7,96,112382.34153736077,stitched_market_reference
1761478067,23661330,0x41d12302250e32c8d8ada58b615f98255961ad34de8a221ae82451c2668cd95c,91,112729.80930099307,stitched_market_reference
1761479063,23661413,0xcef300d97f815eeb6abe216b639a710ecc2fd9aa0768525aaf007db4cc60876d,478,113311.25384581226,stitched_market_reference
1761482699,23661716,0x844bb75e06cae491e66997107a847b54bf09a5736a144fee187f20053f72a1a6,390,113531.09752304363,stitched_market_reference
1761486323,23662018,0xb411d080f6b95c8236a0103e5b70b5ca6c770aea9f9f9970b85dc78eb223db89,305,113862.16732232238,stitched_market_reference
1761489947,23662320,0x4e339c07a63dcac496b3ec67194a20096f819040076e955c4ab48e282c6f1f35,142,113859.10508808096,stitched_market_reference
1761493583,23662618,0x6dd897cb6e1ee6591bcd85200ce576cc4fb0f29b5942d6cb29db3698cc302596,126,113511.04479988382,stitched_market_reference
1761497243,23662923,0xdec48fb6c6b8e96f08e33795c60f59c670da265a1d0e86a49079813be4377907,84,113681.26791618302,stitched_market_reference
1761500855,23663220,0x44987cb652f0ad74f92f4d741ec95c418a18bb6503288494c0876610ea7cd5c5,168,113606.48991399031,stitched_market_reference
1761504491,23663521,0x9b3f276f6b3cd1ac54096d46d7fae58ff87d84a8192e61d57d611ad5d96bfcf1,240,113700.66206957905,stitched_market_reference
1761505511,23663606,0x91ceef76b870cbc56b71e79591582e4a5f046f3e3ce147c456b161ca8ba22642,73,113699.910411096,stitched_market_reference
1761508115,23663822,0x15bf98c37ec9a53a2a2b4ff0598ca5c669c7c54cb9ad8eec808aad209447938d,455,113616.19973617392,stitched_market_reference
1761511727,23664122,0x67818961af390730a7c7be72c6ebeedb7b9cf7275e6c379619870c7efdc057b2,781,113464.79851732045,stitched_market_reference
1761515423,23664426,0xb55e89e01f2b809938d36e61987a3148db23fff94e9508139f5126953d13a49b,98,113582.9737843832,stitched_market_reference
1761516263,23664495,0xa5e229c691361f738684212ef3d3c7b076ec3867ac763b351847b0916119fbfd,5,114694.09733043412,stitched_market_reference
1761516299,23664498,0x428170de8d35da17b002dc96c2aceb600b28b75d34ab9cfd29da641507574eb4,350,115287.48399005667,stitched_market_reference
1761516347,23664502,0xb51a87b1ff9fdea511a423e7845935dc3bb3ee2d4a324c651795a5b38ac2ed0d,341,114701.03822712856,stitched_market_reference
1761519959,23664802,0x6366c0beef4745a8e1e98045a6e3d17f7a075609311214b9f44e220edfcb5d95,405,114744.14070594781,stitched_market_reference
1761523595,23665103,0x91c8b3e080475b50deefbe47494123aa876567b560aae6b357d5a35b4e895fbd,475,114740.90337730732,stitched_market_reference
1761527279,23665408,0xc3cab9647a4fbb15317ef33fe11fd0def233f7eed849d36e8ce73d69daa9aafd,232,114841.95575164356,stitched_market_reference
1761530843,23665703,0x048694546fa01c66bcf47eac3508853dcc4160daa71cf2dae710e45c690aff49,169,115455.01924876675,stitched_market_reference
1761532331,23665826,0x99eec5ab87e71661e31fb42e5369bfe19700e04579196ed54d93c2d96ebcddf5,412,114863.0291547365,stitched_market_reference
1761535955,23666125,0x227b3fb6d024d5f07b55256a97946e14b931f33a0da2543817a049a73299f61a,231,114999.43677723725,stitched_market_reference
1761539567,23666423,0x83b7b3bc6e96a134c4900d5ec894f99ae4c73e1abc4b30711ab51b8024491e3b,164,115212.83011352236,stitched_market_reference
1761543191,23666721,0x0c899e2a16a7d15f63c8b147f00ad291d28c84008a1ebbe47edae63a21b1b492,348,115487.92988566193,stitched_market_reference
1761546803,23667021,0x23ed5ef647f3ad5d9b31e89baec275ee6586cfda6a9178b5ca756428781c4d40,167,115625.69768388379,stitched_market_reference
1761548843,23667190,0x266b26f6802dabb90c3e7daab1c2826f7ddb0302ce6d75f8fec5380e606d4406,295,116319.86373891644,stitched_market_reference
1761550823,23667353,0xad9e93132cc4e1936fe8c2a925ebc2ff14698ed88907c685406ae729f8e25167,495,115702.34758628467,stitched_market_reference
1761554459,23667655,0x11fad570f1172154e88356cde9eebf9cb73bc175b49fd6a9128a5257e51a172f,197,115309.88688428658,stitched_market_reference
1761558095,23667955,0xaa243251c41bcedcb7a6bab48c18c3c1a5cc96fb1ea9cc26b141467ec7941201,105,115302.88657574671,stitched_market_reference
1761561719,23668254,0xcf10079abae7e95d71fa31f55a1cea4647dc1a736b0df4b876906185158b4094,172,115492.4104645079,stitched_market_reference
1761565331,23668552,0x2e388350e54308bc12d8b9cefdbad5a05b2ff410f985d07b7b3dfbb2bfe4dfb1,375,115519.93189969212,stitched_market_reference
1761568955,23668851,0x4fa679e5c964e64305100a0bf1d2457cf96551a0b084c7e796ffdbfa97303f98,246,115080.94730758267,stitched_market_reference
1761572567,23669150,0x72cab855738cc344bc9da7163a226db846ea385efea6fcc6b6a1a03e59777710,107,114660.00292577798,stitched_market_reference
1761573179,23669200,0xc458397bd691aac4f73c3874aaa5e78d79873af1b1074ab854e78178268def2f,255,115337.79146279908,stitched_market_reference
1761574067,23669274,0xa6f34f42a4db99e72d3a9721e39012d79b5f3f5cc08705aa6edee8bcf6b5e35f,144,114749.75414523802,stitched_market_reference
1761577679,23669571,0x7086e0fb975d531083365bf08b88eb412699afff825da216295ab3445290cdfb,150,114852.7478264917,stitched_market_reference
1761581303,23669870,0x32a9b09a56655d1afda99215d1557fe89ae57aad7afd273755ceb639bf7bec2f,219,115237.93127861188,stitched_market_reference
1761584939,23670172,0xcc6c4535ae06bfe2f91db1dac5f7a38fc433b942028d9542209aa24e5c42e6d8,183,115602.54469274885,stitched_market_reference
1761588335,23670454,0x7edbb886182f7c6522e16ba623141704aebbc37b6dc6c18dddca2e412043e7f2,322,115602.40710810984,stitched_market_reference
1761588575,23670474,0x74d416f0a2ef16ced141c21c8725e2a318119f6f6473abd073ed8a4335732e10,407,115758.03702873968,stitched_market_reference
1761591755,23670736,0x42bd1fd2dcb1a593a16cf1685b797342309c60e3c52c04c4d5be369d4ec997ba,230,115148.72903731678,stitched_market_reference
1761595367,23671035,0xe90566a4816bbb748b1b090f4e041672af9d0dd4ae5cd7a1357cc22ae59c92c7,937,114805.7014265426,stitched_market_reference
1761598991,23671331,0xd09162002c68bdb2629fde0fa043f8ac5961081f638d2dcb789e09ad8c50d976,201,114469.00929623992,stitched_market_reference
1761602615,23671632,0x707284ab5589630ea24b5678b8f8617b350053f3bbb14bd8647e6033280df323,525,114299.51502761354,stitched_market_reference
1761606251,23671933,0xe6be61c4374cffec694e581bb8dab1d37fd87e8c419b4d11bc5d13bf2bff0dce,408,114082.40254752609,stitched_market_reference
1761609875,23672234,0x819f4299daf9514c97fa7add15e382b7b036337f3508f1719930cd58036cd005,440,114026.171429703,stitched_market_reference
1761613499,23672534,0xdea238d6dd54587cd8e44ac9b3618c2e9e9c77f23f30450684ced8eb207ccc82,182,114116.31688856173,stitched_market_reference
1761617111,23672832,0x90c569e47c39f9c54d56459d8bc1d8c53c1c0ccb2f6a43a5a3839491b2c5228e,282,114463.57018354349,stitched_market_reference
1761619835,23673057,0x8ff42bb69596338697aaab670c857f8507658ffbc6378072391727d11836f4f9,1296,113827.48519910549,stitched_market_reference
1761623459,23673358,0x6db88a35d26742e994ff57205a98d711067831d6204263fe6556d23ef8696641,263,113801.69024713163,stitched_market_reference
1761627083,23673658,0xec3c04b997bd684cbfb07605a1d4e125e4854a504c303f52013d267f65c70011,451,114030.8159444409,stitched_market_reference
1761630707,23673957,0xe302589187a482be77be96b0ba25495cb4ed521158bd78c396ef7391a59ba4ee,184,113637.54560583754,stitched_market_reference
1761634331,23674255,0xa00f92227eb4661aecf36e9fd912c8fa484df3b28df9ca04db34e982210de631,339,114140.66000448057,stitched_market_reference
1761637943,23674555,0x3733ab99628d94f95ec0e387374aed828af5745066579ef1cbc2a019361eb2d8,216,114226.54109520018,stitched_market_reference
1761641567,23674854,0x0e7bce8108995863f2e4fe9152f89a93cdcf23831101bf7aa4960d7c8a0f8262,242,114441.31848876656,stitched_market_reference
1761645179,23675152,0x766fa1bd32d35a1672afa8fb412abbd59b33486c261e05d4fbf0c197baf0c12d,219,114503.06951734822,stitched_market_reference
1761648803,23675453,0xcf5f7556062aa0cb67b996d29bcbd17805141e9aaeded0d65e0cb1aff19d1936,40,114572.18179026915,stitched_market_reference
1761652415,23675750,0x148e4d18329bb61684194d39ab219e6bb2a5b9e290605ad7883353577d8c485a,393,114439.42636597484,stitched_market_reference
1761656039,23676048,0x8e235dd6a770d2c327217fb5fa1a5eee589c1cd5719c7e8eaa336d04bbcd8317,146,114446.63916981373,stitched_market_reference
1761657719,23676186,0xc51a93bf8e415077ce24345b5da5688cd547fffd3f1cdb9637595497c7af112d,437,115055.0321592764,stitched_market_reference
1761660815,23676441,0xac3e6c406c76aa866d25ad9c70e011f8259b97229ed829fb1a74b9add5a1f852,156,115685.87779235742,stitched_market_reference
1761662495,23676581,0x2195f1ff7b10a33196f791066d17263f1ef920df8f90b073ee69e842f9d5555d,185,115098.15852382105,stitched_market_reference
1761662735,23676601,0xbdb8fd58c5c60c227c24c1dbb20cd265d15d019488cc22a62117ab7508e7124b,1146,114467.0717851885,stitched_market_reference
1761663371,23676654,0xf2f7c8f2297a52ffb3714973084a7bb7eaae7d7a79b7378c6290089c5a3f93b0,214,115099.55274274107,stitched_market_reference
1761666995,23676952,0x44dd3cecd1fa319f645bfe7679d9818427564bf3b09c7c15d62fdfed9bd27271,187,114645.57374472932,stitched_market_reference
1761669119,23677128,0x3a5fb4ffb03d65ed5e3ac7c55ea76780eca3d47aab1c6ae54605130d3d65c7d8,89,115298.69399882185,stitched_market_reference
1761671159,23677293,0x711fe391383f6cc2b771ca0fe52dd831361f21fc3c96b029546723dda0f314cf,245,115299.58883817068,stitched_market_reference
1761672743,23677424,0x2a4696d96f23df8a526001cd699c6ac3d61882ce9e2f63acc9ce7ab90e44f590,854,115271.43925059267,stitched_market_reference
1761676367,23677721,0x48613aed90729d9dae272efd5422523438e345ebaa0e73c529d16e1044ac74fa,207,115012.62219693945,stitched_market_reference
1761679079,23677945,0xc41780e6bf0d58acd5377ec5e0eb5264dbb1066b0eda81c74a6408abc61c3e2e,246,114383.28129826905,stitched_market_reference
1761679739,23677997,0x185f05de3650296a3ef1007695832c656e40378a05fcef22abf401c4828f77ac,643,113801.57463083188,stitched_market_reference
1761681935,23678180,0x09ce982ec6f08fbaf2828c536ff5478b1879b48f75bfca14f266c7d2d1220830,265,113190.53674726881,stitched_market_reference
1761682811,23678252,0xcc3f614ec66a47598b7bbebf4b37ba87f291b378b725131f0f3dda73bbf24dfa,506,112606.66748117724,stitched_market_reference
1761686435,23678549,0x8318ef14c55322d085cee20654804def87d1b10c8c9f144c9de66034514ab535,156,112637.66711449747,stitched_market_reference
1761688019,23678680,0x9641a61a4f7050a1c9c371f8c75a03ccfb6e4e63b64ab81f99fd09df79e990fa,192,113218.96588499854,stitched_market_reference
1761691655,23678981,0xbed432dd1ed968f24606058cb3628cf54349a3ca40d866860feb94b3a6277cf3,233,113251.27499309306,stitched_market_reference
1761695291,23679280,0x9be395af56c2cb81c38af94b710ca8925d8a5f5cb3e267f35a5db924eed39dbc,12,113066.84995554996,stitched_market_reference
1761698915,23679582,0x33d95cca4d304fad60b5496046cafa90e87f3bb17f60a1992e774c6de784d05f,184,112497.73269219029,stitched_market_reference
1761702551,23679881,0xaa2761e8ccff2298236067044e7e70361abe4e63ef01ea00562718b6b83561fe,314,112559.54654481892,stitched_market_reference
1761706175,23680182,0x0a533db04686ceb1698389fcb968c6ab477c434c113e0653366ddf810b5aa97a,140,112702.79053084247,stitched_market_reference
1761709787,23680480,0x37b581ba7f0724100f7d20a545e3462172d85450b810a87a2c19e29022821b5a,145,112555.37037919268,stitched_market_reference
1761713411,23680780,0xaaba65a457ee875626af701f9410f9b0636e2e31adb0285af3aeb49511fe8def,67,112831.0779471421,stitched_market_reference
1761717023,23681077,0x90568fa4cf1e750408720ad2a41be8e560ce70742155df716e429a1b1d713c21,95,113109.05568539986,stitched_market_reference
1761720647,23681378,0xeb9e44bdfcb3f2913c5f61d92fd05891a8860a74a2a5c7a339db097fcf3824c3,273,113182.10560265662,stitched_market_reference
1761724283,23681678,0x4a04bcfd261e2e47a70876b6976eb4b272423e4e52e61be4ba6fa42d372ce454,224,113381.4126605828,stitched_market_reference
1761727907,23681977,0xf7e9069fb1e26ffb00e0c8b5fd74ffe167bc092df5a9118d3bd88d33b5bb9b0e,136,113116.47119198903,stitched_market_reference
1761731519,23682277,0xe316499b7c2641e96b6b5748fbcd1c158e1bbfb0a208fa1d4e3065db00ffbd01,384,113049.0295809459,stitched_market_reference
1761735143,23682577,0xb132ebf97afcf6365554ce480c1c5607b4d48b57dcd174fd158ed667493f39e2,378,112798.36262049936,stitched_market_reference
1761738839,23682881,0x57ec00d361e49780f4517d95461f8f3b21cea257c3890e7d8b0626798a3eadde,44,113144.6426811304,stitched_market_reference
1761742463,23683180,0x307dd42cfac8503112e8be80729a538c5520b16fbafbd43890e5fff11f5f8f9d,53,113240.26605344942,stitched_market_reference
1761746075,23683478,0xc1956de7703817b3c5801fc96da516f275781112ac8eb56aee57c9d498442cee,136,112806.33458798367,stitched_market_reference
1761749699,23683776,0x8ac4065df03d20764e68eacaa3c96b62e52c1f7130c8207281c71b625d9e86c3,241,112480.95091689647,stitched_market_reference
1761751955,23683964,0xfaccb33e7396718b810e35e420b88745323ed39ddcd29971b8fcd072ef3f6f94,356,111914.78355101489,stitched_market_reference
1761753935,23684129,0xb74f21dc02373a90345850e9339da23b44f35fb04ef9b3820046d134d367d821,321,111347.15648996508,stitched_market_reference
1761753983,23684133,0xf87d7425acd74ec76c02b9d51e3b1f8033b556978652528fb2e79d72493c17d5,295,111354.31086217244,stitched_market_reference
1761757559,23684430,0x6daccf9f55e49a49a5c0919eef6212057c947e09bfc6700c3dd04ad76ec7e55f,23,111283.87851826365,stitched_market_reference
1761760187,23684646,0xe9975712274cf451bb72a8e7665c01eb962ddbc73c922977d5cb09cfbf006853,112,111882.72218460692,stitched_market_reference
1761761723,23684774,0xbf767ade88e343acd51a0322b233d48e7ccbe0de4cc0d1496fd203d9bfbf76cf,51,111252.35047009402,stitched_market_reference
1761763043,23684882,0xb42cd0e68d59f39e42c3aa35e45fd5a28ecb56f45bc6b049909ed26844952346,90,110417.74354870974,stitched_market_reference
1761763187,23684894,0xe7c8fdd1d0fcd5109813fe0f3ad725cdbc31ed85207ea581de078fac154b6d0c,591,109702.49530912182,stitched_market_reference
1761763667,23684934,0xbbcc74bd9f1da8bdd053c9916a23919d35d71ee5558549a57d8a78a02fd007b0,149,110272.51450290058,stitched_market_reference
1761763943,23684957,0xecbc3731317e6c6fddcc7fe222d5cd13fc985a8d4ad8125561e4605acf150dc1,228,110869.62392478496,stitched_market_reference
1761765179,23685059,0xd6ef0df99b5b8d603323f19aaff19f2a66ea5a0cf7b76829c18f2bd13db33ee0,458,111463.1326265253,stitched_market_reference
1761766319,23685154,0x7e3c3e063ba0b89eeb87b0f8592ac25d6de896f62c8b79dd450b3ab7a41be951,306,110887.2174434887,stitched_market_reference
1761766859,23685199,0xa42d89e57496e831dae9135e5ce16291a891de23ef2945b454bf0e697707038c,222,110319.13956491298,stitched_market_reference
1761768119,23685303,0xf76acaac0c0c932b2dec17b6b83a98041f0cd08c9cd515812a841a4173927ad2,70,110881.43080616124,stitched_market_reference
1761771083,23685549,0x510a9a3222a7b1d30b19e3539dedda2b22b39bfdd81af9c078956df5f8370897,593,111533.47669533906,stitched_market_reference
1761774719,23685849,0xa680159a2e44b7502abb91b2aa411f9f5cfacfa0cb98e74830c4f1b4feb389b2,207,111667.49349869974,stitched_market_reference
1761778367,23686152,0x9d916f06d612110a80b613f0ec723a206374958e3c0a9570b0daac5aa6c8b18e,544,111163.76558611722,stitched_market_reference
1761780275,23686310,0x95c91d06cddcb621fe88d10feb5ca0a2b1b60f98d322646e60abf5d41b31badd,2,110553.21847669534,stitched_market_reference
1761781259,23686392,0x088c40892a407f2df530b6e09fabc0f9df4050645ab21d56fca9dd98f5efdc28,107,109980.60612122425,stitched_market_reference
1761784895,23686695,0x52a722d9ea4a3e42bdffd53bf860e1654ec078fe014795a163f3ad2d16294c7e,226,110484.96699339867,stitched_market_reference
1761788519,23686995,0x7aaa78c2e07f0359e61158d7bf2d044bf21822513d13026d08759788c1351f62,96,110579.60409581916,stitched_market_reference
1761792131,23687292,0xe63a00aa298dfae8a37e80aefe56858e9a55af1512eec1772424e98fb313de47,310,110996.14922984596,stitched_market_reference
1761795755,23687593,0x9dd9159e0e55ac4f7b75f6a625aa275b5f8cdea87ae60329ea6b1ad98058642d,471,110776.75535107021,stitched_market_reference
1761797507,23687738,0xa7b5087ec8723ebcde2b7cae35cb4ac46cd8dddff28eba3655374b0d64e5fee4,109,110222.04440760153,stitched_market_reference
1761798275,23687801,0xe2c47b5f15b0cad632198ceb1e46906eb0352c9a9496d912b29016a30a1156e4,210,109640.06826662332,stitched_market_reference
1761798467,23687816,0xab72910d820bb6b661eb3f2d4de55055988c1563484ade29a9872c3b39714a42,989,109012.34835956192,stitched_market_reference
1761798515,23687820,0x3d83bb74b429cc35221088a4778b30dec4fd8f6f5d185b81f098faae13ea6ce2,137,108390.86677735548,stitched_market_reference
1761799031,23687863,0xcf453f5c97bbbb75297e50854628ad50dd40fc733e6d2c9e06509b396d155f75,143,109196.78005815163,stitched_market_reference
1761800375,23687974,0xeee37ba458a1ff2b909fac01f2003619d29c864d430b2dab9788188e89e72ce5,472,108640.06801360272,stitched_market_reference
1761802355,23688136,0x3a73c2bd5ca9dae23b27b81a84534f819726e842c7d8bed77d668bb68ad7775f,149,109247.41948389678,stitched_market_reference
1761803015,23688190,0x8779e63e34973b97a01bceb01debda14f173fab071dc79f58cb378501050c041,108,109843.01099885977,stitched_market_reference
1761803711,23688247,0xf96ed78364b0406a4fa4ef0be13270af4dd7618b54fac47ed3346f786fca15b5,196,110446.67933586717,stitched_market_reference
1761807347,23688544,0xd377c04459042d7cd64f62cca8fe4dc1c1b3a7d72624da2fdb19e63eedfcf704,88,110872.8538574515,stitched_market_reference
1761808631,23688651,0xee0e7436444567efb8730f9f7f841c458435c8b1776a078348f143f70d363ba7,87,111501.45029005801,stitched_market_reference
1761811991,23688931,0xac601de8926e56720c5cb58316cefb205d7a6c583fe102345cf24ef796b3ddad,285,110912.4824964993,stitched_market_reference
1761815627,23689233,0x878c3bee9418cb76c32233770f8e9f385dce9b60b52b19ebbf63eba48f12815a,188,110441.53701636328,stitched_market_reference
1761819263,23689536,0x24ab1fa39768589c08baf3bd7d76445a8f5c57087cf514231db36edc0a95857d,8,110018.22210770154,stitched_market_reference
1761822887,23689837,0x89040d014622f782a94cd841abc3e52951e884c977de29ed9e03ffc316ca34f0,362,110054.0206234947,stitched_market_reference
1761826127,23690105,0xd0201d625402973cf35b75ede11f293a7a9a54a80ce5a43b97040702c162f126,170,109478.93723890778,stitched_market_reference
1761827207,23690194,0xd5f6077f47fa924440af5d7d09548959272eb123b79d1d6b027bcd18d27abec6,427,108790.40739739948,stitched_market_reference
1761830819,23690495,0xd227138d3f586d6363e4148edfccdb5f4d926715e7198291e73a5fb8c14ba7ee,168,108321.66433286657,stitched_market_reference
1761831599,23690560,0x8c234f8f5ad05df080053b15eb0ac9346b9b5b5d7832c54cfd30d428729f59e6,19,107732.72654530907,stitched_market_reference
1761835235,23690861,0x591ca7b50bf47f8abe81094261b2cc74a6792df90405f92100617392846385ee,113,108127.40548109623,stitched_market_reference
1761836879,23690995,0xe7f157495df0d4e74cee0c24781864cfc1b13f6ceb5570aa484a92d66ba8ed81,467,108121.97234657862,stitched_market_reference
1761838679,23691143,0x34159969cec9e56e8816a82e5a44bacaa3f3e371dbb22768b3434bbff206e3e0,162,107562.48634820551,stitched_market_reference
1761840719,23691311,0x3b836a365235c84dcd8d9852c028112f183dcd6d976e1142059b8fcb620eb34f,180,108141.61234774519,stitched_market_reference
1761844331,23691609,0xbfb2e5a347a8a2333982e4d72357dbc04bbb1040576e888b1317e82bf88a26a8,52,107664.90178243094,stitched_market_reference
1761844955,23691661,0xf94927feada51ae1e10e5c591e6d1804117ecffff14594f38c1258c4d22db6fe,66,107032.69921702474,stitched_market_reference
1761846527,23691792,0x9139aa28349f4f2dd54ff96fe6fd9557e42c92967f3837dd9debdbae9d0dde43,402,107606.82537412804,stitched_market_reference
1761849551,23692042,0xdf0e5f3db2d859bb417669f19d7fdcac8429f9e071df50435f250b23e316eecd,135,106989.51274942936,stitched_market_reference
1761850175,23692094,0x0749e85b4633d3d77c9c89bd1cc7bb93fc709fcea8b4aa7ace5386d3f54bc145,247,107034.7918582987,stitched_market_reference
1761853235,23692343,0x0e1bd9023f154e1174eb520000be2acb95fab90d658f454064bf7953e65ad516,1346,106433.93954678653,stitched_market_reference
1761854003,23692407,0x17156742599c7f5945ecc83de98dc12377f66e7098711eba43c4d7d14ff7a0f9,769,106968.08954108968,stitched_market_reference
1761854387,23692439,0x576f24d2b1f0df9437ba2c8fa7414035eb56975800a0ce9b5f4c035acf789e9d,240,106379.93145853523,stitched_market_reference
1761855035,23692493,0x41fedb920c30a26c670e4a87b0949acac01dcd4d2cbbca2ce1e3818e6b957d5f,309,106952.40757352821,stitched_market_reference
1761857591,23692703,0x409dacb502871d4f72cf8fe5e766215046b6d965c67fd604c68f8c51e83c3cc4,1177,107487.4673231063,stitched_market_reference
1761861227,23693002,0x1d82ded815ac07e1bf9aac4efd543d47db907196a1ad48f628f2f6ba89153b6e,329,107881.3663134191,stitched_market_reference
1761864851,23693301,0x0a76bea583980649dec486e85a6716d03247337ca96a875cab2bfb9167994b4f,777,107760.228171771,stitched_market_reference
1761868487,23693602,0x13336f4b8ca153ec732e9ad57567401d5a5846a022ea6f0376b072baaf9644aa,95,108211.21571166498,stitched_market_reference
1761871547,23693855,0x57dffd856f5dc8668f9c493971b55f43dd2c6906fa6cb034aef28c0d65973718,209,108836.40934066285,stitched_market_reference
1761872087,23693899,0x3a8293e6d0300486e9e3da07988eb8e501cc5554ba440bd029f5bec930062f33,157,109397.58338208731,stitched_market_reference
1761873047,23693977,0x998da5ed1c1d1125c58842eff9e6735e084cb27d1b6694065c7bae05dc966beb,208,110005.93448874903,stitched_market_reference
1761876407,23694256,0xfae385d2ecaa50712007af0fc74d16598a55053cdb746d7545cb7a4644506fe6,24,109414.11621804482,stitched_market_reference
1761878483,23694429,0x3b537b28725d8cb380966e973bd7e298e99ed2c683eae87bf43717cb01f6b07b,158,108850.37419888002,stitched_market_reference
1761882107,23694727,0xdddbf88c2b49ee040d170e14fd31d10510efe4dddd36c18f68815fbb9cad27ac,283,108864.59540761824,stitched_market_reference
1761883823,23694869,0xdfe768f1c11814ece04025b29eac40d3c9701d20f59f8a4281113b2666d07095,731,109471.01803138039,stitched_market_reference
1761885647,23695020,0x8b7348b0a957f0a9e4b2283521e444cae6d4ec6f19b43f7e2910a35459ab6888,1228,110107.360256352,stitched_market_reference
1761889259,23695317,0x9028cb994d1996988cd6ea18b26812491e1670c1f12a07913182a64124fbd86e,139,109890.26947347635,stitched_market_reference
1761892883,23695618,0x0e12c364c6d474ebf74f9e962c85223812b3cdac753b37e7886c72ca52b6512f,328,109594.8327556535,stitched_market_reference
1761896495,23695914,0xdbcd83c89f076086917d2bbbf60aec8a415bf0106c3f55d17e16d816739380e5,34,109554.9771273746,stitched_market_reference
1761900119,23696213,0x9643cd07059b7427cae183d9a4477b9457afe722dd3c3992da35ec52b9cb7681,372,109706.39963040865,stitched_market_reference
1761901379,23696317,0x3f35d4a9dc24cc3f4d1f1c6b28f87fec247c5f914e3a3af095f46e618e8fdfa0,320,110326.33247155094,stitched_market_reference
1761905015,23696616,0xaf7dfeb0e291cf0a0c58672f74e0b5e0c97aa3cda9689d227a79b067ebfd377f,299,109936.17956591179,stitched_market_reference
1761908639,23696918,0x2d0ad462cf35980e8a177069a6ef129baf70945fea01c4e811ec23e9c1cf92bf,477,109723.61739894167,stitched_market_reference
1761911615,23697164,0xb6f1f19401cd0afa29a9ef9cfa8a3ab4b501731b2c989d6b12c077b91cd97a7e,282,110281.80580323709,stitched_market_reference
1761914579,23697409,0xa59298df5f22bc69a154dccba4a849a3b6818ea6456c903ea354e22098348cbc,107,109661.4228946927,stitched_market_reference
1761918191,23697708,0x99d8f4d16bd1068e3f0deb919f999b5d1c95156253e92db89c8730424d011a35,334,109584.51235996102,stitched_market_reference
1761918995,23697775,0x9db93b24550bfe4d13068eb75006538a7c3c1b9572210c0a396701cc1a58db0c,534,110143.82513925285,stitched_market_reference
1761919679,23697832,0x1fac7a05c3304ba80f15b673bdaa8810ff45a72935faa70ff7adf8846fba5db0,313,110148.20749124789,stitched_market_reference
1761921095,23697950,0xafd9ce59bf9220ecf0a3eb5cddb6562694427a677d3706a29a1ca451a02a2111,280,109554.12488883143,stitched_market_reference
1761922367,23698056,0xe6818cf47a8336d77a7428b6ee28f4514a33c638b8c4e95a0a500f95e44286c1,127,110117.58168643285,stitched_market_reference
1761922571,23698073,0x05d157a9e580c212e51862b21ec96cf2c382f47c9b829787aa7b216b376780b4,385,110724.2066661315,stitched_market_reference
1761926171,23698370,0x82f61c697b2f605db675f2ae2288cfff3eb27fc9bb733f03772bc01d1e54117b,1009,110114.23105135348,stitched_market_reference
1761929207,23698619,0x7558d3b35e9786e8e40f804ce59d14318a86cd8e684ab7ac497375bcd4973a66,495,109534.18110868733,stitched_market_reference
1761929495,23698643,0x1ffd9670f8785ae6cf6d4313f368e68fac0cb3a486b0c184a98a45e40def5867,591,108949.26482351465,stitched_market_reference
1761933107,23698941,0x3a087c7130e3124d44747f1112f5cb38b3386abf61f7bbc9f06fc71371d25f54,418,109301.30616106976,stitched_market_reference
1761936743,23699243,0x2b09f58e8a24bc9128a98c7360aa13b5601e8edc85c340439e54b50284651157,251,109319.13472914656,stitched_market_reference
1761939239,23699449,0xd648558803fc9a927a365385efd07c082013aecfd070ec7e644a7a913e90b837,752,109900.34557550038,stitched_market_reference
1761942875,23699748,0xe3f700fe52924137d385d1e2cfcb3f01cdd39f27e291791854de8706e18630f2,253,109521.81424267155,stitched_market_reference
1761946511,23700047,0x227b7e438d35215dbb98f8619c8d61e0cae74f09f13b171fd964172113c4ac6f,300,109444.61339102214,stitched_market_reference
1761950135,23700345,0x294580cee7f4c5e45f8f8c55353e1b7a0f79fbee700f273d753355cc4f663d4a,332,109660.83511468764,stitched_market_reference
1761953771,23700647,0x16b6d7b82601295118538f43347eb1c245bed7e20fd8b050ff8b62d3d2ac5dad,60,109547.70367175394,stitched_market_reference
1761957395,23700948,0xd1277c23953af4653602d3b7a22a8413d57d5eb93e73681288c80b4605035542,341,109456.75643361443,stitched_market_reference
