timestamp,block_number,tx_hash,log_index,price,source
1759276559,23479223,0x2cd7959e1836eb9e4da9fc1ff717b0c8030afe851e709bee8daff2c0bdafeef5,61,0.000241146568690735,stitched_market_reference
1759280195,23479523,0x7330a47745e2ada517d13bfc5bd10be25b5f6f63c1f06c838794f9d6c6f03909,423,0.000241146267086687,stitched_market_reference
1759283135,23479768,0xa9e4a188c053f446063457fcef07550c305f77db0f108c3bc86cba4d8be11209,187,0.000239901865167542,stitched_market_reference
1759286759,23480067,0x182c85cb516ba5ce1a02376762baa6d011225558dbca67cacb290604f214faea,249,0.000240546387800236,stitched_market_reference
1759290395,23480367,0x13ce6517f2ef08782d577c3d538ba2d36382cc8d3ed202d95ca03e723001ba73,378,0.000241708763627959,stitched_market_reference
1759293179,23480597,0xf03a419dbdeb8b9cbd1dfc9cdf6ace9fee03b1ea659da1e059c625083edb21cf,189,0.000240501848924688,stitched_market_reference
1759296791,23480895,0xeb853cf745ca4459c28de0625b0a5dc977613f24c165b115780e0810f1e58a5f,74,0.00024104692186338,stitched_market_reference
1759300415,23481197,0xee925e05bcf4d5f4f842544af4cb5b8e5e2100283a60b61ab2af06bcb7eb1660,217,0.000241591621931333,stitched_market_reference
1759302047,23481333,0x8f3b1151c5191587d010d465f85f370345d821f69a2672ddc6dae7334a507eca,183,0.000241588180423289,stitched_market_reference
1759304051,23481498,0x7fe96003fdccad9d247261f6923bd4d7312b6d0fbb5d566d9ac450be3ef5c384,60,0.000241534929937738,stitched_market_reference
1759305635,23481628,0xa777d00d9f0ec3c58645705380f62e70fc8fe98b8c7306773797d9cedd316348,240,0.000241060906960344,stitched_market_reference
1759305647,23481629,0xb9ad95f149451a2a1f85d50237d242878fbb54c1b5b72fba272f65e6eb009590,239,0.000241076634858836,stitched_market_reference
1759307495,23481782,0xe6ba334bd8910462f2c508da000907a3cd0d89a90fd476b8521c7d6dc9ffc5a2,339,0.000239777419770488,stitched_market_reference
1759307531,23481785,0x6d69c428cd515737f522809d8e278ee947fb498b19920125c52f4938db11b961,317,0.000238484698843467,stitched_market_reference
1759307807,23481808,0xaa75d6cd84f45ea8e8e1c865901ebc7835f2c2eb59e468bbc07e715e28624c55,811,0.000237180322501494,stitched_market_reference
1759308131,23481835,0x6a88fd07f4237e9f7c1959142f50aba360c6842b49dba4c53a5a64641856a7f5,646,0.00023594253488018,stitched_market_reference
1759308323,23481851,0x418510fa2d1638413c09302834d3063a89c1122bc7150c1b71b2d1aa870c203f,871,0.000234160496574339,stitched_market_reference
1759308551,23481870,0xcc660b4e0c9a064ec26631105f998432325f94c050cd858a1bc0215f7f9bbbbb,360,0.000232946144011256,stitched_market_reference
1759308659,23481879,0xd01baf7e9e681f4d9d247b26fc4d079755e7c59e68ae16a10f12592d126d965d,419,0.000231531946665718,stitched_market_reference
1759308815,23481892,0xb46421cfa2c04e0dda7311faabef73a69e8fb5293192e04a1b1fcb84a1063420,355,0.00023303095485773,stitched_market_reference
1759312427,23482187,0x7943e736fc5137373911bf28bed4d1767de5bb8dd29d8bd9ae5884999e03ea87,188,0.000232032317140498,stitched_market_reference
1759314791,23482383,0x054c369ce65061fa8305d4557484058dcb5169dabcfb01caaefe23f8e8a91d89,380,0.000233246044237456,stitched_market_reference
1759318415,23482680,0x04eb5c08b74bb58a852a1b0cc4be33de8f104e8933cbdfe0f4270c6eb50210fb,218,0.00023233373250161,stitched_market_reference
1759322039,23482979,0x0c2b281291e29f8b113f9c3ed1bba967b872b11eb3c5b3d55ad444ef111b1742,136,0.000232379093497539,stitched_market_reference
1759325651,23483277,0xede871a9336fd325e95777d862df4b752c30dec51e6bafbc393f1a4fca08eb4a,260,0.000232878620930638,stitched_market_reference
1759327535,23483434,0xdbb77c1b5745afdfdff3844c5644aed713beb0c2a49ab2a2e315f2b6f0a8aaf4,646,0.000231591924199601,stitched_market_reference
1759329611,23483606,0x5baf168b9935af2acc7fa9b314cd07ca0c112cf414c39785e7bf69c712dfea22,225,0.00023035439502833,stitched_market_reference
1759331591,23483769,0x9f303607cb6a52f497dba785e96a61c2b84885dd7a10cb1e399e54616900ebcc,34,0.000231521662100414,stitched_market_reference
1759332515,23483845,0x14acf63e26060612c99440b84586aa0659ec1a8ec34e92b686c4e1b07546e8c6,25,0.000230285898008008,stitched_market_reference
1759336151,23484147,0x354ff129709129525bf6eff5a7c1504a9b71aad2838c0588e4791b4ad7e0ff13,462,0.000230615608435263,stitched_market_reference
1759339787,23484449,0x9b78233f302756013422ae9ccdc0744a8aa979355c0dca365ad5bc8b18308e7a,181,0.000231400433547212,stitched_market_reference
1759341131,23484560,0x79613007297349c8eb3def12080c885fe3d764c69c214bc57783d38f6ffce2b7,908,0.000232722680503883,stitched_market_reference
1759343951,23484791,0xede0b3627545c6878d4cd069a164e0861c68785c1544850962bf6643c4677953,104,0.000231522317529735,stitched_market_reference
1759347587,23485090,0x9aa0ad3a9db7c21c5aad888e830c38b25b84a5c567d1293ecc04715648df35ba,180,0.000231012866788987,stitched_market_reference
1759351211,23485390,0x724af683e477619ecef0658a52f8f5a032bc2e824b47b4ea4414544d14a722e9,359,0.000230901565078806,stitched_market_reference
1759354667,23485674,0xc5dc7cb12c05e3f6d712eb5e2dc981cd0ed9507bc410ce4c325de8888b096445,206,0.000232114873167528,stitched_market_reference
1759356527,23485828,0xea42f8da9dc1d4d41d58d1b6908a18fd42ec4df6a2e6af06aeab7a154fe7fab4,85,0.000230888050492644,stitched_market_reference
1759360163,23486130,0xacb329705ca681962c1a7bebe9a68937d11681436d4488897387e185d8e4992b,215,0.000231489495219415,stitched_market_reference
1759362227,23486302,0xd1842971542482ee884bc24e6b6a1417b2600a3e44643c9ef44362933cd3bf85,459,0.000230254775989951,stitched_market_reference
1759363367,23486397,0xce5e774958e79f0aef951dee64dfe3582f13cd5cdbaf285313cdae76076483e4,275,0.000228933252113137,stitched_market_reference
1759365707,23486592,0xd05aae020a11714ad10fb5a57f916438121672d6e82b20571267571db610ec0d,256,0.000230165934527463,stitched_market_reference
1759388471,23488478,0xe6a533f152b6f8794ea60b0979f6d01543d4b8973fe2fbcbbda7b9672bfdc549,300,0.000226280474960018,stitched_market_reference
1759389707,23488580,0x04a77d727b9695408ed410e188d9652067bbfc74cd008374e2122aedb2badfa3,199,0.000227488112900142,stitched_market_reference
1759392023,23488773,0xfa556776c33de7f7e26056e60fe18a70c34918005510fcf5e910abdb057d7d76,268,0.000228336990771079,stitched_market_reference
1759392047,23488775,0x77713c6ff341c41d554a013a3a0d7ca49e7f6652641fb3b522ef3ec85dce86d8,215,0.000228334281983203,stitched_market_reference
1759395647,23489068,0x233fdb6a52b3f97cb0d891972742af60682d013ed310b6c741b4dacbbe2c1741,451,0.000227843602317847,stitched_market_reference
1759399259,23489368,0x2f2b30f71413313e90b5b899ebdfc53085ff10b629682463bb4dedf74f5e5e75,362,0.000227508710285988,stitched_market_reference
1759402883,23489667,0xc319e139e8e66f5d9136f2c633c8270af5098dd7b4b50d535e36b61c40401c93,152,0.000228046191748804,stitched_market_reference
1759406519,23489968,0x8cd8a5cf1857f439b0c2ab866eb3fa6fd1299416c7fc0d535e095b7d0e1303a8,362,0.000228003144561104,stitched_market_reference
1759409939,23490252,0x3c925f4a47f84b34c2e2f82831643b7e7ea0c2ee1d800a503ea88cd0c77f5709,277,0.000226819644089103,stitched_market_reference
1759411151,23490353,0x8cd3d29e8fa8fb48e62f89c9c5f32a21c446e9fe72d3eec3ae4856f308d839a9,514,0.000228125041359012,stitched_market_reference
1759412315,23490449,0x8933fdfa07c2a1ba8694ab35c108be78c0d9a536d0ee4c1bbf43af31a577bba4,40,0.00022688251293936,stitched_market_reference
1759415939,23490751,0x5a1f4482a28bbbdc916e0386f86e6b24a2820d1c4c8a863706885f6cc1fb82a5,145,0.000226897348430687,stitched_market_reference
1759416515,23490797,0x9d27cd2e21997c81e35a38ce9a330b6bd50547bc87f1cab1ce55b29904012192,92,0.000228061447492688,stitched_market_reference
1759417439,23490873,0x1f9187b53eda38ca37ed7b27c533091dc36bef7481044bbe5b627dd32e98e4f9,155,0.000229275405527512,stitched_market_reference
1759417859,23490907,0xee7b539c44704e9966439145434ea2ab054ec7a7991741c726755946f4c493c2,984,0.000227903397148601,stitched_market_reference
1759418615,23490970,0x42987bd929393ba01d10fcae4b02fd76f42913cf356d22e890e10d183a9c788b,650,0.000226493741714193,stitched_market_reference
1759420511,23491127,0x65f469b86cc88e32a7b79f8f8309a3b4aef6638b68c1137895cb9e5843f7a840,370,0.000225302339593529,stitched_market_reference
1759421495,23491209,0x1a770c16c3a1f836e4a87d272c1dd4e55770429f6ae737c5f909623dd348f878,359,0.000224105574749531,stitched_market_reference
1759423079,23491341,0x000a1caaf20d9a090ca6ee8abe1418593959a6e23d90ccc62360dd9a36d87d39,403,0.000225301684572061,stitched_market_reference
1759425275,23491524,0xfee14d29353839a1e8a7e1bf09ba59b3d62c6e03af3ab0b922f41bceb516e3d3,425,0.000224042269584171,stitched_market_reference
1759428911,23491827,0xed7e206db7a2b69b7caa06a039cd3f634f709adf03788bbeb1abe172f1577bb3,264,0.000223227835874152,stitched_market_reference
1759432091,23492090,0x38145080ad0d98f09dd47c6123772006ad10d670453f3b55b074adb051d7aa3d,425,0.000222074220780161,stitched_market_reference
1759435727,23492390,0xa6a3edb414f5413a6bf5aa6d3c6d2a78c2fd818987851c715d073e918c5b138e,232,0.000222489195446772,stitched_market_reference
1759439351,23492687,0xde8974cfccbb5f1a9771fe8a96a7adb51d15ba2b3e68cf978227a265eda764aa,392,0.00022229978819324,stitched_market_reference
1759442207,23492922,0xe9a77fb65ff415236863e947d0ab213e10264e94175880cf7cc885b7d7115659,170,0.000223465696422593,stitched_market_reference
1759445843,23493222,0xd1caee5458e97f71f38c6ead7a1ae929ce568263f5cc676ef54efd6e49bb6f06,164,0.00022385409657195,stitched_market_reference
1759449467,23493520,0xf64de17ca0b8f1edd9bb57ef610e92c99baee1c044b284586311dc6ecb417f74,190,0.000222830106741899,stitched_market_reference
1759453067,23493817,0xf1897103fbffd323d457ab29958a7a6c654d936281c11e6744fbb106021ec215,120,0.000223518248566854,stitched_market_reference
1759474883,23495627,0xe26f3731f4ddc932900428d098ebc6a42a36d81a3cd24df2bc126edf0d74f2df,152,0.000223412224692985,stitched_market_reference
1759477703,23495861,0xdbc2acdfdf25aef12a1acfb5b12059c37eb7ebe233dd99e295be82be63a131c7,238,0.000223968531784354,stitched_market_reference
1759478447,23495923,0x4fd9f58fef9e44538b104bfd94df3c2244cf2453e29895bf6cb2ad2a87f17718,84,0.000223934778553392,stitched_market_reference
1759478459,23495924,0x0bb4f4111f8c271656475cbbe1b7c2e4f36c04782c2e1334c41f76050876f0d3,27,0.000223932280854297,stitched_market_reference
1759479383,23496001,0x06080a7c0fed84ddf66ed722b98a32f91ba9cc075b003ca1ac63d1b5682e7a1c,358,0.000225103594741107,stitched_market_reference
1759481843,23496204,0xc9d2b5fec47ef07e1926678d1b3503f3c3cce759faced2d7b6cf3faffc4bca74,6,0.000223974821765626,stitched_market_reference
1759485479,23496505,0x62e7e207bc3934412f9290a6370b5b82fd7b9c9fb72d1024b30d281feb82af58,113,0.000223192230277755,stitched_market_reference
1759489103,23496807,0xedea2803ae7ada4a82270169a15ac36036a24368045a7d2983ee4eb418192c2f,390,0.000222498455912833,stitched_market_reference
1759492739,23497107,0x6c2f3f71f9fb66f8367afb30743638bb0895533a3a43ccd532d696d409a8e601,106,0.000223062638473308,stitched_market_reference
1759496375,23497408,0x153b23ec79e05fe4acdd4650d8ab5df214c7f8bf5ee5c9f711bc71521195cbcf,229,0.000222838065559876,stitched_market_reference
1759496939,23497455,0x678021e0bb9d7774bb8c87f5440eb3ec4ec58540d3820768d077a6bb50bc55af,224,0.000224004573587024,stitched_market_reference
1759497719,23497518,0xfd043cfe03ea36f63d75ec2665ebc0ce5a105f359587466d7ea76ec303868daa,160,0.000222779415271404,stitched_market_reference
1759500059,23497712,0x689e6efd50d0c861bcb21b6073cb3c94908bc52b0362d38bd8320d44239be84d,1012,0.00022390307879599,stitched_market_reference
1759501319,23497816,0x75117e378752e32b89306544c4e84c7d0fe6455ab3a3361db9c36adb56be09a5,381,0.00022512690691421,stitched_market_reference
1759501439,23497826,0x07f889c60271a85699677cd824f40b340ccb2857f068882d30bc94cd38208aad,432,0.000223977867897472,stitched_market_reference
1759502879,23497946,0x18424bd343da572fad5117c8298b19f090b16edea80096bb523bc6a19d315e16,606,0.000222751119707294,stitched_market_reference
1759504259,23498061,0x1c3d86edbcb50fda28fe66949dabafd9b1ea13953ce61ed67b724b8bf7e6420a,206,0.000224012071497213,stitched_market_reference
1759504727,23498100,0xfba49848c16d0b40a4c7377e9bb933138b6435c9768cffaec984600f0b4b8eb4,408,0.000222853707952542,stitched_market_reference
1759506419,23498240,0xb9d22cfc842609ce44f71a832e090460e8b575eded84f9e60e7e4a3dd8afb276,398,0.000221492627664793,stitched_market_reference
1759507175,23498303,0xf92de2d70ebb0b3843cb4da2f868c222b416519be2877a86aaa4330244832aea,136,0.000220388991772269,stitched_market_reference
1759509275,23498478,0x78b927222d6aec54795e5549df0094e56e2f88d2035a63fab376bd007bd7f065,270,0.000219225290141318,stitched_market_reference
1759509431,23498491,0xb802599fa6550b2ecaf48ea61c30efd01da7f7301242a8d1ad8606d48f7b50eb,204,0.000217925731663451,stitched_market_reference
1759510115,23498548,0x7ef3dc5d57c5943830541867c5f6f749881872b5acecab37b9254cd854f2aec6,352,0.000219039756169174,stitched_market_reference
1759510691,23498595,0x02f4960ab4a7daab835cdac22b2cabb9e5b6493b783379015168b0268ad9b605,163,0.000220220184020307,stitched_market_reference
1759510895,23498612,0x5f7a06b6171f6fde66ab7cfbd59113926f3785fdb4a0a6ff382ceab732f1be60,558,0.000222206897961054,stitched_market_reference
1759511471,23498660,0x03f1afa9e7ef1306a3f7ec1b2bed6845c2b7d8848e381ca5cd9545b5ed4c8bec,624,0.000220965761231336,stitched_market_reference
1759511975,23498702,0xc4dea11f58a312154b2b85f3d325a7a001a478a5ce197e332184bd345abc529a,649,0.000222161037402493,stitched_market_reference
1759513931,23498864,0xe325556d96d91b4d6976c51fd90486c5f1aca3234321d3ff9c49991aabfa8cd5,299,0.000223402234539519,stitched_market_reference
1759515767,23499016,0xe1583cb7111c25f8463b780222b79f3e7942cee86ba325ad2ee40469ad2161e4,2,0.000222205362920585,stitched_market_reference
1759518743,23499263,0x9f81b98c787da8f180bdafa2793e1714fc64cfb195e1aed6556d8bce5bbaaaf8,492,0.000221082321169285,stitched_market_reference
1759522283,23499557,0xaa57d65e093c0e9a44f94d07b6b9fc63f7aa20b9faefb258bc9f19925553975d,190,0.000222285026376803,stitched_market_reference
1759522847,23499604,0x5d5b56ee09006ff49563c3be4a2a39a76faa8fd11bfe72aab5315ee73c39caa6,67,0.000221093801843671,stitched_market_reference
1759524323,23499726,0xa3f749a227cc56cae6d31f699b29c478fc6692f6de0246d651ebc2f7c080943e,287,0.000219915746912433,stitched_market_reference
1759527719,23500007,0xe64571a5bd73f5c6b086cbe9cd4f5857ec1d52d835312d0523947de54996bc4f,148,0.000221068284789818,stitched_market_reference
1759531343,23500308,0x4bc357b82f5c2c09125a0c640dab755eda9e0dc3ccdab7d93b9e6baa311b995c,242,0.000220524160663844,stitched_market_reference
1759534979,23500610,0xf773dc038fe242db2d6e62d78a408ef86151a286370874ba52c66024fdc1c121,209,0.000220918962915945,stitched_market_reference
1759537943,23500857,0x1638a0ec7fb0561c485290c9a3804c28adc4e60337024d673a11c00636f19175,952,0.00022208206962433,stitched_market_reference
1759561271,23502785,0x033caebb3ac88c69dc647eef9446b4ddc1b78844355f523ab131df274f46f287,165,0.000221370091748401,stitched_market_reference
1759562327,23502873,0x83467d52121de552703ae0e1f2a9c50eb0790e9043ffa78d2e943735adfe0add,209,0.000221894732254707,stitched_market_reference
1759564835,23503081,0x41467a51b17a8d4e2fce9a8677c2d7330166c6a4327770ed6e042e048d3df1c9,152,0.0002220921009658,stitched_market_reference
1759564847,23503082,0x5f35d2a57372e01b7a5126dd132eae7059f9f53bedf673a086f25cce7d973bf6,85,0.000222091878789494,stitched_market_reference
1759568447,23503381,0x9fb4a05bc296b98b2ca2ce99017351114bb69dec0e3ef59d7fa086b11b08fa24,382,0.000222579969984814,stitched_market_reference
1759572083,23503683,0xf4d2cf256a8618f8124b739026d5a97a7b774ab3fd02af5c2807cffa280b09b5,167,0.000222569920633196,stitched_market_reference
1759575695,23503984,0xce997b4eef15b5c947a4b994d660b5f93cb9186977995b8e43a02b3d3112f51e,274,0.000222660366060649,stitched_market_reference
1759579319,23504284,0xf6cbad4c76bfc6cae7a7a4b16ce824387d801e38b3337a9afd9f61f02c940a87,276,0.00022286808791831,stitched_market_reference
1759582931,23504585,0x84cc68854612f4fe83d44859bc3b3b59be91aa1a6ab0987982e1b4b490460976,125,0.000222872340721195,stitched_market_reference
1759583351,23504619,0x8e567d4b3c5113d34c615bbf0bf88b92d83621761153f65282abb6d5f426e6f9,261,0.000221612209563453,stitched_market_reference
1759586975,23504916,0x2a5f387196b8c708c7b3b023e3725fb1555cdd83640b5e4795bca61c40aab744,267,0.000222105332679643,stitched_market_reference
1759589807,23505149,0x7ce92b64e811cd80daa9ecfa6f6f76bfffff0199ae28545c06c0ca32e11e5f26,389,0.000223226827058051,stitched_market_reference
1759591751,23505308,0x0dabfdd0f6de2a38e8a8444f060ca56cec2cd23a2446bf719e672a5b1c0f4711,232,0.00022434936180168,stitched_market_reference
1759595363,23505608,0xcb8d488ee6f4280c4388d0bfdeb052264245d116523da45aab8944d7cb59b4d2,280,0.000224551725249419,stitched_market_reference
1759597463,23505783,0x5cd05627b74429242f36c24aa0ddafe19fb4f1a3b13ad3dafe7f04ca6517fc53,64,0.000223377812228623,stitched_market_reference
1759601147,23506089,0x29881fba803dc56bb27f751f95b5f12945686ba51001520cc7334951a610a5af,70,0.00022370270246077,stitched_market_reference
1759604759,23506387,0x16f91f6c04d7dfad3aca303aa3daa9032b4b881c7aa06de464210c53a3702631,56,0.000224150650620348,stitched_market_reference
1759608383,23506688,0x5ef5479006398ce715fbf3859857de183f91df6eef463e3dbdc154a7129013e9,169,0.000223370098630848,stitched_market_reference
1759611995,23506987,0xc88f03683b2fa17d9f865d7589b7f5a59f24389fdb8d674161227f4e620fc85d,242,0.000223001219370631,stitched_market_reference
1759615595,23507287,0x1397762e757b9f03a123e6a71056cd4f92d542300443860b38617310e7c5a69d,408,0.000222682607891752,stitched_market_reference
1759619207,23507587,0xd7444069f5c75242bc62e771eae891fc2459436f4de6744fc0cc68b8ae20c5b7,151,0.000222661775155309,stitched_market_reference
1759622843,23507885,0xeb3d2be27bca145e2d9cc7b09cafbefa61aecc58f246b7ca6dcf19bf277dc28a,176,0.000222738564369767,stitched_market_reference
1759626479,23508186,0x0fb6fb1372b6bea7976a4b5602e63fa4e5f7f5dbd12b6eb38d2814dc76e61cc7,200,0.000223122604460926,stitched_market_reference
1759647659,23509939,0x082e9f1ab798421c5cf211ccd84af9814ad379ca63d2c99d745e7e80123bf7c3,143,0.00021915188619406,stitched_market_reference
1759650383,23510163,0xaf12a3eece8e11247ce87ec41bce392f034a596152a9ad2aa30a290c5c6eced9,458,0.000217972296958465,stitched_market_reference
1759650983,23510212,0xb31c3317d51ae971e67563d9e4c91a9716495afa8f7f2743171df8e5c852cac3,668,0.00021686868524721,stitched_market_reference
1759651223,23510232,0xf0bb1a9076fb42900c31022eb771a2b7cacfe56c8b0cfdc1a35693e40520c1c2,329,0.000216986427388284,stitched_market_reference
1759651223,23510232,0x1a54aeb1ace6c8af26d11648f1d6ca35c5610700559a63ecd08de8de1251f552,478,0.000216979920377907,stitched_market_reference
1759654847,23510532,0x8be38d9a7c552bf8442dd0e5e9c7e44f603acd5639cfd80927d8610776951c00,167,0.000217890035086645,stitched_market_reference
1759656671,23510683,0xff5959a438460b582168b60f6e9745c3137bfddf528f7821fb8558d8469546e5,914,0.000219306511409554,stitched_market_reference
1759658699,23510852,0xc096dfbab26262c756d9bc3575d2564bdead56636af85e2754219893078084c6,403,0.000220740121763232,stitched_market_reference
1759662323,23511153,0xb1cfea8ff06491385d841d228eb75da7a2719bf8bdcfc1cb393b109425f8535e,296,0.000219805097490831,stitched_market_reference
1759665935,23511454,0x5cd011ee87921e0a0983b9fc33fec8b3b9ebd5bae2dd32c21d122c7b7bf18512,409,0.000220149435461447,stitched_market_reference
1759669619,23511761,0xc644a988295ef0a752d5ec2023aaa6c6c8f547057adfd269a5a7d5c76b90b999,505,0.000220344385289762,stitched_market_reference
1759673231,23512062,0x0968d338b5cacfda34f1f4654d53f2cc5e04162ccaf1f3c796f55aefa358bc89,278,0.000219859302117771,stitched_market_reference
1759676843,23512361,0x4db939a660ee74df583a5141df6a7005c4dc3ce1b9df9f8841a87e40c0836f06,226,0.000220504215100249,stitched_market_reference
1759680455,23512658,0xfec66ceb25bff95608b50fdea56c7cee8e1a3d9f73d119496a1429351e87932c,346,0.000220457669876346,stitched_market_reference
1759682975,23512868,0x00f41b48c0ed7739c6a5c88e2cf5286f0f1cb1d5870e7a0a89777501f317bae0,238,0.000221659836853138,stitched_market_reference
1759683659,23512925,0xc6aa5d6b9c9ec9e08da6397dafad67a68f84f214803d240e707d0e6dc6c7fc24,668,0.00022043272288071,stitched_market_reference
1759685675,23513092,0x797053f70e3dbb7d5a401a8c90df011d725809f2e098926a29988365ae24a7b7,115,0.000221639373193096,stitched_market_reference
1759689311,23513392,0x973fcff9d3b1c3e16e1ef5f61655333bd6d70a72dc22b909039235a4962d0ac0,386,0.000221156788062118,stitched_market_reference
1759691495,23513574,0xd70a4acfd5df45f2b756c1ae66915310a8d5bbce926afbf1d0fbbb375dba8fb5,370,0.000222305869054511,stitched_market_reference
1759695107,23513875,0x0d6a69ba7336e5450cf3e65a9ffbc54f8b3f17672bfa87358edf2dd0f9ff2ff0,271,0.000222139750062217,stitched_market_reference
1759698719,23514175,0xe73bc6d9c2dbfbb147e6d6bfbf754f31795624ff75080f2f389cf9b587b8e07f,266,0.000222297576177451,stitched_market_reference
1759701779,23514429,0x867b612da2fc1bb5f98cccc5b8b0000021228528b1727b3a3b8ebe3f66bce181,93,0.000221184572786824,stitched_market_reference
1759705391,23514728,0x8c76988a9f5f6d63bf8ce64c08b4f804cd8e4cf3143b97e2f1f5831d8b19acc0,206,0.000221297913977643,stitched_market_reference
1759709027,23515029,0x8229cc204ae2e01df27a511585414a94fc4e78153a5507fffc82a82b63345cbd,303,0.000221539363677484,stitched_market_reference
1759709819,23515095,0xd7dc7f03db31056688f31864ed0507c7c138c1331d24cca3172af77f3104e6f8,469,0.000220180493390653,stitched_market_reference
1759710407,23515144,0x32a1dd64d38dd7e086d15aa32c111d37f1870f30e68fc0f93d9c1c28cf5c894f,216,0.000221411064067544,stitched_market_reference
1759712603,23515327,0xad064d5e453615448286e7079a4d6b46ba2ac9051ab9341f4dc7b64b8960bd82,442,0.00022255183015078,stitched_market_reference
1759713659,23515415,0xe724120d96e23fb6db55c18fb04d25436ac49630b81b68dc0c376a9c5824d774,369,0.000221378440396388,stitched_market_reference
1759714295,23515468,0xbd0e39553cb073e8cf549fe566b5fc58423c6a88b4e7be7806b310867f1fee11,467,0.000220220997140732,stitched_market_reference
1759734035,23517102,0xb43f5e77058d6439114504cc00b6ad04c408ef418d77fc544e938be4a448f528,360,0.000219024693263684,stitched_market_reference
1759735775,23517246,0x15c2e1ccd980a1425c9e2359a7f989bac27f50cc96a1c713dc10424d822543ae,119,0.000218870386599387,stitched_market_reference
1759736519,23517307,0xf0d3acafdf121980af48bd8acecfee34099eeb55c5cdc71bfcf4b9a8208e0425,1080,0.000220113088298159,stitched_market_reference
1759737635,23517399,0xee27a063a424436f724356f1c0ae689c916ffccc55110d80fde461d76c038f9b,334,0.000220135712558421,stitched_market_reference
1759737635,23517399,0x7bbfcb3164d1c7bd1f4a6d5d1dbfd23666c1787927e8285654f282a8d87d0ae7,594,0.000220420550552498,stitched_market_reference
1759739519,23517556,0x4eff859667537b985f4819af27fc9d10490cb4c5964dd72078445c8813f3577f,117,0.00021905676401396,stitched_market_reference
1759743155,23517858,0x89eef98eae9966a94d82b7c31a751da11f12c7f39c3b420b3e359cc5af0ed730,454,0.000218875471974011,stitched_market_reference
1759746767,23518155,0x454d0daa897428b05a360aba187b2ed958bb3aa7f683c37b4f97ef49a8c5d0f9,199,0.000219014875408455,stitched_market_reference
1759750187,23518439,0x7158c4ff665bf470bd994d8147d9f49a745004caaa4e184de89dfaaaef946b52,770,0.000217880531628937,stitched_market_reference
1759753787,23518736,0xa756a89c56b8d3369b1cd65c630ba38fbb73a3d484f26711eb5e4d897b37869f,564,0.00021791992058526,stitched_market_reference
1759757399,23519035,0x20f9e8055bd13551e14959f8c995675216f961755ccf1291ecfc5901b3f3a456,268,0.000217668444643735,stitched_market_reference
1759757939,23519080,0x53ee9f848bf4834afffd963b2e6fddec229e012f40134a6cd6b76f88d9998e1a,978,0.000215915652164523,stitched_market_reference
1759758263,23519107,0x7877e0f2d8bd4acb955e6fde53c651e81a98da3ea6bf81d405fa58aaa49f2442,518,0.000217088686369923,stitched_market_reference
1759758839,23519155,0xc6dfb1c6065782ec072f89aae9e043ac413b0c2d6be2cd30e76f7382139b4705,229,0.000215940908252376,stitched_market_reference
1759759619,23519219,0x99c7e149d0b3923d56ba9be96adff7501ffa86ecb79e2821c53433fafcc6872e,373,0.000214717194696618,stitched_market_reference
1759763243,23519519,0xc3213a0022086044403c93b9989bf3fd919f42dc75a2b07d2b88fda7dc79ca54,330,0.000214626138590905,stitched_market_reference
1759764059,23519585,0xb70dbd407d1dfeab28290cfe087766b75d9e4f5c190604e35d6f5667ae859b36,132,0.000213370605133195,stitched_market_reference
1759767683,23519885,0x49332f3bd6a2ee0554966fa2036f94a7a61fd65b97a467752b31d6c38602018e,643,0.000214008174636092,stitched_market_reference
1759770935,23520154,0xfd605daac167e6a72460245509155fe64c4191354ad14df60859d503c80c7d2f,152,0.000212783120174354,stitched_market_reference
1759774559,23520452,0xd57aa5e9c091e3ddca73251810ebc54bed99ab3e984f82b0f510376498eed0a8,332,0.000212635772433916,stitched_market_reference
1759778195,23520753,0xb16da1cbbdbe03ff92e64b1fb7ae2e306d6852e8e96e6884c18de90c56a9add8,65,0.000212304529109236,stitched_market_reference
1759780739,23520965,0x8a65f8993f36771a29baa6b7dbb25011dae0e21aaad1b4451b21de589569f62d,598,0.000211237765162138,stitched_market_reference
1759781831,23521056,0x89164e9ad51baf55efe7a72854ae7dfedd19494283964e0509efa8960ef08159,123,0.000212363027455029,stitched_market_reference
1759785455,23521354,0x20ee300614698f3f3945f599f798094d57794da519181d1555a922167bfff7e2,51,0.000212996033081796,stitched_market_reference
1759789091,23521656,0xc892dd4a9ff19e49e79f21b645298b39117dbce42d22b0b4d9f737aa211458f3,94,0.000212681122454406,stitched_market_reference
1759792715,23521955,0xa72f3555854298530e6f5d0e66822df6774accc6ea0c5fe985652601a39fe676,37,0.00021307414692465,stitched_market_reference
1759796327,23522256,0x13bbc75fc886b985396b1e9ef0926444a8fd0b51d6e6cd63587c0eaa32ee6957,41,0.00021357462227768,stitched_market_reference
1759799951,23522555,0xb20e520170303b919072dbd612d75e8feeba35306f75f0bd8547bcaa154b32b1,392,0.000213434320744095,stitched_market_reference
1759820447,23524247,0xa7159656145c1e91c64a79744e561b02bed5b050b2f6b100a90e6f7c66a1155f,131,0.000213958462727103,stitched_market_reference
1759822907,23524451,0x00a714530a92404dcd9cc7ab369c05c4a40936c64f5fa83215f714086fb0fd0d,284,0.0002140807964435,stitched_market_reference
1759824035,23524545,0xbc181f9bab19e0c97a8c8514a3ef97aba89d938e74a922a815d772fcea3c17f9,140,0.000213597639640157,stitched_market_reference
1759824047,23524546,0xeee5adb7eba6a71f08ef5dd392411b48ca97ac5c3949fbe7450822ae6f8025af,216,0.000213604850680973,stitched_market_reference
1759824587,23524591,0xef100542fe40ccbf74b67c58d7e399c9440407316d27810d70626eaa0f5650ad,315,0.000214680792718403,stitched_market_reference
1759828211,23524892,0x31575cc7e9e454a4cee7e3e8e34c8de07c11ee7f7f97f2958b25b460b139971c,275,0.000213715848312481,stitched_market_reference
1759831847,23525195,0x12e74da29f79ba45773a891c40dcc18082c2c6c6b79327b33754439c1ecf9dea,246,0.000213316543207691,stitched_market_reference
1759835483,23525496,0x539aa08440c7cc32bf8f5d1bde2a1af0b2c11e3e5cff6858a2d0d82499bf8160,348,0.000212868371211092,stitched_market_reference
1759839107,23525795,0x4b6609471dcc6c521b5cd5b573be2a79d1f54d61cfbb896f9b400e1fe57fbd6f,333,0.000212359501419992,stitched_market_reference
1759841795,23526019,0x44c099d803f48a81789702417cc9a7b36fa6d506d973ba737843bf435e54c344,576,0.000211239982504775,stitched_market_reference
1759844579,23526249,0xac3daf13b660654b9d7308a171e258139983d0d7e526cbc09d726a310b771c70,593,0.000212991086132587,stitched_market_reference
1759846259,23526389,0xf499fb253d1c02f2d4cb43faa9f02d233a8d3db7071de26d2f882ffd2d40f848,926,0.000214538255693181,stitched_market_reference
1759847423,23526486,0xc92d86634ed6162923d691263098c22011b51e3d4ade371154c3ae039bb67525,104,0.000215727549662137,stitched_market_reference
1759848695,23526591,0x7c290dcccae8a5ddb03ecb4b9bc1228abdfacf5ff7bf7fb51d9c00e74ee3459b,684,0.000217008334682029,stitched_market_reference
1759849583,23526664,0x03a3faba618f1ccdab4a5e53cbe1db493fdb3b8db6d3e61163bc986e138b6e2f,186,0.000218151836116584,stitched_market_reference
1759849691,23526673,0x8eac8d177f6ac96c3225037559cf113b16823652fc484f3c1a01f8ca87c25aca,506,0.000219663144549617,stitched_market_reference
1759850243,23526718,0x3c02e45632132792944a740b0a46204355d35277c59508ae62a19e98ce488eef,377,0.000218472672878733,stitched_market_reference
1759850939,23526775,0x6da724021fde794941f52825ac167ee0e3434caff1dc972d18c609fdb4e50435,238,0.000219586913165905,stitched_market_reference
1759851503,23526821,0x6d379aa48df80a51a3df9b2302148c346e7fb0a7443692e0f12f8f10a8f01eb8,440,0.000221137526938276,stitched_market_reference
1759852283,23526886,0x89eef93f83a15c2bf50ae7f9756e08c5b11206d119fa21d86ac25c098c4412da,541,0.000222271881055359,stitched_market_reference
1759854203,23527046,0xee4a6b5d9edfa3a709053a95889096fa5a41071ec5c75a9f0d5b524c6ef5f003,1015,0.000223974086171823,stitched_market_reference
1759854419,23527064,0xc5b1d18f251875df183022b5e42d422f39d71c03499b6662e0611eacca61e9c8,397,0.000222841650756645,stitched_market_reference
1759855055,23527117,0x39e3b1faed5f822022fccaa1e643f99d28dae2f21190ed578808d1b58e562f09,305,0.000221609304568187,stitched_market_reference
1759857215,23527296,0x26be258d605ed8ddfdae67e8d93749e84f73f1e49be2592aab0ccfd94eabb14d,271,0.000222760435900342,stitched_market_reference
1759860839,23527597,0x2d71e7dd1f80cd3f2b610780b799fcc112875df8e502ee2fdf7bef28d9cdedfa,64,0.000222953347999901,stitched_market_reference
1759861775,23527675,0x68093472912daa7a836e18d4d6f10f99bca745f1170ccdc943379b4ad41c5800,164,0.000224113568233524,stitched_market_reference
1759864055,23527863,0x019472759e34c4ca64c8d538fbaf1a5eba5da692a59769415761ea65dba58f17,230,0.000222887024820473,stitched_market_reference
1759867691,23528164,0x0bf57074ecfbfc133dc31d9ad967d734c414feec4226d265f757a051eb3bb149,426,0.000222050882882082,stitched_market_reference
1759871315,23528466,0xb9347f28891290b22c1f970f02a8b80dec3c7e35ed309387f15e08219ce8fefb,220,0.000221568389826611,stitched_market_reference
1759873775,23528669,0x9791e4e0df0308a7d5b3801c87070dc8d54a7bc504637c32123111077bbbdb7a,429,0.000222692900038313,stitched_market_reference
1759877411,23528972,0xbfd173d5a9b6f5a192fb3a1ad62dc087d8dd56908c4191af272e2d5f0e06999b,303,0.000222061546255536,stitched_market_reference
1759879367,23529135,0x4cea6fc1af41efd5bf12385d7a44ff39d2c03487272b88a6ae4f9600acb2395d,268,0.000223254851474535,stitched_market_reference
1759881011,23529271,0xf91e8d84d4fb65f2e83b256aa1f66320b5f715bf28bb6dd10e13cc01124ccdfe,369,0.000224480487051862,stitched_market_reference
1759884407,23529552,0x8ceded29b784bceb96aa5ac4a097cfa18a4cb570319ba00fca766b908670fb47,48,0.000223325976989513,stitched_market_reference
1759888055,23529854,0xaa1bab9c271340ee6ca9e2565709561534b5d0f35983934ac8d5ba6ff676889f,349,0.000223043726972782,stitched_market_reference
1759906859,23531411,0xb60d67df848478a8a4eddb23463079edf309a2b33a1b690ddd98df4fdda7ffa9,27,0.000224607623427196,stitched_market_reference
1759908059,23531510,0x17527db7cb3b5324dbd14df9a661b9275f6e3dc321c7181a63853c2c84ee6721,175,0.000224677941457385,stitched_market_reference
1759910423,23531704,0xdce3f511b3113e74bee0f17aca7be8786df5f6a33fca08677ad5d03e37dceae9,225,0.000224697715602,stitched_market_reference
1759910423,23531704,0x8a69a796bd6f27ff9b59bf431898c3b95bd0b3c4bdd5259f971848413d7cde61,233,0.000223873613172926,stitched_market_reference
1759912859,23531907,0xd13cd7e73d48e36823b1f9df24533fd9060411f0ceff0373587b56435fa34641,479,0.000222737148159598,stitched_market_reference
1759916483,23532209,0xe60927572340be75f66b990cf1fac2c46b587766fb62b5ed0619a084edf420d6,82,0.000222921860370977,stitched_market_reference
1759920083,23532504,0xb4ecf5b56b26aa903ec902cdfa863bcf0bc653f720c1889555962e2b7ada9508,135,0.000222421889282498,stitched_market_reference
1759923695,23532799,0x670c85d20725f3a63a29ad2820da1add9de916f38456c73dd2fb120363ac849b,222,0.000222891951379931,stitched_market_reference
1759927319,23533098,0xe32868abb7f1ffccbd0d8a2dddca95bfb085053471418c145b706b8c882cfdc3,244,0.000222960706912866,stitched_market_reference
1759930739,23533379,0xc3bb9e4afc8a13afb7571a54698647a0d065a0ea5fd16936baeac0aa53e85278,145,0.000224157302639002,stitched_market_reference
1759932059,23533488,0x35855514965793a413d5e4a2e2b7c7237f4b0477015ff5ae8b157ffcbb21d2bc,581,0.000222543243299808,stitched_market_reference
1759932239,23533503,0x47acd26070156d0cedc917aa83c5fcb04d67fb30e8616612817a6252ce2ea8e3,863,0.000221412434688938,stitched_market_reference
1759932935,23533561,0xba98dbaf997c66b78c0623ddd9f4fb537bf002fe03d10259f1f629920a905a83,220,0.000222602453634956,stitched_market_reference
1759934495,23533691,0xb910989a46be3ccefd9ce36a49cf89b95051b09bc1bc8cd4eee775ab88a14912,147,0.00022378044214703,stitched_market_reference
1759935371,23533763,0x3181b609e8f58350d9c67df573d1a7d11df3682e45a4f13c955ca52d7542b4b5,245,0.000224945422230221,stitched_market_reference
1759936331,23533842,0x8300f285224263d9c2f9ed0fb355405225183c6305e73c790a5f45eb46620eaf,294,0.000223799608164222,stitched_market_reference
1759936847,23533885,0x3b0f4000d6ada2c89f18185b82e92ca7ca78113a62e47754b60543feb27791b5,68,0.000224997234894255,stitched_market_reference
1759940471,23534185,0x064d18b99ee812616d7218ecae16a15c761e89e2fda358ca2b18e29ce83f84f5,376,0.000224183847229084,stitched_market_reference
1759942415,23534345,0x4d7d05e08f44e6dc24f6bc527b0d5bcbbce89e0fd3c8b3754391317c2f560014,528,0.000222522998673517,stitched_market_reference
1759943831,23534461,0xb62d1fca1270c6079fb61874d1167a8c0c9381c7e866c84d4fa6bedc81da87d8,766,0.000221226293227585,stitched_market_reference
1759944215,23534492,0xed6a6740da8bdb2d8109264cc9c8989c0529da3dd0ff6d4db7a48a64cde7f08d,273,0.000220115106805007,stitched_market_reference
1759947827,23534791,0x57b25dad8902f08d0c3338360ede063270f6017d1216f2b410f6d08dcb01c21f,193,0.000220292769114578,stitched_market_reference
1759949087,23534896,0xc98985b64a52e9520a86c59221f69428447e676d831431d949b928e7cd21d89a,132,0.000221440123493702,stitched_market_reference
1759952711,23535195,0x8cfb5d377ca42469d5f8c595ca4fb2d0c6e6136995d0d4b2e6068195f5abff9e,85,0.000221449197584008,stitched_market_reference
1759956347,23535497,0x1f21b9749684acaab26ed2fad025ed051753a079b0530004269d13e81ab5cc16,399,0.000221348940795692,stitched_market_reference
1759959971,23535795,0x321370c43cc12617e4e653e4d8214c328fc6e919e89d9676b349ae120a713b5f,167,0.000221003416070631,stitched_market_reference
1759963583,23536094,0xa7523558d18479334625afe0c931c7af5c500e91b8ff86730f0a2a1c77b3e79c,22,0.000220821719730925,stitched_market_reference
1759967207,23536394,0x39e0f66beb14d5e2fd1d86f31296b16d1f9e8e9fc6869a3b669ae7ca6ce6d1eb,321,0.000220782327008648,stitched_market_reference
1759970843,23536697,0x6eb91671f1bbca2798490ed1ba8107e9995ad86d1fb23a6d9dc83bb764457063,95,0.000221209599703454,stitched_market_reference
1759972595,23536843,0x27ed5d98deefb73106322f0501255b91f144151dacfcabb0399fc0979bf4745a,597,0.0002226635961941,stitched_market_reference
1759973927,23536954,0x80d2390e19d4667c7bcce92dc21207b4166540ba3fd8bb1710aad49d7db65ff8,775,0.000223832015509429,stitched_market_reference
1759993235,23538550,0xcf334a1099ad8a352a3ec3b4d57499ff28b73ad5fc961e48afd4b96f005eafc3,379,0.000225474520116647,stitched_market_reference
1759994699,23538672,0x16c7fcde244396874953d34be47f4289d05a39e93ecd86191782a51e7b902c2f,281,0.000225846355772727,stitched_market_reference
1759996835,23538847,0xf913976ac42f206d55d2f039e838a14e4c908029cbdba027f9e023fed263f366,155,0.000225906575887883,stitched_market_reference
1759996835,23538847,0x75b859346bb7fb79cb04f956a82f132d45dea506f2e5278395fe510975783da1,347,0.000225905714950705,stitched_market_reference
1759997795,23538926,0x2ff726f2fd6bfea63045c140a529979ec9c7ec1a7561df569400a5837f0c5b7b,26,0.000227718576672979,stitched_market_reference
1759998215,23538961,0x059bc1ebd61c8b80af4967b69dbc684e0edfe90b11f05df7fe9ef636e05b1bed,17,0.000228934899330437,stitched_market_reference
1759998635,23538996,0x45f6c982ab6b9235038a16a25b4aa0ee819d77474db0ce8123beb174d882f418,9,0.000230105405536728,stitched_market_reference
1760002259,23539295,0xef5f60ff8cafa38a2ae565d895e6a84ef35b8ff54350e63ceb4a7f0a875fe52b,248,0.000229764823200156,stitched_market_reference
1760005595,23539573,0xbe9bc8d883af0c31d2b3678793f55cd0f102fd04473426b71756754edcee4381,333,0.000231022106453491,stitched_market_reference
1760006219,23539625,0x74cfacbac27a114b4a2d62a164eeb754975add6f73f5390946074e71375afade,257,0.000229868646869846,stitched_market_reference
1760009039,23539858,0x50caaacc744187337fe417cb3b0705d3cc7065bd6f0dc1e023b6a192b20d868f,393,0.000228673832985653,stitched_market_reference
1760012663,23540157,0xfe674ce10a6b4df5a70df3ada979837f49719decf442e35ec680dba026831ec8,216,0.000227654330642265,stitched_market_reference
1760016299,23540459,0x617f80b98b25ce32e05e774e57143349d7f9c1d78a0423f9ef02f13e1c10a4e4,355,0.000227124882113351,stitched_market_reference
1760016839,23540504,0x28736cb607b3044b0622bde3f4ab1721fec4355a8f1f627e9aee62b771065abc,105,0.000228315053977084,stitched_market_reference
1760018363,23540631,0x5ccfd24c68c4962012f92abfd3e1e847ade2897df42726090c00e7910d8aaf23,225,0.000229549213885852,stitched_market_reference
1760020283,23540788,0x3d96193f74ef6e60611c810f0fcd42f1f8e7a8d93cd2ab46bd422891fc31f001,271,0.000230853610156654,stitched_market_reference
1760022059,23540934,0x7ee1a102d202b8232ba76d30e24046cac915599e2bf51c593e73f2080020851e,458,0.000229327429588611,stitched_market_reference
1760023259,23541033,0x8965a644822aaf3f775ecc7bb0f88f16724fff4e7e525d5d52a0c44af3cb3feb,302,0.000230573161099244,stitched_market_reference
1760023859,23541083,0x2822cb46f2bd43dd8a28c7d00640ddc76a07273694bb989f458343685e71cf8e,530,0.000231812321890253,stitched_market_reference
1760027495,23541385,0x4a2e56b29f55dd2e7d702bce0ef3f3e7d6f0fa2824ac8f2acf4933553637e906,277,0.000232090012977395,stitched_market_reference
1760029139,23541522,0xc915e1bf3b3d1eecaa8172ab81bf480aa6c33d200df84457c570e2cc9ef85d60,850,0.000233644114720481,stitched_market_reference
1760029775,23541575,0x269139ac1033d92da6d523f75cb63ea0aebf12e1672be13f64e7bbc654f52e21,280,0.000232331039123603,stitched_market_reference
1760032271,23541782,0xe97a90eb43f5a57814f8abbedcc4ef13f2d13bb2308e68ee681c83b8a4b56700,467,0.00023096827217442,stitched_market_reference
1760035895,23542084,0xe3a44eee201d18d4ba1a23dc7ef7df0bf538ae35d7d8468c31678a61dffc4163,115,0.000232121251747453,stitched_market_reference
1760037515,23542219,0x3bee821ca31c6cac29c7c59a1c680d1ed8fc8884d05594ac1062595dda49cdd5,253,0.000230891561502594,stitched_market_reference
1760041151,23542521,0xba5294271757b444769eb762a6441256d1f76125dc2273ce323065d1cb9770ba,165,0.000230667254746504,stitched_market_reference
1760044487,23542798,0x53d2bbf0e3d2d026228da8e6efd8748bee13d3a60f4ae6afdbda9f48434072ea,125,0.000229453764113718,stitched_market_reference
1760048111,23543095,0x12364f1cff7e9b34a5dd54ea997169b6341ff17bdc0077f6e6f7cefd809efed2,506,0.000229003982856206,stitched_market_reference
1760051747,23543396,0x7c69c3a1a8c84b4b0b25c6e68ec846b65854742a6c3c144594867a0586e64b2e,738,0.000228750700201945,stitched_market_reference
1760055371,23543696,0x59bfabce5c872ec3c5f320968bcf7e86d28e7e45d1556e37351ef97681379521,423,0.000228690049021738,stitched_market_reference
1760059007,23543993,0x97a46a74fb7448afcecf9f899bf05c59d5742cd6e14b316d06889b305d3f2938,276,0.000227825790175485,stitched_market_reference
1760061983,23544238,0xa0b272cb44d8ada2917c5ff4f14292e94a7e2458765eeceb2689e273f6a7f66a,384,0.000228995095868612,stitched_market_reference
1760079659,23545707,0xd9df5488278d3bb54ca8492e8ca495f7754e91f6c29784b4a73fa1289851f2fe,251,0.000230184604474897,stitched_market_reference
1760079959,23545731,0xab0e75aae70c4eec2255e60c58783f28cf17e2c96f5124ec6413c06bcda46cc6,316,0.000231347376264315,stitched_market_reference
1760083223,23546003,0xe378725dae559bd7f14e27f9e3f97bf1ce60f431459cc20751a4625dbc3e9554,225,0.000231160560256363,stitched_market_reference
1760083223,23546003,0x03d2a80a72099c6a50be173c120f91942dae58bc53c7c7fdc6ba7ed786f0f54c,246,0.000231164456207872,stitched_market_reference
1760086679,23546288,0x3aa5566d86c7074b00e19e49526a8620fccdd8c17344d69a841d0442a373ac32,206,0.000229978823482638,stitched_market_reference
1760089859,23546549,0xd4fb68d4609551da3cc300982e7e02408c002717863d9751f87844d48d1689ed,363,0.000231275815883708,stitched_market_reference
1760093435,23546846,0x0c6a71f6cdc2b41a80fcc12f6946e3887bf9e5c2fbc8e1c0c9d8f4e833f9470e,895,0.000230057653233804,stitched_market_reference
1760097059,23547147,0xc72e0f72336c3c96e49f6f3ac62d9125207ee23287620e74f70daf5fd794c6ff,126,0.000230302180189538,stitched_market_reference
1760100659,23547446,0x7eab469820d2e722a15724f8a144d89c37126ad12d79c739373abbfaaf30144a,199,0.000230169740098247,stitched_market_reference
1760102435,23547593,0x2e0b46cb304c2fed78fab39d57b17182993ae7c67eaeb13a06bf28bb44b910aa,117,0.000228937129372545,stitched_market_reference
1760103611,23547691,0xb640bd4c67cca26843776afc739df2485497adf2d3e011f481b591c7bcc000a0,453,0.000227673275919409,stitched_market_reference
1760104175,23547738,0xbfdc715163103709d0e1b98f46450dbb70154995aa0882a1f2f3881d31c13d9b,110,0.000228852922075847,stitched_market_reference
1760105807,23547873,0xa995e0c2a410ebee9e096783e3a85e06a13095a831525a12f967436d48065f8f,181,0.000230010548231992,stitched_market_reference
1760106275,23547910,0x060be42853643308b70e852b3eceb32b06614f78dc516b43c2c156c09e32aa9c,12,0.000231178161223358,stitched_market_reference
1760108375,23548081,0x1d6eb5d09e03a50341b9c6a9e84907356852ad6d75c9d4a7b8b4b62db77cc2f2,896,0.000233065980335273,stitched_market_reference
1760108495,23548091,0x42bba2ce7c3034a1af8b75a0b689cdef2c78e73b078ed0b05f0579d56b54f75b,1100,0.000234340592383362,stitched_market_reference
1760109491,23548173,0x83550273cf28da553715c3fd64d63a700b3bdfa48cc388abf047e02a068bf6c0,388,0.000235672854976882,stitched_market_reference
1760109671,23548188,0x692be82a0509d799a784e45a38ffa35c51df619fbdc2afd1a22bc8a86c779efa,290,0.000237039379046339,stitched_market_reference
1760109755,23548195,0x75f5f3ba3b9623be7a138d53edfb97f1d80edca37b0a86840a6c8744591b5201,51,0.000238581627505107,stitched_market_reference
1760110211,23548233,0xf537da7d134f69bc3e8c10ff677f79e2d5d2ecdab9e2346f03ea8b055156eecd,437,0.000240059153793011,stitched_market_reference
1760110271,23548238,0xe4dfe3388e1e7e71f266c8bb6f8c1d4bd313e38cd3c745fffe93aa083ecfdc48,26,0.000242402348692699,stitched_market_reference
1760110331,23548243,0xfb97a3fcf678698389650ab41c0bc1b722640186253e8c2faa3cf5e59351e956,34,0.000244858269151752,stitched_market_reference
1760110427,23548251,0x39f92df120c715fa5bf1a7e183a76a47922ab6f964e0bea701e09640e6d737ba,1216,0.000242317882005719,stitched_market_reference
1760110523,23548259,0xbeec366fac406c0d43f35b1e6c19bb8b8281fd2fd5793052be7b96fd6299e9c2,196,0.000244083223269019,stitched_market_reference
1760110715,23548275,0x352e904d5be68ab732661065b94c98ef5ec1f9356e743d3ffe65988d34292b34,59,0.000242446844007625,stitched_market_reference
1760110871,23548288,0xed85395b448bb511fe00673572e00f1bf377ac4718a875eca6efb57a83e7dad6,571,0.00024424123719903,stitched_market_reference
1760111015,23548300,0x0d864e8dc3e9a05f7a9cd7b937efe9a86905836cf9be29607a71430d82d6bf8c,677,0.000242572634020215,stitched_market_reference
1760111795,23548364,0xb828e3e4a68a2a4205e2c11568a384337e20247bf7bd129fe76d5ec16f165a65,108,0.000243850022995081,stitched_market_reference
1760112431,23548417,0x30654a38ef816f55de20cdf931973dba9709367f92e6cd9b649b65f9695536ac,277,0.000242515655053432,stitched_market_reference
1760113115,23548474,0x4ac22d775a791825b204665b087f71f6bf7d93a29025509b602c881afc2b8499,171,0.000243806295461935,stitched_market_reference
1760113451,23548502,0xbf00f560e05cb947e6e50f171a06c3bf2781984929d82b18622733a41df7529f,241,0.00024236551668123,stitched_market_reference
1760115035,23548634,0x91be211911939acd64688289f55e3b1cbedba13a2ccaf8e10e37843ad0d0430b,349,0.000243613507255905,stitched_market_reference
1760118647,23548929,0x53cbc9de9dcdc94acb06d284a4c66482f823e097d4b53d65c8512fd1977a9ee9,36,0.000244145808099554,stitched_market_reference
1760121647,23549177,0x7578524936bdd4163e21e81ffd92919af03ae30beaeab24b31ea8671f79c8863,138,0.000245701603053247,stitched_market_reference
1760123207,23549305,0xccf553c7ae43f5af983555d1f0c354acb30f94ca097c67a37fbf3b7dcdee1aeb,2,0.000246989183753366,stitched_market_reference
1760123567,23549335,0xdd53ca51022a6094d3e66e70166900a780f841dfde75f0a7a2fc1c4456421ae6,7,0.0002483541415672,stitched_market_reference
1760124143,23549383,0xd15f785fff522f6a5cf3f19bff488479ee156f52c89205305ae090d3f5cc31b3,381,0.000249610025081631,stitched_market_reference
1760124407,23549405,0x28ccc3d0b7a8043003e3d16240535b98ecb54899651cbbbb2b190fd26bec1f16,41,0.000248248075046494,stitched_market_reference
1760124527,23549415,0xdc7c041ef0cf53b12429ad7f183e37aff3caa145dcd5b02f6280bc851cf3cc01,576,0.000249988066775946,stitched_market_reference
1760124611,23549422,0x739cc18b316927e270d449c673bfbdf3ad23e326c707a23fe2d0a43959d0e2c5,6,0.000252172131561026,stitched_market_reference
1760124671,23549427,0x2f824496b72ba5a5e728368cb00e480c8db3e3a550421fbc857c7880409ce277,349,0.000250634801642077,stitched_market_reference
1760124851,23549442,0x5acd14c5d994d49ef5290cd388f762b8ec06105cb5b43aebfab3a0511261aa1a,632,0.00025229765603141,stitched_market_reference
1760124971,23549452,0xe1ba24bf2ffbc37b1c4da0e3632ff1d92129e7d2ab0e65f0cb7e0716a266c2fc,543,0.000251024264407156,stitched_market_reference
1760125331,23549482,0xa9f8a429a3138ee85956477297a5e2eb67596482c0bcc524774cd146a92f95e5,335,0.000249373294506829,stitched_market_reference
1760125547,23549500,0x14ddad6780251f22642ca7d9ef13d35420d8cc26298950790fa4c49a2a02b2b3,370,0.000248069446960129,stitched_market_reference
1760126087,23549544,0x51f5b62b2d4cba95d2a4640f10f6c3bcb0815731f468f8b6117731986130998b,338,0.000249355168193265,stitched_market_reference
1760129447,23549823,0x90013279bea86ac607eab183914c8f519306c7ae4e6403f5538375ca4addd5a5,1082,0.000250660694423876,stitched_market_reference
1760129615,23549837,0x15ef6b6f56a21793846601ad1fc94d6d43618736ae64693905dbc37373f3e7e8,205,0.000255791672924176,stitched_market_reference
1760129675,23549842,0x6bec35bac90167d57aff9f45ae43a80c745b634e7badb4148651df0f969c341e,216,0.000254114185136234,stitched_market_reference
1760129687,23549843,0x3151ae4c4b09fcbdd793840012cd19a1bb44058323c1243b3c3bba5290a005d3,146,0.000256796390234855,stitched_market_reference
1760129711,23549845,0x9ff3063ce86d36be47a56c292ee94f362b297b44c450d985936816e537148abc,935,0.00025502609269073,stitched_market_reference
1760129843,23549856,0xf06038c61cac43099273a1dca1ecf4d636e9632be519e8474c67bbe4190d8ac9,369,0.000257644175489192,stitched_market_reference
1760129867,23549858,0xee1adc8d3706086a3db359b2bcd437e32b1cba0421a6e64ad1f80ff6ba0cae9b,76,0.00025617168443169,stitched_market_reference
1760129999,23549869,0xa8b97e11ac7111ffcabd0b0ce3ad8c55ca81faf6f373adbed228b70b0bc5ead2,452,0.000257724848425481,stitched_market_reference
1760130143,23549881,0xbde650d4e6a935fe6aee9378de90cfee3c94811e23fb206e3a5f0c23e6e4efe4,165,0.000256387157906614,stitched_market_reference
1760130707,23549927,0x6028d7b634b5be55043a5fa5c215e33f87b6d85231654add964a9b53a852e43c,239,0.000258252100037196,stitched_market_reference
1760130791,23549934,0x322ba138e9bbfee6f5afe8a626ca02fa66bf9300891d8e7acdfb1abb1d83a9e9,193,0.00026276687858515,stitched_market_reference
1760130827,23549937,0x97815a1cb5244efb04872cbc529dd869af92131c1d80d9020c6ba789ba5a5ff3,2,0.000269045107656241,stitched_market_reference
1760130863,23549940,0xf032f558b4d924dd5d8ebde03212ab5e250097d92465b324eba70b1709f7a0ec,944,0.000266353417110461,stitched_market_reference
1760130899,23549943,0x3adef25b76858e609f1c53906d346df9b83af5eefd437b971bb6ce327bc245f7,387,0.000270290125851203,stitched_market_reference
1760130995,23549951,0x9ba044713fd8e431cda5022472b47e6fdf825db279ef6f92c8f3c8ef003a17e3,198,0.000265194957557431,stitched_market_reference
1760130995,23549951,0xf614acf763a585a2524475569934cbd9c63bd563a395c33741b9f3d2de0b5203,276,0.000267760113947728,stitched_market_reference
1760131067,23549957,0x2b55715ed1d2efb9884454e76a865d0b429d96fcda90958e47e63cb2dd9778da,186,0.000278982281275143,stitched_market_reference
1760131091,23549959,0xa2201d23e14b517f922c6015a6437403b8e15e8d25677000347887bf0fc304cd,766,0.00027382764705979,stitched_market_reference
1760131127,23549962,0x987cdef3ca698b5011d61ccb0c87c2999729239d7df2dacc4480f9edf9bc2705,812,0.000278136815981752,stitched_market_reference
1760131211,23549969,0x92f7769aa496ae565c804a15317ae5d0578d6b209e8285ca94f57ad93aac64be,79,0.000280038219361488,stitched_market_reference
1760131211,23549969,0x235ccf91aaaa2a5d6f5c3820867e7ec5b6fa5970e4b305ee56cb8afd6675f511,440,0.000285652207126337,stitched_market_reference
1760131247,23549972,0x951073f3b3176391375002a1c1047b47e229843cccb5907d6f8dd68bb5a0e972,659,0.000288589028750345,stitched_market_reference
1760131295,23549976,0x3ef9ffa52e77d7a42169cf58d29a869287b99476d98f6f4e98ddc647596789e6,427,0.000283756474674236,stitched_market_reference
1760131451,23549989,0x1c430115e87f324b16846b44f887060ecefe8d025ab75c03da84b6cb805583d9,216,0.000272684687322764,stitched_market_reference
1760131535,23549996,0x1794dd660e3faa3e987309609f10d3c69970649f32c6052657f4e36bbb71c2c2,554,0.000271969910633721,stitched_market_reference
1760131535,23549996,0x61970c6e5bab4451baae55be27b8f0b0ff3fac4ae852099a58d4f1817d49cbff,602,0.000274524790329631,stitched_market_reference
1760131679,23550008,0x3ff3eb25c80bbcda803a11e8df74b00614b0f52bb0d3b6c34471dcd6ee0eefe9,53,0.000278038417193527,stitched_market_reference
1760131679,23550008,0x63d05143b94ebd5bb90405d34f1c16fb9a6bc3914e7f474690dddb806de79897,56,0.000279963777252835,stitched_market_reference
1760131883,23550025,0x1f5c5dc08f828e13794a4ab969569233a61fc32b38bf55ad4fc9e977983d4e9c,108,0.000277968056364842,stitched_market_reference
1760131943,23550029,0xf63544eef0821b3520395ee3680db5d41fe75ecab544fd2c21044dc650b727ec,182,0.000271833493467573,stitched_market_reference
1760131967,23550031,0x0ff22523efef67f3e9be4e14562bf5e35d1f2770c03c84bfc68179fb99405ea2,385,0.00026784745441267,stitched_market_reference
1760132123,23550044,0x851f2566d1128eea60993af3b2ae339e310561838366473d7f404243b40c9ac9,450,0.000265596311143343,stitched_market_reference
1760132231,23550053,0x45bbb13613f1414d9449dc269fcc177bc63fa59c8668b208b232a8c692670ebe,170,0.000266415869043729,stitched_market_reference
1760132327,23550061,0x494977a3a116683fbfdf5fbc5e2744f4b4bc11f1ce653ed2a1a7f0a11bec6d2c,266,0.000269809396076002,stitched_market_reference
1760132543,23550079,0x00fa76f7b0139c4dc8c38970a0c77c825a908937f30de7292db8a9ded67cdfbe,377,0.000269055824155862,stitched_market_reference
1760132567,23550081,0xd4330178518d0086f9a02c105e1ba9c55c8097bfd6c70646fb2fec46a4335c08,238,0.000267514538450976,stitched_market_reference
1760132699,23550092,0x0ff83963a5aa6a2ded7e63adfe3fbb8a8d377d0f79c149d2188eea1df5bbb587,125,0.000263003315490877,stitched_market_reference
1760132843,23550104,0xca05280bc47d78334cb5813805870f5e11885ac58c9ed816c989bae064cec8a6,449,0.000258526404901446,stitched_market_reference
1760132915,23550110,0xb04295d6bd00aa21f9f6c5a2c3930974db4cfa3daaeea5a1bfcb9159c89cd5ac,948,0.000261452465069281,stitched_market_reference
1760133047,23550121,0x90654facceed91b286baf0e4a672c6d15ab632adad71175d19963692617c1d4d,840,0.000260052741192509,stitched_market_reference
1760133119,23550127,0x94bfda063198ec375621f4b78bd559eb426b1b7f1888846a748e872c07ed84c6,59,0.000258133798939565,stitched_market_reference
1760133143,23550129,0x83b710364c668b724e883693b81c9e42f0cc91d7a1ede396cc6cd1b5378de7cf,685,0.000255338342716351,stitched_market_reference
1760133323,23550144,0xfdc82b5de8f3862af0dac3bd61c85e81b80aa23d2ef8a778da2fa3c62fcd6094,576,0.000256699041307339,stitched_market_reference
1760133431,23550153,0x3c1f7e7039730c942135cf7fce71e36f88ac607bef56f2b94f440cbce3b45d54,601,0.00025369515875273,stitched_market_reference
1760133443,23550154,0x2b2059428364554fbfaa22e2ff6cb0943d17ae28a4f1267c0952ace1cdf5d99b,96,0.000252373973609447,stitched_market_reference
1760133803,23550184,0x2c1507a95d243111ed2cf422bb453c75128a74ad30387adcad6e5958bc447843,123,0.000253983040215362,stitched_market_reference
1760133899,23550192,0x335c0b27dce41157ad67576993bc6da5fe5ed245b47585e1bdc4db4e5a70daed,418,0.000255956756824818,stitched_market_reference
1760134007,23550201,0x9a9d854a4b644feec766ab2d1c7531ee74d8600b4626d3617029f610b7628fe2,280,0.000257890285842219,stitched_market_reference
1760134223,23550219,0x0e0fff7e9c601061dd66f07a318eeec1cfb0b83da011038fd3b6f5778f88222a,309,0.00025579491694899,stitched_market_reference
1760134799,23550267,0x6acd57dcc6c2d133699137bd0e26c4deba568aebbb7bf5e211fb7239ea2276c4,311,0.000257238478398258,stitched_market_reference
1760135099,23550290,0x0e752789b1c7c276021779f7f7c86a3ed0089cd81411c759ef2a2996b1cb8c4f,85,0.000258804799971015,stitched_market_reference
1760135447,23550319,0xfa48ba21df679bd54c643f99c42c38712a4d5dec77036220c558b52321971483,342,0.000257230262948308,stitched_market_reference
1760135759,23550345,0xdadfbbdd7f1b3b98f057fd97e7e9a9f98fa7c7e55f592ec668cf8fe994c441ba,386,0.000255768171800518,stitched_market_reference
1760135939,23550360,0x7648d7844663eb719c298efc3fef2089a26aca3beb035916fb7543bdbdb56d4d,405,0.000257159036441994,stitched_market_reference
1760136539,23550410,0x2e7ce9b2ced3dde67e7ace04a59c0eabca7b6eb145858a6d9e07e8a8eddbc039,230,0.00025548772213082,stitched_market_reference
1760136659,23550420,0xe19348b5b99ced4f792cd1978388ac7f655a1da8c982304feac39b15cf5ae918,449,0.000256875576833564,stitched_market_reference
1760136983,23550446,0x50eae4c13aba6feb6aef119d3538eb048e54a42a54f00f69123555a3e3a81e4a,393,0.000258962039297447,stitched_market_reference
1760137439,23550484,0x0eceabab4b12ca31b768e09cd0f4b81fbfe26f853d38a235393b4d4150787c02,240,0.000257611180191805,stitched_market_reference
1760137583,23550496,0x01652d235c3dfda2b1e5f2fc05543e39b3f195387e107bcea081a18514b78cb4,507,0.000259250536001357,stitched_market_reference
1760137943,23550526,0xde065f9189eb482acfb837aba3d56b267a97bb9972bb99e513ba4d322df95007,555,0.000261318446206186,stitched_market_reference
1760138279,23550554,0x05bc01ca6b93d5bc576c088e95253c1445f525a8cf05fb555b1edfc42171bd51,221,0.0002595962917415,stitched_market_reference
1760138843,23550600,0x55d854ae706fb71cbcb51b81b7f19e84ca645b04df9b91f149026cd4b2df6655,403,0.000257237848628799,stitched_market_reference
1760139623,23550665,0xa3752f5256daf0cfc9bdcbd84c29684bcbbea008f7c041ef3cee420315281fae,279,0.000255913441854,stitched_market_reference
1760140043,23550700,0x8425e011711194f3885eee214903264571577a0434b17cd51165c4a04f54ab9f,236,0.000257253227855328,stitched_market_reference
1760140199,23550713,0x2ea1e5a6f422261d44316d2e620f576bb0d173eaf8cf332637cc39dbbf8d6790,574,0.000258831195716602,stitched_market_reference
1760140499,23550738,0x5370632e706766b2484650092fb4fafd6d299b4c4c53ad167107dca7343a7546,304,0.000260330698062404,stitched_market_reference
1760141063,23550785,0x458a6fe8e08903f0a4e273a77171d72d35d4bd087ffe3d7d7a930a5fe335e0d7,257,0.000258987529392165,stitched_market_reference
1760141879,23550852,0x6cebe4fb1b6dd41c73563901025885269081ae90ae78d7764be0b81e77c8816a,275,0.000260456612099151,stitched_market_reference
1760141963,23550859,0x36242db5445998cb2e3201da7dcb8989351c1962339f420b2e7008117864b792,507,0.000262251087609252,stitched_market_reference
1760142143,23550874,0x1981245962b23b1a955876d611511949888660a9939256e68c9eade0b38f9ee6,243,0.00026093349985064,stitched_market_reference
1760142599,23550912,0xd9ee213f1b9a05560987fb62e663d1b26e2df183e58de4628b5c6570902b6c48,282,0.000259575292261051,stitched_market_reference
1760142743,23550924,0x926ef92783f2335eeaddc22b871b458f7b9c1390200d34e4c35d2f58d6232a0d,262,0.000261024016473832,stitched_market_reference
1760143523,23550989,0x098f61034ea2e55d48a098608beab6c16a309613444c48264f1a59f271cc7743,132,0.000259615291959266,stitched_market_reference
1760143679,23551002,0xebffc47c890951fa889b05d17a018e6947d864eac38d8a6e6f806496bfd4556f,506,0.000258242901272896,stitched_market_reference
1760144123,23551039,0x358be7eb6b16df66947839aef82dc4984cf15a6d71b5cacf3e941a1df5798d74,106,0.000259541875061692,stitched_market_reference
1760144543,23551073,0x9b73fb995fc8f7ed5eb4f49a1dc4ad13a15c250bb6e3c982c6a33485339feed9,164,0.000261056727801607,stitched_market_reference
1760145179,23551126,0x0ed83d2399be80c9068440889d3999b813b2a3edff1bef26f89ff786bdcad519,295,0.000262471154579317,stitched_market_reference
1760145563,23551158,0x9ae1780ad52c7006465ae7e1e1cd73cacc4306a78660f7a93e875803ef8aa524,89,0.000264420746715241,stitched_market_reference
1760146979,23551276,0x2a0d5b080a1eea593346d315e5865413053515c991e042100cd66665a00c124d,406,0.000266073390836128,stitched_market_reference
1760147663,23551332,0x612dc62289b4df2cc0f17af8bb539d427d45b0f8eef1dc9db8db64842f525b55,344,0.000267583189298706,stitched_market_reference
1760148215,23551378,0x4f9ce3bcfe7406208d5ff265e02ece1a52863f0582753da8c3a2c717cad0e97f,493,0.000266230538410853,stitched_market_reference
1760148455,23551398,0x781e44b7f28c953a978ae117dbdbe37bcc6358b3a4cbd22bebb33de10232469f,842,0.000264447039415767,stitched_market_reference
1760149439,23551480,0x5a79a200bec8549b1d40d81658198b370fce3d773102e0905f862f8a0b99187e,410,0.000262485805774278,stitched_market_reference
1760150099,23551535,0xb5623b1c08be71c13f84b367d44a476b759fb5f97041fea2a81dd61754f00881,237,0.000261168311039846,stitched_market_reference
1760150675,23551583,0x86554dc79e80f3b4d39a2965e2788033798636b272c07d8852343de97a2a3d7f,574,0.000259863944557186,stitched_market_reference
1760151959,23551688,0xc41b777b43a7ce91f67b0920d3661c021aff2da38c4ded37aca9d55a63c66874,402,0.000261338249628272,stitched_market_reference
1760152199,23551708,0x9ef52c4d1e350e610655b0fc4c4eb6ab84f444df74a27682bf1c4247822ffdab,125,0.000262830946819563,stitched_market_reference
1760152835,23551761,0x5ed1daae0b2d6591004b80c97e55f69dd23d06f2d76d05185b5f03a3db501bbc,212,0.000264402998159674,stitched_market_reference
1760155319,23551968,0xab1dffe48ae2aecfc7bd09731a9f20b865f285b8e768114295568b68432be1e5,300,0.000262399716628402,stitched_market_reference
1760155619,23551993,0x6c22261e9f10a3febeb9724befd0a03178815411292f75598dc09ac64d6ca680,220,0.000263912039077323,stitched_market_reference
1760156219,23552043,0xd9fac6e9056c83c6f2108acf7512f9ec998ec5047bf58bd5b990fe3acdde9a47,145,0.000262199012718515,stitched_market_reference
1760157479,23552146,0xc42f706c7650b7c126131b64a265155858b9975ad4a7c47beb97d2dd2413e420,351,0.000263750519490029,stitched_market_reference
1760158451,23552226,0xb32826da4f38ce68d4c9c73f9262c33b05c7839642be92e4368d648224f136e9,538,0.000262134229419335,stitched_market_reference
1760160299,23552379,0x882cd6b25d346af45914afdfb693f5d858486042dc2c4aedfc4df89d31e85079,208,0.000263557328877773,stitched_market_reference
1760160515,23552396,0xa9448a125d35edcf867e81d22ccdc0695987061d3e424986e8b737c6338f999f,225,0.000264902846089169,stitched_market_reference
1760161691,23552494,0x9c6b38931c6637ee1d94c8cf658fe25be71ab4c63b3499b0ac6f8ad13101fe28,228,0.000263542195008671,stitched_market_reference
1760165315,23552795,0xd5ba5a4331af628f38828b8439e8ef5f7c5f88458bf529f79975a846cd392252,134,0.000263749880727575,stitched_market_reference
1760166335,23552877,0xfc9d906f2c6275f5ad304c1a29dfae567d45c4edf302287b6a27701ebd77feaf,358,0.000265182382574453,stitched_market_reference
1760169023,23553099,0x7ceb323b0119bef77278fbbccff9de5f7b3b6d94dd000d68d64019cccad89ac7,104,0.000266840702061465,stitched_market_reference
1760169371,23553128,0x7bd2fffd000118307cd212364bb4ce1f60257e8d69582da0c97017aa3eee1829,267,0.000265503480776755,stitched_market_reference
1760169635,23553150,0x750d5e8bcc7154388270dbb25c1b4f3d639b66643edfa0fe014e647aca6ebc6e,168,0.000265472015535728,stitched_market_reference
1760169635,23553150,0x1ae11b5941784fd313736221670da7efd2e30a42e3fb8bea1b0c488dbfae316c,318,0.000265793089574719,stitched_market_reference
1760170571,23553227,0x74f4df3a5a116c925a31dde03cf08d260f5236cc4a4cf49536f2d3047d12d0b0,324,0.000264299734862791,stitched_market_reference
1760170835,23553249,0x1f89dc08c185d38115d13e6ddca2b382ed36b362e4fdf002f66aa4f2ff781f1f,251,0.000262504994395251,stitched_market_reference
1760173415,23553464,0xb1f95e3d649a88eaa0b88ff69c0c0e16f73225baf02c0c78c0b67d507efcae69,421,0.000261172579826956,stitched_market_reference
1760173871,23553502,0xedef25d5214013ae4244de94167eedb408cf0091b35ae57b929f4ca7c10ed847,98,0.000259796495874728,stitched_market_reference
1760174231,23553532,0x6396cb8ca8303eb92e809f8ca4068e6c47a182b3abed48eb90456fccd8937609,414,0.000261164349068402,stitched_market_reference
1760177867,23553835,0x43a1a733de2ecc6fd79de720d690fda71f3a89cf406b6185a67dcc68ddef8231,352,0.000261062042026986,stitched_market_reference
1760178407,23553880,0xc4fb67183630dac27a3ae2f21f076e131e323694084b111db506f68277edeb35,304,0.0002595831633199,stitched_market_reference
1760179751,23553991,0xb9cf21b2509ad2b3a256b5b68b401ab05db52dd86a51a6aa97089095fa3f7c8b,256,0.000261047557903323,stitched_market_reference
1760181407,23554129,0x32792febd097ee6ffbd247d2f21ac0b60e20df5f1480031519c4ac0d458f32b9,737,0.000262489145557159,stitched_market_reference
1760182031,23554180,0x5bea656d5bb57aa8087a8ed04d84a1b3cbe89032b77f986a335641e1abcbdb67,313,0.000261063606372876,stitched_market_reference
1760185727,23554487,0x477981284710cc95ba231dd020df7dae4d64be2918368297fd90980979c88bd4,574,0.000260382572285642,stitched_market_reference
1760186867,23554581,0x97f51bbd7a26e28966f2e2616e12ce94d59d5c390d3050240d4c6d58847c1a97,220,0.000261806023919736,stitched_market_reference
1760189591,23554806,0xbb2a4e5c37b976d69fa6c10ed15c10ee9eb3a28b3095305eb2dab1e24d695e0c,526,0.000263645830470717,stitched_market_reference
1760190467,23554879,0xfd304be0aa15314675b8bdca461e18380aa31fe3cdc86a1b6c7f4ddf65e9d605,236,0.000262309568750019,stitched_market_reference
1760190743,23554902,0x9d4f249e215910e0ff1f7e45aef2a718932def3c7eaab0907932559a3976418d,325,0.000260919707764381,stitched_market_reference
1760192627,23555058,0x9ac3d6c2c426c0c2fbd3fc1ace290d32c576c121b8f9256a8bf9e16e6b4d9e2d,61,0.000262250132087871,stitched_market_reference
1760195183,23555269,0xbac41226b3148a231bd8cb3945247f1d2f8078e0c84e8ea93e6091eec4e0b4fd,305,0.000260830181795678,stitched_market_reference
1760195627,23555306,0xb090dfdf3333b37b1b8c37c55cfb8f512e62b62d2167427bbd654dbd54bcb1e4,870,0.000259447323560331,stitched_market_reference
1760196947,23555416,0xfc41af904180275373dca23869fbc4d5818026b9f22fe4934ed487db88ac774c,116,0.000260762915981477,stitched_market_reference
1760200547,23555712,0x3bf8b211a1933fad6ad0605a5a3f8b532df7e9d84a3ff50f9b21cb5da0cb052f,258,0.000261536136292262,stitched_market_reference
1760203487,23555955,0x553e1ca4b7412dac2d9f6c2279e2e0e16a03dc55946dd16e9438fb1d0e123e4e,777,0.000260233272320625,stitched_market_reference
1760204363,23556028,0x3aea5539d40a7b520baaa7f873c16a07f9ed0d4c7d30f86bd79ce82ce38f8033,53,0.000261571885720975,stitched_market_reference
1760207999,23556327,0x9d1442c811787a19c4b4fbb29d9d71e40fb5739349f991204ef39f15858b56c5,166,0.000261556014844461,stitched_market_reference
1760209463,23556449,0xaba1d98df833e3576ef8aca17230b64a6d88e7fbd5079c74e146361eebd36fe3,226,0.000262955639007623,stitched_market_reference
1760210003,23556494,0x8751a9b5b9d2d28a131191e0e7fd154ecc1cf40ef4875e78b0d198d296f56c23,567,0.000264359348379504,stitched_market_reference
1760210507,23556535,0xa3b44f17763bbf04f038666997a24dc46dd583292a531404a7e44864ecc8a511,775,0.000265822489724099,stitched_market_reference
1760213999,23556826,0x8623c3c4a271927f9eb9e6bc294f82a8dfed765867c773c4c97e890dee0ad930,341,0.000267269086658387,stitched_market_reference
1760214515,23556869,0x4e7b87eefa041b3d6015760f4ca5cc668bf248744cbfc86ef97bdbca6e6fff5d,201,0.000269182131916291,stitched_market_reference
1760214779,23556891,0x082664229565dc7421c9ee7b3a8a1c3b59f06d07e847aad0ad49644bf61fbb23,139,0.000270607455660831,stitched_market_reference
1760215679,23556966,0x2f1a52266b8ef334a0890e22bd109cef5c027827040818b9de5cad9ef04905bc,360,0.000269042702090533,stitched_market_reference
1760215799,23556976,0xff508e5a2d8cb21f32617114f3a48b6545c962a45e6c01ea366c3277674917f7,202,0.000270443909372744,stitched_market_reference
1760216183,23557007,0x5d5723dfad25fce0feb6f76c7143acb0ab75c0d9807930d130b0d3bfbfe01b2e,408,0.000271855511704684,stitched_market_reference
1760216375,23557023,0xeecc2d4ada1fa9b585d1d1ccb85121d82fb282840967ec14cabeb947543f8c0e,415,0.000270315121336717,stitched_market_reference
1760216639,23557045,0xdaf7285bba6475f73b99031e4796acc73de7d098f2d6e4dc1509ad8c50ed1127,31,0.000271775857372755,stitched_market_reference
1760216795,23557058,0xa97bbab175407083e1899e93062ff31f2a66ee2c4dd9aee0d7d79c4d32f69de0,80,0.000273416474126734,stitched_market_reference
1760217203,23557092,0x1da156923abd6f2df5127f1f39d0685e2b5cca8e70279ec473efb13f4658fe83,476,0.000272021107853684,stitched_market_reference
1760217431,23557111,0x611c59992052e9129d5a1f1649f47b7f9091dfaf6d22f9152897e31f279b7f1b,823,0.000270628209938677,stitched_market_reference
1760217815,23557143,0xa486b3224ccc23565017b9b9d4a81c5aadb1c36788c7bdb11eaefeebe5e9f92a,942,0.00026883644433805,stitched_market_reference
1760217935,23557153,0xb2665701bb01ff7148da8f28c95ba4a9ac4343a8672be2912591ffa992a5239c,558,0.000267350007931557,stitched_market_reference
1760218475,23557198,0x2ac4eff04a114d8ca47e45f74092d777ea61a13a07de07da71178e248995946c,683,0.000268830974377865,stitched_market_reference
1760218655,23557213,0xead85622d912e90726ea64e8fe6e12f008a947f4fb07177a4abb229dd1f00b36,354,0.000267447071649518,stitched_market_reference
1760222279,23557514,0x349f5caf672a131d6fe586019f53c0e39df69e067064d2e06ffd1397b2141355,313,0.000265999944279286,stitched_market_reference
1760224079,23557662,0x53e2edb2a5b08c2df5d470a5ea551d8a9d491d013fde795af4cbecc8ebfbea55,87,0.00026743273746483,stitched_market_reference
1760227691,23557961,0xe3c4e424d9385c5ab72952843d60278e1e7bccebd1449415b75c1f8efe25810f,304,0.000267314775458266,stitched_market_reference
1760228939,23558064,0x5165c3a3e5905d7a671b544f2c8fdf15ffe6ffe8e8fa51c2556ac86021424041,451,0.000268685151614198,stitched_market_reference
1760229203,23558085,0x4d69ae41da19ade94b0801f45af4aae118119deb1b932922170ae939f622550b,274,0.000267070603474753,stitched_market_reference
1760229419,23558103,0x3645a0844052576c506487d2d2fc44a7de89cac2ac9e123ba31a50b650cb1f51,17,0.000265502957779006,stitched_market_reference
1760229683,23558125,0x6a4146596b0d78497979e4be1a05ac4956d7eeb76410d39077b2c7ced4531f64,666,0.000267067750301133,stitched_market_reference
1760229719,23558128,0x9f9369d7721c172acb8d54b14a2299c5b141aaa9c84e97cdc537a485940c205a,422,0.000267344556403871,stitched_market_reference
1760230319,23558177,0x6564ef69cb35d8931bce8320c048c08af880f612b4333b421ff1ba781573057f,610,0.000268769113950481,stitched_market_reference
1760230763,23558214,0x0c81033ef7a18d15b49d1b676b24eba6d4ee63f36ca9bb8e75617fcba0d64c38,2,0.000270185114238101,stitched_market_reference
1760231171,23558248,0xfd504944225cd74af05505e32625f9b3469b9152b21c1438fcf990d2b331de0c,843,0.000268206862386296,stitched_market_reference
1760234783,23558549,0xccec2c7eab13dd3fe00d6f04ba5a727e17a1bd804b4a9b44cfad4ec83bde2d56,27,0.000268985931238634,stitched_market_reference
1760236019,23558652,0xa96e40946fc6dfe7702dde12cfee783fcc719dfd250220522e5266e9aa78450e,187,0.000267627201435534,stitched_market_reference
1760252459,23560015,0x0ae458b691e6ea9a30a3977c8ac7789996827358968c1818738cf9c5813d4edf,113,0.000261445984229641,stitched_market_reference
1760252879,23560050,0x3cffe8acd0f1f28beb01ac6bea931a738cbf63278370c8fa36b0d300adaee1cd,528,0.000260059670711245,stitched_market_reference
1760254223,23560161,0xfa7f84ac428efbbdd8a34d8bc2b6c4b1be93a7b24754be1d00af7c1df325d4b3,1218,0.000261374786794361,stitched_market_reference
1760256035,23560311,0xf1b466b66c7d5ecebfbc76ef9ecc9895badc36e58c4e0f432f4f2938c574092f,18,0.000260900233677353,stitched_market_reference
1760256035,23560311,0x96b04b51744c2dba71ca1e76623d80d71ff55bcb2aac14b3613364b03470a210,54,0.000260897548902826,stitched_market_reference
1760259731,23560618,0x1b5a7cfe385fad251678dea25dd21cab1351ec6831f488032767ed8045e0126b,579,0.000261503117207517,stitched_market_reference
1760262935,23560884,0x7187ba23e4634aad4e4ffe8d5f55e6a207fdf01532cc658f97edaab75d02d856,308,0.000260107123797057,stitched_market_reference
1760264411,23561007,0x7a13c325d8345023153ad01c1d6932ef45f9664b21a9861cf780fafda5bb6265,74,0.00026158508416656,stitched_market_reference
1760268035,23561308,0x8736709c1d64c4851f5b2425f1c7c92e77882a3297a51ea4f5e9762fd1b3797d,18,0.000261680536451889,stitched_market_reference
1760271251,23561575,0x0473cfc6b7cd5ab4e2db5f8c8a9e19ad6d5084adaad08e7de1900a3d5430a99b,572,0.000260320993783515,stitched_market_reference
1760274887,23561875,0x9402dff69cc86dbdf061cf31706129ad8abdad807a0dd29dcb8fb32b664562ae,104,0.000260909608335713,stitched_market_reference
1760275367,23561915,0xd8dae31ca87bc7de76a39048a3d5207bafe8112058ff893cafdaa0c8d2a8d48b,185,0.000262281657268235,stitched_market_reference
1760278787,23562198,0x0f7155c5e44332846f6dc2df0a14a4653919ebd8aefdb87420b7bbaa6e3aef14,185,0.000260965179690695,stitched_market_reference
1760280383,23562330,0x506b4a8a7b66977073687c97dce49689bff256f2d6ce3747836ae8929662980e,279,0.000259029139693863,stitched_market_reference
1760280431,23562334,0xedfad9673e2f553eb410685ed41b5aba7fe9de6b65bc6dca1775665fb0019705,1335,0.000257496940872683,stitched_market_reference
1760280527,23562342,0xc4dd91654bfe510016780c6fab1ab6e33cb370007ab30c2c005391d21cefedd6,493,0.00025393900577741,stitched_market_reference
1760280731,23562358,0x96c6f9432d32ac9850298f400c7053855a63210db269d05bec719385b2143ebb,1070,0.000251366453413104,stitched_market_reference
1760280935,23562374,0x5cdd6526f918aac4fe860d10d32fdbbc6dea9f630271085c5f9955356f16bb56,668,0.000250054854197534,stitched_market_reference
1760281043,23562383,0x82beed6b7ee7f6df13ffb906311ae6fba912807d01f07d424200f51439e51975,730,0.000248523103793125,stitched_market_reference
1760281151,23562392,0xa24d18f914dbacbf05b3ba92b3fdf9331293485212d4905293670c0285cb92cd,409,0.000250172589229228,stitched_market_reference
1760281211,23562397,0x016859935cfc969b2f172fc6d952fb5db35129749ed45788d55d9ab020eccf4c,171,0.000251529524373852,stitched_market_reference
1760281367,23562410,0x18e0b3b8f0862f7ab510f0300a1d1d8c8a4b62bc05c9c8fa45fa6f2c7afa8ace,162,0.000250259671965428,stitched_market_reference
1760281607,23562430,0xf403310e7cf683ba72e37cc2a8924600f629db9a3494c48ad13fd5f3a91b7b95,556,0.000248823209437854,stitched_market_reference
1760282231,23562482,0xcba6112f1b263fb416100c70e330009b6496dd9f01f62733fcbd1878537ad5b8,432,0.000247187754586954,stitched_market_reference
1760282387,23562495,0x3c9a6de23af1969a5c0c7c5a6d9b772039d8bd15058a9ff12e7fedd287f39a59,494,0.000245793142537645,stitched_market_reference
1760282867,23562535,0x9563d44a1c971afeff399a6021d2eef3a8f9fd3484d395f6722f59800cbce457,426,0.000247520794560239,stitched_market_reference
1760283191,23562562,0xc5e9d6bfa769f18aa6bbe30cdc1e84a4d14f00644f5f80d4c79e44af20c22f09,581,0.000249056852655332,stitched_market_reference
1760283371,23562576,0x09739f8568983b76ed3467bd3f78e43c5998a325b4749512670dc5fa741ec872,507,0.000250609688255048,stitched_market_reference
1760283491,23562586,0xc6f5ea63ce00970d9f235a59498db76a037a250bd48f133e22600b12a6766f12,492,0.000249355201451761,stitched_market_reference
1760284151,23562641,0x9b33a34e0e968770ed79cf89c31f4ea81c186bd437834f6413bd0adaff4807cd,145,0.000247932018236027,stitched_market_reference
1760284991,23562711,0xf8d8e3304fe823b43a6ad1ee363042f03569aa74bfa62c4d6ba79fe55a0193d8,183,0.000246326665746999,stitched_market_reference
1760285171,23562726,0x3b77be215b7c270f72ef9e22fa2c4f2589d136a6c059b286252877d11eeb537a,836,0.000244709075894406,stitched_market_reference
1760287103,23562887,0xf339e85c60c4b82702819085b14b2cabb677c50cffdf0b5d6fb3ec86568fe55a,883,0.000246277524782956,stitched_market_reference
1760287523,23562922,0xfee1e2ec1d358c60587c5354abb718778239b3da9e9a4b2a91690adfd0adc89a,486,0.000244982311852925,stitched_market_reference
1760287559,23562925,0x419c8a222adf88484994c9f212dcace95023cccae31bc0c67e5bab08445ac28f,343,0.000240535189524097,stitched_market_reference
1760287715,23562938,0xa885c68091e2af065361a1c10e7a4dcfe61859b928c92fdfee448b8d143805c2,337,0.000243057841995621,stitched_market_reference
1760288987,23563044,0xe499e39d946f5e037fad5334d7cb99e1e8017dfad082c7b507f595107b22eba6,678,0.000241218853220853,stitched_market_reference
1760291495,23563251,0x093488dea1729d29434cc9027e2429221af158478098e5e3b726d5ccab16d680,687,0.000242608862045922,stitched_market_reference
1760292383,23563324,0xfefc0d4773b12a498671b2a663e6b815a2399a24869a465ed46aa31366249a02,381,0.000241352687601071,stitched_market_reference
1760293643,23563427,0x9533c5bdf26fbac4769f0a00b6a4067a76586bfeafb8e9de628c8a39f2aad6c0,350,0.000242585316813389,stitched_market_reference
1760294843,23563527,0xfa1593933549f6c7f94272c11c422bba75de0998a156f60fa6bbb4350c30f29d,125,0.000243852531429846,stitched_market_reference
1760296067,23563629,0xb0431d9e47e331e572f7282c69fe404b3db7f0c6cf80e695a10913d42243ab71,36,0.000242636214241864,stitched_market_reference
1760298827,23563858,0x498bcc4edb4aa527ed9f3f417905116e1b05872c01a5ac822343106c7621193c,374,0.000241389393284682,stitched_market_reference
1760302223,23564140,0x6b096f26192b6cab34bade967a91a569e53ede914fd92580ed1ecba6bae4c140,230,0.000240162885785017,stitched_market_reference
1760302343,23564149,0xd3285610a21648a4c253a92fdaee38efac9aa5993fd41f8889d1ef51e7ce8708,141,0.000238798994862189,stitched_market_reference
1760302379,23564152,0xfe1900c3f00362215fc1a738c86bab1b3741603984135127c96b2bb412f22885,123,0.000240001099408157,stitched_market_reference
1760302619,23564172,0x9a3984210e03335d2c4e7c18cc4181fd2ce5f58f4a689d790f2d585d6732a647,350,0.000241787988500276,stitched_market_reference
1760303639,23564257,0xc75d24110b872c79e1369418d33b7ab9d7c3a6272b2d4a4f3010a700f1869fd4,349,0.000240264041976094,stitched_market_reference
1760304119,23564297,0xb5e5b9fbec83231727495b5ff297d937669133f848c35c50e41fe48ad99f9c18,451,0.000241591766127083,stitched_market_reference
1760304563,23564334,0xdcef1af2edd3e804c448a70eea15e3139b7389b2c25ce2f6edf0037fb5cc5eb0,118,0.000243382885404547,stitched_market_reference
1760305559,23564416,0xf15d64d755f2f821e0690818723b2cb79e3dfbc3550d778f511196b9d161d0df,61,0.000242158206702147,stitched_market_reference
1760306459,23564490,0x56e51826e403fc4aaaca1af22dc5d056ecf910a5a82e3dc2c9d09b775b2163eb,258,0.000240779969688469,stitched_market_reference
1760306771,23564516,0x0b922703bdbae92c2a5d7f27668daa2057d11609f211ab541d4b4a2baf7a983d,366,0.000242112375003026,stitched_market_reference
1760309303,23564725,0x3b435fe780018d39662758ed610cd09bdf11432ff04f26e260c3af515039b3e6,101,0.000240838237454689,stitched_market_reference
1760310179,23564797,0xfe3e663341ee554dfe510dd6a37814ff1df9da07ab393c90d21ee52eb704e089,914,0.000242074681416116,stitched_market_reference
1760311883,23564939,0x4022228b925903dfb14610b06843a3d85e876dac0b1102fd7ff218bd76f8c4e2,31,0.000240846567702249,stitched_market_reference
1760314739,23565175,0xe42001ee229b7f753ade58c08da55bb00edaeaff0a6f4cbe404def502a7f5e1e,106,0.000239318271458385,stitched_market_reference
1760315099,23565204,0xb9bdec0065bab1d87bc0123b1642cabac3826c7e525cb1658fe0a6ae74fb5904,87,0.000240604120799135,stitched_market_reference
1760316035,23565282,0xc7a79eda744530f849594403015d8b3452d6e4d076db08578752eb5edb7c9b58,259,0.000241829564110742,stitched_market_reference
1760318615,23565496,0xbde666d441c68d0a0722da57029fadc6868c31d11aad9df5a3bd1669f02d4413,410,0.000240431764913725,stitched_market_reference
1760320619,23565662,0xab04e34d5264252364a0cbfa35fb459c59cb3e73579e092a2dce87d23539e0ac,139,0.000239063119544003,stitched_market_reference
1760320859,23565682,0x337d011f5a5f7736cadba3d2814518d90ac256d094c49f33bfc578c9e55ff712,7,0.000237868101518267,stitched_market_reference
1760321027,23565696,0x202f8c9f515e8cc79a8253d88db775f05de479bb00f6ecc7d306d8a87404626e,719,0.000239089677060077,stitched_market_reference
1760323139,23565871,0xcc1acf44c33a173827912c154163b69e92f64d07f092608c011f98a5c4ad7f04,1230,0.000240437877200762,stitched_market_reference
1760338907,23567175,0x73c9ce388c41fc8c4a2763278d0cf3164d531fe80813d8f30d0f91019dfb5c6d,177,0.000239315002215456,stitched_market_reference
1760341367,23567379,0x6887a2640107345737a49e6f7b8666868f8adc929bdb926123774cb60d722c03,223,0.00023811945285207,stitched_market_reference
1760341607,23567399,0xd0f4cfcbe55a16b1432bdd2853a8edc8852071833aa0aba90496cd5bc7eb36da,839,0.000239514435372387,stitched_market_reference
1760342435,23567465,0x17b300f407ba00ee58374a511e47fe32806e10613805615808d47a3e0c31114d,395,0.000239213880628644,stitched_market_reference
1760342447,23567466,0x90466358513ce34534e73b43ac31e7fe8fbe68807b384523d25833e79927e072,394,0.000239190352022374,stitched_market_reference
1760346047,23567765,0xa86e26a28e5e54c58a39ac5ac8eaeb41ac87d6a45c8ee776dc3ef346ecac8562,29,0.000239463062299558,stitched_market_reference
1760346827,23567830,0x0c38d83a5a24cb3ac10e67f0e3aa50ca5b81f015160a19d3484d881cdb4dd3cd,936,0.000240749882094333,stitched_market_reference
1760350451,23568125,0x7ff0adab1f694b36db6c2d4eea12b3eb028dce23fb5a86f1ffff93b6c15a1751,423,0.00024061608113256,stitched_market_reference
1760353367,23568366,0x0b0b38108041d64bc37747cb69a82ff5be461aa8bb77026e53a9d130227338cd,459,0.000241902715078528,stitched_market_reference
1760354687,23568476,0x2f5b8f88e988db460de5d4734cee606cb3ba08502d5b34533ab5748b8acf868c,226,0.00024328411991192,stitched_market_reference
1760354951,23568498,0x6c4d29584216a3deaa01e3875f72556a3e769c05f6891b3fe33de355d56e4043,1179,0.000245218358603794,stitched_market_reference
1760357459,23568706,0xaae7bf46d25581de295cd619089dfce72ea598083a9cdae938f12436c50ba4fd,536,0.000243783617717481,stitched_market_reference
1760358803,23568816,0x30aa3b338aea0a864fce4239d96b2116f142657bb7d875682e2996f49906559f,107,0.000242159033276711,stitched_market_reference
1760359895,23568906,0xe7f7287ec7e3aee8a7481c813719b5b533cd97b521340421e7ab9e0a76ca14b4,181,0.000243479658482653,stitched_market_reference
1760362283,23569102,0xbd09926094e00aceaad09778d028f5ea19600fef0b032241866974e3cab488d0,729,0.000242232833168597,stitched_market_reference
1760362343,23569107,0x34536b2396a3e6f768687fc9f095800ee43e379b02e7e345cecb9e6e92ee58f7,143,0.000240984357299525,stitched_market_reference
1760362403,23569112,0x1fc9e338af43e4ad7754581d64e03e85e7337c0a5bf0113a47ed79ddc944a121,137,0.000239506527727871,stitched_market_reference
1760362535,23569123,0x4902eae30c2cacd25bcadbc6d87f0c9418085b0528bf2b1a2fcedeb07ddc327e,362,0.000240781334162619,stitched_market_reference
1760362715,23569138,0xab1ab6870fadc17b6d275df4ad3d69f70e1bffbb22eba5bcebbf215884000935,556,0.000242369706768338,stitched_market_reference
1760363531,23569206,0x975903cc72f17fc5d4a12c4e623d01066792f28eeea0e67589c9810a73f8e7fb,197,0.000240896102081235,stitched_market_reference
1760363975,23569243,0x2cf3f9eb2f3034fa49c96b5c3fda5c1194e633fca470f33c642d5b53435cfb95,157,0.00023968207152528,stitched_market_reference
1760364431,23569280,0x790a2acfa153bfa654a79cb059c707fde9495308efe5d62090bcf2a6f842c4c2,325,0.000241243108253206,stitched_market_reference
1760365379,23569359,0xef27bc24b4878175464a77beb269fe6ba0e73cfa49bd326bde76b558f84766ad,337,0.000242773162908266,stitched_market_reference
1760365871,23569398,0xcf08e0356e7bd74b5ac8e56b95c21ce5d8dd275cbeded2d17b7c014fa23d95f0,304,0.000244021800991981,stitched_market_reference
1760366075,23569415,0x0e99014d5fcce491d7daf19cb8a9a8b651165ec79487db45b93848783f6081ae,282,0.000242740333170136,stitched_market_reference
1760366951,23569488,0x73f45c12ef74326d022f85192be063b7ef3a5c7f920fa2244fcd21e7d2b5a858,48,0.000243994028838107,stitched_market_reference
1760368307,23569601,0x776d17c075c4a042acecbd1a62b736914c9e38d0334cf22ea65169b63346f7d5,191,0.000242607655442373,stitched_market_reference
1760370635,23569793,0x031503ee4326584ff9333e9a9b2a76d26e18f451769e1c3281d863342b45c30a,703,0.000240944647456612,stitched_market_reference
1760374235,23570092,0x0720ea4c6eb726e9e56fcc7de40ad029bcf90e2fb0518d0dc138fe794fa62cfd,463,0.000240163762559141,stitched_market_reference
1760375267,23570178,0x4dbcef6f6ef7a2a066ee5f999a7c18bf6b6ddaaa81305aa2c23cc004a6c2870a,204,0.000238720126617029,stitched_market_reference
1760375555,23570201,0x19cefcc46490e60759a1b36ac87ec4d9dcd855ce40b27c9651ade565455affff,540,0.00023997565366592,stitched_market_reference
1760377367,23570348,0x7b50cab6b91f17c1c11f6a6e03588dcef11dc02e92417119e61162d00abc7a80,198,0.000238681008422204,stitched_market_reference
1760378291,23570423,0x1924f41b6054ac87fe4c50a8aa1027206b4b9cb1bc1af81f0b9e59cea37ca7a7,352,0.000237389965471872,stitched_market_reference
1760378411,23570433,0xc49655bca0bac45a438d8a95d1a694293deff8601e0f886c19c325516efbf3b1,546,0.000235964546719174,stitched_market_reference
1760379047,23570486,0x395c49935cae655cdf150269ee34e6333f31f0179675e99c19d4de7d0b607cde,488,0.000237374189780081,stitched_market_reference
1760380031,23570567,0x0ac9ff1ab88975a4676146ccd889b073c9f1518195715190ac805acbdc69660a,585,0.000236113997468402,stitched_market_reference
1760382911,23570807,0x89f42944e7655dab8677cb7403c08a0bf88693fa979960065897e23d02189e99,568,0.000234921580843675,stitched_market_reference
1760386547,23571109,0x452331ab7a3277394351910cb9a993342481f6cbb5a3f502db79898b27d29146,166,0.000234385915558993,stitched_market_reference
1760389283,23571337,0x89137f8ca1b32a607c359e3d36dbe88d67f1921edb9523f36ca6bba0ec8c26ac,365,0.000233040084459906,stitched_market_reference
1760391047,23571482,0xcd8980282a21242af100fd3ad15b177526beac9f464cb6aaa2ab5032b7e82855,138,0.000234218818433457,stitched_market_reference
1760394683,23571785,0x84e57c9c5f881ab928b12b59f1eaeb359f8b4fbab848e6cec5ef4cd9434554ab,377,0.000234837345860246,stitched_market_reference
1760396063,23571899,0x11157a445000da400c4c056d152c0c161586a85b3faa4eb98013168c09162577,214,0.000233614625784622,stitched_market_reference
1760397527,23572021,0xb1a56f0a792938b9ac58132a72998cd3310c39aad92ced49a7331936dbf86db4,173,0.000234791021853586,stitched_market_reference
1760401151,23572321,0x7979bdf91104c2c05e8525e34298f35702141746dc78901f28b3a583c7acd654,88,0.000234875411399616,stitched_market_reference
1760402915,23572467,0x4cb95b0b5a34c1c15300ef8649e841c2ee9f32d874b03afd5bb976c8ca8bb350,159,0.000236115459699402,stitched_market_reference
1760404187,23572572,0x9a10a279ec44e51bf72ba61729dc2a9ae0f5cf2eae944468b51e69bf9f40981d,501,0.000237362529887469,stitched_market_reference
1760404907,23572632,0x979545cdae9fe7fa6cfeeb6ee5d6b2677b3d1e6fd5890ce416f64d333594d23a,792,0.000236102846023784,stitched_market_reference
1760406887,23572797,0x9a50ee70a6d880f2b2ea5a69822475563df68f007aafbe1c0ce973895af495ae,13,0.000237479900313404,stitched_market_reference
1760408567,23572936,0x084c268396ca4ea758525c5f386fa9e6622c7731d8a65938e7daf58844bea0db,342,0.000238674260990518,stitched_market_reference
1760411003,23573138,0x955b51c109e0e2102742f2bbe4294cff1f7de8c1795c565c26684177d5db8c6d,1049,0.000240161225234919,stitched_market_reference
1760425259,23574314,0xc4f03a90dc50ffa1528df9375c8f93bfca9833f1fdc522e96721e2d5460657e3,301,0.000250255268031433,stitched_market_reference
1760425367,23574323,0x8fad2b7a7b76b3f307b85be6599d726a2db3d3d697655603d97d392b163abebf,260,0.000248865401265539,stitched_market_reference
1760425523,23574336,0x704955375773af4cb03d3d9b1f850a45bc4a0793605605530c2d295f8916bdd2,374,0.000250151086220384,stitched_market_reference
1760426267,23574398,0xf737c1392404e9cdb9ecc56fb4ca233c56e8c21b15a5139fd40cd42afc8519b0,313,0.000248802601558048,stitched_market_reference
1760427503,23574501,0xf0c8c5e04ec6e5d6106e708517c942bd299954d73f2630590004d80ce9290067,368,0.000251006566528776,stitched_market_reference
1760428823,23574611,0xd98e3b065de1d698526567eba5b4caacf2224baa6d8b4340f0b9d4fe40b9d543,168,0.000251020468743053,stitched_market_reference
1760428835,23574612,0x529bf30103a059429686f02fd6f5d4f973e362a59079b6371558b19f4f3895c1,293,0.000250999761443367,stitched_market_reference
1760429027,23574628,0x16d4221d4a8aa66e45ea29db3db84e729d4f1617068249964c0fc2e4a5cca02e,370,0.000252334357926082,stitched_market_reference
1760429387,23574657,0xbe87baec9308a4d42b6a2ce6390019d6b7c786635dff83ca93a69e6f46571fe1,391,0.000250977670514587,stitched_market_reference
1760430707,23574766,0xdff086936c71b662066edb0c778e57b8d1c3f68a691a007eb8e5c50e033ba1c8,265,0.000249676011426459,stitched_market_reference
1760434319,23575066,0x605163245fb5d8613ca17812d6c7d0c4c2d3a33bdf10ab1658502a2d61d00ffd,224,0.000248956471188785,stitched_market_reference
1760435243,23575143,0x119c8de5da77b4ab7326639fe5bb7d0679bfaeb19ff75312b44063acb0003dcb,332,0.00025026754357598,stitched_market_reference
1760436479,23575246,0x735549055a36df2a31ff7474f314753791da3615367d41aa4191acdf13f87e52,278,0.000251793604226579,stitched_market_reference
1760437223,23575307,0x2d1f771676a58b3a41f89b609293dac616fe51144cabec558ad234bff68cc918,533,0.000253919890993028,stitched_market_reference
1760437943,23575367,0x5cb5cf5c9aec2a56b97f32346101c4f4d17fe6d86f7fec5a1fa4b19764538f47,25,0.000255436055548217,stitched_market_reference
1760438423,23575406,0x9e0040d08102f6b15c92d589abca236978d1072b2880738972b3d6bb8048a9f7,706,0.000254017704167985,stitched_market_reference
1760439695,23575512,0xca5faf6e201d0ba6cc846fa139a52195168ffe07cfa737d593184b5934f3fdb8,254,0.000252109132672228,stitched_market_reference
1760441843,23575689,0xfc8772798f2011e79a1ebbfbed18b487855eb446a275c7fa0c7786f96f3425a7,202,0.000250740983404794,stitched_market_reference
1760443499,23575827,0x15b83d65e04d45253c5dcce6588b68e1ea349cc8ddf8fc7af0630f6576d33c86,105,0.00025217528198692,stitched_market_reference
1760444639,23575922,0xa0cb263da8a5bf45b4da732d527ab5fce1ed7ddd5682bf87aa168d854fe96fdf,444,0.000253485754057033,stitched_market_reference
1760448275,23576224,0x614046d8035bc752fb8be66aea5efaf90add0ba44dc947caa26bf3ccc12a8e64,715,0.000253824940090574,stitched_market_reference
1760448779,23576265,0x6277a2f18188a74b11a67f6b51283be5bb1d1b84706108183c65c9d18e3df58d,521,0.00025209307052565,stitched_market_reference
1760448935,23576278,0x22b6c31d88b4c99f3594147bd1686cdf6f17b9bf42ec12f1e0738ee94602f453,575,0.000253550103333291,stitched_market_reference
1760449091,23576291,0x625c04731c80a5e3d8e2340a20a7357ec96b30753deb9c3fb099f66e885682fc,529,0.000255688810837065,stitched_market_reference
1760449199,23576300,0x19f7acb5b44a27f926dbe3ce41ed818d558cfe0b57266b281a86f9cad3cd74b8,544,0.000253692274708601,stitched_market_reference
1760449631,23576335,0xea2e4772542cbe39b9620563003464837d5c62968f1e0966e0179813803b45ae,333,0.000252249692220753,stitched_market_reference
1760451371,23576479,0xcb41342a578df1ff514e41c9ed06f220dcb70d758bb10a7e0177c46ab4b513ed,70,0.000250566054195574,stitched_market_reference
1760451419,23576483,0xf92eca891186a402d2213dedc3bc6ae2ab18c2b04404464de43622247750857e,706,0.000248937684064007,stitched_market_reference
1760451779,23576512,0x5a046241b44233b5008587c21649a1a594c471194e25c58d9c3b873261780c96,169,0.000250264687184005,stitched_market_reference
1760452259,23576550,0xe648526076e0a813d4b00d44353538ee7d719e26c7632d4cff123a9baeab10a3,202,0.000251763172472139,stitched_market_reference
1760453015,23576613,0xd944d7230e44e07d800397d32d65f4d0d9b693915f973f5015322cc226366959,151,0.00025010590972034,stitched_market_reference
1760453579,23576660,0xf3c30fac74f30fe98bf38000790e16fc2ce0d7c5dcc3268c29bf8ea55558967a,132,0.000251437127359688,stitched_market_reference
1760454995,23576774,0xdbdf469b90d898da54292aebe8e8c9ad733bb62f8ea43570d29257480729d82f,563,0.000252870182252756,stitched_market_reference
1760455475,23576814,0x368e551f05180c45785e3f37e1d0755a3b8dcbaad1eb047fbf8f95ba74ac2db9,182,0.000251559660447141,stitched_market_reference
1760456195,23576872,0xffb4e783e380853ec0328b38a2739bb200c596b7577f9286a2005fb722d3f4a6,531,0.000250097379172837,stitched_market_reference
1760456639,23576909,0xf4568fc53c32fb7745fb0735b177da5df74b85825d185a9a670fbb775d8e4316,783,0.000248123974202129,stitched_market_reference
1760457095,23576947,0x95343db292ca5ed7f8d37c1992f260f99d4031c5422871b2828a1430b4a0e92d,268,0.000246319281834982,stitched_market_reference
1760457515,23576982,0x8c29618f33b59865c0182117ee528bb2298316e9cca40c75a16661fe6b6b24e8,304,0.000244763913334035,stitched_market_reference
1760457875,23577012,0x046bf2f5e752cd56947271b6b25a0303b4bd02203825065a590b57f071a94348,64,0.000246188136032272,stitched_market_reference
1760458319,23577048,0x8c5a99cdfda4420c200a5f247cf8677bcd3ea3213468a7e63ef8d2a62d73f345,399,0.000244719226005455,stitched_market_reference
1760458631,23577074,0x6fb11121d1a7b0ee05f3fec1579e58398de9af25f234a179e777f7596f94a1f8,315,0.000243355584580226,stitched_market_reference
1760458931,23577099,0x0cd5efde476bae9d532eb5d6c62aa0c99c964abbf18e8b7d7751e6f067a6664a,624,0.000241627863310239,stitched_market_reference
1760459639,23577158,0xa878223c068d38b94ce828d235ffe5a9ce95a69924cc59360a00b1c0c976411c,290,0.000242994296282255,stitched_market_reference
1760460575,23577235,0x148098d959254a9b7e22af273471be752b09a085a572f0c1a78f2858c8ab21bb,242,0.000241754833897997,stitched_market_reference
1760461151,23577283,0xab4e00a3029ace782eec739c3ef629fb4ab35f8cbfd071d4ece88bee6ec69039,216,0.000243715101555321,stitched_market_reference
1760461331,23577298,0xc142ac40a24de6d722dc673b46c81223f5fdc6f55e1703fedb66cc4aa8af2855,654,0.000245956635426659,stitched_market_reference
1760461475,23577310,0xb0e85c29a75c1512c7c720e1150da45fd99e4c367dbeed8c4844fa61f5c095a5,45,0.000244506461727814,stitched_market_reference
1760461583,23577319,0xfd4aadaf84083b0f6741ba1d48ebef75b3803f35de055e34d10f7f07ce4828cf,656,0.000242772066918403,stitched_market_reference
1760462315,23577380,0x0041ae23201603a47c6ca96236b0f92939e03ed478a1edd1fb3db40572f93b37,473,0.000241483724580978,stitched_market_reference
1760463191,23577452,0x8dc3409b790cd32ea11c7836c5abc6df9efad8ad61139427225e1a38465c3f79,316,0.000242762439939885,stitched_market_reference
1760466815,23577753,0x85b6415973fb65529c48214a8a267714c36d23777886d45b05f7d12b4b6b43e0,146,0.000242222680655114,stitched_market_reference
1760467235,23577788,0xe7e63a74893e45aaffd7ff9a192bc6cd5ecc3d51fe0cb9a128fdda01bb9204ff,40,0.000243714507519438,stitched_market_reference
1760467751,23577831,0x2a2143cff2fddaf62a800424f2fc6705dd804be25ab3ae7573bf091f6667030b,203,0.000242305839455842,stitched_market_reference
1760469875,23578005,0x5e8ce219b4e644eff2e85014dd9c6b987eeb6825e3c2b0a1be87f47596ea10e0,96,0.000241044057703684,stitched_market_reference
1760470643,23578069,0x3a8e368f2995d9779282112b98210779cb71c05b0d42f3be561da135a32dd7fa,150,0.000242256915323233,stitched_market_reference
1760470739,23578077,0xcef3945b9ae1a82587527a7a5741332c66340f59d958059d9bcf380283930bf7,139,0.000244516626778978,stitched_market_reference
1760471087,23578106,0x99dbf602251e244419d9ecedcb82155c62f129bbd79f0211dae37d7b9d4bd70a,135,0.000245818165055966,stitched_market_reference
1760471411,23578133,0x7920cc3bb59af1ab8ec80b2dff8674744ed432c11420e3c1a67c4653ef8c1658,320,0.000244505988906542,stitched_market_reference
1760471711,23578158,0x5787d3159871264f93966e6a8bf0d10b2a68e5b826235fcbb82c9c8dbb467732,201,0.000243128958630359,stitched_market_reference
1760472635,23578235,0xbe2a607c102a947046897933298c228988481415b6ea014f21c64205effa9059,167,0.000244394191074806,stitched_market_reference
1760473451,23578303,0xabdb030f8aa44e1f60f62361cb01c82bc71d64c10f9a76921155eb8cff2e9fa9,98,0.000243173949735153,stitched_market_reference
1760477087,23578602,0x1c1cfff2746153250d6f190a8bbef7240cdb3ef3434c683580a0168f1411bcba,258,0.000243276873733074,stitched_market_reference
1760479451,23578799,0xb4fd85908a3e12c6197136387d83a7753ad52bfaa7164755d33212b16fa5b1e7,339,0.000241730090078764,stitched_market_reference
1760481167,23578941,0xc71238ca7013867fee6ce4b2812506f48fb5e5bf55c5e46d46c7955988d47141,43,0.000242960796362706,stitched_market_reference
1760483231,23579111,0xabb4640b984f95e807c9c200a19132adbc0b702f597cc2a976499f1bdfac7487,356,0.000241719908363207,stitched_market_reference
1760486831,23579411,0x4e37218ca56e076dd3c37badf93b624f65920cfd7fb6bcead6a89b09c5d682e5,202,0.000242169772843417,stitched_market_reference
1760487611,23579476,0x8fa4c1edb890d79972a4a47a54877cf7a5cf97cf20775aa9b698a3a3bbc96f9c,630,0.000243409663595506,stitched_market_reference
1760491223,23579777,0xa7ae854abe644871e181123c615a2384468ab97481671bdc71caa57494bd3043,134,0.000243843501474654,stitched_market_reference
1760494487,23580049,0xa334532ace7a27761fd2b04c0a4e6a05055043315a92896085f6108c610a7de1,64,0.000242600123540331,stitched_market_reference
1760495147,23580104,0x75df9c7695debb9c9543df44c2a8a7f24cbee5a80a4de33c5244c70acb0fac9a,201,0.000241362477912848,stitched_market_reference
1760496947,23580253,0xf59baafc6b34a307fe0da385f86bb763a28b751208e8f639b2687f910ddae88f,401,0.000242694088520491,stitched_market_reference
1760511671,23581464,0xd95079d938dac2a14d34d779ee62f62bad87a970ab5665773ba44f6af60a67b3,282,0.000242727482152003,stitched_market_reference
1760514083,23581664,0x691cff42430fddd03644427a3191ad91bb725ea69d3c48cb2920b6874d9a68f3,60,0.000243039577368249,stitched_market_reference
1760515739,23581801,0xa541e8f4c4eaa0901c936a27e9066f2ec3b67e4ed257947c2f5e0d19f9b054b7,90,0.0002418152839748,stitched_market_reference
1760516855,23581894,0x163644e3577601ff7dc8af42c1dbf81f772f1a85331118350244a1ef12f9b9ed,353,0.00024003208877587,stitched_market_reference
1760517059,23581911,0x6cee38cd4d2bf04ed4519b6411369065c890ca9e833bb345d90fc1d35842c54d,343,0.000238811880641691,stitched_market_reference
1760517215,23581924,0x509ae3214080c80b85168d52f5dbadc4ce5dd5597697aaaab3b2110fb200008a,843,0.000237602960528672,stitched_market_reference
1760518175,23582004,0xe0f47ab5e4a85fd70605a0ee81fe60acd922796378ee069da211ec07b3694469,195,0.000238812140725107,stitched_market_reference
1760519891,23582146,0xf5d8f7772704b16a60b30c2960e566bacb64d03ce271515c3344cdde945c77e2,602,0.000240060857999601,stitched_market_reference
1760520755,23582218,0x011fe38a4e80106b7b7be83fe9ff81ae8050dfdfa694a80c352d7967ee5abdc6,408,0.000241301175715395,stitched_market_reference
1760521055,23582243,0x20d3ce82f65e1cc08c0029cc7721ea0c3f40afb69066d603b1303230918b7d55,296,0.000240047764803593,stitched_market_reference
1760523899,23582480,0x27257f52676049b013e8e38c383667996b4354b0e924063a5d56d538d65cfdc5,447,0.000241331442525861,stitched_market_reference
1760524355,23582518,0xf0521fe8f619ebf09c0f2081ba5f3567aeef9638682e3218cbf86e74deb9a5b0,338,0.000242654958313303,stitched_market_reference
1760527115,23582748,0xc4c94ab9459bcc9ea1f497afb99741698d200cecb955623d45c14ff17591efe8,545,0.000243896078706232,stitched_market_reference
1760530751,23583049,0xe5f6227dc9bd177631f353d9c7b0a96e8a2d02bf124803b7da1a8074bfc72a58,228,0.000243775483683757,stitched_market_reference
1760531411,23583102,0xfd3f5ede9e506d5929c114f4b49e89fcdda54a745a6505098514c5c11711663b,102,0.000245120360232421,stitched_market_reference
1760535059,23583400,0xf142bbe309d6b3786e4306b3103ccef5e455a43892fa5e8093bb903fbd9afb62,297,0.000245471538748955,stitched_market_reference
1760535251,23583416,0x8ecac916d05a7bb751a35dee8c29fbfd124840821c2c751956dafc92ba1c84c8,211,0.000244011759257518,stitched_market_reference
1760535671,23583451,0x8110bb2ce325ea3b7f94949cb9f5eb2c315ee8b2d61a76b138ce4526f4cfadff,268,0.000245560707567325,stitched_market_reference
1760535815,23583463,0xad262fbc99dd57b07a1372411e7ff899270c67e28a33d922303dde32fe5c5878,181,0.000244293041232705,stitched_market_reference
1760536031,23583481,0x248356f76d8695b3f7501604e2a37134b80a56a6fa5138cda96f18239e95f22c,302,0.000245568619836768,stitched_market_reference
1760536175,23583493,0x57c399cfdf5d73576d7de67bf492e94c23cc35148decd00cdc3d57854e1ffc8c,944,0.000247770964176942,stitched_market_reference
1760536667,23583534,0x50f04d02568b31112d70a4b33f9fa702245575f762bab6134e14f1c74c5cf99e,133,0.000246175544892547,stitched_market_reference
1760537291,23583586,0x31d17bb680bd516e0034c463510f78c46f05c0f42fa16dc5e20a67cea57fac76,110,0.000244833944860519,stitched_market_reference
1760537495,23583603,0x0aad8a5b53c57766ca0d66e2b3b62d34c04cd36d64eec4c707d0a3f7022fabbf,234,0.000243589940948074,stitched_market_reference
1760538035,23583648,0xd673d095ae1cf1b0d12502ce734fae32b7102b0c8a73c805203993b7e56d6fc7,453,0.000244858238532419,stitched_market_reference
1760538875,23583717,0xd585b839850c1b3ea750ab40beb7e2335000c37d8a07ca464361f7ed97648596,365,0.000246137723765897,stitched_market_reference
1760539343,23583756,0x0b1644286e0aa2b7984e930ce9b7edd0e2c46399db00c1fb84fc6b138cdfcc44,289,0.000247439361770736,stitched_market_reference
1760539931,23583804,0xd90d6160cf4616402637385b72e29619fd14f874430a047d7af79db44d21fb12,368,0.000248720003304982,stitched_market_reference
1760540627,23583862,0xf01bbb8a1173e72d0e53344caf13d1669392b6221407e4082ce8ee45518431d8,134,0.000250321261021294,stitched_market_reference
1760540831,23583878,0x6bbfcd4e5bb0e349a11e1a60fa19e613b38b365e02ffa02609fce697ab181fab,648,0.000248776108448986,stitched_market_reference
1760541431,23583928,0x7ac999bf62d9070c9a0cae4542eef2c6f5be0202efb93f184e3eae91a7ab4eec,230,0.000250106950031322,stitched_market_reference
1760542055,23583980,0x92436a859033462add870e5ea2a62606026493a8f222282236ff9cdcd1a3129f,408,0.000248694499938697,stitched_market_reference
1760542487,23584016,0x02b70ccb170dc57e6ba705c30274f8b59fc39674dd19f030ca2d025f2c7f161f,2,0.000247977437241625,stitched_market_reference
1760542499,23584017,0xa2615d9bb74770274d990e8221fc7b7b9664f154f3639823a0b0cec5827d8893,705,0.000249950203351106,stitched_market_reference
1760543207,23584074,0x5844da13eedf3072d6145c36db88321d3cca549c801236b3c7363d1e389ed341,200,0.000251314069055238,stitched_market_reference
1760545571,23584270,0x396de4edb547cf7e8c58d1d0e32aada352f40449158267b53a155783de48a1a9,258,0.000250041327928458,stitched_market_reference
1760547527,23584431,0xd288cb0a9f0375c5305d45ce0f422596724d112ef3c21fccf16b304311f2d047,350,0.000251392363694386,stitched_market_reference
1760548127,23584480,0x21dfff55fcab17acee5c1bfd04f8f620fb08d30f321c4764ca1556be5c96cc5f,313,0.000252719685692116,stitched_market_reference
1760548547,23584514,0x05655e5b2efa45af06c9992008aeccccb7bc55d39d1b32328ccb560f4e7e01dd,164,0.000254059461364389,stitched_market_reference
1760549207,23584568,0x4b1976a7cab5df36b7660011b8a2a311271e13a7789894140070bf4e90b839a9,540,0.000252664805624655,stitched_market_reference
1760550491,23584674,0x9e0a78e8444295b45a6f2c5593da9c93b93c297c312877a77aefcbfff7bb9d08,196,0.000251323784042043,stitched_market_reference
1760552567,23584847,0x536f2deedf69694f5bacc1ef1b24420bbe987ca79074311542a546e173551692,207,0.000250044896179653,stitched_market_reference
1760556203,23585150,0xf8a8e350ae50fe132401048f49502d6b34df7ca3a9d0df35bc6a36e043b93e4b,172,0.000249537890433931,stitched_market_reference
1760557187,23585232,0xee79e8508ebb64f6fb1db9f8e32362fb9673c1070c1bb0a29898fe9118461693,498,0.000250911675186602,stitched_market_reference
1760560247,23585485,0x9961a43ab8b3ec3a06aea34451ddbf9e9e83c258156fc02223d01fca9e9a6545,837,0.00025239637326688,stitched_market_reference
1760560907,23585540,0x697ff63c3fedc758e1eda1ce53efaac4fd982bb0d144e6dec4050be0bda3b5e3,26,0.000251055088356108,stitched_market_reference
1760562263,23585653,0x0969edc431ec519473c24b076e8a6d14f256c8396b78f98c5d86b8cde9296fca,421,0.000252514183618066,stitched_market_reference
1760564027,23585799,0x6a45c5380d3f58ce129c658a6c09603ececc159b2478c043fbd7969015d39129,262,0.000251160412678466,stitched_market_reference
1760564903,23585872,0x5ebc1976d766ad5f4cf080d0bcdcc5549851bd416eefa59828d6555e7555aeb8,749,0.000252577968349394,stitched_market_reference
1760566847,23586033,0x4a7c45f6992fda4bb1c45d567f4ff3c85ed1c974135490632040458aab129d5b,354,0.000251135832486224,stitched_market_reference
1760568647,23586180,0xf7053fbd2785ec25a0ed98d1ad676d2d95bf5d1fe6538d32f6a27be007873904,296,0.000252568062380982,stitched_market_reference
1760569967,23586290,0xedcf03609b680d55b294a5b73392bdab8cc16bbac0a5221d95d922e6c328f248,348,0.000251118691978944,stitched_market_reference
1760573579,23586587,0xe30a046d8e9bc1fb708a7a64c29780531c79e32999cc91d8b491f526026624b5,266,0.000251037211637639,stitched_market_reference
1760577023,23586870,0x430cf9f4436eaa46d1aa2f4603959fabe0ce835420b815427efa2e7b524c93b6,343,0.000249785913481277,stitched_market_reference
1760580551,23587161,0x920e0704b8e85d4e850970fc606adc0391ee35911aeb3848f9f663b14c7a929b,891,0.000248041857479341,stitched_market_reference
1760584163,23587459,0x04636e61acae3dbb7c5f9fa5b8c111faa78fef264e646c4a447d692908912303,432,0.000247878504409219,stitched_market_reference
1760594483,23588312,0x4a3687018e2b75ebb3eca0d53ddd616bff3b0d167a26fd5a444872d6ce44df51,167,0.000250566045811564,stitched_market_reference
1760594855,23588343,0x6640b41c560fa442d27a84e96fd67ba3aa77d6f075d1f0bd34accb3e017e74a6,268,0.000249188194484422,stitched_market_reference
1760597447,23588556,0x1e2a26ff38d8b16727abc35929f1d739c58376793b44c86a26c1c653520945b1,624,0.000247879638067863,stitched_market_reference
1760599499,23588726,0xc83aaf1c82edd31305181696e43d1ae2533dde4bd11d4dbb77e59d567068c1cd,402,0.000249337264974315,stitched_market_reference
1760603195,23589028,0x9f237ac1d432e0714432034a91d3fe3f2e7a202b98062b5e386f0b2676572209,179,0.000249986249172837,stitched_market_reference
1760606819,23589327,0x85ca8cc69b9fee5331b31bc1acee6df3881a7a794257583b9013f83c9fd6e60c,130,0.000250342329936656,stitched_market_reference
1760607239,23589361,0x735c28752d8b9df53476e66c1abbf645895e3b769dacf6c72e9e3c1f63080c01,327,0.000251648327864746,stitched_market_reference
1760607491,23589381,0x7df538ab4dc46ecc7074e4531e9e59a5c87f9204f70175f8b662600cc837421f,256,0.000253347610070636,stitched_market_reference
1760607779,23589405,0xd1774df1312567f53104a3b8fe2e491c7a534a47d23384e547761f43f8807d43,227,0.000252043010326918,stitched_market_reference
1760607947,23589419,0x4c023e10cee2304ad226c0bc2cbf590816253c2e7121f8d67b3356cbcc828eef,658,0.000248648703626093,stitched_market_reference
1760608211,23589441,0x0085d2f475d02f18943a9d4ff3a586ad9c8b40c7433e772edb29884e99235fe1,490,0.000247382363201373,stitched_market_reference
1760609795,23589571,0xa8a72cfaf791091096c239a1e07724488f7f59b9ac8e2ac8df16ff2d89953c97,590,0.000245962141156162,stitched_market_reference
1760612579,23589801,0xf024be8f7550b375e2417b0270e7e0a37835c8dcf3d767767b09d635b80d92e8,258,0.000247252126175462,stitched_market_reference
1760616131,23590095,0x68b15b7fe4ecbcda0e7233831fbe948dc6b3776696b5a9e39b566997f3a9802e,192,0.000245841688057939,stitched_market_reference
1760617511,23590208,0x673d6b40297417d9a2679e247fb91c168206d7fbd490f9a24133d325521826c2,423,0.000247171387324674,stitched_market_reference
1760621135,23590508,0xaebbda062d03a346c54b6f27afe6caa35eb370876f973952eea26606e26bd04f,95,0.000247305860584206,stitched_market_reference
1760621891,23590570,0x8438eda1319dfed15d220c3c2ae34fce957a326c5229f4135e6fc53f6e73c420,351,0.000245978386011178,stitched_market_reference
1760622575,23590626,0x5d40951d308ffb6b31e8048d3a646156519d61154f87d122eb390f4a84ba0142,400,0.000247442217372031,stitched_market_reference
1760623115,23590671,0xd303d7c9a86fe4afb796d941566dfe8c0905a1978ecee62a7c1f70f1653d6331,243,0.000249101220727453,stitched_market_reference
1760623967,23590741,0x5b382532bbba63efd753877764c29cbbf31eceb021e22d7454436dac0337718f,418,0.000250375279961645,stitched_market_reference
1760625587,23590875,0x6512bc266bced08f147aee28520086b16472be8741b94a41f4a93b282627eb84,805,0.00024892296976082,stitched_market_reference
1760625671,23590882,0x647847c0909bea7583e1b978c6899629502a1d66415e839f8acc485808826f19,328,0.000247473591723591,stitched_market_reference
1760626739,23590969,0x4e019d0dcc2c06a3fd533753f8be7181b5f803a64b7c9d6ab76f5cdabfdda2a9,644,0.000248778317131973,stitched_market_reference
1760627075,23590995,0xba01db2b7f738f5e672072f070c6fced19393d6cb2f3232e14883829ae066ae5,174,0.00025011138968049,stitched_market_reference
1760627615,23591040,0x21d638eb625c2be10a3e4dba128469def497a051fba27b18d6e5bc418f5b0044,246,0.0002487145792291,stitched_market_reference
1760627699,23591047,0x156ec1936f71a4e813dfbbe4ef1075b7bae4b317c44a19c5a615901b240d18d4,32,0.000248822385467676,stitched_market_reference
1760628335,23591099,0x7a8417be3273ae078ba9a75493969a839b395a020f583a74c78215cea1263442,30,0.000250166433514708,stitched_market_reference
1760628515,23591114,0x08dbcd1c1316955a2b601d828eb23b0e263874a6c55845d1bbfc5ab1028d263e,563,0.000251468353040361,stitched_market_reference
1760629307,23591180,0x580e1666bcc41d19acec67097fab0a61e82b7330db3e83f4377fc5267bd1bdd0,498,0.000252961975176318,stitched_market_reference
1760629799,23591221,0x2cf5a0891c723116cb62f60feea66fa20b0c4f0b904887fae3abcd919182c7a5,471,0.000254707722230059,stitched_market_reference
1760630255,23591259,0xa38912fb522bfd6ae0e074d8d421664dc89872bf35d9a97a7d7f18cd061c15a8,1097,0.000256479971887425,stitched_market_reference
1760631959,23591400,0xcad739d1c175d07396582e9a81c8cb3db17595557dedc940df58443d62bdc387,440,0.000258029397875157,stitched_market_reference
1760632919,23591479,0x689dac6acb9f568c6781430a88943fe1286f02daaa0d5e3d74ba5889a0256efa,351,0.000256579351862068,stitched_market_reference
1760633471,23591525,0x74293d28455151dd2d0c569945ee095acbc8824ce13eaad983203c851d770d09,451,0.000254950554534336,stitched_market_reference
1760633795,23591552,0x5470fead8ba4f75a2c2c45e06088c46e4a428306dbd787f854522e99e70bc228,281,0.000253669073965558,stitched_market_reference
1760635199,23591669,0xb797d544d4aae31a1bbeba0dbe4a1563d78d8893c255546f1360498c6379f441,100,0.000252315976616784,stitched_market_reference
1760635295,23591677,0xe2c87aabdbb91d2adc4200d55cb9f12ea22e7f2cdf5558d677240c47350c4b1e,111,0.000253685766188163,stitched_market_reference
1760637239,23591839,0x0aab1e78a1c5cd14d00f9d0c1f8bea204893491c118d1b61e0b805c46e9eba6e,155,0.000255088231767518,stitched_market_reference
1760637899,23591894,0x9fc564264a0a027a677c4ba0dcdcea759475edd170ae865748dc245d6c3e3e50,299,0.00025644176071463,stitched_market_reference
1760641535,23592197,0xa8d5051d6e00d7c387c7d6aaa2aa22122f117f218caecc68fe4d80e0ad77dddc,177,0.000256355033560488,stitched_market_reference
1760642399,23592269,0x05ca775a305ac2a10c78787cb3058a733d1e29bf322ba5919146477e2d9dfb4b,422,0.00025786576011044,stitched_market_reference
1760643215,23592337,0xc9e3db3efaaa5dfee369837f41d6ace6ba31ce98ebf347a13459215ca3f4cd7f,312,0.000259259759588458,stitched_market_reference
1760644295,23592427,0x594c27cdc1da54218c3a6924c14f4438e8744df7b68ebc84a35a1a6e01fbb014,1363,0.000257965919627993,stitched_market_reference
1760646491,23592609,0x67789b1083fd4f4ae20d60d5a952f5a0f7d3627d3eda22585e4904230027c669,369,0.000259361568244042,stitched_market_reference
1760646851,23592639,0x37ea93c87c50bb8170f5d51d7161dae3250949145024e0a86b54d192651306ec,328,0.000260716114067768,stitched_market_reference
1760647595,23592701,0x8d46c7ff034da5c56a0e87a99fea719531b6131d17a56413a16a1f94ba1db2c2,173,0.000259328164055271,stitched_market_reference
1760650475,23592938,0xa80cf505488613679cb6671cf4d5008e5eedee3990dd106e0b4b031554883e81,695,0.000257860177794747,stitched_market_reference
1760654111,23593241,0x524ff5cb4279ecbc10283f42237b863254d7c3de5262f2dc37aa0ffb769fbbbb,201,0.000258243042243843,stitched_market_reference
1760656871,23593470,0xb443ff5032b8991f2be84cfb696071238bf29a0cfa96ba6e29a26b77d328f0fa,989,0.000256920291742618,stitched_market_reference
1760660507,23593770,0xb36d88d6f267977caec20f76f6670ee53cce7d9924daafaf124b4731328165dc,280,0.000256170479320972,stitched_market_reference
1760661647,23593863,0x9494d8a81eee034fc42c9e0638cbeaec9152287ffd50bcbf83aae2ccff5802b0,363,0.000254712113744371,stitched_market_reference
1760663279,23593999,0xe3c3aa8a4bf7cbdde5adca23c2e506aaae06072bdd2d05292d7cf54bbd28603a,1273,0.000253195376062923,stitched_market_reference
1760664191,23594075,0xfa7253d74a885bf6e91df1309df2180744c4a6a1df698360e3565e671d5fc91c,175,0.00025455205278247,stitched_market_reference
1760666111,23594234,0xeeea1f8d2c0fe831f9f25e18e48fc7a6f980ea32b4ac274b4c761904e58dcc22,42,0.000255875495923937,stitched_market_reference
1760669747,23594535,0xf21bc698cef158318441e71f8a1b5257773994c3259d14aef8c66038da945e10,292,0.000254641061291342,stitched_market_reference
1760677295,23595162,0x739e76bbbcf7164b501321a91aef5da7125b9e0de83298d7d5a2f48c40d6c7fc,199,0.000255451695423977,stitched_market_reference
1760680283,23595407,0x61c8e22cbb608ceefac4c6b01977f109f15056d819417b3a9f3f70493d7ad2b4,157,0.00025630973842259,stitched_market_reference
1760682227,23595568,0x9edcb53f0fa5bb14fabf136fc3d6a6c3cfd66f97315d487a6bc9c4fcea4a07e2,260,0.000257757894522672,stitched_market_reference
1760682731,23595609,0xde047521721e0b733e4d50004be4b64ec43e7f995e1c2b00b9f1f37be848704d,393,0.000259259612093553,stitched_market_reference
1760683067,23595637,0x9bf5eabd9af73c0536c9c0b5fbad52ba573606b17adc0aea391ebce5129f5724,5,0.000260877667845998,stitched_market_reference
1760683787,23595697,0x0444f789ec771b3f1902a34331d2637eab20cb7e2dde908d183947b1be012582,424,0.000262211253037583,stitched_market_reference
1760684027,23595717,0x309c7243d12efa59a156c82e95cc9bebf93e6e59e727150c21d47ebc7bcf5572,126,0.000260834149557903,stitched_market_reference
1760684627,23595766,0xcefddf327cb36e988542cfbce100898cd00f3ca4347a68403ce20a53c7a6a07f,399,0.00026227391505987,stitched_market_reference
1760684903,23595789,0xf3e2022f143b6c360af602b64ababf88a694d67dab258439f4c85d3f0debc7dc,1049,0.00026409140421126,stitched_market_reference
1760687663,23596018,0x6b0cdfc7e92f8d99e1d101a31bc71998eeee6d9fa5ab96628169f00235ba17ce,49,0.000265698611183118,stitched_market_reference
1760688287,23596069,0x6d0a3cb592ccd93c035532d4d0dbbae2ea7da7b246ec80889c108d592c37c29e,394,0.000267168109575571,stitched_market_reference
1760688659,23596100,0x7d9a29b20810b4a8ce0e638eb2c47b8a93f623971e48d4f907f576b6caab6699,492,0.000265329150429539,stitched_market_reference
1760688863,23596117,0x98a19e9e06e21b6ceedc019db0f610d925d83491cc555cea5561b4ddffbe4108,263,0.000266850094744989,stitched_market_reference
1760689019,23596130,0x1a901fee6961d2835a3d0293af6f8a99c8d613a48693d64a49bd975361f6d47d,115,0.000268527419677805,stitched_market_reference
1760690003,23596211,0x1062d00faf062e919aab931e111340d548a7e45a6424ff4f18dd0ecff3e710b8,33,0.000267134561076809,stitched_market_reference
1760690603,23596261,0x9e00d6620ca6a776c368e9127ad7a0c9d57710cdce76e2ea778558dbeced9422,187,0.000268481148787404,stitched_market_reference
1760691779,23596359,0x37835d7d395e755cab4651ddda586c3e187f930c6fbcaea74008dd3e952dd072,124,0.00027003980763377,stitched_market_reference
1760691899,23596369,0x8b152d53b406e7997a4c867ac01aa08bc5c11027f722d4c346bd19f25f0da8b4,580,0.00026857253140722,stitched_market_reference
1760692739,23596439,0xb9a040b1dc47a6d763d6c70d8cc9f906bb2c95ea71bdd9ece3e1dd13e99974a6,69,0.000267203808719541,stitched_market_reference
1760693879,23596533,0x453031d124a16bb06dbd695c6b6f8925808c9e5961f8a0b7de12ed8abea95fbf,342,0.000265778788726746,stitched_market_reference
1760694539,23596588,0xfbceaef19af9966af41865d42bf21d15c1e8535546e940fb6ad2b59f9ae24d95,279,0.000267168823464967,stitched_market_reference
1760695739,23596688,0x454bb1f3a1c512c763345bf6dda16ce92b710f1af3403feb192735aa5e6e8e50,228,0.00026861836934503,stitched_market_reference
1760696519,23596753,0xe4b4851d47a01ad70d02d8c3a205a04305da81ccc7143749a16e0883b670a1a3,514,0.000270773415009979,stitched_market_reference
1760698223,23596894,0x309c530a3aef788898f4de9e3783fbfee0016b1eeff88268517cd37ee7a76717,425,0.000269337885812509,stitched_market_reference
1760698883,23596949,0xe6c10436913452083f809ecc748fc690ab8eca2ff1399adec975d7bf874d2647,258,0.000267957855073551,stitched_market_reference
1760699651,23597013,0x9090f33410908e809afc66d0c9b2e88b9f0181de11ac401439f08247e304ae9f,744,0.000265805148300072,stitched_market_reference
1760699747,23597021,0x86783573310347abe0311fce3fa9581f55c3e0a7955eb1b2c06597f563a3a1da,339,0.000264051650420824,stitched_market_reference
1760699939,23597037,0xf67d38424d01b7c502500a54e0e38d272b3d3d3dddc8bb08347b036fd6469767,113,0.000262609731872056,stitched_market_reference
1760700983,23597123,0x30ee17798bc3f89a57169ad0e46285706c4cd91defbe86ded31f47d4fd2382b3,210,0.000264049558447594,stitched_market_reference
1760703815,23597357,0xeadee1c1128d4328f7fad43892769d9c729b1de4e735a0e0a4edaa0d3d303bff,289,0.000262516736462093,stitched_market_reference
1760704019,23597374,0xe73bdde7726e84d4e23310e80d3cf149c4e90201c19c0aa8139764771fec3940,196,0.000263942056879823,stitched_market_reference
1760706839,23597608,0x4b36a41e890d865830683f8812bbdbed9401e215f990d05e629b2e68c87fbe45,158,0.00026537551091907,stitched_market_reference
1760707499,23597663,0x32f2da028dadd8352ed10796b7d9ea260c973b504f74d7c0be1e4091170e67ca,367,0.000263920272335144,stitched_market_reference
1760708639,23597758,0x5a0ac31726b8e690f9f116177054ee5b65e496e040045ceb966e277ffb37ec07,350,0.000265541855513052,stitched_market_reference
1760709155,23597801,0xe8399b6b4a18e4d0347e1c1dba6caa80c770176808c43ec6f1cca5c4bd40de97,313,0.000264020227222304,stitched_market_reference
1760709419,23597823,0xc13527ffb1c5ad6024fc9dd9abcdbbe0ed980abc0bbbca2ce294fbb9d5ee7a17,40,0.000262681587667622,stitched_market_reference
1760709635,23597841,0x7b75329952d87c2059b68345be7499932453bc895fb1c36bd7a4d187ba924d8f,245,0.000264247745652518,stitched_market_reference
1760710199,23597888,0x35f0b5e2227ff13167950ce039158cf12de1c903bf46f9bcf34274ac6ddc81d2,1198,0.000265813628037676,stitched_market_reference
1760710439,23597908,0x0625e3c781abffc4022230917fbc44553d1fa1463f1b38e4b578fcad7a54691b,218,0.000264263496288385,stitched_market_reference
1760710931,23597949,0x003c2203da382887eaa1de877731a5cefec40411c437188ad46ae589c330889d,180,0.000265782387036528,stitched_market_reference
1760711579,23598003,0xaee79435f9aa2f8fda43186701b2a951dc3c72ba6682e4e251650f81834a6c07,590,0.000267260947197912,stitched_market_reference
1760712131,23598049,0x37448248894555e8e9344abf0d68cf5ac863f803f5bda24fec7883be39bca8f5,458,0.00026863530897367,stitched_market_reference
1760712179,23598053,0x5d2b44ac03b611171b4ced4cff8ea2f226dec651ea98106d8a184c6505a252c8,194,0.000267196668128259,stitched_market_reference
1760712407,23598072,0x606b246d8b6aecc1140ff77cfe20cbe23d03f14e54185abc9ef9386dc4efd159,37,0.000265799732957054,stitched_market_reference
1760715707,23598345,0x1f4703810684e9f5cf62d8abebb1f8d388db525dc9b1a6c92acd827b8f4fa382,90,0.0002642954075141,stitched_market_reference
1760716859,23598441,0xb4c0677e68f03083bfb8fc0a11cfdf0b76d55b6bc94e5318d19b3dc2738aa4b9,959,0.000262866835172885,stitched_market_reference
1760717003,23598453,0x3ad266a807881e40aff4875a9450c3d6be87f08da13478e6b72ad42f64bf724a,579,0.000261339977521628,stitched_market_reference
1760718767,23598600,0xcdf568af5bc397dce7ae374fbabda94e3f8eaa935e02aafb4376c39292a94bb9,122,0.000262788214713076,stitched_market_reference
1760720123,23598713,0x5922ea88b28f40396858d11e2a48f661b16b597bd1409bef28ada27329ddde33,177,0.000264122427943857,stitched_market_reference
1760722583,23598915,0x90040cb4c9d04cbe0b77ab795e590116183a3358b24bbbc0165fa50bfcbea9d9,90,0.000262706399895241,stitched_market_reference
1760723699,23599005,0xf9e6457d789e96c3953102aa639088e5ae35d2e3cb2d979cfc0984c0a28f774c,194,0.000261316071871937,stitched_market_reference
1760726219,23599214,0x8af8f12dbb797b661749f67e5bc0121c34ecbdf9d1f4e2b5cc4c61d9546a51d4,130,0.000259871787506901,stitched_market_reference
1760729543,23599490,0x62bf8e4cf53947f8e938b7027f3a4c24d6f01de07e049c022d29128d9377921b,486,0.000261207526960374,stitched_market_reference
1760732399,23599725,0xa37be7d7dbe6aff73ea17cf9bc860740bc3cb22bd6718c2ed313b01951b2ee31,505,0.000259849620783322,stitched_market_reference
1760735195,23599956,0x0310f4bacc76c28ea9f75ddf8cc7bf68a79da903dd8388bcddcdf48660f90aa6,393,0.000257953810388922,stitched_market_reference
1760738819,23600258,0x76c3936fa98be92b05bf9555474796c19f9851a044221ad0711c54eeb4953937,106,0.000257709672112289,stitched_market_reference
1760740379,23600388,0x112fe860dfedcd874bf4c2371d34a60907fb0d2ee397a4c8259e122f185ccacd,324,0.000259319747053895,stitched_market_reference
1760743991,23600685,0x7c652cbb79d48163e4fe19a7cc99eb7c639cd62174b025753fcc69a3d2f59c54,347,0.000260205544191662,stitched_market_reference
1760746475,23600889,0xbac38484163daa0ea268b1dae94e56298d68a56bd3976a7ada0dbf84a77ab4e3,70,0.000261564911074662,stitched_market_reference
1760747195,23600948,0x0864ce5c9aa447f5a35f7aded39d1aabf69d681c779a841da530558e3fec9f5a,5515,0.000260221790361555,stitched_market_reference
1760750615,23601229,0x0b598fb700265f59a8063374390dfeb083ed6eb671e1a56f9dfc57b5a42da91d,310,0.000258924904959325,stitched_market_reference
1760753435,23601462,0x9ddcf93bd8e857ed6f0d1a4324240a866d933adcb47516faf6ec0964c4e5956e,279,0.000257603381217982,stitched_market_reference
1760753675,23601482,0x8a78d0b2af5db5f91781ca3c1cbad7c0484ad5a81de2c15655c70944a0544ac1,336,0.000259018675897873,stitched_market_reference
1760757287,23601783,0x04f564a5f8160b800b32d3b1d05dcbe86e38c9a76dce31077a844947c6643611,33,0.000258933169638441,stitched_market_reference
1760760107,23602018,0x9c12c9f331e8a532e5132e60f6a0fcfc6f998a2cdc5f0c111e1bdc5335479745,167,0.000258961485337852,stitched_market_reference
1760760911,23602085,0x2a7ff2e1cc6f6e5fcb142d17780c8eaedc8b1df095fd6c9dd18bf41e8d046226,278,0.000259492336033052,stitched_market_reference
1760764547,23602388,0xa44982dda4d7d3e5bdf695db3b3982a4dd5df29fb9533127af8d95dbf44198c2,4,0.000259304622364196,stitched_market_reference
1760767787,23602657,0x967593da6bb36fe4ac3dd74d02d5b3093841e37814d33323f69751b6ebfa86fb,9,0.000257969192108522,stitched_market_reference
1760771123,23602931,0x403f1b685448c4b291914b6cdb627806492eccc07af4d6cf2f9b36ef4db0e003,729,0.000256051959624514,stitched_market_reference
1760771267,23602943,0xae410fb3c610e5720a3f87dc58cd650ec8e40eb3f9dd74b4562128b806756626,616,0.000254638845185123,stitched_market_reference
1760771747,23602982,0xc12435db7686f84a9467b035c50f2e240f8a7f856e2c3eb11b0a15aa4291c79b,216,0.000255957739906158,stitched_market_reference
1760772083,23603009,0x693cdc2a424b446b7e83fdb7fe3560d1f949c4e5608688ba9de851071c649c36,326,0.000257303114747771,stitched_market_reference
1760774003,23603168,0xddecb1160e973dde2cf35c647b1e7d44be062f1d9a9820e27a69630929f7dfc5,323,0.00025582985719553,stitched_market_reference
1760774363,23603197,0xb0650dd525cba2647946b4f88bebf4478381f700289d7d1c0216780e5a2ed7ba,49,0.000257212549139361,stitched_market_reference
1760777987,23603497,0xad1b98cb7bb003d6bc451540553d0838458186e669c0a49326a89b149c06d213,210,0.000257875086713102,stitched_market_reference
1760781623,23603800,0x2514c3f29f9c57a843155c1b45f703e89f7801d1f450287b0e91441bf38c160a,119,0.00025773194692546,stitched_market_reference
1760785247,23604101,0x5482e8e4adf97864c322392ad337db162dc28734584392707568bb22340c3a34,181,0.000257874421699237,stitched_market_reference
1760788859,23604399,0x9dc3dca2df37606c06c8f1facc15143721d62d0ee87cd46df79aaaa7a41c500c,405,0.000257509582258033,stitched_market_reference
1760792495,23604697,0xa5b50aa44fdac3d010830a8f41cc4002dd76c9c6e1db1cbe01444d1c21b581d1,148,0.000257783347211087,stitched_market_reference
1760794763,23604882,0xcb694f65b1086c1b39b149f7c69ec716f1c0923823e10984bfcd6c0d7f6f267e,367,0.000259131710856438,stitched_market_reference
1760798387,23605181,0xaf2ae55594bb11090a83905ac4962df112eb19b905261254b01fc4433ea7c503,607,0.000257911265310572,stitched_market_reference
1760802023,23605482,0x70e62903a39fe1370dbe7c4e81f115dc8fdbe64635fe72768ed6d77f6e459350,346,0.000258318312395529,stitched_market_reference
1760805707,23605788,0xc7d8574f171f26fecb2015db835b8b522f95d34712656615f943ac0b5ac96c9f,183,0.000259240462090814,stitched_market_reference
1760807987,23605978,0x498e63fd4f8560e522944949f1bf1a66619013c9bdd484d17c202b75e2bc3af2,223,0.000257914565420865,stitched_market_reference
1760810411,23606176,0xfdf572e9a2686cd71df5ea55886c1993e92d63f5e05c4c312dd0c63d9311fc19,963,0.000256629920372518,stitched_market_reference
1760814023,23606477,0x78c3080c2e1d1231ebcee4d51354056656c069e09ac2273045ee62aaceeb8efb,80,0.000257091427028833,stitched_market_reference
1760817659,23606777,0xd7baed7ceacf3d570c4c2f37b735d030953156398092a8d8a5e25a21e738607a,65,0.000256808708923566,stitched_market_reference
1760821283,23607076,0x4ab138ffeed7abfef357074dabd0bdfd67c1a67009737ed39095ef59079314e1,235,0.000257192253980112,stitched_market_reference
1760824919,23607377,0xfa67c90ba937591336e26929ab9a96f779ce00397cbf96e195bce66d6e277526,46,0.000256823349025711,stitched_market_reference
1760828555,23607677,0x41dcaa38d298edcb0c532f4a0807ed5b0d600fe03a8dae0d0118098aa54d9fd2,200,0.000257480671632759,stitched_market_reference
1760832179,23607978,0x90052c71b43d70832b0145d5b387efeac3fa927965505b987ab5c5554a902024,509,0.000257111370338581,stitched_market_reference
1760834651,23608183,0x471807b3b143ffedd21578a57cdfd445b5869a411ae2aad109a8031e6500ef91,64,0.000258471760059001,stitched_market_reference
1760838275,23608481,0x08338c96e947183d61f14ce80bd9d1f2c97e5c5a1ac100105f4c4726f6481921,108,0.00025849609820994,stitched_market_reference
1760841911,23608784,0xa0910c7188a64d6ad19b97fb86178fec3e480ab3dc2978ec9b1c0dc69e20964f,146,0.000258390321528713,stitched_market_reference
1760842919,23608867,0x2ed5e4a9ea49db44e0856d1d986520204fbea0adf39e3688e0a328aa2d5019b2,185,0.000258387709124086,stitched_market_reference
1760844635,23609007,0xc7ccbcc18387ac737d866941f40dfc73ea01142ed9d872dfac8da71c6099bec9,170,0.000257080440280271,stitched_market_reference
1760848271,23609308,0xf7761197c40357d5a9f2a3eb507c4275c662c21385cfce26f85b2a45074d91c2,134,0.000256115646902128,stitched_market_reference
1760851895,23609609,0x9780301a9e84d03029cfc4c537b87297bf2e2872314d04272e937e81646c4dd8,265,0.000255822092229818,stitched_market_reference
1760854691,23609842,0xc3a3d497274bdb0da2519ce6a76071ed3b38471258f944053f9a5e413a27d76f,97,0.00025713900541325,stitched_market_reference
1760858327,23610143,0x3d5761237443962d05a0951317cb7bd9259f74019c712b3eace1d41c3539af6b,51,0.000256949819505404,stitched_market_reference
1760861975,23610446,0xa74ac88d8bf2e9516884fb5df347e7f5432cb6770877017da0eee1831bb23c14,376,0.000255402581712951,stitched_market_reference
1760861999,23610448,0x16f7c02b7bc4cf35358351a7c0dbcfe64d8b3792530e253c2a922e87280e7ae6,1287,0.00025350941115612,stitched_market_reference
1760862107,23610457,0x899bef305b353ba53acd2f33fa97055233c33d4011fd2e14a18b61b992ef6610,557,0.000256123288531491,stitched_market_reference
1760862371,23610479,0x2e96e6e8fd6e72860c1ce6a6b72e9a2d2e85ecb8792da7eb8d8501e21ff8ee39,494,0.000260783858562681,stitched_market_reference
1760862419,23610483,0xa3d84c6e72a5ca2e60d879d50fda0849130555573ed741f9e1f16b566ca19e64,762,0.000258758543319384,stitched_market_reference
1760866031,23610784,0xa8ed3d4a9c3322d40e10330779c9de938f583861e1c57f3b8a9e15506084436c,514,0.000259105474465529,stitched_market_reference
1760866931,23610858,0x50f97d8704a5d13a7bb6eee80cc491925a1652bba58a46d9b944319e9c605edd,376,0.000257734896128666,stitched_market_reference
1760866967,23610861,0xaf3cefa4bf76264d9cc8534f7b2ed7b04b63159e149a77a166071cd6969f9a5f,356,0.000256407824618391,stitched_market_reference
1760867447,23610901,0xe52aa5db4bb2d4fd70ec97f0f34cd781a46bda02e84c6bc0e4d5f910736fa6b1,470,0.000254765045678784,stitched_market_reference
1760868347,23610974,0x8f2709ee4cf026ab6b4c8773d903510d46b2c380cf307c7255232049b27e97ea,121,0.000256114951566718,stitched_market_reference
1760869487,23611069,0x106245f416911bf5b8bb4713f41a2e8e4b0769b864ba64d4bf81462ae7b23ba1,531,0.000254827055066499,stitched_market_reference
1760869727,23611089,0xdb18441288cf41b81fe5aa59d5758c11681ab4437fe9fd30a9b3e93528bd0ed1,920,0.000253495809546021,stitched_market_reference
1760870147,23611124,0xfba84af159cd7faf2f4dc5955359ea090a00ec91ac7f695c006575ad878d231b,419,0.000255035633767422,stitched_market_reference
1760871719,23611255,0x67da9e773fef60c3072d7f2f43f46e13fd75fef1442f4e01e92df761a27012ec,770,0.000253526016616762,stitched_market_reference
1760874287,23611469,0xbb90af88d22802c6f38fbf685551942a7a1c29813f0f131a75ba14d0db2787ed,182,0.000254821831120718,stitched_market_reference
1760877923,23611767,0xe7ce5d29080212abb6afbd9f07f246dd29e5be4b22de9d4c44674c19cf95db45,76,0.000255322064842089,stitched_market_reference
1760880659,23611991,0x9b8ae36aa851f270c28ce7a0db7a49b7d448ffb3279ff0bfd0c1513b00c785c1,97,0.000253894559707448,stitched_market_reference
1760882003,23612102,0x52d4d1b378f234183bdd4fe9e11ffa49a83674dfc33140dec652ea8002500acd,412,0.000252460350141219,stitched_market_reference
1760882279,23612125,0x12368a927f72f81cef0c0925505fba055bc30e231174c5903dd5a6b079ae3bab,872,0.000250988279518763,stitched_market_reference
1760882579,23612150,0xbe3363a439e32a5501edd423eb439507281628522913d962a14098fb8b0ed7af,35,0.00025230222070397,stitched_market_reference
1760883515,23612228,0x876ac2b09c3672dece8623680b3c0a755249405d76ab8a8ba511ce014d6da24c,179,0.000250906891026431,stitched_market_reference
1760887139,23612525,0x1460bbcdc36e6646f8248534a61336500b9fd0a8904bc3947356620db9c85059,216,0.00025118876086121,stitched_market_reference
1760890751,23612826,0xf6e98749c548a1369ff5cdb1c373c33e375d0911408604b1bed971861395d040,142,0.00025175822484829,stitched_market_reference
1760893547,23613057,0x22f18f83261df373bcd059771a33e9f323b7e5065b2290e843ac888216a3fef2,979,0.000249818262408246,stitched_market_reference
1760893703,23613070,0xd8bf86d9130f4b1e958b691e08d1c1cb5b1a9ccda7eb526cbd9b2a524247f551,389,0.0002485268737287,stitched_market_reference
1760894447,23613132,0x247e4d36d2d82aee853d5d47944b928ec5c5419a18fd7c19798413aa75bb75f2,281,0.00024982258603966,stitched_market_reference
1760898083,23613433,0xc739e4c350a4be861dd0132c3740769ffd325de2fb9fc50aa809465499eda4ec,296,0.000250573906427667,stitched_market_reference
1760901707,23613734,0xd7a84afdf7aaee298e4284677943dfc2256c8125d5df1564c688f465b5a3d96a,241,0.000250643759917702,stitched_market_reference
1760905343,23614035,0xc544d40dfe8f7d2b39479b8e563547499d9b1d867a51f42baac42d4c0338d32b,258,0.000251094417420306,stitched_market_reference
1760907527,23614214,0x0dc46a6d4785e337b7bc2f1cc76ecaa2838662b6ffbd56f77f59d48f11806048,240,0.000249758174426223,stitched_market_reference
1760911139,23614514,0xb32c36ed515659dc34dbeee994081d58d878e9bb099c6765c7e6d950ece1298b,63,0.000250216505771944,stitched_market_reference
1760912963,23614665,0xd196fb7ce1803ad0b17b8b093d7b44f692e35b648ba3be553642866024e7e907,311,0.000248776257479699,stitched_market_reference
1760916203,23614933,0x201d3a7c9e4d989f9b0f0371b469a7b84e91b30b0830182fa7fd21867d7b1d7d,279,0.000250103846223436,stitched_market_reference
1760917487,23615040,0x55165e8e887f4d8c0fe8bf68ef5434e9a944bf62504c4d2bd850321184cd1024,682,0.000251363017271657,stitched_market_reference
1760919311,23615192,0x42fe709e207cf4975c5d172f2691206230b70b178877aed5f05db609cebd3524,243,0.000252656873880471,stitched_market_reference
1760919731,23615227,0x9796b348ca6f3ea54113733ddc3a78772b95855d8f920bf82f0840ca62ea2096,696,0.000253968377127705,stitched_market_reference
1760920247,23615269,0xf0d01d6bd92202fedceaa587db676769d2a1063699a9019a4ea76784ca02c829,685,0.000255280654055296,stitched_market_reference
1760920847,23615319,0xc7273ac373133bd1eec6489f1d1f8a869c220943a447dddb34b990be4dba1f30,788,0.000253836126353901,stitched_market_reference
1760924471,23615618,0xd242876a02122f8a2841fb43ba5f50582c1f82834d6f3c6be8533abd2a030b3c,407,0.000253777322895244,stitched_market_reference
1760925755,23615724,0x66408a222325d5abc3d2c893af18d0d679e636f82087a9437ed17ef42341419d,273,0.000253773434870553,stitched_market_reference
1760927783,23615889,0xa2b5ceeaa0beaa714750890e7bc49207a30e15704dd741f63cb1d36ce3ca067d,295,0.000252399010248195,stitched_market_reference
1760931395,23616186,0x4d8ef60fed27fb4f728a3effcbddc6c6ceb0e3ce99647b6e95b5bcfc4e5f947a,147,0.000252518897037283,stitched_market_reference
1760931803,23616220,0x7c1d6abe904931e38b3b569f1505a27b90d049621a45dcb351ad4a97c601a825,166,0.000250963197779917,stitched_market_reference
1760932283,23616260,0x5045dc5b94116679bfe9ac37da2d0cd422bcdd88ddcd6c73803d0b86deb86a8e,1034,0.00024954786605662,stitched_market_reference
1760932511,23616278,0x18766bfca60f55df5fe34a97844121a080ce899e30527290e868b2132aecd825,789,0.000248095028147942,stitched_market_reference
1760936123,23616577,0x598e8750fd01352c6bf8c4df17b139fa152e53fb949b6d7143d50f5eaff3826a,69,0.000247162238855615,stitched_market_reference
1760939603,23616862,0xb423529f5627968499d5c1f45ef2f3e6b1f253e54e4864c25d44a7144d4514ea,700,0.00024580601078691,stitched_market_reference
1760943215,23617159,0x2b61ff3252c609299d699eebb4004b25e16b70f05e3c2c5931c268c48573ef34,81,0.000245073963691722,stitched_market_reference
1760946227,23617408,0x5dc7f378f58a2c22617c02cf8338c21f1ca0f44874990468072c14cf1f77d876,27,0.000246338979218602,stitched_market_reference
1760948567,23617603,0xb0576178e6ea0e4b665783bc180b0bf33f4459a67282e3ce137e6125e39dc5af,47,0.000247757178625584,stitched_market_reference
1760949167,23617653,0x1e80583335bd031380e251f84627a643c59b7a25c1245cc950f844791603d222,195,0.000245979815582195,stitched_market_reference
1760949815,23617705,0x4ccc3bab307a854ff07d7367f09d45788c565e95d2f6129e360be877435315b6,360,0.000247246322812008,stitched_market_reference
1760953439,23618004,0xb742c2d5468e24c3514397a1300d549bb8bf7c4dd6544a1a6ea66d3791da55d9,55,0.000247452057864104,stitched_market_reference
1760957063,23618301,0xf2f317b7e7f519fef32cb09afd0ef13bd3c44ae9c815bb542df4b716adb18456,113,0.000247536162025334,stitched_market_reference
1760957579,23618342,0xd1db634f9aec482f43f9fe639ed7116af331bffccdbe40100ddea546224d08b3,97,0.000248820887983803,stitched_market_reference
1760961047,23618626,0x19d25e498ee03c39fa81e32eb99b28c427563826c5e5893c5b052803301e0df0,141,0.000247577503682116,stitched_market_reference
1760964671,23618926,0x144fd140fab3a3d7bb2439d167515d0b2a3e01938e67f7e111e91910cabe3a89,398,0.000248052562773183,stitched_market_reference
1760968307,23619228,0xdf8a7ad2155fc59937dd8ab40dc6f74c5fc35f06705180b30e4ea8598b850eef,227,0.000247894522466687,stitched_market_reference
1760971931,23619525,0xa0b0b88b2b1f542b0e623f8041e5603545abb0ee16bf2c4203e3527ee0ad5851,345,0.000247593869146983,stitched_market_reference
1760975555,23619826,0xd9d6945241a59c2a9e5cd43a444369524154c826e7c0ef4c68d366ea4fd34e7a,1461,0.000247682070043421,stitched_market_reference
1760975867,23619852,0x6b216f28ebcad13b21a79ea4d6152e8c959650bbe66717671c3cbb1d3e7c5cf0,633,0.000249474086936562,stitched_market_reference
1760976131,23619874,0x8730eb716d70cf5ba2a577f3730368f1e6b7926025f95ad8edd95430398a9d25,627,0.00025176763276805,stitched_market_reference
1760977955,23620024,0xbde099f3c04dbe8a736d0bb7350bd0a687f9d75ded042f250d7fa7f8c6d8544c,289,0.000253118473610935,stitched_market_reference
1760978771,23620092,0xa34af7a16264dc79293de78f8b9c37b081aa7d7b1861c527b4b3ffa623644e4b,129,0.000254447493997187,stitched_market_reference
1760979563,23620156,0x198a06585fab82b3d65e00ba6f4b034d7ec52289249d245600e3335d2183816f,325,0.000252888662119476,stitched_market_reference
1760981831,23620342,0x2af4fc861c020c3fb6992d226c61d9fa6d389b8e1d6e76ca710eedd211f59179,414,0.000254295810752731,stitched_market_reference
1760982515,23620398,0x66f3c2766e42f7f43b3dea9e0c4ffcf5473fc59cbc37bf4a20a76a584dc76329,454,0.000252999229369882,stitched_market_reference
1760986115,23620697,0xd4671a5e91c069790b446de7933de4dff7ed8c4b59949274f4f404820bc784c9,110,0.000251872358278114,stitched_market_reference
1760989727,23620994,0xef3de8a8050f76e48c8186e7bd364277f4eb317fbda4b8131aadd81a14cecaeb,84,0.00025081696369223,stitched_market_reference
1760993351,23621290,0x54ac38139a2ce477fe716d7a6da220db0e36f03e5d094a959601cd358208cf0d,89,0.000250290861624027,stitched_market_reference
1760996963,23621588,0x014a2bbd5f3513da1b47c7d0d90e42e579d4bf7f318825350c539cbfcb1c7cf8,297,0.000251569629930648,stitched_market_reference
1761000587,23621888,0x594dbdf92fe7de00aa9cdfab81fcfef953b608cd34a43d86d6a231112a3f849f,71,0.000250751794581072,stitched_market_reference
1761004223,23622191,0x77cae95120adc064716bc51373eaf383a750202fe64d2bd9a1392d7076a8f72b,400,0.000251130584068181,stitched_market_reference
1761007847,23622491,0xf894741f9aea003bcabb89c6ef546990c78834fad3197818c5b2c05336d5b00e,670,0.000251407845901203,stitched_market_reference
1761008591,23622553,0x0ec58e4d167c158f9f5e3f32a1fe9399bee8e295dc6bc47513c0cef54bb60cda,490,0.000251396650088794,stitched_market_reference
1761010607,23622721,0x45f80500a83a789f63c41e4b923a62c0f513bc719d008d34caf8cfcb8a0832af,255,0.000252682492911547,stitched_market_reference
1761012287,23622860,0xfcde6415600381b0f41b03cbfe8a5b166c29c18477efdcbe210bedad5a3a1321,448,0.000253963538874394,stitched_market_reference
1761015899,23623157,0xab814ecd2ecb2ced9a6826bc37c333b2dc327860091d676532d42cf1baf33ba8,237,0.000253913245731775,stitched_market_reference
1761019319,23623440,0xcf8be5e3ea869d102158e0400ea50d7e244be2057e774b23a1a61ad2bef8e06f,219,0.00025529771742853,stitched_market_reference
1761019439,23623449,0xf7e0ddd4b2d7fc0c7047c68054de76d99a163c3b81ae19649a2ac4be23ac2e6c,1163,0.000256654178215054,stitched_market_reference
1761019931,23623490,0xd2a4690629c3ea24da24dddb91269defa49f8383d1e6d9579143e3c8ef418240,964,0.000258166524025982,stitched_market_reference
1761022043,23623659,0x8737e81019627c8671636968184525d6578bd5f79cba103a0821a78bf18659c4,833,0.000259575248850655,stitched_market_reference
1761025583,23623948,0x0f2b718230f9c6cafb26809737934b11d38f455afec4db1f7d44a647beea60e2,288,0.000258168626792837,stitched_market_reference
1761029195,23624248,0x838b66ded60e5775aa10f76e82f489efece6d7f8c17491eb9a8a69efd542c1bf,261,0.000257518621746119,stitched_market_reference
1761032819,23624547,0xa31f121f26709390dec907f5c123d2f31ac690eee5b7c8fb54ceebc849523efa,60,0.000256822729500132,stitched_market_reference
1761035555,23624771,0xf4f2bb39369b0d8954c98b85312df6b851978028dd654963d250800e867ae29c,109,0.000258154423950344,stitched_market_reference
1761039179,23625071,0xe64a639d2f636d9787294b62fd0420c177fbafb251f343947f7d88d3826b85eb,101,0.000258110767809305,stitched_market_reference
1761042803,23625371,0x8f80b567d570119e081897ed002beb5e9ca58f7d8a40cfd7cbd24b3fa58beff4,1433,0.000258571740013344,stitched_market_reference
1761043811,23625455,0x5ab0405b0c4daf93e39f09f9a4d98bfd13e66b9a1eaf23e073c8fe7bef17e9c3,26,0.000257162697392109,stitched_market_reference
1761047435,23625753,0x6d3083a0695001752fbbd2543ea098ddd6fa5deba40859135034c765bb06c341,36,0.000256796501961042,stitched_market_reference
1761049355,23625910,0x74cd78d08e13ba45e3da73d922eaf07740b7e7c5aa2021b7dc412fb1bde58be4,424,0.000255228525269184,stitched_market_reference
1761051011,23626046,0x6583d82b14860c53d8f297b2515057239040a325175d36ca17814b6b5dbd4054,157,0.000256541316082864,stitched_market_reference
1761052151,23626139,0xe8f016d9411a75d473d4a0068919e69e080bd8f06f5140de8373f6b9b0d27cfa,277,0.000258009413124703,stitched_market_reference
1761053915,23626286,0xcc0c8940d6490994e08e84cedec46a28a89613cce91c8100f2d2523527a149c6,148,0.000256673381428688,stitched_market_reference
1761054191,23626309,0x56ae38042861ed6151fa8140852b93f0ea3821d485db1dd184ca11b0d9ba18d1,223,0.000257990420528513,stitched_market_reference
1761054995,23626375,0xab44fa425e851b1112576074ff8990161262215d6235077608cd99079445ce2a,495,0.000259346485244302,stitched_market_reference
1761055415,23626409,0xc3ef49733956db6f6ec1a4aebfc12fa3442d256e1118029dc109846bc71ae581,315,0.000258034714301197,stitched_market_reference
1761055811,23626442,0xed98d0c2a8df96913aa3af4f9ebb741f165b21d64c587f755bf3d6893eec1774,398,0.000256213864989015,stitched_market_reference
1761055931,23626452,0x3b0d0ec9b5e707ae3af92b03247c8423269dbfaf2724dbd6d12721213a160333,329,0.000254923842311433,stitched_market_reference
1761056351,23626487,0x797d230134d71c14c72dc40e4a892d0e273348191875002fa2847bfb6c8f2310,1010,0.000253647411435707,stitched_market_reference
1761056987,23626539,0xa58d0180925d644cb16989259af4bbec5ba4bc8dc1cbf9f4f7eb049de83f51a3,230,0.000254933436214361,stitched_market_reference
1761058127,23626634,0x58f2c9d29dcdf4036d018af1a9f5e2395a5f5da8c4234f394ce6132c0a5a2de3,348,0.000253402710456762,stitched_market_reference
1761058427,23626659,0x1287f3f80a1c295edf2057d99bebb075005e79c8df1d6a60ca5a10528db5ed3f,442,0.00025168955753305,stitched_market_reference
1761058583,23626672,0xee8f2a1471ec62778a21881ea2629769ad5529c818e4cf52aabe8a8f77274d2d,642,0.000249995137108294,stitched_market_reference
1761058787,23626689,0x34a8419670cf3fc73f38f638068ef8aa5a6dff7c4abf7a76641ef3e6c04ce074,382,0.000248708518619189,stitched_market_reference
1761059471,23626745,0x034d9cfd9cf577c5181614f75eef3f4ef179a0ace6e26eb7ed7312c35ab77e23,260,0.000247434647759883,stitched_market_reference
1761060191,23626805,0x30cd1bce866c522ed477d55b3e3633b3bc095a9af92801838465444ca499bd6c,555,0.000246104132145997,stitched_market_reference
1761061091,23626878,0x8a127dcbe9662039449b67dd1353c880b7efd7bebe264474abf263513dedac66,287,0.000247445488493871,stitched_market_reference
1761061307,23626896,0xdb5dc76ed9a1203e3205f2991039c8ba6c6dbe0b4a5b4edfb886a71b9ddb5f04,180,0.000245966551599203,stitched_market_reference
1761062447,23626990,0xd65afc33c402d4e4e9c10bccada14ba4bc7a4f79dccab134ff978fc1144e021a,309,0.000244301730188793,stitched_market_reference
1761062951,23627032,0x0ea1de3495dd2c3f2f3bf62cc5cdb876a7fb6aafac7ff2cfee6eba72add24ac7,251,0.000245654550591472,stitched_market_reference
1761063587,23627085,0xa8250dc231843286194403fe70347e5ed3da71377d8057d28f8ad718b28e78ca,480,0.00024418357603538,stitched_market_reference
1761065723,23627257,0xc287bd6800bc8c71a9e12494b74769f4f272a10c646bd28398399c1bd9bbede3,334,0.000245572447776755,stitched_market_reference
1761065867,23627269,0x1871a202000aa9149dcc044217a313a6330d2387d7d29ca793b93ecd87b02ac0,463,0.000247014152510228,stitched_market_reference
1761066107,23627289,0x11c6e57bc3d4c26737608a2499306439089dccf5d7cd8c16a494df50dec1c11a,295,0.000248334132221347,stitched_market_reference
1761067139,23627373,0xabe5e4387c11177c0f98879e4b8d5d581e40b1ef8774c6065036cd56e00ec649,1255,0.000250092152980573,stitched_market_reference
1761067211,23627379,0x1a4d3dbc5afb3093b4fafae7d7329ed9792d32d50170ea619f4935e00a118a6d,604,0.000251550150831221,stitched_market_reference
1761067607,23627412,0xeb61ed5f5aa68943c98596cb3b03c9d000d853a4d6b42eaf3f408cb0373453b7,318,0.000250228939493729,stitched_market_reference
1761068447,23627482,0x9c671d31efa0b371a943bff027eedeb364c9f73642c721004fa4422783720c2d,911,0.000248820473005255,stitched_market_reference
1761070307,23627635,0x65f51ef0bf0485a65d67a76af0e293eb50efdef0d3d99142ff0c3a8629500f67,201,0.000250856537966583,stitched_market_reference
1761072443,23627811,0x10d859b3ba83ab44e693d86d46a87015a1f81fdc4b8762aff069aebfc6bbea4a,85,0.00024958377742888,stitched_market_reference
1761076079,23628111,0xe3cf1692c200b91d0d9d1e7e354928729602c815f575ff5c2125d2504e457d0a,59,0.000249584438500855,stitched_market_reference
1761077339,23628215,0x7fa1c6da47bc5b3de715fc93799c69d32d6516895b8c048801fda33109a4443d,298,0.00025085424412566,stitched_market_reference
1761077819,23628255,0x881b0b75b9adc9012e77b0c23cf9cf44368fb84227e7d0326ff0dedad30bda16,1141,0.000252661345962542,stitched_market_reference
1761081443,23628552,0xd4a1588f3d5ff91b9f6ae2e788f2aa3efc181911068b80b956eb99fc4095fdc5,467,0.000253034840092301,stitched_market_reference
1761081779,23628580,0x0f81a13411e895e80e850ef87278a8f7e1ab6e8478edadcfea60188ec8a92a48,488,0.000254542665869512,stitched_market_reference
1761082583,23628646,0x572eef6751cb0d589868434b2f7218a9c2d892afea8031216e18c92d870b9843,271,0.000253266194193545,stitched_market_reference
1761084575,23628811,0xb1ca988f1a89b0de9646ac54ffa4be166f77de93a0dc5774ab16010546d79d27,119,0.000254666595352888,stitched_market_reference
1761085955,23628925,0xb4b6899e312fe990cdbcfab1f9b43c1e0ec494f78f9de2b5309bef1625db8a8e,556,0.000255947663240249,stitched_market_reference
1761086843,23628999,0xddb7e308405ca89e88a3561f6c3317ed0cf22eac54895d5cbfb7ab888ca099fd,154,0.00025462124620007,stitched_market_reference
1761087203,23629029,0x6a36c971c442af133eeb3c0e4850444abecd7ac8b57e35b3b29aa814e88e11c9,524,0.00025590390973264,stitched_market_reference
1761089615,23629229,0x929410f17089637ccfc7d26a111579c7befe070ec64127749507b37c10c96974,368,0.000257229258258452,stitched_market_reference
1761089879,23629251,0x9e9da12769002967266b6d8daad8b29bd3135e839bda8410f47618efc253a0f0,726,0.000258582171813238,stitched_market_reference
1761091427,23629380,0x37e92b98b20842e76319704e65eb8943191e28d539d1ee150b3f4596cf162e35,257,0.000258571827491933,stitched_market_reference
1761092039,23629431,0x83480c9aac256b62c1b7f94a457f0844b5feb8e5d88038b8232a01d3373ae3b3,972,0.000256962077366695,stitched_market_reference
1761092795,23629493,0xe393ab274e978e2104aa9233bcfe9324463a281ebf933662a467fcc7b16d27ab,118,0.000258253730971654,stitched_market_reference
1761093335,23629538,0x73622f3b17a07f6f50855b9f824af4964dcfac2b66f474f462a8f93d70d3da39,1171,0.000260585826837322,stitched_market_reference
1761095315,23629702,0x157f85d98c7ea13b3c77715a09fbe77b93bc0eb5fd1d0d3abbfccee5314bf167,261,0.000259258785805637,stitched_market_reference
1761098939,23629999,0x2d6f1388019021b9c109847f254bcd412ecdfd16074ca9afccfb8356fa3279f3,209,0.000258297788976383,stitched_market_reference
1761102551,23630297,0xbdf3ad7a0a5960cbd8745238eb93dea8350f4aff69ae83c41838567149b74a61,379,0.000259291723286619,stitched_market_reference
1761106175,23630595,0x42e8b7ecdfc446a92f9b86a1a282128c014fd3645ef439175093618414a86125,89,0.000258204723310901,stitched_market_reference
1761109811,23630893,0xce2308d8aad48c245767e58e00298d66c6a7189cddbed54d93abda513805403f,543,0.000258366430400549,stitched_market_reference
1761110831,23630978,0xd3e04dae2e3ca219075e247f32bf393613c22d9e2456040a290a0d7363a41704,397,0.000259990899044399,stitched_market_reference
1761112631,23631128,0x3e51a732b8cbbd3809764f6866738e7affaf0ed1bbe9c52f939f29012248dbba,364,0.000258687288655232,stitched_market_reference
1761116255,23631430,0xf8cfac64304fff7dd433380affc38bb8d47080f579610e7d25ee2e0edd5b5a70,584,0.000258765412226377,stitched_market_reference
1761116927,23631486,0xde176bec49d0bed1a2488630c7d555bdb06438558f895b8f1dc0a8a53e84c566,189,0.000260076535114455,stitched_market_reference
1761118307,23631600,0xb4dd08b0f3940bd4d6074544823019a40166808a4f4ee91f62404eec60392ee7,121,0.000258757683106075,stitched_market_reference
1761121943,23631900,0x683be56c80408f8b1e2b44d03d781d62fec7bae028527e5c403bd32b263c28fb,323,0.000258937173046045,stitched_market_reference
1761124811,23632138,0x77aa74ca097928378e308a8930f2054984a7fa6d2a8d867a3d697c7f553be4b1,830,0.000260868777367996,stitched_market_reference
1761125411,23632187,0xae8c243aaa0b2d7a32616c7a712b66008ea5c755c7bb0aa6fd385190f7251635,373,0.000259517178549459,stitched_market_reference
1761126371,23632265,0xf5799c64473dc754340fd867630b52fd1e5e029f6e2d76d3642591577696b0b3,390,0.000260948995597174,stitched_market_reference
1761129971,23632563,0xa048cfad7ec6880e1816f9f67dca835b32c8ca8f887767b06fd670b9ec1aee10,276,0.000260695432750858,stitched_market_reference
1761130991,23632647,0x8ce253fd9766d1c4e6bc5b3a038b69b82cff0a94dca2e64af4a52cd953970681,1350,0.000262117794622605,stitched_market_reference
1761131075,23632654,0x69c07604ce740efe392d43bfa74b2c150fbde957e177789be2834314cd0dbdce,591,0.000264458657308843,stitched_market_reference
1761131183,23632663,0x61616c76d6d4a408c6eae399ba6d4fc80bb8ad7ac091ac5d23ce04a91ca8ac7d,320,0.000263068833370542,stitched_market_reference
1761131567,23632694,0x3eb29ea270c5137bfd3a4b65ef6c89987dc87dd38e34a57e012324167d9dafde,775,0.000261755300263904,stitched_market_reference
1761132107,23632738,0x4cfdf72a2523f5305dbea2ffa7295859007128df0dab04cd5f32a3a60889f93d,231,0.000260436974980468,stitched_market_reference
1761135743,23633037,0x2dd822bec5fd9da05f26d1cfdfb30ff85c323b833ecf47a1469a4f724a1ce9d2,57,0.00026012393206776,stitched_market_reference
1761138707,23633281,0x07d882f2b0b25d587345b8b1efd7a40ba2698c384f738b2bb7e92f4bc7fc595d,541,0.000258741919852743,stitched_market_reference
1761139847,23633376,0x8875ce56d6cfd7a22b663fcc7179acac66bc8f86552c02b4e7150399afdc91a2,352,0.000260172883067139,stitched_market_reference
1761141527,23633513,0x9996d13e71cbe3c8a82cd85f6d5bc22c6ab63ebc040b2fe4da66086e48f27dc7,702,0.000258228972698793,stitched_market_reference
1761141923,23633546,0xba6cc1901433f42a57683d226486f4d406900f932eeba80352e521105618b0bf,304,0.000259562525542906,stitched_market_reference
1761142979,23633631,0xb037f3e9ba171bff0c66c94754a761781ba07b0a59d2fc2a6c07a869c9bfc9c6,916,0.000261106227266478,stitched_market_reference
1761143027,23633635,0x6bbae51c1a5c91f964a7bc4ab4dba6e06b4704df77f9f5272de316db4e2c104a,208,0.000262585135097311,stitched_market_reference
1761145019,23633797,0x1370b9e49a2a2c580c23f7b19342d50f4162625e5872dad9e1fed03274fd1d9c,253,0.000261045759452804,stitched_market_reference
1761145223,23633814,0x6be87b5827a87042bc41c2782066f68ea65e1f71a749c380ee9489334dd98001,322,0.000259608818588516,stitched_market_reference
1761145919,23633872,0xe4574793f0eb9d789c3b6d393db25718dfc60ed2e442e940220fa07cf08c4a0d,39,0.000261025396361331,stitched_market_reference
1761146219,23633897,0x3cd61582b85e8caa87e556c89c9ba0106011364569e753a3f18625e832f294f2,85,0.00026242837982903,stitched_market_reference
1761147611,23634011,0x93d815b2827247370b71d1b5a019d605a9b605cc21605497748679fda7424c5f,1007,0.000260651163362998,stitched_market_reference
1761150143,23634220,0x03842b1f8af2716a4df44f2256b8f905303830ff998b6d1c2bc584d7614e8f06,333,0.000262027432872275,stitched_market_reference
1761150443,23634245,0x3c9acea2e37fd1ae32f73d1ebcc4a45489d720db5738493c0d1931e9354a787c,63,0.000260561379917807,stitched_market_reference
1761150743,23634270,0x9e2dc579797ba12c0f9b8822c099c3e8e33e8d00a2410f6c712609771ed29fab,265,0.000261905552564019,stitched_market_reference
1761150923,23634285,0x03241b0629498d8a4e6586b63be8c4441151ab475089fbfc535bea1996339794,48,0.000260382007219724,stitched_market_reference
1761154559,23634587,0x2438a74b9ce0eefe891dcd1e8c2f25ca12d1229aeba177250c0d3e7c27a84d43,9,0.000260553510400984,stitched_market_reference
1761155003,23634624,0x14ddcf5eeb33c87e46107520dd7c56c7eed69f1c5398a370436b11cabf2a45e2,698,0.000262020566253315,stitched_market_reference
1761157019,23634792,0xe2df96542baa5b3276c301383ede13e1c765a3e83cc36b3fc03e84887c32244e,57,0.000263456717288619,stitched_market_reference
1761157343,23634818,0xb48438daf9895ce48bbfca90b02b7f7e344e610865fbc754e5c07e3425828193,890,0.00026195081008899,stitched_market_reference
1761158519,23634915,0xb4893cd3e1cb79c26f97e6146079efdf0956e08e99ed400f5a85c74fd7f69913,343,0.000263311745769567,stitched_market_reference
1761159959,23635034,0xab6e6e5c9b188ba74d7e5be17cbcdb595bf5b5df2ab1aec3347888a5f3c45e79,287,0.000261937508677894,stitched_market_reference
1761162779,23635266,0x5d91b5fd4d7a5320beb7aa9980e4d06935182c1aa320c6d0ecdda2f33663999e,266,0.000263308514435514,stitched_market_reference
1761165251,23635471,0xb5e88a287ebaf25696da830f7c0b906bfa7fb4f8e02fbd8320204cea9090caa8,654,0.00026489381615631,stitched_market_reference
1761165587,23635499,0x6a4614cfe92a479003f2c1a6e1917fe26924b5ff134d59ef25d4200a9325481b,366,0.000263381301081394,stitched_market_reference
1761166943,23635611,0x3c2d110d09b9a7ae6d54f43a2a23b0bc07f730e9a721891a21d9860d12286978,261,0.000264862609182389,stitched_market_reference
1761167555,23635661,0x25f72ca94d3ff78f64943d7c5ff60b1de2bf48b678eebd87b5cbef641607a181,1202,0.000267375918197184,stitched_market_reference
1761170819,23635930,0x6b336e0ed4a82786d84bc403446a14409cc0ea16efcc3660a302ab073b3e5be7,320,0.000265901939079505,stitched_market_reference
1761171731,23636006,0xa500134fdd91e87ffac513836674dc188c638419e5a34f9b4c77531ee1eab979,291,0.00026724012382017,stitched_market_reference
1761174131,23636205,0x1950c4cfd36887dfdb7db458fab99601843630fd91edd2dae9c502356c358c03,133,0.000265639093597276,stitched_market_reference
1761174251,23636215,0x731de2574838ace3d74363f6213577c08e4fcb21c3d2523bc073e3ae357d3f8e,247,0.000265641968214715,stitched_market_reference
1761175211,23636295,0x6f91e2022d5629ef221f5ead54a1f7397e1814bc6c8f287e52b2e43d3e9d15c1,715,0.000264261134998664,stitched_market_reference
1761175631,23636329,0x2c5dc3d90ab8b6ad6ac78316d116d0ce7200f4ac7786f2724e808279bc6e6ce0,111,0.000262584012053782,stitched_market_reference
1761179255,23636627,0x2cddcba21a1f496fe5307e343b0004bc62b22b7af2e82faf954d4e450a3c84c1,106,0.000262733947509485,stitched_market_reference
1761181931,23636849,0xce837ca063918ec0385ded0d37f826242d7b984d0c69a67b47760d693208d995,160,0.000261410970221443,stitched_market_reference
1761185615,23637155,0x4c51a69d5f3663d468834b2e80ce46bcf25e339f5383abb68b49f2b9ef18955f,164,0.000261762031706777,stitched_market_reference
1761189227,23637454,0x140aaebf7f3fb0021b69b0cec42d0a0adc568cf5468b8612d6513fcb7b808a0d,25,0.000261220427986592,stitched_market_reference
1761192851,23637754,0xcd30d0b7a4918f1a22e4551c90c241c7dc74122761cb995649abf1830b89e35f,227,0.00026145934980534,stitched_market_reference
1761194507,23637892,0x24f081e9f8d1894f643d614dd21c37c6e5d18adb2a5bb06ef74625df28af3640,122,0.000260095985655539,stitched_market_reference
1761198131,23638191,0xf78e4cd7808293e49fde0f502c41e6bb7ac9a4c2403a528e1720930fdb603f67,603,0.000260493600147979,stitched_market_reference
1761200207,23638359,0xb7a4b039224b36d561309bede2f448e2bc3652fc737fb947751640cff81d101a,201,0.000258951724333688,stitched_market_reference
1761200327,23638369,0xbea2af38135c471a3db5dc83d26ecb402a2ab2f318cdca1bdc50302b2f82d536,608,0.000257396657558674,stitched_market_reference
1761203963,23638670,0xa1f3f2ef6619f6c0c1aba7bf203372adb8c641d399b6a43cc893bad7cbaf5803,250,0.000257633570933027,stitched_market_reference
1761207563,23638969,0x32699a314c27635731119e0a4df77b87274f0ba11cb64832ac67bd31b6a51f65,258,0.000256293791680696,stitched_market_reference
1761210323,23639196,0x45626a3e5fd6cb7010d8f1812951a3529a51ff4b51210838d12252e50781590a,240,0.000257593230976774,stitched_market_reference
1761213947,23639495,0x74ada7516e9e7b11a8cb23e1eed3cca4135bad2547a77bcccd409c49f17563a2,373,0.000256693458102123,stitched_market_reference
1761217619,23639798,0x068b02f31062180aefd50b21fe3fa97013984523312f9d615a1366c66d8cbc0c,420,0.000257838323629337,stitched_market_reference
1761220979,23640075,0x3cb939e5b553068cc60aaad83ad13fb92705be6695411643d73bb123ff40f2f8,641,0.000259500454184466,stitched_market_reference
1761224603,23640375,0xd85eba7d720502a9e76c7ba7a4e6d3b17202a2cf8712b180850983142b6c36e9,113,0.000260063696267117,stitched_market_reference
1761226583,23640540,0xea7b5d1c514cc2c2c4bd1e056d5c5d01df00c34dbc4a36b5a5074a0e2dec549a,294,0.000258683666107973,stitched_market_reference
1761226979,23640573,0xe1d11452ab19295356ab46a124ff7bd0834406cdd023e688c765733a5ecd1d9c,700,0.000260625304478519,stitched_market_reference
1761227459,23640613,0x8d10bdc340020b843cf88edafab1e91cbdf8c37553920f2def244702118820a0,229,0.000259252867424917,stitched_market_reference
1761228491,23640699,0x08fb4988fef9391e31b5f5789620526726016f6cde5987e2c04d0f38b9fd85c8,807,0.0002612074620939,stitched_market_reference
1761230219,23640842,0x0546830786d7046360416b07e6e25a9b6cf4bb22c3fd4245d02f79fe4b7af747,75,0.000259783413507867,stitched_market_reference
1761232235,23641008,0xc98c2f49109ebb9cb43fcc6e75708075ba23089a8818cf1163ac04b9485b7ac2,538,0.000258425105894336,stitched_market_reference
1761235871,23641304,0x8a37a8ebd0282aa0180b41ecad3e5172babb9dd4f172b1e49a10456b3d9084bb,239,0.000258543696362221,stitched_market_reference
1761237971,23641477,0xd5a9375bf7b82dcb678923f6471449e0596ecd17a3e0e94bb4c9ed7d55726a05,82,0.000257184957880522,stitched_market_reference
1761238535,23641524,0xe5330c33da48a330c0c5c05f9f189d965d14a7eaf24499d41b93e75c7a96f2e1,1517,0.000255900128931463,stitched_market_reference
1761238547,23641525,0x3930a74d97d7f4d6ca477dea6ba4fd9bdfce9caf104df2ad924c94448b920d30,892,0.000254614104495198,stitched_market_reference
1761238895,23641554,0x6d16176752813e2ad4d2704e8907963eb5ca6facb23bf8be621bc4343e39716d,831,0.000256251575463008,stitched_market_reference
1761239351,23641592,0xbbfb79080a50a38c277098f2b9270fb1b4fb9c5af5a352767cee8c1da2f7c7b7,82,0.000257631478859886,stitched_market_reference
1761240947,23641723,0x562926db9d0f2c30b135e26a231759142a95283c476e018bc65c20ad1f2686cc,661,0.00025554214763023,stitched_market_reference
1761243767,23641957,0x4ead12eaf8c08855e178b4ce750f2d4ba83cd4571a8a737f89f7f75ed9fb9534,109,0.000256861763139341,stitched_market_reference
1761244955,23642056,0xf905d195b7b8563ab0ff968682c8719f62fcda3314e7a3de2c29d5310a6558dd,439,0.000258153094235471,stitched_market_reference
1761246323,23642169,0xaf73246df132f293994644668ed2ad372a1bb8acf9cfba40d16843e7fe0b35b6,300,0.000259855222189845,stitched_market_reference
1761247739,23642286,0x668851e92a1355b5f0fecc846f31d9269573956aa20cdcfb7dec806ade21ef13,300,0.000258415400041039,stitched_market_reference
1761249779,23642453,0x840e69bc0a43f0acc99a98313b6e92f20eece7eb9fe64f86779abef7a8b6978b,308,0.000260145913880577,stitched_market_reference
1761253403,23642748,0x6c2bf8cb18c140e22577d349f4b6608fdc8a3880658280cc74beeb1112bd466e,129,0.000260731064313121,stitched_market_reference
1761257015,23643043,0xffd6f4e42f17a87c945dc2f1571f3a67b781c4ee9940e3ebf1f53613a4e8f737,231,0.000260793912283676,stitched_market_reference
1761257087,23643049,0xa3bf5639a3607fd42d045c8268eeef93451bde7a91a6945f2997666217b04876,375,0.000260795177297565,stitched_market_reference
1761258755,23643184,0x721f90f55d59e618a190c2cc34837916d12d132999ad52f9585a723b26db2ab4,180,0.000259335110255317,stitched_market_reference
1761262379,23643485,0x047c6c2a6178b1656bbdb1310ba591424ea873b79a9113344be70a9fae7b5f16,123,0.000259411778624291,stitched_market_reference
1761265991,23643784,0xe7025574fc0e990d74a8a38083fb508933806556f7351f076d4fe131b502b346,334,0.000259477166349048,stitched_market_reference
1761267071,23643872,0x93a992b4dec7143ab433caedf1d3b300dc7a5ca8a84ab2269f3cf95a410605d7,165,0.000258019312438904,stitched_market_reference
1761270707,23644173,0x06dc0482a4b0bc3724b6fa2a5337c53a9d367f6ab9738a80411440c2afa45a6a,269,0.000257628177804672,stitched_market_reference
1761274319,23644467,0x0aef37a47df475831a8e77f7a22c0a68d58d8d1bbb13888ee41a84be6ca14649,158,0.000257156199653919,stitched_market_reference
1761277931,23644766,0x0dd3839975be4b9bbeae729ce3f082be493285cae32ab32c2d7a50cf386a4981,115,0.000257678731897154,stitched_market_reference
1761279275,23644876,0xed904c8000e3fcdca79a86cfc80121bcb317cc42420ec749c042898f6072787c,962,0.000256375056405936,stitched_market_reference
1761280067,23644942,0xb8704e08ae29e072b4029f5d9579d682dfbee713594e2ddb63cb2009615519c4,331,0.000255071625365435,stitched_market_reference
1761280463,23644975,0x77ef5cd50a2e5baa5273c9866719feac416dd2d2d730c0672e15dda9ba19b882,623,0.000253156561389476,stitched_market_reference
1761281507,23645062,0xb99291488f43f80c84055b2c6feaa8d1b3618ba8b502fe4e226360a6ebcf1942,543,0.000251641584395953,stitched_market_reference
1761285143,23645362,0x8c8b36945d249cce3f1d8e0cc3b28de9a428b0e0aea4c4969664435cac2a7852,210,0.000251204778826274,stitched_market_reference
1761288767,23645661,0x503de0b440277a931a8625e16907c5204e23ccb9b7e9b5516c5678d4b5443af2,288,0.000251117150671445,stitched_market_reference
1761291527,23645889,0x0fb29ccf25fc9f29f63ecddb78e23ac7fc9ffc083681e3fdcdea54d776f79ff7,755,0.000252381049379444,stitched_market_reference
1761292043,23645931,0x4391214dda7f6e871c6eb125654d76cf66fb9e996056f302853c873eb9170580,666,0.000253743993767272,stitched_market_reference
1761295559,23646221,0x317aac46ad625896ce92df4b1923d2aa04f534c7e9694afb6b20a44e7cc2947f,568,0.000252354372916303,stitched_market_reference
1761299195,23646522,0xa2ec02df00201c3e3d35067b2ddd3f5b8eb76cea1827cd85cc7d55ac9ed6dc82,244,0.000252386233024083,stitched_market_reference
1761302807,23646821,0xe55c3f71b4c305c925234eb5bb4d8b3fa1cf7528432f01e99ff2b941174f761f,249,0.00025266357452228,stitched_market_reference
1761305675,23647058,0xa1bae27b1023588780407e4ea59b53ba28831266f7ac872526448a100bcdab02,1047,0.000254062641546368,stitched_market_reference
1761307547,23647213,0x1d9adcbff7c2809f27e9d4b38066aa3b429c2cbeeb325f8232122e2994f3cb20,110,0.000252762952674003,stitched_market_reference
1761309059,23647338,0x8c2782e73499489f00fc56fccbd26cec9ca9af6d0301c617fd2cc33191935d3f,1188,0.000251203040356816,stitched_market_reference
1761309119,23647343,0x32912396de20ee2c8fa60d0744107a80f297ddc7a988b615cfeab73dabb01114,154,0.000249772845816034,stitched_market_reference
1761309359,23647363,0x864c23850079792097164187df3b2673d51e2f796a4e8ce137ad45f9b19d9435,624,0.000251086579189948,stitched_market_reference
1761310595,23647466,0x504704afd51b4802c071b5bc175758f5c3a1a54a5ebbdbb54a36ffd803e7ed16,197,0.000252549978278001,stitched_market_reference
1761313523,23647708,0x8fd086846ad258e4916143bbefad6f13abaa61ef2b37ec44262e7aa5228d5891,638,0.000253963767563778,stitched_market_reference
1761315707,23647889,0x96e07c1f7b58d121769a14c81c4af84ab18d403b74c614a0b6eea37e03f884fe,181,0.000255459765177473,stitched_market_reference
1761317663,23648050,0x747e8bf356e8a641191982da073112010fec89d1a4b5331606ad6aa649d793ec,210,0.000256851931338333,stitched_market_reference
1761318767,23648141,0x41875ba3bed8e3118fc6e44aed93a62b04acefe3a36bc08dd655be9281545afd,222,0.000255208996214779,stitched_market_reference
1761320747,23648304,0xe77eceb43192404aacdcb8e1a411a2dae816f38c841657691f80cdf993ebd6d7,541,0.000257021517252491,stitched_market_reference
1761323783,23648555,0x170e5393381eaa8d4a0555e7b1da5e283b64437a227da9e66d85bef63a0e6c13,170,0.000258327821064628,stitched_market_reference
1761325307,23648681,0x440ff6349dece4845d883fa618f64886b1f0398a06ac66dc411b24a6ad785b1c,184,0.000256808366315908,stitched_market_reference
1761328919,23648979,0x36de576d837dd6ccd0cc473b6994e8bd9f64d5c2e4f97711691df846275bd181,133,0.000257230176288259,stitched_market_reference
1761329747,23649048,0x31a9f1a50a02c35d6ae95a93d3767cc9e54dcb81d347ecb153e70d25fc419cf2,853,0.000255898709800998,stitched_market_reference
1761332939,23649313,0xff645f56b7a4c072153a1ea2008a506e0f61becc4387fdff9f7b8ef3c78cc168,48,0.000254551462629851,stitched_market_reference
1761336575,23649615,0xe91164ad362918a2500d587ba19077e841d95fae7c26229fb7f1e893e8498424,264,0.00025436174483327,stitched_market_reference
1761339899,23649889,0xa614be5271a715cce00819c7cfb08fddd98189556d0ddcd49d18f9cbc8b1f086,194,0.000254370882643248,stitched_market_reference
1761340187,23649913,0x192bc0fcba41bb498f88b944d77029333d38fcb8c8e6ed3fb5092d54504844b7,127,0.00025409451791328,stitched_market_reference
1761343883,23650219,0xeb503965abfb54f412f310248668c7ec49541c6507041e9950a91d2ae89c606f,242,0.000253871653993119,stitched_market_reference
1761347519,23650519,0x6fed85662a9afa81acb33ba12d7261a47a3cdbaf378747f5bae579ba7a3d253e,222,0.000254469294256986,stitched_market_reference
1761351143,23650819,0xd730545d935852b76b0fe55e56df3461067541c51a52653284db9843eda86ff4,224,0.000254505551256859,stitched_market_reference
1761354755,23651117,0x19c482c44f07fcd6ee321b76bb025711d6c96a4702c7124ff9af7e483712c97c,213,0.000255047606294111,stitched_market_reference
1761358379,23651416,0x3ac4e06595b318dc80208ce4d294e48f07f8c4bab3d108ba8cc6be0aef6af140,281,0.000254494973318042,stitched_market_reference
1761361991,23651715,0xf2aa76a9711ad8a6d764ffb5c4474832003f25e1347b1f89f2c30396861c35bb,100,0.000254459652011307,stitched_market_reference
1761365615,23652016,0xe9342102ac776cc39f1ed15d0f6516ad48a6f7698d5dc73b96954425f8a30405,1480,0.000254815252928156,stitched_market_reference
1761369227,23652317,0xe3992a847537f9aa487d591ad6fde01808bd76475cbaf87c008a48d0a820891d,87,0.000254863139166357,stitched_market_reference
1761372839,23652614,0x0d7be63466382c85a89287b28f80953d4248e87486803975e2db2f93fc597f1c,73,0.000254145773825133,stitched_market_reference
1761376475,23652915,0x716bc40ecdee315b359f984ca95e5aee69dd8e9e7d45b7969ef060616f441c29,177,0.000254251396671207,stitched_market_reference
1761380111,23653217,0x28d1cc5822879067ae47fa9ae09bc43d5eb7b9de0a280be3d6a244aa3a4a4046,252,0.000254115533677097,stitched_market_reference
1761382775,23653434,0x870c08f11e0515e658e718a2cd8c046f80785e1c4a719c2d0e080a71c93da5ef,190,0.000252798496727234,stitched_market_reference
1761386387,23653733,0x783cf0673b69ea1ef82b866059aec3e1040a41fa2704db5e282c47073adb028d,89,0.000253609345441151,stitched_market_reference
1761389999,23654033,0x62163de59f7843c23406a7710cf7d6c9ccd5afe7922210c09683691d0f00ed38,132,0.000253574185190352,stitched_market_reference
1761393635,23654336,0x77e575c59a93b3f678df87b48df2ba4d9b7847f589246f9f3a52776552ad4c69,284,0.000253725233729031,stitched_market_reference
1761397271,23654635,0xc836e03ec42848692946b9d4a9bd245e8e264581f583b6e6ddb56a5c6ebd7eb0,473,0.000252756960278259,stitched_market_reference
1761400907,23654937,0x5218ef57952294c2d42295d0ea3829a8663cb156b68c0d8c8ae6013d5e72f3a3,377,0.000253544744684643,stitched_market_reference
1761404543,23655240,0x435a2c56bb69c85dd56a2aeff74f6b12c786da7940c36137de4d0d680a259549,35,0.000254049707951346,stitched_market_reference
1761408179,23655541,0x18fe466f2e7783178de7e7b4ab66e65aa01c67bbfa51979631d08b894a80a02e,88,0.000254280727566281,stitched_market_reference
1761411863,23655846,0x010ae43d1ffe046328e82578e58c8e2e8b222f2da2b77d77b48cfe4d4706a1b1,243,0.000254178192124863,stitched_market_reference
1761415499,23656147,0xefc49da7e3044899998b3f2657aa01ddaf38a49373e185e58ba38e0ce31a965a,46,0.000254262104901866,stitched_market_reference
1761417083,23656279,0x013e02fa8bf08b17fe934da7dda8e8d5ddca0e259f018d343104854f8b43cba1,178,0.000252896435819328,stitched_market_reference
1761420695,23656579,0x2fcf8845353265ff8d58fa2b3dff75b626657e0f8c9f913bfdd7b93bbaf49767,466,0.000252491449883591,stitched_market_reference
1761422699,23656744,0x00325dde0f580d25ecc01d13735ad4264de26457a9fb4e4eee5ab58842c7b33f,278,0.000252479483255811,stitched_market_reference
1761424307,23656876,0x73809df7b91201dd53a4026cd9f405466d6dc461fd745b5cb8331634c3db1c1c,17,0.00025297775011512,stitched_market_reference
1761427931,23657175,0xd14e987b249859e2db873cf3b10360a311ba3f6d5dd6117b16c8e1c159d7ca8e,60,0.00025328792108503,stitched_market_reference
1761431603,23657480,0x3fcf0a0de75c4d7e88ae8c94eb8bb175fd6a473db8091d7fb768bbdd1520146f,262,0.000252833428093471,stitched_market_reference
1761435227,23657779,0x4449d0a3f6252746dd6978e5eb7d3be64cf474d68067206bb89c1ae9513c0592,221,0.000252766524183599,stitched_market_reference
1761438839,23658080,0xf2011320261dd9c2cc1ce7e4c1ef222902f84acf4d74f4e37b00fff29a4a1b27,207,0.000252614661933912,stitched_market_reference
1761442463,23658381,0x87156eb9a4d35ec15dc56938c63e1d958c710210f466b5b143faa6d10169220b,48,0.000253143249119854,stitched_market_reference
1761443867,23658498,0x383e11807718cbb85b6216e6b64f9d984584c407632e4e0fa280c677f0401bf0,941,0.000254688025218433,stitched_market_reference
1761447479,23658798,0x10a6301c8b2699e0dc9b7b3f61b8d467f4e8f5a928b86cc2ed24d1453c33f4a6,242,0.000254339974135302,stitched_market_reference
1761451115,23659101,0x0dcd8c7cc7bd65a26d11ff180065f3700364f0dc6c06326095404e0ac7468c19,101,0.00025438277085904,stitched_market_reference
1761454739,23659401,0xf4e3c6921f7d98d69ca765f48f2fca74ea909615291e9de892fb2d295c7edc0f,43,0.000253736807049457,stitched_market_reference
1761458351,23659701,0x8f60fc9fa8ae6af895257b6356c33367e5b541f375c7d39c94f6d9bd72a097c5,477,0.0002534663327128,stitched_market_reference
1761461975,23660001,0x6cda0df88523f4a44cc6b17c3d0c6be4978cc3cff5b04dea4d368731404be0a9,143,0.000253438823291056,stitched_market_reference
1761465647,23660305,0xed9638d629ae5f34ef8c3a53e8f1a5768a528a5ab1389045ab2baac57ff65a75,20,0.000252992062763508,stitched_market_reference
1761469283,23660604,0x30da3dd2147cda474e097ccd33c9b63133311cd9b1db3e419829bdb7223cabe9,195,0.000252445403591672,stitched_market_reference
1761470747,23660726,0xf6273f5d4d9562317b06f386174aa82de5b025633fead302cea277acfe5f6bdf,278,0.000250948728519631,stitched_market_reference
1761471023,23660749,0x6c48d040cd72286f81a77d6e033bf66d096e06aeabf2634b3ce2942b24250f5d,347,0.000249571872930723,stitched_market_reference
1761471959,23660827,0xfeb1e066cb0bbd880aadcc5228b37e74ea2b52d9d5eccb9cf4bb1374da1a19a5,302,0.0002508603672091,stitched_market_reference
1761475595,23661126,0xc581e55667e6b4a14a8ce6aabec19a2674cdec52fead4134b09dd311b8d165be,192,0.000251046806501991,stitched_market_reference
1761478235,23661344,0xdc541aa22f27c7f72c618d513952c305ad6c83381de5993df1bf9465a20e0e8b,203,0.000249753304412204,stitched_market_reference
1761479015,23661409,0x9b8fac6fbade2f0d638f9ce2d11b2c8d6b5af9e548c2cfe5f77025a6941df831,38,0.000247330851080618,stitched_market_reference
1761482315,23661684,0x83aa645f45cc1758ecae247c5bb80a4d8a01ace1f585b878de9fd306c8879285,15,0.000246006574188437,stitched_market_reference
1761485927,23661985,0x1fec57ec02bccf230387478e1aa8205424317c63f77994de36744e4b78e96b24,250,0.000245071263526201,stitched_market_reference
1761489563,23662288,0xcea57856e3e3f5c3efc377843a30cc2fe00ba1cd3eadd9034a18e2946bb493a5,333,0.00024522860270992,stitched_market_reference
1761493199,23662587,0xe7e7258df9aa7e3b512cc99347b7ceefa1a404958524bef6b5adb65c5ceb5cbe,358,0.00024573658563076,stitched_market_reference
1761496823,23662888,0xab3d86697383402b757c2dd5da3ac9cb6252a2e4df5301d64d1c220e6a8fac85,439,0.000246284198434997,stitched_market_reference
1761500435,23663186,0x7cf575f8409e10c895794ffb06b923b26d7c6d1e9a143677021cec6e9c09a410,26,0.000246011657691719,stitched_market_reference
1761504071,23663486,0x3f0973853eb342a133ed4c9a043b82a4ab00fb5bd919d79fb95dc24d5991edbe,295,0.000245334207265728,stitched_market_reference
1761505511,23663606,0x91ceef76b870cbc56b71e79591582e4a5f046f3e3ce147c456b161ca8ba22642,73,0.000245335829145089,stitched_market_reference
1761507695,23663787,0xf4e9861d036134ce1f8a896d473c55e15930155bba5cc8ef96c9e62ae11c4407,419,0.000245736670032484,stitched_market_reference
1761511295,23664086,0x54f04ba79dcabaa2cdb01f421df160cc4cd13eb7e2ed53fc82df154f7c71e55e,223,0.000245650688649114,stitched_market_reference
1761514907,23664383,0x74b675adc6c2c14d5df6df5f2ef57767f563e05318a493520b125ac99064112e,284,0.000244601528858934,stitched_market_reference
1761516263,23664495,0xe867c1ea00c5cc9fa02d6f68c9ee124c10676e26d55170fc589d480ddb163198,8,0.000239714316191469,stitched_market_reference
1761516335,23664501,0xf9edfdedcd792088c6e396f3829bdbc9ca6fdad0f24f4e8cd62f9638181ba94d,753,0.000241079624178486,stitched_market_reference
1761516443,23664510,0x452b02428dc24ab20b061f2e04844c6168a0b8726f696c2cd025ec8f99a862b8,319,0.000242377408133028,stitched_market_reference
1761518087,23664647,0x7d2d6c0da026d236366e4575de2df41e381c3df44c96f61452ba1dc3ebfc55e9,24,0.000241035528406091,stitched_market_reference
1761519707,23664781,0x44d0e6704788e0618c8f1d37d271f92a24f6e16e862dd2ea79c8f3c443f7c8bc,381,0.000239680905831898,stitched_market_reference
1761523343,23665083,0x4e806f10dd0e3924c5bcc7617b7d0ae5ab095f77dfe3e33e0bd66852388204e7,32,0.000240444324453744,stitched_market_reference
1761525299,23665244,0x0308e45eeb4a2ab2508e129df3017b2094cb4095e4d5d09e169a5ef131a8bcfc,308,0.000238935455195008,stitched_market_reference
1761528911,23665542,0xfe6d7d1a134ac68b674c7d0da307d8cdc0261acd55255fef574bce002e6b8d31,26,0.00023865871773628,stitched_market_reference
1761531911,23665791,0x8e6af425e820fc9ac289c5689139ca9ffa7c85f21a55fff5368984147ba80f42,842,0.000237377691443583,stitched_market_reference
1761532331,23665826,0x5bfe17542d00fced40e7b8b92d211917b10b4b1588fb10bd626a6e38860be2b5,415,0.000238859010096302,stitched_market_reference
1761533003,23665881,0x8dbf5caa17b05dee3239e28bfbba17f039bef95d86dc82c3e9436fc40de57180,632,0.000237638991615577,stitched_market_reference
1761536603,23666179,0x326b1bf41130af10650c28206a8d924adc6b3b73ab7ac72af9e72ec571beae12,157,0.000237841491753187,stitched_market_reference
1761540215,23666475,0x355910cf3c056ce05795d777d9fc73dfbb84e3613f2040fb37cc00264b2840bd,444,0.000237612449174071,stitched_market_reference
1761541979,23666620,0xeafe4c7aff164a6834cc3db250b296fdec611046fcbfbdd256e0f9961fdf0ae5,181,0.000236331182240951,stitched_market_reference
1761545603,23666921,0x8e2555561ca3b92262aaf385c8226af72c2022708eb1152cee2a6282987edb0f,145,0.000236601582255087,stitched_market_reference
1761549215,23667221,0x9401ca5d142dcef086d46c841c062a390b19836e769cad85968078a4a8579772,378,0.000236450982107807,stitched_market_reference
1761550775,23667349,0x4e6e8e20a71d48f2c996b6def8ae0b9400cc004097f4cf8b896ae10eeb6d1b04,397,0.000237702636908456,stitched_market_reference
1761553559,23667580,0xf1d0b221e5b90d81924dca6274a4fe78dfd105ec024fad161ac3b21683dedee7,129,0.000238951093861141,stitched_market_reference
1761553799,23667600,0x58d05615b6aa977951bf74590e381748b515255edda9e296673f9a809b24ba08,579,0.000240389170879862,stitched_market_reference
1761557435,23667901,0x054efa97eecb9dc32c076277d9741ca0472337fb32e5504b213e0357564f05c5,8,0.000240397478866331,stitched_market_reference
1761561047,23668200,0x71fe8fd44f44736dc19cbd65ecdef1d881734e82d11fd21b427776c36468d3c5,78,0.000239761648526354,stitched_market_reference
1761564095,23668450,0xb59a45e7a8cb32c54daf30b428857aca984478d045eedd6567994ddddb8294f5,179,0.000241340387015175,stitched_market_reference
1761565451,23668562,0x04f85c504bd7615d812e055781065c90a59f483f1b329090b6195fa8da02bb53,648,0.000240130169769949,stitched_market_reference
1761568583,23668820,0xe18b0cdb86d7220f88406ac4b8e0563f85c55dc35219d08e6333dd52afe2e972,164,0.000241352647198244,stitched_market_reference
1761570647,23668990,0x30ed19e6c736c354645f6d8d96a4cc592a4cd305ab5a2581d1da96167ebf8fbc,414,0.000240123608270543,stitched_market_reference
1761572207,23669120,0x966d081df8462d220f26a76f52a4afc6c25e3fd242d2accdd4b1fa55fe662f64,279,0.000241442372332924,stitched_market_reference
1761573047,23669190,0xe376f8d041bba61c9ca7081eb23536b1ed1c632d3da6aa04b5c5aeb02c413355,83,0.000239995557782818,stitched_market_reference
1761574247,23669289,0x0ad4865ce160e61bb3dd038d46c5f5b371ea3432512a5021f8eb7e5ab45de5b2,143,0.000241276043596345,stitched_market_reference
1761577595,23669564,0x3044fcb7d7f801c26d101f4d799b98e7a581732828bda48993ef37b3da89c424,110,0.000240060130862265,stitched_market_reference
1761581231,23669864,0x1eb1bb5d9829360b6d3823cc2166b49eede0e62c5fb6c2ae04985255bfebe26b,229,0.000238874274362104,stitched_market_reference
1761582971,23670009,0x830adf872cdb68c866a8c1a378829b9d181d0ef1cad3fed9f7c34557139632b2,54,0.000237654489833642,stitched_market_reference
1761586607,23670311,0xdb4ee181f3af4450be215e0ac552fcac6da3f70ecab092ba54ee1e5b8c2eb76e,188,0.000237569542025542,stitched_market_reference
1761588335,23670454,0x7edbb886182f7c6522e16ba623141704aebbc37b6dc6c18dddca2e412043e7f2,322,0.000237569824769824,stitched_market_reference
1761588611,23670477,0x8f812a6fc609e23375ef5e96bbfcfba569968ec2061301feab4b2dab4a38c4da,119,0.000236376907216145,stitched_market_reference
1761589775,23670573,0x53af2bc11d06c4f6622117aaa0e1771af6aa56e59e12e0cea1c1c0c083116ae8,102,0.00023760063189303,stitched_market_reference
1761593387,23670872,0x2717d4c71e4981aa094356e0de70d74aed9ad79f4be48bded3161f528024c26c,123,0.000237219807542657,stitched_market_reference
1761595187,23671020,0xd8f2eaf463f3ef189444711bbc855d2525c6ce4636284951372d449194e2e2b5,263,0.000238727259402826,stitched_market_reference
1761595403,23671038,0x88c014daa462475c123bc2025468d95c7ab37044e4005db39a4ff8a7a6cf6689,431,0.000240285688194214,stitched_market_reference
1761597935,23671246,0x448d33bb4d4cc4763899260f6f5a42929db0a072b343b22f2cd7419041637429,219,0.000241629544377147,stitched_market_reference
1761600287,23671438,0x267fac109dd2ebd3d56ee67f22b10a28a3a8ea9ede8cea60e1ea8ac272c8b946,1435,0.000243659057844754,stitched_market_reference
1761600971,23671495,0x1efce2307127480047a75c12f326ed9fc4c1cb1456d91910b11ae47c39e791dd,398,0.000242344890018899,stitched_market_reference
1761604595,23671796,0x242d3896cfba7529fc826cc18f554d9b4c902ee0dd43d80084653b6761d72b0f,39,0.000242105344464728,stitched_market_reference
1761606995,23671995,0x64f8a74e92304f3e97b6f496eec8c03c53e0714dfe0b5e974dfca0e779790814,524,0.000243367972862898,stitched_market_reference
1761610595,23672293,0xe5dca45518e708dbae90363d8defe0471ea346f781c33fe8673cd281327f00ce,682,0.000242385250132995,stitched_market_reference
1761614207,23672591,0xb4c912a2cc352c71ec28fa0c860567dfc8e0417806f13821f53fc609f7d0caba,136,0.000242113241173237,stitched_market_reference
1761617819,23672890,0xf7992e6388eabd595780f3130add3e51dd5fbbb37b2b2d06749446b88b8d9a93,224,0.000242401524877505,stitched_market_reference
1761619847,23673058,0x4abe2774f6742721319e10f994be893242b420343112fc39d724ad08e7fc068d,103,0.000244079768550737,stitched_market_reference
1761623471,23673359,0x31907f506570ccb56f691a2df1e694468699eff926bdd75f28e239f0046770df,214,0.00024479041348533,stitched_market_reference
1761626999,23673651,0x63fb5204837dbfa15a6dafdc46ca11bffe083d349460a746066419b346fef2e4,255,0.000243521973365027,stitched_market_reference
1761630299,23673923,0x606cad9a5159cf514cff195834c827677f9abd5b2f80fe676f68b776ce6a8759,27,0.000244763490807911,stitched_market_reference
1761633923,23674223,0x6f2052ae1c372b4d09fe6010454ce756ea1f9210f8bf08cfef50ff3bc0332182,142,0.000243955116271693,stitched_market_reference
1761635099,23674319,0x7ca6addde7d832e4680f6d6e43e5fcdc3179adb83fad9cb70648fddc33c937ce,260,0.000242573157299718,stitched_market_reference
1761638711,23674618,0x438879186e0dbe5faddca6ca27484ed449df5707be79db381bb0c44f0f1abef9,268,0.000242887725642432,stitched_market_reference
1761642335,23674918,0xf25cfb82dc804e548c4c6684e29e77be39f8752a36d5e92e102b37d739b55420,80,0.000242305864789653,stitched_market_reference
1761643811,23675039,0x5509ffd9d477e3c877e42aa74b2354b01553a4162e27a98b19730a98cc05b54d,231,0.000243529482059248,stitched_market_reference
1761647435,23675339,0xdab54c9a180cb335022913a20886386bec65208163c247479af661b92507acde,551,0.00024273990726212,stitched_market_reference
1761651047,23675638,0x3ed777b776b745bb262eaef4b53a46f495a8848de325e18e830822e5388b445c,191,0.000242673242335397,stitched_market_reference
1761654683,23675936,0x47c134e041522dedbed1768397786c64d4e2189ff0e24699b9405ecf1fe6085c,28,0.000243508925744623,stitched_market_reference
1761656579,23676093,0x76254f862803ce5fde39d99354d6f6cbe64d96c087868257eec65c1b4d085321,258,0.000242221161696055,stitched_market_reference
1761657899,23676201,0x84c36b03ede7d6c53d878b35b60a52890df5c0be02a2b23511867a856915be74,243,0.000240759698597517,stitched_market_reference
1761661235,23676476,0x34e9837dcd806010fe726c38646f2063fa2ba2cf317632ffd822b4f687cec14c,514,0.000239518937092509,stitched_market_reference
1761661631,23676509,0x26131bfb84c9cac61167e11a01ca597100244fabde35a77d49e4cdeed482c440,139,0.00024073172552107,stitched_market_reference
1761662435,23676576,0xc38a97861e213f32e77281e39357472c21c5a8e595e65489f3bf5d3b80f3770e,374,0.00024214717747362,stitched_market_reference
1761662627,23676592,0xa5d368a18a2130454ad7575bcc344b2b60f86c11c9e579936b3416433b4ef158,466,0.00024340425162742,stitched_market_reference
1761662735,23676601,0xce1454f333ebe768c51da4483b3b049c0dacb443504cd50093dacdc2d0153863,875,0.000244783485771362,stitched_market_reference
1761663071,23676629,0xcc0478fe8f7d520cc9ae14b739252ec8b63d2378834d401321daa6343f04c0a8,248,0.000243397110456481,stitched_market_reference
1761664067,23676712,0x25e957aece49ed53d9ffed986766075e97beb56f3651ba0a30350064b7b9a69a,259,0.000242097745038115,stitched_market_reference
1761665447,23676825,0xbae9671ee2e9fefb19cb101afdbd1223521897c995d639be553521db3f9c7c13,272,0.000243587525300853,stitched_market_reference
1761669083,23677125,0x8618c07d0436a83aa621935cccd908d76b54c0af9f26234eafc2d8c3301a9a35,548,0.000242186566800625,stitched_market_reference
1761671159,23677293,0x711fe391383f6cc2b771ca0fe52dd831361f21fc3c96b029546723dda0f314cf,245,0.000242184687192277,stitched_market_reference
1761672707,23677421,0x9c12ddd859d697c615a36437bdcc620b48197d41c34503b56596e5bbd8edd4de,420,0.000242111667934518,stitched_market_reference
1761676319,23677717,0xe12a57ada1354692887b6c0bdbdd085093f596645a54b3c7d6bc58a6a69a1f3c,7,0.000242043375220591,stitched_market_reference
1761677039,23677777,0x16fc05274b22b295260e1eee562d874f07aa55b8f94d2446dbadd69b4e756c7c,290,0.00024327112090546,stitched_market_reference
1761679079,23677945,0x9adb8055a8efd1c67b22698448c7c7608434ceecf0f9d503920bc91707bb2b5e,130,0.000244557069025821,stitched_market_reference
1761679259,23677960,0x57c48d3c548a3c511b58eeb95dba21aa38bbb51dd40f36d9dea9acdd67d8e30a,75,0.000246086674390077,stitched_market_reference
1761681023,23678104,0x01958fe6ee2858a8989c76710b3b097fd4e07046d2326fd2f1e0363a1207823b,260,0.000247760321199845,stitched_market_reference
1761682391,23678217,0xb3fcc06203cfbca39d0f399198f2add34c6630b25dfa892592b3eaebc5af186b,605,0.000249286261461651,stitched_market_reference
1761682763,23678248,0x9bf33494ea245e511f6a728f91ed0d9811502c0fa55f904b49898d76f16391a7,670,0.000250547116484875,stitched_market_reference
1761683423,23678303,0x5130a057c7035abd968ade6b529a150c6f47cc3169671f6a16d3534f36701544,389,0.000251958812780267,stitched_market_reference
1761684011,23678352,0x06c9f1e30ad5a71d5f77da2022dfd6ecf41b5f6609514daa9d0f7b8351ceb7e8,713,0.000250572864898738,stitched_market_reference
1761684719,23678410,0x11e824c034384b1e89cb34e8e6a628f5443647055d985d32c8b3d0097b4b2317,457,0.000251848959336118,stitched_market_reference
1761685679,23678489,0xaf8ffbcd71d49eecb5da944259b26a456291c79d23f21bcfc5d109ab4738c66c,81,0.000253888038895695,stitched_market_reference
1761685991,23678513,0x69c7d94e10fcab249058fec08d14b67773bbcdce4c03860bb7dda1c1ab1037c2,658,0.000252307077565594,stitched_market_reference
1761687851,23678666,0x911a9463a00ef17ba186bf215511816bcabb0805af8618f551c880dce55036b8,40,0.00025099649473457,stitched_market_reference
1761691475,23678966,0x820d9b0dbcacbb7ffeb0f81ecac752ec23b89a8321f77b64d5cdae9624efaff1,317,0.000250240003988366,stitched_market_reference
1761695111,23679266,0xa1088b8a797632068a4a7b6943f7407502e7b53d62339f3a75961a968e950a7e,278,0.000251069315060973,stitched_market_reference
1761698735,23679567,0x2c1505219876a827a1737d6e160a6ec66f234e3db86ac67d8dc06bde346ee18e,59,0.000251077978319426,stitched_market_reference
1761702119,23679845,0x58d3422261f07ab102c32bd51738bf8b08477baf4073cc264bc0e60c8267ab68,268,0.000249615762825037,stitched_market_reference
1761702587,23679884,0xf337476a98dbd32cf07d3825d3673d71b21d307d9f6f8b6427d19f30900a070d,392,0.000250886577592774,stitched_market_reference
1761706211,23680185,0x886f71667fa33eba3e4d909c30ba657687cc366b11a4c51738556b10782c5bc5,518,0.000249964235261082,stitched_market_reference
1761709847,23680485,0xf95ee2758130abc2736510ca95bdb8e25e4d89bab51b1562adc18491ad81aecf,114,0.000250015513068484,stitched_market_reference
1761712427,23680699,0x9e0919673cf50c448d5c839ceb46e9d7a823069ea7a3f7613b2b4394ad3e1a2a,178,0.000248719042661385,stitched_market_reference
1761716051,23680996,0x832a741eb4cc333aa4aef4787d34ff39af0aa1bcf223f6570acd99cb1b063416,90,0.000248337442995586,stitched_market_reference
1761719663,23681296,0xbb08700762db0986a3e0d2dcc624af762474ca54782354cf709ca2cdb1cad0cc,450,0.000248547403901798,stitched_market_reference
1761723287,23681595,0x53155d11c46136b8c5d2b923af0d58efda3f6230932be158a03f4d3add824a1b,260,0.000248567000636915,stitched_market_reference
1761726923,23681897,0xcdb66137cffcae78a0666ec74880d823c083e46b8f340f5e3e93cd92ca8e7678,219,0.000248941056154689,stitched_market_reference
1761729287,23682091,0xc5889b7ce9301aa781cce4ca5ae58ea27c5943cea8e2625dd0a7ab9c9363872c,376,0.000250303171189444,stitched_market_reference
1761732899,23682391,0x87c654c129ccf36edd9f042e74f240435d5fb51fa07dee72919e2814f62b27ff,219,0.000250319688438675,stitched_market_reference
1761736523,23682691,0x4238cc1bd271c31370f5adb213ab431bec54bd086cdea9ff313b50c94af5adb5,111,0.000249757362747688,stitched_market_reference
1761740159,23682989,0x0749331bd9400bb73bdaf41f0cb7a9edae18a1b513de39bfe4847f827ab69bec,583,0.000249072986462079,stitched_market_reference
1761743783,23683290,0x399a7e1bfc9c4079572d9316e9f11120babd5e7c18770d42ac623eb0b0ae5dba,337,0.000248494571563097,stitched_market_reference
1761745055,23683393,0x417c9f5e49f1d6918f8a753c69e0a858fa48a1d04e8cd963a93c6b7d31833a0e,437,0.000249850862075038,stitched_market_reference
1761746615,23683523,0x1d69b1e7462f5331df6e70818e7b3d2aa9ae5773854f7145d083a29ac7d042f1,852,0.00025136998746023,stitched_market_reference
1761749195,23683734,0x018c5a9cbf50c6af92689cf48e0f4873f55dbefe29797e0169c8177f06376111,368,0.000249944145209778,stitched_market_reference
1761749759,23683781,0xbb17d231681a9e58823b8ca2c30cb3939cdc62ef2325cdaa5618739c74808ee0,579,0.000251206753061262,stitched_market_reference
1761752015,23683969,0xa9066d7bb90cc16866fab787c47a4c8172c6f8df6f40eb40455df7860f0ad485,13,0.000252567664802253,stitched_market_reference
1761753959,23684131,0xf01ceadd746b4c3d89379dbcdaf22ba3ff496db5b875ad86b9fa78e4be584eb7,232,0.000254006796776582,stitched_market_reference
1761753983,23684133,0xf87d7425acd74ec76c02b9d51e3b1f8033b556978652528fb2e79d72493c17d5,295,0.000253990477164406,stitched_market_reference
1761754859,23684206,0x78ff2401e598eca66bde74fa32cb614fa7e25123920a0eb539c3d6a05d0bc38d,352,0.000252446918100066,stitched_market_reference
1761758471,23684505,0x1638b6ea0f84fc31b096cfa58023aae9f9b45ace6b0f32de31d380b74788a487,15,0.000252331377373966,stitched_market_reference
1761759407,23684582,0x702ec41d66c1f69a5919b5652afad1d9ba47a30d0236be3678df5abb30dead8b,415,0.000250800841855996,stitched_market_reference
1761759611,23684599,0x0d0c0a62ebf7e6ca559bec002701ca0f527bdb16a473b211f366da80fad26a97,328,0.000249311121552687,stitched_market_reference
1761760835,23684700,0x5217a63ddf7316d6963e1f49df95cb8c816cbc4b29962d87a25c46fe9684e7a4,243,0.000250603363247464,stitched_market_reference
1761760991,23684713,0x5ff532eb7d7b1fbbc2a7ae44ffbcdfd0417bec359c89df2237e45fa109a864c5,492,0.000248898782215781,stitched_market_reference
1761761135,23684725,0x16fd2ab8e8925877b8644af43f074626c4d1c04610c5a77c06d32412dee2eb6b,381,0.000250995047393073,stitched_market_reference
1761762695,23684854,0x1e57861ce11d45debf36c8813a8f90aeb582deab6e1c50314b793e288b4e15f4,283,0.000249727742309344,stitched_market_reference
1761763031,23684881,0xf3eef60673a0eb75c6fc3a998f1cb7f48e4cff23120f2723c39eac00c575641e,731,0.000252645141572488,stitched_market_reference
1761763043,23684882,0x5ef74352e728d86e2fa773b33220abdaac9130e01cadc1d14034c04ab13cff3f,152,0.000254762339582604,stitched_market_reference
1761763187,23684894,0xbd979726a47ab44190996471792dbbe27a90059558909a2ccaee0a46f6c450a4,889,0.000256295229135317,stitched_market_reference
1761763211,23684896,0x37af37da7e410cf53faef7884ddcc2c867e5ab01d5307a5322534919cb263d57,312,0.000257734129871813,stitched_market_reference
1761763355,23684908,0xd915e41fe721967cb82fc639e7fe993c75d14384808af80b3741dbc4b98aa945,240,0.000259203913509919,stitched_market_reference
1761763451,23684916,0xb44e5c1fe7d777e3f2d3315e7ee746a9acabc638fb29fa92ffa549886ff1905e,50,0.000257832247655326,stitched_market_reference
1761763571,23684926,0x42248584b2973c6d228ede54f290ebb551728f603201d87a43f8238bdabbbb6c,356,0.000256490897378096,stitched_market_reference
1761763871,23684951,0xb67dd3b8ffa24e69821daaa1a00160d1443474aab3077bbb22d28ce53ef4d2e0,142,0.000255174037728698,stitched_market_reference
1761764051,23684966,0x5d8c43cb4896f602b1bc972a2a276355152bee8b4122161a40213e842cfb5035,243,0.000253458627784419,stitched_market_reference
1761764351,23684990,0x3fed49c18c6d5cfb0d60d7c215ceb53c6558383948c5bb58dad6099da3430c7a,85,0.000255070252314774,stitched_market_reference
1761764891,23685035,0xf0b7a5bcbdda2e7160bdae35f748f927926b63d4c872d1a4545ed5a6d1760de8,433,0.000253305025056878,stitched_market_reference
1761765647,23685098,0x49823539be25188c83668540ae9f3ea0b178a77382c7eeaee48f5a21ddd7a89b,156,0.000254591845829078,stitched_market_reference
1761766619,23685179,0x480e6107f66289306ba8b3d202490fafe47f67677a957578f575d88751b9cf6b,564,0.00025607267651244,stitched_market_reference
1761769427,23685411,0xf32fb413a3d2b0878436d6dab47289fa36a32b38ce0e6c0ad9b5be4defd8c855,370,0.000254685999139067,stitched_market_reference
1761771071,23685548,0xc1812c3185db4f5ee195d1d599b9a39fe2cbaea2760c3d858f4ffa422db778d9,106,0.000253368671817752,stitched_market_reference
1761774707,23685848,0x173ecdd6e1439509b08e24e4b0d8432620ec23207b3d66b551fe2e5a9b39a345,404,0.000252466459434412,stitched_market_reference
1761777047,23686043,0x4c9515c80726f6dd33d231402ca0a28b9f6fe6cdb37091ec03c656c1fcdb86a4,116,0.000253775024049993,stitched_market_reference
1761779447,23686242,0x32233fae4968e16d138b504be5c706c1af114c5cd3e68e74441b24eed7650510,588,0.000255099560583352,stitched_market_reference
1761781079,23686377,0x44e7e9a5616837fd6ae84fb76a9f194ce311c0a9b118df0db85e90c951168936,876,0.000256539867855539,stitched_market_reference
1761781343,23686399,0xef4d32272818d15760d4e9685d3175b8dcb2916f04ff962be77cb27a48dd04b3,79,0.000257937455887596,stitched_market_reference
1761781607,23686421,0xe452991fd76cbfe53af4f8851c613ad83107e871f77d8792d6044e9614be59e6,542,0.00025664389535176,stitched_market_reference
1761783683,23686594,0x815101efe129db7beb60c05de74858cf5bf8385146e80fe50426415db67d4d9f,164,0.000255344802944997,stitched_market_reference
1761787307,23686895,0xac611d2615455faf3eeac8c5e55245b55b48f4a54c8d2fc6d113197f33224985,78,0.000255232215088231,stitched_market_reference
1761790607,23687168,0x853f86706488a58986dcdf86cb10bd030efc8492a26ed9b5b8c1b0ea75a3978c,635,0.000253947104186271,stitched_market_reference
1761794219,23687465,0xdffd43b203188222c0b0683c0ff7865449ecfd0c2cdd769a274aa5224c4115bf,176,0.000253159691477388,stitched_market_reference
1761796439,23687650,0x41fd97be44ca2eeb7008b1bc8ba5052c19434b681eac07b3d13ca6863e024836,219,0.00025444049267753,stitched_market_reference
1761797399,23687730,0x808b7b3aad7e32c4ddb4a482e74c1aca7f9dd3ffaa4e3232c7a6eba9aba272c4,493,0.000255830342675859,stitched_market_reference
1761797639,23687749,0xeb8dd8892c8244f310076ab6cd57eaaa24a9cebcb7efb5f5cc2827431192c1a8,51,0.000257125075224129,stitched_market_reference
1761798299,23687803,0x76febf257a11f2ef913571ed2c1e3eb0f7b911750b82af594e2aa2ae575a51dd,500,0.000258425049498296,stitched_market_reference
1761798575,23687825,0x14e779737c2e523c5fe46cc648ca0f99a3e979e84727eda4c93ef9d0574e7f33,439,0.000260201143947705,stitched_market_reference
1761798863,23687849,0xf5e4f54d27c40550546ce542b5b97a26790dbb9e1e54af245661a27d3c91b592,359,0.000258676263721188,stitched_market_reference
1761798959,23687857,0x04ecdd5f855cb7ccb518caa6ea09957c4aeb3da5b4ab8e1a153504c17bbed778,281,0.00025725736054244,stitched_market_reference
1761799043,23687864,0x445f12b3c7628cc1ff4405a44cee41342cc4e81426dbf6c6bad44340f50ca1e3,238,0.000255559736313436,stitched_market_reference
1761799379,23687892,0xf938267a8334780d1d26c1bd007d0842332a4ba9fe545b6ffdbce9990c970545,114,0.00025688007865186,stitched_market_reference
1761800399,23687976,0xbe11993330b46f6ee6c9aa274c249acf377074e518b91d719199c68b8b9ba929,252,0.000258194805630805,stitched_market_reference
1761802799,23688173,0xbe0d77d485d32f7223bd5fe81b716520000abbc61e076189152aec600eef4a10,1300,0.00025661714045233,stitched_market_reference
1761803183,23688204,0xe2ba855ff26b8900ba53fe990c0025e0ff3a7988a8314afc2c2357145a85ff05,369,0.000255006441719866,stitched_market_reference
1761805019,23688355,0x163555b941019caf5ff873481aafac590ba3de9634218e7fff792974c6d5db42,161,0.00025632150252135,stitched_market_reference
1761806639,23688487,0x461299e7f28cbdbddd32d8f722e95d7ba2c42cc9108b08d41b68fd5fd2b2dc68,722,0.00025480896345224,stitched_market_reference
1761810275,23688788,0x697d290d9cd746854cfa9c4038da255442aa3c4cb0d505ac1128b3fc901dcecc,191,0.000253827191310224,stitched_market_reference
1761813899,23689089,0x3297d26da6502d60e3b308469a9adcbe987dcd77002a437b7e815ee3c7d5f3d3,104,0.000254110422898912,stitched_market_reference
1761815555,23689227,0xd96e4382a72f356180ef3d92b91d7ac471583f89270b548bfc7498a4b0c058fe,183,0.000255494224675457,stitched_market_reference
1761819179,23689529,0x5d7fe866995449f150c029d491e516893a3826f303b2a8cae70b92279202f773,12,0.00025652012161486,stitched_market_reference
1761822815,23689831,0x7a61040040a2e03f423344ab352f836a0e61c8c55e71e550ee3b482a4571dbbb,406,0.0002574337898921,stitched_market_reference
1761826451,23690131,0x2d39ee26ef2e9fc0abc7e540918c70a4379c6320318e633cb2c7ec4ba6fae07b,46,0.000257905488085878,stitched_market_reference
1761827111,23690186,0x5602f5aa69c88e9f7f9d255fef011d8132c33d66dbb8763588bb7489ff2bb2a9,578,0.000259486291250667,stitched_market_reference
1761828191,23690276,0xb904a88b166af0922cc9a08f31a188dc43672b7d29edab65f8d4858fc09d97e1,354,0.000261377077166685,stitched_market_reference
1761828731,23690321,0x54216b44c6d94ebba75a94a6970781cdb242031f97102f07da61ef1645325705,218,0.000263148767237567,stitched_market_reference
1761829211,23690361,0xd46543358956aa6b4c200cd100c769bb77313731d9afafca4ad72f03a58192e4,240,0.000261764425963712,stitched_market_reference
1761831431,23690546,0xab3816f97906bc17c9ecfb8125450fb12e89dff21003b9512bd3b33bab572683,2,0.000264060371257974,stitched_market_reference
1761832691,23690651,0xe011ac1a82bd307ef76f6c0f7e003f0b561d95fa5f86d49f31a3323ed31520f4,2,0.00026559314614758,stitched_market_reference
1761833183,23690691,0x64c03a4ed297a1b7f473b4ba35d657c442226b898023b92a5e4994aa105d3a8d,510,0.00026393248312474,stitched_market_reference
1761836807,23690990,0x7a71e31ad3d2028628a91213a7341060db884f33d72dbb7a99c1ff2535c3998e,30,0.000263415358490703,stitched_market_reference
1761836879,23690995,0xe7f157495df0d4e74cee0c24781864cfc1b13f6ceb5570aa484a92d66ba8ed81,467,0.00026342859512564,stitched_market_reference
1761838631,23691139,0x3c8f021cb0acafb7e825f925ade797a5b60df953f6772ab8491e0bf39757ba40,190,0.000264929205612676,stitched_market_reference
1761841667,23691390,0x95aa4463ef6c207952b041b1c6dd6471da74eff567b922349ac87a66abeb3791,1002,0.000263169733053278,stitched_market_reference
1761842651,23691470,0xdcef4dee07df5189f5eb48b28198baa3ee1ce9630fb521c833d2a614496520aa,166,0.000264680594251404,stitched_market_reference
1761844067,23691588,0x64ad1deab97e7339d25af57d45e135db8266cf20b6779fa87082538030da5a2b,64,0.000266134204964678,stitched_market_reference
1761845027,23691667,0xa351b7f41eb2ed96e677c28c7e11c0a6e93b3d09c68e7d23ad71441951402edf,126,0.000267569740254832,stitched_market_reference
1761846407,23691782,0xb3bf170fa34d0d837982c91dae8376927127735cc9870aa0617aa013d657b46d,68,0.000266177423176344,stitched_market_reference
1761849227,23692016,0xe682229b166314253e6a222b424afc4ead26c206a137f312c27384090c61fcb6,296,0.000267576555227732,stitched_market_reference
1761850907,23692153,0xd2211ea02bcbcb9a3d5ad962bbacce97623cb14ed8b45ef1ffde89d3322f7066,293,0.000268943097032037,stitched_market_reference
1761853247,23692344,0x9ece76466f9664e2f6ea0814e4b9ea7470f87c703ea782b54fc117f9e80e8691,548,0.000270675128336147,stitched_market_reference
1761853883,23692397,0x019bd7a6b979c89a26e078fe5723b105b980efd127557753fde88844be63b603,128,0.000269134674760503,stitched_market_reference
1761854375,23692438,0x3c4bb68860988fa94cdf8f7d23da2074b21a6d5ee25dddc0b25844bdb6fac64a,747,0.000270525098571176,stitched_market_reference
1761855503,23692532,0xe3aa09329cb7803343e30b52bdfce511c7d10b088baf1f0023703f91fc76ccfc,557,0.000269043124493673,stitched_market_reference
1761856727,23692633,0x76dc6b05d4f32d23d6ca771caf4580f5f80fa6e9db4424a581a8f23d978b79fc,316,0.000267654875122841,stitched_market_reference
1761857927,23692731,0xc5f7b93327d3d27f5f488f3a042addc53f364a5b6c4ee461afa16d11184858fc,130,0.000266269680776058,stitched_market_reference
1761861047,23692987,0x071d23c7c3ce9e5b857440025ef35e9ca5d670e7e38f1e988c80629c651ddc43,646,0.000264934866549941,stitched_market_reference
1761864647,23693284,0xe204c4b4243b679da6eaa9052838672fbfb369c1d03cda2466b9dd5c9851ff3b,235,0.000265109596813965,stitched_market_reference
1761867287,23693502,0xb8d612664b9e35be7bd4c4388af7d544766ff81bfa9cc074380c9168e86ee544,412,0.000263771951454786,stitched_market_reference
1761869699,23693703,0xb61b1abf0e66ca635dc9222d353313af4d6ded0e628dae634e81dce3947f44ed,690,0.000262458835368695,stitched_market_reference
1761871799,23693875,0xd5d2be1d5a274980cf527592ab8613fe702ba2862a010b17b2ccb10399e9fd37,279,0.000261134182867001,stitched_market_reference
1761873059,23693978,0xe4446046da25ebf723370bd582d255f99fcaa89c065a3ca169815e18c38cdc74,723,0.000259606958508594,stitched_market_reference
1761876683,23694279,0xcd80b6b6b8b71cd067c29a5af186304b9f92dfe9dd0fc0c9c684c47da4dd64c0,357,0.000260662267573118,stitched_market_reference
1761878723,23694448,0x419a8e71acf2de4b184c2d30be76b733860d8fd6579335da33b1635380762196,1034,0.000262001599453805,stitched_market_reference
1761880295,23694578,0xa0b01f0c2d83c9a3033d3725db10ee8774bbc58634f9e4a7db223382fdb332c0,246,0.000260689842821333,stitched_market_reference
1761883823,23694869,0xcf9fca70bea0b68e0f8d60ccd594b1143888b894c6995f30ca485aebee020781,776,0.000259322817082596,stitched_market_reference
1761887435,23695169,0xa352cc63ab05ab43dd6c9b1c14171bc5bf10ecbdac567f90d33aeb4d03fea42d,916,0.000259191024011034,stitched_market_reference
1761890999,23695462,0x9bdc716cd616a36030aa9e637dc589e60564c35afbd1b0b38b46116e0683dc68,467,0.000260550368067782,stitched_market_reference
1761894611,23695759,0x6b3363f57a0f786ebb41484265993cdbc8a10b42b21c945cb4b24c825604321f,359,0.000261157145936646,stitched_market_reference
1761898235,23696058,0xeebe8180d9f69fc843e24acc02232bab6cf1f9c5c83664023e98f01e2452b822,315,0.000260966199815208,stitched_market_reference
1761901115,23696296,0x62e4e255e539d8385b053d8d000c292cf15ba460397dd3ee633e5ea71bc38281,271,0.000259631901075816,stitched_market_reference
1761904727,23696592,0xc039b35d3c634a655b03d4c243ca86abc49da31635732127eca08f4a5df295b0,301,0.00026015527722185,stitched_market_reference
1761908351,23696894,0x92440efaaa66102a145874413d508ed6a7febb7e14d1bed06b6e55e8f6ec026b,656,0.000260873495655392,stitched_market_reference
1761911327,23697140,0xdebb6e68695ede744d1f16de2d5aca3800487f28ab5b50dba6d45ceecae8150b,211,0.000259372597849997,stitched_market_reference
1761911639,23697165,0x57bf4856916386fc3308de56c09f71268bc6c0484db9adb62f2770a6ac382358,62,0.000257915246509157,stitched_market_reference
1761914387,23697393,0x88db25f1c016784ccafa5576bb06453e77bf39e82e45b348b7fbb867ff56d496,114,0.000259311086941841,stitched_market_reference
1761915611,23697495,0xf18b1082cc180bb286961298dd9f6c0db412aa98877425c59a74035615d34dd6,223,0.000260734819049009,stitched_market_reference
1761916799,23697593,0x12ff15fbc957bee36a92e69aa207a76257ad35dd4b91dbb4be23785b115db324,573,0.000259427109523179,stitched_market_reference
1761918287,23697716,0xa8ececf433a439e7c599e4a7a63c4b742d0b09769e806a1b54e952ea8ea026ad,454,0.000260953690007227,stitched_market_reference
1761918827,23697761,0x3a44e892773e0631d1e2f15aa5c0e3fcdd289158d0c72310ac2de82866842ae0,52,0.000259627181844148,stitched_market_reference
1761919679,23697832,0x1fac7a05c3304ba80f15b673bdaa8810ff45a72935faa70ff7adf8846fba5db0,313,0.000259616852327906,stitched_market_reference
1761922463,23698064,0x17996fde054152cb75bab032fafd75652ad1d5bd79fe773f59ac5b801e6520fd,494,0.000259264124046587,stitched_market_reference
1761923447,23698146,0x6caea2bbe9da4964fd6c13af545fd718137ed281704fa9ffdad134acc0432ecf,62,0.000257921003294823,stitched_market_reference
1761925127,23698285,0xd9ebcd3fdb8e491d0b926fb01f8e0e880f2b978610c2242b9db5f7ee6109d3d8,482,0.00025933215954241,stitched_market_reference
1761928763,23698582,0x0fcf4d4d0d0cf698c87f1f7d8349587908da4e5c015ffb400a9bf5656fbc0f4f,241,0.000258798911751348,stitched_market_reference
1761929447,23698639,0x086e1bfe1495f41514fb59da67e94504ab81d86e28ce5543e8b48feb8b62b8cf,1087,0.000261035531059979,stitched_market_reference
1761931163,23698780,0x957f62a4fb31c8ff3d51ab637ea359fd6ef2e73b3a4e32293de03c5366ec6468,683,0.000262461043446538,stitched_market_reference
1761933095,23698940,0x4c80e7d0d23235f6025f9743cfbf9232733460ab113df3ddad2c98c436176ac3,628,0.000261120784528543,stitched_market_reference
1761935735,23699160,0x5863f934b6265d4316140ffa8bcefd3c85b018458548f3ef94cbb443a0b90446,1008,0.000262528377036875,stitched_market_reference
1761935879,23699171,0x8de4d57d1b445f5024a3a519395c81b533a73eee9ad632edc1630cdf113faacd,532,0.000260901189940185,stitched_market_reference
1761935939,23699176,0x193b6f2212438f8270e4f891a90e574e8258f47526bcc11671844d193cb49f88,14,0.000259585515487484,stitched_market_reference
1761938855,23699417,0x30f8695f2c685dcd54fc4baaf6d0fe6f600dea6598306110d53084fb4ad957fd,700,0.000258091162548267,stitched_market_reference
1761939287,23699453,0xa4b272984b8afd13c0e0f25bde499171d9d4edf881114f493111bd031b68e522,847,0.000256218496165041,stitched_market_reference
1761939635,23699481,0xcf28bbe5112d16252d2b6cf068ecb7dfa7203a4584013589a871eced5e3a5da4,188,0.000257565204394899,stitched_market_reference
1761943247,23699779,0xf475a4e8913aef480d23428cb6a71b3f6d1ec9a5defbabe821900fcf26a3a04b,114,0.000257838315202796,stitched_market_reference
1761944087,23699848,0x368a7310a7f686356a72c6f672bcf645fc48f248b3fc32bf146a26ebaf5c4652,314,0.000259168187651075,stitched_market_reference
1761947711,23700145,0x6ad4f53c8783ce65b24b50f6720a95a5606391c9de3ec61a4654475bace32b0a,717,0.000259092725794201,stitched_market_reference
1761951407,23700451,0x24e1db02fcaa91b4655e07f47988bb2c26123dc5815ecab8ea7ede7a9678ea8e,390,0.000259275195806563,stitched_market_reference
1761955043,23700753,0x652dc5350dc6145a8a487980ebcc905a27196e2af55746b563e461bad31960e7,148,0.000259952331304454,stitched_market_reference
1761958679,23701055,0xc64a71a65203b9711e7fc8df3319673881e0e6eb21b0908b38ad28eb270e9015,69,0.000259979554355568,stitched_market_reference
1767222491,24135794,0x7de7d0ac6b9effb90a4ac8b584fefdd1dee52a607a381f5c833013d663db3c77,334,0.000336518847790375,stitched_market_reference
1767226115,24136095,0x98e68e307aac5d2c4a3355cd8e140502ca42c6b74f715c134af70cf44772ac41,720,0.000336172922855012,stitched_market_reference
1767229751,24136397,0xf7a6d524fb5d8b893a2e95186f922138220fe43e48fa661d9b604e63b3b904a7,265,0.000335575101296005,stitched_market_reference
1767233375,24136699,0x47abfcc2f03704a84644679dd645afb46510bc3c7846c6b37a9d57406561ded2,332,0.000335386176525563,stitched_market_reference
1767236987,24136997,0xeddbb03133931dc14cfbbd5b107ff33ed42cbda598eac13992eae7050071863c,362,0.000335671316709575,stitched_market_reference
1767240611,24137298,0xa1f83e3bb18dd8f7bdc7af41a4d93849e7a66791177a49293a5463b3f5b1d27d,700,0.000336311627508109,stitched_market_reference
1767244235,24137599,0xe6ed6f4e6058e313060c3ba1bd68cc2a3b3d9d63dfc7a5812a12f89f2011e1ba,86,0.000336045996060265,stitched_market_reference
1767247859,24137900,0xf56e032f2a1646514e9ee41581073e00d0f1cfd9edfb9f5b8dfc1c4a08e4bb5b,128,0.00033613709189917,stitched_market_reference
1767250823,24138147,0x1185bd2284ce17d47b77814c81fde616f75f74ed590feedf319a213a25399d83,239,0.000336142586157468,stitched_market_reference
1767251459,24138199,0x0dffd967e6f20bd1985ac283726050a4332a734da6d535f1a7c0e8180efb5686,376,0.000336042739461932,stitched_market_reference
1767254423,24138443,0xc6b25bc124ccbc06b03583bb595a5ef3e2f1c276040353eb371bb5a38eeb47bc,226,0.000336048995139746,stitched_market_reference
1767254435,24138444,0xe52d75a926f45de1e0181c7aedc4251604762cd1bbdfdb0e16e8802f236c11e6,1179,0.000336253442375369,stitched_market_reference
1767258071,24138747,0x6d2b1d64eaf5f1d00e16df0be8cfc1c5fb4e9885b27a79dd576236f16bedbaf2,448,0.000335720130850454,stitched_market_reference
1767261683,24139048,0xa1b21a8e62169328af264acc1c1c8f4438ee9f77c189c7395fd47c81eff9c772,135,0.000335539684039978,stitched_market_reference
1767265319,24139351,0xde029d2fbbd96016717b049bca89149c4f063b14b4d72c420ffbfc98c0982ccd,222,0.000335398248269961,stitched_market_reference
1767268955,24139653,0x5a4da7b54ffd5612d61aaebdf0b7d4f002fbe8dc6fdcc4c2f40a74faa2d5cb0c,92,0.000335047473180083,stitched_market_reference
1767272579,24139954,0x79be4c7d48520aa3a743fad956b05ff91c617c821293924128c53029d1ee85c7,219,0.000335171887430261,stitched_market_reference
1767276215,24140257,0xe1a6b1890f352f3891d0ea273cdaf43a257109954b23ca4a8fad0b8f73c7d68c,482,0.000335922569084957,stitched_market_reference
1767279827,24140557,0x982d792c45be9c40366ab2dc3fbd55c71d083d355179f62133ee8663266bbd5d,511,0.00033537059941835,stitched_market_reference
1767283427,24140855,0x912e9dc41e508ccc7956844be1bcf87fe28d8a7adbcbff291b62be01866c7739,277,0.000335046783900817,stitched_market_reference
1767287039,24141155,0xe9288b6403e781c40d06acc3fa476b075310c26d2efc3b505553de82ab3a04a2,112,0.000335503865549655,stitched_market_reference
1767288695,24141292,0xc636235d59a40c74f30f6a90ae9f303049d24a6ebf6f6ad05bb478fcdbcaf913,1124,0.000333486737987372,stitched_market_reference
1767290783,24141466,0xe372de59af7bdf7657bd1245337239bf97af866d3844ffda0f64a36e02011782,255,0.000335172517585725,stitched_market_reference
1767294419,24141767,0x4f6d80bb4eeb4b10736cbf7232a1e9057281700d6b87ba58364600705d01a864,334,0.000334864485589215,stitched_market_reference
1767298055,24142065,0x1c7f45d2adf3a33304cc87ab1bd10ea70cc06dae80f2e44c960fc09d9c7d069a,401,0.000334327836558506,stitched_market_reference
1767301679,24142367,0x11526bd6c7141f4dea02551094ca64d6daa3cba699de5689441e54b323cb910f,38,0.000334849805012715,stitched_market_reference
1767305315,24142669,0x7511044e69717156e32390ef602da42fa5689502bf76aaaceef31d2303c0bfe2,1736,0.000334434789014244,stitched_market_reference
1767308951,24142971,0xfd354f3e4e5904459f84e86844e1806630e9b1c77a940b7b93a4052e3099895b,485,0.000334123931862461,stitched_market_reference
1767312575,24143268,0x5f1ca44d662a485ed4206d113209849a5d05069195786b126e9c2d268f408997,467,0.000333720666852776,stitched_market_reference
1768114883,24209837,0x1ecd901d747b2f33ac0a446288d6e788c1a045b28454a363d3772b6fde96a7ac,291,0.000322879164983583,stitched_market_reference
1768115483,24209887,0xc20d4365f51b21dc09b56f8c4f86037c84044b2716d205b9dfe8111d9d0616b6,435,0.00032339489751568,stitched_market_reference
1768118423,24210131,0x306580ae523d6b9bb6cac5f18ffb2a2a34dbc19e51655d7d71181f5e256cfb88,258,0.000323407183778189,stitched_market_reference
1768118447,24210133,0xc29e1d9c1db4a1ecc7c63417bfbe5b1d587cfb05cb0752ed657979ba08425049,35,0.000323418063183171,stitched_market_reference
1768122035,24210430,0xa9a893239871ee45b111b246f86a657a2c73ee59b8da46e97792d461d7ac0a08,428,0.000322576405591228,stitched_market_reference
1768125659,24210732,0x163fa14e31f5832047f9c54c6930a96d76aaf27124f421c66deb8cbea0006d16,209,0.000322468565294496,stitched_market_reference
1768129307,24211036,0x2acf5df4f03fe1f82687340e12923c32a9b5b0e9fbbd2c9dae8708de7d6bfb65,346,0.000322161602478268,stitched_market_reference
1768132919,24211335,0xee533a43dee8c3b79d66a9598796bc1cd14740342f6d24a4340b641162d40ddc,1030,0.000322374440952099,stitched_market_reference
1768136519,24211635,0xc8d112f76e4a0b8636b3c938d19cfa780ec675c26bff6e2f29131917c8bf2895,114,0.000321433174182139,stitched_market_reference
1768140131,24211936,0x2e652ecb280641d5fa4759a88a857c72cf847b63ae1cd4b00cf27c5d7253500a,138,0.000321871961133415,stitched_market_reference
1768143551,24212221,0xa743618f3b8b25a94d6b88219ce89b39f74ed6d40e5abde696b19a85b9ba73c1,241,0.000320202556306017,stitched_market_reference
1768147175,24212523,0xadf470d753ccdc76650149f3ee3b5d80958cd3400b511b2b2173889db1c4dfc6,256,0.00032106227960753,stitched_market_reference
1768149155,24212688,0xcafdf6f799412a02ec9cb3a9208fd5ace4ab426d11d7cdc22f2fc3bc7da80dcb,1225,0.000318707778079011,stitched_market_reference
1768152779,24212989,0xac9e58b2e4c3532a2f2abbe01cfc47a353cce9c9c01ea80bac03bf9f20216fde,438,0.000319704398117228,stitched_market_reference
1768156403,24213290,0x9ec0f4ad6e10fe4dd0b063f52550e515ef90bba87e51f51da9b6818930b65d4d,516,0.000320466699576552,stitched_market_reference
1768160027,24213591,0x3cd7ab83837a6fb9b4411c44cebc8defc737190b773bcfc103a77fc8c230cb62,169,0.000320031254552722,stitched_market_reference
1768161995,24213755,0x2f15a3b195dfe0a055357fa9d13989ebddcc0ecfaa4c2cba80c02447199f4bf9,390,0.000321668976856275,stitched_market_reference
1768165619,24214055,0xa7a1f670cfbe646478c44c4d18a1cf04bfacf4ba01bf038e67ef393c4e2f3a2e,460,0.000322015005130297,stitched_market_reference
1768168427,24214288,0x454877f485fe35ac1574b604558f5af2b9d1b14d6ded8373cebb1e8e28f52685,771,0.000320386141661184,stitched_market_reference
1768169171,24214348,0x98aee3e977548ae3cb1f44122fad25a81dcc3231854c69f8275055ed93ff8a3c,775,0.000322017330276883,stitched_market_reference
1768172783,24214646,0xc0fb7d5014c8b65b6328543ff9ca4585dccd47dfb3e57b41850410d4fee9bf57,779,0.000323348208546018,stitched_market_reference
1768173359,24214694,0x67fb93e6835af6f3c4edacb4a7c0c1dc1b72795a8fc6d13711f00d88820cd27b,1036,0.000321560421911014,stitched_market_reference
1768176983,24214993,0xeeeb9cb62fb0035f7d782cf90d4205c4f7afe3c15afcf88a106c34a60fb0c2f2,519,0.000321308107667821,stitched_market_reference
1768179167,24215174,0x57e537dc16dbcad4a0daf529511e552ac0c77b6964f87ad96be45c9e0ac0ed13,807,0.000323151943878598,stitched_market_reference
1768179479,24215200,0xc077d7667d9e798f1bda95df27b9905a7b31a99612754b757e8d50cbac92025d,86,0.000321416639606997,stitched_market_reference
1768179875,24215233,0x71a2acd8d00cdc8a4a21ee64b2f7f1f1a6b0f3d8346106b1057486e96578dcb1,921,0.000319361526453095,stitched_market_reference
1768181723,24215387,0x6af15263e54b26069e91c8769b9d0ff6f22504a4db36e5ce4fa428116bcc6c76,1034,0.000321202072273121,stitched_market_reference
1768978847,24281529,0x9b23d1b2f1977a2ef74ad8c91b6e934230430f4f5e093b38bfc1597c7ac209be,599,0.000335534354607767,stitched_market_reference
1768981235,24281728,0xeb08e55572fc2a88e1f0262ae3a3a5dd5a1da6436219ba2630c3b4248243fed8,456,0.000337229086583374,stitched_market_reference
1768982447,24281829,0x9e4c97da4a2137dd7bdf1479f7f7b04167a835cdb2f32c10e45f1a375d292701,449,0.000337163771385789,stitched_market_reference
1768982447,24281829,0xe41fcb36798a96d7bd3971e4211ff9190af214035e9a37e3378d90899e82b3c0,452,0.000337134127216989,stitched_market_reference
1768986083,24282131,0x1395aca20d639ae75aef03b741db619e0c9d350da6889813abe3df98bbe67a7a,326,0.000337404710166716,stitched_market_reference
1768989719,24282433,0xcf3896d46c82967ab275705608ab162532ac7a099381099bb6201b22b3cac05d,94,0.000338485709351816,stitched_market_reference
1768993343,24282734,0x380fb5a0b3306efec7f85272fc45bbbef2e390229c905f9297ba8b1a40f2f8bc,408,0.000338021484527364,stitched_market_reference
1768996727,24283016,0xa9b2963403f74e68bbf84c23ab6514c60b572c91df4b0d72916eb5d61e3ac92d,1205,0.000339822816452848,stitched_market_reference
1768997543,24283084,0x241da5a2bf04d0cfab1130c4197875af2a718a7581d7a74c22af8a5cc8a70e34,9,0.000341683305423103,stitched_market_reference
1768997591,24283088,0xf9173ec0965edc23808c9cd6535c31b7d46ecb5df6b3acdb900879a847860529,184,0.000342061721579121,stitched_market_reference
1768997915,24283115,0x2f8665f0280898c0e217b19737ffc771a7d42a51455856c7a7454a8678841838,203,0.00034388901824741,stitched_market_reference
1768999859,24283277,0x3c8389f66a6bf3a68e7f67867da612bd94aba1e878be6e51423dadd3f8ae1da7,349,0.000342053614404506,stitched_market_reference
1769000807,24283356,0x4046892bbc670156d352dac8454733e5e346044fc86692b8eda3419982bf8aef,625,0.000340040430632089,stitched_market_reference
1769002319,24283482,0x53cb4354c062002bc66197b2a927d8f7d34e28e6fe29f5a1e6b514187ba6bdf4,207,0.000341913019652915,stitched_market_reference
1769004359,24283652,0x81fa0036bd0314700952b36efcdbdd8cfbe5cbf8937cb74e9904e75c2f464d94,115,0.000339737011566124,stitched_market_reference
1769004695,24283679,0xf0f4609a6e57d72ad450177baf5225bff12749fea606b96070d104839505046c,60,0.000337627544144507,stitched_market_reference
1769005139,24283716,0xf454181016027316ad938a5c62970ef0c7dee755211275101d6314a3c43f7d2b,59,0.000335901495393316,stitched_market_reference
1769008235,24283974,0xa3ce5bc49dbf665d7df38344b32b5d832fea69c9c62a60b71b13acec3dbc397d,511,0.00033418866813383,stitched_market_reference
1769008655,24284008,0xcb9f23a23232a87641a6dcc77b52af1a19528dd6cfa8e4838c5f824b645c3658,357,0.000332501183405043,stitched_market_reference
1769009351,24284066,0x282f70dcd70917d123ee18b124b1a01c210fea15c8585675b0a150d386589aca,682,0.000334413376428008,stitched_market_reference
1769010731,24284181,0x1b86887ff6909f175b30efcb647a408f90737e8b9c6f4d913e6715073aa02d22,188,0.000332693590022294,stitched_market_reference
1769011715,24284263,0xb0baec8bd612790ef64aeb3336258ed095eae33e11335f8868ff53d27e467e2c,775,0.000334804066627332,stitched_market_reference
1769012495,24284328,0xc1fa19e599dbd6105f0eb87f17af29529421cfc9e5689bf506edb254a3eb37ee,79,0.000337001152935941,stitched_market_reference
1769012771,24284351,0x941448a4994e8e5111bb4bd1994a8759e9004061e6373957162daf5016b931a5,538,0.000338830019934387,stitched_market_reference
1769013395,24284403,0xe2aaa05260992c785b40c6876baa4fc4de01ef9f59a09123994def8dadc3b972,39,0.000340654487711344,stitched_market_reference
1769013695,24284428,0x2f3761af1cf439f34903db9eeda31ff9586d8472afbc6562f33dfecaa2932b31,587,0.000343056575542728,stitched_market_reference
1769013875,24284443,0xc66527a4b33c17716adca23d0dd46d6c82e322a491fc6203646ffec656c1106e,11,0.000345654449243419,stitched_market_reference
1769014091,24284461,0x8be20027875e6056ff4d7519b777b8c1bdea91ba779696101ed9c59a11d249e9,842,0.000343651388814303,stitched_market_reference
1769014631,24284505,0xc00fde5f6fd7e36915c92032c40bf72bf56728c8eb36567a3a0e0574468b741c,11,0.000345421541996242,stitched_market_reference
1769015255,24284557,0x16bbe922bddd62d1bd622e3c91ff5df2434980ead531f44f2de359a3840100d9,92,0.000343686916298487,stitched_market_reference
1769015531,24284580,0x0fc60546e8eebccdb13262c9250c7e0fd02541b0790411eba37da42f1af5bd2f,348,0.000345432601298824,stitched_market_reference
1769015699,24284594,0xe66411b2128b846a011cff3f0cb5eecb25dacf490d9e3d53b1d74ca31db3166a,321,0.000347534347249584,stitched_market_reference
1769016011,24284620,0xe17673d9e050b1c6b40fb3cecb94d1d374e541ea1ddbb93a397087bd8eb5d3f6,1427,0.000345107813826959,stitched_market_reference
1769016791,24284683,0x1e1a85591a128af81821dc20b9523504034bf26e060dabef5c7311efe6a78009,473,0.000347272338705934,stitched_market_reference
1769017271,24284723,0x2491e332d703e99d04f306397e2f5bee71716bc82892987ff82ea70919f5043b,83,0.000345315028839511,stitched_market_reference
1769020775,24285014,0x755a11e212a002dc7e702c09cdbb10c0840a4d62187c3b657ac0eb61d4f259f5,378,0.000343581293571533,stitched_market_reference
1769021351,24285061,0xb68d761517ae260b4457203b5372e8723d40a2e5028869e994b06db344dd7bca,1254,0.000341754007393749,stitched_market_reference
1769023775,24285261,0xef7d35b2864f9e84df0ec3200c2b40ae43d890b78ae0cf5d5bf6e846d87c21e2,55,0.000338699478941973,stitched_market_reference
1769023835,24285266,0x5d42861d6e1a21f76cb6c6a49b859a10c37b34edaf02d4b2c50644747c6794f8,709,0.000336951172651831,stitched_market_reference
1769023895,24285271,0x87f43e2a89e0df32bafcb7d8e0e5c5540dbcf14e390c38654794e7fc23121724,1309,0.000334766380651113,stitched_market_reference
1769024159,24285293,0xb1fbae7304180f5c841a17d6d068e074bd7a4cbc4c39cc37e57465f4bb757d23,979,0.00033256671702663,stitched_market_reference
1769024315,24285306,0x0c3da4be7ed8655044ac5e405124fc6f5b90e061f664c084a328be5c7e36bf38,849,0.000330256732006393,stitched_market_reference
1769024831,24285349,0x6c76df0731560a0d1c47e3c46a81362f42eb36349c9b22b4f1eded1ae7e220fb,116,0.000328296481820008,stitched_market_reference
1769025431,24285398,0x62b453d848e2ed18c50a77f23dcdd2a89338d0af24db50e4362d6c6f7c38f554,356,0.00032629818796806,stitched_market_reference
1769025707,24285421,0xffeebe698b0205e71226f5c4d9fecfd83dadc53adc3a990d52c5eff8d7b71907,123,0.000328073660729991,stitched_market_reference
1769026127,24285456,0x5532648dbefebd95ae8cd6eac146c81d6e553bc40ca9266279546b3cbd484900,278,0.000330144841833991,stitched_market_reference
1769026799,24285512,0x54d3f3da26d54d96390fdf4d394856f1cd74dbdd079f383ae1df856602161115,873,0.00033183482553794,stitched_market_reference
1769028587,24285660,0x9006d9617eee012c87ababfaa0c041a9b4be0a6eb215e5a834515f5f92318dbe,342,0.000329897415308829,stitched_market_reference
1769032211,24285962,0x80a3687b2e4909bf5086f1fea96bb30c69dd97ffcc49b7286680f9b8a700e1be,195,0.000329670045072302,stitched_market_reference
1769034383,24286141,0x1ba0853c65e972671ee5561887f33e071624b0e8e8e7a2245e8c032fc60e73b4,211,0.000331363457008629,stitched_market_reference
1769038007,24286442,0xef78bce391172459a53996e337a0abfd410e658356de004c801230e654bf0162,369,0.000332190900889494,stitched_market_reference
1769038919,24286517,0x8a9ff7fb562d1b368f3510c0739bf394d7f68c528ed101b87ddf7c44f2f8c698,7,0.000333978688494494,stitched_market_reference
1769039399,24286557,0xbaeb4a5aa6cee29434725bea451c734ea39664be570653f34de4486148a3a779,1075,0.000335786020017133,stitched_market_reference
1769040767,24286671,0x7b682643b30bd5ff3bd5d3da02bad678036d6a59c48cf965e099d9bd0a9d4889,82,0.000334003342827314,stitched_market_reference
1769043767,24286920,0x086724591fddc50f7c72d0a57b1ea0716abac2275dd441b8a9643cccee904004,116,0.000332031973666221,stitched_market_reference
1769046863,24287177,0x5adfbab8f586425e3e6aa3c0a8fcf0c30fc751c887b27b45e24b5981caf62b9a,422,0.000330290499425032,stitched_market_reference
1769050499,24287476,0x0142f4d1a008428b21b8c0ac5fe7969a65901a492730575dfdb37ad50b9758a0,470,0.000331813112403409,stitched_market_reference
1769842847,24353223,0xe7c3464b71fceb7a8e4ceee423ef296811e33261428119d3bacf2678f439e8b9,291,0.000372800413226222,stitched_market_reference
1769844443,24353356,0x1bd8e5667c12674313e6f3111d39ff588d45b58640b488a5a2667580fe226e38,192,0.000371800790631932,stitched_market_reference
1769844827,24353387,0x9f09d80c5a3946c641e757ea0a35107181fecbfbcbd951848569c692c700f9fe,37,0.000373683985046728,stitched_market_reference
1769846435,24353521,0xcd9c21d322c8268e928ad441a0005283dfe37213f14067e8dddbeff669fcbf23,835,0.000373697196261682,stitched_market_reference
1769846447,24353522,0xcd91ac0db270afba1c33d452db65145d01ec3e364fff1a41e47deaf235086ce7,383,0.000373508609885139,stitched_market_reference
1769847203,24353585,0x95faba503b3388203178ddba2dff9e9386c1fb746759589a14a6fc77d700ba1d,2,0.000375408149597122,stitched_market_reference
1769848451,24353689,0xf2a8a5ac223e23a3a96988fc724f786b917c3279cb2a1d31c87726399697b5fd,63,0.000377635139935463,stitched_market_reference
1769848643,24353705,0x8401b334a7943c8cb782c005162f0530298d37e96d826c422e18129e1ba34be5,27,0.000379622096501384,stitched_market_reference
1769848883,24353725,0xb32c570cd2fa7cb1472c70f0be3a07a1ceb7280192476dd6060303f46e3df010,176,0.00038203072902985,stitched_market_reference
1769849387,24353767,0xbff5a7175077cea7f20eab5aab16328b4d54e91bad912cdc42c88df7df52608e,373,0.000380102991653962,stitched_market_reference
1769849783,24353800,0xa0c4d1fa2121ae57e19c103468e405dd05b0e4ba32db2154c8536233460f7f6f,107,0.000378192529809977,stitched_market_reference
1769853419,24354103,0x6f6a3d0441d1ce3812d9483c3a32fddce059274c7b5920fd35ed5102f633c3ae,1318,0.000377683680691064,stitched_market_reference
1769857043,24354404,0x3d16025c0d856127e65d81973a54deebfec3fbd1f349c6f8aca0e5f1d2a2b9d4,422,0.000377294972515051,stitched_market_reference
1769859923,24354642,0x57c3cdb68fb8b8dd9c1c6fb0ed03cd26d8d124f76f8fb244dc2c623201e71158,445,0.000379203749751825,stitched_market_reference
1769863559,24354944,0x3019ec7e69243b6bce510a6456a9225fe750bb21472a32cce47ee941bc79d842,296,0.00037882504285012,stitched_market_reference
1769866079,24355153,0x4e5d7354bab4f906afc09d783a6ee5ef5216bbac43aacf3cfa7027d7bb9a5182,489,0.000380778432414607,stitched_market_reference
1769868719,24355373,0x1aed2553029e4d9bd062a643cbf2e271276181f687e23e4044748c3d9ca8b249,2,0.00038297155029078,stitched_market_reference
1769868971,24355394,0xf66fe4ac749613f933a72c7645a8ab3f152dc8913556ac825ce6e947af5c04d8,82,0.000384940846738033,stitched_market_reference
1769869439,24355433,0x0c397e2ef6eca1c75f09e3a978078736a30916ec9406339e220b8a9e68b433de,62,0.000387230624300724,stitched_market_reference
1769869619,24355448,0x95098588ea894e5b6e9bbe3e6f1cc3ece6b981f2f83a08a8f222ae0b0faa8bf1,897,0.000392057010620907,stitched_market_reference
1769869703,24355455,0x3fd58c447c0f31073e53980992b82ad036fae199ba6c5ed832b35ef700e78fb5,2,0.000396058863803127,stitched_market_reference
1769869775,24355461,0x05efa0f54576b54fea3f10137934a152ab01ee0d2cbc64d317d9efcce6a688c0,800,0.000393933396638955,stitched_market_reference
1769869823,24355465,0x0e96ae817a1853b4600821f27c5074e31fd2cfd2fafd111d934e3829a7b31005,637,0.00039591351257973,stitched_market_reference
1769870339,24355508,0x1bb4c967bf0e5be28cf8d07703e097e7bcf51c5f50449d9fdc3bc6caf09e8e2e,32,0.000397936355023367,stitched_market_reference
1769870435,24355516,0x4ea63c57377ae26ce94dd80243e6bf3e5089ac041b842373bcd3b7419ba9bd80,908,0.000395951177006503,stitched_market_reference
1769871659,24355618,0xf851215be7c29ee40c5f66c21dfe342ee032c043a4668d763620967125d1bfab,258,0.000393956213677768,stitched_market_reference
1769871779,24355628,0xa4511f1c984f7bea6154a8932f80e94b15abadb33fa243f3408db2ad50452843,251,0.000396040655219003,stitched_market_reference
1769871983,24355645,0x63eb1b4e7a7775c5bf34e6a89b0597a0a10fcc588df99e630dd090e4b12f1494,1095,0.000392526740697692,stitched_market_reference
1769872163,24355660,0x5df852a5c665d38de8cc9ccb0dcc273754bff96a26384d3efc893bb5856857c8,331,0.000394520504694511,stitched_market_reference
1769875679,24355950,0x73a7f0e2048a1088e4185bd3e16630df0dcd1f26122bc4303d1445beb4d91cf3,113,0.00039717307995796,stitched_market_reference
1769876219,24355995,0x85fd1a062df350f38acf9b95762f6b23de79d73cd94cbdf5df3dec7655aebfd1,169,0.000399228750938327,stitched_market_reference
1769876363,24356007,0xb0600d794368caabe1e43c9f54882d84909183bc6086b9ff59342c59c93289f5,1158,0.000395490139426356,stitched_market_reference
1769876495,24356018,0xcf98b961fd396492ca84c9842590255dad395404e30790afb7bbc4df871371b2,568,0.000392782004396377,stitched_market_reference
1769876795,24356042,0x6dcd99ba49a9a2019e3e74b081f36619052cd02221957443b8103d975e0ce0b8,418,0.000395106936006057,stitched_market_reference
1769877395,24356092,0xee2ab1d244362001ec1f25ec587a7de3c7a1dd0dc9f5c92422b43fcfc95fc5a2,621,0.000397615041625399,stitched_market_reference
1769878151,24356155,0x1376f5f2f84f5a242846d84d43347d8b7f0fa2c75fb99ab1d9c8991dc56e01e6,337,0.000399746021874461,stitched_market_reference
1769878439,24356179,0x10c92529a2a59c28b2ebbc05e262a335ca546b7f50f97c8a409fc0704921e143,2,0.000401997979581326,stitched_market_reference
1769879159,24356238,0x60eca1f6b9ac97a0a17e601ca09d246a924c2a851a07ca4c79a48b50fc9dd8f1,20,0.00040506134614458,stitched_market_reference
1769879435,24356261,0xcac3e84f8742beda50cd0afcfeddd895e42a97435d22f5bbd8123d929ad998ca,597,0.000407846974899479,stitched_market_reference
1769879459,24356263,0xeca1ec9933030344fa8b2589a81e1e9e55f7326c697d7b6539bcb8b6ffae69eb,5,0.000410212949491382,stitched_market_reference
1769879579,24356273,0x374566dbb8eb3d964d9cab00d1a74eeb812abc9c55e3dc777ca07a48a3aced9c,204,0.000415497399608252,stitched_market_reference
1769879675,24356281,0x110f2bce424e11d3911ea753340925e3c787ee3049b8278669fa84d18f0ea0dc,281,0.000413248049707342,stitched_market_reference
1769880815,24356375,0x75499cd52c5f50638aeededfe313bc659eba4dc131464aca735aba15bf3c22a5,2,0.000415668011143914,stitched_market_reference
1769880923,24356384,0x44484093f423c165f15bb019ba0fec0e1c8207a66cb01a5411ed8ac77343bc66,9,0.000418370899077368,stitched_market_reference
1769880935,24356385,0xb9fffee7730d59b597aca1b4b969a8b056d94a96787343082c530a31736d35d5,77,0.000419103924415795,stitched_market_reference
1769881031,24356393,0xf5bdaab02838c41f649cf43b3e2c5c27124de9ca9130ba73dd72dbb30d497db2,1086,0.000415972436062817,stitched_market_reference
1769881079,24356397,0xcf2a6836c80b7536be44cde47fa33e6c4546dee7a92ddbd97da7d83c4485a8b8,45,0.000413871391946549,stitched_market_reference
1769881175,24356405,0xbab84c11cee4e085a8c5126b83a3500a95aaa9675ca44f2bee033e23a1571d3f,143,0.00041617234942126,stitched_market_reference
1769883515,24356598,0x41207534a84341ce18db97e15c2420d74f180c8bc6f0089a8720f69437869541,23,0.000419087045559936,stitched_market_reference
1769884259,24356660,0x3736d068f82c3fbaa4f73a311b9899aa52279865c181ee5b70db50661cda49e2,121,0.000416345993994982,stitched_market_reference
1769884415,24356673,0x178cb454cabdc1c899309fde533edda4f6cbbf8c6986369e28e2c00d08a018ef,38,0.000418586524708032,stitched_market_reference
1769884679,24356695,0xed544ef661e1f627d455ef16cbdd28378440c5cd1fc43263ed7e5339481b1acf,472,0.000421298064530142,stitched_market_reference
1769884751,24356701,0xe96b9fc917883078540d2ebcc84547f2aa63f953d0c80ca7edd0254c04d9618d,141,0.000424800651062964,stitched_market_reference
1769884871,24356711,0x52d8d25b361bd326998dbdea2b817f9add47719f36f880fe62b3c24a68f25ad3,85,0.000428074538109386,stitched_market_reference
1769885051,24356725,0x3738e1a4876fd510269f9ce490b0db38f33c9c5d98e309c0f8550c18fe346a18,413,0.000439753449468548,stitched_market_reference
1769885147,24356733,0xee4d3f30460a3c024fce1d7238835501be421c91dfa9865c8e67d491bd938670,138,0.000428868729375783,stitched_market_reference
1769885171,24356735,0xcb27c43f803c000601c9ef7372793d4558f65586ffc842da8d9eb957acad827a,203,0.000423592696890704,stitched_market_reference
1769885315,24356747,0x36cdeebe2dde0c52253d573367244d4e1911b2d865e06baad091002ea3791fdd,74,0.000420922320285656,stitched_market_reference
1769885375,24356752,0xfbdc47f76773da0f8dbd4b7d1dcca88a23e1482cf78c9f549605a06bc19f1b10,201,0.000424053955211227,stitched_market_reference
1769885435,24356757,0xb60637d82bf53c65c8d6e5a2aca145fdd9bde04add9de54a344e0cdb1f54d386,528,0.000421727016090671,stitched_market_reference
1769885615,24356772,0x0680d8a5b7d9a76cccb57082f1d416e214c31f357a036545ca0c36119f1ec479,668,0.000419405607135826,stitched_market_reference
1769885759,24356784,0x5bf1500282775b101321b98ac01737b208f3a0cb094d2cbf676c982c26394337,2,0.000421988450238087,stitched_market_reference
1769886059,24356808,0xc6767c39021419753d2d3bc0f424088c67fd5d5b427814069a25c5900990810b,20,0.000419454424176326,stitched_market_reference
1769886599,24356853,0x7aff644fd680bbd8371f84a6f18186db143428d1bb142ceb2d8a44322d7bfd54,402,0.000416354051159082,stitched_market_reference
1769886635,24356856,0x272f63fb2223c7df56bdbbaa6f3381e3498ed72ecb63a2354f0f1b9711d6b986,647,0.000413937793150982,stitched_market_reference
1769886779,24356868,0xe0cb792f61075bd8f4b5e842fb2194339ff55aa2b92cf67474240317b212b4a2,427,0.000416153911197789,stitched_market_reference
1769886995,24356885,0x2d0a9483f4cd2c227354f97ddc712c4f84411b072dc16c136a4bd1ddd10a541e,547,0.00041385896783994,stitched_market_reference
1769887511,24356927,0x50783cf81a2660ebea7fad7b700cc0ea6c6c54a36c6e43399c1d3d3f3f48d992,176,0.000415981396192069,stitched_market_reference
1769887955,24356963,0xa54e0483d37bfde609b2dc858b05f1451bd7367e0cb75f0d13f7bcb96bf2fef0,519,0.000418835557261504,stitched_market_reference
1769888315,24356993,0xd86366f90f9e255f5cd1087a6cdabc8da12fd9148ea9c35b6c9d4a82ff8b266b,827,0.00042097018036646,stitched_market_reference
1769888759,24357030,0x6f99e4b7f434dc0bf36a6aa422216795e7eea983e22ae7ff2f357071f1e9f7e1,198,0.000418636355386491,stitched_market_reference
1769889815,24357117,0xa11500ff8f8a9a7a6cf674d0df71fe00a1bc5a5ccabd3fec37388c929e661a74,348,0.000421095620794009,stitched_market_reference
1769889995,24357132,0xc4bd08203f8711116affdcebb3ddbbf1e5758568d229d09e59358abfbeb851b6,179,0.00041899748091827,stitched_market_reference
1769890259,24357154,0xcce69a6a5f22ff45e29db2bf8825f063a8966a321ffc639326b95a4fb93fa9dc,207,0.000421335608369358,stitched_market_reference
1769890991,24357215,0x412deeee83bc8c9b21c1f3f9d1c1d58ae8e3c1f70eacd0d41fb87ca1598aeb51,13,0.000416314324575925,stitched_market_reference
1769891039,24357219,0xb9f2e9e13c8310b5d10829deb301d85b517bcb15695d6b09bd9723adf6ced73f,716,0.000419120124047515,stitched_market_reference
1769891195,24357231,0x62257a68af88daff2f21e0aa1a0e08db3826e1f3c0fa8a122c769b991d30a31b,946,0.000421708958214684,stitched_market_reference
1769891879,24357288,0x4fb2bc05a6dc4f060ae4a50f9af82adf4a4d480a51d1ebda4898627fbfc88a4c,624,0.000423849701808664,stitched_market_reference
1769892215,24357316,0xaeb7ce69627f0ff1c0acde3423e46dd127ec44a43f9f32626bf7c3f22f2acf97,1017,0.000421015548777961,stitched_market_reference
1769892755,24357360,0x8d02e169d01f4a7d18f4b774f8e4ddbd74915f35bb8be66e6b0d01b9850690d3,827,0.000423196072014663,stitched_market_reference
1769893055,24357385,0xb10b9a55b81a1684e4fb0cc12f61ac381b9e741a044e4f28f80e0154bcdfa209,177,0.000420337672014458,stitched_market_reference
1769893343,24357409,0xb3bc2a16ac72a4f56a3cb12653ca9bc6ac85b4ef8b336aadb7663210a7d3a5fd,698,0.00041789397556112,stitched_market_reference
1769893439,24357417,0x721f3f20a01e226907b90fd144c0b5a3da992ccecbdaa94a4a2250694cc9184b,641,0.000420138931754114,stitched_market_reference
1769894195,24357480,0x56926d8609e8fbfef5bf8a4c551a85a9493d699e60445eb692c60262dcdb8754,286,0.000417510826821865,stitched_market_reference
1769894591,24357513,0x365a706a6ee8bf012eb30cf631431fa2a6dacd484699e0cee64e67f75430e154,228,0.000419737383544849,stitched_market_reference
1769894831,24357533,0xe7ca82856094b8e49733f1696dd1ec3e43998cbb6c817a9f5eef5920d55abebd,433,0.000417306070650313,stitched_market_reference
1769894915,24357540,0x682d8b28fe63af5dadafe8fc5f41353d766b961d7d1dbda7df9963c71e49277f,244,0.000414971847511835,stitched_market_reference
1769895251,24357568,0x39a5fb021699d8e5ea801ac0b7725883e18ceab7432f7fbb7f8069af9e81386d,180,0.000417376452299624,stitched_market_reference
1769895455,24357585,0xdaab9c99f7f260bdaaace5b3882982777eed99515b5822d4125d6d6fa355a87f,298,0.000414921306345639,stitched_market_reference
1769899091,24357886,0x3ff268b34402231b3455f9d48a69e85593bd02e98f97af6da984762bac898a90,185,0.000414712216660673,stitched_market_reference
1769900831,24358031,0x6aa546ae57ef04cd91debcbf0a861fb0cbacde5798a2c58b7c69673606caeb12,55,0.000412616771797097,stitched_market_reference
1769901659,24358099,0x56a91ab5975372af0b2fb6a75c0143f9e629f929cc89b2e2adb581b87493fa06,1173,0.000410059391444413,stitched_market_reference
1769901935,24358121,0x7a917d0cfdba5ca19efaae09d89a9035ccf3749210d63554c85e0c9791e29ac7,147,0.00040712108362402,stitched_market_reference
1769901995,24358126,0xb30c386cffb7f672064f9db07ac623df3f33f5f657cac46fdde144ba95a5e0b4,457,0.000405062711428755,stitched_market_reference
1769902091,24358134,0x3a497fa689e55de5c8ee38feb7697390cac353c45a1eb3aeada07e9d003bb180,1101,0.000407278105872425,stitched_market_reference
1769903051,24358213,0x6e2d2fa2133c622ecd973ed2616441e599e9047f54e7d21447f048b22cb73000,762,0.000409381919945784,stitched_market_reference
1769904215,24358310,0x24e6b00435a7bb5906ebd339c620a39e4d38fca3b9e82a3743e6f50f0c67c55c,394,0.000407235100012221,stitched_market_reference
1769905019,24358377,0x7c9daa9089ab88a21376b66c517874ec18a9f678a91a436fc24fa6428f5cc93c,1124,0.000404615400483888,stitched_market_reference
1769905583,24358423,0xb661a7df94fb3d7ace6ea0ba47b201c701f419560836aae3acdb6e1afcb21b6a,1244,0.000406688364524003,stitched_market_reference
1769907827,24358608,0x4fc03cea36d03bb5dc8de47a1a9a9f155eff0a06c3a078c90b59f43962e24264,232,0.000408739361700196,stitched_market_reference
1769908091,24358630,0xd193f0e1b09943c7f783392a55d5644d0b16f1a8174eff102caf5db6cc26eeff,492,0.000411079978342191,stitched_market_reference
1769909351,24358735,0x76f1d29a64acfe0581aa1dc02641606bb08866a935bdc5eb2406633e9fad44d9,541,0.000408916125601931,stitched_market_reference
1769912987,24359037,0x64743b4da4585bc2723886c911a4320d698af3b7dae156965fbe9d3b60e546a9,314,0.000409156063985346,stitched_market_reference
1769914067,24359127,0xeda1d7ebd98567711ff1b865107cd87008ec23dafaba0835b11d5faf8c2a290f,470,0.000407045809019106,stitched_market_reference
1769915927,24359282,0x9b523a6ded1006c490100e794f4c14418d6baf3596fd7a3e2a43ad44144bd2d1,1288,0.000409663095900206,stitched_market_reference
1769919551,24359583,0x10f037652b013d0bfc37f9d47f943b8747fd614e677a1d52f2dab850750ec81d,334,0.000408257141754789,stitched_market_reference
1769922443,24359821,0xeccef27307e882f8023e64937591e31c05938d89e67cc88986af7ab1954f14fa,327,0.000410354880371724,stitched_market_reference
1769926067,24360120,0x356c727c6d40727a77f96526b516dcc83970410fb54f1bb8507277e2c01549cc,241,0.000410738938925777,stitched_market_reference
1769927807,24360264,0xdc79ba670a233a6f9a672983fc386895b1a35cefacb962a997bb417751193302,187,0.000413149896113036,stitched_market_reference
1769929247,24360383,0x584ff3a42c7bcfb96887b9ebb23837de7d902a19421383928ea2e3c0317d7129,148,0.000413186245732262,stitched_market_reference
1769929631,24360415,0x39eb42cd3a7795c01806a84f4362d331c9193c120dd5ebeeccee9d904f49bb1e,522,0.000415553754875243,stitched_market_reference
1769930387,24360478,0x3ba4fb66f4f0522bf9b4f7d3bf64fd50cb14e4fb8aa9b37a6cd45f72683bf6f5,6,0.000417792002072865,stitched_market_reference
1769930987,24360528,0x1a8768507df2c1578ba96bff401bb85a30038d310e837010e05fa092c79f7afe,315,0.000415702715460382,stitched_market_reference
1769931647,24360583,0xc3d4a2b34880d62b9dfc155839b001d46e071df8c49847a9ecebadea75c5a7c2,850,0.000413575644656027,stitched_market_reference
1769931707,24360588,0x22a12ed2e3e9f006e8610bfefa0a80da8e2867819fa3e9512f951d9dc6478e05,1044,0.000411442843709038,stitched_market_reference
1769932523,24360656,0x68f39e2fe02dda92616d90b133c89196099a19249f55a7d9dd879903b6dab97c,185,0.000413730887618939,stitched_market_reference
1769932823,24360681,0xd3cd0aa89a67b854a2151b34dbdb9372cf400d342334a0bf89486f5ed815df5c,649,0.000415076332550009,stitched_market_reference
1769932847,24360683,0xc6d89f8091e751c8fe95e6a2b34158688305a1dee6175714ba8ebad98193d4e1,177,0.000415090689795477,stitched_market_reference
1769935127,24360872,0xd94c62b5d6988c208c13187e31eabafc6afaee2f59ba8718532a2502576ef728,1169,0.000412943538756547,stitched_market_reference
1769936483,24360984,0x56c8eccd3348752dfc2786cb355fdbaebc3854bd9a7d251379d4c053ef4bff62,809,0.00041546584603266,stitched_market_reference
1769938523,24361152,0x8b57c9d27b7126f684cea0685e2b705d1b44b8193315ac3f6e2b5abe2cdcb6d3,360,0.000413380400280441,stitched_market_reference
1769939951,24361271,0x1ff7b96bd70b571e9292c52cf9971ab2b65529438b69d8832d6ab1aafbeeaeef,6,0.000411044312879021,stitched_market_reference
1769942123,24361452,0x1331d59926dd5ddb38c5b27ed476ef07cbce1569ce6d34283ab8aeb4d9971d5e,1388,0.00041463276791639,stitched_market_reference
1769942219,24361460,0xb4b291c21690b1008fd6a9abc71eebe754fdebfde9f40d2fd19220d449c99ed4,207,0.000417030937947658,stitched_market_reference
1769942759,24361505,0x1fcf429700ce1e4229d8751ae74b4a1ba2878b2fee9949a9e7fe181ca7fbf6a6,575,0.000419238111883528,stitched_market_reference
1769945783,24361757,0xe20d3ca86182dec0c76cc19563ec5bdb888b6fe4ed6b9f7fd330b993369ef906,1474,0.000416648157707964,stitched_market_reference
1769946239,24361795,0xc0fb4737c0f7769ff562ff483b505c607297f5b39cefae57cd20c077ad1b8899,1150,0.000414459003251396,stitched_market_reference
1769948243,24361960,0x65270b671f529e0458d3eab30b2bfdc7adcbe350f70edabf997751d61deea404,627,0.000416917954548587,stitched_market_reference
1769948687,24361997,0x7d5859196878304cbc57f555887bc50859706972d006856a24155bd87f9c2b77,351,0.000419371132129916,stitched_market_reference
1769949059,24362028,0x7d5a018f985a63e525408e8a5c2de8a410207668ece56be071cb5e00cadef406,415,0.000417253408974271,stitched_market_reference
1769952683,24362329,0xe26da907d1048be8af7deb8197b5720507fc9597fb4e23656b57d0fc04e3c173,676,0.000416871606959182,stitched_market_reference
1769953835,24362424,0xf9ad8dfb79437b076a02940a20bf51c4b3260cec34484b584e6123bf17600f6b,793,0.000419239919538472,stitched_market_reference
1769954219,24362456,0xbd37adca586a8da9c35f7ad266ec68c6ae6fdf76f36a6506316f2355a28df3ed,249,0.000421428275970299,stitched_market_reference
1769954855,24362508,0xc1fc5281710a645f9fbd8bf6fbe0ed369a8be3369c71e370d72a79bbb9a51778,215,0.000419249502683435,stitched_market_reference
1769955119,24362530,0x1da55b7582db3eece8e6c10b699c414d9bd520f264302e94d01da090381af9c4,703,0.000421423974516301,stitched_market_reference
1769956127,24362614,0xadf33fbe51f3fa29a5edaec2ca83c35d3c23ff436b3c795e5b3700118bd6a887,689,0.000423864549045145,stitched_market_reference
1769956559,24362650,0x8a6724e1cc4b907c99c0d8c008bb08d66528959ece0657a4f2105ccfc80cf92e,314,0.000426724272002079,stitched_market_reference
1769956679,24362660,0x2b19a6f296cbce8366bdf57f11de0dcfe70902eead1a1a30c368754d0d63a6a6,17,0.000428902234253404,stitched_market_reference
1769957015,24362688,0xacf83c25a6420df902a6028a3075cf9089177be7ba85e3186740f8944943c981,661,0.00042615244519911,stitched_market_reference
1769957075,24362693,0x92452691f55c2e03df31f55d11d998adf0622f5effafd0407f9e89cd6bb9391a,19,0.000423771626599715,stitched_market_reference
1769957315,24362712,0x408cb8943a99d45fece5320c86d5d86b831bde4d1547729375a34b07c2a5d33e,40,0.000426378331412415,stitched_market_reference
1769957495,24362727,0xf14987137997137644e566cb20f170bd5e78836cab6375bb957c2e099acbd3fe,816,0.000420119155754489,stitched_market_reference
1769957735,24362747,0x7199248e3987e86b0dee2e03e1df219c24db2509fa96f10c79b86df7cd8fa8ea,65,0.000422468193265947,stitched_market_reference
1769958455,24362806,0xcb96133eb5c323f6ee40789ff780815021241867bc9214d152ac5fa47496ff98,107,0.00042470015555549,stitched_market_reference
1769958755,24362831,0x74611698588a38dda42895e52d3390251b88413f30b98ffb9d104e20191d5db0,616,0.000426887731748349,stitched_market_reference
1769959115,24362861,0x946bd208e0085de0e28850e3163f688749aaf8c5086235469577cde3c8f64099,79,0.000430044324443137,stitched_market_reference
1769959595,24362900,0x9a738d21778a2c1b2d8b4e6746aac5935c8ff7c89757f2271eecfabe20d4e1d3,7,0.000432355699375764,stitched_market_reference
1769959895,24362925,0xedf606ad2170c9202ef490fa7eb552626b71efaf9753a9b2b804aeb1e1054271,2,0.000434715272131176,stitched_market_reference
1769960219,24362952,0x46a9cf68c591c52ac613cf6a0f25c5008deaca866183c06d9a187b27f36d65ae,472,0.000437421805406067,stitched_market_reference
1769960339,24362962,0x5aa759e832d46167784d82e9fe2060c0474346be636098e3b1c3ef3f38083682,174,0.000434294277592514,stitched_market_reference
1769960399,24362967,0x94373df326eea64e116ec23e92471d8df3dea93caf77929158a56ef923b70502,385,0.000431847334553365,stitched_market_reference
1769960495,24362975,0x59219a5b4a0bac0232e358f30dbb5cb2fc7ce3c49fe99bf619a0c640563ea8f8,2,0.000434092394345438,stitched_market_reference
1769960939,24363012,0x7bb92444b7f828ee42ecd04dfae3d4c7cd2c763d38bf35dbba74f51b402bc3bc,555,0.000431859431441236,stitched_market_reference
1769961479,24363057,0x526f79bbc58c23542941eead5294402774157be3e6d892e6fa5b9274218f7a73,78,0.000429047561516664,stitched_market_reference
1769961599,24363067,0x6cd6d607254e3005e12e64b50bb0f0b6f9c795b12d888e3dd1f746868d53e80a,324,0.000431544319606943,stitched_market_reference
1769961707,24363076,0xd61575216566e1bf1bc48421df6ef639592dbbc6df1b330d80bb8089b367caf8,300,0.000434033399905675,stitched_market_reference
1769962031,24363103,0x7656c53ebabf3e2e1348aa08b062f5031a4ed475cd5a8163441f67c1c33ca8a0,821,0.000430668901277625,stitched_market_reference
1769962115,24363110,0x78e4b704bcb12e9cbe4e355855913cbaf9527ab25e1cb590c886c5d2f8bd1336,216,0.000433052394112907,stitched_market_reference
1769962295,24363125,0xd78574acb10a19f823b27c6bcb098221b34d91e2212601ae39efb8c5bb302b60,136,0.0004352315055868,stitched_market_reference
1769962439,24363137,0x14407ec6fb31a96f1814eee111c56fcca71d3f76abbb8d021114f88b1b331752,297,0.000432835106935665,stitched_market_reference
1769962727,24363161,0x09c2ed39727b7f7375fc4896bef0819a7344ba786739fe547e4d0e8670c8df4c,660,0.000435362638767882,stitched_market_reference
1769963099,24363191,0x96aaebc4758b31876ff0ed0e27815b2ba1b37a49a5cb25bd241e263a12ea790c,698,0.000432634326248467,stitched_market_reference
1769963255,24363204,0x27a5ef2fa0dbcca9cfd2321f1cffca6ace6c0cf1e3a9dbeab91b241de224a885,225,0.0004301681130561,stitched_market_reference
1769964107,24363275,0xde072195dcb17f867c47cd4407945cd837e279c3b4f11e243309de9bcbdbb4dc,656,0.000432620744461842,stitched_market_reference
1769964239,24363286,0x3f49d91cbcf04667b5a8b5586004a5f99d506bb25cbc0cdda5bbc924ce93362d,184,0.000434838171332138,stitched_market_reference
1769964515,24363309,0x422ecdbf659674876061f982e4ab3afd25f6a516ed93b812c75f99315d26ec42,430,0.00043236497255228,stitched_market_reference
1769964635,24363319,0x8da8bbe9c802856a3cf9e4c795da8560d67f5b8698653336b543efaf2c308daf,471,0.00043468852644913,stitched_market_reference
1769965535,24363394,0xf23c11cf1152b677ea369e1d90907a201d0bf6aa2c9bab0a57acd6b7bc61ca05,281,0.000431862281620097,stitched_market_reference
1769966555,24363479,0xbe3c226aa6d6d48df2fc16e5b65091746301b1adaf3310f3e6ea0c299079c9ac,88,0.000434274084021393,stitched_market_reference
1769968835,24363667,0xb2d6ecff52002536548488797f429b52775d1e145f167b4681edea663c7a3f4d,730,0.000432020993210305,stitched_market_reference
1769969027,24363683,0xa7ca4ca2eacc8735e19be1d59d05d7ce018f45c341eb902e92b95af6c5a1df5f,867,0.000427382675040454,stitched_market_reference
1769969351,24363710,0xd7d7df60cd42fbc630dda2b6adbdf6cce91a94f60fdbde276b538651529016e7,686,0.000423932811551622,stitched_market_reference
1769969579,24363729,0xa7cd36ca0d34b27a54183321ffd13712331d13ff8d3633df0fdf25cf2949ada7,585,0.000426127695076308,stitched_market_reference
1769970071,24363770,0x4736bd28e7377eab7547d06998bdf21c576c263449ee520042c70ff5a4b51d2b,140,0.000421207751840496,stitched_market_reference
1769970263,24363786,0xb5c3f9f1d53199ccf5d16fcbc4f516b6bc6ae3d24131882318d5f400a0ed96dd,129,0.000423482286674874,stitched_market_reference
1769970335,24363792,0x44eae6b8da574aa925ec6251c932de3cd99a51b6459381e88f80ca2fc145f12f,2,0.000424489977279296,stitched_market_reference
1769970335,24363792,0x48b709259e8128259ba17b6277c6c4f79000279c4a418cb8887b85c1da69faa5,5,0.000425742471085219,stitched_market_reference
1769970515,24363807,0x8dd633021bfaab0ce27ebfb68ca0c52aa950d87f702ddb0179d086048c42fe65,290,0.000423239025980348,stitched_market_reference
1769970995,24363846,0x2507b8b8e29cb4d53d9150541ea6e3a35fc7d6f47fd23077bbc21091b3d9d033,687,0.000425429053493389,stitched_market_reference
1769971835,24363915,0x3c1ed1e677db3933360255f8b42b4596daea4198d79bfe0257f4420d02678e78,72,0.000427855946784502,stitched_market_reference
1769972411,24363963,0xcb6ce2332492dded18077fc997e5d47a83fcf7094786047ae155b716dd5a1909,288,0.000425658910167061,stitched_market_reference
1769972771,24363993,0x49bd2506a1def9b9b610ba71089748b58937c2ab6de1bb1f5eb2ccc0c2f1529c,224,0.000427956039016314,stitched_market_reference
1769975231,24364197,0xbc2fc968bb6128b3b1446af03d8ce775fed9d8308ed80a93654047461b432d10,413,0.000430727900564387,stitched_market_reference
1769975831,24364246,0x28857689ce26efca91791705ac8f0f0c89773f7504b158af67b0cb07a5e09bbd,361,0.000433223548170538,stitched_market_reference
1769976695,24364317,0xc77c444b05bc39122432d4a4bff64687f64c3347f4eec33464f1097936d5c870,254,0.00043009001671876,stitched_market_reference
1769977679,24364398,0x740e903cd409194cf3957bc45b36c314068dd1eee9e70d5f58583c5a087940b9,1372,0.000432383367589113,stitched_market_reference
1769977751,24364404,0x2cd6696d0afe9666d3c3eba8521116504da504e2d0194a8e81d3b2b738473fd1,1344,0.000434972494507167,stitched_market_reference
1769978075,24364430,0xad268cccbe4f9b3dd4f6b5ae41aa3f1b25ba9ee76d1d146ecaf428d7b1d6a100,237,0.000432567734455588,stitched_market_reference
1769978255,24364445,0x160727eb49410d9d1a5afab474b42a615c8e620cfdc2e753a47725ab04e93b2c,181,0.000430082710700925,stitched_market_reference
1769978399,24364457,0xbe386d10ebf0075d854853fde4ed48ac4dcb8a96555a78acf64d2697b3ca3fe3,1189,0.000427179801353642,stitched_market_reference
1769978795,24364489,0xecb18a2714c28ea0c678bdfa8c8bdd72eb78bb016238105b74018cc9fe9fdcf6,835,0.000429705981208792,stitched_market_reference
1769979287,24364530,0xdaae7a40e3179be2b5ce6ea9de4838bd258a7f9c843f2e088b6a97e49d6eb054,456,0.000432284878542335,stitched_market_reference
1769980019,24364591,0xee8b382473eef11ef06bee9380b4ae34cc77e0c1f5e36ceadee6cb9f3f06faf2,1267,0.000434479096391329,stitched_market_reference
1769981471,24364712,0xc76d22c1b122148c1236a3ebc375bec712ea6f424b4d26cb30aaf029a636b46b,711,0.000432316171246507,stitched_market_reference
1769982359,24364786,0xc1cc66ddfa0e684d27d4eb561974f32f6138be340b40327e33b536147572956f,2,0.000435129495141301,stitched_market_reference
1769983007,24364840,0xf336a5aec667d7e84b8ce9f171257018d35fb745ea9990ccee22217bccd5c900,102,0.000437420631081391,stitched_market_reference
1769983463,24364878,0xc5d6a1237444ea5f3df1eb2144fa0b2b69fd2df9b73a5c4a4cc96efb6c13d46a,240,0.000435061022880811,stitched_market_reference
1769983895,24364914,0x2fe9e869ff93d4a7b79cb446634d486b9a6d4a5bedf8b2969fadc297e9f90915,1743,0.000431086349857923,stitched_market_reference
1769984675,24364977,0x80e5288f4ab1aa763e0728664541ca696dae1c10ba6b68134945fbbc14987684,418,0.000433405837388237,stitched_market_reference
1769984687,24364978,0x78254579e962413702855273dba1d1767a9e6e0e701ae9b18019ba726ef4f785,682,0.0004362735206915,stitched_market_reference
1769984951,24365000,0x0ebe0b045b48bc4444576ace5ada08c9ba008c0f9994bc4b8a48f488a46079e3,233,0.000433717639147976,stitched_market_reference
1769985179,24365019,0x25cac89def7a9049a4ef80477ecefa2c16a66b76ad6e97ec37eb8e068cdeff11,88,0.000431257291877178,stitched_market_reference
1769986979,24365168,0x43fdbb4a104f6b6b618b04ea13d7d303c135d06a5b0b44ecd750a160ffd6eee2,3,0.000433973346491079,stitched_market_reference
1769987171,24365184,0x3f3b7278c1bb15ed618925d67fcdf96bbb3b9ee4fb483961c92ebe4ca44114b7,959,0.000440249672055024,stitched_market_reference
1769987231,24365189,0xb06fc56364c3cbb848936c7277dab5bc14d232553ae479ed2ced75c02373b15b,338,0.000442584301347546,stitched_market_reference
1769987291,24365194,0x5259cf956777a7eea9836c204b6f619f83e27bd4cc976ca1f3c6e37ad8e93d34,470,0.00044587834735499,stitched_market_reference
1769987411,24365204,0x1beb4e51d8a3733418025154785a731e6e0697b6e0e2c862f3cd27386eb24b45,546,0.000448403958529514,stitched_market_reference
1769987579,24365218,0x5c5338b685beda0611032ea98ad636c36cf0d64c18b1348548096a3be692232a,176,0.000445416372782013,stitched_market_reference
1769987651,24365224,0x61abc1c737af7780805b434c1280bb3d5b0188db5dcba9345267878772813b7f,815,0.000442045746229712,stitched_market_reference
1769987783,24365235,0x1636045cc7e99423dc6f3280d7a15afe8419968fdb0172ff69eaf1409826ef01,837,0.000445029903349456,stitched_market_reference
1769987927,24365247,0x518fae246761ffb5da7a2a69ea1fcb91306932179e8694bcb02b8f37d4cebaa3,246,0.000442583131342796,stitched_market_reference
1769988011,24365254,0x0c6bf959a9444c6df15e39edd70fafd7e5f88c916098fa201ea5673dcf975c8d,1139,0.000446475436008669,stitched_market_reference
1769988251,24365274,0x328270ce257d931d1aa08dabd0e3b78d590f4da3a497ea7977beec8fe11a7167,282,0.000444055821569924,stitched_market_reference
1769988887,24365327,0xfd4aaceffd641ec28e71a330edb0a1895a7686a7e511693bbf799a0c22e56495,1008,0.000439995575609755,stitched_market_reference
1769989007,24365337,0x0f8d0e08052f3c79d64d3d855b54f782a2f36a1ef5b7561f7ca8ab38d8aec7da,354,0.000435772202904777,stitched_market_reference
1769989691,24365394,0x36ebd8ee53e120179bbadaa245a681811ce1ce0567b1f5693c8e3114790e6b5a,276,0.000438066356614364,stitched_market_reference
1769989967,24365417,0x75d29d9d45d515d82d4423b021d4136de306aa118347bfc8b8b48ab76a574012,742,0.000440350306997066,stitched_market_reference
1769990591,24365469,0x3e24c4499c8045b791daa677654c64d24c6d3263776b09895b09f7513db78598,255,0.00044371038643814,stitched_market_reference
1769990855,24365490,0x5e31f1a978c190da4216d44aa4976ad2dba0dbd47faa6b936d50592dc8a2ea8b,454,0.000440287998249703,stitched_market_reference
1769990963,24365499,0x1d40d95b24da84cd45d9e15ebcd6a7ae99d7c2ec3698185225cde9d65eb1c32d,421,0.000437697053340412,stitched_market_reference
1769991479,24365542,0x35b266e93ce048bab7a99803b334976f23155b4474a9246af08a47fae74ed99c,853,0.000435252397998627,stitched_market_reference
1769991731,24365563,0x9689e8edd30fe91f95f224a3f25dea0b3d995dbcd2bd5fa5fb3c3d0895a509fc,531,0.000432990754518478,stitched_market_reference
1769993807,24365735,0xc768ba950ae68ae83386d1e3429ecd250e427838072da4d96080a3bc4aaf592d,380,0.000435491343947558,stitched_market_reference
1770706883,24424746,0xcd17109f6451b610e8f5b8eb72223b035920f2b80dbf47af7c4455fb787272c2,415,0.0004989395538722,stitched_market_reference
1770707027,24424758,0x6f4eb40153f84ada342c1724d13217124e62763da28280723e61a5a2ee8364ad,31,0.000496436488696519,stitched_market_reference
1770707771,24424820,0x34008241f8e855194f0902d1be2ba611cfc905b25ce8980374cb17b3aecd60fe,204,0.000500124916735586,stitched_market_reference
1770708131,24424850,0x7790b9bf3f6be4db969a09f581d229138d0071f03311cdb430a71f03c66a886f,552,0.000497607683362708,stitched_market_reference
1770710423,24425041,0xd0c64ef333fdddb1ffc2173ca3bc33e2a8113d034f802f6339075fa92381b687,220,0.000497547970440704,stitched_market_reference
1770710447,24425043,0x7a1c0310e14e51238d4787212eebfe564194a48bbbaec6f25e619e0ccffa50e3,501,0.000498113232047882,stitched_market_reference
1770711443,24425125,0xf530f0688958a688a67e7d963207768b4a6c8b8b2481f09249f217b07168960c,270,0.000501017186951946,stitched_market_reference
1770711815,24425156,0xfbb211972ed17b50a24a0526bd56cd0e4dcfe904b22df4733f5e805e42b99ee7,605,0.000498096876663863,stitched_market_reference
1770714143,24425349,0x881d341e44de64277a8740648031a5bb839e1238e809aec7fcdeb328fbd412df,593,0.000495075045397889,stitched_market_reference
1770717767,24425648,0x3c002714f5e4b571015e85f2eb0d5c9cdf295c05ec1cd2201c0e99ab65bd379c,202,0.000495960364439699,stitched_market_reference
1770721403,24425951,0xcc42cb88b644ac771d2e2f4717224eab9e8e48f0765da96705637ee6eab95ed8,269,0.0004969831214665,stitched_market_reference
1770724439,24426204,0x9a97bc58dc62f2daae72577493d88180c368b0ec96dc7bb635ec0d03a757f92b,465,0.000499517907368273,stitched_market_reference
1770725183,24426265,0x901f08784a94c7f2953fd9635db2af1e15bf998ecdc2e6cfacbd081bdbd6dfd1,451,0.000496391270074149,stitched_market_reference
1770727583,24426463,0xe8134bf5c022a7e9e665c9898e61e5f16c157b604e574aba9690c3a67bd14bac,905,0.000499201182250269,stitched_market_reference
1770729899,24426655,0x76161df9591a787e6e302d8e371501854b840adf9a4683e3e8c5ff9532bd2ff8,61,0.000496671898905203,stitched_market_reference
1770730499,24426705,0x22058a312fd51d1f2a873d6fadf663effc8134933af86d265eff6115d67e2707,484,0.000493582655398467,stitched_market_reference
1770732203,24426847,0xe272e78996ac79b120df04a8422e4cc4207c674f96df34f79365a7e2abd2b4a5,380,0.000496212989490561,stitched_market_reference
1770733079,24426919,0x845e0e39e1e35c66d6e2b480bbb6ef398a767003823989cb9c1a139e71b7df48,281,0.000492167784776368,stitched_market_reference
1770734339,24427024,0x4891fe60859a3336855ce033317a827c750fc489e6e8bb17a10a18c70d42918f,397,0.000494993833064493,stitched_market_reference
1770734339,24427024,0xd897314ba9a8f222983933bfe2fdc4c07d120d40b114f139643b92a23746d6e4,618,0.000497782998249673,stitched_market_reference
1770734555,24427042,0x8fd05dbf88dcfa3875939981034d38507b9f7503f417211311d97512a370e392,762,0.000500364425980907,stitched_market_reference
1770735227,24427098,0x7dd2d7e22efdcdb0bd38f6846eba2e5598e9d873a006d16c64d0ec2feb356697,402,0.000497751425433665,stitched_market_reference
1770736079,24427169,0x369cc43c907a1d1c4493ba75332fe8e0b9e926fdfa0f2fae91ba2d4970eb50a4,1234,0.00049403923026838,stitched_market_reference
1770736415,24427197,0x9789b099802d604544c3ad471c2668456579e350063aef10e97c058cd66fbd18,352,0.000497673390834376,stitched_market_reference
1770736919,24427239,0xa4c7b0291ed21e688408ccfe539ca3339c71e0c7361330be7f9f566abdcc6354,271,0.000494830939616957,stitched_market_reference
1770740111,24427503,0xfb651ea57e760fa329624f4b48acb1231ac3401e0c67dcb40533473862806878,69,0.000491755097836508,stitched_market_reference
1770740579,24427542,0xf2e1032dbe7a4aac7420570d7595e6c6df046df26fac014765bf5febc92e11a0,318,0.000494264981788892,stitched_market_reference
1770741635,24427629,0x62daee316d7de62e30921c7a99166781a221b0a730c03883825876a2472d1359,161,0.000491482880097227,stitched_market_reference
1770742391,24427692,0xcb658a1f2cb3003154b49325f297edbe1c33e4b8d736a7a940128953af8e1669,445,0.000494304923867905,stitched_market_reference
1770743915,24427815,0xb46817e39506e8a529f395ad39cd283432835b46f98dbd73a72771e88a4e6bbd,288,0.000491752202883931,stitched_market_reference
1770745355,24427935,0x0da27158f01a7039ae7af6a21b905705c5c56ebded236aa452d484a5c29b35f3,969,0.000488807411209699,stitched_market_reference
1770746219,24428006,0x353d5ee8d785ac328c0b299d4384b2ae7102233a38c217ab43b9a9af5b6829fe,201,0.000491331350749634,stitched_market_reference
1770747755,24428133,0x19a93b6e5f89f71ca444f6abb5294d491782ab85578fb22d825d06f81c20e5d1,614,0.000495515050598158,stitched_market_reference
1770747995,24428153,0x9a6da62eba3b78a23f3b460d4f5ad5dcf01d6fdbd66ac79ece4afc3a951aaf05,980,0.000498688274478281,stitched_market_reference
1770751631,24428454,0xfe3acb2a575f00aa1227200f073a1a17dc8ade5b8bc2e44d1317b760ac58029e,247,0.000498897304633316,stitched_market_reference
1770752051,24428489,0x4205acaede85722c01bf5c8c41ba9eb95cc64458d8f5dcb889c7c450cd66a826,881,0.000496097428440405,stitched_market_reference
1770755723,24428791,0xa1247996bb2fe7d931e5b45cca0eadab4ee0352f390682725f4dfcf4c3d80c7d,17,0.000497518109071717,stitched_market_reference
1770759107,24429071,0xaa333b037b072ac27961cd1ce456d123b5de6e32c79d6f53e69cff3f35cf34f5,947,0.000500104880828422,stitched_market_reference
1770760847,24429215,0x0c174bdc5b81deef12c6e149a506ada2d1705a8c3e11c1f175a72105c6d42070,347,0.000497208032639368,stitched_market_reference
1770764483,24429517,0x3d71d86d1dde76b48eb5f8b6e76a1e51dd28a12b78e1f7e4a03c37fb90897a66,88,0.000496528367931132,stitched_market_reference
1770768119,24429819,0x54ae29562d630b06e4cc00f8d9589371d04003b945a9f53b6844bf46628f9fa7,162,0.000495345963340628,stitched_market_reference
1770771743,24430115,0xa664ca4ab5cda6ced6976f37e0ee858040de3eba7d79a5ceeefc05a767e3b0e4,405,0.000493586739545122,stitched_market_reference
1770775391,24430417,0xbfca157dc0a0264fa182780c7c78e29869ffed0093123682fbe66e7eb596ab08,198,0.000493641845827912,stitched_market_reference
1771484459,24489260,0xefa9b5ed492d41714422cbe5520bb15c33568108a9da456580a8126bdd8a5808,47,0.000504336149992257,stitched_market_reference
1771486307,24489414,0x79de98e48f9e45ee8168885280e90875db365857907b389c3884e0836a34daaf,173,0.000504247358531932,stitched_market_reference
1771488047,24489559,0x794e86cb44763fee4db27255495ad77fa50a701ae7a59df0e1a3acadb8d4000b,424,0.000505036818274367,stitched_market_reference
1771488071,24489561,0x16d0a80a38f0470c8ae7b44f97dee022ebdc950a95ee3f5fb8bf9dbfd11482df,524,0.000505061370535201,stitched_market_reference
1771490003,24489722,0xc539a170bfbc6772e2d1b62df6994df05a9427788c680bda3782512a12d3e796,1571,0.000507766577881621,stitched_market_reference
1771493627,24490023,0x221b9ec52aee6375ea679626e60926014d3213be5ffbd3ebc8ad5164d731d5e6,193,0.00050586608550391,stitched_market_reference
1771494515,24490097,0x796c434eb03e17dc4badd2a2b210ead6d19dc2286647ed4ade4d5cb0ca517c04,107,0.000508514440443333,stitched_market_reference
1771498127,24490396,0x9cdfa19d7804df9f78dc44b8117882284dd0b830d3c8e9c86cfb899366533258,311,0.000508919255922843,stitched_market_reference
1771501067,24490641,0x398de24679bcc75bf4b82a59929aaaf1912b6377081132d332d74538c13f285f,733,0.000511525369376553,stitched_market_reference
1771502927,24490795,0xca6bb1763f2851ce8a0c0db72cd6e5548676e37a65b86bd879f00faf4eb96f8e,2,0.000514142700446177,stitched_market_reference
1771506443,24491088,0xe768d9ec8e1f1b0cdb3880a599015eafa1c049823f26162ec0ff0b22e378a81f,1502,0.000516953019132344,stitched_market_reference
1771508447,24491255,0x8227d2a799061d9a796cd15aca025402f3ffd23e3175d22e5e1449de439cae16,384,0.000519866786042783,stitched_market_reference
1771512071,24491555,0x7915c38242697f3af3dca2efed0d5a52b888ab0b479cb7e511ed657f5afdf52c,160,0.000517610299419935,stitched_market_reference
1771512875,24491622,0xe61990ef3b04e523c4ad72d6bb354a065b829ad1f0a3e433d3b6a2e583cc1af0,526,0.00051435640508621,stitched_market_reference
1771513727,24491692,0x6a0b167945539fb5b486c9691cf096d5369fb35f4cfeb512f81c1b29f7b6ed54,60,0.000517227106787507,stitched_market_reference
1771514027,24491717,0xdf529e283197e760dedad231f926da5f69136ff86548aa6c1e39a49995c43fd7,225,0.000520190329252152,stitched_market_reference
1771516043,24491884,0x5da9e5b7d5dcb8458bffc3ecf6dcebc62f18533107cd1385b3720c580a7c7b3a,107,0.000517165766410924,stitched_market_reference
1771516235,24491900,0xfe7c1ebaca700987d9059d76554005a1c5f8db391a309029da75febcd5fe97a3,477,0.000520696101353356,stitched_market_reference
1771517267,24491986,0xb0a8595fc0621d4008183c675f6229c1b9cf89f609f27f4569e5873d05428a2a,397,0.000524407482613961,stitched_market_reference
1771517447,24492001,0x4e8de204943c539bf3383807efea46b9a75eee10817c290367787e2fda66ab0f,461,0.000521665730057709,stitched_market_reference
1771517951,24492043,0xdf64cf81e88f2ba2f506cff1829567e08135a681a4f872c0d3ec6679610e5f4a,503,0.000518813453733819,stitched_market_reference
1771518407,24492081,0xac169fcef3964afbdbc6f12f44bbe9cba3bb8899cd211e2b65fdc0696aedb652,91,0.000521589676180938,stitched_market_reference
1771518911,24492123,0xbb534b98b5aa0e6a56d9d8f615baf7b8d543f18d0fc16c4d63ac29dec8fece6c,324,0.000518553582654793,stitched_market_reference
1771519967,24492211,0x730338d550d7693bfe4511c8932a1e54b3da89435994aa2cffe113fa6813d889,382,0.00052133174623894,stitched_market_reference
1771521191,24492311,0x513eaef3bee123db8856c543ca6eaf252e70142f3feaceb598cf0c7af1914d07,633,0.000518731861967478,stitched_market_reference
1771521527,24492339,0xfa0ea84de046ebc34273d0e00a8b8694f5a899663fd7d73a2aa1956583fd96d4,45,0.000515442450399893,stitched_market_reference
1771522139,24492390,0x8866c525034efe47ce65c4bb884727337658985ecb877c466ad23d532768dd81,871,0.000518923485090457,stitched_market_reference
1771523639,24492515,0xf5d50f9005e478e55114e602e96b0bddc37289936a1ac04490594c0e909f4973,95,0.000521851009449815,stitched_market_reference
1771524779,24492610,0x62f56d3a9726683f091def4e73ae7c81318755a6bd0d387891693962fe6f21e9,1117,0.000519071123845434,stitched_market_reference
1771525523,24492672,0x5afca92a646577d34ea136620723d4b8b7ee842866d43266c30d8ba3b8540bd4,839,0.000516376312948028,stitched_market_reference
1771528115,24492885,0x55fb8910fe70d5a7d173299f40957422464ea087ae010a2817eec582001af05b,327,0.000513804035618676,stitched_market_reference
1771529267,24492980,0xe8573532894d2fa06af43a2a004ecb08438ac69b42693ebf0053abed032b6b8d,582,0.000516692268913703,stitched_market_reference
1771532903,24493282,0xb62a0f12bd004eeae04a4b4192bb61513dc43d9f051de30386bf499f9968dc7e,203,0.000515690673267837,stitched_market_reference
1771534031,24493375,0x7a2a4b891a0b462aa1146ae58b3244fb89b8773ed5eeec1646d8f3ef52d0af82,90,0.000512666328731569,stitched_market_reference
1771537643,24493675,0x5bdcce176d2d696e5c69ffc45477c018ad819f48303f8766590e3c1a915df1dd,430,0.000513331928967376,stitched_market_reference
1771540319,24493897,0xdb977eea01bf2b84ceeab181f4d57a95a476b91a01f9ddbcbaf929b01c2a7187,294,0.000516166816950888,stitched_market_reference
1771543103,24494127,0xe1e487f5ab95d6e6e7fe39cd9a21831f2d03a47434906a156cad3b79f767bd95,224,0.000513548075639142,stitched_market_reference
1771546739,24494429,0xde8a386960f0c7cc20340e69d5a056c8b9e091973a21a222aad69f08d4b92944,543,0.000511424959276296,stitched_market_reference
1771550363,24494729,0x879dcd9a0b9297d8b68d24908bb833df80b45a1736512e5b4f273ffa1cdedd31,210,0.00051128435584292,stitched_market_reference
1771553999,24495032,0x03cc331f7e192702ec2cb1d16812ce8708bd711a15b9efe20e3d94a13b62ab0a,67,0.000512217259238049,stitched_market_reference
1771557623,24495334,0x6b4702fb3776c353cfcb8f40b4bbc97fe7042915077d94f1c2b8a55298f0c14f,319,0.000512252717703913,stitched_market_reference
1772262083,24553806,0x9c76991bdacaebe697a5ec3bbae72b17cf66a4f0288eeb336dc98d8145d79588,564,0.000543573562609009,stitched_market_reference
1772262167,24553813,0xabac77da0430f8eacee83b75bc275a1e63c8faa218235ecc73c3f26b2e8e7694,672,0.000540658664753235,stitched_market_reference
1772262467,24553838,0x33a734ba62ce70d023b005423d2c41973c48f6d1794612c054a859b49a2124ce,299,0.000537767504868421,stitched_market_reference
1772263427,24553918,0xd8ff63bd9f0a2dafc5afa0312e5638f0b2b04ffe9acfb7085ec7449e776b694d,448,0.000540854980037318,stitched_market_reference
1772264111,24553975,0x4725555e003cdbdf9cae36f42656a19d9761d21545ad5faf1229dc838cee2a5b,3395,0.000537146462156831,stitched_market_reference
1772264411,24554000,0xcbfa39923a47195f8b5a6e24798b5241454b3d7f8600d31c5daaf14df7b188aa,122,0.000533762252153543,stitched_market_reference
1772265647,24554100,0xc611f81fe3009f61eaa071d60e32266d2478679b033c60c890a9ab302c340571,721,0.000533768278329369,stitched_market_reference
1772265647,24554100,0x0b9cf6b0ca04c90e54d1c6060d30548139224971437ee4fb043627ea5831872a,766,0.000536496416713509,stitched_market_reference
1772266859,24554200,0xd34942c4f8d19696d97b32b58cbe40db9f1f0135ff4a5596afa765f2769c0616,167,0.000539674076795615,stitched_market_reference
1772267939,24554290,0xd285de70db506a965b082ab3da44b7a4300343135863046df1c0460d0d794dad,705,0.000536978692673654,stitched_market_reference
1772268707,24554354,0x30cf07f20043d51722c5eaad7a47492e140cfbde3a988956760c5fa6ad258b55,323,0.000539795651230452,stitched_market_reference
1772270807,24554529,0xe607e261fb2fe0219ec7149bc2380396f94ee43274ba7ea51e8abaad373d1818,685,0.000536995949175915,stitched_market_reference
1772271419,24554580,0x9f204a5e05b97b3a3b3f1f8f7b220537dec15db2eb670db41526dbd5bce6766a,369,0.000539767627262275,stitched_market_reference
1772274767,24554858,0x0c5591331bb7abd7941b9f0bb18fda3577b010d8d6a7b2666047be617a077f04,437,0.000536813410650053,stitched_market_reference
1772276603,24555010,0xa80410d07b585321b536a4f49cb5480441f1a2f58fbfbad5ed58ad1f8ede5c86,96,0.000533854702406055,stitched_market_reference
1772279891,24555282,0x9775b150b90d5dd004826d36298d800bc2f02e46d70c2fb4caafdf2957769214,475,0.000536558706908115,stitched_market_reference
1772281283,24555398,0x711c25f43468a8fa0786db8fd2528409d9d9734d678e21228c56a5f224d3606c,20,0.00053385655489705,stitched_market_reference
1772283239,24555561,0x533f14110635ee95945217c369838294dca3313a3653f7d636fb6f86821849b6,535,0.000536745901991304,stitched_market_reference
1772284535,24555668,0xcf48d8ca8684b5ae46e7926193c3ca78b11744ba527ac16b410a8d680c9ff3d5,734,0.00053389041499741,stitched_market_reference
1772286623,24555841,0x018af8d73dc3c574e1c0a3d50086c53e28a1544c1f30a6a0059a3a2e1b2fd771,20,0.00052729306090166,stitched_market_reference
1772287235,24555891,0x0ecb5a20546ac8c40389316c6cdd6a80f6ef070f6324cb84ad1d8678e0ca14b2,799,0.00052382485149995,stitched_market_reference
1772287403,24555905,0x448fd024b4af93fd34dfcc18a503cdf72c0b87f27651f4c0f8aa59a4a92cf9f9,907,0.000527458987431379,stitched_market_reference
1772289407,24556070,0x9f75caeec211de39f80bdb682dda0de388547795da7b96296aa8101d355f05d7,143,0.000524360347898675,stitched_market_reference
1772290139,24556131,0x975c3b283f02f250c0fca474fc17b0bd31c4d9606f9fbe0d4e2116b5923b53e0,568,0.000527661635659206,stitched_market_reference
1772290631,24556171,0x7e624c6229e11eebd3636891375df424036729966e03ad10bdc5f94e8a65706f,509,0.000530433990887246,stitched_market_reference
1772291243,24556222,0xd2d0eba65385c1b08654c2d6bca91f6209459c47b15ea7a1758398752a17b13d,199,0.000527754236568966,stitched_market_reference
1772291663,24556256,0xa0c70f939846de651ad9d7c8a6983bf0f4804ffcabda436810135c8f1413e119,382,0.000530427704933348,stitched_market_reference
1772292551,24556330,0xa236fa5e1d1b044bdcf7c67b16a13f62a4bbfd3f9b9908cdefd91e871a6d492d,704,0.000526543529857304,stitched_market_reference
1772296175,24556628,0x7bf6dff9e5fc3b9b947c4a11a330ced3d90704cd4be616989eef0192b199159c,105,0.000526368028694464,stitched_market_reference
1772297183,24556711,0x82899d659ce82036cedb9f882aca537550d7ab3c53c1f9c21db0aa1ed57c8c2b,273,0.000523708700798123,stitched_market_reference
1772298899,24556854,0x1758ff6faff681b29238f8150c0543162010a2c49179aa795d1bd7df3990da11,374,0.000526922922901192,stitched_market_reference
1772301575,24557075,0x6170e78b37afe3fbed4c69d652290cd4cfd7edae2407ab057127a584b1a0e3ee,1320,0.000523950392412336,stitched_market_reference
1772303915,24557269,0xf8a789cdc5a9f7059690f48a71d3dc5ec8fa1b86866b1397204879e81773c1ee,163,0.000520471097758039,stitched_market_reference
1772304671,24557331,0xdd0a851579eb6265d0cea8ad3a146f4c84012549c034436aa051aa72a84b367f,727,0.000517385170959703,stitched_market_reference
1772304935,24557353,0x2c55790d53a9d9aafc7c2b7698f95c5f3c75a1254dbcc2d97e7e0da05e56001c,1799,0.000514755943643899,stitched_market_reference
1772305415,24557393,0x9415bcb61e9b09a9259030f5e14acfc0d9cab422c718027a634e22192a7d6dda,148,0.000517389947226821,stitched_market_reference
1772305835,24557428,0xc1873ccd3e671ebdf607fc7c01d9f5017ef672eeb97fa39b3c6e6824cc30c374,1037,0.000520151238515877,stitched_market_reference
1772307215,24557542,0x4e908b45b9a02dbe4391818e575a6ae2cd830cf0a2fd8f3e3dc38f3a72e66cb8,255,0.000515030500444713,stitched_market_reference
1772307575,24557572,0x26817ead87163c9f9a85d80392de6ab0f4940f13f6616e5aca94ca676e91e848,714,0.000512317702974017,stitched_market_reference
1772308895,24557681,0xf48c146dc9a65c8dff2a8775305bc9f6ae3de668594bb9b345802b762c6c84d8,220,0.000515103323409121,stitched_market_reference
1772309519,24557733,0x15e8be15d0d556d598cf937a6ca060c4e79eba1ec57275ccf7d046a0df1c5711,86,0.000512219593021592,stitched_market_reference
1772310119,24557782,0x41110b699ebcd711398be4516e3c2d6318092d00221af071eb6f8aaa37dad813,99,0.000509614684687117,stitched_market_reference
1772311079,24557862,0x4e6d16c863f2e4bda482e6bb6642fd893a6818e844b03a692941c4d367cfceee,436,0.000512572100442784,stitched_market_reference
1772311607,24557906,0xf83b76f235568c7bb72ed129d13146b53a938f5fd38b90a617ccd77e8d8e10a1,340,0.0005099850944213,stitched_market_reference
1772312759,24558002,0xb1671711e271bd9f94592da48d673927d6445088565594f9d5a8c711fb599ff7,395,0.00051256026581762,stitched_market_reference
1772314715,24558164,0x6f2938618f6efd1bb89eb2f5c0d37b269db6aedf45c32d0b94158e1ea4bac853,373,0.000509794063089615,stitched_market_reference
1772318147,24558448,0x24b961f6495d7bc7a0b56ff784601a4ab7e9043c0664f7cc491e035198d1ad2a,35,0.000507021342003028,stitched_market_reference
1772320487,24558642,0x39210c9a424012c583adb414cfabd7146f0908f1f95608843959e7dbb3476c01,101,0.000509720703187431,stitched_market_reference
1772324111,24558943,0x97a761892fbf9618a7a397335bf4130e6df426b0a4fba892cdb9bc6a4433cee1,229,0.000509593371624077,stitched_market_reference
1772327531,24559226,0xa24c5fde304eb68d0f4550efbe399c7bf890a3a9642ee9f7dc181bbbc7200d8e,165,0.000512995511308086,stitched_market_reference
1772328887,24559339,0xfdc54bc64dbacfb8234bc76c2b047908ec49b624e9ec311adf18ca6e1443636e,941,0.000509908524641313,stitched_market_reference
1772329091,24559356,0x503638a67448adaa250a63dce0bb4cafc1da2f230ac90c0085cd837e95b5666e,592,0.000506719680770205,stitched_market_reference
1772329751,24559411,0x2ed36701b80cc954d6e45338f25e994268b4960a9c3209fb2e0f5a945ee5a6d0,390,0.000504149462851728,stitched_market_reference
1772329907,24559424,0x6284337c5d0f997e43b498ea2dbe8f07c6c1eb6b2dd2737f89a0d3849aa87078,482,0.000501198878038,stitched_market_reference
1772330039,24559435,0xc7e767d67981b07ea5864e85ecdac830ffc002075ee31c1e9447a3d46928a748,201,0.00049521193346683,stitched_market_reference
1772330111,24559441,0x544c4a6d9c57226f7b60d32ed630a590a921af8772dff9af2ff0cce8f721f9d9,1121,0.000498589294898677,stitched_market_reference
1772330603,24559481,0x3263ea78aa5e33dee6330bca717d026e377ab2b5c453fb6ad5fe2adca830afa3,1541,0.000494722471838374,stitched_market_reference
1772330651,24559485,0x05b364eeefd4a6d9932ea64a7d83fe5ddc6b2bf60a2f99bf076342ef51b202d3,284,0.000490923559155621,stitched_market_reference
1772330867,24559503,0xcde13342b95f49b3ce51a6300c4823f5195e2183f9ab1011505afa54d41728a4,877,0.000488350178351993,stitched_market_reference
1772330999,24559513,0x24e586239f147b4aacd911b07646316b831b7d340d2645d88ebb0e76fe44c61f,579,0.00049168566337461,stitched_market_reference
1772331191,24559529,0x3fa3d0a7ad75cc5c3b590f94cec29c24101e955720563f23b8c3b5e07b253ed0,169,0.000488177189139377,stitched_market_reference
1772331683,24559569,0x0e19bd7fbfd738fc2c8080b988d2d285eefd8bfb9f8a8f9c99bc8baac748ae35,590,0.000490910696974834,stitched_market_reference
1772335319,24559872,0xc32e496e658db78fc2fd9f84b3b8eb763073ab4731918fe1e1c941e25415b241,440,0.000492330216918244,stitched_market_reference
1772337311,24560038,0x81f79f39466bd620d9d729f5fb80815ae193759565a612b8ad1f9a1dc4aa44c6,300,0.000495165754744085,stitched_market_reference
1772338655,24560150,0xf18ea984567618118ee81303e307b8e5634ece2298f7b34bb071bcbc550f0bc9,979,0.000498110632193603,stitched_market_reference
1772340731,24560321,0xa2e3dc4d52391a54b366f58a4d03396bc5c67490bf0e9492254560e3b8bc89d0,673,0.000495466779614112,stitched_market_reference
1772344343,24560620,0xc8fd712e57d42ae2a4f80cdfe90dbdaaaabb37d01f1fd63247de31c747da3327,405,0.000496659799772731,stitched_market_reference
1772345207,24560692,0xd04ffc92384968e1cf9ebad85263d165ecb769e75e1260251ddbd46c04b4d7ca,376,0.00049925381192971,stitched_market_reference
1772347379,24560873,0xdea9310bcfe88b404bc6b26742fe7f46c838a3066901238bf92d5494ac6dd25a,283,0.000502480776617762,stitched_market_reference
1772348003,24560924,0xff215307406eb53283eb0ea04f73c181680ecc2ac879965115b0f25a3797421e,59,0.00049994018829859,stitched_market_reference
1772348459,24560962,0x0a19f5089797422b49cf824f37df71c07e77cd306757419e34dc034b3b60ce5b,63,0.000499924395366343,stitched_market_reference
1772351627,24561226,0x17e4d0c8176a6602c8638f13c9dccf5a909197e01adb37be17da3d2470239b9d,187,0.000498628702761366,stitched_market_reference
1772352035,24561260,0xfbfe89931f14538d01e40736873119e586c499c8019a10e17bc80806c782f785,131,0.000498146711076976,stitched_market_reference
1772352035,24561260,0x913223efa293636cc1501ed2ab05dc9cefb04e34ead1ea8fecc7ec3ed7c4a2b8,134,0.000498145067159458,stitched_market_reference
1772355023,24561508,0xa40c5f1e1807fbc02eca4095f7bdae932ac8ae74b032fe2290a298570c70c27f,377,0.000500698866936786,stitched_market_reference
1772355191,24561522,0xb12b23edc023fc219c5d8c23978c72ef51cb13e9fcfcec3f143ebd7e42baa4db,261,0.000503731834245747,stitched_market_reference
1772358803,24561821,0x8b7d47d665c9b1f268e1fe734d0ae7d624cafdaacb754cdcdff91f0663eea357,240,0.000504874113426633,stitched_market_reference
1772361359,24562032,0xd6860794afdd5e953ddec3e0a5faebae77c0984f9c05eed53d74a309d7e4f4ba,135,0.000502047584884841,stitched_market_reference
1772361863,24562074,0xac3422783d998ec1608cb9cc15d3666f643a5bedd3ed041a8b6f0369c7567370,249,0.000504786727874511,stitched_market_reference
1772365499,24562376,0x76e64d98eef8a1054b51114623c094c0c331e24e1dc06174e88e934251e51fd7,267,0.000503654806994923,stitched_market_reference
1772369135,24562679,0xae9b34773838af4559033e154f7ca86646a7222776881e00c1d7452150b822d1,98,0.00050413211094358,stitched_market_reference
1772371259,24562855,0x96734c03cab5c279f0dd3a2801ca99e1d0a59fb1044fe6a8dbff7737b05af284,207,0.000506699986933884,stitched_market_reference
1772373179,24563015,0x0038d0d46158f2e1d6d575c552a7ddcf6e2f679d326ee0dcb2a2646ca400e901,511,0.000497988098697279,stitched_market_reference
1772373239,24563020,0x50b1167f1eec6997f40f1302f46f3a4ef7fc943ef71f7750832055fca6ac8395,207,0.000495113804593774,stitched_market_reference
1772373503,24563041,0x95958529b843dae25904da98355b55ded68b1a49c9e0f70aadf2b125956370c2,568,0.000497698859899292,stitched_market_reference
1772374055,24563087,0x5bed6cb0accc41a0ade9790ba71faec464f07519058a048062981fb064b4f308,43,0.000494120223389688,stitched_market_reference
1772374559,24563128,0xf64e9d1c874906332e6b834d6d0fdd680c9dc90855a0f1955ac61a04615ff515,156,0.000497161233301203,stitched_market_reference
1772376215,24563266,0x1fb002bc85e39d7d82540c09cd4ea8494f10ee8e1b33ca00a751d14ec240f31a,1765,0.000500220277197605,stitched_market_reference
1772378267,24563435,0x1c4bcba793f5d1ed73b40184b78a591b8c26ee6bd2e7f6085734283e0998d98c,330,0.000497020045987368,stitched_market_reference
1772380679,24563635,0x00f6a9d39791b75066474c15bb6edb3dbcd649e7626e010f78577cfd01fea62f,943,0.000499927051922571,stitched_market_reference
1772380931,24563656,0x38b3eee8f3a6b3434f34577e20c3b46527b98401a74a4cbae030e7bd319bdd8b,1240,0.000502485553199401,stitched_market_reference
1772381087,24563669,0x14a5d483c45462d3ac0f13c04be9c568153cac0ad9ac16d0ef035cbe09c83da2,557,0.000499537615899043,stitched_market_reference
1772383691,24563885,0x42ecbd626f873d9ecb4d945560f0dd99a369aeef9ec2f49f480d22f1425ef238,287,0.000502505117792733,stitched_market_reference
1772383739,24563889,0xd69df20141ec8fa6b7f4ac4fa5132233b840d7adf440a353757155f1d9c39c30,692,0.000505797281781257,stitched_market_reference
1772383871,24563900,0x60230d917c727314acde262aec28dc6c927f4d3ea7be270feaef0d04e9f66e54,1709,0.000508938312287297,stitched_market_reference
1772384159,24563924,0x7a7e3154c5cfeec53353bbc744a27a964241bd47ab7f38afde06cd194e892337,599,0.000506361330269026,stitched_market_reference
1772385515,24564037,0xf50dab6721b6468329902e12af4292f8bb2e33baafc6ff5ab276ce68002900b9,54,0.000509276693328552,stitched_market_reference
1772387519,24564204,0xd8ae30f4175b3e0e3c47a1b48105d79b7c074d541a28765b66340de723ab0075,455,0.000506648204833306,stitched_market_reference
1772388035,24564247,0xc22373f903f4b9e549545aab1795cb60a1576bfdaac615ee81da0a244f632132,387,0.000509313133952721,stitched_market_reference
1772388359,24564274,0xfc51605b877f4bff55b3bcd06663f00b9d005ef14efe8daba0bcffdce004a344,281,0.000502652256961898,stitched_market_reference
1772389919,24564404,0xd0acfae484fd1c65e65b371681bccd86dd1c8e4a6fb90af928c51965363769e1,516,0.000505191619391844,stitched_market_reference
1772392163,24564591,0xbd033542cd8bbb45d2a0d99464cef7f6e5dbd874aa999b676040b106471ab2e1,336,0.000507845657073246,stitched_market_reference
1772393231,24564680,0xef9d9529f97ee3bb0b5d9fc995a97a33b3cddc1da904b736da503f9dcd03ad3a,610,0.000510614078983649,stitched_market_reference
1772395655,24564881,0x26f3821b5f32679c13d0fcb00266a9a102a739a90f2d26b04a8743f2e1f1694f,463,0.00051326632278038,stitched_market_reference
1772395931,24564904,0x97afb7837a94070c273266059dcb5c7e602ef7e11a71cc20cdd20e70f0ced9d8,462,0.000515939237092637,stitched_market_reference
1772396963,24564990,0xa747dc7e19bcbd563ef1e1a81979d28311372f87e29a34455acd3565f6ffba02,613,0.000518673043179768,stitched_market_reference
1772397395,24565026,0xf984b094cad36dfa21671150a96163582331581281cba1e8e69a73ff4e465bfb,628,0.000521799327624095,stitched_market_reference
1772400107,24565252,0x552bb838d9b0f17f7a53d2f506bee8c9cf47452e2e57c867d825cbb980a526dd,1100,0.000518922383517254,stitched_market_reference
1772403287,24565517,0x83a0ef6c01b5ac11b9327a00de3f02a42ac90e5856be6f038950c1d46a3ada5f,93,0.000511401008455448,stitched_market_reference
1772403431,24565529,0x3680762005633b72ceaca59b7272c51e874a7ee9c4968320c6adb0f829ee609f,84,0.000514497293436119,stitched_market_reference
1772404031,24565579,0xe169e0a395580cb9dd3b25b85a5a707fad44097f2c41988a89221f5e0a7f5cfe,3491,0.000517144227016365,stitched_market_reference
1772404535,24565621,0x0c27baf3be2dd05a9edebda46ac19fbc4639e3225747325b942af90f59b44e47,472,0.000519935084282176,stitched_market_reference
1772406191,24565759,0xf292ee502c30a9c9b288786aeca775eb50094ab5a9455d681f36fee5e5b042ad,604,0.000517145292182995,stitched_market_reference
1772406611,24565794,0xe5b62d7983a35fa038f1ecee32a41fcb09f574fddaed739aa7012adf4f32ad31,199,0.000514138487514975,stitched_market_reference
1772407691,24565884,0x403c2d5c05c7fe3872d2f1ea8597ccd094e15e0fdfbb26c40bf9699ef0b56618,334,0.000517031076821258,stitched_market_reference
1772408375,24565941,0x24803a910ce9255a4fd63a7f2a62055b7e8ba681ddb488ce714884070ff4648c,333,0.000514071942939682,stitched_market_reference
1772411987,24566241,0xb9e30722fc6aca87cc7533a8b23a22b9afdea48379f9c5c3aa738b4974c4d896,774,0.000512674326201865,stitched_market_reference
1772412419,24566277,0x885c49be9bdbcb2824ecdcefd7bafe5e56b4dce64c08836d099da68761c1ed91,270,0.000508440364865121,stitched_market_reference
1772412647,24566296,0x612bbd4c801a250be1e649dfaca71bed44f9904edc53be596be72ce39581c61d,173,0.000511243219476781,stitched_market_reference
1772413415,24566359,0x65cd0e20e7d144c220fb3aebec605813573788a9b10818485772f60fdde57275,239,0.000508022577056142,stitched_market_reference
1773212471,24632603,0x04140501b9e70fe1715e1f82cd21dc79dedf269ada78fed6e88d4141ab4e22de,296,0.000494510496443607,stitched_market_reference
1773214739,24632791,0xb9ab58c4e5a9144e8831c6107524a8ac08ebb2204573c4a57099ad3ab8a9103d,511,0.000497521664531799,stitched_market_reference
1773216023,24632897,0x106ba8da9ef72ec5733412892b047d5d931d12ae8942ec3a3ed98cdecdd0537a,475,0.000496769744809164,stitched_market_reference
1773216047,24632899,0x5df695097e63b09bf304830f4d162c9864cac9f80fee58de175bf0e8ed2e110a,12,0.000496797212728978,stitched_market_reference
1773218219,24633079,0xd39509f892c7130dd97bb548fa948d24e1a8305beb28b55effbed9c736b2104c,647,0.00049387200225537,stitched_market_reference
1773221843,24633381,0x6c79ce3eb5ff1a95e4872b0dae95db395fb586144aa756e698e53d478e1d397c,123,0.000495510638614155,stitched_market_reference
1773225491,24633682,0x890c41697ad51794c275360c3cb277663b242b8cf42f94d18d495b39d3f6f23b,419,0.000494266473902728,stitched_market_reference
1773229103,24633980,0xd2ea315ae4321bb390815e36a47c7c8b766ffcde7f1cb83c07101c7131294d2e,552,0.000493911428938413,stitched_market_reference
1773230855,24634125,0x99648fc8fb7dbac9754b1c256b8e7ef70ffa42b53b06e743e8adae3f5d208ab9,625,0.000496538143270857,stitched_market_reference
1773231815,24634204,0xaafec3a745c26975fdff6cbb32dc30602d50c0c4c3a51f62289b9af6f2524965,360,0.000493786737179875,stitched_market_reference
1773234911,24634460,0x2731efa5654e62593b3ecbbae27afd287c2e148c2be571efc8553367322b62ad,157,0.000490850511466268,stitched_market_reference
1773235319,24634494,0x1b6119626dcabef9c0f51850f431f3587c9c11f5313f22e8ce27fcc85708c95c,282,0.000488156816873668,stitched_market_reference
1773236063,24634556,0xf8676c88bb70c5ef3247feb877097fdfad538fd1cf300132b56839df08b3909f,1116,0.00048484365004016,stitched_market_reference
1773236327,24634578,0xd5fb3da41ae4e70321ee0a1380e027f50312e49fba663df74c7bfcfcb8c1afe7,1434,0.000482253675175342,stitched_market_reference
1773236831,24634620,0x411d9f1fad16b666cb6beb876a6365a90bcc902f5a25b2ed154b02786832257c,363,0.000485861398309202,stitched_market_reference
1773237107,24634643,0x0c889f950280eb11b63be7525d03a56a5f08669d8f35a1117bb4b5b674f7f8ff,779,0.000488489418800075,stitched_market_reference
1773237719,24634693,0x688643bb2ee071838dd904aaaf8ca79bccaed7e71fa4af5cd8f7024053514294,569,0.000485907033247267,stitched_market_reference
1773237899,24634708,0xe3de164b58f9c41cd76740f31562714214b84f365170c4da9ad62318c02bdc29,335,0.000485036115791709,stitched_market_reference
1773238295,24634740,0x45f8039b92f856ac2e52d19579ac0ccdd0e110c31e09083a9f87fa5bbf57ac83,647,0.000488744090839156,stitched_market_reference
1773238727,24634776,0x7ea8fa3cca33ccb686a066a631fc49c13f3df0d4294372a92c6675f139a7e344,2,0.000485990936074011,stitched_market_reference
1773239927,24634876,0xa551be1e70f8f2efca2581fd2faa8f686e79e6e63d783b25301e87ba3b70ab89,1605,0.000482833472703224,stitched_market_reference
1773241379,24634995,0xb677be2bf05dfe32e45d7b52654f3a1ccc371d1a4a302a11610de2901d7bc496,941,0.000485562731237627,stitched_market_reference
1773242015,24635048,0x042c0497c796044204072e56413bdc76f598fac62e4841953a7c838e13ef3d13,894,0.00048923225567225,stitched_market_reference
1773242507,24635089,0xfc5b4ce57c937bce6a6bdf9343440a540e3b8fb180d0b6b2b223e8e4241a038f,227,0.000486589435690101,stitched_market_reference
1773243059,24635134,0x5df62b13d397b1b18ec4cd0a1eede3b08a3b8e1fb0bc94705e93203fdbcd5a3b,255,0.000489131436586331,stitched_market_reference
1773243143,24635141,0xb3f2232735b214480fa15034a26a9717e7989d84c95f5f940db5340d2768437a,559,0.000491791957233768,stitched_market_reference
1773243563,24635175,0x23707af85f3d907b12f2e51fe41dd6c5765dd8b2bfcd57de3c905b5ada31bd3d,355,0.000489138041641042,stitched_market_reference
1773245243,24635312,0x0f46ac4e6addfe335e4e79ec79be5ef7992b12abdfbf3f9f79333793ac509f30,81,0.000486592997375124,stitched_market_reference
1773246923,24635452,0x7eac5158bd19dfaa4ff087ceca9a2c2d5b58c964285742a8d3055b06d9d30383,406,0.000483821190228392,stitched_market_reference
1773249851,24635694,0x6ae194f292233337ead8b205e81163c0d32257b7c1f59830d4e9815739c41a1c,332,0.000481409687374881,stitched_market_reference
1773250655,24635761,0xd81a6868c31b8fe39870e815472b54161a8702e055f97ece6e93b9235f6fe540,1148,0.000485094079995796,stitched_market_reference
1773251567,24635837,0x589d720f4c886ea984d8338558620f4e2f875f864140e14b337151c8955e1cca,513,0.000482621766295537,stitched_market_reference
1773255191,24636139,0xea0e888e017de91280fb4f3d4bfc5eb1f880e6826a0af734988dec662fe825a0,150,0.000481002694554676,stitched_market_reference
1773258839,24636441,0xc3cdf0ada15b4b45910f68f2f4f70f3bcf980c8c80137eac2e932f700c6becaf,1012,0.000481505962906118,stitched_market_reference
1773262451,24636740,0x3799739c1e16eef072f6d16fccc0f90c3a4850662ee05d62f4a90df13e80a01b,394,0.000483790583280192,stitched_market_reference
1773266087,24637039,0x2329fe9faec4534eceb02a22435a6a46bbe5e29e455ab8462af0b6b017bb23a5,84,0.000482425214438022,stitched_market_reference
1773267227,24637133,0x2f79758b598a668b55a37ffcd9e9390b1cf4eed5fa865688f856d238d4d46ea7,479,0.000479940837688796,stitched_market_reference
1773267707,24637173,0x65700efa8219e72ffd1eec21f9d262a6ef3db0eb9a08c0ab39393c4fe255354a,38,0.000482679941112457,stitched_market_reference
1773269687,24637338,0x50d6d5384bfcd4d983dcfc81e7dcd0eccfe2c3ee68a7ad844470c7a810963fa5,363,0.000485355456160144,stitched_market_reference
1773272927,24637604,0x9f8162e0cb008634a1d71b134dc4b3b9e11cd6d10ca48ecbc8990aa64aa068ce,1686,0.00048834862871689,stitched_market_reference
1773276563,24637906,0x4075dbb7278bbc19e3413e89237b76365e22347cbf1ea03dc0c0f1e296f16043,235,0.000486523270409652,stitched_market_reference
1773277595,24637992,0x83b53b9d69e0a006c6fa1a28ffeb23e63ab71c4c5f6563d584695a6e0fde77a8,2,0.00048916390098747,stitched_market_reference
1773281207,24638291,0xfb6ad23a10c6690bb2e2851b400b68f19ed5f9dcdf372e3a8e8433cc18b4d5a7,72,0.000488622762358184,stitched_market_reference
1773282071,24638363,0xc3fac7f636e5b8f0e6d803634b251c168d7a1de7d7f081ed0a4f40ee7bc35f4d,85,0.000491199439364568,stitched_market_reference
1774076447,24704249,0x919bd9f528a01e28cb31bcf5cc1c36df9f56afa83a8f14812d444765ba48eb6b,101,0.000464380853148192,stitched_market_reference
1774076615,24704263,0x7d60b9eb400a70a79b6d1161f69f99849d0a2b3db5815d28aacba4e662f41669,1083,0.000464017700571198,stitched_market_reference
1774080047,24704549,0x1ade4e0296b115cf27ff74ac71cc9c97f9ae333a2dcfb66037ec56cf5058573d,239,0.000464022271079105,stitched_market_reference
1774080047,24704549,0xda7bac8d91608b644158c5187ef5bca82200be1422cf6962527228ffebcdaba0,718,0.000464047645144713,stitched_market_reference
1774083671,24704850,0x6f7e86b5c8698b19d7fa26b58abecaceb4cf4a8c877584a17d341f2372a8e774,275,0.00046416755327409,stitched_market_reference
1774087307,24705151,0x562cdfb5ef48c8769cd390772fc4485614fe832a859501a5aa2ba499ddf61b37,318,0.000463506391836779,stitched_market_reference
1774090931,24705453,0x3019901c6415a65e4ff45a7046410742dce32b99c55a8dbd5de6d42dbed14cc6,160,0.000464330491725624,stitched_market_reference
1774094567,24705755,0x8b86a610f090203435fecc2856381f15a942de178f6169fa698c7fb9a81a9a06,204,0.000463392044967458,stitched_market_reference
1774098191,24706054,0x568b022efa381705f4218374d3e36fe99e5979cc39274b2eefb05b62953b72b3,170,0.000463728664352223,stitched_market_reference
1774101791,24706353,0xf59d7062ba525aaaba11801d1dd4b4b65acc44980ee3fd53172ed271e1dde1e5,417,0.00046392654320151,stitched_market_reference
1774102403,24706404,0x5dd71c5da1b4ce1c10ae6f19cd50be50f30fa4fd97a66928f9ccf273a81e5d7f,419,0.000461400398244099,stitched_market_reference
1774104563,24706584,0x160e77b927f018191a57397cfabe4c822873a452a28c1137949f4d9e6ca68b35,407,0.000463790665458408,stitched_market_reference
1774108187,24706885,0xbe011ac6630d8f6c988e07ed63c0e196ebb2edfe21118041e0e6caa479bffa81,438,0.000464083286881954,stitched_market_reference
1774111823,24707187,0xd9eb763d5be3f0532dcb03146dd3bf948bdc84af8ea6c257db94121334724028,72,0.000465209506428983,stitched_market_reference
1774115447,24707489,0xab7be4cec9c95b180627656b32c4307696a8788884c3a5a9ef2c1851cf310da3,202,0.000465409398090418,stitched_market_reference
1774119059,24707787,0x1043d783d93c0211b0561817bcdc1f702891ad8cedd342453fe4c99868f6bd5d,241,0.000464397948986515,stitched_market_reference
1774122683,24708087,0x01797e784ed2ad851e817561a803da524b1ce07aba6d1d719e8be1e164d9e601,51,0.000465089250417416,stitched_market_reference
1774126319,24708388,0xc72eab260bcf6bd7698147e12a277ef4c89facebd4dae7fa9a7d4941032ef6ec,424,0.000464112896130992,stitched_market_reference
1774129955,24708691,0x4559eecd7c6b1a77368ef627db9e1167323ec07944a41ae9beb114eabb1c4e64,288,0.000464090975540142,stitched_market_reference
1774133579,24708992,0xcce3bcdbc8c272cfa4054ba747d1c1ceaf9be9b53194e39a7bb6860f4d608d77,611,0.000465291152928279,stitched_market_reference
1774136855,24709264,0x4c98a4066ce67983ac8b40a76168c4fbd447ee1cc9bc1380ddbb1afca8d755e9,310,0.000467927571650457,stitched_market_reference
1774137011,24709277,0x8f458bcdb777e4cda9fba73f22f446f2148bf4104c0e3d104ca1f52761b74fd8,1516,0.000471186828248187,stitched_market_reference
1774137215,24709294,0x4c42df755fa602c1e5799583746acbcca584047032431c885d71d83b179f4194,37,0.000474190962827972,stitched_market_reference
1774137215,24709294,0x45fc3fb77285d7f874fe8d111f062c87a7801e430dc2d7a24e3e8a268735ab05,43,0.000477460161414577,stitched_market_reference
1774137443,24709313,0x40f19c33404055cb0f19b58e945f36fe93c015fdd4b6711797b742cb03ceef9b,1028,0.000480738003211322,stitched_market_reference
1774137767,24709340,0xdc0a7c8431db15c96ff8b59fa143a579cd26ed7aae05e6b359e0406ab0cc3128,711,0.000486943564201337,stitched_market_reference
1774137983,24709357,0x6363c6fb978d633021931aa291deef8ad9b6f3c98da8f4ef750223370faef9a2,500,0.000484255604034808,stitched_market_reference
1774138163,24709372,0xb312c5c74dd9d16b3076789d5f45b70dd7196ac611ac99418c845161ee638d70,311,0.000481444285361718,stitched_market_reference
1774138367,24709389,0xa5047c368fbca2b03a68677a53181d8ed5b2b7d7b8214ea5064fd12cfa39622e,126,0.000484021214599981,stitched_market_reference
1774138607,24709409,0x262101d6c1c57b61c5cae05de701c1d59085d87c42bb84db2322d3dd311d8182,206,0.000481522012700007,stitched_market_reference
1774139447,24709478,0xb15d62f3fa79537055cf31f919fe14861bbfb051f50ea6e20374356183f96c07,448,0.000478564862198385,stitched_market_reference
1774143083,24709781,0xc336c0ac598371a51dbec9176cba3c1572fc37576859d2b5460ef0b9417d9be2,409,0.000478457593183105,stitched_market_reference
1774146575,24710071,0x62abdea7a87f1046c0605987fd16283f84704e69706819f3a404c8e866b833ee,909,0.000474562690877576,stitched_market_reference
1774940471,24775959,0xba055a45ab1b278a075781649263f4ba9e9c8a2b9e1831c9d944dc889af1e9fb,424,0.000486117562915899,stitched_market_reference
1774941491,24776044,0x662401761ac6fe74d585e2b2c7586642cb7a114d7c376cca70459c1922c25505,525,0.000488982341760805,stitched_market_reference
1774943183,24776185,0x2325d52037db16f20f1ddff1c3b222c3ca8a4c283368ab5e810ca9b571854adc,168,0.000486520805819248,stitched_market_reference
1774944035,24776256,0x7124147c5eaf4aa7f4cd4d07418f1df845c279aad6e61b24fe44be79e3b2f4e9,380,0.000486520241240574,stitched_market_reference
1774944035,24776256,0xf76309d9a6acac59bd930adbce0d88d2b01bac9f29c035a08e2483a1080f397e,481,0.000486643593885756,stitched_market_reference
1774946579,24776468,0x42e455731eb2d4c8a703832de6498f4e5780d101fbd1160cd4d4a62ee922447a,358,0.000489354070677831,stitched_market_reference
1774948667,24776642,0x259d261eb725268e26b2e11578b5125597d6322b978bf56ff30d2671d1b932e1,771,0.00049222232907455,stitched_market_reference
1774951019,24776837,0xd4702275293d367e9a51e36f451d6c5c911da05a36c2f3adb45022a34875cc9c,913,0.00049545192036043,stitched_market_reference
1774954403,24777116,0x16ff42204f8f25af01fb28f367695537cdb1728d9073791b747f17ecd0207799,194,0.000492867382911688,stitched_market_reference
1774956011,24777249,0xa98c6f8e4e8e03dd35e45f46e2699e151dd51f68eaa4ddb61c20c81a2cbd8bfc,263,0.000490092293925872,stitched_market_reference
1774959647,24777551,0x6fd9661328602036a830bda5de032d3500e3d3909b0b462d2f1d963766295c65,74,0.000489162526133502,stitched_market_reference
1774960727,24777641,0x8ec65854f3998718a7baff63cf9f05bc02584a63e2e7e3e783100360f99c5947,1537,0.000486665293649866,stitched_market_reference
1774963919,24777907,0x32409c4ac9f55a9e2ea912dcf9512f9afb4ed961bd0a8b859ea66042990ce059,377,0.000484067379567157,stitched_market_reference
1774965287,24778021,0x4ef7acc3a9123569e481efd5c88a760fef33676103ddc25622980d02b672ef01,229,0.00048165179050317,stitched_market_reference
1774966763,24778142,0x67c812bd9691ef668caa71894cd41a181993ed2c7cf9fdf366955a3cc39fee0a,636,0.0004786872104146,stitched_market_reference
1774967723,24778222,0xb4375488a5d45778176e8eaa01de76729358b0665b4e6a72ebfd4aab56d05264,319,0.000481429530946355,stitched_market_reference
1774968239,24778265,0x328e69ba03d6da55fbd71ce4b098848a2af90811ceb6de6dde2c3b28870e2ffe,155,0.000483982940254357,stitched_market_reference
1774968599,24778294,0x3261b40171c4d7cc0390688881492bed6765f0ba74c21d34df1b8f4838d79847,77,0.000486549272640549,stitched_market_reference
1774968743,24778306,0x1f1747ea02b0f1e4124f1c75bb3403238d95af3ac4ba378d65f09c2b9bbce2b7,635,0.000489655668655741,stitched_market_reference
1774969583,24778376,0x35c98352d977b4f6b00c8fea220f55c9be4e4d38b73a00ec9a992b8e7695aee8,201,0.000487210165129744,stitched_market_reference
1774969667,24778383,0x5fbb16c2d0444413ace6b6eaafbf2899afe3d87a1292628b1bed833aaa6466ee,89,0.000484768274594791,stitched_market_reference
1774970087,24778418,0x970f558478b1f3352ed700eba0a0abc952c9de46d7c71f5b61e7fbc685c5954d,91,0.000482021250063708,stitched_market_reference
1774970927,24778488,0x26e2fdb0c0d9a89c4f2bd1f3dd74bae799afdfb385cb0c8f801d605596d4bc9f,1280,0.000484733058520666,stitched_market_reference
1774974539,24778787,0xf26b9674fc6987b3fb0d58ebc0171736203d618218cc06459ff124d4556b3234,35,0.000483729816337693,stitched_market_reference
1774975235,24778845,0xd12b97ddfc6c399c5125c5621ded5bd6dc19ce44cd4c83ab731c7e729d41e254,452,0.000480515230205731,stitched_market_reference
1774975307,24778851,0xed5a5563aedcd36f6d7044ff8abe327b1132bbf01115f8b46be79e9038e75a68,1283,0.000475977454268651,stitched_market_reference
1774975667,24778881,0x9f2bf9ebeef9505d4bb793c851a537b1d87a85b6feb9ac35490862b51d25c7b4,361,0.00047861141206354,stitched_market_reference
1774977143,24779003,0x83e39892592e813dc35964e802609826da00fa8ac701b5637c893e7360bee213,242,0.000475974529005034,stitched_market_reference
1774977335,24779019,0x3406ca1531132a3c15d8e60810f7795131c8c2dc8bc25fc30852921e62113a51,424,0.000472693365110439,stitched_market_reference
1774978247,24779095,0x93130529eba91ceffa5451388c59d50b5f3afe2b441224a98a44bb65eb1db1b4,180,0.000475254767895623,stitched_market_reference
1774979603,24779207,0xfa8d590777f7342b434217ef97cedda61b1aee3cc2868f9c5140745b7c99ab4a,143,0.000477879665513485,stitched_market_reference
1774980587,24779288,0xbc480a351f286620c1c297520eee8898cb86104fb1a7c6f987e333263e0a5328,1087,0.000475280703333336,stitched_market_reference
1774984199,24779588,0x1a1fb472e2c5e1a150be69f249e2469c4a2473a81accc7c92cbaf79fd0a10fcd,473,0.000476529091586106,stitched_market_reference
1774987835,24779886,0x08b650e534f932e532bd9dae756c314ca80576ecd85bf6f3ef232796eadff89e,315,0.000475771513610118,stitched_market_reference
1774991471,24780188,0x8ed03c8a11e36a6eedbb6161871b813f530ed71ecbecd24a3f1b34f183e9f15f,1375,0.000477209589852962,stitched_market_reference
1774994147,24780410,0x6d771d041808d3c94fc640be5941b736b81f920d0d959542b2f87eb18e89fec7,534,0.000474584400457259,stitched_market_reference
1774994831,24780466,0xbc9a0673d55f8026d67037e48127f546e525294bf4021dcc4c2c6b0bb7828a82,1023,0.000477054871071287,stitched_market_reference
1774998467,24780766,0x24a09e3cd09bd9db13ee165d54a0490e976e600e0d1f08b07c12ea6f5879e47f,672,0.000477285501047367,stitched_market_reference
1775001263,24780998,0xc3c80af09537d0780578af1c0be10cde991d585ca0b7a67625240b49cbf9555a,199,0.000474744635591087,stitched_market_reference
1775004899,24781301,0x60d18872070f3abc525454697169ffb0f4daf58f81ebf841641b369fdb3e56b5,1394,0.000473641280384449,stitched_market_reference
1775006567,24781440,0xf02b99ac5d6b3959106786e1014435ebce758c09391a1df1ea404ecc68c94306,388,0.000476107362386302,stitched_market_reference
1775009663,24781698,0xf592a1fc8eabbddf66c6f07c0f75c0e69cd2ee8f38d92967a23a1599a2b4e0be,166,0.000478694616912314,stitched_market_reference
1775012963,24781970,0x79471f9aad16752af5367000d863ac75b5eab1818073845dcc242e334e1c43c2,140,0.000475939302980125,stitched_market_reference
1775016599,24782270,0x90e2fd1808b06b5815c21065149a5b8371a1ac17472e9ddd9470e8d3923f9317,133,0.000475780585684411,stitched_market_reference
1775019083,24782477,0x2dab9c7e2a77d854f6f3fcc7b7cd28d2168493bcc5e97415a3cae6c004f15c8f,814,0.000473360597158769,stitched_market_reference
1775021099,24782644,0xcae5e5996fc27f16b0c9aaf0b7a2550ccadcc2ab15ff622eae1372b81e514fe5,297,0.000470946533052961,stitched_market_reference
1775023847,24782871,0xf47e0323df10334b08a24793e166d139a5a3ec88a9fa9334ccbf100a22d1a9e5,527,0.000468477635722855,stitched_market_reference
1775025227,24782986,0x6780c81244747e75cd3ba6304e84c4a2e7856948fa3f1e2f9b356a5cf4163bc9,143,0.000466082596268591,stitched_market_reference
1775026847,24783121,0x68474de3c23efc5226f0f6978059a8ccc07b1329f9bccdcf5c5b297dc4bbffca,180,0.000466148082529981,stitched_market_reference
1775028851,24783287,0x0051a842c139f7d39207c6e74f277f250912967607a1a71f7ad386c8a25d4945,45,0.000467558414032288,stitched_market_reference
1775030447,24783419,0x37854da6bdf8b46988bf67f2a222ea838b8efdafe70df4af59b1db00bbc0b274,304,0.000467575226804275,stitched_market_reference
1775030459,24783420,0x3ed244f367c8a12bf7f603a4e4fff33c242c317f5232ffb30ac391794763dcad,195,0.000469190516492054,stitched_market_reference
1775034083,24783720,0x397d260fad878ff0ca580307f12ce80d660082e0473735029e290fc14a7d935c,200,0.00046833419620474,stitched_market_reference
1775037719,24784021,0x93dd8f5a41bccaab9db191fc977f2b00aee57a40e1fa64a17b2627bbb4e1807d,302,0.000468146578071648,stitched_market_reference
1775041343,24784319,0xd72a286668aa3b16a55826cf0900901a2deeb9c8654e5c7cb82b6808a4a30bbe,208,0.000469048451120093,stitched_market_reference
1775044967,24784619,0x4519e2b4cb2f48542a831181cb01da658f5ba3a2e839ad82c5486b4e3904b1c6,109,0.000469004907913455,stitched_market_reference
1775048591,24784920,0x7adfa5577ec5be8fd8cb7a33f8066267c3ce8bd01cee1b569f5feb0745e3b26a,500,0.000470329756639932,stitched_market_reference
1775048879,24784944,0x41d07e40d03ea2bd1354700fdac24c5b21eb45df87375da20e40225171a4c677,352,0.000472814788892251,stitched_market_reference
1775049107,24784963,0x998c3fe356cb7389348bef7c3553cac5d5fa7bcdd5474188358fcbb3f48873c5,452,0.000470224780485373,stitched_market_reference
1775051003,24785120,0xf22c4088bfbf0e68f1809faeca2a769d8500b7ac5e16bbfeda1496a05d1a7887,840,0.000472972822303154,stitched_market_reference
1775053379,24785317,0xba2cf34029810772aed660ab41522784417af92827f781a66cdce2f0d83de92b,301,0.000470204575203568,stitched_market_reference
1775054279,24785392,0x674ffa4780c98e84ea66753fdd0c064c0207c2645a4009b6c09c35950937e637,200,0.00047260950769079,stitched_market_reference
1775055023,24785454,0x7ffa813c008525ddc768abc698df06ad1bbfa835d2ff1e949fa131e61bd08272,222,0.000470154807677958,stitched_market_reference
1775058659,24785755,0x27f8c6ed4d775c1df53ac6e6e3c6e7c7ffe27230ceb224ecbf3e252fb3c87c70,154,0.00046882286383934,stitched_market_reference
1775061431,24785986,0xd013cc50ced15ce44043ee32080397232651a9c5101beb9d7abf56087a98f368,38,0.000466342917974423,stitched_market_reference
1775063051,24786121,0x1d382b1c711782156bc085712bb434797e1c2b8b5ea24cd6bc296278aa512595,662,0.000463136286054994,stitched_market_reference
1775064095,24786207,0x7eb4e362e7e3f5ddb91157bb870758b5a3ab9a0d66f1eb60b7b8a9891b573205,222,0.000465608444811957,stitched_market_reference
1775064959,24786279,0xa01f5e432b9709119e70434f4a1d5067cc41ce7989de8b831229dfbb5da6f2ee,506,0.000468380309006924,stitched_market_reference
1775068595,24786582,0xe7f34b912ab009f022480fe11c0de77d55270cf0928aa6dec9466f9cfaa47f59,112,0.000470008305375316,stitched_market_reference
1775071847,24786853,0x3f0613fc2122754082db21f3cc7f14ec42b47f9d51ef3a2abd651f8f313991e1,428,0.000467530484554305,stitched_market_reference
1775075471,24787153,0xb417a16627eb25b219aafd3fc03c4c79d1287d948a1e014cafb2c37843514408,172,0.000468689902820684,stitched_market_reference
1775076731,24787258,0x52703039ebc212a7fb4f510d6a0560df72ec37837e6fe8f2b53062811b88fdca,391,0.000466342961478479,stitched_market_reference
1775077835,24787349,0xdb735ee5772e89bbea9ec822b25a41c85c958091157b3cdae4e39d94dd928d4a,624,0.000463917737592623,stitched_market_reference
1775081459,24787650,0xf4b7ccca162f819a1bdfccc5dec18c21c259437afd0355a35fc6be009cd3bfcb,196,0.00046481781918603,stitched_market_reference
1775083871,24787850,0xeb4ad1743e61057ebdc310c5f5ecd451f775910984f4a9cad2dbc70bfa3ea2be,358,0.000467206400884957,stitched_market_reference
1775087495,24788150,0xf271bbb8ada7815af283639d2d15f9791c5e00f8383e5e08bce92838d239ee29,391,0.000467183348872169,stitched_market_reference
1775090471,24788398,0x13392ca3815576cba2957d588e07dbe6b9e7dc13cc2c058b4c8a3c9615816b44,565,0.000464501426799258,stitched_market_reference
1775091851,24788511,0x25398e607242fe8cd0702bbfd039e7edce379bf95b3da008b9a4a07d615cf83d,1369,0.00046799224846116,stitched_market_reference
1775091971,24788521,0xc3c274fe2cc23cc45c42f4849eaad3b2224724132f048e062e7b8a332cd4f72e,71,0.000471038765845797,stitched_market_reference
1775890847,24854864,0xf95ddb2029edddc863f4530f0fa4613186138468566a94df004a594d21a0a376,504,0.000447768146055088,stitched_market_reference
1775891819,24854945,0xe54360f3ddf9536984bce2a161c20390f9d440c8f52d2649aaebbeb37ae1701d,319,0.000447339656584864,stitched_market_reference
1775894423,24855161,0x5814330a90b5bf90f3ca039b4f53de3e05a0bc99f871b79eb9cfac973476193b,345,0.000447625828170325,stitched_market_reference
1775894447,24855163,0x31c33e50dd899e54ffae2846e05361175d296ea73f640c367df881fde402c0b9,468,0.000447588882820613,stitched_market_reference
1775898059,24855463,0x2c56c42c3e2cd0a840b6a3ce33df9c8798c62dbd91eda258966b566df1f627a7,471,0.000447705372702592,stitched_market_reference
1775899091,24855549,0x162ea7ecf8e7b87f236c933149f8c6d7a04e578f042f5f922ddb9ae6d3e9b0df,1038,0.000445203241647146,stitched_market_reference
1775902703,24855850,0xff3e82645611345043e44136655689e0452532c494c66de53441fdc241268d02,525,0.000446239668242269,stitched_market_reference
1775906315,24856150,0xd69f68a3cded58be80e61c4d871ba632a30cf35b36e94ada52a56cb91ab31214,274,0.000446363994473106,stitched_market_reference
1775909939,24856450,0xe7d8ee2239ee33139d45256904a590097d0c73200be2034108be5b222666d0f2,327,0.000445386932035752,stitched_market_reference
1775913575,24856751,0x97891ae6357b706d7c96ec802a1233d6c370b00e16e4039864a10d9d82a771fa,722,0.000446422462094336,stitched_market_reference
1775917199,24857052,0x1daf2fbcf584dc2cc20a8d354f6ed721f7269430a384fac3b876433e2f4421bb,2212,0.000445619716058388,stitched_market_reference
1775920811,24857353,0xb31017104cd4be82484ca9ba4b7b54864b13dc18f546a2815abf8e7457945f19,461,0.000444253757870088,stitched_market_reference
1775924483,24857659,0x7508da4ff54d152a59027a1d31ef1e54674d98859e9beaad0dfb31a862076142,24,0.000444475696519162,stitched_market_reference
1775925731,24857762,0xe2c50062c8f9673f8524a71c50264ab6649a29a8ef329d884380b86918f14508,1300,0.000439851426613064,stitched_market_reference
1775925791,24857767,0xda684bee859c158a99e6cfc1d8bec974a1bfce4dc54b30d47531d7b072bca30a,278,0.000442067941406813,stitched_market_reference
1775929415,24858068,0x0be4793ba6f17b2ff784db32d70dc02f03a5099ba4dc2adf804ced6597f2098c,170,0.000441999213015004,stitched_market_reference
1775932379,24858314,0x8d4a8ec059069bd8804689a27d0fcafbb12be06677a8074868762309afaf06ba,172,0.000439029262632594,stitched_market_reference
1775932655,24858337,0x50d4d24b0000a4a2dbd4fcf705f6c6f15b1f53d67ad0d7f53b75bec1b5594f45,532,0.000436076614116526,stitched_market_reference
1775933351,24858393,0x1e89f68731640653cc0b2dd5e202141702905270d8643dc382ea11ba500005dd,427,0.000433702875430523,stitched_market_reference
1775934383,24858479,0x573136371a9681172bda9ae6f2d91855e6045df3715d6f991372ab889bc358ff,967,0.000431152199223803,stitched_market_reference
1775938007,24858780,0x9a442345e282f9e035f14700c175e02a58c542183cd0429e79de9b1d804db573,910,0.000433019861126768,stitched_market_reference
1775939567,24858910,0xf35903a028aebcba80ffac4a906eaf716948d33994ddfd3750d581fa472ff64a,611,0.000435667377773695,stitched_market_reference
1775943191,24859211,0x8a584ceec68f29bec0f644e1b31ef7fface13786208d9f8479f432115629c5bd,699,0.000435033502853093,stitched_market_reference
1775946827,24859511,0xc0e3289e41fea535b4c1f8f0c47c178083b6777cca154c2fb0c3ac2d831c6cc7,82,0.000434379640611013,stitched_market_reference
1775948723,24859669,0x50c06ad4fd9db71ce242ef556cbcd3b7f895c70d500ac8725eface6fe881a7b9,519,0.00043724347789809,stitched_market_reference
1775952347,24859970,0x0e18943806d720306cd5f9639b420a57f8b42a52a602080d04d4eeed2c9b9b5d,445,0.000437931093053973,stitched_market_reference
1775956007,24860274,0xa4a992fa60a117788995518b71d78920dfe5ac3d7ecf6ec0185b186ba1505b3f,864,0.000437469547160167,stitched_market_reference
1775957699,24860414,0x2753ad079e8e961413722751acd5ac84ad40b4b27c8c45775845719dd2f097af,1560,0.000440323749889516,stitched_market_reference
1775957831,24860425,0x0ae49647957807d7e5f807de5c9b2d56793af0e5a70871fce3486e0da6fcc2be,360,0.000442615644818276,stitched_market_reference
1775957999,24860439,0x1e478a7a84667a651a96c01cb79a4b740590c30f1a62931f793df7a26dcada67,314,0.000444961942958787,stitched_market_reference
1775958239,24860459,0x8250e333b45a8a593b68359335b8ac4971391fdb676278d1d3507dc3be6d42f9,367,0.000447360568191923,stitched_market_reference
1775958347,24860468,0x624a1574315be8cece3c84cc134aeb501fe39a46bb8b6cb857e3308214882279,1090,0.000450304352076065,stitched_market_reference
1776668447,24919474,0xfd9b3a3ca6617406af2e734df2e121b2c1287bcf1fc38c9c98782728fbc5287a,522,0.000437631325462256,stitched_market_reference
1776669671,24919576,0x92cd99dfb4fe67f4bcf6a0cdfc33b461f20e25f7ea1b6ea06f1bab5919ddbf78,1057,0.000435453179861251,stitched_market_reference
1776669731,24919581,0x67b2b0f3a9519bb3d3501e95ba25893e62e79ef425bd4aa8817f8f3bde6b44c4,295,0.000433246550556833,stitched_market_reference
1776669851,24919591,0xcd6e8313afd6dead8b64681bc5272e737de6007cc6eec793ceeb8962db83b16e,990,0.000430115715914773,stitched_market_reference
1776670175,24919618,0x9cf843e936e69ab906ea6aa378d199bd9b84e2ad2472d676562ee5b9cee1535a,459,0.000432347200884407,stitched_market_reference
1776670715,24919663,0x622bd14746d5b9d4207e2da29002f5e79cbaa8887bef2fd9386ff7c8584b9aa4,407,0.000434772439883463,stitched_market_reference
1776672023,24919772,0xb51c2ce8513480b811706e1f6f973c3253e7fce350de54bc7be90660cef1b7fd,318,0.000434717571857198,stitched_market_reference
1776672047,24919774,0x1ece26b379bfbf39090f565d1f18f07a87edfc331739111ab701bf78668bedf9,89,0.000434972915352317,stitched_market_reference
1776675671,24920076,0x47d3e788da37c1debb8925d8f25e2c31f0cf827ce06e3de10d32c96056cfab04,815,0.000435503680903928,stitched_market_reference
1776677831,24920256,0xe4f251ce9a3e0750f01c095752374802424a99d3013498a45de9d604b460b272,534,0.000433265002752003,stitched_market_reference
1776680231,24920455,0x7a2af943e5651ba23efd578844d96424befc51605bd177b9c52473b8e86fe4f0,372,0.000431053682637358,stitched_market_reference
1776682607,24920652,0xf28bfd2d6bad89f08d9c6627b9154ec8ac5eeefe6889912da09e62417dd2df0d,513,0.000433415478168495,stitched_market_reference
1776686219,24920953,0xb735c1a564ae36ec10e6fced68f30fdfe497c3466f53658687f857f9ca7f8ee8,359,0.000432794827623004,stitched_market_reference
1776689831,24921254,0x899bda2aa5bbed2043f8fc3361b22ce6718e85a641667eda89c07e4d62a953bd,345,0.000431424469638214,stitched_market_reference
1776693071,24921521,0x0a6530e55451492950231581e54c0949cf6ace51f0f5a1e74476f7daecb8d449,258,0.000433702624836898,stitched_market_reference
1776694991,24921681,0xb50e6ffcdb3b8fea07922c02463b82d1f3f61651e9953e03cf2f9ee730927cbd,388,0.000431251706698299,stitched_market_reference
1776696047,24921769,0x6a7005cb6be4d0d8909999365fd2b1a648f9de4267e80048e87d7d811911d6e2,572,0.0004334928701454,stitched_market_reference
1776696707,24921824,0x8ad24fc27b50c8432c3baef0c3379f025acfe68be029b50e46e64687d1e03456,429,0.000435736950381812,stitched_market_reference
1776697499,24921890,0x3b72933c554d5fbbad5dc94349268aa8f73c83bbc197483065c3a37e25a405d5,576,0.000438230913894555,stitched_market_reference
1776697919,24921925,0x5a1e7b03b07c8cba2b59ea0df740085bb8636625c3194d2a5f719c60b971ec35,164,0.000435752144501011,stitched_market_reference
1776698519,24921975,0xfb048ab5b8dc46bcfcc465efdb5c1320c3ba661120d4c22c5ef2515df1ab28a9,373,0.000433064180759634,stitched_market_reference
1776702155,24922277,0xfe5a28dce92b168975ebd886d477bb10d5d22775bf260cf3e068fb2952236e97,320,0.000433951709613347,stitched_market_reference
1776705167,24922528,0xaec61e77db9be5516e93a186c30e46fe026713470ee710f83c349aa3682609df,656,0.000431661758737122,stitched_market_reference
1776708227,24922783,0xfde50d9a903dc5f1dcf895eda57ceae6df0322a152f03b4999fb23b18a7ff9b2,136,0.000429196942434159,stitched_market_reference
1776710627,24922983,0x0cd39744101beaf3762abcea93490198d962234a175f23fef112396d2fbe909d,67,0.000426930567038299,stitched_market_reference
1776713027,24923183,0xa46677d8a973dc9411a88f46bbcd4eed43eb95410ad4491b611500963c89fa69,173,0.000429216980752729,stitched_market_reference
1776716651,24923483,0x0e10adce060006b065aefe27f5b84777bb0f793dea17e4ea2f244de763c9577f,286,0.000427925797533157,stitched_market_reference
1776719543,24923724,0xf156f8395b581cedc3759b1a5f1fd34cfffed6c65022ba943e508dde97c6df53,483,0.000430345935777747,stitched_market_reference
1776723215,24924029,0xee48454b551dd813bc0557d37d727576a87cc639c504291972b2ebaf494be955,42,0.000429968011742446,stitched_market_reference
1776726335,24924289,0xb48245f77e9bed835545ae151b4c1e87736887d1f9a72bfa461cd46be3d44051,91,0.000432386570721528,stitched_market_reference
1776729947,24924589,0xdee8591fa872fd9cbbb9c8ef2a1409a04852fd60bd4a071ab65f3d90cbf53978,409,0.000431712908583889,stitched_market_reference
1776733547,24924888,0xf3a1e5ef23725787c62ca85914c3d2717ad7f295b8e25b53ecf9b1d0db23710e,480,0.000430571470225503,stitched_market_reference
1776737159,24925189,0x5f66ad7d46a7c106ac61ad91c5b28af3aed52608bf822c9788e8d55eeca26456,150,0.000432302004280988,stitched_market_reference
1777532459,24991291,0x04f3a5c475eb28a0b48919283e72e2f14b9fe457fd4fd3015dcdb8bdf31443ae,244,0.000444785649210543,stitched_market_reference
1777534451,24991456,0x2838d2532e634d2924fe982104421ea68e66aa563cc89c27a6a27d2df125a8c5,385,0.000443479848475439,stitched_market_reference
1777536023,24991587,0x9b00f490734d5c81aebf9559a36ab82e654996515e3ce553a6ba8a3d0df61451,220,0.000443453305062943,stitched_market_reference
1777536047,24991589,0x6e0102a04cbe82dd401a6cc96f6ae3c87a3222d15d270787435a0308f707c41a,307,0.000442561422427164,stitched_market_reference
1777539683,24991892,0xc78de9bf10fbb6994fbbe6e47c814e6ad5c0d7082f4a53861bcbdd6f6977eeac,315,0.000443157584343118,stitched_market_reference
1777541507,24992044,0x448aa297f5dad0353c4cb675c1757e61527a7d65ad3be796fc9528c0b413d3a7,398,0.000440521716444113,stitched_market_reference
1777544723,24992312,0x9dd087ea23405eebfa40410e2959f95a0a4b4347e7b15ec42bd52a90947e03f7,288,0.000442756103934064,stitched_market_reference
1777547567,24992548,0x97b23fec43b0626979b201995b8f529248b955d728fb24aa002e0a5ac8ffee6a,423,0.00044009656389412,stitched_market_reference
1777549307,24992693,0x720ddf04770409d886ea71d23f48aad975eecb4fab51333029d6a2e94e4f1bdf,389,0.000442433816190335,stitched_market_reference
1777552943,24992992,0xdba0490c75bd196aa4aaa519efd75e1541009ee322b79e780e46d1dbae38c692,377,0.000441321496837077,stitched_market_reference
1777555847,24993234,0x16f182e762acff3827f69456c0baa8d9a74695315800cac5762e634b00836ef9,907,0.000443543807343519,stitched_market_reference
1777556447,24993284,0x8c05f7a077aeef54a36ff61d25f9f52b311bd8fd15e33d772b0f6478bbff2d9d,233,0.000441140979029731,stitched_market_reference
1777558643,24993467,0xbbcd9c241dda94e7b755b382b4bc6a3031f0b0d1868f4356a8a5117d766c4199,176,0.000444836282956865,stitched_market_reference
1777559519,24993540,0xec665b25b473947d6220d01b6cf97480ad1e26adcf3439988b8888b0c81847d0,401,0.000441196341605058,stitched_market_reference
1777559879,24993570,0x73b2b4f01ccf4f01d7cf9fac7a864881713cb823b661658e4213008d9c584509,320,0.000443420124428446,stitched_market_reference
1777560743,24993642,0x565dcfb1f287a6258b920726ecd4b702cfd634d53d767ccf9e581cfe3180346a,267,0.000440999137573717,stitched_market_reference
1777564379,24993945,0x04e5cfd16909e3046128aba1b573d9c90d5fcec407e11bb3cd52dd927fe10afd,93,0.000441448233114943,stitched_market_reference
1777568003,24994245,0xa1235191555e853acb0de66cfd0b348c8d9b7ff1c716e7724e75681cfafb0df1,86,0.000442799528574343,stitched_market_reference
1777571603,24994542,0xfbd13329483d0e9e36f8f3d6300bcddec3f7aa6fc93b11b55934e213aa52669c,265,0.000443284798246074,stitched_market_reference
1777575215,24994839,0xc8178bb745685876be92ec9d5c4cf954d7c466ab2298715dd394a7092e4850b7,246,0.000441859119934605,stitched_market_reference
1777578851,24995139,0xf714f9804680b21142da7c10e314f446e48581f29d285648127cc4c7c289da2a,182,0.000442020855404698,stitched_market_reference
1777582475,24995441,0x6354609496c617dcdebe0d186eb157f34d4bf717d4a86fbeddd1022861c4a5e4,44,0.000441611746436682,stitched_market_reference
1777586099,24995743,0x698f787b077f6c0b7e477db1cac2a3231bcd8e32495c95ee634fdf113e7a05f3,342,0.000443471656103093,stitched_market_reference
1777589711,24996043,0xa8205f0b0db31624bcf90327f47ad07628878ce77044090821a5109707dc55a3,1164,0.000443614165131502,stitched_market_reference
1777593335,24996345,0x3ff4a09ab92072d1da1e4d5af167af25fd8fcb8097eb8b93f9acb08724228f7e,248,0.00044300028705309,stitched_market_reference
1777596971,24996646,0x2eda3134dd296b6f96fbf10844a0ef35e9cac8ea4203fcb2376aa94dfd5ad8a7,84,0.000442394492595497,stitched_market_reference
1777600595,24996946,0xcaf15a1006a155f4cd1d5b0339b602b758d3140c851713e47ffa02062ab4fb0f,265,0.000440755537291089,stitched_market_reference
1777604231,24997248,0x5e867622458887b03a8b53ee40ade745f134d107afe3b05913da5a3542b3ca55,483,0.000441452238460424,stitched_market_reference
1777605671,24997366,0xba000ad2acbf0ab99e3e24d7cc1b9ce38850412f56d287ae45c22ef84d00a1a9,507,0.00043906854997428,stitched_market_reference
1777605707,24997369,0x41da2ebe242d0676af22dec509106d639c1cc843dde6ea4adc90aa70abcfa96a,232,0.000436690302214954,stitched_market_reference
1777609331,24997670,0x713c61d140e7ba87e13745e69397b3a0736e8be6d88ef5d6559c6fb41274e148,61,0.00043803656020241,stitched_market_reference
1777612967,24997973,0xcf36acb54b713feb3c5b779ad462dcb8c42b816e97d07d556b1bbf2a2994fa94,330,0.000437866203996407,stitched_market_reference
1777616603,24998274,0x8c00a48e0683a6e3a06837f776f1c991d989f0f3f2951e71210b1011eb3722ce,272,0.000437694395593385,stitched_market_reference
1777618307,24998416,0x92e024a0cef0e52b1dc4aba940129a9254b0a5b8bd18548275e1aa2b92c7ca23,463,0.000440072367436414,stitched_market_reference
1777618835,24998460,0x746d415f9ab2673d6720becb15aa3243d7abcdc11fa34b69f72e8f1c628907e9,750,0.000440053386391048,stitched_market_reference
1777621943,24998719,0xf4eff367e1c9bafdf803a54825dfc9a162f5d6872cc868458225a7ce879c4f1e,418,0.000438509755369786,stitched_market_reference
1777622423,24998759,0xf032063e5707bc27f53564cea5bf1b483d3405ec60cc3e39f06c84c456ca3edc,623,0.000438647582513387,stitched_market_reference
1777622435,24998760,0x682662a0f165213acfa249ea6ab8187284ce4399b9b5a7888056a56b9e144623,334,0.000438684054320498,stitched_market_reference
1777626047,24999060,0x8ad98fd4c2d28b65a2640428a80df26ff831e74c1b176c993a956f5d4a0317b5,245,0.000437253384384731,stitched_market_reference
1777629683,24999363,0x192058a2ea5dc7a8298052c5f40e040ac46ebd58873a30e67222e6c3ad382896,170,0.000438253000186212,stitched_market_reference
1777633319,24999664,0x51194333fb121d1848a34fdb7f5cf384f376573a3c0f81a548dd3f91f5356bf8,453,0.000438079456416679,stitched_market_reference
1777636943,24999965,0xad726214ec9424d0a45a0a5aca60b775aa3386a49e92a39989fdbef47c6bd2f7,257,0.000437387618345032,stitched_market_reference
1777638119,25000063,0x88c3f1b83bec8f6da12bef02a14d99deed6012a4601c717c2797355be700780b,382,0.00043510832343333,stitched_market_reference
1777639043,25000139,0x8a138d6fce0ab9f0e8fa5524389190d22e7a0d086cb3371743800f9eca9c9841,283,0.000432804496861969,stitched_market_reference
1777642679,25000442,0xed4a6e62e1481e1942a7e1d0c457e65b0a065bbbe5c5acfe6ab59e793f2fc695,803,0.000431999652119832,stitched_market_reference
1777646303,25000743,0x771f64457337f1006693bdbddfacc0b15eb0387145e4166224a5158fecbd0e9a,295,0.00043426366224913,stitched_market_reference
1777649879,25001039,0xc73d405c291ee3ce40a5110a64df8cb65dfb8c8cf5b2cb7f787aaa5444b4f159,402,0.000431932597137904,stitched_market_reference
1777650659,25001104,0x604d75c51016dc9ea471cc9a1a394cb67202b7b756f53e55337b6ef71d5bf2b3,268,0.000434169156475819,stitched_market_reference
1777654295,25001406,0x94afb86af6524048ae29321743bdcc5e77458fe3fbc38afce82850fb90733e0d,307,0.000434608026179159,stitched_market_reference
1777657919,25001708,0xd2134b023c7e826ee0b97eaacd84bfc9af7ebe7fae58df16a3d84c12344a7c47,194,0.000433450102751307,stitched_market_reference
1777661531,25002009,0xa09c5ea3d65942377342fdc477ebb58edc3aa25999904030fbb6e3e56e2aaba1,460,0.000433574061862068,stitched_market_reference
1777665155,25002310,0x3b40306466d8d03b1da439756843578a53a5cdd8d64f8255353409ddfd0ba662,351,0.000433578623264598,stitched_market_reference
1777668095,25002554,0x7568ad922ef6227a9ea443c9de86866df2ad55b357f3847a03e21c9383e3568a,409,0.0004360559672622,stitched_market_reference
1777668815,25002614,0xd245d8802b65c1397da4a09fe85c42ba304ff76f635c449298cd529be970b410,515,0.000438557165918023,stitched_market_reference
1777670927,25002790,0x04f060b0e800fd700ca27afbe736e88f1f2b22f063d96be7322f26630f498b41,417,0.000436340703368452,stitched_market_reference
1777674551,25003092,0xbce8ee62f93c2287b89ffa55d68db8b1270093e596f70af743022a33f878de8d,386,0.000435088718653678,stitched_market_reference
1777678187,25003395,0xa940af745815e56dbeea04b73794a84a50f2905face89218ab5cbbe4c60e8de1,435,0.00043663690054141,stitched_market_reference
1777681811,25003696,0x0c86bb85649c5a9235d7d02f81e4d000129459f00fa9f575cc18ffd551e017cf,618,0.000435519251598243,stitched_market_reference
1778482871,25070234,0x6a7f06ce15f9a8b87fcd9b9733bafa28e21e0d79f8401f428fc669bcf5aa5c7d,793,0.000427795130717555,stitched_market_reference
1778483843,25070315,0x1b501583f69a2c64590fec2d99ddaade968404f8fbd3a8d53b2335255714832b,229,0.000429360382722517,stitched_market_reference
1778486447,25070531,0xdfdbfbb3a5dd7249b3a38f1c3cccb3560c17164666fa93f4f8d4e851139e8f5d,211,0.000429132849143071,stitched_market_reference
1778486447,25070531,0x89ebb0609cd334ff7850381cb358dcad993f8158bf3c2a65171c064be7f474dc,435,0.000429124187509848,stitched_market_reference
1778490083,25070832,0x4c18a1095e15b31aa6fe8f69b6c978c6f350e8f64ecbdf44a2a339ffb7dd8745,184,0.000429040334381852,stitched_market_reference
1778493719,25071135,0x359818bb8ecf9d8d995dd76c5e8a42a8cbf1a25d0dea929cb23f7e5b790a99a0,14,0.000427963363559094,stitched_market_reference
1778497343,25071437,0x35305aafdd0b06bd5715ba4daa5994b830e8e7de5d7967f3a73a2e2be8a00b89,592,0.000429052780994474,stitched_market_reference
1778500979,25071738,0x0dc454dad829a886cbd54d2da40972c6c60ab0f969e856e4ac9bfa85f237faf8,286,0.00042807718047384,stitched_market_reference
1778504591,25072037,0x97b58c43a77b4f31b33265fec19e5b225353d716b0502ea3fc213c4436b1bcfa,494,0.000429084559956404,stitched_market_reference
1778506607,25072204,0x2279475ce1fb8b332665f51ce74a0631d929db78c5227371e7ffb149dce56908,847,0.000431389536426546,stitched_market_reference
1778510111,25072493,0x0a03a9a7dcd34d35cf41485299eaf860744d9b01fd859a6a7ed8c8d3a5491361,34,0.000433588116958188,stitched_market_reference
1778512331,25072677,0x91a22906b0654031da90d66aca8bbe87ab0f5674229985f264165a2431bb8793,326,0.000431188626189264,stitched_market_reference
1778513255,25072753,0x9d0ec125cfdbfe91a08dd8ed683eb1d64fd3760d9e39f5d8cf3fed56669e79e4,449,0.000428802022892131,stitched_market_reference
1778516891,25073055,0x5303c0426bb50d76e073935b3132db91605d0ef0c7abc9424b606b75e07b66ae,694,0.000427418548757107,stitched_market_reference
1778518871,25073220,0x9def7c00a34c8cf024925b2869382e86a031b46780989cce0fbf51ac43fef13c,504,0.000429699505471878,stitched_market_reference
1778521475,25073436,0x573a1e552430a366f353b3130df6285def71c9eb9af9b6a0c5dde6261414aa5a,360,0.000427528957952948,stitched_market_reference
1778525087,25073737,0xfa9ba9d9bebd3c1895127cff42609dd70676aa1b99f5e2698d36e9b7eee85cf1,248,0.000427321717208388,stitched_market_reference
1778528711,25074038,0x719b90698bf2db16e7ba6e33b90e37166121d145822f4269c87a6fb6fa7346ec,222,0.000427053435501088,stitched_market_reference
1778532347,25074338,0xa6dd2a622fa00e89367f0f20ffc701c614fc5e4d1f8bf486bba777fb14cb1f3e,618,0.00042780338966019,stitched_market_reference
1778535971,25074639,0xa430a98c0898941144b6cdbcfada13fe76916daf26675b788a60f9521495ab8b,509,0.000427386198114471,stitched_market_reference
1778539583,25074938,0x1e46d8954f22e7aa62e19934ad44bf469c09c1069083bc69c24e5c6055e0fbac,166,0.000427229640609633,stitched_market_reference
1778543207,25075240,0x64c07a6bec6df076d693e722c0bd89ac296b88859092aaecbdf29b80032b58ca,664,0.000427098863442549,stitched_market_reference
1778546843,25075542,0x142b307e0365a9180d771ec01f62c7651cdb1c31124b0bd9be50e2a964ca8740,7,0.000428552563301426,stitched_market_reference
1778548907,25075713,0xb2b8b588a8cc99b94e279b1438d5948822c4fc7f5e8478bfca0b444078f29061,308,0.000430815161138809,stitched_market_reference
1778549975,25075801,0x579c727e6c4623ecbdad1d9001393e46257882d48cfbb96ffdec099ed10149ec,995,0.000433238355238355,stitched_market_reference
1779346847,25141985,0x362031eed79e246593727ecb0a9d2f954640fbda7258d8e808a6de7b7bd2ab90,187,0.000468654464474085,stitched_market_reference
1779348527,25142125,0xa888b45191eeb6bd0cf29b3fce9dcd5f59abbfb5b3eb9aa334cdcf34c8c7531b,51,0.00046985638207532,stitched_market_reference
1779350423,25142283,0x9cc4f664a9c00a600e1bfaa67ecc5086bec7a1b1fb6f0d53ee0a5b36eee7d300,354,0.000468634751911699,stitched_market_reference
1779350423,25142283,0xe1b287da030ec1c066496b16fcae8c2c44594695e4bbd353039fc5910e1d54c4,515,0.000468649918061535,stitched_market_reference
1779351287,25142355,0xe3aea4e5f9d0de88df4b7a36ae88ce0b8155d5d4e290f8e342b478bdd25bf511,147,0.000466195021904326,stitched_market_reference
1779354923,25142658,0x93caebe3890878d9b9614f9be0ce401192ddd72147e203d5f8472b7c2d83ad82,189,0.000467978384040591,stitched_market_reference
1779357863,25142903,0x2ae24a3954c9cd58f96ac730e98fb1bb460adffcbf0b80fa6c87d1c8483b1e72,463,0.000470382237598115,stitched_market_reference
1779359243,25143018,0x4dbf25086e94d5cc388abfccecfbd1c331501688945840429c13be30d2ad4abb,852,0.000473573309722668,stitched_market_reference
1779362843,25143317,0x38c895a7a9c50cc6ba2e0238e989bba52330de75ef558d30a1dfa4376ad31b23,722,0.00047276346430328,stitched_market_reference
1779366455,25143618,0x200668d377a1b0aa89fac19ceafd57997d993a8b2d348653ffacbae76aaef653,575,0.000473469311635634,stitched_market_reference
1779370067,25143919,0x50fc9fd7e5e6a1f2828c1972a085ee380983c4551b34ec64ae92209707c0236c,440,0.000472616519296337,stitched_market_reference
1779371111,25144006,0x5be60050909c7c1b4fe6511cf0adf70a2562405c822c19abb8fcd37e58e2b975,352,0.000475070876956197,stitched_market_reference
1779371567,25144043,0xfce2b5c2cb3ffc24ce2fa6ead013df01a47e9d22a9a2e47b8fd9da4ef5cd15e5,436,0.00047254518225733,stitched_market_reference
1779375191,25144345,0xf8a32cf294ff651b81c5ea8b1b99156b8740e5e1204ca882b3349acc9dbcc07b,497,0.000472357945248547,stitched_market_reference
1779376451,25144449,0xc8fef72a5152f587059e00bf03f9d10d3a10622abd6a8bed74b3397aa5ffd835,669,0.000469279885425445,stitched_market_reference
1779380075,25144751,0x4ea0b0f13f101209376b7b88cfcc5c38b82079c34859d33460b8fb7bcc4b27b7,320,0.000469149831647861,stitched_market_reference
1779383687,25145052,0xaaed8d927da45b006987b8efa9a672e200dfe4f721c597d2e99f14cbcf60a538,238,0.000468820193550051,stitched_market_reference
1779384143,25145090,0x9b7fa612fc6e6963777a3adec84fd78a60f00f234f8ac970e617ca79b5ea0bd9,656,0.000466362906461394,stitched_market_reference
1779387827,25145394,0x8580c41d4646a822619eb94ee3fc3e83023526c1271774b313369bd75c92dbf0,457,0.000467087645980972,stitched_market_reference
1779389483,25145532,0xca58d9537839484b5a7445483850bb3d2a0f2fdd6dfe1db72a50611e3bdcc918,314,0.000469611487469366,stitched_market_reference
1779393119,25145835,0x379eceba5af120706e1b0bf15dc990728cea92acac5caf3214712965265d8c4e,917,0.000467367069381396,stitched_market_reference
1779396743,25146135,0x07169e5f89590321f1f29de51aef9eb52382261df4f0430ab700cdedab1d2d5e,763,0.000467899927748767,stitched_market_reference
1779400355,25146436,0x9d00e22a3c1ffb23bc27e266afce49e289411044552459a6531006764510a422,259,0.000468316135409639,stitched_market_reference
1779403991,25146737,0xd6afca4963b9548a2d5c895d90470494c6d914e5d000bdbc6ed04b91debca880,365,0.000469402470863346,stitched_market_reference
1779407627,25147040,0xce3ed9625b717c501a342ce84a14fac1f46880f91a1867cf67cbb8a7d5cc2aa9,1673,0.000468433188843882,stitched_market_reference
1779411263,25147343,0x06ba74d568f5ed59a479de4e8c2d4432e9c4e0cf5d6f337fa70632c297fabe9a,674,0.000469626736694191,stitched_market_reference
1779414875,25147642,0x97aee3cdc4bdf6c557c9e3c607726e850a84704143d8b59579bd21cf6e1b7b1c,298,0.000468711383371781,stitched_market_reference
1780210859,25213724,0xf670b7c855561e424e9061515a227a726f53c32fa90fccc7d32766ee4b1debee,885,0.000493361222160525,stitched_market_reference
1780211423,25213771,0x2810487492d2fce1fda60dd844cc115b37d8ce5529b16e336efeab2b30ad814b,215,0.000493600237989566,stitched_market_reference
1780214435,25214019,0x8b94a686a5e318534f91ccda27bf905e0110b200e783f8e9f357c237b3cd3cfd,204,0.000494485867293587,stitched_market_reference
1780214435,25214019,0x9820bafcce3d27f5a24ab8b85ee1953a95aa612b8518792b70e66bc8fe28ed75,447,0.000494486386717516,stitched_market_reference
1780218059,25214318,0x6c2a4b6f6e8501bcb79874697f037a8fc8438e8c97db66f7f2fc1611563e06cc,260,0.000493658573926098,stitched_market_reference
1780221671,25214616,0x16387da00cda5ee39ca534ebd02e2f372979df80109562657f55cd871fff79fa,182,0.000495385816235504,stitched_market_reference
1780225307,25214919,0x2058fffb14e0ae04ff39d38ba1c09bf2bc44f4faa5f2225cecc31ec48e121eb3,168,0.000495106095277719,stitched_market_reference
1780228931,25215220,0x319f214ffd75798ef93eef6558426f729435cbd3afe1ac64f661ad0a109c647e,576,0.000494851202887471,stitched_market_reference
1780232543,25215521,0xd846a6fc5e3f2229cbcb1b4402a9d03e063b0825a52d45e1dbc83bd7e234813f,15,0.000495112407596744,stitched_market_reference
1780236167,25215821,0xa18193eef8f9eb7d5b1793c95e32c363b901c38ffc6f2a9d125b91b237c0a081,558,0.000495903339650839,stitched_market_reference
1780237163,25215904,0xa2f5506d4ab049280254d62a603445746aa0a361eaec391345ee7d426d550d88,617,0.000498748948267824,stitched_market_reference
1780240787,25216205,0x08967b0c8efda575ae0706c3bc4a423cf5f42e39cb7631fae1c84212b7488053,1353,0.000497306617074268,stitched_market_reference
1780244399,25216506,0xdaa06ae07095ab5c0a4b08d0f49d94faa9b4ae6ce81768b56f4b7a577f6408b0,135,0.000498324866058829,stitched_market_reference
1780247435,25216759,0x67e1f62f89fef8db71ecd61e360c81916044aa90fdd4451929da245c7a720ec0,389,0.00050090676301389,stitched_market_reference
1780251071,25217060,0x8c62291e7077a223520191b43a2f65c64f3e137c193f942c63ef30dcb4316cfb,257,0.000499522510231923,stitched_market_reference
1780254683,25217358,0x00f58f3832c580234bc01f91dc5c7a13fe81bc0aac1b5fa61895c3b851d24a47,373,0.000500409341494012,stitched_market_reference
1780258343,25217662,0x377967f98fd08fcc01adc94c83c51a26eb6ae9202c8b3d9cadb3d31eec119413,523,0.000499899886444617,stitched_market_reference
1780261955,25217962,0x6941d7f6ce476a0b16a557c671fba4a1d867e24e2375702812603041feca3274,414,0.000499115678164073,stitched_market_reference
1780265567,25218262,0xab4614c70771df525b33e24d0f01b29589d3319c8bbfc7f11cefdab83dcc5380,261,0.000498202338035197,stitched_market_reference
1780268699,25218522,0x7428907ba13f2a9af24de3afff1b61d1437b362c25a929a500b73576c1b8c26b,883,0.000495030016318454,stitched_market_reference
1780269683,25218604,0x0c71b30b5d786429c7acadb86ddbdf6615c17135c4d508ee6ed710033f85f0a9,276,0.000497524764039465,stitched_market_reference
1780270787,25218696,0x9d07ada8bb026efb87e2a4c7456fbe8d958eeb08049adaeb878c6260d5d63548,236,0.000500227446741431,stitched_market_reference
1780272203,25218814,0xaa88d389a7d9855cfdeec8f890ca3f5f81ffb24f781fef8e72f2373bd5c6a7b6,539,0.000497726041300023,stitched_market_reference
1780275839,25219116,0x15a650caba003a978a09d4ede358da923be15f70b54dd556060c3fbf68992fef,159,0.000497200544011551,stitched_market_reference
1780277159,25219225,0xbdfb1019ba3c6e0bd45bf4b6ebdc9c736a9bc3d0de068dfa44b9d0bf708d8c56,187,0.000499939732522431,stitched_market_reference
1780280795,25219526,0xb83645b736f35f2363cbc7f3664bca65c1d504a5eebd5e1bed705d9af43e1615,571,0.000499367790539089,stitched_market_reference
1780281815,25219611,0xba08af263b481574f121656a4154eefe9291a5bc3ce541f54e6ad797ed9a96af,91,0.000496323734777023,stitched_market_reference
1780285439,25219911,0xe327f24a55e985344e01b1fe65266eeb13c29a8192351c6cc58c4ef70092ddde,45,0.000497481343253813,stitched_market_reference
1780287515,25220084,0xc7dada744b9a8760e50d45db40537e16d8bf95e40bdcd85e6baa2b494c6ccc7e,990,0.000499982268349744,stitched_market_reference
1780291127,25220385,0x0ca2fbf3d26863245541b2c236ed480b04f21b3ca74b2c8ee7a4f9ef30f87d50,153,0.000501038450187786,stitched_market_reference
1780294739,25220686,0x083ba17c03f5066cbbfe87cf0a6bec35d0e11e967f8548f180bd7b8bec894537,382,0.000502565117875783,stitched_market_reference
1780296323,25220817,0xdaec0138023206fd131014993eb1ee5072a605714b41ab90f734e29bdc8b0c87,737,0.000505118701109696,stitched_market_reference
1780297259,25220895,0x266e814bb0ba76241ebf8dd28c288a376a79bc7ae0531353284c5c7b1ae62f6d,91,0.000505121439977361,stitched_market_reference
1780299935,25221117,0xd3e7c23a8ddd568c341214f555d8d79b25d32f82fd8db34a550750837b7a9856,229,0.000504690396949686,stitched_market_reference
1780300823,25221189,0x0e8c6459f3142cfaf337af2be426d5a3f82959e966885e1337aeb300763796c6,252,0.000504691164389964,stitched_market_reference
1780300847,25221191,0xacf07e9130013b7c2843100d58673edc7fd2be7876f32d25ad803e261c2c4b13,926,0.000506288227531075,stitched_market_reference
1780304459,25221489,0x68a948610cfb986f6bfeb1dba3894b360e5aa25fd3878076a3fc6f145c01b864,435,0.000504430488049689,stitched_market_reference
1780308071,25221790,0x57026c6a6bda2a4740c3f204c7598ec5baec782ee6bcb89f8f474a73b1cc5b0e,154,0.00050329266983784,stitched_market_reference
1780311683,25222089,0x8b9b0e43307d8acb31ea6eb8e917a150e9488f330f1b522f75dc567e59d56458,409,0.000504435358028633,stitched_market_reference
1780315295,25222389,0x291f6154be1d6307551bc50b4caf2c90fbb1a8b58f947f9cb1bb2cf3a9ada7d2,189,0.000505633720330933,stitched_market_reference
1780317551,25222577,0xc5e22ebbbaa14abe2ff16485da174ff181d6a6563ef0164d7443ce552f38b934,275,0.000502547152926507,stitched_market_reference
1780319375,25222729,0xd25887b53898bbe2f7127590a5646575861a085f552a467728cc9e84a31e2df5,702,0.000505083923256883,stitched_market_reference
1780321955,25222943,0xdef55a7f73a7bcb2ea08aadca1342a1727547dddcfbcc1fe4a733af468c1f2ca,8,0.00050780903705078,stitched_market_reference
1780325567,25223244,0xbc31818f9c3903a99684cfcb96e891b4142b6c322e05a9d7b40342e2c9d28671,305,0.000509016508977584,stitched_market_reference
1780328231,25223466,0xb87c22b921d11e665c3e6c062aab140ab4bf03c6823f4ef7d6207a201f04876c,252,0.000506362660325464,stitched_market_reference
1780330139,25223625,0x5fa4201a97be31e8067ce51ef8fe24000a8702f552b2ca705c60d88fa80ea1f0,392,0.000509255950919737,stitched_market_reference
1780332551,25223825,0x57ed723b8e3ce170be0ac13be813ac181f604cbb279fb2cb7fc5d7e395e52d07,131,0.00050663382489221,stitched_market_reference
1780334195,25223961,0xda70f00de5252168102c4e7959133ccd7c4c13d57d798e780617325cfaaf9a03,185,0.000503929926348231,stitched_market_reference
1780336271,25224134,0x86bb165e70b7d0e820693855e25491533fb4ff5a44e92eecc65ddb29ee0b4b7c,72,0.000501385103853696,stitched_market_reference
1780337303,25224219,0x1e911414776a1f9b9ab2f8c97345b3fabccdc20806da7d3b0694d4ba653d63df,164,0.000503907593954559,stitched_market_reference
1780340915,25224519,0x01d187cd0bcbdfdd481e0240c1f0cd39f95ded479245608a1e50f2364626d9a0,189,0.000502039827831266,stitched_market_reference
1780342475,25224648,0x1c9d7160588692e077bf120b075aa4f6ab0e5990ae70c2c6166d0b270c3857ed,85,0.000499526474131358,stitched_market_reference
1780346099,25224948,0xed2500d69b3d920e86903d49031c5da5526b0046af6bc07afcc2a9540db1f144,74,0.000498823637927609,stitched_market_reference
1780348223,25225124,0xa5c77d0a63f82326cc973c0191497e74c4eb685617f376faaeec62ce27c02750,432,0.000501421084382235,stitched_market_reference
1780351679,25225412,0x7ae39a573ff36df2ef744b1833a75707b5b5aab83da194cb1c103ebb7c4558ea,501,0.00050411992954451,stitched_market_reference
1780352567,25225486,0x7fb622c8e01c62755c21208c5218ff2082a0611f020ad1bddeb3acd759e0689a,159,0.000501475098920003,stitched_market_reference
1780354739,25225666,0x1850076f99cfaf09d04cf6c2d5f962ac2fa2a088468629733d047256a9da367e,237,0.00049897989297552,stitched_market_reference
1780358363,25225967,0xfe7da430cd1d5f4a288f90136123646b713fdd374a95ffef0c9ec0dd59b1fd52,109,0.000498780707356991,stitched_market_reference
1780361003,25226185,0x1095c449423a9ac7c1cbf677ebe7368839e243187d76bf583370a253d8c6525b,489,0.000501415284291841,stitched_market_reference
1781161295,25292588,0x7664ad246a47d0bd87ec7e601a62b3a3445a94f8f40f5b152be6025034734efc,179,0.000602677117867131,stitched_market_reference
1781162231,25292666,0x26954c62b328cc3ca442421190a9b7dd088fde57ae4299282f3ee72cf6202d9f,537,0.000604696471129693,stitched_market_reference
1781164847,25292883,0x4538c01ed63c39d5f4bb266a9428f1d96921e659c63aeb7d94f5570e2d53c2f2,245,0.000604627316010712,stitched_market_reference
1781164847,25292883,0xbe432a9bc704c452d5cc941621c69d8576dcd4561b12fa74ac46469c5691a4a9,248,0.000604632680667675,stitched_market_reference
1781168471,25293183,0xe3157a4d2e497a8b02eef8e442b02252883e11faa9397b7177c4f7ed8870287c,806,0.000603227447144615,stitched_market_reference
1781172083,25293484,0x7e2cd234ef3e94be62151812dd108a1eaae2991fb4de8f3522a56f42ed3e9f7b,63,0.000602993081650994,stitched_market_reference
1781175683,25293783,0xaf79152997df20a39b2c151e48c7878c8a618adf2d840bbb77c46ad43dad4e3c,990,0.000603877279392888,stitched_market_reference
1781177519,25293936,0xac2094608e30f0f7197c61500a82f89f128902e43946bb909f6a909eb65870f2,30,0.000600786213942307,stitched_market_reference
1781180471,25294180,0xbe6edeeefcfb780cd1bfc03253b76fa6e2f67cd738970dbdb0ce7d375284cb38,490,0.000603872234724741,stitched_market_reference
1781180627,25294193,0x243b6ce80780316e37207c5d97b12b1d5d774791b3d5961420a4dd58009e3f60,868,0.00060768844447146,stitched_market_reference
1781184251,25294494,0x7f8ea5e1a6c3fc280c1d8cc7acf8b4ba65af7bdaa0f83b57685908c386036449,219,0.000606571383548052,stitched_market_reference
1781186051,25294644,0xc4e0736f4605cba0b373467dad7609eed7ae6ad86e944029abba067b43afec25,303,0.0006032534212173,stitched_market_reference
1781186831,25294709,0xde2eae74e239df5c9ca2cf0bec4d120429878b06c1a78346cdfb5de5b5e0afe1,167,0.00060673356511764,stitched_market_reference
1781187551,25294769,0x6173647730bbc31f0adb69d7fe2964323c85e036350c030f1847654436ffadcd,466,0.000609983623261802,stitched_market_reference
1781187971,25294804,0x7dbc967d45bfff3a29fd05561eab5dfecb50ec4de964fc0984313007f6642ba9,357,0.000606917185637144,stitched_market_reference
1781190107,25294981,0x2160d24adbb464ba41de9c582c47a775cdf57042b084e190345607e0f2bdf9fe,789,0.000610986456588967,stitched_market_reference
1781190767,25295036,0xb87919b9876297684a9638f0a8e3ba187dd1c804f1d7fdc8ffc01d4a3f387ca9,541,0.000607739999198559,stitched_market_reference
1781194379,25295337,0x017aad6f4fe1e6f0092a500ad85f302d7571b846a9843d619d30f1446ba514be,118,0.000607320899223593,stitched_market_reference
1781195555,25295433,0x3684a03983a65b46388ea961c83acc016dd3d77bca0a65a3963b38316447d875,225,0.000610672825913201,stitched_market_reference
1781195879,25295460,0x611c2ddf5a1a46c1d563c19b796b0388889ed52fb5b6151efe976514fb39a87d,187,0.000607227185860833,stitched_market_reference
1781196635,25295523,0x2bf60a46a6b943c05e9c540225016a7012c2f10a427b26f2ccaad8298ebd7794,371,0.000610370579983046,stitched_market_reference
1781199035,25295722,0xd20886c3258b7e63f209d1b8210b9671ad77835da5dee68c4a29870625109f07,441,0.000605659824133579,stitched_market_reference
1781199131,25295730,0x61342ef36e85bd5313287d6f5eda158192051d9a295a0afb38096f3edb8fb0af,561,0.000601145795383527,stitched_market_reference
1781199215,25295737,0x853c4abfcc0d4e6b07e8e8615ad4a80f97a71d803efc94b0b33b5728cf8f2432,769,0.000596906607964866,stitched_market_reference
1781199347,25295748,0x5401396bcbd511b98792afc7ece55ae49264092d321b0732c4dc7159f609533f,338,0.000597027026478187,stitched_market_reference
1781200223,25295821,0x874ad4eebf4dd7e60be42539b695198ab59828e0464da21769a3ead68e868fcb,1012,0.000592588268070325,stitched_market_reference
1781201171,25295900,0x5838d194d4818ba0781f8284aef370d3f6641ead1ead91c669c96d3d5ca5567c,401,0.00059577008786687,stitched_market_reference
1781204783,25296199,0xbbd0e2494cc14ed885eed9dfd510c31d329d98f72d0a04a24b9232f7760ddc43,278,0.000594729897828544,stitched_market_reference
1781205263,25296239,0x6f48af069a60f99166700b4ab2fa5c5c6cda91bde7f08437917223c9fd301374,513,0.000596640987507216,stitched_market_reference
1781205779,25296282,0x4e9f35a487461213439d0532107172f9c558ea961b424016cb13e379b552f272,209,0.000596681081545792,stitched_market_reference
1781206271,25296321,0xbbac02ef497bb65a689ad92ad600a75918e087b84627dd286bbe3ce8d9f326b9,584,0.000593048013404661,stitched_market_reference
1781208707,25296523,0x273b1e0e674d8dc1b55ee72f8b26695ebc74688a149c4101eac315f8d5b98cc1,507,0.000596091566850625,stitched_market_reference
1781209727,25296607,0xf872beb2a5bc8c823c6e4ecc636c19eaf002b389a4d96f631f5c38d5ac42eca5,742,0.000599407316809957,stitched_market_reference
1781212427,25296832,0xa33cc793b63684188439d51bd9d6ba4672222fe399ae137a4994ad70129a1d18,527,0.000595205376111794,stitched_market_reference
1781216051,25297132,0x99f8c4242cc2183c581aeac8115ba4d7be772916e0160412668204534dd739b7,109,0.000595347851785788,stitched_market_reference
1781219027,25297378,0x45ba2121ace4014f28db1ebb7c7637ba5cf61e1ed8c4f9c945d9c59cbd07f43b,205,0.000598702181748997,stitched_market_reference
1781222651,25297678,0xe1b16c9fd7549b9db45616c9c7f1d3e5f9e81701b98c5abf84fdbd8f997c10c5,1143,0.000598971549167658,stitched_market_reference
1781226263,25297979,0x32c9bd0a5d13677ff792953ab4679de9dda75f336eb09d5fcc7e0edfa63ddb60,464,0.000599330745133364,stitched_market_reference
1781229899,25298282,0x22949befdda5020dc903a7eebf55774c343158c9f383ff1afa4c912dabb28ceb,697,0.000600075655465829,stitched_market_reference
1781938847,25357169,0x17bdc82e5912775dfee095f3daa146fe68cb8ee9f4677a72d74a1fcef94d3ff7,31,0.000580250810753337,stitched_market_reference
1781939495,25357223,0x0011df1da620c1f8ede6513922556e0b2b973f74c54e9f9d1543ee340e237c84,329,0.000579886084172428,stitched_market_reference
1781942435,25357466,0x4b5f87e2009e9c284daf03ec5d7ba80a806ccb612ebb68e3704a9d66b14a3976,163,0.000579874483782655,stitched_market_reference
1781942435,25357466,0xc1e57297e47a67a0626aefb5ab63a76855bf5028d3b3544847b34d0791bea6a5,596,0.000579766875434933,stitched_market_reference
1781946071,25357766,0x4acde66262d8b6adaa4d23bd4085799f2046fd2fd71ddb2d697989fde66dd911,2198,0.00058049052491794,stitched_market_reference
1781949731,25358071,0xad24887a47ae1f0a4abc89592d03f04383e0a935f0b73309ab00a9f3e2e30707,1651,0.000579400634022799,stitched_market_reference
1781953367,25358374,0xc66952367d6e74b4e5963100afca79f9fa053502615c533f27b78d93e52da7b5,199,0.000578907444295177,stitched_market_reference
1781957003,25358675,0xddf955349e6b0f5cb4e46758d26eb801a575312b998edd3300eb138647f96b95,938,0.000579160489958492,stitched_market_reference
1781960627,25358977,0xa5c628a0fb832da7c4f371a1262cd9b396aee229dbb2844fd61b707734338dce,314,0.000579884574113279,stitched_market_reference
1781961887,25359081,0x0d9d8ad07f93fb890e11568931939068157c4f19401924fe63d73f74c6873358,442,0.000583012596221133,stitched_market_reference
1781965511,25359382,0x147b5259b4a38006c1c412d161ee8082f838be9e786af0d96e635e12f7d52b7d,988,0.000584155217862258,stitched_market_reference
1781966843,25359492,0xe93d77b17c85cfa65e2458d641626e1a93dd2bd47059977ca256aee0efb5a2c7,570,0.000579566023744033,stitched_market_reference
1781966843,25359492,0xdb952f3f9ac8376d003eea794196ff8ce8ae72d8e1a7dd88e2c72df588f25028,681,0.000575761041299002,stitched_market_reference
1781968847,25359659,0x1f5d4d23a25630aef157be8a3e4278640c66bf7729a2709f3500a573521b6816,1245,0.00057211682417888,stitched_market_reference
1781969747,25359734,0xc621360103103d093c63056f62069fa98a9b449595f503e8a6b04813f93e5e78,950,0.000575588527696051,stitched_market_reference
1781973359,25360034,0x3be8d2d7b631624233573cfe1a42f2b2a237ea7b8271c79c937009dcab37debd,153,0.000577500241852205,stitched_market_reference
1781976959,25360332,0x17cc0064d568e1618b0a4d5e2f6e67f3ddcc9ceeaba1aa4bfb00ba4531c952f1,697,0.000580865143071485,stitched_market_reference
1781980595,25360633,0xea158541dd755a67c177266197cf31695edb2cb9143260d1086d0d8d02ce1edd,228,0.000579020303900782,stitched_market_reference
1781984291,25360938,0x5dbfc41afde33064352ab5059b4da6d68ceab2bd445d44b4a6ff76d667171f38,236,0.000579161927196172,stitched_market_reference
1781987927,25361240,0x7b3db3f2e0c6f2680e4c5fc469fe7429bc5076e8497ecf5dbaa58fef2d4e9694,138,0.000579445962373587,stitched_market_reference
1781991551,25361540,0xd5ee19a82f00a8aac98e5f95ba3d546353447eec15b3504d6e21dec14de01b46,757,0.000577241590765002,stitched_market_reference
1781994527,25361788,0xc79b0328925f44fbec11fa3ca5f3f580c668509f0e0c094d159f31394632a818,835,0.000574017862240227,stitched_market_reference
1781998139,25362087,0x0a9cecd593dbef67163ec9f670e9d3a5e6536b204dc4a2159d818479fbf6b795,316,0.00057494396515172,stitched_market_reference
1782001775,25362389,0x6a6cd9ec64a90b7c8003c42a8edaffdf0cdf00941984c01cc3b51cb439030b6a,218,0.000576220715444516,stitched_market_reference
1782005399,25362691,0x20f0327b744252f9c5203582111e42dc5defc993bdc912d0c2b8e20b7e5506d2,14,0.000576859930637356,stitched_market_reference
1782009035,25362994,0x4f783abd319a7e3e876d1f7101875e96385f703fb68f08de3f97ca77ca18c8e8,369,0.000576434094224415,stitched_market_reference
1782802859,25428864,0x036f58fc2590ca556ba645caa479daa85f2c1e8682024edccba3eb7b9cff865e,91,0.000628026195363574,stitched_market_reference
1782804647,25429012,0x4c543fe9e3b14b2887abd67384eae619f99f6a238baaf24afe60aac3e675a70f,486,0.000628712499102042,stitched_market_reference
1782806435,25429161,0x5c1320210c465d4187bb9d7b3f45a68dfcc17869b229e5639eecbc3ec6dc5a06,544,0.000628737909944805,stitched_market_reference
1782806447,25429162,0x839ebde5a3b408e3f01b37622f19dc704b2f6f5a16a9aa6581bf81999a37c7e8,310,0.000628719994203473,stitched_market_reference
1782808571,25429338,0x1848c417a6a7fc43b63bf7dfc132f60c85f0bedb05f158ca7e677fbde93d8da7,952,0.000631941849520194,stitched_market_reference
1782812183,25429638,0x8311a9fab1811eb3f52598e50bfd45df00451758dd528c33f1091c0c5e9ffe36,240,0.000632046479719262,stitched_market_reference
1782815807,25429938,0x535b60513d1aef058b712430ffb2862113c2535b5499db7d42369506da546248,236,0.00063256072765709,stitched_market_reference
1782819407,25430238,0xd7b76620fdb7059b32850d38453304bd97eb21c2118aa707a1f198821fe43a12,292,0.000633829883964238,stitched_market_reference
1782822059,25430459,0x6fc921c45e1a9d17ff5a9fda7465d5e00ff23fa199bfebfd03415a70bba0d9c0,502,0.000637301205562212,stitched_market_reference
1782822935,25430530,0x49258594a3fa806ef4a538514f042e8f8c5dc58ad308756db34c21517e93146f,122,0.000640970747597032,stitched_market_reference
1782824423,25430653,0xe9fb9716c37ee2d121e0e9d275fcd394d26bcb224669dd543cee073bb1f00449,764,0.000644821721181644,stitched_market_reference
1782824915,25430693,0xa3ad4951e8059501c6ec18d4c8917dcba5e235a935d708f13f4b05c85509ebf8,253,0.000641462735209298,stitched_market_reference
1782826559,25430828,0x2169f48c9d805817d6f8b8479343f7e37b9d92b16a06e9e070c44fddb0b3e7d0,292,0.0006446892981811,stitched_market_reference
1782827519,25430907,0xb772fac9142917a2edc94a75782dd0809abb2a78bfd985c353489a25a9b48805,652,0.00064022999466613,stitched_market_reference
1782828143,25430958,0x3150de4e4c093e9f0e739f6ef5fd264181c3e14bf12b26652cf480e2061051ff,81,0.000635700183152512,stitched_market_reference
1782830339,25431141,0xff91781116255488d86fed6199d1446f7f6208095a716700d287bdcaf1551aaf,308,0.00063912735836662,stitched_market_reference
1782832019,25431280,0xdc91d8303cc767eaf23a34284e86ca9758df335c9411e70f4c53e84664bb2193,53,0.000642668563272706,stitched_market_reference
1782832475,25431318,0xaacb65ab79d4a97277f17df3203fa7c624608b1a84718353d00dc65f768c68f5,251,0.000639382317960387,stitched_market_reference
1782834395,25431477,0xe612ca584234eadb0e3d5ad9dfdb5b63693a75be3737c47010325c805cc6ab37,128,0.000635736569636917,stitched_market_reference
1782835139,25431539,0x7537780278232fcdc0140de2d32a3412536afe4d2774e0963887aa6b2c560791,78,0.000639506819781204,stitched_market_reference
1782838595,25431826,0xba70a0a18731aaed60e5ebbc14518d331688836a09acf85a150862851d5d6008,303,0.000636078527981094,stitched_market_reference
1782842219,25432127,0x9bbf9ffd6c8bc2ffd8af73d3358746efcf41fbb27f3f6e2eab4135f97d0a0cb4,90,0.000637219956151931,stitched_market_reference
1782843599,25432241,0x67dadd4df8c91d495d4dead5c43f3d486d7b9ee37e9ef2eb34c14d9f6e8b7a6b,1571,0.000633552620833572,stitched_market_reference
1782847211,25432541,0x25ba5f83db139545f35d902224d387df6e322db90d3c4445341d9ba42b646302,150,0.0006347433350079,stitched_market_reference
1782850835,25432843,0xb6daccdca50c6f0e34e38d092158a5a3f0170364238e5a08ab2dc6736953ba07,1231,0.000634200795714511,stitched_market_reference
1782854471,25433146,0x8445af53936a11cc00fe471258bde843f7a5f677f16f676194957cc84a943e93,430,0.000636515061857333,stitched_market_reference
1782858095,25433447,0x9f99348a9b35a5d3ffd994f9955c2c5d58ddd11341c41d5243e01dd7b6e5b262,310,0.000636793633217411,stitched_market_reference
1782861695,25433746,0x54f7ac1c6d93cde85fd1f6acd6c1fdfca7d8f63e5a9b3ba73e3c73cb0a61e032,650,0.000637901752848605,stitched_market_reference
1782865307,25434047,0xfc9b3237022c24018b43e345d2af4c41d4aa75b261f0feb4ed56f67c7cebd846,77,0.000637452331836496,stitched_market_reference
