pool,trigger_gap_bps,base_fee_bps,start_concession_bps,concession_growth_bps_per_sec,max_fee_bps,recapture_pct,auction_clear_rate,mean_solver_payout_bps,n_trigger_events,lp_net_quote_token,fixed_fee_v3_recapture_pct,reprice_execution_rate,window_count,pools_outperforming_baseline,mean_recapture_across_pools,std_recapture_across_pools
weth_usdc_3000,5.0,1.0,10.0,0.5,500.0,99.89472322913184,1.0,9.998775336367043,1298,-0.9148758770781941,52.10052608292696,1.0,31,4,99.88036715530299,0.01714730976335323
weth_usdc_3000,5.0,1.0,10.0,0.5,2500.0,99.89472322913184,1.0,9.998775336367043,1298,-0.9148758770781941,52.10052608292696,1.0,31,4,99.89354119439123,0.0044177084273330615
weth_usdc_3000,5.0,1.0,10.0,0.5,5000.0,99.89472322913184,1.0,9.998775336367043,1298,-0.9148758770781941,52.10052608292696,1.0,31,4,99.89354119439123,0.0044177084273330615
weth_usdc_3000,5.0,1.0,10.0,1.0,500.0,99.89472322913184,1.0,9.998775336367043,1298,-0.9148758770781941,52.10052608292696,1.0,31,4,99.86784131057408,0.03599950874208499
weth_usdc_3000,5.0,1.0,10.0,1.0,2500.0,99.89472322913184,1.0,9.998775336367043,1298,-0.9148758770781941,52.10052608292696,1.0,31,4,99.89354119439123,0.0044177084273330615
weth_usdc_3000,5.0,1.0,10.0,1.0,5000.0,99.89472322913184,1.0,9.998775336367043,1298,-0.9148758770781941,52.10052608292696,1.0,31,4,99.89354119439123,0.0044177084273330615
weth_usdc_3000,5.0,1.0,10.0,5.0,500.0,99.89472322913184,1.0,9.998775336367043,1298,-0.9148758770781941,52.10052608292696,1.0,31,4,99.40486308118565,0.8157320618009043
weth_usdc_3000,5.0,1.0,10.0,5.0,2500.0,99.89472322913184,1.0,9.998775336367043,1298,-0.9148758770781941,52.10052608292696,1.0,31,4,99.89354119439123,0.0044177084273330615
weth_usdc_3000,5.0,1.0,10.0,5.0,5000.0,99.89472322913184,1.0,9.998775336367043,1298,-0.9148758770781941,52.10052608292696,1.0,31,4,99.89354119439123,0.0044177084273330615
weth_usdc_3000,5.0,1.0,30.0,0.5,500.0,99.6947477224045,1.0,29.996326009101132,1298,-2.652702423263249,52.10052608292696,1.0,31,4,99.68039967178245,0.01715449861794429
weth_usdc_3000,5.0,1.0,30.0,0.5,2500.0,99.6947477224045,1.0,29.996326009101132,1298,-2.652702423263249,52.10052608292696,1.0,31,4,99.69357088280383,0.004396596300980274
weth_usdc_3000,5.0,1.0,30.0,0.5,5000.0,99.6947477224045,1.0,29.996326009101132,1298,-2.652702423263249,52.10052608292696,1.0,31,4,99.69357088280383,0.004396596300980274
weth_usdc_3000,5.0,1.0,30.0,1.0,500.0,99.6947477224045,1.0,29.996326009101132,1298,-2.652702423263249,52.10052608292696,1.0,31,4,99.66787382705354,0.03600849235580393
weth_usdc_3000,5.0,1.0,30.0,1.0,2500.0,99.6947477224045,1.0,29.996326009101132,1298,-2.652702423263249,52.10052608292696,1.0,31,4,99.69357088280383,0.004396596300980274
weth_usdc_3000,5.0,1.0,30.0,1.0,5000.0,99.6947477224045,1.0,29.996326009101132,1298,-2.652702423263249,52.10052608292696,1.0,31,4,99.69357088280383,0.004396596300980274
weth_usdc_3000,5.0,1.0,30.0,5.0,500.0,99.6947477224045,1.0,29.996326009101132,1298,-2.652702423263249,52.10052608292696,1.0,31,4,99.20489495503166,0.8157430213038293
weth_usdc_3000,5.0,1.0,30.0,5.0,2500.0,99.6947477224045,1.0,29.996326009101132,1298,-2.652702423263249,52.10052608292696,1.0,31,4,99.69357088280383,0.004396596300980274
weth_usdc_3000,5.0,1.0,30.0,5.0,5000.0,99.6947477224045,1.0,29.996326009101132,1298,-2.652702423263249,52.10052608292696,1.0,31,4,99.69357088280383,0.004396596300980274
weth_usdc_3000,5.0,1.0,100.0,0.5,500.0,98.9948334488588,1.0,99.98775336367044,1298,-8.735095334910941,52.10052608292696,1.0,31,4,98.98051347946057,0.01717980580811614
weth_usdc_3000,5.0,1.0,100.0,0.5,2500.0,98.9948334488588,1.0,99.98775336367044,1298,-8.735095334910941,52.10052608292696,1.0,31,4,98.99367479224792,0.004322704271332665
weth_usdc_3000,5.0,1.0,100.0,0.5,5000.0,98.9948334488588,1.0,99.98775336367044,1298,-8.735095334910941,52.10052608292696,1.0,31,4,98.99367479224792,0.004322704271332665
weth_usdc_3000,5.0,1.0,100.0,1.0,500.0,98.9948334488588,1.0,99.98775336367044,1298,-8.735095334910941,52.10052608292696,1.0,31,4,98.96798763473166,0.03603999835248864
weth_usdc_3000,5.0,1.0,100.0,1.0,2500.0,98.9948334488588,1.0,99.98775336367044,1298,-8.735095334910941,52.10052608292696,1.0,31,4,98.99367479224792,0.004322704271332665
weth_usdc_3000,5.0,1.0,100.0,1.0,5000.0,98.9948334488588,1.0,99.98775336367044,1298,-8.735095334910941,52.10052608292696,1.0,31,4,98.99367479224792,0.004322704271332665
weth_usdc_3000,5.0,1.0,100.0,5.0,500.0,98.9948334488588,1.0,99.98775336367044,1298,-8.735095334910941,52.10052608292696,1.0,31,4,98.50500651349266,0.8157813822031766
weth_usdc_3000,5.0,1.0,100.0,5.0,2500.0,98.9948334488588,1.0,99.98775336367044,1298,-8.735095334910941,52.10052608292696,1.0,31,4,98.99367479224792,0.004322704271332665
weth_usdc_3000,5.0,1.0,100.0,5.0,5000.0,98.9948334488588,1.0,99.98775336367044,1298,-8.735095334910941,52.10052608292696,1.0,31,4,98.99367479224792,0.004322704271332665
weth_usdc_3000,5.0,5.0,10.0,0.5,500.0,99.87090298625102,0.9026162790697675,12.909701374896953,1376,-1.1218880330804306,52.10052608292696,0.9026162790697675,31,4,99.85448952843544,0.018725625953173952
weth_usdc_3000,5.0,5.0,10.0,0.5,2500.0,99.87090298625102,0.9026162790697675,12.909701374896953,1376,-1.1218880330804306,52.10052608292696,0.9026162790697675,31,4,99.86976810854934,0.021045774544210683
weth_usdc_3000,5.0,5.0,10.0,0.5,5000.0,99.87090298625102,0.9026162790697675,12.909701374896953,1376,-1.1218880330804306,52.10052608292696,0.9026162790697675,31,4,99.86976810854934,0.021045774544210683
weth_usdc_3000,5.0,5.0,10.0,1.0,500.0,99.84180597250206,0.9026162790697675,15.819402749793905,1376,-1.374748967469056,52.10052608292696,0.9026162790697675,31,4,99.80897798789606,0.03745236052518861
weth_usdc_3000,5.0,5.0,10.0,1.0,2500.0,99.84180597250206,0.9026162790697675,15.819402749793905,1376,-1.374748967469056,52.10052608292696,0.9026162790697675,31,4,99.83953514812386,0.04209331151012606
weth_usdc_3000,5.0,5.0,10.0,1.0,5000.0,99.84180597250206,0.9026162790697675,15.819402749793905,1376,-1.374748967469056,52.10052608292696,0.9026162790697675,31,4,99.83953514812386,0.04209331151012606
weth_usdc_3000,5.0,5.0,10.0,5.0,500.0,99.60935263676686,0.9026162790697675,39.06473632331442,1376,-3.3948314468210303,52.10052608292696,0.9026162790697675,31,4,99.08899822765048,0.7373225740577081
weth_usdc_3000,5.0,5.0,10.0,5.0,2500.0,99.60935263676686,0.9026162790697675,39.06473632331442,1376,-3.3948314468210303,52.10052608292696,0.9026162790697675,31,4,99.59812225940367,0.2098883542823583
weth_usdc_3000,5.0,5.0,10.0,5.0,5000.0,99.60935263676686,0.9026162790697675,39.06473632331442,1376,-3.3948314468210303,52.10052608292696,0.9026162790697675,31,4,99.59812225940367,0.2098883542823583
weth_usdc_3000,5.0,5.0,30.0,0.5,500.0,99.67090639580898,0.9026162790697675,32.90936041910094,1376,-2.8599126004814215,52.10052608292696,0.9026162790697675,31,4,99.6544928064586,0.018723857904370197
weth_usdc_3000,5.0,5.0,30.0,0.5,2500.0,99.67090639580898,0.9026162790697675,32.90936041910094,1376,-2.8599126004814215,52.10052608292696,0.9026162790697675,31,4,99.6697713865725,0.02104182137010745
weth_usdc_3000,5.0,5.0,30.0,0.5,5000.0,99.67090639580898,0.9026162790697675,32.90936041910094,1376,-2.8599126004814215,52.10052608292696,0.9026162790697675,31,4,99.6697713865725,0.02104182137010745
weth_usdc_3000,5.0,5.0,30.0,1.0,500.0,99.64180938206002,0.9026162790697675,35.81906179399789,1376,-3.112773534870047,52.10052608292696,0.9026162790697675,31,4,99.60898126591923,0.037450592177524056
weth_usdc_3000,5.0,5.0,30.0,1.0,2500.0,99.64180938206002,0.9026162790697675,35.81906179399789,1376,-3.112773534870047,52.10052608292696,0.9026162790697675,31,4,99.63953842614703,0.042089358337576335
weth_usdc_3000,5.0,5.0,30.0,1.0,5000.0,99.64180938206002,0.9026162790697675,35.81906179399789,1376,-3.112773534870047,52.10052608292696,0.9026162790697675,31,4,99.63953842614703,0.042089358337576335
weth_usdc_3000,5.0,5.0,30.0,5.0,500.0,99.40936211942257,0.9026162790697675,59.06378805774351,1376,-5.132803237356852,52.10052608292696,0.9026162790697675,31,4,98.88901076479195,0.7373261661812168
weth_usdc_3000,5.0,5.0,30.0,5.0,2500.0,99.40936211942257,0.9026162790697675,59.06378805774351,1376,-5.132803237356852,52.10052608292696,0.9026162790697675,31,4,99.39813470249044,0.2098726947456218
weth_usdc_3000,5.0,5.0,30.0,5.0,5000.0,99.40936211942257,0.9026162790697675,59.06378805774351,1376,-5.132803237356852,52.10052608292696,0.9026162790697675,31,4,99.39813470249044,0.2098726947456218
weth_usdc_3000,5.0,5.0,100.0,0.5,500.0,98.97092424397168,0.9026162790697675,102.90757560283221,1376,-8.942947185953686,52.10052608292696,0.9026162790697675,31,4,98.9545078835958,0.01872030328705613
weth_usdc_3000,5.0,5.0,100.0,0.5,2500.0,98.97092424397168,0.9026162790697675,102.90757560283221,1376,-8.942947185953686,52.10052608292696,0.9026162790697675,31,4,98.96978588617604,0.021029247222004208
weth_usdc_3000,5.0,5.0,100.0,0.5,5000.0,98.97092424397168,0.9026162790697675,102.90757560283221,1376,-8.942947185953686,52.10052608292696,0.9026162790697675,31,4,98.96978588617604,0.021029247222004208
weth_usdc_3000,5.0,5.0,100.0,1.0,500.0,98.94182723022271,0.9026162790697675,105.81727697772916,1376,-9.195808120342312,52.10052608292696,0.9026162790697675,31,4,98.9089963430564,0.03744703414494341
weth_usdc_3000,5.0,5.0,100.0,1.0,2500.0,98.94182723022271,0.9026162790697675,105.81727697772916,1376,-9.195808120342312,52.10052608292696,0.9026162790697675,31,4,98.93955292575055,0.04207678414353769
weth_usdc_3000,5.0,5.0,100.0,1.0,5000.0,98.94182723022271,0.9026162790697675,105.81727697772916,1376,-9.195808120342312,52.10052608292696,0.9026162790697675,31,4,98.93955292575055,0.04207678414353769
weth_usdc_3000,5.0,5.0,100.0,5.0,500.0,98.70940122342738,0.9026162790697675,129.05987765726263,1376,-11.215653103801026,52.10052608292696,0.9026162790697675,31,4,98.18905923095993,0.737338516812404
weth_usdc_3000,5.0,5.0,100.0,5.0,2500.0,98.70940122342738,0.9026162790697675,129.05987765726263,1376,-11.215653103801026,52.10052608292696,0.9026162790697675,31,4,98.69818214399143,0.20981988899082488
weth_usdc_3000,5.0,5.0,100.0,5.0,5000.0,98.70940122342738,0.9026162790697675,129.05987765726263,1376,-11.215653103801026,52.10052608292696,0.9026162790697675,31,4,98.69818214399143,0.20981988899082488
weth_usdc_3000,5.0,30.0,10.0,0.5,500.0,99.22281479216073,0.22249752229930625,77.7185207839263,2018,-6.755277918619782,52.10052608292696,0.22249752229930625,31,0,99.31882647326246,0.21712359822299324
weth_usdc_3000,5.0,30.0,10.0,0.5,2500.0,99.22281479216073,0.22249752229930625,77.7185207839263,2018,-6.755277918619782,52.10052608292696,0.22249752229930625,31,0,99.3926856197861,0.28801602538084103
weth_usdc_3000,5.0,30.0,10.0,0.5,5000.0,99.22281479216073,0.22249752229930625,77.7185207839263,2018,-6.755277918619782,52.10052608292696,0.22249752229930625,31,0,99.3926856197861,0.28801602538084103
weth_usdc_3000,5.0,30.0,10.0,1.0,500.0,98.55312207610496,0.22249752229930625,144.68779238950486,2018,-12.576233298881988,52.10052608292696,0.22249752229930625,31,0,98.74487793864758,0.43115549520282237
weth_usdc_3000,5.0,30.0,10.0,1.0,2500.0,98.55312207610496,0.22249752229930625,144.68779238950486,2018,-12.576233298881988,52.10052608292696,0.22249752229930625,31,0,98.8918149302125,0.5722576186288185
weth_usdc_3000,5.0,30.0,10.0,1.0,5000.0,98.55312207610496,0.22249752229930625,144.68779238950486,2018,-12.576233298881988,52.10052608292696,0.22249752229930625,31,0,98.8918149302125,0.5722576186288185
weth_usdc_3000,5.0,30.0,10.0,5.0,500.0,93.42053493660907,0.22249752229930625,657.9465063390932,2018,-57.18857565833573,52.10052608292696,0.22249752229930625,31,0,94.15613659260657,1.7274265010832934
weth_usdc_3000,5.0,30.0,10.0,5.0,2500.0,93.42053493660907,0.22249752229930625,657.9465063390932,2018,-57.18857565833573,52.10052608292696,0.22249752229930625,31,0,95.15093369856673,2.693061261673043
weth_usdc_3000,5.0,30.0,10.0,5.0,5000.0,93.42053493660907,0.22249752229930625,657.9465063390932,2018,-57.18857565833573,52.10052608292696,0.22249752229930625,31,0,95.15093369856673,2.693061261673043
weth_usdc_3000,5.0,30.0,30.0,0.5,500.0,99.02388053774176,0.22249752229930625,97.61194622582363,2018,-8.484410386117178,52.10052608292696,0.22249752229930625,31,0,99.12001756971924,0.21641441047926022
weth_usdc_3000,5.0,30.0,30.0,0.5,2500.0,99.02388053774176,0.22249752229930625,97.61194622582363,2018,-8.484410386117178,52.10052608292696,0.22249752229930625,31,0,99.1937713168448,0.2872356567114942
weth_usdc_3000,5.0,30.0,30.0,0.5,5000.0,99.02388053774176,0.22249752229930625,97.61194622582363,2018,-8.484410386117178,52.10052608292696,0.22249752229930625,31,0,99.1937713168448,0.2872356567114942
weth_usdc_3000,5.0,30.0,30.0,1.0,500.0,98.35481775282376,0.22249752229930625,164.51822471762375,2018,-14.299890417823589,52.10052608292696,0.22249752229930625,31,0,98.54659635300912,0.43052037775768176
weth_usdc_3000,5.0,30.0,30.0,1.0,2500.0,98.35481775282376,0.22249752229930625,164.51822471762375,2018,-14.299890417823589,52.10052608292696,0.22249752229930625,31,0,98.69333008952783,0.5714497661416655
weth_usdc_3000,5.0,30.0,30.0,1.0,5000.0,98.35481775282376,0.22249752229930625,164.51822471762375,2018,-14.299890417823589,52.10052608292696,0.22249752229930625,31,0,98.69333008952783,0.5714497661416655
weth_usdc_3000,5.0,30.0,30.0,5.0,500.0,93.22827250536375,0.22249752229930625,677.1727494636249,2018,-58.85971677537081,52.10052608292696,0.22249752229930625,31,0,93.96573801010862,1.7226105259106228
weth_usdc_3000,5.0,30.0,30.0,5.0,2500.0,93.22827250536375,0.22249752229930625,677.1727494636249,2018,-58.85971677537081,52.10052608292696,0.22249752229930625,31,0,94.95973629743867,2.6878255573403833
weth_usdc_3000,5.0,30.0,30.0,5.0,5000.0,93.22827250536375,0.22249752229930625,677.1727494636249,2018,-58.85971677537081,52.10052608292696,0.22249752229930625,31,0,94.95973629743867,2.6878255573403833
weth_usdc_3000,5.0,30.0,100.0,0.5,500.0,98.33069759443242,0.22249752229930625,166.93024055675824,2018,-14.509542340854479,52.10052608292696,0.22249752229930625,31,0,98.42661639068987,0.21441188823405236
weth_usdc_3000,5.0,30.0,100.0,0.5,2500.0,98.33069759443242,0.22249752229930625,166.93024055675824,2018,-14.509542340854479,52.10052608292696,0.22249752229930625,31,0,98.49953832996859,0.2845093981352301
weth_usdc_3000,5.0,30.0,100.0,0.5,5000.0,98.33069759443242,0.22249752229930625,166.93024055675824,2018,-14.509542340854479,52.10052608292696,0.22249752229930625,31,0,98.49953832996859,0.2845093981352301
weth_usdc_3000,5.0,30.0,100.0,1.0,500.0,97.66330990107454,0.22249752229930625,233.66900989254526,2018,-20.310462511007067,52.10052608292696,0.22249752229930625,31,0,97.85529896542211,0.4291746533364357
weth_usdc_3000,5.0,30.0,100.0,1.0,2500.0,97.66330990107454,0.22249752229930625,233.66900989254526,2018,-20.310462511007067,52.10052608292696,0.22249752229930625,31,0,98.0007279169306,0.5689363881726652
weth_usdc_3000,5.0,30.0,100.0,1.0,5000.0,97.66330990107454,0.22249752229930625,233.66900989254526,2018,-20.310462511007067,52.10052608292696,0.22249752229930625,31,0,98.0007279169306,0.5689363881726652
weth_usdc_3000,5.0,30.0,100.0,5.0,500.0,92.55832338684569,0.22249752229930625,744.1676613154314,2018,-64.68290080058694,52.10052608292696,0.22249752229930625,31,0,93.30282810367225,1.7044043466986138
weth_usdc_3000,5.0,30.0,100.0,5.0,2500.0,92.55832338684569,0.22249752229930625,744.1676613154314,2018,-64.68290080058694,52.10052608292696,0.22249752229930625,31,0,94.29369333575242,2.66784147886462
weth_usdc_3000,5.0,30.0,100.0,5.0,5000.0,92.55832338684569,0.22249752229930625,744.1676613154314,2018,-64.68290080058694,52.10052608292696,0.22249752229930625,31,0,94.29369333575242,2.66784147886462
weth_usdc_3000,10.0,1.0,10.0,0.5,500.0,99.83778928184381,1.0,9.99109035546479,1239,-1.4096430943011808,52.10052608292696,1.0,31,4,99.7927844894041,0.06349978634946939
weth_usdc_3000,10.0,1.0,10.0,0.5,2500.0,99.83778928184381,1.0,9.99109035546479,1239,-1.4096430943011808,52.10052608292696,1.0,31,4,99.81235435859793,0.07528412602292008
weth_usdc_3000,10.0,1.0,10.0,0.5,5000.0,99.83778928184381,1.0,9.99109035546479,1239,-1.4096430943011808,52.10052608292696,1.0,31,4,99.81235435859793,0.07528412602292008
weth_usdc_3000,10.0,1.0,10.0,1.0,500.0,99.83778928184381,1.0,9.99109035546479,1239,-1.4096430943011808,52.10052608292696,1.0,31,4,99.78025864467519,0.06150257606798194
weth_usdc_3000,10.0,1.0,10.0,1.0,2500.0,99.83778928184381,1.0,9.99109035546479,1239,-1.4096430943011808,52.10052608292696,1.0,31,4,99.81235435859793,0.07528412602292008
weth_usdc_3000,10.0,1.0,10.0,1.0,5000.0,99.83778928184381,1.0,9.99109035546479,1239,-1.4096430943011808,52.10052608292696,1.0,31,4,99.81235435859793,0.07528412602292008
weth_usdc_3000,10.0,1.0,10.0,5.0,500.0,99.83778928184381,1.0,9.99109035546479,1239,-1.4096430943011808,52.10052608292696,1.0,31,4,99.31874537500288,0.7850490874817893
weth_usdc_3000,10.0,1.0,10.0,5.0,2500.0,99.83778928184381,1.0,9.99109035546479,1239,-1.4096430943011808,52.10052608292696,1.0,31,4,99.81235435859793,0.07528412602292008
weth_usdc_3000,10.0,1.0,10.0,5.0,5000.0,99.83778928184381,1.0,9.99109035546479,1239,-1.4096430943011808,52.10052608292696,1.0,31,4,99.81235435859793,0.07528412602292008
weth_usdc_3000,10.0,1.0,30.0,0.5,500.0,99.63796747473451,1.0,29.97327106639437,1239,-3.146133960528483,52.10052608292696,1.0,31,4,99.59305311570809,0.06330677022239709
weth_usdc_3000,10.0,1.0,30.0,0.5,2500.0,99.63796747473451,1.0,29.97327106639437,1239,-3.146133960528483,52.10052608292696,1.0,31,4,99.61260301102345,0.07507126359571005
weth_usdc_3000,10.0,1.0,30.0,0.5,5000.0,99.63796747473451,1.0,29.97327106639437,1239,-3.146133960528483,52.10052608292696,1.0,31,4,99.61260301102345,0.07507126359571005
weth_usdc_3000,10.0,1.0,30.0,1.0,500.0,99.63796747473451,1.0,29.97327106639437,1239,-3.146133960528483,52.10052608292696,1.0,31,4,99.58052727097918,0.06133404370024369
weth_usdc_3000,10.0,1.0,30.0,1.0,2500.0,99.63796747473451,1.0,29.97327106639437,1239,-3.146133960528483,52.10052608292696,1.0,31,4,99.61260301102345,0.07507126359571005
weth_usdc_3000,10.0,1.0,30.0,1.0,5000.0,99.63796747473451,1.0,29.97327106639437,1239,-3.146133960528483,52.10052608292696,1.0,31,4,99.61260301102345,0.07507126359571005
weth_usdc_3000,10.0,1.0,30.0,5.0,500.0,99.63796747473451,1.0,29.97327106639437,1239,-3.146133960528483,52.10052608292696,1.0,31,4,99.11900940045024,0.7851350399781583
weth_usdc_3000,10.0,1.0,30.0,5.0,2500.0,99.63796747473451,1.0,29.97327106639437,1239,-3.146133960528483,52.10052608292696,1.0,31,4,99.61260301102345,0.07507126359571005
weth_usdc_3000,10.0,1.0,30.0,5.0,5000.0,99.63796747473451,1.0,29.97327106639437,1239,-3.146133960528483,52.10052608292696,1.0,31,4,99.61260301102345,0.07507126359571005
weth_usdc_3000,10.0,1.0,100.0,0.5,500.0,98.93859114985197,1.0,99.9109035546479,1239,-9.22385199232404,52.10052608292696,1.0,31,4,98.89399330777205,0.06263155501504188
weth_usdc_3000,10.0,1.0,100.0,0.5,2500.0,98.93859114985197,1.0,99.9109035546479,1239,-9.22385199232404,52.10052608292696,1.0,31,4,98.91347329451281,0.0743262451994727
weth_usdc_3000,10.0,1.0,100.0,0.5,5000.0,98.93859114985197,1.0,99.9109035546479,1239,-9.22385199232404,52.10052608292696,1.0,31,4,98.91347329451281,0.0743262451994727
weth_usdc_3000,10.0,1.0,100.0,1.0,500.0,98.93859114985197,1.0,99.9109035546479,1239,-9.22385199232404,52.10052608292696,1.0,31,4,98.88146746304314,0.06074567983363855
weth_usdc_3000,10.0,1.0,100.0,1.0,2500.0,98.93859114985197,1.0,99.9109035546479,1239,-9.22385199232404,52.10052608292696,1.0,31,4,98.91347329451281,0.0743262451994727
weth_usdc_3000,10.0,1.0,100.0,1.0,5000.0,98.93859114985197,1.0,99.9109035546479,1239,-9.22385199232404,52.10052608292696,1.0,31,4,98.91347329451281,0.0743262451994727
weth_usdc_3000,10.0,1.0,100.0,5.0,500.0,98.93859114985197,1.0,99.9109035546479,1239,-9.22385199232404,52.10052608292696,1.0,31,4,98.41993348951603,0.7854362154475703
weth_usdc_3000,10.0,1.0,100.0,5.0,2500.0,98.93859114985197,1.0,99.9109035546479,1239,-9.22385199232404,52.10052608292696,1.0,31,4,98.91347329451281,0.0743262451994727
weth_usdc_3000,10.0,1.0,100.0,5.0,5000.0,98.93859114985197,1.0,99.9109035546479,1239,-9.22385199232404,52.10052608292696,1.0,31,4,98.91347329451281,0.0743262451994727
weth_usdc_3000,10.0,5.0,10.0,0.5,500.0,99.9,1.0,10.0,1242,-0.8690270986918051,52.10052608292696,1.0,31,4,99.8874770001531,0.019023045514984908
weth_usdc_3000,10.0,5.0,10.0,0.5,2500.0,99.9,1.0,10.0,1242,-0.8690270986918051,52.10052608292696,1.0,31,4,99.90000106897482,1.8515186967826002e-06
weth_usdc_3000,10.0,5.0,10.0,0.5,5000.0,99.9,1.0,10.0,1242,-0.8690270986918051,52.10052608292696,1.0,31,4,99.90000106897482,1.8515186967826002e-06
weth_usdc_3000,10.0,5.0,10.0,1.0,500.0,99.9,1.0,10.0,1242,-0.8690270986918051,52.10052608292696,1.0,31,4,99.87495293133138,0.038045387114860954
weth_usdc_3000,10.0,5.0,10.0,1.0,2500.0,99.9,1.0,10.0,1242,-0.8690270986918051,52.10052608292696,1.0,31,4,99.90000106897482,1.8515186967826002e-06
weth_usdc_3000,10.0,5.0,10.0,1.0,5000.0,99.9,1.0,10.0,1242,-0.8690270986918051,52.10052608292696,1.0,31,4,99.90000106897482,1.8515186967826002e-06
weth_usdc_3000,10.0,5.0,10.0,5.0,500.0,99.9,1.0,10.0,1242,-0.8690270986918051,52.10052608292696,1.0,31,4,99.4118893819466,0.8179578525029801
weth_usdc_3000,10.0,5.0,10.0,5.0,2500.0,99.9,1.0,10.0,1242,-0.8690270986918051,52.10052608292696,1.0,31,4,99.90000106897482,1.8515186967826002e-06
weth_usdc_3000,10.0,5.0,10.0,5.0,5000.0,99.9,1.0,10.0,1242,-0.8690270986918051,52.10052608292696,1.0,31,4,99.90000106897482,1.8515186967826002e-06
weth_usdc_3000,10.0,5.0,30.0,0.5,500.0,99.70000340955797,1.0,29.999659044203987,1242,-2.6070516660927963,52.10052608292696,1.0,31,4,99.68748027817627,0.019025204295134965
weth_usdc_3000,10.0,5.0,30.0,0.5,2500.0,99.70000340955797,1.0,29.999659044203987,1242,-2.6070516660927963,52.10052608292696,1.0,31,4,99.70000434699799,5.732280003534772e-06
weth_usdc_3000,10.0,5.0,30.0,0.5,5000.0,99.70000340955797,1.0,29.999659044203987,1242,-2.6070516660927963,52.10052608292696,1.0,31,4,99.70000434699799,5.732280003534772e-06
weth_usdc_3000,10.0,5.0,30.0,1.0,500.0,99.70000340955797,1.0,29.999659044203987,1242,-2.6070516660927963,52.10052608292696,1.0,31,4,99.67495620935453,0.03804754560942906
weth_usdc_3000,10.0,5.0,30.0,1.0,2500.0,99.70000340955797,1.0,29.999659044203987,1242,-2.6070516660927963,52.10052608292696,1.0,31,4,99.70000434699799,5.732280003534772e-06
weth_usdc_3000,10.0,5.0,30.0,1.0,5000.0,99.70000340955797,1.0,29.999659044203987,1242,-2.6070516660927963,52.10052608292696,1.0,31,4,99.70000434699799,5.732280003534772e-06
weth_usdc_3000,10.0,5.0,30.0,5.0,500.0,99.70000340955797,1.0,29.999659044203987,1242,-2.6070516660927963,52.10052608292696,1.0,31,4,99.21189265996976,0.8179598086602763
weth_usdc_3000,10.0,5.0,30.0,5.0,2500.0,99.70000340955797,1.0,29.999659044203987,1242,-2.6070516660927963,52.10052608292696,1.0,31,4,99.70000434699799,5.732280003534772e-06
weth_usdc_3000,10.0,5.0,30.0,5.0,5000.0,99.70000340955797,1.0,29.999659044203987,1242,-2.6070516660927963,52.10052608292696,1.0,31,4,99.70000434699799,5.732280003534772e-06
weth_usdc_3000,10.0,5.0,100.0,0.5,500.0,99.00002125772065,1.0,99.99787422793526,1242,-8.69008625156506,52.10052608292696,1.0,31,4,98.98749534221436,0.01903352951771499
weth_usdc_3000,10.0,5.0,100.0,0.5,2500.0,99.00002125772065,1.0,99.99787422793526,1242,-8.69008625156506,52.10052608292696,1.0,31,4,99.00001883948309,1.8405863751788997e-05
weth_usdc_3000,10.0,5.0,100.0,0.5,5000.0,99.00002125772065,1.0,99.99787422793526,1242,-8.69008625156506,52.10052608292696,1.0,31,4,99.00001883948309,1.8405863751788997e-05
weth_usdc_3000,10.0,5.0,100.0,1.0,500.0,99.00002125772065,1.0,99.99787422793526,1242,-8.69008625156506,52.10052608292696,1.0,31,4,98.97497127339263,0.038055868569008264
weth_usdc_3000,10.0,5.0,100.0,1.0,2500.0,99.00002125772065,1.0,99.99787422793526,1242,-8.69008625156506,52.10052608292696,1.0,31,4,99.00001883948309,1.8405863751788997e-05
weth_usdc_3000,10.0,5.0,100.0,1.0,5000.0,99.00002125772065,1.0,99.99787422793526,1242,-8.69008625156506,52.10052608292696,1.0,31,4,99.00001883948309,1.8405863751788997e-05
weth_usdc_3000,10.0,5.0,100.0,5.0,500.0,99.00002125772065,1.0,99.99787422793526,1242,-8.69008625156506,52.10052608292696,1.0,31,4,98.51190764206397,0.8179676814578224
weth_usdc_3000,10.0,5.0,100.0,5.0,2500.0,99.00002125772065,1.0,99.99787422793526,1242,-8.69008625156506,52.10052608292696,1.0,31,4,99.00001883948309,1.8405863751788997e-05
weth_usdc_3000,10.0,5.0,100.0,5.0,5000.0,99.00002125772065,1.0,99.99787422793526,1242,-8.69008625156506,52.10052608292696,1.0,31,4,99.00001883948309,1.8405863751788997e-05
weth_usdc_3000,10.0,30.0,10.0,0.5,500.0,99.24095613121536,0.24062165058949625,75.90438687846401,1866,-6.597593770885419,52.10052608292696,0.24062165058949625,31,0,99.33484534151668,0.2116640400622274
weth_usdc_3000,10.0,30.0,10.0,0.5,2500.0,99.24095613121536,0.24062165058949625,75.90438687846401,1866,-6.597593770885419,52.10052608292696,0.24062165058949625,31,0,99.40685306827227,0.28093589391838314
weth_usdc_3000,10.0,30.0,10.0,0.5,5000.0,99.24095613121536,0.24062165058949625,75.90438687846401,1866,-6.597593770885419,52.10052608292696,0.24062165058949625,31,0,99.40685306827227,0.28093589391838314
weth_usdc_3000,10.0,30.0,10.0,1.0,500.0,98.58496222994752,0.24062165058949625,141.5037770052479,1866,-12.299479333406808,52.10052608292696,0.24062165058949625,31,0,98.77460491874328,0.42211667038138473
weth_usdc_3000,10.0,30.0,10.0,1.0,2500.0,98.58496222994752,0.24062165058949625,141.5037770052479,1866,-12.299479333406808,52.10052608292696,0.24062165058949625,31,0,98.9178875713449,0.5600939792419325
weth_usdc_3000,10.0,30.0,10.0,1.0,5000.0,98.58496222994752,0.24062165058949625,141.5037770052479,1866,-12.299479333406808,52.10052608292696,0.24062165058949625,31,0,98.9178875713449,0.5600939792419325
weth_usdc_3000,10.0,30.0,10.0,5.0,500.0,93.52482538494301,0.24062165058949625,647.5174615056992,1866,-56.282085216100086,52.10052608292696,0.24062165058949625,31,0,94.25050915613969,1.7212775655816628
weth_usdc_3000,10.0,30.0,10.0,5.0,2500.0,93.52482538494301,0.24062165058949625,647.5174615056992,1866,-56.282085216100086,52.10052608292696,0.24062165058949625,31,0,95.23329954071086,2.666584479251014
weth_usdc_3000,10.0,30.0,10.0,5.0,5000.0,93.52482538494301,0.24062165058949625,647.5174615056992,1866,-56.282085216100086,52.10052608292696,0.24062165058949625,31,0,95.23329954071086,2.666584479251014
weth_usdc_3000,10.0,30.0,30.0,0.5,500.0,99.04173069932227,0.24062165058949625,95.82693006777234,1866,-8.329257147027773,52.10052608292696,0.24062165058949625,31,0,99.13585365994965,0.2111373965851922
weth_usdc_3000,10.0,30.0,30.0,0.5,2500.0,99.04173069932227,0.24062165058949625,95.82693006777234,1866,-8.329257147027773,52.10052608292696,0.24062165058949625,31,0,99.20775714288214,0.2803390021303602
weth_usdc_3000,10.0,30.0,30.0,0.5,5000.0,99.04173069932227,0.24062165058949625,95.82693006777234,1866,-8.329257147027773,52.10052608292696,0.24062165058949625,31,0,99.20775714288214,0.2803390021303602
weth_usdc_3000,10.0,30.0,30.0,1.0,500.0,98.38591531330732,0.24062165058949625,161.4084686692681,1866,-14.02959105862508,52.10052608292696,0.24062165058949625,31,0,98.57597645614155,0.4216696276024075
weth_usdc_3000,10.0,30.0,30.0,1.0,2500.0,98.38591531330732,0.24062165058949625,161.4084686692681,1866,-14.02959105862508,52.10052608292696,0.24062165058949625,31,0,98.7190743492989,0.5595058947086546
weth_usdc_3000,10.0,30.0,30.0,1.0,5000.0,98.38591531330732,0.24062165058949625,161.4084686692681,1866,-14.02959105862508,52.10052608292696,0.24062165058949625,31,0,98.7190743492989,0.5595058947086546
weth_usdc_3000,10.0,30.0,30.0,5.0,500.0,93.33083120607071,0.24062165058949625,666.9168793929288,1866,-57.96827864806235,52.10052608292696,0.24062165058949625,31,0,94.05850802750888,1.7174279359404583
weth_usdc_3000,10.0,30.0,30.0,5.0,2500.0,93.33083120607071,0.24062165058949625,666.9168793929288,1866,-57.96827864806235,52.10052608292696,0.24062165058949625,31,0,95.04060690179453,2.6623978033183917
weth_usdc_3000,10.0,30.0,30.0,5.0,5000.0,93.33083120607071,0.24062165058949625,666.9168793929288,1866,-57.96827864806235,52.10052608292696,0.24062165058949625,31,0,95.04060690179453,2.6623978033183917
weth_usdc_3000,10.0,30.0,100.0,0.5,500.0,98.34658948338358,0.24062165058949625,165.34105166164116,1866,-14.371410367376152,52.10052608292696,0.24062165058949625,31,0,98.44150499116624,0.20983107904245146
weth_usdc_3000,10.0,30.0,100.0,0.5,2500.0,98.34658948338358,0.24062165058949625,165.34105166164116,1866,-14.371410367376152,52.10052608292696,0.24062165058949625,31,0,98.5126047624447,0.27835627573323635
weth_usdc_3000,10.0,30.0,100.0,0.5,5000.0,98.34658948338358,0.24062165058949625,165.34105166164116,1866,-14.371410367376152,52.10052608292696,0.24062165058949625,31,0,98.5126047624447,0.27835627573323635
weth_usdc_3000,10.0,30.0,100.0,1.0,500.0,97.69169073154576,0.24062165058949625,230.83092684542433,1866,-20.063776913468132,52.10052608292696,0.24062165058949625,31,0,97.88329678658201,0.4208901667076486
weth_usdc_3000,10.0,30.0,100.0,1.0,2500.0,97.69169073154576,0.24062165058949625,230.83092684542433,1866,-20.063776913468132,52.10052608292696,0.24062165058949625,31,0,98.02520173423227,0.5577009046918409
weth_usdc_3000,10.0,30.0,100.0,1.0,5000.0,97.69169073154576,0.24062165058949625,230.83092684542433,1866,-20.063776913468132,52.10052608292696,0.24062165058949625,31,0,98.02520173423227,0.5577009046918409
weth_usdc_3000,10.0,30.0,100.0,5.0,500.0,92.65490151246276,0.24062165058949625,734.5098487537239,1866,-63.84344570954557,52.10052608292696,0.24062165058949625,31,0,93.39008797076158,1.7026971837756206
weth_usdc_3000,10.0,30.0,100.0,5.0,2500.0,92.65490151246276,0.24062165058949625,734.5098487537239,1866,-63.84344570954557,52.10052608292696,0.24062165058949625,31,0,94.36940369219535,2.646106998057306
weth_usdc_3000,10.0,30.0,100.0,5.0,5000.0,92.65490151246276,0.24062165058949625,734.5098487537239,1866,-63.84344570954557,52.10052608292696,0.24062165058949625,31,0,94.36940369219535,2.646106998057306
weth_usdc_3000,25.0,1.0,10.0,0.5,500.0,98.94652782366077,1.0,9.890943104262218,1092,-9.154880733498107,52.10052608292696,1.0,31,4,98.5311374256277,0.8582525946796901
weth_usdc_3000,25.0,1.0,10.0,0.5,2500.0,98.94652782366077,1.0,9.890943104262218,1092,-9.154880733498107,52.10052608292696,1.0,31,4,98.6580271703879,0.9358802636992621
weth_usdc_3000,25.0,1.0,10.0,0.5,5000.0,98.94652782366077,1.0,9.890943104262218,1092,-9.154880733498107,52.10052608292696,1.0,31,4,98.6580271703879,0.9358802636992621
weth_usdc_3000,25.0,1.0,10.0,1.0,500.0,98.94652782366077,1.0,9.890943104262218,1092,-9.154880733498107,52.10052608292696,1.0,31,4,98.51861158089879,0.8477756520557322
weth_usdc_3000,25.0,1.0,10.0,1.0,2500.0,98.94652782366077,1.0,9.890943104262218,1092,-9.154880733498107,52.10052608292696,1.0,31,4,98.6580271703879,0.9358802636992621
weth_usdc_3000,25.0,1.0,10.0,1.0,5000.0,98.94652782366077,1.0,9.890943104262218,1092,-9.154880733498107,52.10052608292696,1.0,31,4,98.6580271703879,0.9358802636992621
weth_usdc_3000,25.0,1.0,10.0,5.0,500.0,98.94652782366077,1.0,9.890943104262218,1092,-9.154880733498107,52.10052608292696,1.0,31,4,98.07785347307662,0.7879460549831285
weth_usdc_3000,25.0,1.0,10.0,5.0,2500.0,98.94652782366077,1.0,9.890943104262218,1092,-9.154880733498107,52.10052608292696,1.0,31,4,98.6580271703879,0.9358802636992621
weth_usdc_3000,25.0,1.0,10.0,5.0,5000.0,98.94652782366077,1.0,9.890943104262218,1092,-9.154880733498107,52.10052608292696,1.0,31,4,98.6580271703879,0.9358802636992621
weth_usdc_3000,25.0,1.0,30.0,0.5,500.0,98.74870896157553,1.0,29.672829312786657,1092,-10.873965612910776,52.10052608292696,1.0,31,4,98.33424713859642,0.856250822111384
weth_usdc_3000,25.0,1.0,30.0,0.5,2500.0,98.74870896157553,1.0,29.672829312786657,1092,-10.873965612910776,52.10052608292696,1.0,31,4,98.46087558434209,0.9337247597264369
weth_usdc_3000,25.0,1.0,30.0,0.5,5000.0,98.74870896157553,1.0,29.672829312786657,1092,-10.873965612910776,52.10052608292696,1.0,31,4,98.46087558434209,0.9337247597264369
weth_usdc_3000,25.0,1.0,30.0,1.0,500.0,98.74870896157553,1.0,29.672829312786657,1092,-10.873965612910776,52.10052608292696,1.0,31,4,98.32172129386751,0.845774767051658
weth_usdc_3000,25.0,1.0,30.0,1.0,2500.0,98.74870896157553,1.0,29.672829312786657,1092,-10.873965612910776,52.10052608292696,1.0,31,4,98.46087558434209,0.9337247597264369
weth_usdc_3000,25.0,1.0,30.0,1.0,5000.0,98.74870896157553,1.0,29.672829312786657,1092,-10.873965612910776,52.10052608292696,1.0,31,4,98.46087558434209,0.9337247597264369
weth_usdc_3000,25.0,1.0,30.0,5.0,500.0,98.74870896157553,1.0,29.672829312786657,1092,-10.873965612910776,52.10052608292696,1.0,31,4,97.8809117874024,0.786852835198265
weth_usdc_3000,25.0,1.0,30.0,5.0,2500.0,98.74870896157553,1.0,29.672829312786657,1092,-10.873965612910776,52.10052608292696,1.0,31,4,98.46087558434209,0.9337247597264369
weth_usdc_3000,25.0,1.0,30.0,5.0,5000.0,98.74870896157553,1.0,29.672829312786657,1092,-10.873965612910776,52.10052608292696,1.0,31,4,98.46087558434209,0.9337247597264369
weth_usdc_3000,25.0,1.0,100.0,0.5,500.0,98.05634294427718,1.0,98.90943104262219,1092,-16.890762690855112,52.10052608292696,1.0,31,4,97.64513113398694,0.8492446262826071
weth_usdc_3000,25.0,1.0,100.0,0.5,2500.0,98.05634294427718,1.0,98.90943104262219,1092,-16.890762690855112,52.10052608292696,1.0,31,4,97.7708450331818,0.9261804962820831
weth_usdc_3000,25.0,1.0,100.0,0.5,5000.0,98.05634294427718,1.0,98.90943104262219,1092,-16.890762690855112,52.10052608292696,1.0,31,4,97.7708450331818,0.9261804962820831
weth_usdc_3000,25.0,1.0,100.0,1.0,500.0,98.05634294427718,1.0,98.90943104262219,1092,-16.890762690855112,52.10052608292696,1.0,31,4,97.63260528925802,0.8387717111541406
weth_usdc_3000,25.0,1.0,100.0,1.0,2500.0,98.05634294427718,1.0,98.90943104262219,1092,-16.890762690855112,52.10052608292696,1.0,31,4,97.7708450331818,0.9261804962820831
weth_usdc_3000,25.0,1.0,100.0,1.0,5000.0,98.05634294427718,1.0,98.90943104262219,1092,-16.890762690855112,52.10052608292696,1.0,31,4,97.7708450331818,0.9261804962820831
weth_usdc_3000,25.0,1.0,100.0,5.0,500.0,98.05634294427718,1.0,98.90943104262219,1092,-16.890762690855112,52.10052608292696,1.0,31,4,97.19161588754258,0.7830568525931788
weth_usdc_3000,25.0,1.0,100.0,5.0,2500.0,98.05634294427718,1.0,98.90943104262219,1092,-16.890762690855112,52.10052608292696,1.0,31,4,97.7708450331818,0.9261804962820831
weth_usdc_3000,25.0,1.0,100.0,5.0,5000.0,98.05634294427718,1.0,98.90943104262219,1092,-16.890762690855112,52.10052608292696,1.0,31,4,97.7708450331818,0.9261804962820831
weth_usdc_3000,25.0,5.0,10.0,0.5,500.0,99.45740678941048,1.0,9.901271040436372,1094,-4.71528203568477,52.10052608292696,1.0,31,4,99.25984982761332,0.3867247848136258
weth_usdc_3000,25.0,5.0,10.0,0.5,2500.0,99.45740678941048,1.0,9.901271040436372,1094,-4.71528203568477,52.10052608292696,1.0,31,4,99.32583232722226,0.42775413213472485
weth_usdc_3000,25.0,5.0,10.0,0.5,5000.0,99.45740678941048,1.0,9.901271040436372,1094,-4.71528203568477,52.10052608292696,1.0,31,4,99.32583232722226,0.42775413213472485
weth_usdc_3000,25.0,5.0,10.0,1.0,500.0,99.45740678941048,1.0,9.901271040436372,1094,-4.71528203568477,52.10052608292696,1.0,31,4,99.2473257587916,0.37648544835818354
weth_usdc_3000,25.0,5.0,10.0,1.0,2500.0,99.45740678941048,1.0,9.901271040436372,1094,-4.71528203568477,52.10052608292696,1.0,31,4,99.32583232722226,0.42775413213472485
weth_usdc_3000,25.0,5.0,10.0,1.0,5000.0,99.45740678941048,1.0,9.901271040436372,1094,-4.71528203568477,52.10052608292696,1.0,31,4,99.32583232722226,0.42775413213472485
weth_usdc_3000,25.0,5.0,10.0,5.0,500.0,99.45740678941048,1.0,9.901271040436372,1094,-4.71528203568477,52.10052608292696,1.0,31,4,98.79430000547944,0.6633074283396346
weth_usdc_3000,25.0,5.0,10.0,5.0,2500.0,99.45740678941048,1.0,9.901271040436372,1094,-4.71528203568477,52.10052608292696,1.0,31,4,99.32583232722226,0.42775413213472485
weth_usdc_3000,25.0,5.0,10.0,5.0,5000.0,99.45740678941048,1.0,9.901271040436372,1094,-4.71528203568477,52.10052608292696,1.0,31,4,99.32583232722226,0.42775413213472485
weth_usdc_3000,25.0,5.0,30.0,0.5,500.0,99.25938136860177,1.0,29.703813121309114,1094,-6.4361766048110916,52.10052608292696,1.0,31,4,99.0627037347561,0.38486834186658303
weth_usdc_3000,25.0,5.0,30.0,0.5,2500.0,99.25938136860177,1.0,29.703813121309114,1094,-6.4361766048110916,52.10052608292696,1.0,31,4,99.12844702052803,0.4257589942351191
weth_usdc_3000,25.0,5.0,30.0,0.5,5000.0,99.25938136860177,1.0,29.703813121309114,1094,-6.4361766048110916,52.10052608292696,1.0,31,4,99.12844702052803,0.4257589942351191
weth_usdc_3000,25.0,5.0,30.0,1.0,500.0,99.25938136860177,1.0,29.703813121309114,1094,-6.4361766048110916,52.10052608292696,1.0,31,4,99.05017966593438,0.3746318914243857
weth_usdc_3000,25.0,5.0,30.0,1.0,2500.0,99.25938136860177,1.0,29.703813121309114,1094,-6.4361766048110916,52.10052608292696,1.0,31,4,99.12844702052803,0.4257589942351191
weth_usdc_3000,25.0,5.0,30.0,1.0,5000.0,99.25938136860177,1.0,29.703813121309114,1094,-6.4361766048110916,52.10052608292696,1.0,31,4,99.12844702052803,0.4257589942351191
weth_usdc_3000,25.0,5.0,30.0,5.0,500.0,99.25938136860177,1.0,29.703813121309114,1094,-6.4361766048110916,52.10052608292696,1.0,31,4,98.59710735726735,0.663484547537131
weth_usdc_3000,25.0,5.0,30.0,5.0,2500.0,99.25938136860177,1.0,29.703813121309114,1094,-6.4361766048110916,52.10052608292696,1.0,31,4,99.12844702052803,0.4257589942351191
weth_usdc_3000,25.0,5.0,30.0,5.0,5000.0,99.25938136860177,1.0,29.703813121309114,1094,-6.4361766048110916,52.10052608292696,1.0,31,4,99.12844702052803,0.4257589942351191
weth_usdc_3000,25.0,5.0,100.0,0.5,500.0,98.56629239577121,1.0,99.01271040436372,1094,-12.45930759675322,52.10052608292696,1.0,31,4,98.37269240975579,0.37837082796033034
weth_usdc_3000,25.0,5.0,100.0,0.5,2500.0,98.56629239577121,1.0,99.01271040436372,1094,-12.45930759675322,52.10052608292696,1.0,31,4,98.43759844709821,0.4187760439378215
weth_usdc_3000,25.0,5.0,100.0,0.5,5000.0,98.56629239577121,1.0,99.01271040436372,1094,-12.45930759675322,52.10052608292696,1.0,31,4,98.43759844709821,0.4187760439378215
weth_usdc_3000,25.0,5.0,100.0,1.0,500.0,98.56629239577121,1.0,99.01271040436372,1094,-12.45930759675322,52.10052608292696,1.0,31,4,98.36016834093407,0.36814470861216253
weth_usdc_3000,25.0,5.0,100.0,1.0,2500.0,98.56629239577121,1.0,99.01271040436372,1094,-12.45930759675322,52.10052608292696,1.0,31,4,98.43759844709821,0.4187760439378215
weth_usdc_3000,25.0,5.0,100.0,1.0,5000.0,98.56629239577121,1.0,99.01271040436372,1094,-12.45930759675322,52.10052608292696,1.0,31,4,98.43759844709821,0.4187760439378215
weth_usdc_3000,25.0,5.0,100.0,5.0,500.0,98.56629239577121,1.0,99.01271040436372,1094,-12.45930759675322,52.10052608292696,1.0,31,4,97.906933088525,0.6641469532927178
weth_usdc_3000,25.0,5.0,100.0,5.0,2500.0,98.56629239577121,1.0,99.01271040436372,1094,-12.45930759675322,52.10052608292696,1.0,31,4,98.43759844709821,0.4187760439378215
weth_usdc_3000,25.0,5.0,100.0,5.0,5000.0,98.56629239577121,1.0,99.01271040436372,1094,-12.45930759675322,52.10052608292696,1.0,31,4,98.43759844709821,0.4187760439378215
weth_usdc_3000,25.0,30.0,10.0,0.5,500.0,99.30450488364271,0.2926988265971317,69.54951163572925,1534,-6.045229315543029,52.10052608292696,0.2926988265971317,31,0,99.3973298079488,0.16429975432962823
weth_usdc_3000,25.0,30.0,10.0,0.5,2500.0,99.30450488364271,0.2926988265971317,69.54951163572925,1534,-6.045229315543029,52.10052608292696,0.2926988265971317,31,0,99.46450690087033,0.2301663527510415
weth_usdc_3000,25.0,30.0,10.0,0.5,5000.0,99.30450488364271,0.2926988265971317,69.54951163572925,1534,-6.045229315543029,52.10052608292696,0.2926988265971317,31,0,99.46450690087033,0.2301663527510415
weth_usdc_3000,25.0,30.0,10.0,1.0,500.0,98.7113568832265,0.2926988265971317,128.8643116773502,1534,-11.200859594231758,52.10052608292696,0.2926988265971317,31,0,98.8982528268505,0.32830011130318504
weth_usdc_3000,25.0,30.0,10.0,1.0,2500.0,98.7113568832265,0.2926988265971317,128.8643116773502,1534,-11.200859594231758,52.10052608292696,0.2926988265971317,31,0,99.03200622328463,0.4595549903917387
weth_usdc_3000,25.0,30.0,10.0,1.0,5000.0,98.7113568832265,0.2926988265971317,128.8643116773502,1534,-11.200859594231758,52.10052608292696,0.2926988265971317,31,0,99.03200622328463,0.4595549903917387
weth_usdc_3000,25.0,30.0,10.0,5.0,500.0,94.07072630832162,0.2926988265971317,592.9273691678371,1534,-51.53712556393898,52.10052608292696,0.2926988265971317,31,0,94.75998973145322,1.3258395501923497
weth_usdc_3000,25.0,30.0,10.0,5.0,2500.0,94.07072630832162,0.2926988265971317,592.9273691678371,1534,-51.53712556393898,52.10052608292696,0.2926988265971317,31,0,95.7082350190725,2.258516999865064
weth_usdc_3000,25.0,30.0,10.0,5.0,5000.0,94.07072630832162,0.2926988265971317,592.9273691678371,1534,-51.53712556393898,52.10052608292696,0.2926988265971317,31,0,95.7082350190725,2.258516999865064
weth_usdc_3000,25.0,30.0,30.0,0.5,500.0,99.10517117248816,0.2926988265971317,89.48288275118462,1534,-7.777833852809755,52.10052608292696,0.2926988265971317,31,0,99.19822305883905,0.16390633912047828
weth_usdc_3000,25.0,30.0,30.0,0.5,2500.0,99.10517117248816,0.2926988265971317,89.48288275118462,1534,-7.777833852809755,52.10052608292696,0.2926988265971317,31,0,99.26530054238388,0.22970450499864803
weth_usdc_3000,25.0,30.0,30.0,0.5,5000.0,99.10517117248816,0.2926988265971317,89.48288275118462,1534,-7.777833852809755,52.10052608292696,0.2926988265971317,31,0,99.26530054238388,0.22970450499864803
weth_usdc_3000,25.0,30.0,30.0,1.0,500.0,98.51220168732483,0.2926988265971317,148.77983126751744,1534,-12.931912480574404,52.10052608292696,0.2926988265971317,31,0,98.69931141166911,0.32800194236179614
weth_usdc_3000,25.0,30.0,30.0,1.0,2500.0,98.51220168732483,0.2926988265971317,148.77983126751744,1534,-12.931912480574404,52.10052608292696,0.2926988265971317,31,0,98.83292359218119,0.45914166094396136
weth_usdc_3000,25.0,30.0,30.0,1.0,5000.0,98.51220168732483,0.2926988265971317,148.77983126751744,1534,-12.931912480574404,52.10052608292696,0.2926988265971317,31,0,98.83292359218119,0.45914166094396136
weth_usdc_3000,25.0,30.0,30.0,5.0,500.0,93.8739446563934,0.2926988265971317,612.60553436066,1534,-53.247547654647654,52.10052608292696,0.2926988265971317,31,0,94.56502667785016,1.3244803625604225
weth_usdc_3000,25.0,30.0,30.0,5.0,2500.0,93.8739446563934,0.2926988265971317,612.60553436066,1534,-53.247547654647654,52.10052608292696,0.2926988265971317,31,0,95.5127156920184,2.256762414492878
weth_usdc_3000,25.0,30.0,30.0,5.0,5000.0,93.8739446563934,0.2926988265971317,612.60553436066,1534,-53.247547654647654,52.10052608292696,0.2926988265971317,31,0,95.5127156920184,2.256762414492878
weth_usdc_3000,25.0,30.0,100.0,0.5,500.0,98.40965097913431,0.2926988265971317,159.03490208656808,1534,-13.823281137093437,52.10052608292696,0.2926988265971317,31,0,98.50339792933029,0.16286554680093962
weth_usdc_3000,25.0,30.0,100.0,0.5,2500.0,98.40965097913431,0.2926988265971317,159.03490208656808,1534,-13.823281137093437,52.10052608292696,0.2926988265971317,31,0,98.5697326017822,0.22805290802467246
weth_usdc_3000,25.0,30.0,100.0,0.5,5000.0,98.40965097913431,0.2926988265971317,159.03490208656808,1534,-13.823281137093437,52.10052608292696,0.2926988265971317,31,0,98.5697326017822,0.22805290802467246
weth_usdc_3000,25.0,30.0,100.0,1.0,500.0,97.81759812814812,0.2926988265971317,218.24018718518832,1534,-18.969392399352756,52.10052608292696,0.2926988265971317,31,0,98.00549252052718,0.32756460048932706
weth_usdc_3000,25.0,30.0,100.0,1.0,2500.0,97.81759812814812,0.2926988265971317,218.24018718518832,1534,-18.969392399352756,52.10052608292696,0.2926988265971317,31,0,98.13809956234456,0.4578210585699432
weth_usdc_3000,25.0,30.0,100.0,1.0,5000.0,97.81759812814812,0.2926988265971317,218.24018718518832,1534,-18.969392399352756,52.10052608292696,0.2926988265971317,31,0,98.13809956234456,0.4578210585699432
weth_usdc_3000,25.0,30.0,100.0,5.0,500.0,93.18744755747032,0.2926988265971317,681.2552442529673,1534,-59.21456638682956,52.10052608292696,0.2926988265971317,31,0,93.8859954169015,1.3185285357902952
weth_usdc_3000,25.0,30.0,100.0,5.0,2500.0,93.18744755747032,0.2926988265971317,681.2552442529673,1534,-59.21456638682956,52.10052608292696,0.2926988265971317,31,0,94.83139938216678,2.2490707355203527
weth_usdc_3000,25.0,30.0,100.0,5.0,5000.0,93.18744755747032,0.2926988265971317,681.2552442529673,1534,-59.21456638682956,52.10052608292696,0.2926988265971317,31,0,94.83139938216678,2.2490707355203527
weth_usdc_3000,50.0,1.0,10.0,0.5,500.0,96.55479208549981,1.0,9.637701792023982,997,-29.939535440750596,52.10052608292696,1.0,31,4,94.03086105425089,3.5425162940527297
weth_usdc_3000,50.0,1.0,10.0,0.5,2500.0,96.55479208549981,1.0,9.637701792023982,997,-29.939535440750596,52.10052608292696,1.0,31,4,94.63296496141855,3.731614295422695
weth_usdc_3000,50.0,1.0,10.0,0.5,5000.0,96.55479208549981,1.0,9.637701792023982,997,-29.939535440750596,52.10052608292696,1.0,31,4,94.63296496141855,3.731614295422695
weth_usdc_3000,50.0,1.0,10.0,1.0,500.0,96.55479208549981,1.0,9.637701792023982,997,-29.939535440750596,52.10052608292696,1.0,31,4,94.01833520952196,3.5313099223067574
weth_usdc_3000,50.0,1.0,10.0,1.0,2500.0,96.55479208549981,1.0,9.637701792023982,997,-29.939535440750596,52.10052608292696,1.0,31,4,94.63296496141855,3.731614295422695
weth_usdc_3000,50.0,1.0,10.0,1.0,5000.0,96.55479208549981,1.0,9.637701792023982,997,-29.939535440750596,52.10052608292696,1.0,31,4,94.63296496141855,3.731614295422695
weth_usdc_3000,50.0,1.0,10.0,5.0,500.0,96.55479208549981,1.0,9.637701792023982,997,-29.939535440750596,52.10052608292696,1.0,31,4,93.6474113386607,3.2103670647216767
weth_usdc_3000,50.0,1.0,10.0,5.0,2500.0,96.55479208549981,1.0,9.637701792023982,997,-29.939535440750596,52.10052608292696,1.0,31,4,94.63296496141855,3.731614295422695
weth_usdc_3000,50.0,1.0,10.0,5.0,5000.0,96.55479208549981,1.0,9.637701792023982,997,-29.939535440750596,52.10052608292696,1.0,31,4,94.63296496141855,3.731614295422695
weth_usdc_3000,50.0,1.0,30.0,0.5,500.0,96.36203804965933,1.0,28.913105376071947,997,-31.614605982387552,52.10052608292696,1.0,31,4,93.84349957051593,3.53482365659946
weth_usdc_3000,50.0,1.0,30.0,0.5,2500.0,96.36203804965933,1.0,28.913105376071947,997,-31.614605982387552,52.10052608292696,1.0,31,4,94.44433820048664,3.7235280128993575
weth_usdc_3000,50.0,1.0,30.0,0.5,5000.0,96.36203804965933,1.0,28.913105376071947,997,-31.614605982387552,52.10052608292696,1.0,31,4,94.44433820048664,3.7235280128993575
weth_usdc_3000,50.0,1.0,30.0,1.0,500.0,96.36203804965933,1.0,28.913105376071947,997,-31.614605982387552,52.10052608292696,1.0,31,4,93.83097372578702,3.5236174672055514
weth_usdc_3000,50.0,1.0,30.0,1.0,2500.0,96.36203804965933,1.0,28.913105376071947,997,-31.614605982387552,52.10052608292696,1.0,31,4,94.44433820048664,3.7235280128993575
weth_usdc_3000,50.0,1.0,30.0,1.0,5000.0,96.36203804965933,1.0,28.913105376071947,997,-31.614605982387552,52.10052608292696,1.0,31,4,94.44433820048664,3.7235280128993575
weth_usdc_3000,50.0,1.0,30.0,5.0,500.0,96.36203804965933,1.0,28.913105376071947,997,-31.614605982387552,52.10052608292696,1.0,31,4,93.45985093493202,3.2026259991720383
weth_usdc_3000,50.0,1.0,30.0,5.0,2500.0,96.36203804965933,1.0,28.913105376071947,997,-31.614605982387552,52.10052608292696,1.0,31,4,94.44433820048664,3.7235280128993575
weth_usdc_3000,50.0,1.0,30.0,5.0,5000.0,96.36203804965933,1.0,28.913105376071947,997,-31.614605982387552,52.10052608292696,1.0,31,4,94.44433820048664,3.7235280128993575
weth_usdc_3000,50.0,1.0,100.0,0.5,500.0,95.68739892421765,1.0,96.37701792023982,997,-37.47735287811689,52.10052608292696,1.0,31,4,93.1877343774436,3.507899436469199
weth_usdc_3000,50.0,1.0,100.0,0.5,2500.0,95.68739892421765,1.0,96.37701792023982,997,-37.47735287811689,52.10052608292696,1.0,31,4,93.78414453722502,3.6952260291365224
weth_usdc_3000,50.0,1.0,100.0,0.5,5000.0,95.68739892421765,1.0,96.37701792023982,997,-37.47735287811689,52.10052608292696,1.0,31,4,93.78414453722502,3.6952260291365224
weth_usdc_3000,50.0,1.0,100.0,1.0,500.0,95.68739892421765,1.0,96.37701792023982,997,-37.47735287811689,52.10052608292696,1.0,31,4,93.17520853271468,3.496693891660961
weth_usdc_3000,50.0,1.0,100.0,1.0,2500.0,95.68739892421765,1.0,96.37701792023982,997,-37.47735287811689,52.10052608292696,1.0,31,4,93.78414453722502,3.6952260291365224
weth_usdc_3000,50.0,1.0,100.0,1.0,5000.0,95.68739892421765,1.0,96.37701792023982,997,-37.47735287811689,52.10052608292696,1.0,31,4,93.78414453722502,3.6952260291365224
weth_usdc_3000,50.0,1.0,100.0,5.0,500.0,95.68739892421765,1.0,96.37701792023982,997,-37.47735287811689,52.10052608292696,1.0,31,4,92.80338952188158,3.175538403240546
weth_usdc_3000,50.0,1.0,100.0,5.0,2500.0,95.68739892421765,1.0,96.37701792023982,997,-37.47735287811689,52.10052608292696,1.0,31,4,93.78414453722502,3.6952260291365224
weth_usdc_3000,50.0,1.0,100.0,5.0,5000.0,95.68739892421765,1.0,96.37701792023982,997,-37.47735287811689,52.10052608292696,1.0,31,4,93.78414453722502,3.6952260291365224
weth_usdc_3000,50.0,5.0,10.0,0.5,500.0,96.85159548437804,1.0,9.549089030572162,977,-27.36048841719134,52.10052608292696,1.0,31,4,94.99302716297656,2.8813462505446994
weth_usdc_3000,50.0,5.0,10.0,0.5,2500.0,96.85159548437804,1.0,9.549089030572162,977,-27.36048841719134,52.10052608292696,1.0,31,4,95.48246701779104,3.0921051390258856
weth_usdc_3000,50.0,5.0,10.0,0.5,5000.0,96.85159548437804,1.0,9.549089030572162,977,-27.36048841719134,52.10052608292696,1.0,31,4,95.48246701779104,3.0921051390258856
weth_usdc_3000,50.0,5.0,10.0,1.0,500.0,96.85159548437804,1.0,9.549089030572162,977,-27.36048841719134,52.10052608292696,1.0,31,4,94.98050309415483,2.870304786819938
weth_usdc_3000,50.0,5.0,10.0,1.0,2500.0,96.85159548437804,1.0,9.549089030572162,977,-27.36048841719134,52.10052608292696,1.0,31,4,95.48246701779104,3.0921051390258856
weth_usdc_3000,50.0,5.0,10.0,1.0,5000.0,96.85159548437804,1.0,9.549089030572162,977,-27.36048841719134,52.10052608292696,1.0,31,4,95.48246701779104,3.0921051390258856
weth_usdc_3000,50.0,5.0,10.0,5.0,500.0,96.85159548437804,1.0,9.549089030572162,977,-27.36048841719134,52.10052608292696,1.0,31,4,94.60105324301736,2.565082327656346
weth_usdc_3000,50.0,5.0,10.0,5.0,2500.0,96.85159548437804,1.0,9.549089030572162,977,-27.36048841719134,52.10052608292696,1.0,31,4,95.48246701779104,3.0921051390258856
weth_usdc_3000,50.0,5.0,10.0,5.0,5000.0,96.85159548437804,1.0,9.549089030572162,977,-27.36048841719134,52.10052608292696,1.0,31,4,95.48246701779104,3.0921051390258856
weth_usdc_3000,50.0,5.0,30.0,0.5,500.0,96.66061370376659,1.0,28.647267091716483,977,-29.020171844268916,52.10052608292696,1.0,31,4,94.80747879507318,2.872620654790164
weth_usdc_3000,50.0,5.0,30.0,0.5,2500.0,96.66061370376659,1.0,28.647267091716483,977,-29.020171844268916,52.10052608292696,1.0,31,4,95.29553916076297,3.0827761001527474
weth_usdc_3000,50.0,5.0,30.0,0.5,5000.0,96.66061370376659,1.0,28.647267091716483,977,-29.020171844268916,52.10052608292696,1.0,31,4,95.29553916076297,3.0827761001527474
weth_usdc_3000,50.0,5.0,30.0,1.0,500.0,96.66061370376659,1.0,28.647267091716483,977,-29.020171844268916,52.10052608292696,1.0,31,4,94.79495472625145,2.8615793576298545
weth_usdc_3000,50.0,5.0,30.0,1.0,2500.0,96.66061370376659,1.0,28.647267091716483,977,-29.020171844268916,52.10052608292696,1.0,31,4,95.29553916076297,3.0827761001527474
weth_usdc_3000,50.0,5.0,30.0,1.0,5000.0,96.66061370376659,1.0,28.647267091716483,977,-29.020171844268916,52.10052608292696,1.0,31,4,95.29553916076297,3.0827761001527474
weth_usdc_3000,50.0,5.0,30.0,5.0,500.0,96.66061370376659,1.0,28.647267091716483,977,-29.020171844268916,52.10052608292696,1.0,31,4,94.41526183722121,2.556389216181161
weth_usdc_3000,50.0,5.0,30.0,5.0,2500.0,96.66061370376659,1.0,28.647267091716483,977,-29.020171844268916,52.10052608292696,1.0,31,4,95.29553916076297,3.0827761001527474
weth_usdc_3000,50.0,5.0,30.0,5.0,5000.0,96.66061370376659,1.0,28.647267091716483,977,-29.020171844268916,52.10052608292696,1.0,31,4,95.29553916076297,3.0827761001527474
weth_usdc_3000,50.0,5.0,100.0,0.5,500.0,95.99217747162655,1.0,95.4908903057216,977,-34.82906383904042,52.10052608292696,1.0,31,4,94.15805950741135,2.8420811690234276
weth_usdc_3000,50.0,5.0,100.0,0.5,2500.0,95.99217747162655,1.0,95.4908903057216,977,-34.82906383904042,52.10052608292696,1.0,31,4,94.64129166116477,3.050124509634629
weth_usdc_3000,50.0,5.0,100.0,0.5,5000.0,95.99217747162655,1.0,95.4908903057216,977,-34.82906383904042,52.10052608292696,1.0,31,4,94.64129166116477,3.050124509634629
weth_usdc_3000,50.0,5.0,100.0,1.0,500.0,95.99217747162655,1.0,95.4908903057216,977,-34.82906383904042,52.10052608292696,1.0,31,4,94.14553543858963,2.831040463311763
weth_usdc_3000,50.0,5.0,100.0,1.0,2500.0,95.99217747162655,1.0,95.4908903057216,977,-34.82906383904042,52.10052608292696,1.0,31,4,94.64129166116477,3.050124509634629
weth_usdc_3000,50.0,5.0,100.0,1.0,5000.0,95.99217747162655,1.0,95.4908903057216,977,-34.82906383904042,52.10052608292696,1.0,31,4,94.64129166116477,3.050124509634629
weth_usdc_3000,50.0,5.0,100.0,5.0,500.0,95.99217747162655,1.0,95.4908903057216,977,-34.82906383904042,52.10052608292696,1.0,31,4,93.76499191693466,2.525978666531781
weth_usdc_3000,50.0,5.0,100.0,5.0,2500.0,95.99217747162655,1.0,95.4908903057216,977,-34.82906383904042,52.10052608292696,1.0,31,4,94.64129166116477,3.050124509634629
weth_usdc_3000,50.0,5.0,100.0,5.0,5000.0,95.99217747162655,1.0,95.4908903057216,977,-34.82906383904042,52.10052608292696,1.0,31,4,94.64129166116477,3.050124509634629
weth_usdc_3000,50.0,30.0,10.0,0.5,500.0,99.44183817266682,0.4354995150339476,55.816182733318655,1031,-4.851531178370245,52.10052608292696,0.4354995150339476,31,2,99.55916362598087,0.10794871303868438
weth_usdc_3000,50.0,30.0,10.0,0.5,2500.0,99.44183817266682,0.4354995150339476,55.816182733318655,1031,-4.851531178370245,52.10052608292696,0.4354995150339476,31,2,99.6071095669626,0.15677935732234746
weth_usdc_3000,50.0,30.0,10.0,0.5,5000.0,99.44183817266682,0.4354995150339476,55.816182733318655,1031,-4.851531178370245,52.10052608292696,0.4354995150339476,31,2,99.6071095669626,0.15677935732234746
weth_usdc_3000,50.0,30.0,10.0,1.0,500.0,98.98602346127471,0.4354995150339476,101.39765387252902,1031,-8.813463319886191,52.10052608292696,0.4354995150339476,31,2,99.22120991179501,0.21611942627496378
weth_usdc_3000,50.0,30.0,10.0,1.0,2500.0,98.98602346127471,0.4354995150339476,101.39765387252902,1031,-8.813463319886191,52.10052608292696,0.4354995150339476,31,2,99.31658145908338,0.3132544272032739
weth_usdc_3000,50.0,30.0,10.0,1.0,5000.0,98.98602346127471,0.4354995150339476,101.39765387252902,1031,-8.813463319886191,52.10052608292696,0.4354995150339476,31,2,99.31658145908338,0.3132544272032739
weth_usdc_3000,50.0,30.0,10.0,5.0,500.0,95.41123966461954,0.4354995150339476,458.8760335380451,1031,-39.88541090947388,52.10052608292696,0.4354995150339476,31,2,96.2632833174134,0.8587856075532171
weth_usdc_3000,50.0,30.0,10.0,5.0,2500.0,95.41123966461954,0.4354995150339476,458.8760335380451,1031,-39.88541090947388,52.10052608292696,0.4354995150339476,31,2,97.06609091831614,1.5643999275253258
weth_usdc_3000,50.0,30.0,10.0,5.0,5000.0,95.41123966461954,0.4354995150339476,458.8760335380451,1031,-39.88541090947388,52.10052608292696,0.4354995150339476,31,2,97.06609091831614,1.5643999275253258
weth_usdc_3000,50.0,30.0,30.0,0.5,500.0,99.24250446151225,0.4354995150339476,75.74955384877403,1031,-6.584135715636971,52.10052608292696,0.4354995150339476,31,2,99.3599245353764,0.10766445610775513
weth_usdc_3000,50.0,30.0,30.0,0.5,2500.0,99.24250446151225,0.4354995150339476,75.74955384877403,1031,-6.584135715636971,52.10052608292696,0.4354995150339476,31,2,99.407793966379,0.15641332778815428
weth_usdc_3000,50.0,30.0,30.0,0.5,5000.0,99.24250446151225,0.4354995150339476,75.74955384877403,1031,-6.584135715636971,52.10052608292696,0.4354995150339476,31,2,99.407793966379,0.15641332778815428
weth_usdc_3000,50.0,30.0,30.0,1.0,500.0,98.78686826537304,0.4354995150339476,121.31317346269626,1031,-10.544516206228836,52.10052608292696,0.4354995150339476,31,2,99.02210806994195,0.2158823946187434
weth_usdc_3000,50.0,30.0,30.0,1.0,2500.0,98.78686826537304,0.4354995150339476,121.31317346269626,1031,-10.544516206228836,52.10052608292696,0.4354995150339476,31,2,99.117370769964,0.3129053451835288
weth_usdc_3000,50.0,30.0,30.0,1.0,5000.0,98.78686826537304,0.4354995150339476,121.31317346269626,1031,-10.544516206228836,52.10052608292696,0.4354995150339476,31,2,99.117370769964,0.3129053451835288
weth_usdc_3000,50.0,30.0,30.0,5.0,500.0,95.21358202210207,0.4354995150339476,478.64179778979275,1031,-41.603447092453976,52.10052608292696,0.4354995150339476,31,2,96.06609025843585,0.8586213493275513
weth_usdc_3000,50.0,30.0,30.0,5.0,2500.0,95.21358202210207,0.4354995150339476,478.64179778979275,1031,-41.603447092453976,52.10052608292696,0.4354995150339476,31,2,96.86855955956504,1.5639213698986272
weth_usdc_3000,50.0,30.0,30.0,5.0,5000.0,95.21358202210207,0.4354995150339476,478.64179778979275,1031,-41.603447092453976,52.10052608292696,0.4354995150339476,31,2,96.86855955956504,1.5639213698986272
weth_usdc_3000,50.0,30.0,100.0,0.5,500.0,98.54698426815843,0.4354995150339476,145.3015731841575,1031,-12.629582999920652,52.10052608292696,0.4354995150339476,31,2,98.66480315573187,0.10715253722520025
weth_usdc_3000,50.0,30.0,100.0,0.5,2500.0,98.54698426815843,0.4354995150339476,145.3015731841575,1031,-12.629582999920652,52.10052608292696,0.4354995150339476,31,2,98.71195551008151,0.15515287277176198
weth_usdc_3000,50.0,30.0,100.0,0.5,5000.0,98.54698426815843,0.4354995150339476,145.3015731841575,1031,-12.629582999920652,52.10052608292696,0.4354995150339476,31,2,98.71195551008151,0.15515287277176198
weth_usdc_3000,50.0,30.0,100.0,1.0,500.0,98.09226470619633,0.4354995150339476,190.77352938036714,1031,-16.58199612500719,52.10052608292696,0.4354995150339476,31,2,98.3278139162742,0.2157129493412059
weth_usdc_3000,50.0,30.0,100.0,1.0,2500.0,98.09226470619633,0.4354995150339476,190.77352938036714,1031,-16.58199612500719,52.10052608292696,0.4354995150339476,31,2,98.42215876896198,0.3117921184906662
weth_usdc_3000,50.0,30.0,100.0,1.0,5000.0,98.09226470619633,0.4354995150339476,190.77352938036714,1031,-16.58199612500719,52.10052608292696,0.4354995150339476,31,2,98.42215876896198,0.3117921184906662
weth_usdc_3000,50.0,30.0,100.0,5.0,500.0,94.5239191802475,0.4354995150339476,547.6080819752491,1031,-47.59798239739797,52.10052608292696,0.4354995150339476,31,2,95.37927529651381,0.8577739551752602
weth_usdc_3000,50.0,30.0,100.0,5.0,2500.0,94.5239191802475,0.4354995150339476,547.6080819752491,1031,-47.59798239739797,52.10052608292696,0.4354995150339476,31,2,96.1802135607494,1.561057167240715
weth_usdc_3000,50.0,30.0,100.0,5.0,5000.0,94.5239191802475,0.4354995150339476,547.6080819752491,1031,-47.59798239739797,52.10052608292696,0.4354995150339476,31,2,96.1802135607494,1.561057167240715
wbtc_usdc_500,5.0,1.0,10.0,0.5,500.0,99.88609916291459,1.0,9.996736780124285,885,-105.76577648469146,16.900078994469066,1.0,31,4,99.88036715530299,0.01714730976335323
wbtc_usdc_500,5.0,1.0,10.0,0.5,2500.0,99.88609916291459,1.0,9.996736780124285,885,-105.76577648469146,16.900078994469066,1.0,31,4,99.89354119439123,0.0044177084273330615
wbtc_usdc_500,5.0,1.0,10.0,0.5,5000.0,99.88609916291459,1.0,9.996736780124285,885,-105.76577648469146,16.900078994469066,1.0,31,4,99.89354119439123,0.0044177084273330615
wbtc_usdc_500,5.0,1.0,10.0,1.0,500.0,99.88609916291459,1.0,9.996736780124285,885,-105.76577648469146,16.900078994469066,1.0,31,4,99.86784131057408,0.03599950874208499
wbtc_usdc_500,5.0,1.0,10.0,1.0,2500.0,99.88609916291459,1.0,9.996736780124285,885,-105.76577648469146,16.900078994469066,1.0,31,4,99.89354119439123,0.0044177084273330615
wbtc_usdc_500,5.0,1.0,10.0,1.0,5000.0,99.88609916291459,1.0,9.996736780124285,885,-105.76577648469146,16.900078994469066,1.0,31,4,99.89354119439123,0.0044177084273330615
wbtc_usdc_500,5.0,1.0,10.0,5.0,500.0,99.88609916291459,1.0,9.996736780124285,885,-105.76577648469146,16.900078994469066,1.0,31,4,99.40486308118565,0.8157320618009043
wbtc_usdc_500,5.0,1.0,10.0,5.0,2500.0,99.88609916291459,1.0,9.996736780124285,885,-105.76577648469146,16.900078994469066,1.0,31,4,99.89354119439123,0.0044177084273330615
wbtc_usdc_500,5.0,1.0,10.0,5.0,5000.0,99.88609916291459,1.0,9.996736780124285,885,-105.76577648469146,16.900078994469066,1.0,31,4,99.89354119439123,0.0044177084273330615
wbtc_usdc_500,5.0,1.0,30.0,0.5,500.0,99.68616442731211,1.0,29.990210340372858,885,-291.42071193878843,16.900078994469066,1.0,31,4,99.68039967178245,0.01715449861794429
wbtc_usdc_500,5.0,1.0,30.0,0.5,2500.0,99.68616442731211,1.0,29.990210340372858,885,-291.42071193878843,16.900078994469066,1.0,31,4,99.69357088280383,0.004396596300980274
wbtc_usdc_500,5.0,1.0,30.0,0.5,5000.0,99.68616442731211,1.0,29.990210340372858,885,-291.42071193878843,16.900078994469066,1.0,31,4,99.69357088280383,0.004396596300980274
wbtc_usdc_500,5.0,1.0,30.0,1.0,500.0,99.68616442731211,1.0,29.990210340372858,885,-291.42071193878843,16.900078994469066,1.0,31,4,99.66787382705354,0.03600849235580393
wbtc_usdc_500,5.0,1.0,30.0,1.0,2500.0,99.68616442731211,1.0,29.990210340372858,885,-291.42071193878843,16.900078994469066,1.0,31,4,99.69357088280383,0.004396596300980274
wbtc_usdc_500,5.0,1.0,30.0,1.0,5000.0,99.68616442731211,1.0,29.990210340372858,885,-291.42071193878843,16.900078994469066,1.0,31,4,99.69357088280383,0.004396596300980274
wbtc_usdc_500,5.0,1.0,30.0,5.0,500.0,99.68616442731211,1.0,29.990210340372858,885,-291.42071193878843,16.900078994469066,1.0,31,4,99.20489495503166,0.8157430213038293
wbtc_usdc_500,5.0,1.0,30.0,5.0,2500.0,99.68616442731211,1.0,29.990210340372858,885,-291.42071193878843,16.900078994469066,1.0,31,4,99.69357088280383,0.004396596300980274
wbtc_usdc_500,5.0,1.0,30.0,5.0,5000.0,99.68616442731211,1.0,29.990210340372858,885,-291.42071193878843,16.900078994469066,1.0,31,4,99.69357088280383,0.004396596300980274
wbtc_usdc_500,5.0,1.0,100.0,0.5,500.0,98.9863928527034,1.0,99.96736780124286,885,-941.2129860281277,16.900078994469066,1.0,31,4,98.98051347946057,0.01717980580811614
wbtc_usdc_500,5.0,1.0,100.0,0.5,2500.0,98.9863928527034,1.0,99.96736780124286,885,-941.2129860281277,16.900078994469066,1.0,31,4,98.99367479224792,0.004322704271332665
wbtc_usdc_500,5.0,1.0,100.0,0.5,5000.0,98.9863928527034,1.0,99.96736780124286,885,-941.2129860281277,16.900078994469066,1.0,31,4,98.99367479224792,0.004322704271332665
wbtc_usdc_500,5.0,1.0,100.0,1.0,500.0,98.9863928527034,1.0,99.96736780124286,885,-941.2129860281277,16.900078994469066,1.0,31,4,98.96798763473166,0.03603999835248864
wbtc_usdc_500,5.0,1.0,100.0,1.0,2500.0,98.9863928527034,1.0,99.96736780124286,885,-941.2129860281277,16.900078994469066,1.0,31,4,98.99367479224792,0.004322704271332665
wbtc_usdc_500,5.0,1.0,100.0,1.0,5000.0,98.9863928527034,1.0,99.96736780124286,885,-941.2129860281277,16.900078994469066,1.0,31,4,98.99367479224792,0.004322704271332665
wbtc_usdc_500,5.0,1.0,100.0,5.0,500.0,98.9863928527034,1.0,99.96736780124286,885,-941.2129860281277,16.900078994469066,1.0,31,4,98.50500651349266,0.8157813822031766
wbtc_usdc_500,5.0,1.0,100.0,5.0,2500.0,98.9863928527034,1.0,99.96736780124286,885,-941.2129860281277,16.900078994469066,1.0,31,4,98.99367479224792,0.004322704271332665
wbtc_usdc_500,5.0,1.0,100.0,5.0,5000.0,98.9863928527034,1.0,99.96736780124286,885,-941.2129860281277,16.900078994469066,1.0,31,4,98.99367479224792,0.004322704271332665
wbtc_usdc_500,5.0,5.0,10.0,0.5,500.0,99.83506995788443,0.7430426716141002,16.49300421155669,1078,-152.93610605576094,16.900078994469066,0.7430426716141002,31,4,99.85448952843544,0.018725625953173952
wbtc_usdc_500,5.0,5.0,10.0,0.5,2500.0,99.83506995788443,0.7430426716141002,16.49300421155669,1078,-152.93610605576094,16.900078994469066,0.7430426716141002,31,4,99.86976810854934,0.021045774544210683
wbtc_usdc_500,5.0,5.0,10.0,0.5,5000.0,99.83506995788443,0.7430426716141002,16.49300421155669,1078,-152.93610605576094,16.900078994469066,0.7430426716141002,31,4,99.86976810854934,0.021045774544210683
wbtc_usdc_500,5.0,5.0,10.0,1.0,500.0,99.77013563986958,0.7430426716141002,22.9864360130415,1078,-213.14831251126395,16.900078994469066,0.7430426716141002,31,4,99.80897798789606,0.03745236052518861
wbtc_usdc_500,5.0,5.0,10.0,1.0,2500.0,99.77013563986958,0.7430426716141002,22.9864360130415,1078,-213.14831251126395,16.900078994469066,0.7430426716141002,31,4,99.83953514812386,0.04209331151012606
wbtc_usdc_500,5.0,5.0,10.0,1.0,5000.0,99.77013563986958,0.7430426716141002,22.9864360130415,1078,-213.14831251126395,16.900078994469066,0.7430426716141002,31,4,99.83953514812386,0.04209331151012606
wbtc_usdc_500,5.0,5.0,10.0,5.0,500.0,99.2521074332017,0.7430426716141002,74.78925667983033,1078,-693.5048063228796,16.900078994469066,0.7430426716141002,31,4,99.08899822765048,0.7373225740577081
wbtc_usdc_500,5.0,5.0,10.0,5.0,2500.0,99.2521074332017,0.7430426716141002,74.78925667983033,1078,-693.5048063228796,16.900078994469066,0.7430426716141002,31,4,99.59812225940367,0.2098883542823583
wbtc_usdc_500,5.0,5.0,10.0,5.0,5000.0,99.2521074332017,0.7430426716141002,74.78925667983033,1078,-693.5048063228796,16.900078994469066,0.7430426716141002,31,4,99.59812225940367,0.2098883542823583
wbtc_usdc_500,5.0,5.0,30.0,0.5,500.0,99.63507966041914,0.7430426716141002,36.49203395808643,1078,-338.3828382032275,16.900078994469066,0.7430426716141002,31,4,99.6544928064586,0.018723857904370197
wbtc_usdc_500,5.0,5.0,30.0,0.5,2500.0,99.63507966041914,0.7430426716141002,36.49203395808643,1078,-338.3828382032275,16.900078994469066,0.7430426716141002,31,4,99.6697713865725,0.02104182137010745
wbtc_usdc_500,5.0,5.0,30.0,0.5,5000.0,99.63507966041914,0.7430426716141002,36.49203395808643,1078,-338.3828382032275,16.900078994469066,0.7430426716141002,31,4,99.6697713865725,0.02104182137010745
wbtc_usdc_500,5.0,5.0,30.0,1.0,500.0,99.57014534240429,0.7430426716141002,42.98546575957124,1078,-398.59504465873044,16.900078994469066,0.7430426716141002,31,4,99.60898126591923,0.037450592177524056
wbtc_usdc_500,5.0,5.0,30.0,1.0,2500.0,99.57014534240429,0.7430426716141002,42.98546575957124,1078,-398.59504465873044,16.900078994469066,0.7430426716141002,31,4,99.63953842614703,0.042089358337576335
wbtc_usdc_500,5.0,5.0,30.0,1.0,5000.0,99.57014534240429,0.7430426716141002,42.98546575957124,1078,-398.59504465873044,16.900078994469066,0.7430426716141002,31,4,99.63953842614703,0.042089358337576335
wbtc_usdc_500,5.0,5.0,30.0,5.0,500.0,99.05214638791352,0.7430426716141002,94.78536120864749,1078,-878.9244135511628,16.900078994469066,0.7430426716141002,31,4,98.88901076479195,0.7373261661812168
wbtc_usdc_500,5.0,5.0,30.0,5.0,2500.0,99.05214638791352,0.7430426716141002,94.78536120864749,1078,-878.9244135511628,16.900078994469066,0.7430426716141002,31,4,99.39813470249044,0.2098726947456218
wbtc_usdc_500,5.0,5.0,30.0,5.0,5000.0,99.05214638791352,0.7430426716141002,94.78536120864749,1078,-878.9244135511628,16.900078994469066,0.7430426716141002,31,4,99.39813470249044,0.2098726947456218
wbtc_usdc_500,5.0,5.0,100.0,0.5,500.0,98.93511361929059,0.7430426716141002,106.48863807094054,1078,-987.4464007193603,16.900078994469066,0.7430426716141002,31,4,98.9545078835958,0.01872030328705613
wbtc_usdc_500,5.0,5.0,100.0,0.5,2500.0,98.93511361929059,0.7430426716141002,106.48863807094054,1078,-987.4464007193603,16.900078994469066,0.7430426716141002,31,4,98.96978588617604,0.021029247222004208
wbtc_usdc_500,5.0,5.0,100.0,0.5,5000.0,98.93511361929059,0.7430426716141002,106.48863807094054,1078,-987.4464007193603,16.900078994469066,0.7430426716141002,31,4,98.96978588617604,0.021029247222004208
wbtc_usdc_500,5.0,5.0,100.0,1.0,500.0,98.87017930127574,0.7430426716141002,112.98206987242534,1078,-1047.6586071748634,16.900078994469066,0.7430426716141002,31,4,98.9089963430564,0.03744703414494341
wbtc_usdc_500,5.0,5.0,100.0,1.0,2500.0,98.87017930127574,0.7430426716141002,112.98206987242534,1078,-1047.6586071748634,16.900078994469066,0.7430426716141002,31,4,98.93955292575055,0.04207678414353769
wbtc_usdc_500,5.0,5.0,100.0,1.0,5000.0,98.87017930127574,0.7430426716141002,112.98206987242534,1078,-1047.6586071748634,16.900078994469066,0.7430426716141002,31,4,98.93955292575055,0.04207678414353769
wbtc_usdc_500,5.0,5.0,100.0,5.0,500.0,98.35228272940492,0.7430426716141002,164.77172705950753,1078,-1527.893038850154,16.900078994469066,0.7430426716141002,31,4,98.18905923095993,0.737338516812404
wbtc_usdc_500,5.0,5.0,100.0,5.0,2500.0,98.35228272940492,0.7430426716141002,164.77172705950753,1078,-1527.893038850154,16.900078994469066,0.7430426716141002,31,4,98.69818214399143,0.20981988899082488
wbtc_usdc_500,5.0,5.0,100.0,5.0,5000.0,98.35228272940492,0.7430426716141002,164.77172705950753,1078,-1527.893038850154,16.900078994469066,0.7430426716141002,31,4,98.69818214399143,0.20981988899082488
wbtc_usdc_500,5.0,30.0,10.0,0.5,500.0,99.0103522216013,0.0900212314225053,98.96477783987065,2355,-854.0096511788859,16.900078994469066,0.0900212314225053,31,0,99.31882647326246,0.21712359822299324
wbtc_usdc_500,5.0,30.0,10.0,0.5,2500.0,99.0103522216013,0.0900212314225053,98.96477783987065,2355,-854.0096511788859,16.900078994469066,0.0900212314225053,31,0,99.3926856197861,0.28801602538084103
wbtc_usdc_500,5.0,30.0,10.0,0.5,5000.0,99.0103522216013,0.0900212314225053,98.96477783987065,2355,-854.0096511788859,16.900078994469066,0.0900212314225053,31,0,99.3926856197861,0.28801602538084103
wbtc_usdc_500,5.0,30.0,10.0,1.0,500.0,98.13301298882975,0.0900212314225053,186.6987011170255,2355,-1611.1034258520438,16.900078994469066,0.0900212314225053,31,0,98.74487793864758,0.43115549520282237
wbtc_usdc_500,5.0,30.0,10.0,1.0,2500.0,98.13301298882975,0.0900212314225053,186.6987011170255,2355,-1611.1034258520438,16.900078994469066,0.0900212314225053,31,0,98.8918149302125,0.5722576186288185
wbtc_usdc_500,5.0,30.0,10.0,1.0,5000.0,98.13301298882975,0.0900212314225053,186.6987011170255,2355,-1611.1034258520438,16.900078994469066,0.0900212314225053,31,0,98.8918149302125,0.5722576186288185
wbtc_usdc_500,5.0,30.0,10.0,5.0,500.0,91.6802418178176,0.0900212314225053,831.9758182182401,2355,-7179.477323290438,16.900078994469066,0.0900212314225053,31,0,94.15613659260657,1.7274265010832934
wbtc_usdc_500,5.0,30.0,10.0,5.0,2500.0,91.6802418178176,0.0900212314225053,831.9758182182401,2355,-7179.477323290438,16.900078994469066,0.0900212314225053,31,0,95.15093369856673,2.693061261673043
wbtc_usdc_500,5.0,30.0,10.0,5.0,5000.0,91.6802418178176,0.0900212314225053,831.9758182182401,2355,-7179.477323290438,16.900078994469066,0.0900212314225053,31,0,95.15093369856673,2.693061261673043
wbtc_usdc_500,5.0,30.0,30.0,0.5,500.0,98.81279744572248,0.0900212314225053,118.72025542775185,2355,-1024.488167798176,16.900078994469066,0.0900212314225053,31,0,99.12001756971924,0.21641441047926022
wbtc_usdc_500,5.0,30.0,30.0,0.5,2500.0,98.81279744572248,0.0900212314225053,118.72025542775185,2355,-1024.488167798176,16.900078994469066,0.0900212314225053,31,0,99.1937713168448,0.2872356567114942
wbtc_usdc_500,5.0,30.0,30.0,0.5,5000.0,98.81279744572248,0.0900212314225053,118.72025542775185,2355,-1024.488167798176,16.900078994469066,0.0900212314225053,31,0,99.1937713168448,0.2872356567114942
wbtc_usdc_500,5.0,30.0,30.0,1.0,500.0,97.9357940827803,0.0900212314225053,206.42059172196952,2355,-1781.2921059435466,16.900078994469066,0.0900212314225053,31,0,98.54659635300912,0.43052037775768176
wbtc_usdc_500,5.0,30.0,30.0,1.0,2500.0,97.9357940827803,0.0900212314225053,206.42059172196952,2355,-1781.2921059435466,16.900078994469066,0.0900212314225053,31,0,98.69333008952783,0.5714497661416655
wbtc_usdc_500,5.0,30.0,30.0,1.0,5000.0,97.9357940827803,0.0900212314225053,206.42059172196952,2355,-1781.2921059435466,16.900078994469066,0.0900212314225053,31,0,98.69333008952783,0.5714497661416655
wbtc_usdc_500,5.0,30.0,30.0,5.0,500.0,91.49910528505036,0.0900212314225053,850.0894714949632,2355,-7335.787831474061,16.900078994469066,0.0900212314225053,31,0,93.96573801010862,1.7226105259106228
wbtc_usdc_500,5.0,30.0,30.0,5.0,2500.0,91.49910528505036,0.0900212314225053,850.0894714949632,2355,-7335.787831474061,16.900078994469066,0.0900212314225053,31,0,94.95973629743867,2.6878255573403833
wbtc_usdc_500,5.0,30.0,30.0,5.0,5000.0,91.49910528505036,0.0900212314225053,850.0894714949632,2355,-7335.787831474061,16.900078994469066,0.0900212314225053,31,0,94.95973629743867,2.6878255573403833
wbtc_usdc_500,5.0,30.0,100.0,0.5,500.0,98.12244949759068,0.0900212314225053,187.75505024093246,2355,-1620.2191169749055,16.900078994469066,0.0900212314225053,31,0,98.42661639068987,0.21441188823405236
wbtc_usdc_500,5.0,30.0,100.0,0.5,2500.0,98.12244949759068,0.0900212314225053,187.75505024093246,2355,-1620.2191169749055,16.900078994469066,0.0900212314225053,31,0,98.49953832996859,0.2845093981352301
wbtc_usdc_500,5.0,30.0,100.0,0.5,5000.0,98.12244949759068,0.0900212314225053,187.75505024093246,2355,-1620.2191169749055,16.900078994469066,0.0900212314225053,31,0,98.49953832996859,0.2845093981352301
wbtc_usdc_500,5.0,30.0,100.0,1.0,500.0,97.2466216790513,0.0900212314225053,275.33783209487,2355,-2376.0086272730214,16.900078994469066,0.0900212314225053,31,0,97.85529896542211,0.4291746533364357
wbtc_usdc_500,5.0,30.0,100.0,1.0,2500.0,97.2466216790513,0.0900212314225053,275.33783209487,2355,-2376.0086272730214,16.900078994469066,0.0900212314225053,31,0,98.0007279169306,0.5689363881726652
wbtc_usdc_500,5.0,30.0,100.0,1.0,5000.0,97.2466216790513,0.0900212314225053,275.33783209487,2355,-2376.0086272730214,16.900078994469066,0.0900212314225053,31,0,98.0007279169306,0.5689363881726652
wbtc_usdc_500,5.0,30.0,100.0,5.0,500.0,90.87133294008567,0.0900212314225053,912.8667059914337,2355,-7877.519600134758,16.900078994469066,0.0900212314225053,31,0,93.30282810367225,1.7044043466986138
wbtc_usdc_500,5.0,30.0,100.0,5.0,2500.0,90.87133294008567,0.0900212314225053,912.8667059914337,2355,-7877.519600134758,16.900078994469066,0.0900212314225053,31,0,94.29369333575242,2.66784147886462
wbtc_usdc_500,5.0,30.0,100.0,5.0,5000.0,90.87133294008567,0.0900212314225053,912.8667059914337,2355,-7877.519600134758,16.900078994469066,0.0900212314225053,31,0,94.29369333575242,2.66784147886462
wbtc_usdc_500,10.0,1.0,10.0,0.5,500.0,99.68378845056569,1.0,9.96939908340354,791,-293.626990943632,16.900078994469066,1.0,31,4,99.7927844894041,0.06349978634946939
wbtc_usdc_500,10.0,1.0,10.0,0.5,2500.0,99.68378845056569,1.0,9.96939908340354,791,-293.626990943632,16.900078994469066,1.0,31,4,99.81235435859793,0.07528412602292008
wbtc_usdc_500,10.0,1.0,10.0,0.5,5000.0,99.68378845056569,1.0,9.96939908340354,791,-293.626990943632,16.900078994469066,1.0,31,4,99.81235435859793,0.07528412602292008
wbtc_usdc_500,10.0,1.0,10.0,1.0,500.0,99.68378845056569,1.0,9.96939908340354,791,-293.626990943632,16.900078994469066,1.0,31,4,99.78025864467519,0.06150257606798194
wbtc_usdc_500,10.0,1.0,10.0,1.0,2500.0,99.68378845056569,1.0,9.96939908340354,791,-293.626990943632,16.900078994469066,1.0,31,4,99.81235435859793,0.07528412602292008
wbtc_usdc_500,10.0,1.0,10.0,1.0,5000.0,99.68378845056569,1.0,9.96939908340354,791,-293.626990943632,16.900078994469066,1.0,31,4,99.81235435859793,0.07528412602292008
wbtc_usdc_500,10.0,1.0,10.0,5.0,500.0,99.68378845056569,1.0,9.96939908340354,791,-293.626990943632,16.900078994469066,1.0,31,4,99.31874537500288,0.7850490874817893
wbtc_usdc_500,10.0,1.0,10.0,5.0,2500.0,99.68378845056569,1.0,9.96939908340354,791,-293.626990943632,16.900078994469066,1.0,31,4,99.81235435859793,0.07528412602292008
wbtc_usdc_500,10.0,1.0,10.0,5.0,5000.0,99.68378845056569,1.0,9.96939908340354,791,-293.626990943632,16.900078994469066,1.0,31,4,99.81235435859793,0.07528412602292008
wbtc_usdc_500,10.0,1.0,30.0,0.5,500.0,99.4844004688976,1.0,29.908197250210616,791,-478.7742228908961,16.900078994469066,1.0,31,4,99.59305311570809,0.06330677022239709
wbtc_usdc_500,10.0,1.0,30.0,0.5,2500.0,99.4844004688976,1.0,29.908197250210616,791,-478.7742228908961,16.900078994469066,1.0,31,4,99.61260301102345,0.07507126359571005
wbtc_usdc_500,10.0,1.0,30.0,0.5,5000.0,99.4844004688976,1.0,29.908197250210616,791,-478.7742228908961,16.900078994469066,1.0,31,4,99.61260301102345,0.07507126359571005
wbtc_usdc_500,10.0,1.0,30.0,1.0,500.0,99.4844004688976,1.0,29.908197250210616,791,-478.7742228908961,16.900078994469066,1.0,31,4,99.58052727097918,0.06133404370024369
wbtc_usdc_500,10.0,1.0,30.0,1.0,2500.0,99.4844004688976,1.0,29.908197250210616,791,-478.7742228908961,16.900078994469066,1.0,31,4,99.61260301102345,0.07507126359571005
wbtc_usdc_500,10.0,1.0,30.0,1.0,5000.0,99.4844004688976,1.0,29.908197250210616,791,-478.7742228908961,16.900078994469066,1.0,31,4,99.61260301102345,0.07507126359571005
wbtc_usdc_500,10.0,1.0,30.0,5.0,500.0,99.4844004688976,1.0,29.908197250210616,791,-478.7742228908961,16.900078994469066,1.0,31,4,99.11900940045024,0.7851350399781583
wbtc_usdc_500,10.0,1.0,30.0,5.0,2500.0,99.4844004688976,1.0,29.908197250210616,791,-478.7742228908961,16.900078994469066,1.0,31,4,99.61260301102345,0.07507126359571005
wbtc_usdc_500,10.0,1.0,30.0,5.0,5000.0,99.4844004688976,1.0,29.908197250210616,791,-478.7742228908961,16.900078994469066,1.0,31,4,99.61260301102345,0.07507126359571005
wbtc_usdc_500,10.0,1.0,100.0,0.5,500.0,98.78654253305936,1.0,99.69399083403539,791,-1126.7895347063204,16.900078994469066,1.0,31,4,98.89399330777205,0.06263155501504188
wbtc_usdc_500,10.0,1.0,100.0,0.5,2500.0,98.78654253305936,1.0,99.69399083403539,791,-1126.7895347063204,16.900078994469066,1.0,31,4,98.91347329451281,0.0743262451994727
wbtc_usdc_500,10.0,1.0,100.0,0.5,5000.0,98.78654253305936,1.0,99.69399083403539,791,-1126.7895347063204,16.900078994469066,1.0,31,4,98.91347329451281,0.0743262451994727
wbtc_usdc_500,10.0,1.0,100.0,1.0,500.0,98.78654253305936,1.0,99.69399083403539,791,-1126.7895347063204,16.900078994469066,1.0,31,4,98.88146746304314,0.06074567983363855
wbtc_usdc_500,10.0,1.0,100.0,1.0,2500.0,98.78654253305936,1.0,99.69399083403539,791,-1126.7895347063204,16.900078994469066,1.0,31,4,98.91347329451281,0.0743262451994727
wbtc_usdc_500,10.0,1.0,100.0,1.0,5000.0,98.78654253305936,1.0,99.69399083403539,791,-1126.7895347063204,16.900078994469066,1.0,31,4,98.91347329451281,0.0743262451994727
wbtc_usdc_500,10.0,1.0,100.0,5.0,500.0,98.78654253305936,1.0,99.69399083403539,791,-1126.7895347063204,16.900078994469066,1.0,31,4,98.41993348951603,0.7854362154475703
wbtc_usdc_500,10.0,1.0,100.0,5.0,2500.0,98.78654253305936,1.0,99.69399083403539,791,-1126.7895347063204,16.900078994469066,1.0,31,4,98.91347329451281,0.0743262451994727
wbtc_usdc_500,10.0,1.0,100.0,5.0,5000.0,98.78654253305936,1.0,99.69399083403539,791,-1126.7895347063204,16.900078994469066,1.0,31,4,98.91347329451281,0.0743262451994727
wbtc_usdc_500,10.0,5.0,10.0,0.5,500.0,99.90000427589928,1.0,9.999514873264872,800,-92.72389960025795,16.900078994469066,1.0,31,4,99.8874770001531,0.019023045514984908
wbtc_usdc_500,10.0,5.0,10.0,0.5,2500.0,99.90000427589928,1.0,9.999514873264872,800,-92.72389960025795,16.900078994469066,1.0,31,4,99.90000106897482,1.8515186967826002e-06
wbtc_usdc_500,10.0,5.0,10.0,0.5,5000.0,99.90000427589928,1.0,9.999514873264872,800,-92.72389960025795,16.900078994469066,1.0,31,4,99.90000106897482,1.8515186967826002e-06
wbtc_usdc_500,10.0,5.0,10.0,1.0,500.0,99.90000427589928,1.0,9.999514873264872,800,-92.72389960025795,16.900078994469066,1.0,31,4,99.87495293133138,0.038045387114860954
wbtc_usdc_500,10.0,5.0,10.0,1.0,2500.0,99.90000427589928,1.0,9.999514873264872,800,-92.72389960025795,16.900078994469066,1.0,31,4,99.90000106897482,1.8515186967826002e-06
wbtc_usdc_500,10.0,5.0,10.0,1.0,5000.0,99.90000427589928,1.0,9.999514873264872,800,-92.72389960025795,16.900078994469066,1.0,31,4,99.90000106897482,1.8515186967826002e-06
wbtc_usdc_500,10.0,5.0,10.0,5.0,500.0,99.90000427589928,1.0,9.999514873264872,800,-92.72389960025795,16.900078994469066,1.0,31,4,99.4118893819466,0.8179578525029801
wbtc_usdc_500,10.0,5.0,10.0,5.0,2500.0,99.90000427589928,1.0,9.999514873264872,800,-92.72389960025795,16.900078994469066,1.0,31,4,99.90000106897482,1.8515186967826002e-06
wbtc_usdc_500,10.0,5.0,10.0,5.0,5000.0,99.90000427589928,1.0,9.999514873264872,800,-92.72389960025795,16.900078994469066,1.0,31,4,99.90000106897482,1.8515186967826002e-06
wbtc_usdc_500,10.0,5.0,30.0,0.5,500.0,99.70001397843399,1.0,29.998544619794615,800,-278.1706317477245,16.900078994469066,1.0,31,4,99.68748027817627,0.019025204295134965
wbtc_usdc_500,10.0,5.0,30.0,0.5,2500.0,99.70001397843399,1.0,29.998544619794615,800,-278.1706317477245,16.900078994469066,1.0,31,4,99.70000434699799,5.732280003534772e-06
wbtc_usdc_500,10.0,5.0,30.0,0.5,5000.0,99.70001397843399,1.0,29.998544619794615,800,-278.1706317477245,16.900078994469066,1.0,31,4,99.70000434699799,5.732280003534772e-06
wbtc_usdc_500,10.0,5.0,30.0,1.0,500.0,99.70001397843399,1.0,29.998544619794615,800,-278.1706317477245,16.900078994469066,1.0,31,4,99.67495620935453,0.03804754560942906
wbtc_usdc_500,10.0,5.0,30.0,1.0,2500.0,99.70001397843399,1.0,29.998544619794615,800,-278.1706317477245,16.900078994469066,1.0,31,4,99.70000434699799,5.732280003534772e-06
wbtc_usdc_500,10.0,5.0,30.0,1.0,5000.0,99.70001397843399,1.0,29.998544619794615,800,-278.1706317477245,16.900078994469066,1.0,31,4,99.70000434699799,5.732280003534772e-06
wbtc_usdc_500,10.0,5.0,30.0,5.0,500.0,99.70001397843399,1.0,29.998544619794615,800,-278.1706317477245,16.900078994469066,1.0,31,4,99.21189265996976,0.8179598086602763
wbtc_usdc_500,10.0,5.0,30.0,5.0,2500.0,99.70001397843399,1.0,29.998544619794615,800,-278.1706317477245,16.900078994469066,1.0,31,4,99.70000434699799,5.732280003534772e-06
wbtc_usdc_500,10.0,5.0,30.0,5.0,5000.0,99.70001397843399,1.0,29.998544619794615,800,-278.1706317477245,16.900078994469066,1.0,31,4,99.70000434699799,5.732280003534772e-06
wbtc_usdc_500,10.0,5.0,100.0,0.5,500.0,99.00004793730544,1.0,99.99514873264872,800,-927.2341942638573,16.900078994469066,1.0,31,4,98.98749534221436,0.01903352951771499
wbtc_usdc_500,10.0,5.0,100.0,0.5,2500.0,99.00004793730544,1.0,99.99514873264872,800,-927.2341942638573,16.900078994469066,1.0,31,4,99.00001883948309,1.8405863751788997e-05
wbtc_usdc_500,10.0,5.0,100.0,0.5,5000.0,99.00004793730544,1.0,99.99514873264872,800,-927.2341942638573,16.900078994469066,1.0,31,4,99.00001883948309,1.8405863751788997e-05
wbtc_usdc_500,10.0,5.0,100.0,1.0,500.0,99.00004793730544,1.0,99.99514873264872,800,-927.2341942638573,16.900078994469066,1.0,31,4,98.97497127339263,0.038055868569008264
wbtc_usdc_500,10.0,5.0,100.0,1.0,2500.0,99.00004793730544,1.0,99.99514873264872,800,-927.2341942638573,16.900078994469066,1.0,31,4,99.00001883948309,1.8405863751788997e-05
wbtc_usdc_500,10.0,5.0,100.0,1.0,5000.0,99.00004793730544,1.0,99.99514873264872,800,-927.2341942638573,16.900078994469066,1.0,31,4,99.00001883948309,1.8405863751788997e-05
wbtc_usdc_500,10.0,5.0,100.0,5.0,500.0,99.00004793730544,1.0,99.99514873264872,800,-927.2341942638573,16.900078994469066,1.0,31,4,98.51190764206397,0.8179676814578224
wbtc_usdc_500,10.0,5.0,100.0,5.0,2500.0,99.00004793730544,1.0,99.99514873264872,800,-927.2341942638573,16.900078994469066,1.0,31,4,99.00001883948309,1.8405863751788997e-05
wbtc_usdc_500,10.0,5.0,100.0,5.0,5000.0,99.00004793730544,1.0,99.99514873264872,800,-927.2341942638573,16.900078994469066,1.0,31,4,99.00001883948309,1.8405863751788997e-05
wbtc_usdc_500,10.0,30.0,10.0,0.5,500.0,99.03369868157726,0.1004263382283278,96.63013184227343,2111,-833.8629862991824,16.900078994469066,0.1004263382283278,31,0,99.33484534151668,0.2116640400622274
wbtc_usdc_500,10.0,30.0,10.0,0.5,2500.0,99.03369868157726,0.1004263382283278,96.63013184227343,2111,-833.8629862991824,16.900078994469066,0.1004263382283278,31,0,99.40685306827227,0.28093589391838314
wbtc_usdc_500,10.0,30.0,10.0,0.5,5000.0,99.03369868157726,0.1004263382283278,96.63013184227343,2111,-833.8629862991824,16.900078994469066,0.1004263382283278,31,0,99.40685306827227,0.28093589391838314
wbtc_usdc_500,10.0,30.0,10.0,1.0,500.0,98.17537817691476,0.1004263382283278,182.46218230852332,2111,-1574.5446821370238,16.900078994469066,0.1004263382283278,31,0,98.77460491874328,0.42211667038138473
wbtc_usdc_500,10.0,30.0,10.0,1.0,2500.0,98.17537817691476,0.1004263382283278,182.46218230852332,2111,-1574.5446821370238,16.900078994469066,0.1004263382283278,31,0,98.9178875713449,0.5600939792419325
wbtc_usdc_500,10.0,30.0,10.0,1.0,5000.0,98.17537817691476,0.1004263382283278,182.46218230852332,2111,-1574.5446821370238,16.900078994469066,0.1004263382283278,31,0,98.9178875713449,0.5600939792419325
wbtc_usdc_500,10.0,30.0,10.0,5.0,500.0,91.78789574169437,0.1004263382283278,821.2104258305624,2111,-7086.578120175161,16.900078994469066,0.1004263382283278,31,0,94.25050915613969,1.7212775655816628
wbtc_usdc_500,10.0,30.0,10.0,5.0,2500.0,91.78789574169437,0.1004263382283278,821.2104258305624,2111,-7086.578120175161,16.900078994469066,0.1004263382283278,31,0,95.23329954071086,2.666584479251014
wbtc_usdc_500,10.0,30.0,10.0,5.0,5000.0,91.78789574169437,0.1004263382283278,821.2104258305624,2111,-7086.578120175161,16.900078994469066,0.1004263382283278,31,0,95.23329954071086,2.666584479251014
wbtc_usdc_500,10.0,30.0,30.0,0.5,500.0,98.83571452983394,0.1004263382283278,116.42854701660681,2111,-1004.7120298274281,16.900078994469066,0.1004263382283278,31,0,99.13585365994965,0.2111373965851922
wbtc_usdc_500,10.0,30.0,30.0,0.5,2500.0,98.83571452983394,0.1004263382283278,116.42854701660681,2111,-1004.7120298274281,16.900078994469066,0.1004263382283278,31,0,99.20775714288214,0.2803390021303602
wbtc_usdc_500,10.0,30.0,30.0,0.5,5000.0,98.83571452983394,0.1004263382283278,116.42854701660681,2111,-1004.7120298274281,16.900078994469066,0.1004263382283278,31,0,99.20775714288214,0.2803390021303602
wbtc_usdc_500,10.0,30.0,30.0,1.0,500.0,97.9777298950008,0.1004263382283278,202.22701049991954,2111,-1745.1038891374822,16.900078994469066,0.1004263382283278,31,0,98.57597645614155,0.4216696276024075
wbtc_usdc_500,10.0,30.0,30.0,1.0,2500.0,97.9777298950008,0.1004263382283278,202.22701049991954,2111,-1745.1038891374822,16.900078994469066,0.1004263382283278,31,0,98.7190743492989,0.5595058947086546
wbtc_usdc_500,10.0,30.0,30.0,1.0,5000.0,97.9777298950008,0.1004263382283278,202.22701049991954,2111,-1745.1038891374822,16.900078994469066,0.1004263382283278,31,0,98.7190743492989,0.5595058947086546
wbtc_usdc_500,10.0,30.0,30.0,5.0,500.0,91.6035777693193,0.1004263382283278,839.6422230680702,2111,-7245.634029489417,16.900078994469066,0.1004263382283278,31,0,94.05850802750888,1.7174279359404583
wbtc_usdc_500,10.0,30.0,30.0,5.0,2500.0,91.6035777693193,0.1004263382283278,839.6422230680702,2111,-7245.634029489417,16.900078994469066,0.1004263382283278,31,0,95.04060690179453,2.6623978033183917
wbtc_usdc_500,10.0,30.0,30.0,5.0,5000.0,91.6035777693193,0.1004263382283278,839.6422230680702,2111,-7245.634029489417,16.900078994469066,0.1004263382283278,31,0,95.04060690179453,2.6623978033183917
wbtc_usdc_500,10.0,30.0,100.0,0.5,500.0,98.1438637661763,0.1004263382283278,185.61362338237012,2111,-1601.7398231855032,16.900078994469066,0.1004263382283278,31,0,98.44150499116624,0.20983107904245146
wbtc_usdc_500,10.0,30.0,100.0,0.5,2500.0,98.1438637661763,0.1004263382283278,185.61362338237012,2111,-1601.7398231855032,16.900078994469066,0.1004263382283278,31,0,98.5126047624447,0.27835627573323635
wbtc_usdc_500,10.0,30.0,100.0,0.5,5000.0,98.1438637661763,0.1004263382283278,185.61362338237012,2111,-1601.7398231855032,16.900078994469066,0.1004263382283278,31,0,98.5126047624447,0.27835627573323635
wbtc_usdc_500,10.0,30.0,100.0,1.0,500.0,97.28705467574598,0.1004263382283278,271.2945324254027,2111,-2341.117254648302,16.900078994469066,0.1004263382283278,31,0,97.88329678658201,0.4208901667076486
wbtc_usdc_500,10.0,30.0,100.0,1.0,2500.0,97.28705467574598,0.1004263382283278,271.2945324254027,2111,-2341.117254648302,16.900078994469066,0.1004263382283278,31,0,98.02520173423227,0.5577009046918409
wbtc_usdc_500,10.0,30.0,100.0,1.0,5000.0,97.28705467574598,0.1004263382283278,271.2945324254027,2111,-2341.117254648302,16.900078994469066,0.1004263382283278,31,0,98.02520173423227,0.5577009046918409
wbtc_usdc_500,10.0,30.0,100.0,5.0,500.0,90.96467038572713,0.1004263382283278,903.5329614272873,2111,-7796.974702107329,16.900078994469066,0.1004263382283278,31,0,93.39008797076158,1.7026971837756206
wbtc_usdc_500,10.0,30.0,100.0,5.0,2500.0,90.96467038572713,0.1004263382283278,903.5329614272873,2111,-7796.974702107329,16.900078994469066,0.1004263382283278,31,0,94.36940369219535,2.646106998057306
wbtc_usdc_500,10.0,30.0,100.0,5.0,5000.0,90.96467038572713,0.1004263382283278,903.5329614272873,2111,-7796.974702107329,16.900078994469066,0.1004263382283278,31,0,94.36940369219535,2.646106998057306
wbtc_usdc_500,25.0,1.0,10.0,0.5,500.0,97.08102643717557,1.0,9.67584795790619,596,-2710.4937356950577,16.900078994469066,1.0,31,4,98.5311374256277,0.8582525946796901
wbtc_usdc_500,25.0,1.0,10.0,0.5,2500.0,97.08102643717557,1.0,9.67584795790619,596,-2710.4937356950577,16.900078994469066,1.0,31,4,98.6580271703879,0.9358802636992621
wbtc_usdc_500,25.0,1.0,10.0,0.5,5000.0,97.08102643717557,1.0,9.67584795790619,596,-2710.4937356950577,16.900078994469066,1.0,31,4,98.6580271703879,0.9358802636992621
wbtc_usdc_500,25.0,1.0,10.0,1.0,500.0,97.08102643717557,1.0,9.67584795790619,596,-2710.4937356950577,16.900078994469066,1.0,31,4,98.51861158089879,0.8477756520557322
wbtc_usdc_500,25.0,1.0,10.0,1.0,2500.0,97.08102643717557,1.0,9.67584795790619,596,-2710.4937356950577,16.900078994469066,1.0,31,4,98.6580271703879,0.9358802636992621
wbtc_usdc_500,25.0,1.0,10.0,1.0,5000.0,97.08102643717557,1.0,9.67584795790619,596,-2710.4937356950577,16.900078994469066,1.0,31,4,98.6580271703879,0.9358802636992621
wbtc_usdc_500,25.0,1.0,10.0,5.0,500.0,97.08102643717557,1.0,9.67584795790619,596,-2710.4937356950577,16.900078994469066,1.0,31,4,98.07785347307662,0.7879460549831285
wbtc_usdc_500,25.0,1.0,10.0,5.0,2500.0,97.08102643717557,1.0,9.67584795790619,596,-2710.4937356950577,16.900078994469066,1.0,31,4,98.6580271703879,0.9358802636992621
wbtc_usdc_500,25.0,1.0,10.0,5.0,5000.0,97.08102643717557,1.0,9.67584795790619,596,-2710.4937356950577,16.900078994469066,1.0,31,4,98.6580271703879,0.9358802636992621
wbtc_usdc_500,25.0,1.0,30.0,0.5,500.0,96.88750947801745,1.0,29.027543873718567,596,-2890.189267106899,16.900078994469066,1.0,31,4,98.33424713859642,0.856250822111384
wbtc_usdc_500,25.0,1.0,30.0,0.5,2500.0,96.88750947801745,1.0,29.027543873718567,596,-2890.189267106899,16.900078994469066,1.0,31,4,98.46087558434209,0.9337247597264369
wbtc_usdc_500,25.0,1.0,30.0,0.5,5000.0,96.88750947801745,1.0,29.027543873718567,596,-2890.189267106899,16.900078994469066,1.0,31,4,98.46087558434209,0.9337247597264369
wbtc_usdc_500,25.0,1.0,30.0,1.0,500.0,96.88750947801745,1.0,29.027543873718567,596,-2890.189267106899,16.900078994469066,1.0,31,4,98.32172129386751,0.845774767051658
wbtc_usdc_500,25.0,1.0,30.0,1.0,2500.0,96.88750947801745,1.0,29.027543873718567,596,-2890.189267106899,16.900078994469066,1.0,31,4,98.46087558434209,0.9337247597264369
wbtc_usdc_500,25.0,1.0,30.0,1.0,5000.0,96.88750947801745,1.0,29.027543873718567,596,-2890.189267106899,16.900078994469066,1.0,31,4,98.46087558434209,0.9337247597264369
wbtc_usdc_500,25.0,1.0,30.0,5.0,500.0,96.88750947801745,1.0,29.027543873718567,596,-2890.189267106899,16.900078994469066,1.0,31,4,97.8809117874024,0.786852835198265
wbtc_usdc_500,25.0,1.0,30.0,5.0,2500.0,96.88750947801745,1.0,29.027543873718567,596,-2890.189267106899,16.900078994469066,1.0,31,4,98.46087558434209,0.9337247597264369
wbtc_usdc_500,25.0,1.0,30.0,5.0,5000.0,96.88750947801745,1.0,29.027543873718567,596,-2890.189267106899,16.900078994469066,1.0,31,4,98.46087558434209,0.9337247597264369
wbtc_usdc_500,25.0,1.0,100.0,0.5,500.0,96.21020012096402,1.0,96.75847957906188,596,-3519.1236270483423,16.900078994469066,1.0,31,4,97.64513113398694,0.8492446262826071
wbtc_usdc_500,25.0,1.0,100.0,0.5,2500.0,96.21020012096402,1.0,96.75847957906188,596,-3519.1236270483423,16.900078994469066,1.0,31,4,97.7708450331818,0.9261804962820831
wbtc_usdc_500,25.0,1.0,100.0,0.5,5000.0,96.21020012096402,1.0,96.75847957906188,596,-3519.1236270483423,16.900078994469066,1.0,31,4,97.7708450331818,0.9261804962820831
wbtc_usdc_500,25.0,1.0,100.0,1.0,500.0,96.21020012096402,1.0,96.75847957906188,596,-3519.1236270483423,16.900078994469066,1.0,31,4,97.63260528925802,0.8387717111541406
wbtc_usdc_500,25.0,1.0,100.0,1.0,2500.0,96.21020012096402,1.0,96.75847957906188,596,-3519.1236270483423,16.900078994469066,1.0,31,4,97.7708450331818,0.9261804962820831
wbtc_usdc_500,25.0,1.0,100.0,1.0,5000.0,96.21020012096402,1.0,96.75847957906188,596,-3519.1236270483423,16.900078994469066,1.0,31,4,97.7708450331818,0.9261804962820831
wbtc_usdc_500,25.0,1.0,100.0,5.0,500.0,96.21020012096402,1.0,96.75847957906188,596,-3519.1236270483423,16.900078994469066,1.0,31,4,97.19161588754258,0.7830568525931788
wbtc_usdc_500,25.0,1.0,100.0,5.0,2500.0,96.21020012096402,1.0,96.75847957906188,596,-3519.1236270483423,16.900078994469066,1.0,31,4,97.7708450331818,0.9261804962820831
wbtc_usdc_500,25.0,1.0,100.0,5.0,5000.0,96.21020012096402,1.0,96.75847957906188,596,-3519.1236270483423,16.900078994469066,1.0,31,4,97.7708450331818,0.9261804962820831
wbtc_usdc_500,25.0,5.0,10.0,0.5,500.0,98.60736531891497,1.0,9.700889196464946,600,-1291.3604007577535,16.900078994469066,1.0,31,4,99.25984982761332,0.3867247848136258
wbtc_usdc_500,25.0,5.0,10.0,0.5,2500.0,98.60736531891497,1.0,9.700889196464946,600,-1291.3604007577535,16.900078994469066,1.0,31,4,99.32583232722226,0.42775413213472485
wbtc_usdc_500,25.0,5.0,10.0,0.5,5000.0,98.60736531891497,1.0,9.700889196464946,600,-1291.3604007577535,16.900078994469066,1.0,31,4,99.32583232722226,0.42775413213472485
wbtc_usdc_500,25.0,5.0,10.0,1.0,500.0,98.60736531891497,1.0,9.700889196464946,600,-1291.3604007577535,16.900078994469066,1.0,31,4,99.2473257587916,0.37648544835818354
wbtc_usdc_500,25.0,5.0,10.0,1.0,2500.0,98.60736531891497,1.0,9.700889196464946,600,-1291.3604007577535,16.900078994469066,1.0,31,4,99.32583232722226,0.42775413213472485
wbtc_usdc_500,25.0,5.0,10.0,1.0,5000.0,98.60736531891497,1.0,9.700889196464946,600,-1291.3604007577535,16.900078994469066,1.0,31,4,99.32583232722226,0.42775413213472485
wbtc_usdc_500,25.0,5.0,10.0,5.0,500.0,98.60736531891497,1.0,9.700889196464946,600,-1291.3604007577535,16.900078994469066,1.0,31,4,98.79430000547944,0.6633074283396346
wbtc_usdc_500,25.0,5.0,10.0,5.0,2500.0,98.60736531891497,1.0,9.700889196464946,600,-1291.3604007577535,16.900078994469066,1.0,31,4,99.32583232722226,0.42775413213472485
wbtc_usdc_500,25.0,5.0,10.0,5.0,5000.0,98.60736531891497,1.0,9.700889196464946,600,-1291.3604007577535,16.900078994469066,1.0,31,4,99.32583232722226,0.42775413213472485
wbtc_usdc_500,25.0,5.0,30.0,0.5,500.0,98.41334753498566,1.0,29.102667589394834,600,-1471.268948643308,16.900078994469066,1.0,31,4,99.0627037347561,0.38486834186658303
wbtc_usdc_500,25.0,5.0,30.0,0.5,2500.0,98.41334753498566,1.0,29.102667589394834,600,-1471.268948643308,16.900078994469066,1.0,31,4,99.12844702052803,0.4257589942351191
wbtc_usdc_500,25.0,5.0,30.0,0.5,5000.0,98.41334753498566,1.0,29.102667589394834,600,-1471.268948643308,16.900078994469066,1.0,31,4,99.12844702052803,0.4257589942351191
wbtc_usdc_500,25.0,5.0,30.0,1.0,500.0,98.41334753498566,1.0,29.102667589394834,600,-1471.268948643308,16.900078994469066,1.0,31,4,99.05017966593438,0.3746318914243857
wbtc_usdc_500,25.0,5.0,30.0,1.0,2500.0,98.41334753498566,1.0,29.102667589394834,600,-1471.268948643308,16.900078994469066,1.0,31,4,99.12844702052803,0.4257589942351191
wbtc_usdc_500,25.0,5.0,30.0,1.0,5000.0,98.41334753498566,1.0,29.102667589394834,600,-1471.268948643308,16.900078994469066,1.0,31,4,99.12844702052803,0.4257589942351191
wbtc_usdc_500,25.0,5.0,30.0,5.0,500.0,98.41334753498566,1.0,29.102667589394834,600,-1471.268948643308,16.900078994469066,1.0,31,4,98.59710735726735,0.663484547537131
wbtc_usdc_500,25.0,5.0,30.0,5.0,2500.0,98.41334753498566,1.0,29.102667589394834,600,-1471.268948643308,16.900078994469066,1.0,31,4,99.12844702052803,0.4257589942351191
wbtc_usdc_500,25.0,5.0,30.0,5.0,5000.0,98.41334753498566,1.0,29.102667589394834,600,-1471.268948643308,16.900078994469066,1.0,31,4,99.12844702052803,0.4257589942351191
wbtc_usdc_500,25.0,5.0,100.0,0.5,500.0,97.73428529123312,1.0,97.00889196464945,600,-2100.9488662427484,16.900078994469066,1.0,31,4,98.37269240975579,0.37837082796033034
wbtc_usdc_500,25.0,5.0,100.0,0.5,2500.0,97.73428529123312,1.0,97.00889196464945,600,-2100.9488662427484,16.900078994469066,1.0,31,4,98.43759844709821,0.4187760439378215
wbtc_usdc_500,25.0,5.0,100.0,0.5,5000.0,97.73428529123312,1.0,97.00889196464945,600,-2100.9488662427484,16.900078994469066,1.0,31,4,98.43759844709821,0.4187760439378215
wbtc_usdc_500,25.0,5.0,100.0,1.0,500.0,97.73428529123312,1.0,97.00889196464945,600,-2100.9488662427484,16.900078994469066,1.0,31,4,98.36016834093407,0.36814470861216253
wbtc_usdc_500,25.0,5.0,100.0,1.0,2500.0,97.73428529123312,1.0,97.00889196464945,600,-2100.9488662427484,16.900078994469066,1.0,31,4,98.43759844709821,0.4187760439378215
wbtc_usdc_500,25.0,5.0,100.0,1.0,5000.0,97.73428529123312,1.0,97.00889196464945,600,-2100.9488662427484,16.900078994469066,1.0,31,4,98.43759844709821,0.4187760439378215
wbtc_usdc_500,25.0,5.0,100.0,5.0,500.0,97.73428529123312,1.0,97.00889196464945,600,-2100.9488662427484,16.900078994469066,1.0,31,4,97.906933088525,0.6641469532927178
wbtc_usdc_500,25.0,5.0,100.0,5.0,2500.0,97.73428529123312,1.0,97.00889196464945,600,-2100.9488662427484,16.900078994469066,1.0,31,4,98.43759844709821,0.4187760439378215
wbtc_usdc_500,25.0,5.0,100.0,5.0,5000.0,97.73428529123312,1.0,97.00889196464945,600,-2100.9488662427484,16.900078994469066,1.0,31,4,98.43759844709821,0.4187760439378215
wbtc_usdc_500,25.0,30.0,10.0,0.5,500.0,99.17798381164705,0.13910761154855644,82.20161883529482,1524,-709.3531391689488,16.900078994469066,0.13910761154855644,31,0,99.3973298079488,0.16429975432962823
wbtc_usdc_500,25.0,30.0,10.0,0.5,2500.0,99.17798381164705,0.13910761154855644,82.20161883529482,1524,-709.3531391689488,16.900078994469066,0.13910761154855644,31,0,99.46450690087033,0.2301663527510415
wbtc_usdc_500,25.0,30.0,10.0,0.5,5000.0,99.17798381164705,0.13910761154855644,82.20161883529482,1524,-709.3531391689488,16.900078994469066,0.13910761154855644,31,0,99.46450690087033,0.2301663527510415
wbtc_usdc_500,25.0,30.0,10.0,1.0,500.0,98.46067404211904,0.13910761154855644,153.9325957880963,1524,-1328.3506041589917,16.900078994469066,0.13910761154855644,31,0,98.8982528268505,0.32830011130318504
wbtc_usdc_500,25.0,30.0,10.0,1.0,2500.0,98.46067404211904,0.13910761154855644,153.9325957880963,1524,-1328.3506041589917,16.900078994469066,0.13910761154855644,31,0,99.03200622328463,0.4595549903917387
wbtc_usdc_500,25.0,30.0,10.0,1.0,5000.0,98.46067404211904,0.13910761154855644,153.9325957880963,1524,-1328.3506041589917,16.900078994469066,0.13910761154855644,31,0,99.03200622328463,0.4595549903917387
wbtc_usdc_500,25.0,30.0,10.0,5.0,500.0,92.94805435017717,0.13910761154855644,705.1945649822826,1524,-6085.427336867476,16.900078994469066,0.13910761154855644,31,0,94.75998973145322,1.3258395501923497
wbtc_usdc_500,25.0,30.0,10.0,5.0,2500.0,92.94805435017717,0.13910761154855644,705.1945649822826,1524,-6085.427336867476,16.900078994469066,0.13910761154855644,31,0,95.7082350190725,2.258516999865064
wbtc_usdc_500,25.0,30.0,10.0,5.0,5000.0,92.94805435017717,0.13910761154855644,705.1945649822826,1524,-6085.427336867476,16.900078994469066,0.13910761154855644,31,0,95.7082350190725,2.258516999865064
wbtc_usdc_500,25.0,30.0,30.0,0.5,500.0,98.97968103567108,0.13910761154855644,102.03189643289166,1524,-880.4771372575024,16.900078994469066,0.13910761154855644,31,0,99.19822305883905,0.16390633912047828
wbtc_usdc_500,25.0,30.0,30.0,0.5,2500.0,98.97968103567108,0.13910761154855644,102.03189643289166,1524,-880.4771372575024,16.900078994469066,0.13910761154855644,31,0,99.26530054238388,0.22970450499864803
wbtc_usdc_500,25.0,30.0,30.0,0.5,5000.0,98.97968103567108,0.13910761154855644,102.03189643289166,1524,-880.4771372575024,16.900078994469066,0.13910761154855644,31,0,99.26530054238388,0.22970450499864803
wbtc_usdc_500,25.0,30.0,30.0,1.0,500.0,98.26237126614306,0.13910761154855644,173.76287338569315,1524,-1499.4746022475454,16.900078994469066,0.13910761154855644,31,0,98.69931141166911,0.32800194236179614
wbtc_usdc_500,25.0,30.0,30.0,1.0,2500.0,98.26237126614306,0.13910761154855644,173.76287338569315,1524,-1499.4746022475454,16.900078994469066,0.13910761154855644,31,0,98.83292359218119,0.45914166094396136
wbtc_usdc_500,25.0,30.0,30.0,1.0,5000.0,98.26237126614306,0.13910761154855644,173.76287338569315,1524,-1499.4746022475454,16.900078994469066,0.13910761154855644,31,0,98.83292359218119,0.45914166094396136
wbtc_usdc_500,25.0,30.0,30.0,5.0,500.0,92.75668053748491,0.13910761154855644,724.3319462515091,1524,-6250.57203439465,16.900078994469066,0.13910761154855644,31,0,94.56502667785016,1.3244803625604225
wbtc_usdc_500,25.0,30.0,30.0,5.0,2500.0,92.75668053748491,0.13910761154855644,724.3319462515091,1524,-6250.57203439465,16.900078994469066,0.13910761154855644,31,0,95.5127156920184,2.256762414492878
wbtc_usdc_500,25.0,30.0,30.0,5.0,5000.0,92.75668053748491,0.13910761154855644,724.3319462515091,1524,-6250.57203439465,16.900078994469066,0.13910761154855644,31,0,95.5127156920184,2.256762414492878
wbtc_usdc_500,25.0,30.0,100.0,0.5,500.0,98.28683279042224,0.13910761154855644,171.31672095777583,1524,-1478.3657004009083,16.900078994469066,0.13910761154855644,31,0,98.50339792933029,0.16286554680093962
wbtc_usdc_500,25.0,30.0,100.0,0.5,2500.0,98.28683279042224,0.13910761154855644,171.31672095777583,1524,-1478.3657004009083,16.900078994469066,0.13910761154855644,31,0,98.5697326017822,0.22805290802467246
wbtc_usdc_500,25.0,30.0,100.0,0.5,5000.0,98.28683279042224,0.13910761154855644,171.31672095777583,1524,-1478.3657004009083,16.900078994469066,0.13910761154855644,31,0,98.5697326017822,0.22805290802467246
wbtc_usdc_500,25.0,30.0,100.0,1.0,500.0,97.56952302089422,0.13910761154855644,243.0476979105773,1524,-2097.363165390951,16.900078994469066,0.13910761154855644,31,0,98.00549252052718,0.32756460048932706
wbtc_usdc_500,25.0,30.0,100.0,1.0,2500.0,97.56952302089422,0.13910761154855644,243.0476979105773,1524,-2097.363165390951,16.900078994469066,0.13910761154855644,31,0,98.13809956234456,0.4578210585699432
wbtc_usdc_500,25.0,30.0,100.0,1.0,5000.0,97.56952302089422,0.13910761154855644,243.0476979105773,1524,-2097.363165390951,16.900078994469066,0.13910761154855644,31,0,98.13809956234456,0.4578210585699432
wbtc_usdc_500,25.0,30.0,100.0,5.0,500.0,92.0931954160056,0.13910761154855644,790.6804583994401,1524,-6823.121894582026,16.900078994469066,0.13910761154855644,31,0,93.8859954169015,1.3185285357902952
wbtc_usdc_500,25.0,30.0,100.0,5.0,2500.0,92.0931954160056,0.13910761154855644,790.6804583994401,1524,-6823.121894582026,16.900078994469066,0.13910761154855644,31,0,94.83139938216678,2.2490707355203527
wbtc_usdc_500,25.0,30.0,100.0,5.0,5000.0,92.0931954160056,0.13910761154855644,790.6804583994401,1524,-6823.121894582026,16.900078994469066,0.13910761154855644,31,0,94.83139938216678,2.2490707355203527
wbtc_usdc_500,50.0,1.0,10.0,0.5,500.0,88.48586139492402,1.0,8.764274316899286,446,-10691.772258048446,16.900078994469066,1.0,31,4,94.03086105425089,3.5425162940527297
wbtc_usdc_500,50.0,1.0,10.0,0.5,2500.0,88.48586139492402,1.0,8.764274316899286,446,-10691.772258048446,16.900078994469066,1.0,31,4,94.63296496141855,3.731614295422695
wbtc_usdc_500,50.0,1.0,10.0,0.5,5000.0,88.48586139492402,1.0,8.764274316899286,446,-10691.772258048446,16.900078994469066,1.0,31,4,94.63296496141855,3.731614295422695
wbtc_usdc_500,50.0,1.0,10.0,1.0,500.0,88.48586139492402,1.0,8.764274316899286,446,-10691.772258048446,16.900078994469066,1.0,31,4,94.01833520952196,3.5313099223067574
wbtc_usdc_500,50.0,1.0,10.0,1.0,2500.0,88.48586139492402,1.0,8.764274316899286,446,-10691.772258048446,16.900078994469066,1.0,31,4,94.63296496141855,3.731614295422695
wbtc_usdc_500,50.0,1.0,10.0,1.0,5000.0,88.48586139492402,1.0,8.764274316899286,446,-10691.772258048446,16.900078994469066,1.0,31,4,94.63296496141855,3.731614295422695
wbtc_usdc_500,50.0,1.0,10.0,5.0,500.0,88.48586139492402,1.0,8.764274316899286,446,-10691.772258048446,16.900078994469066,1.0,31,4,93.6474113386607,3.2103670647216767
wbtc_usdc_500,50.0,1.0,10.0,5.0,2500.0,88.48586139492402,1.0,8.764274316899286,446,-10691.772258048446,16.900078994469066,1.0,31,4,94.63296496141855,3.731614295422695
wbtc_usdc_500,50.0,1.0,10.0,5.0,5000.0,88.48586139492402,1.0,8.764274316899286,446,-10691.772258048446,16.900078994469066,1.0,31,4,94.63296496141855,3.731614295422695
wbtc_usdc_500,50.0,1.0,30.0,0.5,500.0,88.31057590858603,1.0,26.292822950697857,446,-10854.53845049647,16.900078994469066,1.0,31,4,93.84349957051593,3.53482365659946
wbtc_usdc_500,50.0,1.0,30.0,0.5,2500.0,88.31057590858603,1.0,26.292822950697857,446,-10854.53845049647,16.900078994469066,1.0,31,4,94.44433820048664,3.7235280128993575
wbtc_usdc_500,50.0,1.0,30.0,0.5,5000.0,88.31057590858603,1.0,26.292822950697857,446,-10854.53845049647,16.900078994469066,1.0,31,4,94.44433820048664,3.7235280128993575
wbtc_usdc_500,50.0,1.0,30.0,1.0,500.0,88.31057590858603,1.0,26.292822950697857,446,-10854.53845049647,16.900078994469066,1.0,31,4,93.83097372578702,3.5236174672055514
wbtc_usdc_500,50.0,1.0,30.0,1.0,2500.0,88.31057590858603,1.0,26.292822950697857,446,-10854.53845049647,16.900078994469066,1.0,31,4,94.44433820048664,3.7235280128993575
wbtc_usdc_500,50.0,1.0,30.0,1.0,5000.0,88.31057590858603,1.0,26.292822950697857,446,-10854.53845049647,16.900078994469066,1.0,31,4,94.44433820048664,3.7235280128993575
wbtc_usdc_500,50.0,1.0,30.0,5.0,500.0,88.31057590858603,1.0,26.292822950697857,446,-10854.53845049647,16.900078994469066,1.0,31,4,93.45985093493202,3.2026259991720383
wbtc_usdc_500,50.0,1.0,30.0,5.0,2500.0,88.31057590858603,1.0,26.292822950697857,446,-10854.53845049647,16.900078994469066,1.0,31,4,94.44433820048664,3.7235280128993575
wbtc_usdc_500,50.0,1.0,30.0,5.0,5000.0,88.31057590858603,1.0,26.292822950697857,446,-10854.53845049647,16.900078994469066,1.0,31,4,94.44433820048664,3.7235280128993575
wbtc_usdc_500,50.0,1.0,100.0,0.5,500.0,87.69707670640308,1.0,87.64274316899285,446,-11424.22012406455,16.900078994469066,1.0,31,4,93.1877343774436,3.507899436469199
wbtc_usdc_500,50.0,1.0,100.0,0.5,2500.0,87.69707670640308,1.0,87.64274316899285,446,-11424.22012406455,16.900078994469066,1.0,31,4,93.78414453722502,3.6952260291365224
wbtc_usdc_500,50.0,1.0,100.0,0.5,5000.0,87.69707670640308,1.0,87.64274316899285,446,-11424.22012406455,16.900078994469066,1.0,31,4,93.78414453722502,3.6952260291365224
wbtc_usdc_500,50.0,1.0,100.0,1.0,500.0,87.69707670640308,1.0,87.64274316899285,446,-11424.22012406455,16.900078994469066,1.0,31,4,93.17520853271468,3.496693891660961
wbtc_usdc_500,50.0,1.0,100.0,1.0,2500.0,87.69707670640308,1.0,87.64274316899285,446,-11424.22012406455,16.900078994469066,1.0,31,4,93.78414453722502,3.6952260291365224
wbtc_usdc_500,50.0,1.0,100.0,1.0,5000.0,87.69707670640308,1.0,87.64274316899285,446,-11424.22012406455,16.900078994469066,1.0,31,4,93.78414453722502,3.6952260291365224
wbtc_usdc_500,50.0,1.0,100.0,5.0,500.0,87.69707670640308,1.0,87.64274316899285,446,-11424.22012406455,16.900078994469066,1.0,31,4,92.80338952188158,3.175538403240546
wbtc_usdc_500,50.0,1.0,100.0,5.0,2500.0,87.69707670640308,1.0,87.64274316899285,446,-11424.22012406455,16.900078994469066,1.0,31,4,93.78414453722502,3.6952260291365224
wbtc_usdc_500,50.0,1.0,100.0,5.0,5000.0,87.69707670640308,1.0,87.64274316899285,446,-11424.22012406455,16.900078994469066,1.0,31,4,93.78414453722502,3.6952260291365224
wbtc_usdc_500,50.0,5.0,10.0,0.5,500.0,90.32452027424075,1.0,8.56592773502299,428,-8971.865734698777,16.900078994469066,1.0,31,4,94.99302716297656,2.8813462505446994
wbtc_usdc_500,50.0,5.0,10.0,0.5,2500.0,90.32452027424075,1.0,8.56592773502299,428,-8971.865734698777,16.900078994469066,1.0,31,4,95.48246701779104,3.0921051390258856
wbtc_usdc_500,50.0,5.0,10.0,0.5,5000.0,90.32452027424075,1.0,8.56592773502299,428,-8971.865734698777,16.900078994469066,1.0,31,4,95.48246701779104,3.0921051390258856
wbtc_usdc_500,50.0,5.0,10.0,1.0,500.0,90.32452027424075,1.0,8.56592773502299,428,-8971.865734698777,16.900078994469066,1.0,31,4,94.98050309415483,2.870304786819938
wbtc_usdc_500,50.0,5.0,10.0,1.0,2500.0,90.32452027424075,1.0,8.56592773502299,428,-8971.865734698777,16.900078994469066,1.0,31,4,95.48246701779104,3.0921051390258856
wbtc_usdc_500,50.0,5.0,10.0,1.0,5000.0,90.32452027424075,1.0,8.56592773502299,428,-8971.865734698777,16.900078994469066,1.0,31,4,95.48246701779104,3.0921051390258856
wbtc_usdc_500,50.0,5.0,10.0,5.0,500.0,90.32452027424075,1.0,8.56592773502299,428,-8971.865734698777,16.900078994469066,1.0,31,4,94.60105324301736,2.565082327656346
wbtc_usdc_500,50.0,5.0,10.0,5.0,2500.0,90.32452027424075,1.0,8.56592773502299,428,-8971.865734698777,16.900078994469066,1.0,31,4,95.48246701779104,3.0921051390258856
wbtc_usdc_500,50.0,5.0,10.0,5.0,5000.0,90.32452027424075,1.0,8.56592773502299,428,-8971.865734698777,16.900078994469066,1.0,31,4,95.48246701779104,3.0921051390258856
wbtc_usdc_500,50.0,5.0,30.0,0.5,500.0,90.15320171954029,1.0,25.697783205068973,428,-9130.725772051039,16.900078994469066,1.0,31,4,94.80747879507318,2.872620654790164
wbtc_usdc_500,50.0,5.0,30.0,0.5,2500.0,90.15320171954029,1.0,25.697783205068973,428,-9130.725772051039,16.900078994469066,1.0,31,4,95.29553916076297,3.0827761001527474
wbtc_usdc_500,50.0,5.0,30.0,0.5,5000.0,90.15320171954029,1.0,25.697783205068973,428,-9130.725772051039,16.900078994469066,1.0,31,4,95.29553916076297,3.0827761001527474
wbtc_usdc_500,50.0,5.0,30.0,1.0,500.0,90.15320171954029,1.0,25.697783205068973,428,-9130.725772051039,16.900078994469066,1.0,31,4,94.79495472625145,2.8615793576298545
wbtc_usdc_500,50.0,5.0,30.0,1.0,2500.0,90.15320171954029,1.0,25.697783205068973,428,-9130.725772051039,16.900078994469066,1.0,31,4,95.29553916076297,3.0827761001527474
wbtc_usdc_500,50.0,5.0,30.0,1.0,5000.0,90.15320171954029,1.0,25.697783205068973,428,-9130.725772051039,16.900078994469066,1.0,31,4,95.29553916076297,3.0827761001527474
wbtc_usdc_500,50.0,5.0,30.0,5.0,500.0,90.15320171954029,1.0,25.697783205068973,428,-9130.725772051039,16.900078994469066,1.0,31,4,94.41526183722121,2.556389216181161
wbtc_usdc_500,50.0,5.0,30.0,5.0,2500.0,90.15320171954029,1.0,25.697783205068973,428,-9130.725772051039,16.900078994469066,1.0,31,4,95.29553916076297,3.0827761001527474
wbtc_usdc_500,50.0,5.0,30.0,5.0,5000.0,90.15320171954029,1.0,25.697783205068973,428,-9130.725772051039,16.900078994469066,1.0,31,4,95.29553916076297,3.0827761001527474
wbtc_usdc_500,50.0,5.0,100.0,0.5,500.0,89.55358677808869,1.0,85.6592773502299,428,-9686.735902783957,16.900078994469066,1.0,31,4,94.15805950741135,2.8420811690234276
wbtc_usdc_500,50.0,5.0,100.0,0.5,2500.0,89.55358677808869,1.0,85.6592773502299,428,-9686.735902783957,16.900078994469066,1.0,31,4,94.64129166116477,3.050124509634629
wbtc_usdc_500,50.0,5.0,100.0,0.5,5000.0,89.55358677808869,1.0,85.6592773502299,428,-9686.735902783957,16.900078994469066,1.0,31,4,94.64129166116477,3.050124509634629
wbtc_usdc_500,50.0,5.0,100.0,1.0,500.0,89.55358677808869,1.0,85.6592773502299,428,-9686.735902783957,16.900078994469066,1.0,31,4,94.14553543858963,2.831040463311763
wbtc_usdc_500,50.0,5.0,100.0,1.0,2500.0,89.55358677808869,1.0,85.6592773502299,428,-9686.735902783957,16.900078994469066,1.0,31,4,94.64129166116477,3.050124509634629
wbtc_usdc_500,50.0,5.0,100.0,1.0,5000.0,89.55358677808869,1.0,85.6592773502299,428,-9686.735902783957,16.900078994469066,1.0,31,4,94.64129166116477,3.050124509634629
wbtc_usdc_500,50.0,5.0,100.0,5.0,500.0,89.55358677808869,1.0,85.6592773502299,428,-9686.735902783957,16.900078994469066,1.0,31,4,93.76499191693466,2.525978666531781
wbtc_usdc_500,50.0,5.0,100.0,5.0,2500.0,89.55358677808869,1.0,85.6592773502299,428,-9686.735902783957,16.900078994469066,1.0,31,4,94.64129166116477,3.050124509634629
wbtc_usdc_500,50.0,5.0,100.0,5.0,5000.0,89.55358677808869,1.0,85.6592773502299,428,-9686.735902783957,16.900078994469066,1.0,31,4,94.64129166116477,3.050124509634629
wbtc_usdc_500,50.0,30.0,10.0,0.5,500.0,99.46141613521453,0.30547550432276654,53.85838647854677,694,-464.7671914549661,16.900078994469066,0.30547550432276654,31,2,99.55916362598087,0.10794871303868438
wbtc_usdc_500,50.0,30.0,10.0,0.5,2500.0,99.46141613521453,0.30547550432276654,53.85838647854677,694,-464.7671914549661,16.900078994469066,0.30547550432276654,31,2,99.6071095669626,0.15677935732234746
wbtc_usdc_500,50.0,30.0,10.0,0.5,5000.0,99.46141613521453,0.30547550432276654,53.85838647854677,694,-464.7671914549661,16.900078994469066,0.30547550432276654,31,2,99.6071095669626,0.15677935732234746
wbtc_usdc_500,50.0,30.0,10.0,1.0,500.0,99.02585562521783,0.30547550432276654,97.4144374782177,694,-840.6310971077994,16.900078994469066,0.30547550432276654,31,2,99.22120991179501,0.21611942627496378
wbtc_usdc_500,50.0,30.0,10.0,1.0,2500.0,99.02585562521783,0.30547550432276654,97.4144374782177,694,-840.6310971077994,16.900078994469066,0.30547550432276654,31,2,99.31658145908338,0.3132544272032739
wbtc_usdc_500,50.0,30.0,10.0,1.0,5000.0,99.02585562521783,0.30547550432276654,97.4144374782177,694,-840.6310971077994,16.900078994469066,0.30547550432276654,31,2,99.31658145908338,0.3132544272032739
wbtc_usdc_500,50.0,30.0,10.0,5.0,500.0,95.6195535690784,0.30547550432276654,438.0446430921596,694,-3780.075709897676,16.900078994469066,0.30547550432276654,31,2,96.2632833174134,0.8587856075532171
wbtc_usdc_500,50.0,30.0,10.0,5.0,2500.0,95.6195535690784,0.30547550432276654,438.0446430921596,694,-3780.075709897676,16.900078994469066,0.30547550432276654,31,2,97.06609091831614,1.5643999275253258
wbtc_usdc_500,50.0,30.0,10.0,5.0,5000.0,95.6195535690784,0.30547550432276654,438.0446430921596,694,-3780.075709897676,16.900078994469066,0.30547550432276654,31,2,97.06609091831614,1.5643999275253258
wbtc_usdc_500,50.0,30.0,30.0,0.5,500.0,99.26287763075118,0.30547550432276654,73.71223692488203,694,-636.0946097983599,16.900078994469066,0.30547550432276654,31,2,99.3599245353764,0.10766445610775513
wbtc_usdc_500,50.0,30.0,30.0,0.5,2500.0,99.26287763075118,0.30547550432276654,73.71223692488203,694,-636.0946097983599,16.900078994469066,0.30547550432276654,31,2,99.407793966379,0.15641332778815428
wbtc_usdc_500,50.0,30.0,30.0,0.5,5000.0,99.26287763075118,0.30547550432276654,73.71223692488203,694,-636.0946097983599,16.900078994469066,0.30547550432276654,31,2,99.407793966379,0.15641332778815428
wbtc_usdc_500,50.0,30.0,30.0,1.0,500.0,98.82731712075447,0.30547550432276654,117.26828792455298,694,-1011.9585154511932,16.900078994469066,0.30547550432276654,31,2,99.02210806994195,0.2158823946187434
wbtc_usdc_500,50.0,30.0,30.0,1.0,2500.0,98.82731712075447,0.30547550432276654,117.26828792455298,694,-1011.9585154511932,16.900078994469066,0.30547550432276654,31,2,99.117370769964,0.3129053451835288
wbtc_usdc_500,50.0,30.0,30.0,1.0,5000.0,98.82731712075447,0.30547550432276654,117.26828792455298,694,-1011.9585154511932,16.900078994469066,0.30547550432276654,31,2,99.117370769964,0.3129053451835288
wbtc_usdc_500,50.0,30.0,30.0,5.0,500.0,95.42319487546958,0.30547550432276654,457.68051245304184,694,-3949.5220756603976,16.900078994469066,0.30547550432276654,31,2,96.06609025843585,0.8586213493275513
wbtc_usdc_500,50.0,30.0,30.0,5.0,2500.0,95.42319487546958,0.30547550432276654,457.68051245304184,694,-3949.5220756603976,16.900078994469066,0.30547550432276654,31,2,96.86855955956504,1.5639213698986272
wbtc_usdc_500,50.0,30.0,30.0,5.0,5000.0,95.42319487546958,0.30547550432276654,457.68051245304184,694,-3949.5220756603976,16.900078994469066,0.30547550432276654,31,2,96.86855955956504,1.5639213698986272
wbtc_usdc_500,50.0,30.0,100.0,0.5,500.0,98.5692043357965,0.30547550432276654,143.0795664203507,694,-1234.6951438337069,16.900078994469066,0.30547550432276654,31,2,98.66480315573187,0.10715253722520025
wbtc_usdc_500,50.0,30.0,100.0,0.5,2500.0,98.5692043357965,0.30547550432276654,143.0795664203507,694,-1234.6951438337069,16.900078994469066,0.30547550432276654,31,2,98.71195551008151,0.15515287277176198
wbtc_usdc_500,50.0,30.0,100.0,0.5,5000.0,98.5692043357965,0.30547550432276654,143.0795664203507,694,-1234.6951438337069,16.900078994469066,0.30547550432276654,31,2,98.71195551008151,0.15515287277176198
wbtc_usdc_500,50.0,30.0,100.0,1.0,500.0,98.13364382579978,0.30547550432276654,186.63561742002162,694,-1610.55904948654,16.900078994469066,0.30547550432276654,31,2,98.3278139162742,0.2157129493412059
wbtc_usdc_500,50.0,30.0,100.0,1.0,2500.0,98.13364382579978,0.30547550432276654,186.63561742002162,694,-1610.55904948654,16.900078994469066,0.30547550432276654,31,2,98.42215876896198,0.3117921184906662
wbtc_usdc_500,50.0,30.0,100.0,1.0,5000.0,98.13364382579978,0.30547550432276654,186.63561742002162,694,-1610.55904948654,16.900078994469066,0.30547550432276654,31,2,98.42215876896198,0.3117921184906662
wbtc_usdc_500,50.0,30.0,100.0,5.0,500.0,94.74226267078232,0.30547550432276654,525.7737329217682,694,-4537.12777467219,16.900078994469066,0.30547550432276654,31,2,95.37927529651381,0.8577739551752602
wbtc_usdc_500,50.0,30.0,100.0,5.0,2500.0,94.74226267078232,0.30547550432276654,525.7737329217682,694,-4537.12777467219,16.900078994469066,0.30547550432276654,31,2,96.1802135607494,1.561057167240715
wbtc_usdc_500,50.0,30.0,100.0,5.0,5000.0,94.74226267078232,0.30547550432276654,525.7737329217682,694,-4537.12777467219,16.900078994469066,0.30547550432276654,31,2,96.1802135607494,1.561057167240715
link_weth_3000,5.0,1.0,10.0,0.5,500.0,99.85114757477989,1.0,14.529591620427428,3285,-2.1177159550023696,24.417480603168347,1.0,31,4,99.88036715530299,0.01714730976335323
link_weth_3000,5.0,1.0,10.0,0.5,2500.0,99.89759036978268,1.0,9.999467634034247,3296,-2.1456933986868627,24.417480603168347,1.0,31,4,99.89354119439123,0.0044177084273330615
link_weth_3000,5.0,1.0,10.0,0.5,5000.0,99.89759036978268,1.0,9.999467634034247,3296,-2.1456933986868627,24.417480603168347,1.0,31,4,99.89354119439123,0.0044177084273330615
link_weth_3000,5.0,1.0,10.0,1.0,500.0,99.80584381840784,1.0,19.059967257632557,3285,-2.762250214681121,24.417480603168347,1.0,31,4,99.86784131057408,0.03599950874208499
link_weth_3000,5.0,1.0,10.0,1.0,2500.0,99.89759036978268,1.0,9.999467634034247,3296,-2.1456933986868627,24.417480603168347,1.0,31,4,99.89354119439123,0.0044177084273330615
link_weth_3000,5.0,1.0,10.0,1.0,5000.0,99.89759036978268,1.0,9.999467634034247,3296,-2.1456933986868627,24.417480603168347,1.0,31,4,99.89354119439123,0.0044177084273330615
link_weth_3000,5.0,1.0,10.0,5.0,500.0,97.99232788120302,1.0,200.46986411060288,3287,-34.163614374441636,24.417480603168347,1.0,31,4,99.40486308118565,0.8157320618009043
link_weth_3000,5.0,1.0,10.0,5.0,2500.0,99.89759036978268,1.0,9.999467634034247,3296,-2.1456933986868627,24.417480603168347,1.0,31,4,99.89354119439123,0.0044177084273330615
link_weth_3000,5.0,1.0,10.0,5.0,5000.0,99.89759036978268,1.0,9.999467634034247,3296,-2.1456933986868627,24.417480603168347,1.0,31,4,99.89354119439123,0.0044177084273330615
link_weth_3000,5.0,1.0,30.0,0.5,500.0,99.65116325511543,1.0,34.528023586872024,3285,-4.962882796438969,24.417480603168347,1.0,31,4,99.68039967178245,0.01715449861794429
link_weth_3000,5.0,1.0,30.0,0.5,2500.0,99.69760101710199,1.0,29.99840290210274,3296,-6.33588364684995,24.417480603168347,1.0,31,4,99.69357088280383,0.004396596300980274
link_weth_3000,5.0,1.0,30.0,0.5,5000.0,99.69760101710199,1.0,29.99840290210274,3296,-6.33588364684995,24.417480603168347,1.0,31,4,99.69357088280383,0.004396596300980274
link_weth_3000,5.0,1.0,30.0,1.0,500.0,99.60585949874338,1.0,39.05839922407715,3285,-5.60741705611772,24.417480603168347,1.0,31,4,99.66787382705354,0.03600849235580393
link_weth_3000,5.0,1.0,30.0,1.0,2500.0,99.69760101710199,1.0,29.99840290210274,3296,-6.33588364684995,24.417480603168347,1.0,31,4,99.69357088280383,0.004396596300980274
link_weth_3000,5.0,1.0,30.0,1.0,5000.0,99.69760101710199,1.0,29.99840290210274,3296,-6.33588364684995,24.417480603168347,1.0,31,4,99.69357088280383,0.004396596300980274
link_weth_3000,5.0,1.0,30.0,5.0,500.0,97.79234099100474,1.0,220.46855313043247,3287,-37.56669744398807,24.417480603168347,1.0,31,4,99.20489495503166,0.8157430213038293
link_weth_3000,5.0,1.0,30.0,5.0,2500.0,99.69760101710199,1.0,29.99840290210274,3296,-6.33588364684995,24.417480603168347,1.0,31,4,99.69357088280383,0.004396596300980274
link_weth_3000,5.0,1.0,30.0,5.0,5000.0,99.69760101710199,1.0,29.99840290210274,3296,-6.33588364684995,24.417480603168347,1.0,31,4,99.69357088280383,0.004396596300980274
link_weth_3000,5.0,1.0,100.0,0.5,500.0,98.95121813628988,1.0,104.5225354694281,3285,-14.920966741467065,24.417480603168347,1.0,31,4,98.98051347946057,0.01717980580811614
link_weth_3000,5.0,1.0,100.0,0.5,2500.0,98.99763828271959,1.0,99.99467634034247,3296,-21.00154951542076,24.417480603168347,1.0,31,4,98.99367479224792,0.004322704271332665
link_weth_3000,5.0,1.0,100.0,0.5,5000.0,98.99763828271959,1.0,99.99467634034247,3296,-21.00154951542076,24.417480603168347,1.0,31,4,98.99367479224792,0.004322704271332665
link_weth_3000,5.0,1.0,100.0,1.0,500.0,98.90591437991783,1.0,109.05291110663323,3285,-15.565501001145817,24.417480603168347,1.0,31,4,98.96798763473166,0.03603999835248864
link_weth_3000,5.0,1.0,100.0,1.0,2500.0,98.99763828271959,1.0,99.99467634034247,3296,-21.00154951542076,24.417480603168347,1.0,31,4,98.99367479224792,0.004322704271332665
link_weth_3000,5.0,1.0,100.0,1.0,5000.0,98.99763828271959,1.0,99.99467634034247,3296,-21.00154951542076,24.417480603168347,1.0,31,4,98.99367479224792,0.004322704271332665
link_weth_3000,5.0,1.0,100.0,5.0,500.0,97.0923868753107,1.0,290.463964699836,3287,-49.47748818740058,24.417480603168347,1.0,31,4,98.50500651349266,0.8157813822031766
link_weth_3000,5.0,1.0,100.0,5.0,2500.0,98.99763828271959,1.0,99.99467634034247,3296,-21.00154951542076,24.417480603168347,1.0,31,4,98.99367479224792,0.004322704271332665
link_weth_3000,5.0,1.0,100.0,5.0,5000.0,98.99763828271959,1.0,99.99467634034247,3296,-21.00154951542076,24.417480603168347,1.0,31,4,98.99367479224792,0.004322704271332665
link_weth_3000,5.0,5.0,10.0,0.5,500.0,99.83660758293811,0.9633958781913258,16.339241706187906,3251,-2.318042068228811,24.417480603168347,0.9633958781913258,31,4,99.85448952843544,0.018725625953173952
link_weth_3000,5.0,5.0,10.0,0.5,2500.0,99.88781510104778,0.9635193133047211,11.218489895222389,3262,-2.3460195119133043,24.417480603168347,0.9635193133047211,31,4,99.86976810854934,0.021045774544210683
link_weth_3000,5.0,5.0,10.0,0.5,5000.0,99.88781510104778,0.9635193133047211,11.218489895222389,3262,-2.3460195119133043,24.417480603168347,0.9635193133047211,31,4,99.86976810854934,0.021045774544210683
link_weth_3000,5.0,5.0,10.0,1.0,500.0,99.77321516587624,0.9633958781913258,22.67848341237581,3251,-3.2173879020106253,24.417480603168347,0.9633958781913258,31,4,99.80897798789606,0.03745236052518861
link_weth_3000,5.0,5.0,10.0,1.0,2500.0,99.87563020209555,0.9635193133047211,12.436979790444775,3262,-2.600831086016367,24.417480603168347,0.9635193133047211,31,4,99.83953514812386,0.04209331151012606
link_weth_3000,5.0,5.0,10.0,1.0,5000.0,99.87563020209555,0.9635193133047211,12.436979790444775,3262,-2.600831086016367,24.417480603168347,0.9635193133047211,31,4,99.83953514812386,0.04209331151012606
link_weth_3000,5.0,5.0,10.0,5.0,500.0,97.84072250727367,0.9634183830310482,215.9277492726337,3253,-36.65706825149176,24.417480603168347,0.9634183830310482,31,4,99.08899822765048,0.7373225740577081
link_weth_3000,5.0,5.0,10.0,5.0,2500.0,99.7781594459423,0.9635193133047211,22.184055405770664,3262,-4.639147275736981,24.417480603168347,0.9635193133047211,31,4,99.59812225940367,0.2098883542823583
link_weth_3000,5.0,5.0,10.0,5.0,5000.0,99.7781594459423,0.9635193133047211,22.184055405770664,3262,-4.639147275736981,24.417480603168347,0.9635193133047211,31,4,99.59812225940367,0.2098883542823583
link_weth_3000,5.0,5.0,30.0,0.5,500.0,99.63660758293813,0.9633958781913258,36.339241706187906,3251,-5.155434537122806,24.417480603168347,0.9633958781913258,31,4,99.6544928064586,0.018723857904370197
link_weth_3000,5.0,5.0,30.0,0.5,2500.0,99.68781510104778,0.9635193133047211,31.218489895222387,3262,-6.528435387533787,24.417480603168347,0.9635193133047211,31,4,99.6697713865725,0.02104182137010745
link_weth_3000,5.0,5.0,30.0,0.5,5000.0,99.68781510104778,0.9635193133047211,31.218489895222387,3262,-6.528435387533787,24.417480603168347,0.9635193133047211,31,4,99.6697713865725,0.02104182137010745
link_weth_3000,5.0,5.0,30.0,1.0,500.0,99.57321516587625,0.9633958781913258,42.67848341237581,3251,-6.05478037090462,24.417480603168347,0.9633958781913258,31,4,99.60898126591923,0.037450592177524056
link_weth_3000,5.0,5.0,30.0,1.0,2500.0,99.67563020209555,0.9635193133047211,32.436979790444774,3262,-6.78324696163685,24.417480603168347,0.9635193133047211,31,4,99.63953842614703,0.042089358337576335
link_weth_3000,5.0,5.0,30.0,1.0,5000.0,99.67563020209555,0.9635193133047211,32.436979790444774,3262,-6.78324696163685,24.417480603168347,0.9635193133047211,31,4,99.63953842614703,0.042089358337576335
link_weth_3000,5.0,5.0,30.0,5.0,500.0,97.64072342337303,0.9634183830310482,235.9276576626963,3253,-40.052361396294735,24.417480603168347,0.9634183830310482,31,4,98.88901076479195,0.7373261661812168
link_weth_3000,5.0,5.0,30.0,5.0,2500.0,99.5781601896369,0.9635193133047211,42.183981036309014,3262,-8.821547599156611,24.417480603168347,0.9635193133047211,31,4,99.39813470249044,0.2098726947456218
link_weth_3000,5.0,5.0,30.0,5.0,5000.0,99.5781601896369,0.9635193133047211,42.183981036309014,3262,-8.821547599156611,24.417480603168347,0.9635193133047211,31,4,99.39813470249044,0.2098726947456218
link_weth_3000,5.0,5.0,100.0,0.5,500.0,98.93660958860787,0.9633958781913258,106.3390411392138,3251,-15.086279723890694,24.417480603168347,0.9633958781913258,31,4,98.9545078835958,0.01872030328705613
link_weth_3000,5.0,5.0,100.0,0.5,2500.0,98.98781646171405,0.9635193133047211,101.21835382859517,3262,-21.166862497844388,24.417480603168347,0.9635193133047211,31,4,98.96978588617604,0.021029247222004208
link_weth_3000,5.0,5.0,100.0,0.5,5000.0,98.98781646171405,0.9635193133047211,101.21835382859517,3262,-21.166862497844388,24.417480603168347,0.9635193133047211,31,4,98.96978588617604,0.021029247222004208
link_weth_3000,5.0,5.0,100.0,1.0,500.0,98.87321717154599,0.9633958781913258,112.67828284540171,3251,-15.98562555767251,24.417480603168347,0.9633958781913258,31,4,98.9089963430564,0.03744703414494341
link_weth_3000,5.0,5.0,100.0,1.0,2500.0,98.97563156276182,0.9635193133047211,102.43684372381755,3262,-21.42167407194745,24.417480603168347,0.9635193133047211,31,4,98.93955292575055,0.04207678414353769
link_weth_3000,5.0,5.0,100.0,1.0,5000.0,98.97563156276182,0.9635193133047211,102.43684372381755,3262,-21.42167407194745,24.417480603168347,0.9635193133047211,31,4,98.93955292575055,0.04207678414353769
link_weth_3000,5.0,5.0,100.0,5.0,500.0,96.94073256385741,0.9634183830310482,305.92674361425946,3253,-51.93578666197777,24.417480603168347,0.9634183830310482,31,4,98.18905923095993,0.737338516812404
link_weth_3000,5.0,5.0,100.0,5.0,2500.0,98.87816760993346,0.9635193133047211,112.18323900665453,3262,-23.459847989997947,24.417480603168347,0.9635193133047211,31,4,98.69818214399143,0.20981988899082488
link_weth_3000,5.0,5.0,100.0,5.0,5000.0,98.87816760993346,0.9635193133047211,112.18323900665453,3262,-23.459847989997947,24.417480603168347,0.9635193133047211,31,4,98.69818214399143,0.20981988899082488
link_weth_3000,5.0,30.0,10.0,0.5,500.0,99.55564967875364,0.3333333333333333,44.435032124635725,2418,-5.1076998515472996,24.417480603168347,0.3333333333333333,31,0,99.31882647326246,0.21712359822299324
link_weth_3000,5.0,30.0,10.0,0.5,2500.0,99.71522718013469,0.3358055212196127,28.47728198653033,2427,-5.202329745865856,24.417480603168347,0.3358055212196127,31,0,99.3926856197861,0.28801602538084103
link_weth_3000,5.0,30.0,10.0,0.5,5000.0,99.71522718013469,0.3358055212196127,28.47728198653033,2427,-5.202329745865856,24.417480603168347,0.3358055212196127,31,0,99.3926856197861,0.28801602538084103
link_weth_3000,5.0,30.0,10.0,1.0,500.0,99.21571012222411,0.3333333333333333,78.42898777758897,2418,-9.01522312631568,24.417480603168347,0.3333333333333333,31,0,98.74487793864758,0.43115549520282237
link_weth_3000,5.0,30.0,10.0,1.0,2500.0,99.53322968893502,0.3358055212196127,46.67703110649709,2427,-8.527123743371758,24.417480603168347,0.3358055212196127,31,0,98.8918149302125,0.5722576186288185
link_weth_3000,5.0,30.0,10.0,1.0,5000.0,99.53322968893502,0.3358055212196127,46.67703110649709,2427,-8.527123743371758,24.417480603168347,0.3358055212196127,31,0,98.8918149302125,0.5722576186288185
link_weth_3000,5.0,30.0,10.0,5.0,500.0,95.52951670350956,0.3338842975206612,447.04832964904375,2420,-63.857903972024246,24.417480603168347,0.3338842975206612,31,0,94.15613659260657,1.7274265010832934
link_weth_3000,5.0,30.0,10.0,5.0,2500.0,98.22299884621981,0.3358055212196127,177.70011537801904,2427,-32.46288028865,24.417480603168347,0.3358055212196127,31,0,95.15093369856673,2.693061261673043
link_weth_3000,5.0,30.0,10.0,5.0,5000.0,98.22299884621981,0.3358055212196127,177.70011537801904,2427,-32.46288028865,24.417480603168347,0.3358055212196127,31,0,95.15093369856673,2.693061261673043
link_weth_3000,5.0,30.0,30.0,0.5,500.0,99.35608914923654,0.3333333333333333,64.39108507634661,2418,-7.401600043022841,24.417480603168347,0.3333333333333333,31,0,99.12001756971924,0.21641441047926022
link_weth_3000,5.0,30.0,30.0,0.5,2500.0,99.51550370248562,0.3358055212196127,48.44962975143794,2427,-8.850948280503466,24.417480603168347,0.3358055212196127,31,0,99.1937713168448,0.2872356567114942
link_weth_3000,5.0,30.0,30.0,0.5,5000.0,99.51550370248562,0.3358055212196127,48.44962975143794,2427,-8.850948280503466,24.417480603168347,0.3358055212196127,31,0,99.1937713168448,0.2872356567114942
link_weth_3000,5.0,30.0,30.0,1.0,500.0,99.01667890649777,0.3333333333333333,98.3321093502226,2418,-11.303038983334192,24.417480603168347,0.3333333333333333,31,0,98.54659635300912,0.43052037775768176
link_weth_3000,5.0,30.0,30.0,1.0,2500.0,99.33383926458419,0.3358055212196127,66.61607354158187,2427,-12.169657943552341,24.417480603168347,0.3358055212196127,31,0,98.69333008952783,0.5714497661416655
link_weth_3000,5.0,30.0,30.0,1.0,5000.0,99.33383926458419,0.3358055212196127,66.61607354158187,2427,-12.169657943552341,24.417480603168347,0.3358055212196127,31,0,98.69333008952783,0.5714497661416655
link_weth_3000,5.0,30.0,30.0,5.0,500.0,95.3350931287603,0.3338842975206612,466.4906871239696,2420,-66.63511644387995,24.417480603168347,0.3338842975206612,31,0,93.96573801010862,1.7226105259106228
link_weth_3000,5.0,30.0,30.0,5.0,2500.0,98.02735914980066,0.3358055212196127,197.26408501993387,2427,-36.03689487555794,24.417480603168347,0.3358055212196127,31,0,94.95973629743867,2.6878255573403833
link_weth_3000,5.0,30.0,30.0,5.0,5000.0,98.02735914980066,0.3358055212196127,197.26408501993387,2427,-36.03689487555794,24.417480603168347,0.3358055212196127,31,0,94.95973629743867,2.6878255573403833
link_weth_3000,5.0,30.0,100.0,0.5,500.0,98.6593520290487,0.3333333333333333,134.06479709512996,2418,-15.410425321620664,24.417480603168347,0.3333333333333333,31,0,98.42661639068987,0.21441188823405236
link_weth_3000,5.0,30.0,100.0,0.5,2500.0,98.81755676231914,0.3358055212196127,118.24432376808572,2427,-21.601287760168532,24.417480603168347,0.3358055212196127,31,0,98.49953832996859,0.2845093981352301
link_weth_3000,5.0,30.0,100.0,0.5,5000.0,98.81755676231914,0.3358055212196127,118.24432376808572,2427,-21.601287760168532,24.417480603168347,0.3358055212196127,31,0,98.49953832996859,0.2845093981352301
link_weth_3000,5.0,30.0,100.0,1.0,500.0,98.32227443180831,0.3333333333333333,167.7725568191683,2418,-19.285051064110192,24.417480603168347,0.3333333333333333,31,0,97.85529896542211,0.4291746533364357
link_weth_3000,5.0,30.0,100.0,1.0,2500.0,98.63736006489674,0.3358055212196127,136.26399351032555,2427,-24.893184225395583,24.417480603168347,0.3358055212196127,31,0,98.0007279169306,0.5689363881726652
link_weth_3000,5.0,30.0,100.0,1.0,5000.0,98.63736006489674,0.3358055212196127,136.26399351032555,2427,-24.893184225395583,24.417480603168347,0.3358055212196127,31,0,98.0007279169306,0.5689363881726652
link_weth_3000,5.0,30.0,100.0,5.0,500.0,94.65627199080576,0.3338842975206612,534.3728009194232,2420,-76.3316284688128,24.417480603168347,0.3338842975206612,31,0,93.30282810367225,1.7044043466986138
link_weth_3000,5.0,30.0,100.0,5.0,2500.0,97.34391926920743,0.3358055212196127,265.6080730792569,2427,-48.52221430317361,24.417480603168347,0.3358055212196127,31,0,94.29369333575242,2.66784147886462
link_weth_3000,5.0,30.0,100.0,5.0,5000.0,97.34391926920743,0.3358055212196127,265.6080730792569,2427,-48.52221430317361,24.417480603168347,0.3358055212196127,31,0,94.29369333575242,2.66784147886462
link_weth_3000,10.0,1.0,10.0,0.5,500.0,99.81540237745908,1.0,14.524762563819397,3143,-2.626261076582034,24.417480603168347,1.0,31,4,99.7927844894041,0.06349978634946939
link_weth_3000,10.0,1.0,10.0,0.5,2500.0,99.87331853398281,1.0,9.996188590194974,3154,-2.654238520266527,24.417480603168347,1.0,31,4,99.81235435859793,0.07528412602292008
link_weth_3000,10.0,1.0,10.0,0.5,5000.0,99.87331853398281,1.0,9.996188590194974,3154,-2.654238520266527,24.417480603168347,1.0,31,4,99.81235435859793,0.07528412602292008
link_weth_3000,10.0,1.0,10.0,1.0,500.0,99.77009862108702,1.0,19.05513820102453,3143,-3.2707953362607856,24.417480603168347,1.0,31,4,99.78025864467519,0.06150257606798194
link_weth_3000,10.0,1.0,10.0,1.0,2500.0,99.87331853398281,1.0,9.996188590194974,3154,-2.654238520266527,24.417480603168347,1.0,31,4,99.81235435859793,0.07528412602292008
link_weth_3000,10.0,1.0,10.0,1.0,5000.0,99.87331853398281,1.0,9.996188590194974,3154,-2.654238520266527,24.417480603168347,1.0,31,4,99.81235435859793,0.07528412602292008
link_weth_3000,10.0,1.0,10.0,5.0,500.0,97.96244252274666,1.0,200.46582669862715,3145,-34.6721594960213,24.417480603168347,1.0,31,4,99.31874537500288,0.7850490874817893
link_weth_3000,10.0,1.0,10.0,5.0,2500.0,99.87331853398281,1.0,9.996188590194974,3154,-2.654238520266527,24.417480603168347,1.0,31,4,99.81235435859793,0.07528412602292008
link_weth_3000,10.0,1.0,10.0,5.0,5000.0,99.87331853398281,1.0,9.996188590194974,3154,-2.654238520266527,24.417480603168347,1.0,31,4,99.81235435859793,0.07528412602292008
link_weth_3000,10.0,1.0,30.0,0.5,500.0,99.61551463892678,1.0,34.51353641704793,3143,-5.470053863116765,24.417480603168347,1.0,31,4,99.59305311570809,0.06330677022239709
link_weth_3000,10.0,1.0,30.0,0.5,2500.0,99.6733947621789,1.0,29.98856577058492,3154,-6.843054713527747,24.417480603168347,1.0,31,4,99.61260301102345,0.07507126359571005
link_weth_3000,10.0,1.0,30.0,0.5,5000.0,99.6733947621789,1.0,29.98856577058492,3154,-6.843054713527747,24.417480603168347,1.0,31,4,99.61260301102345,0.07507126359571005
link_weth_3000,10.0,1.0,30.0,1.0,500.0,99.57021088255473,1.0,39.04391205425306,3143,-6.114588122795516,24.417480603168347,1.0,31,4,99.58052727097918,0.06133404370024369
link_weth_3000,10.0,1.0,30.0,1.0,2500.0,99.6733947621789,1.0,29.98856577058492,3154,-6.843054713527747,24.417480603168347,1.0,31,4,99.61260301102345,0.07507126359571005
link_weth_3000,10.0,1.0,30.0,1.0,5000.0,99.6733947621789,1.0,29.98856577058492,3154,-6.843054713527747,24.417480603168347,1.0,31,4,99.61260301102345,0.07507126359571005
link_weth_3000,10.0,1.0,30.0,5.0,500.0,97.76253638078786,1.0,220.45644089450533,3145,-38.07386851066587,24.417480603168347,1.0,31,4,99.11900940045024,0.7851350399781583
link_weth_3000,10.0,1.0,30.0,5.0,2500.0,99.6733947621789,1.0,29.98856577058492,3154,-6.843054713527747,24.417480603168347,1.0,31,4,99.61260301102345,0.07507126359571005
link_weth_3000,10.0,1.0,30.0,5.0,5000.0,99.6733947621789,1.0,29.98856577058492,3154,-6.843054713527747,24.417480603168347,1.0,31,4,99.61260301102345,0.07507126359571005
link_weth_3000,10.0,1.0,100.0,0.5,500.0,98.91590755406379,1.0,104.4742449033478,3143,-15.423328615988321,24.417480603168347,1.0,31,4,98.89399330777205,0.06263155501504188
link_weth_3000,10.0,1.0,100.0,0.5,2500.0,98.97366156086527,1.0,99.96188590194974,3154,-21.503911389942015,24.417480603168347,1.0,31,4,98.91347329451281,0.0743262451994727
link_weth_3000,10.0,1.0,100.0,0.5,5000.0,98.97366156086527,1.0,99.96188590194974,3154,-21.503911389942015,24.417480603168347,1.0,31,4,98.91347329451281,0.0743262451994727
link_weth_3000,10.0,1.0,100.0,1.0,500.0,98.87060379769174,1.0,109.00462054055293,3143,-16.067862875667075,24.417480603168347,1.0,31,4,98.88146746304314,0.06074567983363855
link_weth_3000,10.0,1.0,100.0,1.0,2500.0,98.97366156086527,1.0,99.96188590194974,3154,-21.503911389942015,24.417480603168347,1.0,31,4,98.91347329451281,0.0743262451994727
link_weth_3000,10.0,1.0,100.0,1.0,5000.0,98.97366156086527,1.0,99.96188590194974,3154,-21.503911389942015,24.417480603168347,1.0,31,4,98.91347329451281,0.0743262451994727
link_weth_3000,10.0,1.0,100.0,5.0,500.0,97.06286488393214,1.0,290.42359058007895,3145,-49.979850061921844,24.417480603168347,1.0,31,4,98.41993348951603,0.7854362154475703
link_weth_3000,10.0,1.0,100.0,5.0,2500.0,98.97366156086527,1.0,99.96188590194974,3154,-21.503911389942015,24.417480603168347,1.0,31,4,98.91347329451281,0.0743262451994727
link_weth_3000,10.0,1.0,100.0,5.0,5000.0,98.97366156086527,1.0,99.96188590194974,3154,-21.503911389942015,24.417480603168347,1.0,31,4,98.91347329451281,0.0743262451994727
link_weth_3000,10.0,5.0,10.0,0.5,500.0,99.85470354481868,1.0,14.529645518132774,3152,-2.067458541719354,24.417480603168347,1.0,31,4,99.8874770001531,0.019023045514984908
link_weth_3000,10.0,5.0,10.0,0.5,2500.0,99.9,1.0,10.0,3163,-2.095435985403847,24.417480603168347,1.0,31,4,99.90000106897482,1.8515186967826002e-06
link_weth_3000,10.0,5.0,10.0,0.5,5000.0,99.9,1.0,10.0,3163,-2.095435985403847,24.417480603168347,1.0,31,4,99.90000106897482,1.8515186967826002e-06
link_weth_3000,10.0,5.0,10.0,1.0,500.0,99.80940708963735,1.0,19.05929103626555,3152,-2.7119928013981056,24.417480603168347,1.0,31,4,99.87495293133138,0.038045387114860954
link_weth_3000,10.0,5.0,10.0,1.0,2500.0,99.9,1.0,10.0,3163,-2.095435985403847,24.417480603168347,1.0,31,4,99.90000106897482,1.8515186967826002e-06
link_weth_3000,10.0,5.0,10.0,1.0,5000.0,99.9,1.0,10.0,3163,-2.095435985403847,24.417480603168347,1.0,31,4,99.90000106897482,1.8515186967826002e-06
link_weth_3000,10.0,5.0,10.0,5.0,500.0,97.99555145294282,1.0,200.44485470571834,3154,-34.11335696115862,24.417480603168347,1.0,31,4,99.4118893819466,0.8179578525029801
link_weth_3000,10.0,5.0,10.0,5.0,2500.0,99.9,1.0,10.0,3163,-2.095435985403847,24.417480603168347,1.0,31,4,99.90000106897482,1.8515186967826002e-06
link_weth_3000,10.0,5.0,10.0,5.0,5000.0,99.9,1.0,10.0,3163,-2.095435985403847,24.417480603168347,1.0,31,4,99.90000106897482,1.8515186967826002e-06
link_weth_3000,10.0,5.0,30.0,0.5,500.0,99.65470354481867,1.0,34.529645518132774,3152,-4.91330710580056,24.417480603168347,1.0,31,4,99.68748027817627,0.019025204295134965
link_weth_3000,10.0,5.0,30.0,0.5,2500.0,99.7,1.0,30.0,3163,-6.286307956211542,24.417480603168347,1.0,31,4,99.70000434699799,5.732280003534772e-06
link_weth_3000,10.0,5.0,30.0,0.5,5000.0,99.7,1.0,30.0,3163,-6.286307956211542,24.417480603168347,1.0,31,4,99.70000434699799,5.732280003534772e-06
link_weth_3000,10.0,5.0,30.0,1.0,500.0,99.60940708963734,1.0,39.05929103626555,3152,-5.5578413654793115,24.417480603168347,1.0,31,4,99.67495620935453,0.03804754560942906
link_weth_3000,10.0,5.0,30.0,1.0,2500.0,99.7,1.0,30.0,3163,-6.286307956211542,24.417480603168347,1.0,31,4,99.70000434699799,5.732280003534772e-06
link_weth_3000,10.0,5.0,30.0,1.0,5000.0,99.7,1.0,30.0,3163,-6.286307956211542,24.417480603168347,1.0,31,4,99.70000434699799,5.732280003534772e-06
link_weth_3000,10.0,5.0,30.0,5.0,500.0,97.79555145294282,1.0,220.44485470571834,3154,-37.51712175334966,24.417480603168347,1.0,31,4,99.21189265996976,0.8179598086602763
link_weth_3000,10.0,5.0,30.0,5.0,2500.0,99.7,1.0,30.0,3163,-6.286307956211542,24.417480603168347,1.0,31,4,99.70000434699799,5.732280003534772e-06
link_weth_3000,10.0,5.0,30.0,5.0,5000.0,99.7,1.0,30.0,3163,-6.286307956211542,24.417480603168347,1.0,31,4,99.70000434699799,5.732280003534772e-06
link_weth_3000,10.0,5.0,100.0,0.5,500.0,98.9547055445288,1.0,104.5294455471192,3152,-14.873748625723687,24.417480603168347,1.0,31,4,98.98749534221436,0.01903352951771499
link_weth_3000,10.0,5.0,100.0,0.5,2500.0,99.0000013579208,1.0,99.99986420792003,3163,-20.95433139967738,24.417480603168347,1.0,31,4,99.00001883948309,1.8405863751788997e-05
link_weth_3000,10.0,5.0,100.0,0.5,5000.0,99.0000013579208,1.0,99.99986420792003,3163,-20.95433139967738,24.417480603168347,1.0,31,4,99.00001883948309,1.8405863751788997e-05
link_weth_3000,10.0,5.0,100.0,1.0,500.0,98.90940908934748,1.0,109.05909106525198,3152,-15.518282885402439,24.417480603168347,1.0,31,4,98.97497127339263,0.038055868569008264
link_weth_3000,10.0,5.0,100.0,1.0,2500.0,99.0000013579208,1.0,99.99986420792003,3163,-20.95433139967738,24.417480603168347,1.0,31,4,99.00001883948309,1.8405863751788997e-05
link_weth_3000,10.0,5.0,100.0,1.0,5000.0,99.0000013579208,1.0,99.99986420792003,3163,-20.95433139967738,24.417480603168347,1.0,31,4,99.00001883948309,1.8405863751788997e-05
link_weth_3000,10.0,5.0,100.0,5.0,500.0,97.09555312487744,1.0,290.44468751225565,3154,-49.430270071657205,24.417480603168347,1.0,31,4,98.51190764206397,0.8179676814578224
link_weth_3000,10.0,5.0,100.0,5.0,2500.0,99.0000013579208,1.0,99.99986420792003,3163,-20.95433139967738,24.417480603168347,1.0,31,4,99.00001883948309,1.8405863751788997e-05
link_weth_3000,10.0,5.0,100.0,5.0,5000.0,99.0000013579208,1.0,99.99986420792003,3163,-20.95433139967738,24.417480603168347,1.0,31,4,99.00001883948309,1.8405863751788997e-05
link_weth_3000,10.0,30.0,10.0,0.5,500.0,99.56130718298843,0.3485441112559757,43.86928170115676,2301,-5.028094415853929,24.417480603168347,0.3485441112559757,31,0,99.33484534151668,0.2116640400622274
link_weth_3000,10.0,30.0,10.0,0.5,2500.0,99.7190738769037,0.3510822510822511,28.092612309629224,2310,-5.122724310172487,24.417480603168347,0.3510822510822511,31,0,99.40685306827227,0.28093589391838314
link_weth_3000,10.0,30.0,10.0,0.5,5000.0,99.7190738769037,0.3510822510822511,28.092612309629224,2310,-5.122724310172487,24.417480603168347,0.3510822510822511,31,0,99.40685306827227,0.28093589391838314
link_weth_3000,10.0,30.0,10.0,1.0,500.0,99.22620346367096,0.3485441112559757,77.37965363290402,2301,-8.868898446587895,24.417480603168347,0.3485441112559757,31,0,98.77460491874328,0.42211667038138473
link_weth_3000,10.0,30.0,10.0,1.0,2500.0,99.5404036510957,0.3510822510822511,45.9596348904293,2310,-8.380799063643975,24.417480603168347,0.3510822510822511,31,0,98.9178875713449,0.5600939792419325
link_weth_3000,10.0,30.0,10.0,1.0,5000.0,99.5404036510957,0.3510822510822511,45.9596348904293,2310,-8.380799063643975,24.417480603168347,0.3510822510822511,31,0,98.9178875713449,0.5600939792419325
link_weth_3000,10.0,30.0,10.0,5.0,500.0,95.54676129519825,0.3491098567086409,445.323870480175,2303,-63.46363558045189,24.417480603168347,0.3491098567086409,31,0,94.25050915613969,1.7212775655816628
link_weth_3000,10.0,30.0,10.0,5.0,2500.0,98.24138285258955,0.3510822510822511,175.8617147410441,2310,-32.06861189707765,24.417480603168347,0.3510822510822511,31,0,95.23329954071086,2.666584479251014
link_weth_3000,10.0,30.0,10.0,5.0,5000.0,98.24138285258955,0.3510822510822511,175.8617147410441,2310,-32.06861189707765,24.417480603168347,0.3510822510822511,31,0,95.23329954071086,2.666584479251014
link_weth_3000,10.0,30.0,30.0,0.5,500.0,99.36172556216867,0.3485441112559757,63.82744378313244,2301,-7.315606757603611,24.417480603168347,0.3485441112559757,31,0,99.13585365994965,0.2111373965851922
link_weth_3000,10.0,30.0,30.0,0.5,2500.0,99.51933684563252,0.3510822510822511,48.066315436748305,2310,-8.764954995084237,24.417480603168347,0.3510822510822511,31,0,99.20775714288214,0.2803390021303602
link_weth_3000,10.0,30.0,30.0,0.5,5000.0,99.51933684563252,0.3510822510822511,48.066315436748305,2310,-8.764954995084237,24.417480603168347,0.3510822510822511,31,0,99.20775714288214,0.2803390021303602
link_weth_3000,10.0,30.0,30.0,1.0,500.0,99.02707060740858,0.3485441112559757,97.29293925914223,2301,-11.151267256286287,24.417480603168347,0.3485441112559757,31,0,98.57597645614155,0.4216696276024075
link_weth_3000,10.0,30.0,30.0,1.0,2500.0,99.34094868702758,0.3510822510822511,65.90513129724292,2310,-12.017886216504436,24.417480603168347,0.3510822510822511,31,0,98.7190743492989,0.5595058947086546
link_weth_3000,10.0,30.0,30.0,1.0,5000.0,99.34094868702758,0.3510822510822511,65.90513129724292,2310,-12.017886216504436,24.417480603168347,0.3510822510822511,31,0,98.7190743492989,0.5595058947086546
link_weth_3000,10.0,30.0,30.0,5.0,500.0,95.35186457546556,0.3491098567086409,464.8135424534441,2303,-66.2411319638378,24.417480603168347,0.3491098567086409,31,0,94.05850802750888,1.7174279359404583
link_weth_3000,10.0,30.0,30.0,5.0,2500.0,98.04537116834545,0.3510822510822511,195.4628831654545,2310,-35.64291039551579,24.417480603168347,0.3510822510822511,31,0,95.04060690179453,2.6623978033183917
link_weth_3000,10.0,30.0,30.0,5.0,5000.0,98.04537116834545,0.3510822510822511,195.4628831654545,2310,-35.64291039551579,24.417480603168347,0.3510822510822511,31,0,95.04060690179453,2.6623978033183917
link_weth_3000,10.0,30.0,100.0,0.5,500.0,98.66486361119594,0.3485441112559757,133.51363888040638,2301,-15.302716526521287,24.417480603168347,0.3485441112559757,31,0,98.44150499116624,0.20983107904245146
link_weth_3000,10.0,30.0,100.0,0.5,2500.0,98.82130924005989,0.3510822510822511,117.86907599401121,2310,-21.493578965069155,24.417480603168347,0.3510822510822511,31,0,98.5126047624447,0.27835627573323635
link_weth_3000,10.0,30.0,100.0,0.5,5000.0,98.82130924005989,0.3510822510822511,117.86907599401121,2310,-21.493578965069155,24.417480603168347,0.3510822510822511,31,0,98.5126047624447,0.27835627573323635
link_weth_3000,10.0,30.0,100.0,1.0,500.0,98.33210360100013,0.3485441112559757,166.78963989998746,2301,-19.11665804597164,24.417480603168347,0.3485441112559757,31,0,97.88329678658201,0.4208901667076486
link_weth_3000,10.0,30.0,100.0,1.0,2500.0,98.64411213298611,0.3510822510822511,135.58878670138975,2310,-24.72479120725703,24.417480603168347,0.3510822510822511,31,0,98.02520173423227,0.5577009046918409
link_weth_3000,10.0,30.0,100.0,1.0,5000.0,98.64411213298611,0.3510822510822511,135.58878670138975,2310,-24.72479120725703,24.417480603168347,0.3510822510822511,31,0,98.02520173423227,0.5577009046918409
link_weth_3000,10.0,30.0,100.0,5.0,500.0,94.67134798123067,0.3491098567086409,532.8652018769333,2303,-75.93925506161952,24.417480603168347,0.3491098567086409,31,0,93.39008797076158,1.7026971837756206
link_weth_3000,10.0,30.0,100.0,5.0,2500.0,97.36059784023516,0.3510822510822511,263.9402159764844,2310,-48.12984089598034,24.417480603168347,0.3510822510822511,31,0,94.36940369219535,2.646106998057306
link_weth_3000,10.0,30.0,100.0,5.0,5000.0,97.36059784023516,0.3510822510822511,263.9402159764844,2310,-48.12984089598034,24.417480603168347,0.3510822510822511,31,0,94.36940369219535,2.646106998057306
link_weth_3000,25.0,1.0,10.0,0.5,500.0,99.30897387461278,1.0,14.467668976602402,2824,-9.831193874685049,24.417480603168347,1.0,31,4,98.5311374256277,0.8582525946796901
link_weth_3000,25.0,1.0,10.0,0.5,2500.0,99.52944158304194,1.0,9.95742069190309,2835,-9.859171318369542,24.417480603168347,1.0,31,4,98.6580271703879,0.9358802636992621
link_weth_3000,25.0,1.0,10.0,0.5,5000.0,99.52944158304194,1.0,9.95742069190309,2835,-9.859171318369542,24.417480603168347,1.0,31,4,98.6580271703879,0.9358802636992621
link_weth_3000,25.0,1.0,10.0,1.0,500.0,99.26367011824073,1.0,18.998044613807533,2824,-10.4757281343638,24.417480603168347,1.0,31,4,98.51861158089879,0.8477756520557322
link_weth_3000,25.0,1.0,10.0,1.0,2500.0,99.52944158304194,1.0,9.95742069190309,2835,-9.859171318369542,24.417480603168347,1.0,31,4,98.6580271703879,0.9358802636992621
link_weth_3000,25.0,1.0,10.0,1.0,5000.0,99.52944158304194,1.0,9.95742069190309,2835,-9.859171318369542,24.417480603168347,1.0,31,4,98.6580271703879,0.9358802636992621
link_weth_3000,25.0,1.0,10.0,5.0,500.0,97.53903466730092,1.0,200.41809266867548,2826,-41.87709229412432,24.417480603168347,1.0,31,4,98.07785347307662,0.7879460549831285
link_weth_3000,25.0,1.0,10.0,5.0,2500.0,99.52944158304194,1.0,9.95742069190309,2835,-9.859171318369542,24.417480603168347,1.0,31,4,98.6580271703879,0.9358802636992621
link_weth_3000,25.0,1.0,10.0,5.0,5000.0,99.52944158304194,1.0,9.95742069190309,2835,-9.859171318369542,24.417480603168347,1.0,31,4,98.6580271703879,0.9358802636992621
link_weth_3000,25.0,1.0,30.0,0.5,500.0,99.11022800782483,1.0,34.34225565539695,2824,-12.658741309436099,24.417480603168347,1.0,31,4,98.33424713859642,0.856250822111384
link_weth_3000,25.0,1.0,30.0,0.5,2500.0,99.33029316920388,1.0,29.87226207570927,2835,-14.031742159847079,24.417480603168347,1.0,31,4,98.46087558434209,0.9337247597264369
link_weth_3000,25.0,1.0,30.0,0.5,5000.0,99.33029316920388,1.0,29.87226207570927,2835,-14.031742159847079,24.417480603168347,1.0,31,4,98.46087558434209,0.9337247597264369
link_weth_3000,25.0,1.0,30.0,1.0,500.0,99.06492425145277,1.0,38.87263129260208,2824,-13.303275569114849,24.417480603168347,1.0,31,4,98.32172129386751,0.845774767051658
link_weth_3000,25.0,1.0,30.0,1.0,2500.0,99.33029316920388,1.0,29.87226207570927,2835,-14.031742159847079,24.417480603168347,1.0,31,4,98.46087558434209,0.9337247597264369
link_weth_3000,25.0,1.0,30.0,1.0,5000.0,99.33029316920388,1.0,29.87226207570927,2835,-14.031742159847079,24.417480603168347,1.0,31,4,98.46087558434209,0.9337247597264369
link_weth_3000,25.0,1.0,30.0,5.0,500.0,97.34008320594117,1.0,220.3132388046503,2826,-45.2625559569852,24.417480603168347,1.0,31,4,97.8809117874024,0.786852835198265
link_weth_3000,25.0,1.0,30.0,5.0,2500.0,99.33029316920388,1.0,29.87226207570927,2835,-14.031742159847079,24.417480603168347,1.0,31,4,98.46087558434209,0.9337247597264369
link_weth_3000,25.0,1.0,30.0,5.0,5000.0,99.33029316920388,1.0,29.87226207570927,2835,-14.031742159847079,24.417480603168347,1.0,31,4,98.46087558434209,0.9337247597264369
link_weth_3000,25.0,1.0,100.0,0.5,500.0,98.41461747406701,1.0,103.90330903117786,2824,-22.55515733106477,24.417480603168347,1.0,31,4,97.64513113398694,0.8492446262826071
link_weth_3000,25.0,1.0,100.0,0.5,2500.0,98.63327372077067,1.0,99.5742069190309,2835,-28.63574010501846,24.417480603168347,1.0,31,4,97.7708450331818,0.9261804962820831
link_weth_3000,25.0,1.0,100.0,0.5,5000.0,98.63327372077067,1.0,99.5742069190309,2835,-28.63574010501846,24.417480603168347,1.0,31,4,97.7708450331818,0.9261804962820831
link_weth_3000,25.0,1.0,100.0,1.0,500.0,98.36931371769496,1.0,108.43368466838298,2824,-23.19969159074352,24.417480603168347,1.0,31,4,97.63260528925802,0.8387717111541406
link_weth_3000,25.0,1.0,100.0,1.0,2500.0,98.63327372077067,1.0,99.5742069190309,2835,-28.63574010501846,24.417480603168347,1.0,31,4,97.7708450331818,0.9261804962820831
link_weth_3000,25.0,1.0,100.0,1.0,5000.0,98.63327372077067,1.0,99.5742069190309,2835,-28.63574010501846,24.417480603168347,1.0,31,4,97.7708450331818,0.9261804962820831
link_weth_3000,25.0,1.0,100.0,5.0,500.0,96.64375309118205,1.0,289.94625028056214,2826,-57.11167877699829,24.417480603168347,1.0,31,4,97.19161588754258,0.7830568525931788
link_weth_3000,25.0,1.0,100.0,5.0,2500.0,98.63327372077067,1.0,99.5742069190309,2835,-28.63574010501846,24.417480603168347,1.0,31,4,97.7708450331818,0.9261804962820831
link_weth_3000,25.0,1.0,100.0,5.0,5000.0,98.63327372077067,1.0,99.5742069190309,2835,-28.63574010501846,24.417480603168347,1.0,31,4,97.7708450331818,0.9261804962820831
link_weth_3000,25.0,5.0,10.0,0.5,500.0,99.6097470790141,1.0,14.472840044545018,2826,-5.553003574081162,24.417480603168347,1.0,31,4,99.25984982761332,0.3867247848136258
link_weth_3000,25.0,5.0,10.0,0.5,2500.0,99.73366015203322,1.0,9.961425742287586,2837,-5.580981017765654,24.417480603168347,1.0,31,4,99.32583232722226,0.42775413213472485
link_weth_3000,25.0,5.0,10.0,0.5,5000.0,99.73366015203322,1.0,9.961425742287586,2837,-5.580981017765654,24.417480603168347,1.0,31,4,99.32583232722226,0.42775413213472485
link_weth_3000,25.0,5.0,10.0,1.0,500.0,99.56445062383277,1.0,19.002485562677794,2826,-6.197537833759913,24.417480603168347,1.0,31,4,99.2473257587916,0.37648544835818354
link_weth_3000,25.0,5.0,10.0,1.0,2500.0,99.73366015203322,1.0,9.961425742287586,2837,-5.580981017765654,24.417480603168347,1.0,31,4,99.32583232722226,0.42775413213472485
link_weth_3000,25.0,5.0,10.0,1.0,5000.0,99.73366015203322,1.0,9.961425742287586,2837,-5.580981017765654,24.417480603168347,1.0,31,4,99.32583232722226,0.42775413213472485
link_weth_3000,25.0,5.0,10.0,5.0,500.0,97.79074617142875,1.0,200.39736030310493,2828,-37.59890199352043,24.417480603168347,1.0,31,4,98.79430000547944,0.6633074283396346
link_weth_3000,25.0,5.0,10.0,5.0,2500.0,99.73366015203322,1.0,9.961425742287586,2837,-5.580981017765654,24.417480603168347,1.0,31,4,99.32583232722226,0.42775413213472485
link_weth_3000,25.0,5.0,10.0,5.0,5000.0,99.73366015203322,1.0,9.961425742287586,2837,-5.580981017765654,24.417480603168347,1.0,31,4,99.32583232722226,0.42775413213472485
link_weth_3000,25.0,5.0,30.0,0.5,500.0,99.41088318848585,1.0,34.35922909736951,2826,-8.3826861606182,24.417480603168347,1.0,31,4,99.0627037347561,0.38486834186658303
link_weth_3000,25.0,5.0,30.0,0.5,2500.0,99.53443163718748,1.0,29.884277226862757,2837,-9.755687011029181,24.417480603168347,1.0,31,4,99.12844702052803,0.4257589942351191
link_weth_3000,25.0,5.0,30.0,0.5,5000.0,99.53443163718748,1.0,29.884277226862757,2837,-9.755687011029181,24.417480603168347,1.0,31,4,99.12844702052803,0.4257589942351191
link_weth_3000,25.0,5.0,30.0,1.0,500.0,99.36558673330453,1.0,38.88887461550228,2826,-9.02722042029695,24.417480603168347,1.0,31,4,99.05017966593438,0.3746318914243857
link_weth_3000,25.0,5.0,30.0,1.0,2500.0,99.53443163718748,1.0,29.884277226862757,2837,-9.755687011029181,24.417480603168347,1.0,31,4,99.12844702052803,0.4257589942351191
link_weth_3000,25.0,5.0,30.0,1.0,5000.0,99.53443163718748,1.0,29.884277226862757,2837,-9.755687011029181,24.417480603168347,1.0,31,4,99.12844702052803,0.4257589942351191
link_weth_3000,25.0,5.0,30.0,5.0,500.0,97.59169605948101,1.0,220.3023714978781,2828,-40.9865008081673,24.417480603168347,1.0,31,4,98.59710735726735,0.663484547537131
link_weth_3000,25.0,5.0,30.0,5.0,2500.0,99.53443163718748,1.0,29.884277226862757,2837,-9.755687011029181,24.417480603168347,1.0,31,4,99.12844702052803,0.4257589942351191
link_weth_3000,25.0,5.0,30.0,5.0,5000.0,99.53443163718748,1.0,29.884277226862757,2837,-9.755687011029181,24.417480603168347,1.0,31,4,99.12844702052803,0.4257589942351191
link_weth_3000,25.0,5.0,100.0,0.5,500.0,98.71485957163699,1.0,103.96159078225521,2826,-18.286575213497834,24.417480603168347,1.0,31,4,98.37269240975579,0.37837082796033034
link_weth_3000,25.0,5.0,100.0,0.5,2500.0,98.83713183522734,1.0,99.61425742287585,2837,-24.367157987451527,24.417480603168347,1.0,31,4,98.43759844709821,0.4187760439378215
link_weth_3000,25.0,5.0,100.0,0.5,5000.0,98.83713183522734,1.0,99.61425742287585,2837,-24.367157987451527,24.417480603168347,1.0,31,4,98.43759844709821,0.4187760439378215
link_weth_3000,25.0,5.0,100.0,1.0,500.0,98.66956311645566,1.0,108.49123630038798,2826,-18.931109473176587,24.417480603168347,1.0,31,4,98.36016834093407,0.36814470861216253
link_weth_3000,25.0,5.0,100.0,1.0,2500.0,98.83713183522734,1.0,99.61425742287585,2837,-24.367157987451527,24.417480603168347,1.0,31,4,98.43759844709821,0.4187760439378215
link_weth_3000,25.0,5.0,100.0,1.0,5000.0,98.83713183522734,1.0,99.61425742287585,2837,-24.367157987451527,24.417480603168347,1.0,31,4,98.43759844709821,0.4187760439378215
link_weth_3000,25.0,5.0,100.0,5.0,500.0,96.89502066766396,1.0,289.96991067958425,2828,-52.84309665943135,24.417480603168347,1.0,31,4,97.906933088525,0.6641469532927178
link_weth_3000,25.0,5.0,100.0,5.0,2500.0,98.83713183522734,1.0,99.61425742287585,2837,-24.367157987451527,24.417480603168347,1.0,31,4,98.43759844709821,0.4187760439378215
link_weth_3000,25.0,5.0,100.0,5.0,5000.0,98.83713183522734,1.0,99.61425742287585,2837,-24.367157987451527,24.417480603168347,1.0,31,4,98.43759844709821,0.4187760439378215
link_weth_3000,25.0,30.0,10.0,0.5,500.0,99.58893401392666,0.39464882943143814,41.106598607333616,2093,-4.769907959501533,24.417480603168347,0.39464882943143814,31,0,99.3973298079488,0.16429975432962823
link_weth_3000,25.0,30.0,10.0,0.5,2500.0,99.73529701575428,0.3972407231208373,26.470298424571492,2102,-4.8645378538200905,24.417480603168347,0.3972407231208373,31,0,99.46450690087033,0.2301663527510415
link_weth_3000,25.0,30.0,10.0,0.5,5000.0,99.73529701575428,0.3972407231208373,26.470298424571492,2102,-4.8645378538200905,24.417480603168347,0.3972407231208373,31,0,99.46450690087033,0.2301663527510415
link_weth_3000,25.0,30.0,10.0,1.0,500.0,99.28025487607474,0.39464882943143814,71.97451239252649,2093,-8.351744273998515,24.417480603168347,0.39464882943143814,31,0,98.8982528268505,0.32830011130318504
link_weth_3000,25.0,30.0,10.0,1.0,2500.0,99.57210112609647,0.3972407231208373,42.7898873903532,2102,-7.863644891054594,24.417480603168347,0.3972407231208373,31,0,99.03200622328463,0.4595549903917387
link_weth_3000,25.0,30.0,10.0,1.0,5000.0,99.57210112609647,0.3972407231208373,42.7898873903532,2102,-7.863644891054594,24.417480603168347,0.3972407231208373,31,0,99.03200622328463,0.4595549903917387
link_weth_3000,25.0,30.0,10.0,5.0,500.0,95.74113558529952,0.3952267303102625,425.8864414700489,2095,-61.299256408562755,24.417480603168347,0.3952267303102625,31,0,94.75998973145322,1.3258395501923497
link_weth_3000,25.0,30.0,10.0,5.0,2500.0,98.37276635894207,0.3972407231208373,162.72336410579243,2102,-29.904232725188507,24.417480603168347,0.3972407231208373,31,0,95.7082350190725,2.258516999865064
link_weth_3000,25.0,30.0,10.0,5.0,5000.0,98.37276635894207,0.3972407231208373,162.72336410579243,2102,-29.904232725188507,24.417480603168347,0.3972407231208373,31,0,95.7082350190725,2.258516999865064
link_weth_3000,25.0,30.0,30.0,0.5,500.0,99.3893505977083,0.39464882943143814,61.06494022916961,2093,-7.085824522431704,24.417480603168347,0.39464882943143814,31,0,99.19822305883905,0.16390633912047828
link_weth_3000,25.0,30.0,30.0,0.5,2500.0,99.53556005349463,0.3972407231208373,46.44399465053656,2102,-8.53517275991233,24.417480603168347,0.3972407231208373,31,0,99.26530054238388,0.22970450499864803
link_weth_3000,25.0,30.0,30.0,0.5,5000.0,99.53556005349463,0.3972407231208373,46.44399465053656,2102,-8.53517275991233,24.417480603168347,0.3972407231208373,31,0,99.26530054238388,0.22970450499864803
link_weth_3000,25.0,30.0,30.0,1.0,500.0,99.08096118776508,0.39464882943143814,91.90388122349134,2093,-10.664298905986518,24.417480603168347,0.39464882943143814,31,0,98.69931141166911,0.32800194236179614
link_weth_3000,25.0,30.0,30.0,1.0,2500.0,99.37254710272639,0.3972407231208373,62.74528972736187,2102,-11.530917866204668,24.417480603168347,0.3972407231208373,31,0,98.83292359218119,0.45914166094396136
link_weth_3000,25.0,30.0,30.0,1.0,5000.0,99.37254710272639,0.3972407231208373,62.74528972736187,2102,-11.530917866204668,24.417480603168347,0.3972407231208373,31,0,98.83292359218119,0.45914166094396136
link_weth_3000,25.0,30.0,30.0,5.0,500.0,95.54482203819542,0.3952267303102625,445.5177961804577,2095,-64.1248627882517,24.417480603168347,0.3952267303102625,31,0,94.56502667785016,1.3244803625604225
link_weth_3000,25.0,30.0,30.0,5.0,2500.0,98.17565362849801,0.3972407231208373,182.43463715019953,2102,-33.526641219929694,24.417480603168347,0.3972407231208373,31,0,95.5127156920184,2.256762414492878
link_weth_3000,25.0,30.0,30.0,5.0,5000.0,98.17565362849801,0.3972407231208373,182.43463715019953,2102,-33.526641219929694,24.417480603168347,0.3972407231208373,31,0,95.5127156920184,2.256762414492878
link_weth_3000,25.0,30.0,100.0,0.5,500.0,98.69220660346538,0.39464882943143814,130.7793396534626,2093,-15.175310881599332,24.417480603168347,0.39464882943143814,31,0,98.50339792933029,0.16286554680093962
link_weth_3000,25.0,30.0,100.0,0.5,2500.0,98.83736338174185,0.3972407231208373,116.2636618258148,2102,-21.366173320147198,24.417480603168347,0.3972407231208373,31,0,98.5697326017822,0.22805290802467246
link_weth_3000,25.0,30.0,100.0,0.5,5000.0,98.83736338174185,0.3972407231208373,116.2636618258148,2102,-21.366173320147198,24.417480603168347,0.3972407231208373,31,0,98.5697326017822,0.22805290802467246
link_weth_3000,25.0,30.0,100.0,1.0,500.0,98.38531218559574,0.39464882943143814,161.46878144042597,2093,-18.73643774715759,24.417480603168347,0.39464882943143814,31,0,98.00549252052718,0.32756460048932706
link_weth_3000,25.0,30.0,100.0,1.0,2500.0,98.6752943931589,0.3972407231208373,132.47056068411055,2102,-24.344570908442982,24.417480603168347,0.3972407231208373,31,0,98.13809956234456,0.4578210585699432
link_weth_3000,25.0,30.0,100.0,1.0,5000.0,98.6752943931589,0.3972407231208373,132.47056068411055,2102,-24.344570908442982,24.417480603168347,0.3972407231208373,31,0,98.13809956234456,0.4578210585699432
link_weth_3000,25.0,30.0,100.0,5.0,500.0,94.85912397188248,0.3952267303102625,514.0876028117516,2095,-73.99434382659759,24.417480603168347,0.3952267303102625,31,0,93.8859954169015,1.3185285357902952
link_weth_3000,25.0,30.0,100.0,5.0,2500.0,97.4868550567792,0.3972407231208373,251.31449432208004,2102,-46.1849296609584,24.417480603168347,0.3972407231208373,31,0,94.83139938216678,2.2490707355203527
link_weth_3000,25.0,30.0,100.0,5.0,5000.0,97.4868550567792,0.3972407231208373,251.31449432208004,2102,-46.1849296609584,24.417480603168347,0.3972407231208373,31,0,94.83139938216678,2.2490707355203527
link_weth_3000,50.0,1.0,10.0,0.5,500.0,97.60500990040354,1.0,14.287692021088278,2600,-34.07340349670545,24.417480603168347,1.0,31,4,94.03086105425089,3.5425162940527297
link_weth_3000,50.0,1.0,10.0,0.5,2500.0,98.37240967691723,1.0,9.83521207537781,2611,-34.101380940389944,24.417480603168347,1.0,31,4,94.63296496141855,3.731614295422695
link_weth_3000,50.0,1.0,10.0,0.5,5000.0,98.37240967691723,1.0,9.83521207537781,2611,-34.101380940389944,24.417480603168347,1.0,31,4,94.63296496141855,3.731614295422695
link_weth_3000,50.0,1.0,10.0,1.0,500.0,97.55970614403148,1.0,18.81806765829341,2600,-34.7179377563842,24.417480603168347,1.0,31,4,94.01833520952196,3.5313099223067574
link_weth_3000,50.0,1.0,10.0,1.0,2500.0,98.37240967691723,1.0,9.83521207537781,2611,-34.101380940389944,24.417480603168347,1.0,31,4,94.63296496141855,3.731614295422695
link_weth_3000,50.0,1.0,10.0,1.0,5000.0,98.37240967691723,1.0,9.83521207537781,2611,-34.101380940389944,24.417480603168347,1.0,31,4,94.63296496141855,3.731614295422695
link_weth_3000,50.0,1.0,10.0,5.0,500.0,96.11440764093531,1.0,200.26761998331992,2602,-66.11930191614472,24.417480603168347,1.0,31,4,93.6474113386607,3.2103670647216767
link_weth_3000,50.0,1.0,10.0,5.0,2500.0,98.37240967691723,1.0,9.83521207537781,2611,-34.101380940389944,24.417480603168347,1.0,31,4,94.63296496141855,3.731614295422695
link_weth_3000,50.0,1.0,10.0,5.0,5000.0,98.37240967691723,1.0,9.83521207537781,2611,-34.101380940389944,24.417480603168347,1.0,31,4,94.63296496141855,3.731614295422695
link_weth_3000,50.0,1.0,30.0,0.5,500.0,97.40986357272587,1.0,33.80232478885457,2600,-36.84974046986524,24.417480603168347,1.0,31,4,93.84349957051593,3.53482365659946
link_weth_3000,50.0,1.0,30.0,0.5,2500.0,98.17570543540967,1.0,29.505636226133426,2611,-38.22274132027622,24.417480603168347,1.0,31,4,94.44433820048664,3.7235280128993575
link_weth_3000,50.0,1.0,30.0,0.5,5000.0,98.17570543540967,1.0,29.505636226133426,2611,-38.22274132027622,24.417480603168347,1.0,31,4,94.44433820048664,3.7235280128993575
link_weth_3000,50.0,1.0,30.0,1.0,500.0,97.36455981635382,1.0,38.3327004260597,2600,-37.49427472954399,24.417480603168347,1.0,31,4,93.83097372578702,3.5236174672055514
link_weth_3000,50.0,1.0,30.0,1.0,2500.0,98.17570543540967,1.0,29.505636226133426,2611,-38.22274132027622,24.417480603168347,1.0,31,4,94.44433820048664,3.7235280128993575
link_weth_3000,50.0,1.0,30.0,1.0,5000.0,98.17570543540967,1.0,29.505636226133426,2611,-38.22274132027622,24.417480603168347,1.0,31,4,94.44433820048664,3.7235280128993575
link_weth_3000,50.0,1.0,30.0,5.0,500.0,95.91846563328268,1.0,219.86182074858357,2602,-69.45355511741434,24.417480603168347,1.0,31,4,93.45985093493202,3.2026259991720383
link_weth_3000,50.0,1.0,30.0,5.0,2500.0,98.17570543540967,1.0,29.505636226133426,2611,-38.22274132027622,24.417480603168347,1.0,31,4,94.44433820048664,3.7235280128993575
link_weth_3000,50.0,1.0,30.0,5.0,5000.0,98.17570543540967,1.0,29.505636226133426,2611,-38.22274132027622,24.417480603168347,1.0,31,4,94.44433820048664,3.7235280128993575
link_weth_3000,50.0,1.0,100.0,0.5,500.0,96.72685142585405,1.0,102.1035394760366,2600,-46.56691987592451,24.417480603168347,1.0,31,4,93.1877343774436,3.507899436469199
link_weth_3000,50.0,1.0,100.0,0.5,2500.0,97.48724059013323,1.0,98.35212075377808,2611,-52.6475026498782,24.417480603168347,1.0,31,4,93.78414453722502,3.6952260291365224
link_weth_3000,50.0,1.0,100.0,0.5,5000.0,97.48724059013323,1.0,98.35212075377808,2611,-52.6475026498782,24.417480603168347,1.0,31,4,93.78414453722502,3.6952260291365224
link_weth_3000,50.0,1.0,100.0,1.0,500.0,96.681547669482,1.0,106.63391511324174,2600,-47.21145413560326,24.417480603168347,1.0,31,4,93.17520853271468,3.496693891660961
link_weth_3000,50.0,1.0,100.0,1.0,2500.0,97.48724059013323,1.0,98.35212075377808,2611,-52.6475026498782,24.417480603168347,1.0,31,4,93.78414453722502,3.6952260291365224
link_weth_3000,50.0,1.0,100.0,1.0,5000.0,97.48724059013323,1.0,98.35212075377808,2611,-52.6475026498782,24.417480603168347,1.0,31,4,93.78414453722502,3.6952260291365224
link_weth_3000,50.0,1.0,100.0,5.0,500.0,95.23266860649845,1.0,288.44152342700636,2602,-81.12344132185802,24.417480603168347,1.0,31,4,92.80338952188158,3.175538403240546
link_weth_3000,50.0,1.0,100.0,5.0,2500.0,97.48724059013323,1.0,98.35212075377808,2611,-52.6475026498782,24.417480603168347,1.0,31,4,93.78414453722502,3.6952260291365224
link_weth_3000,50.0,1.0,100.0,5.0,5000.0,97.48724059013323,1.0,98.35212075377808,2611,-52.6475026498782,24.417480603168347,1.0,31,4,93.78414453722502,3.6952260291365224
link_weth_3000,50.0,5.0,10.0,0.5,500.0,97.81424407868495,1.0,14.23309783554966,2553,-31.101651750532213,24.417480603168347,1.0,31,4,94.99302716297656,2.8813462505446994
link_weth_3000,50.0,5.0,10.0,0.5,2500.0,98.51440800811592,1.0,9.798626681382938,2564,-31.129629194216708,24.417480603168347,1.0,31,4,95.48246701779104,3.0921051390258856
link_weth_3000,50.0,5.0,10.0,0.5,5000.0,98.51440800811592,1.0,9.798626681382938,2564,-31.129629194216708,24.417480603168347,1.0,31,4,95.48246701779104,3.0921051390258856
link_weth_3000,50.0,5.0,10.0,1.0,500.0,97.76894762350362,1.0,18.762743353682435,2553,-31.746186010210966,24.417480603168347,1.0,31,4,94.98050309415483,2.870304786819938
link_weth_3000,50.0,5.0,10.0,1.0,2500.0,98.51440800811592,1.0,9.798626681382938,2564,-31.129629194216708,24.417480603168347,1.0,31,4,95.48246701779104,3.0921051390258856
link_weth_3000,50.0,5.0,10.0,1.0,5000.0,98.51440800811592,1.0,9.798626681382938,2564,-31.129629194216708,24.417480603168347,1.0,31,4,95.48246701779104,3.0921051390258856
link_weth_3000,50.0,5.0,10.0,5.0,500.0,96.28954677979833,1.0,200.1969146016909,2555,-63.14755016997148,24.417480603168347,1.0,31,4,94.60105324301736,2.565082327656346
link_weth_3000,50.0,5.0,10.0,5.0,2500.0,98.51440800811592,1.0,9.798626681382938,2564,-31.129629194216708,24.417480603168347,1.0,31,4,95.48246701779104,3.0921051390258856
link_weth_3000,50.0,5.0,10.0,5.0,5000.0,98.51440800811592,1.0,9.798626681382938,2564,-31.129629194216708,24.417480603168347,1.0,31,4,95.48246701779104,3.0921051390258856
link_weth_3000,50.0,5.0,30.0,0.5,500.0,97.6201750323366,1.0,33.64000247038343,2553,-33.863107334947344,24.417480603168347,1.0,31,4,94.80747879507318,2.872620654790164
link_weth_3000,50.0,5.0,30.0,0.5,2500.0,98.31843547448827,1.0,29.395880044148818,2564,-35.236108185358326,24.417480603168347,1.0,31,4,95.29553916076297,3.0827761001527474
link_weth_3000,50.0,5.0,30.0,0.5,5000.0,98.31843547448827,1.0,29.395880044148818,2564,-35.236108185358326,24.417480603168347,1.0,31,4,95.29553916076297,3.0827761001527474
link_weth_3000,50.0,5.0,30.0,1.0,500.0,97.57487857715527,1.0,38.1696479885162,2553,-34.507641594626094,24.417480603168347,1.0,31,4,94.79495472625145,2.8615793576298545
link_weth_3000,50.0,5.0,30.0,1.0,2500.0,98.31843547448827,1.0,29.395880044148818,2564,-35.236108185358326,24.417480603168347,1.0,31,4,95.29553916076297,3.0827761001527474
link_weth_3000,50.0,5.0,30.0,1.0,5000.0,98.31843547448827,1.0,29.395880044148818,2564,-35.236108185358326,24.417480603168347,1.0,31,4,95.29553916076297,3.0827761001527474
link_weth_3000,50.0,5.0,30.0,5.0,500.0,96.09450558187888,1.0,219.70103439363604,2555,-66.46692198249644,24.417480603168347,1.0,31,4,94.41526183722121,2.556389216181161
link_weth_3000,50.0,5.0,30.0,5.0,2500.0,98.31843547448827,1.0,29.395880044148818,2564,-35.236108185358326,24.417480603168347,1.0,31,4,95.29553916076297,3.0827761001527474
link_weth_3000,50.0,5.0,30.0,5.0,5000.0,98.31843547448827,1.0,29.395880044148818,2564,-35.236108185358326,24.417480603168347,1.0,31,4,95.29553916076297,3.0827761001527474
link_weth_3000,50.0,5.0,100.0,0.5,500.0,96.94093337011742,1.0,101.56416869230162,2553,-43.528201880400296,24.417480603168347,1.0,31,4,94.15805950741135,2.8420811690234276
link_weth_3000,50.0,5.0,100.0,0.5,2500.0,97.63253160679146,1.0,97.98626681382939,2564,-49.60878465435398,24.417480603168347,1.0,31,4,94.64129166116477,3.050124509634629
link_weth_3000,50.0,5.0,100.0,0.5,5000.0,97.63253160679146,1.0,97.98626681382939,2564,-49.60878465435398,24.417480603168347,1.0,31,4,94.64129166116477,3.050124509634629
link_weth_3000,50.0,5.0,100.0,1.0,500.0,96.89563691493609,1.0,106.0938142104344,2553,-44.172736140079046,24.417480603168347,1.0,31,4,94.14553543858963,2.831040463311763
link_weth_3000,50.0,5.0,100.0,1.0,2500.0,97.63253160679146,1.0,97.98626681382939,2564,-49.60878465435398,24.417480603168347,1.0,31,4,94.64129166116477,3.050124509634629
link_weth_3000,50.0,5.0,100.0,1.0,5000.0,97.63253160679146,1.0,97.98626681382939,2564,-49.60878465435398,24.417480603168347,1.0,31,4,94.64129166116477,3.050124509634629
link_weth_3000,50.0,5.0,100.0,5.0,500.0,95.4118613891608,1.0,287.965453665444,2555,-78.08472332633382,24.417480603168347,1.0,31,4,93.76499191693466,2.525978666531781
link_weth_3000,50.0,5.0,100.0,5.0,2500.0,97.63253160679146,1.0,97.98626681382939,2564,-49.60878465435398,24.417480603168347,1.0,31,4,94.64129166116477,3.050124509634629
link_weth_3000,50.0,5.0,100.0,5.0,5000.0,97.63253160679146,1.0,97.98626681382939,2564,-49.60878465435398,24.417480603168347,1.0,31,4,94.64129166116477,3.050124509634629
link_weth_3000,50.0,30.0,10.0,0.5,500.0,99.67574661676225,0.5478036175710594,32.42533832377408,1548,-3.8043411439422417,24.417480603168347,0.5478036175710594,31,2,99.55916362598087,0.10794871303868438
link_weth_3000,50.0,30.0,10.0,0.5,2500.0,99.78931552937816,0.550417469492614,21.068447062184738,1557,-3.8989710382607985,24.417480603168347,0.550417469492614,31,2,99.6071095669626,0.15677935732234746
link_weth_3000,50.0,30.0,10.0,0.5,5000.0,99.78931552937816,0.550417469492614,21.068447062184738,1557,-3.8989710382607985,24.417480603168347,0.550417469492614,31,2,99.6071095669626,0.15677935732234746
link_weth_3000,50.0,30.0,10.0,1.0,500.0,99.45480783761471,0.5478036175710594,54.51921623852848,1548,-6.396531484134006,24.417480603168347,0.5478036175710594,31,2,99.22120991179501,0.21611942627496378
link_weth_3000,50.0,30.0,10.0,1.0,2500.0,99.68073246063412,0.550417469492614,31.926753936588177,1557,-5.908432101190086,24.417480603168347,0.550417469492614,31,2,99.31658145908338,0.3132544272032739
link_weth_3000,50.0,30.0,10.0,1.0,5000.0,99.68073246063412,0.550417469492614,31.926753936588177,1557,-5.908432101190086,24.417480603168347,0.550417469492614,31,2,99.31658145908338,0.3132544272032739
link_weth_3000,50.0,30.0,10.0,5.0,500.0,96.42337095790622,0.5483870967741935,357.66290420937815,1550,-51.94051989834444,24.417480603168347,0.5483870967741935,31,2,96.2632833174134,0.8587856075532171
link_weth_3000,50.0,30.0,10.0,5.0,2500.0,98.88980529702908,0.550417469492614,111.01947029709193,1557,-20.545496214970193,24.417480603168347,0.550417469492614,31,2,97.06609091831614,1.5643999275253258
link_weth_3000,50.0,30.0,10.0,5.0,5000.0,98.88980529702908,0.550417469492614,111.01947029709193,1557,-20.545496214970193,24.417480603168347,0.550417469492614,31,2,97.06609091831614,1.5643999275253258
link_weth_3000,50.0,30.0,30.0,0.5,500.0,99.47618361493812,0.5478036175710594,52.38163850618706,1548,-6.145737650178576,24.417480603168347,0.5478036175710594,31,2,99.3599245353764,0.10766445610775513
link_weth_3000,50.0,30.0,30.0,0.5,2500.0,99.58959257869155,0.550417469492614,41.04074213084496,1557,-7.595085887659202,24.417480603168347,0.550417469492614,31,2,99.407793966379,0.15641332778815428
link_weth_3000,50.0,30.0,30.0,0.5,5000.0,99.58959257869155,0.550417469492614,41.04074213084496,1557,-7.595085887659202,24.417480603168347,0.550417469492614,31,2,99.407793966379,0.15641332778815428
link_weth_3000,50.0,30.0,30.0,1.0,500.0,99.25551269773159,0.5478036175710594,74.44873022684084,1548,-8.734785268487562,24.417480603168347,0.5478036175710594,31,2,99.02210806994195,0.2158823946187434
link_weth_3000,50.0,30.0,30.0,1.0,2500.0,99.48117932980247,0.550417469492614,51.88206701975306,1557,-9.60140422870571,24.417480603168347,0.550417469492614,31,2,99.117370769964,0.3129053451835288
link_weth_3000,50.0,30.0,30.0,1.0,5000.0,99.48117932980247,0.550417469492614,51.88206701975306,1557,-9.60140422870571,24.417480603168347,0.550417469492614,31,2,99.117370769964,0.3129053451835288
link_weth_3000,50.0,30.0,30.0,5.0,500.0,96.22611795460112,0.5483870967741935,377.38820453988774,1550,-54.80506733186267,24.417480603168347,0.5483870967741935,31,2,96.06609025843585,0.8586213493275513
link_weth_3000,50.0,30.0,30.0,5.0,2500.0,98.69196092120981,0.550417469492614,130.8039078790187,1557,-24.206845763540667,24.417480603168347,0.550417469492614,31,2,96.86855955956504,1.5639213698986272
link_weth_3000,50.0,30.0,30.0,5.0,5000.0,98.69196092120981,0.550417469492614,130.8039078790187,1557,-24.206845763540667,24.417480603168347,0.550417469492614,31,2,96.86855955956504,1.5639213698986272
link_weth_3000,50.0,30.0,100.0,0.5,500.0,98.77965698812181,0.5478036175710594,122.03430118781827,1548,-14.317818625215812,24.417480603168347,0.5478036175710594,31,2,98.66480315573187,0.10715253722520025
link_weth_3000,50.0,30.0,100.0,0.5,2500.0,98.89179463743882,0.550417469492614,110.8205362561182,1557,-20.50868106376368,24.417480603168347,0.550417469492614,31,2,98.71195551008151,0.15515287277176198
link_weth_3000,50.0,30.0,100.0,0.5,5000.0,98.89179463743882,0.550417469492614,110.8205362561182,1557,-20.50868106376368,24.417480603168347,0.550417469492614,31,2,98.71195551008151,0.15515287277176198
link_weth_3000,50.0,30.0,100.0,1.0,500.0,98.56018803224607,0.5478036175710594,143.9811967753921,1548,-16.89276409014546,24.417480603168347,0.5478036175710594,31,2,98.3278139162742,0.2157129493412059
link_weth_3000,50.0,30.0,100.0,1.0,2500.0,98.78414341132195,0.550417469492614,121.585658867805,1557,-22.50089725143085,24.417480603168347,0.550417469492614,31,2,98.42215876896198,0.3117921184906662
link_weth_3000,50.0,30.0,100.0,1.0,5000.0,98.78414341132195,0.550417469492614,121.585658867805,1557,-22.50089725143085,24.417480603168347,0.550417469492614,31,2,98.42215876896198,0.3117921184906662
link_weth_3000,50.0,30.0,100.0,5.0,500.0,95.53719814799676,0.5483870967741935,446.280185200324,1550,-64.80969808952995,24.417480603168347,0.5483870967741935,31,2,95.37927529651381,0.8577739551752602
link_weth_3000,50.0,30.0,100.0,5.0,2500.0,98.00065577433983,0.550417469492614,199.93442256601725,1557,-37.00028392389076,24.417480603168347,0.550417469492614,31,2,96.1802135607494,1.561057167240715
link_weth_3000,50.0,30.0,100.0,5.0,5000.0,98.00065577433983,0.550417469492614,199.93442256601725,1557,-37.00028392389076,24.417480603168347,0.550417469492614,31,2,96.1802135607494,1.561057167240715
uni_weth_3000,5.0,1.0,10.0,0.5,500.0,99.88949865438565,0.9995635093845482,10.47873085875465,2291,-0.1103722289364157,37.73564786993274,0.9995635093845482,31,4,99.88036715530299,0.01714730976335323
uni_weth_3000,5.0,1.0,10.0,0.5,2500.0,99.89575201573582,1.0,9.999082566955162,2307,-0.1397600777091693,37.73564786993274,1.0,31,4,99.89354119439123,0.0044177084273330615
uni_weth_3000,5.0,1.0,10.0,0.5,5000.0,99.89575201573582,1.0,9.999082566955162,2307,-0.1397600777091693,37.73564786993274,1.0,31,4,99.89354119439123,0.0044177084273330615
uni_weth_3000,5.0,1.0,10.0,1.0,500.0,99.88469903184205,0.9995635093845482,10.95869311311538,2291,-0.11516624330109354,37.73564786993274,0.9995635093845482,31,4,99.86784131057408,0.03599950874208499
uni_weth_3000,5.0,1.0,10.0,1.0,2500.0,99.89575201573582,1.0,9.999082566955162,2307,-0.1397600777091693,37.73564786993274,1.0,31,4,99.89354119439123,0.0044177084273330615
uni_weth_3000,5.0,1.0,10.0,1.0,5000.0,99.89575201573582,1.0,9.999082566955162,2307,-0.1397600777091693,37.73564786993274,1.0,31,4,99.89354119439123,0.0044177084273330615
uni_weth_3000,5.0,1.0,10.0,5.0,500.0,99.84630205149318,0.9995635093845482,14.798391148001219,2291,-0.15351835821851628,37.73564786993274,0.9995635093845482,31,4,99.40486308118565,0.8157320618009043
uni_weth_3000,5.0,1.0,10.0,5.0,2500.0,99.89575201573582,1.0,9.999082566955162,2307,-0.1397600777091693,37.73564786993274,1.0,31,4,99.89354119439123,0.0044177084273330615
uni_weth_3000,5.0,1.0,10.0,5.0,5000.0,99.89575201573582,1.0,9.999082566955162,2307,-0.1397600777091693,37.73564786993274,1.0,31,4,99.89354119439123,0.0044177084273330615
uni_weth_3000,5.0,1.0,30.0,0.5,500.0,99.68952328229777,0.9995635093845482,30.47626806754249,2291,-0.3101139373022068,37.73564786993274,0.9995635093845482,31,4,99.68039967178245,0.01715449861794429
uni_weth_3000,5.0,1.0,30.0,0.5,2500.0,99.69577036439671,1.0,29.997247700865486,2307,-0.40786551234982327,37.73564786993274,1.0,31,4,99.69357088280383,0.004396596300980274
uni_weth_3000,5.0,1.0,30.0,0.5,5000.0,99.69577036439671,1.0,29.997247700865486,2307,-0.40786551234982327,37.73564786993274,1.0,31,4,99.69357088280383,0.004396596300980274
uni_weth_3000,5.0,1.0,30.0,1.0,500.0,99.68472365975417,0.9995635093845482,30.95623032190322,2291,-0.3149079516668847,37.73564786993274,0.9995635093845482,31,4,99.66787382705354,0.03600849235580393
uni_weth_3000,5.0,1.0,30.0,1.0,2500.0,99.69577036439671,1.0,29.997247700865486,2307,-0.40786551234982327,37.73564786993274,1.0,31,4,99.69357088280383,0.004396596300980274
uni_weth_3000,5.0,1.0,30.0,1.0,5000.0,99.69577036439671,1.0,29.997247700865486,2307,-0.40786551234982327,37.73564786993274,1.0,31,4,99.69357088280383,0.004396596300980274
uni_weth_3000,5.0,1.0,30.0,5.0,500.0,99.6463266794053,0.9995635093845482,34.79592835678906,2291,-0.3532600665843074,37.73564786993274,0.9995635093845482,31,4,99.20489495503166,0.8157430213038293
uni_weth_3000,5.0,1.0,30.0,5.0,2500.0,99.69577036439671,1.0,29.997247700865486,2307,-0.40786551234982327,37.73564786993274,1.0,31,4,99.69357088280383,0.004396596300980274
uni_weth_3000,5.0,1.0,30.0,5.0,5000.0,99.69577036439671,1.0,29.997247700865486,2307,-0.40786551234982327,37.73564786993274,1.0,31,4,99.69357088280383,0.004396596300980274
uni_weth_3000,5.0,1.0,100.0,0.5,500.0,98.98960947999021,0.9995635093845482,100.46764829829993,2291,-1.009209916582476,37.73564786993274,0.9995635093845482,31,4,98.98051347946057,0.01717980580811614
uni_weth_3000,5.0,1.0,100.0,0.5,2500.0,98.99583458470985,1.0,99.99082566955161,2307,-1.3462345335921122,37.73564786993274,1.0,31,4,98.99367479224792,0.004322704271332665
uni_weth_3000,5.0,1.0,100.0,0.5,5000.0,98.99583458470985,1.0,99.99082566955161,2307,-1.3462345335921122,37.73564786993274,1.0,31,4,98.99367479224792,0.004322704271332665
uni_weth_3000,5.0,1.0,100.0,1.0,500.0,98.98480985744659,0.9995635093845482,100.94761055266066,2291,-1.0140039309471538,37.73564786993274,0.9995635093845482,31,4,98.96798763473166,0.03603999835248864
uni_weth_3000,5.0,1.0,100.0,1.0,2500.0,98.99583458470985,1.0,99.99082566955161,2307,-1.3462345335921122,37.73564786993274,1.0,31,4,98.99367479224792,0.004322704271332665
uni_weth_3000,5.0,1.0,100.0,1.0,5000.0,98.99583458470985,1.0,99.99082566955161,2307,-1.3462345335921122,37.73564786993274,1.0,31,4,98.99367479224792,0.004322704271332665
uni_weth_3000,5.0,1.0,100.0,5.0,500.0,98.94641287709773,0.9995635093845482,104.7873085875465,2291,-1.0523560458645764,37.73564786993274,0.9995635093845482,31,4,98.50500651349266,0.8157813822031766
uni_weth_3000,5.0,1.0,100.0,5.0,2500.0,98.99583458470985,1.0,99.99082566955161,2307,-1.3462345335921122,37.73564786993274,1.0,31,4,98.99367479224792,0.004322704271332665
uni_weth_3000,5.0,1.0,100.0,5.0,5000.0,98.99583458470985,1.0,99.99082566955161,2307,-1.3462345335921122,37.73564786993274,1.0,31,4,98.99367479224792,0.004322704271332665
uni_weth_3000,5.0,5.0,10.0,0.5,500.0,99.87537758666817,0.9512195121951219,12.462241333183036,2296,-0.12358186430132681,37.73564786993274,0.9512195121951219,31,4,99.85448952843544,0.018725625953173952
uni_weth_3000,5.0,5.0,10.0,0.5,2500.0,99.88528438901412,0.9519896193771626,11.471561098587706,2312,-0.1529697130740804,37.73564786993274,0.9519896193771626,31,4,99.86976810854934,0.021045774544210683
uni_weth_3000,5.0,5.0,10.0,0.5,5000.0,99.88528438901412,0.9519896193771626,11.471561098587706,2312,-0.1529697130740804,37.73564786993274,0.9519896193771626,31,4,99.86976810854934,0.021045774544210683
uni_weth_3000,5.0,5.0,10.0,1.0,500.0,99.85075517333634,0.9512195121951219,14.92448266636607,2296,-0.14799868998936092,37.73564786993274,0.9512195121951219,31,4,99.80897798789606,0.03745236052518861
uni_weth_3000,5.0,5.0,10.0,1.0,2500.0,99.87056877802824,0.9519896193771626,12.943122197175413,2312,-0.17259252439743664,37.73564786993274,0.9519896193771626,31,4,99.83953514812386,0.04209331151012606
uni_weth_3000,5.0,5.0,10.0,1.0,5000.0,99.87056877802824,0.9519896193771626,12.943122197175413,2312,-0.17259252439743664,37.73564786993274,0.9519896193771626,31,4,99.83953514812386,0.04209331151012606
uni_weth_3000,5.0,5.0,10.0,5.0,500.0,99.6538103333597,0.9512195121951219,34.61896666402995,2296,-0.3432991165990823,37.73564786993274,0.9512195121951219,31,4,99.08899822765048,0.7373225740577081
uni_weth_3000,5.0,5.0,10.0,5.0,2500.0,99.7528695217038,0.9519896193771626,24.71304782962051,2312,-0.3295408360897353,37.73564786993274,0.9519896193771626,31,4,99.59812225940367,0.2098883542823583
uni_weth_3000,5.0,5.0,10.0,5.0,5000.0,99.7528695217038,0.9519896193771626,24.71304782962051,2312,-0.3295408360897353,37.73564786993274,0.9519896193771626,31,4,99.59812225940367,0.2098883542823583
uni_weth_3000,5.0,5.0,30.0,0.5,500.0,99.67537758666818,0.9512195121951219,32.46224133318304,2296,-0.32191194152791225,37.73564786993274,0.9512195121951219,31,4,99.6544928064586,0.018723857904370197
uni_weth_3000,5.0,5.0,30.0,0.5,2500.0,99.68528438901413,0.9519896193771626,31.471561098587706,2312,-0.4196635165755287,37.73564786993274,0.9519896193771626,31,4,99.6697713865725,0.02104182137010745
uni_weth_3000,5.0,5.0,30.0,0.5,5000.0,99.68528438901413,0.9519896193771626,31.471561098587706,2312,-0.4196635165755287,37.73564786993274,0.9519896193771626,31,4,99.6697713865725,0.02104182137010745
uni_weth_3000,5.0,5.0,30.0,1.0,500.0,99.65075517333634,0.9512195121951219,34.92448266636607,2296,-0.34632876721594635,37.73564786993274,0.9512195121951219,31,4,99.60898126591923,0.037450592177524056
uni_weth_3000,5.0,5.0,30.0,1.0,2500.0,99.67056877802824,0.9519896193771626,32.94312219717541,2312,-0.43928632789888494,37.73564786993274,0.9519896193771626,31,4,99.63953842614703,0.042089358337576335
uni_weth_3000,5.0,5.0,30.0,1.0,5000.0,99.67056877802824,0.9519896193771626,32.94312219717541,2312,-0.43928632789888494,37.73564786993274,0.9519896193771626,31,4,99.63953842614703,0.042089358337576335
uni_weth_3000,5.0,5.0,30.0,5.0,500.0,99.45381112845868,0.9512195121951219,54.61888715413169,2296,-0.5416284053654546,37.73564786993274,0.9512195121951219,31,4,98.88901076479195,0.7373261661812168
uni_weth_3000,5.0,5.0,30.0,5.0,2500.0,99.55287011298878,0.9519896193771626,44.71298870112164,2312,-0.5962338511309705,37.73564786993274,0.9519896193771626,31,4,99.39813470249044,0.2098726947456218
uni_weth_3000,5.0,5.0,30.0,5.0,5000.0,99.55287011298878,0.9519896193771626,44.71298870112164,2312,-0.5962338511309705,37.73564786993274,0.9519896193771626,31,4,99.39813470249044,0.2098726947456218
uni_weth_3000,5.0,5.0,100.0,0.5,500.0,98.97538408251302,0.9512195121951219,102.46159174869774,2296,-1.0160607702139046,37.73564786993274,0.9512195121951219,31,4,98.9545078835958,0.01872030328705613
uni_weth_3000,5.0,5.0,100.0,0.5,2500.0,98.98528921972783,0.9519896193771626,101.4710780272173,2312,-1.3530853872235409,37.73564786993274,0.9519896193771626,31,4,98.96978588617604,0.021029247222004208
uni_weth_3000,5.0,5.0,100.0,0.5,5000.0,98.98528921972783,0.9519896193771626,101.4710780272173,2312,-1.3530853872235409,37.73564786993274,0.9519896193771626,31,4,98.96978588617604,0.021029247222004208
uni_weth_3000,5.0,5.0,100.0,1.0,500.0,98.95076166918119,0.9512195121951219,104.92383308188077,2296,-1.0404775959019386,37.73564786993274,0.9512195121951219,31,4,98.9089963430564,0.03744703414494341
uni_weth_3000,5.0,5.0,100.0,1.0,2500.0,98.97057360874194,0.9519896193771626,102.94263912580502,2312,-1.3727081985468972,37.73564786993274,0.9519896193771626,31,4,98.93955292575055,0.04207678414353769
uni_weth_3000,5.0,5.0,100.0,1.0,5000.0,98.97057360874194,0.9519896193771626,102.94263912580502,2312,-1.3727081985468972,37.73564786993274,0.9519896193771626,31,4,98.93955292575055,0.04207678414353769
uni_weth_3000,5.0,5.0,100.0,5.0,500.0,98.75382040714997,0.9512195121951219,124.61795928500251,2296,-1.2357744744407013,37.73564786993274,0.9512195121951219,31,4,98.18905923095993,0.737338516812404
uni_weth_3000,5.0,5.0,100.0,5.0,2500.0,98.85287701319994,0.9519896193771626,114.71229868000518,2312,-1.529652962168237,37.73564786993274,0.9519896193771626,31,4,98.69818214399143,0.20981988899082488
uni_weth_3000,5.0,5.0,100.0,5.0,5000.0,98.85287701319994,0.9519896193771626,114.71229868000518,2312,-1.529652962168237,37.73564786993274,0.9519896193771626,31,4,98.69818214399143,0.20981988899082488
uni_weth_3000,5.0,30.0,10.0,0.5,500.0,99.48648920053417,0.3717948717948718,51.35107994658332,1950,-0.37684123890445426,37.73564786993274,0.3717948717948718,31,0,99.31882647326246,0.21712359822299324
uni_weth_3000,5.0,30.0,10.0,0.5,2500.0,99.62234828524772,0.37741607324516785,37.76517147522804,1966,-0.40622908767720783,37.73564786993274,0.37741607324516785,31,0,99.3926856197861,0.28801602538084103
uni_weth_3000,5.0,30.0,10.0,0.5,5000.0,99.62234828524772,0.37741607324516785,37.76517147522804,1966,-0.40622908767720783,37.73564786993274,0.37741607324516785,31,0,99.3926856197861,0.28801602538084103
uni_weth_3000,5.0,30.0,10.0,1.0,500.0,99.07766656743149,0.3717948717948718,92.23334325685026,1950,-0.6768567940025154,37.73564786993274,0.3717948717948718,31,0,98.74487793864758,0.43115549520282237
uni_weth_3000,5.0,30.0,10.0,1.0,2500.0,99.34789496698026,0.37741607324516785,65.21050330197397,1966,-0.7014506284105911,37.73564786993274,0.37741607324516785,31,0,98.8918149302125,0.5722576186288185
uni_weth_3000,5.0,30.0,10.0,1.0,5000.0,99.34789496698026,0.37741607324516785,65.21050330197397,1966,-0.7014506284105911,37.73564786993274,0.37741607324516785,31,0,98.8918149302125,0.5722576186288185
uni_weth_3000,5.0,30.0,10.0,5.0,500.0,95.99425291249005,0.3717948717948718,400.5747087509942,1950,-2.939627943103451,37.73564786993274,0.3717948717948718,31,0,94.15613659260657,1.7274265010832934
uni_weth_3000,5.0,30.0,10.0,5.0,2500.0,97.27995919362046,0.37741607324516785,272.00408063795453,1966,-2.925869662594104,37.73564786993274,0.37741607324516785,31,0,95.15093369856673,2.693061261673043
uni_weth_3000,5.0,30.0,10.0,5.0,5000.0,97.27995919362046,0.37741607324516785,272.00408063795453,1966,-2.925869662594104,37.73564786993274,0.37741607324516785,31,0,95.15093369856673,2.693061261673043
uni_weth_3000,5.0,30.0,30.0,0.5,500.0,99.28730314617617,0.3717948717948718,71.26968538238253,1950,-0.523014444170705,37.73564786993274,0.3717948717948718,31,0,99.12001756971924,0.21641441047926022
uni_weth_3000,5.0,30.0,30.0,0.5,2500.0,99.42290358142934,0.37741607324516785,57.7096418570667,1966,-0.6207660192183214,37.73564786993274,0.37741607324516785,31,0,99.1937713168448,0.2872356567114942
uni_weth_3000,5.0,30.0,30.0,0.5,5000.0,99.42290358142934,0.37741607324516785,57.7096418570667,1966,-0.6207660192183214,37.73564786993274,0.37741607324516785,31,0,99.1937713168448,0.2872356567114942
uni_weth_3000,5.0,30.0,30.0,1.0,500.0,98.87909466993467,0.3717948717948718,112.09053300653264,1950,-0.8225792986550982,37.73564786993274,0.3717948717948718,31,0,98.54659635300912,0.43052037775768176
uni_weth_3000,5.0,30.0,30.0,1.0,2500.0,99.1488692579231,0.37741607324516785,85.11307420769072,1966,-0.9155368593380367,37.73564786993274,0.37741607324516785,31,0,98.69333008952783,0.5714497661416655
uni_weth_3000,5.0,30.0,30.0,1.0,5000.0,99.1488692579231,0.37741607324516785,85.11307420769072,1966,-0.9155368593380367,37.73564786993274,0.37741607324516785,31,0,98.69333008952783,0.5714497661416655
uni_weth_3000,5.0,30.0,30.0,5.0,500.0,95.80048112126009,0.3717948717948718,419.95188787399104,1950,-3.081827877258283,37.73564786993274,0.3717948717948718,31,0,93.96573801010862,1.7226105259106228
uni_weth_3000,5.0,30.0,30.0,5.0,2500.0,97.08420824953991,0.37741607324516785,291.5791750460088,1966,-3.1364333230237986,37.73564786993274,0.37741607324516785,31,0,94.95973629743867,2.6878255573403833
uni_weth_3000,5.0,30.0,30.0,5.0,5000.0,97.08420824953991,0.37741607324516785,291.5791750460088,1966,-3.1364333230237986,37.73564786993274,0.37741607324516785,31,0,94.95973629743867,2.6878255573403833
uni_weth_3000,5.0,30.0,100.0,0.5,500.0,98.59396644168771,0.3717948717948718,140.60335583122855,1950,-1.0318213922799768,37.73564786993274,0.3717948717948718,31,0,98.42661639068987,0.21441188823405236
uni_weth_3000,5.0,30.0,100.0,0.5,2500.0,98.7274494655321,0.37741607324516785,127.25505344679001,1966,-1.368846009289613,37.73564786993274,0.37741607324516785,31,0,98.49953832996859,0.2845093981352301
uni_weth_3000,5.0,30.0,100.0,0.5,5000.0,98.7274494655321,0.37741607324516785,127.25505344679001,1966,-1.368846009289613,37.73564786993274,0.37741607324516785,31,0,98.49953832996859,0.2845093981352301
uni_weth_3000,5.0,30.0,100.0,1.0,500.0,98.18898984975431,0.3717948717948718,181.10101502456882,1950,-1.3290145200393886,37.73564786993274,0.3717948717948718,31,0,97.85529896542211,0.4291746533364357
uni_weth_3000,5.0,30.0,100.0,1.0,2500.0,98.4556200226998,0.37741607324516785,154.43799773001973,1966,-1.6612451226843472,37.73564786993274,0.37741607324516785,31,0,98.0007279169306,0.5689363881726652
uni_weth_3000,5.0,30.0,100.0,1.0,5000.0,98.4556200226998,0.37741607324516785,154.43799773001973,1966,-1.6612451226843472,37.73564786993274,0.37741607324516785,31,0,98.0007279169306,0.5689363881726652
uni_weth_3000,5.0,30.0,100.0,5.0,500.0,95.12538409695188,0.3717948717948718,487.4615903048122,1950,-3.577249588516653,37.73564786993274,0.3717948717948718,31,0,93.30282810367225,1.7044043466986138
uni_weth_3000,5.0,30.0,100.0,5.0,2500.0,96.4011977468709,0.37741607324516785,359.88022531291,1966,-3.871128076244189,37.73564786993274,0.37741607324516785,31,0,94.29369333575242,2.66784147886462
uni_weth_3000,5.0,30.0,100.0,5.0,5000.0,96.4011977468709,0.37741607324516785,359.88022531291,1966,-3.871128076244189,37.73564786993274,0.37741607324516785,31,0,94.29369333575242,2.66784147886462
uni_weth_3000,10.0,1.0,10.0,0.5,500.0,99.83415784774783,0.9995435874030123,10.471360628079992,2191,-0.16564837191727244,37.73564786993274,0.9995435874030123,31,4,99.7927844894041,0.06349978634946939
uni_weth_3000,10.0,1.0,10.0,0.5,2500.0,99.85452116799942,1.0,9.993591485830926,2207,-0.19503622069002602,37.73564786993274,1.0,31,4,99.81235435859793,0.07528412602292008
uni_weth_3000,10.0,1.0,10.0,0.5,5000.0,99.85452116799942,1.0,9.993591485830926,2207,-0.19503622069002602,37.73564786993274,1.0,31,4,99.81235435859793,0.07528412602292008
uni_weth_3000,10.0,1.0,10.0,1.0,500.0,99.82935822520422,0.9995435874030123,10.95132288244072,2191,-0.1704423862819503,37.73564786993274,0.9995435874030123,31,4,99.78025864467519,0.06150257606798194
uni_weth_3000,10.0,1.0,10.0,1.0,2500.0,99.85452116799942,1.0,9.993591485830926,2207,-0.19503622069002602,37.73564786993274,1.0,31,4,99.81235435859793,0.07528412602292008
uni_weth_3000,10.0,1.0,10.0,1.0,5000.0,99.85452116799942,1.0,9.993591485830926,2207,-0.19503622069002602,37.73564786993274,1.0,31,4,99.81235435859793,0.07528412602292008
uni_weth_3000,10.0,1.0,10.0,5.0,500.0,99.79096124485537,0.9995435874030123,14.79102091732656,2191,-0.20879450119937304,37.73564786993274,0.9995435874030123,31,4,99.31874537500288,0.7850490874817893
uni_weth_3000,10.0,1.0,10.0,5.0,2500.0,99.85452116799942,1.0,9.993591485830926,2207,-0.19503622069002602,37.73564786993274,1.0,31,4,99.81235435859793,0.07528412602292008
uni_weth_3000,10.0,1.0,10.0,5.0,5000.0,99.85452116799942,1.0,9.993591485830926,2207,-0.19503622069002602,37.73564786993274,1.0,31,4,99.81235435859793,0.07528412602292008
uni_weth_3000,10.0,1.0,30.0,0.5,500.0,99.63432988027344,0.9995435874030123,30.454157375518513,2191,-0.36524284790633277,37.73564786993274,0.9995435874030123,31,4,99.59305311570809,0.06330677022239709
uni_weth_3000,10.0,1.0,30.0,0.5,2500.0,99.65464933828281,1.0,29.980774457492778,2207,-0.4629944229539492,37.73564786993274,1.0,31,4,99.61260301102345,0.07507126359571005
uni_weth_3000,10.0,1.0,30.0,0.5,5000.0,99.65464933828281,1.0,29.980774457492778,2207,-0.4629944229539492,37.73564786993274,1.0,31,4,99.61260301102345,0.07507126359571005
uni_weth_3000,10.0,1.0,30.0,1.0,500.0,99.62953025772984,0.9995435874030123,30.934119629879245,2191,-0.3700368622710106,37.73564786993274,0.9995435874030123,31,4,99.58052727097918,0.06133404370024369
uni_weth_3000,10.0,1.0,30.0,1.0,2500.0,99.65464933828281,1.0,29.980774457492778,2207,-0.4629944229539492,37.73564786993274,1.0,31,4,99.61260301102345,0.07507126359571005
uni_weth_3000,10.0,1.0,30.0,1.0,5000.0,99.65464933828281,1.0,29.980774457492778,2207,-0.4629944229539492,37.73564786993274,1.0,31,4,99.61260301102345,0.07507126359571005
uni_weth_3000,10.0,1.0,30.0,5.0,500.0,99.59113327738098,0.9995435874030123,34.77381766476508,2191,-0.40838897718843337,37.73564786993274,0.9995435874030123,31,4,99.11900940045024,0.7851350399781583
uni_weth_3000,10.0,1.0,30.0,5.0,2500.0,99.65464933828281,1.0,29.980774457492778,2207,-0.4629944229539492,37.73564786993274,1.0,31,4,99.61260301102345,0.07507126359571005
uni_weth_3000,10.0,1.0,30.0,5.0,5000.0,99.65464933828281,1.0,29.980774457492778,2207,-0.4629944229539492,37.73564786993274,1.0,31,4,99.61260301102345,0.07507126359571005
uni_weth_3000,10.0,1.0,100.0,0.5,500.0,98.9349319941131,0.9995435874030123,100.39394599155335,2191,-1.063823513868044,37.73564786993274,0.9995435874030123,31,4,98.89399330777205,0.06263155501504188
uni_weth_3000,10.0,1.0,100.0,0.5,2500.0,98.95509793427465,1.0,99.93591485830926,2207,-1.4008481308776803,37.73564786993274,1.0,31,4,98.91347329451281,0.0743262451994727
uni_weth_3000,10.0,1.0,100.0,0.5,5000.0,98.95509793427465,1.0,99.93591485830926,2207,-1.4008481308776803,37.73564786993274,1.0,31,4,98.91347329451281,0.0743262451994727
uni_weth_3000,10.0,1.0,100.0,1.0,500.0,98.93013237156948,0.9995435874030123,100.87390824591408,2191,-1.068617528232722,37.73564786993274,0.9995435874030123,31,4,98.88146746304314,0.06074567983363855
uni_weth_3000,10.0,1.0,100.0,1.0,2500.0,98.95509793427465,1.0,99.93591485830926,2207,-1.4008481308776803,37.73564786993274,1.0,31,4,98.91347329451281,0.0743262451994727
uni_weth_3000,10.0,1.0,100.0,1.0,5000.0,98.95509793427465,1.0,99.93591485830926,2207,-1.4008481308776803,37.73564786993274,1.0,31,4,98.91347329451281,0.0743262451994727
uni_weth_3000,10.0,1.0,100.0,5.0,500.0,98.89173539122064,0.9995435874030123,104.71360628079991,2191,-1.1069696431501446,37.73564786993274,0.9995435874030123,31,4,98.41993348951603,0.7854362154475703
uni_weth_3000,10.0,1.0,100.0,5.0,2500.0,98.95509793427465,1.0,99.93591485830926,2207,-1.4008481308776803,37.73564786993274,1.0,31,4,98.91347329451281,0.0743262451994727
uni_weth_3000,10.0,1.0,100.0,5.0,5000.0,98.95509793427465,1.0,99.93591485830926,2207,-1.4008481308776803,37.73564786993274,1.0,31,4,98.91347329451281,0.0743262451994727
uni_weth_3000,10.0,5.0,10.0,0.5,500.0,99.89520017989443,0.9995440036479708,10.479982010557489,2193,-0.10467305689607795,37.73564786993274,0.9995440036479708,31,4,99.8874770001531,0.019023045514984908
uni_weth_3000,10.0,5.0,10.0,0.5,2500.0,99.9,1.0,10.0,2209,-0.13406090566883153,37.73564786993274,1.0,31,4,99.90000106897482,1.8515186967826002e-06
uni_weth_3000,10.0,5.0,10.0,0.5,5000.0,99.9,1.0,10.0,2209,-0.13406090566883153,37.73564786993274,1.0,31,4,99.90000106897482,1.8515186967826002e-06
uni_weth_3000,10.0,5.0,10.0,1.0,500.0,99.89040035978886,0.9995440036479708,10.95996402111498,2193,-0.10946707126075579,37.73564786993274,0.9995440036479708,31,4,99.87495293133138,0.038045387114860954
uni_weth_3000,10.0,5.0,10.0,1.0,2500.0,99.9,1.0,10.0,2209,-0.13406090566883153,37.73564786993274,1.0,31,4,99.90000106897482,1.8515186967826002e-06
uni_weth_3000,10.0,5.0,10.0,1.0,5000.0,99.9,1.0,10.0,2209,-0.13406090566883153,37.73564786993274,1.0,31,4,99.90000106897482,1.8515186967826002e-06
uni_weth_3000,10.0,5.0,10.0,5.0,500.0,99.85200179894426,0.9995440036479708,14.799820105574895,2193,-0.14781918617817855,37.73564786993274,0.9995440036479708,31,4,99.4118893819466,0.8179578525029801
uni_weth_3000,10.0,5.0,10.0,5.0,2500.0,99.9,1.0,10.0,2209,-0.13406090566883153,37.73564786993274,1.0,31,4,99.90000106897482,1.8515186967826002e-06
uni_weth_3000,10.0,5.0,10.0,5.0,5000.0,99.9,1.0,10.0,2209,-0.13406090566883153,37.73564786993274,1.0,31,4,99.90000106897482,1.8515186967826002e-06
uni_weth_3000,10.0,5.0,30.0,0.5,500.0,99.69520017989443,0.9995440036479708,30.47998201055749,2193,-0.30443114195887816,37.73564786993274,0.9995440036479708,31,4,99.68748027817627,0.019025204295134965
uni_weth_3000,10.0,5.0,30.0,0.5,2500.0,99.7,1.0,30.0,2209,-0.40218271700649455,37.73564786993274,1.0,31,4,99.70000434699799,5.732280003534772e-06
uni_weth_3000,10.0,5.0,30.0,0.5,5000.0,99.7,1.0,30.0,2209,-0.40218271700649455,37.73564786993274,1.0,31,4,99.70000434699799,5.732280003534772e-06
uni_weth_3000,10.0,5.0,30.0,1.0,500.0,99.69040035978885,0.9995440036479708,30.959964021114978,2193,-0.309225156323556,37.73564786993274,0.9995440036479708,31,4,99.67495620935453,0.03804754560942906
uni_weth_3000,10.0,5.0,30.0,1.0,2500.0,99.7,1.0,30.0,2209,-0.40218271700649455,37.73564786993274,1.0,31,4,99.70000434699799,5.732280003534772e-06
uni_weth_3000,10.0,5.0,30.0,1.0,5000.0,99.7,1.0,30.0,2209,-0.40218271700649455,37.73564786993274,1.0,31,4,99.70000434699799,5.732280003534772e-06
uni_weth_3000,10.0,5.0,30.0,5.0,500.0,99.65200179894426,0.9995440036479708,34.799820105574895,2193,-0.34757727124097876,37.73564786993274,0.9995440036479708,31,4,99.21189265996976,0.8179598086602763
uni_weth_3000,10.0,5.0,30.0,5.0,2500.0,99.7,1.0,30.0,2209,-0.40218271700649455,37.73564786993274,1.0,31,4,99.70000434699799,5.732280003534772e-06
uni_weth_3000,10.0,5.0,30.0,5.0,5000.0,99.7,1.0,30.0,2209,-0.40218271700649455,37.73564786993274,1.0,31,4,99.70000434699799,5.732280003534772e-06
uni_weth_3000,10.0,5.0,100.0,0.5,500.0,98.99520662930253,0.9995440036479708,100.47933706974774,2193,-1.0035779980716222,37.73564786993274,0.9995440036479708,31,4,98.98749534221436,0.01903352951771499
uni_weth_3000,10.0,5.0,100.0,0.5,2500.0,99.00000480498548,1.0,99.99951950145163,2209,-1.3406026150812584,37.73564786993274,1.0,31,4,99.00001883948309,1.8405863751788997e-05
uni_weth_3000,10.0,5.0,100.0,0.5,5000.0,99.00000480498548,1.0,99.99951950145163,2209,-1.3406026150812584,37.73564786993274,1.0,31,4,99.00001883948309,1.8405863751788997e-05
uni_weth_3000,10.0,5.0,100.0,1.0,500.0,98.99040680919694,0.9995440036479708,100.95931908030524,2193,-1.0083720124363,37.73564786993274,0.9995440036479708,31,4,98.97497127339263,0.038055868569008264
uni_weth_3000,10.0,5.0,100.0,1.0,2500.0,99.00000480498548,1.0,99.99951950145163,2209,-1.3406026150812584,37.73564786993274,1.0,31,4,99.00001883948309,1.8405863751788997e-05
uni_weth_3000,10.0,5.0,100.0,1.0,5000.0,99.00000480498548,1.0,99.99951950145163,2209,-1.3406026150812584,37.73564786993274,1.0,31,4,99.00001883948309,1.8405863751788997e-05
uni_weth_3000,10.0,5.0,100.0,5.0,500.0,98.95200824835234,0.9995440036479708,104.79917516476515,2193,-1.0467241273537227,37.73564786993274,0.9995440036479708,31,4,98.51190764206397,0.8179676814578224
uni_weth_3000,10.0,5.0,100.0,5.0,2500.0,99.00000480498548,1.0,99.99951950145163,2209,-1.3406026150812584,37.73564786993274,1.0,31,4,99.00001883948309,1.8405863751788997e-05
uni_weth_3000,10.0,5.0,100.0,5.0,5000.0,99.00000480498548,1.0,99.99951950145163,2209,-1.3406026150812584,37.73564786993274,1.0,31,4,99.00001883948309,1.8405863751788997e-05
uni_weth_3000,10.0,30.0,10.0,0.5,500.0,99.50341937028567,0.3923982869379015,49.65806297143351,1868,-0.3652983289667207,37.73564786993274,0.3923982869379015,31,0,99.33484534151668,0.2116640400622274
uni_weth_3000,10.0,30.0,10.0,0.5,2500.0,99.63368358339275,0.3980891719745223,36.63164166072451,1884,-0.3946861777394743,37.73564786993274,0.3980891719745223,31,0,99.40685306827227,0.28093589391838314
uni_weth_3000,10.0,30.0,10.0,0.5,5000.0,99.63368358339275,0.3980891719745223,36.63164166072451,1884,-0.3946861777394743,37.73564786993274,0.3980891719745223,31,0,99.40685306827227,0.28093589391838314
uni_weth_3000,10.0,30.0,10.0,1.0,500.0,99.11187580443988,0.3923982869379015,88.81241955601193,1868,-0.6533285133164732,37.73564786993274,0.3923982869379015,31,0,98.77460491874328,0.42211667038138473
uni_weth_3000,10.0,30.0,10.0,1.0,2500.0,99.37080622742165,0.3980891719745223,62.91937725783464,1884,-0.677922347724549,37.73564786993274,0.3980891719745223,31,0,98.9178875713449,0.5600939792419325
uni_weth_3000,10.0,30.0,10.0,1.0,5000.0,99.37080622742165,0.3980891719745223,62.91937725783464,1884,-0.677922347724549,37.73564786993274,0.3980891719745223,31,0,98.9178875713449,0.5600939792419325
uni_weth_3000,10.0,30.0,10.0,5.0,500.0,96.14255420272309,0.3923982869379015,385.7445797276906,1868,-2.8376429113547355,37.73564786993274,0.3923982869379015,31,0,94.25050915613969,1.7212775655816628
uni_weth_3000,10.0,30.0,10.0,5.0,2500.0,97.37909418361652,0.3980891719745223,262.0905816383489,1884,-2.8238846308453884,37.73564786993274,0.3980891719745223,31,0,95.23329954071086,2.666584479251014
uni_weth_3000,10.0,30.0,10.0,5.0,5000.0,97.37909418361652,0.3980891719745223,262.0905816383489,1884,-2.8238846308453884,37.73564786993274,0.3980891719745223,31,0,95.23329954071086,2.666584479251014
uni_weth_3000,10.0,30.0,30.0,0.5,500.0,99.30424384847372,0.3923982869379015,69.57561515262829,1868,-0.511817304809243,37.73564786993274,0.3923982869379015,31,0,99.13585365994965,0.2111373965851922
uni_weth_3000,10.0,30.0,30.0,0.5,2500.0,99.43424649673987,0.3980891719745223,56.57535032601278,1884,-0.6095688798568594,37.73564786993274,0.3980891719745223,31,0,99.20775714288214,0.2803390021303602
uni_weth_3000,10.0,30.0,30.0,0.5,5000.0,99.43424649673987,0.3980891719745223,56.57535032601278,1884,-0.6095688798568594,37.73564786993274,0.3980891719745223,31,0,99.20775714288214,0.2803390021303602
uni_weth_3000,10.0,30.0,30.0,1.0,500.0,98.9131900088495,0.3923982869379015,108.68099911505003,1868,-0.7994872331206309,37.73564786993274,0.3923982869379015,31,0,98.57597645614155,0.4216696276024075
uni_weth_3000,10.0,30.0,30.0,1.0,2500.0,99.17170350185988,0.3980891719745223,82.82964981401194,1884,-0.8924447938035694,37.73564786993274,0.3980891719745223,31,0,98.7190743492989,0.5595058947086546
uni_weth_3000,10.0,30.0,30.0,1.0,5000.0,99.17170350185988,0.3980891719745223,82.82964981401194,1884,-0.8924447938035694,37.73564786993274,0.3980891719745223,31,0,98.7190743492989,0.5595058947086546
uni_weth_3000,10.0,30.0,30.0,5.0,500.0,95.94775855917992,0.3923982869379015,405.2241440820084,1868,-2.9809399286331875,37.73564786993274,0.3923982869379015,31,0,94.05850802750888,1.7174279359404583
uni_weth_3000,10.0,30.0,30.0,5.0,2500.0,97.18264746344265,0.3980891719745223,281.7352536557346,1884,-3.0355453743987035,37.73564786993274,0.3980891719745223,31,0,95.04060690179453,2.6623978033183917
uni_weth_3000,10.0,30.0,30.0,5.0,5000.0,97.18264746344265,0.3980891719745223,281.7352536557346,1884,-3.0355453743987035,37.73564786993274,0.3980891719745223,31,0,95.04060690179453,2.6623978033183917
uni_weth_3000,10.0,30.0,100.0,0.5,500.0,98.61070310390912,0.3923982869379015,138.92968960908797,1868,-1.022004895504283,37.73564786993274,0.3923982869379015,31,0,98.44150499116624,0.20983107904245146
uni_weth_3000,10.0,30.0,100.0,0.5,2500.0,98.73865656015904,0.3980891719745223,126.13434398409629,1884,-1.3590295125139196,37.73564786993274,0.3980891719745223,31,0,98.5126047624447,0.27835627573323635
uni_weth_3000,10.0,30.0,100.0,0.5,5000.0,98.73865656015904,0.3980891719745223,126.13434398409629,1884,-1.3590295125139196,37.73564786993274,0.3980891719745223,31,0,98.5126047624447,0.27835627573323635
uni_weth_3000,10.0,30.0,100.0,1.0,500.0,98.22233813803618,0.3923982869379015,177.76618619638222,1868,-1.3076968145471497,37.73564786993274,0.3923982869379015,31,0,97.88329678658201,0.4208901667076486
uni_weth_3000,10.0,30.0,100.0,1.0,2500.0,98.47794939665123,0.3980891719745223,152.20506033487726,1884,-1.639927417192108,37.73564786993274,0.3980891719745223,31,0,98.02520173423227,0.5577009046918409
uni_weth_3000,10.0,30.0,100.0,1.0,5000.0,98.47794939665123,0.3980891719745223,152.20506033487726,1884,-1.639927417192108,37.73564786993274,0.3980891719745223,31,0,98.02520173423227,0.5577009046918409
uni_weth_3000,10.0,30.0,100.0,5.0,500.0,95.26943200362575,0.3923982869379015,473.0567996374246,1868,-3.4799355446728875,37.73564786993274,0.3923982869379015,31,0,93.39008797076158,1.7026971837756206
uni_weth_3000,10.0,30.0,100.0,5.0,2500.0,96.49744503035633,0.3980891719745223,350.2554969643671,1884,-3.773814032400423,37.73564786993274,0.3980891719745223,31,0,94.36940369219535,2.646106998057306
uni_weth_3000,10.0,30.0,100.0,5.0,5000.0,96.49744503035633,0.3980891719745223,350.2554969643671,1884,-3.773814032400423,37.73564786993274,0.3980891719745223,31,0,94.36940369219535,2.646106998057306
uni_weth_3000,25.0,1.0,10.0,0.5,500.0,98.78802156706168,0.9994703389830508,10.353935259050958,1888,-1.210562281595415,37.73564786993274,0.9994703389830508,31,4,98.5311374256277,0.8582525946796901
uni_weth_3000,25.0,1.0,10.0,0.5,2500.0,99.07511283767329,1.0,9.906105455088525,1904,-1.2399501303681686,37.73564786993274,1.0,31,4,98.6580271703879,0.9358802636992621
uni_weth_3000,25.0,1.0,10.0,0.5,5000.0,99.07511283767329,1.0,9.906105455088525,1904,-1.2399501303681686,37.73564786993274,1.0,31,4,98.6580271703879,0.9358802636992621
uni_weth_3000,25.0,1.0,10.0,1.0,500.0,98.78322194451808,0.9994703389830508,10.833897513411689,1888,-1.2153562959600928,37.73564786993274,0.9994703389830508,31,4,98.51861158089879,0.8477756520557322
uni_weth_3000,25.0,1.0,10.0,1.0,2500.0,99.07511283767329,1.0,9.906105455088525,1904,-1.2399501303681686,37.73564786993274,1.0,31,4,98.6580271703879,0.9358802636992621
uni_weth_3000,25.0,1.0,10.0,1.0,5000.0,99.07511283767329,1.0,9.906105455088525,1904,-1.2399501303681686,37.73564786993274,1.0,31,4,98.6580271703879,0.9358802636992621
uni_weth_3000,25.0,1.0,10.0,5.0,500.0,98.74482496416921,0.9994703389830508,14.673595548297527,1888,-1.2537084108775156,37.73564786993274,0.9994703389830508,31,4,98.07785347307662,0.7879460549831285
uni_weth_3000,25.0,1.0,10.0,5.0,2500.0,99.07511283767329,1.0,9.906105455088525,1904,-1.2399501303681686,37.73564786993274,1.0,31,4,98.6580271703879,0.9358802636992621
uni_weth_3000,25.0,1.0,10.0,5.0,5000.0,99.07511283767329,1.0,9.906105455088525,1904,-1.2399501303681686,37.73564786993274,1.0,31,4,98.6580271703879,0.9358802636992621
uni_weth_3000,25.0,1.0,30.0,0.5,500.0,98.59054210696787,0.9994703389830508,30.101881268431416,1888,-1.4078109943466868,37.73564786993274,0.9994703389830508,31,4,98.33424713859642,0.856250822111384
uni_weth_3000,25.0,1.0,30.0,0.5,2500.0,98.87699072857153,1.0,29.71831636526558,1904,-1.505562569394303,37.73564786993274,1.0,31,4,98.46087558434209,0.9337247597264369
uni_weth_3000,25.0,1.0,30.0,0.5,5000.0,98.87699072857153,1.0,29.71831636526558,1904,-1.505562569394303,37.73564786993274,1.0,31,4,98.46087558434209,0.9337247597264369
uni_weth_3000,25.0,1.0,30.0,1.0,500.0,98.58574248442427,0.9994703389830508,30.581843522792145,1888,-1.4126050087113646,37.73564786993274,0.9994703389830508,31,4,98.32172129386751,0.845774767051658
uni_weth_3000,25.0,1.0,30.0,1.0,2500.0,98.87699072857153,1.0,29.71831636526558,1904,-1.505562569394303,37.73564786993274,1.0,31,4,98.46087558434209,0.9337247597264369
uni_weth_3000,25.0,1.0,30.0,1.0,5000.0,98.87699072857153,1.0,29.71831636526558,1904,-1.505562569394303,37.73564786993274,1.0,31,4,98.46087558434209,0.9337247597264369
uni_weth_3000,25.0,1.0,30.0,5.0,500.0,98.54734550407541,0.9994703389830508,34.42154155767798,1888,-1.4509571236287873,37.73564786993274,0.9994703389830508,31,4,97.8809117874024,0.786852835198265
uni_weth_3000,25.0,1.0,30.0,5.0,2500.0,98.87699072857153,1.0,29.71831636526558,1904,-1.505562569394303,37.73564786993274,1.0,31,4,98.46087558434209,0.9337247597264369
uni_weth_3000,25.0,1.0,30.0,5.0,5000.0,98.87699072857153,1.0,29.71831636526558,1904,-1.505562569394303,37.73564786993274,1.0,31,4,98.46087558434209,0.9337247597264369
uni_weth_3000,25.0,1.0,100.0,0.5,500.0,97.89936399663956,0.9994703389830508,99.21969230126301,1888,-2.0981814889761377,37.73564786993274,0.9994703389830508,31,4,97.64513113398694,0.8492446262826071
uni_weth_3000,25.0,1.0,100.0,0.5,2500.0,98.18356334671533,1.0,99.06105455088526,1904,-2.435206105985774,37.73564786993274,1.0,31,4,97.7708450331818,0.9261804962820831
uni_weth_3000,25.0,1.0,100.0,0.5,5000.0,98.18356334671533,1.0,99.06105455088526,1904,-2.435206105985774,37.73564786993274,1.0,31,4,97.7708450331818,0.9261804962820831
uni_weth_3000,25.0,1.0,100.0,1.0,500.0,97.89456437409595,0.9994703389830508,99.69965455562374,1888,-2.1029755033408155,37.73564786993274,0.9994703389830508,31,4,97.63260528925802,0.8387717111541406
uni_weth_3000,25.0,1.0,100.0,1.0,2500.0,98.18356334671533,1.0,99.06105455088526,1904,-2.435206105985774,37.73564786993274,1.0,31,4,97.7708450331818,0.9261804962820831
uni_weth_3000,25.0,1.0,100.0,1.0,5000.0,98.18356334671533,1.0,99.06105455088526,1904,-2.435206105985774,37.73564786993274,1.0,31,4,97.7708450331818,0.9261804962820831
uni_weth_3000,25.0,1.0,100.0,5.0,500.0,97.8561673937471,0.9994703389830508,103.53935259050958,1888,-2.1413276182582384,37.73564786993274,0.9994703389830508,31,4,97.19161588754258,0.7830568525931788
uni_weth_3000,25.0,1.0,100.0,5.0,2500.0,98.18356334671533,1.0,99.06105455088526,1904,-2.435206105985774,37.73564786993274,1.0,31,4,97.7708450331818,0.9261804962820831
uni_weth_3000,25.0,1.0,100.0,5.0,5000.0,98.18356334671533,1.0,99.06105455088526,1904,-2.435206105985774,37.73564786993274,1.0,31,4,97.7708450331818,0.9261804962820831
uni_weth_3000,25.0,5.0,10.0,0.5,500.0,99.36488012311376,0.9994711792702274,10.363845818689915,1891,-0.6343516519605836,37.73564786993274,0.9994711792702274,31,4,99.25984982761332,0.3867247848136258
uni_weth_3000,25.0,5.0,10.0,0.5,2500.0,99.50489704853034,1.0,9.91347535965757,1907,-0.6637395007333373,37.73564786993274,1.0,31,4,99.32583232722226,0.42775413213472485
uni_weth_3000,25.0,5.0,10.0,0.5,5000.0,99.50489704853034,1.0,9.91347535965757,1907,-0.6637395007333373,37.73564786993274,1.0,31,4,99.32583232722226,0.42775413213472485
uni_weth_3000,25.0,5.0,10.0,1.0,500.0,99.36008030300819,0.9994711792702274,10.843827829247406,1891,-0.6391456663252615,37.73564786993274,0.9994711792702274,31,4,99.2473257587916,0.37648544835818354
uni_weth_3000,25.0,5.0,10.0,1.0,2500.0,99.50489704853034,1.0,9.91347535965757,1907,-0.6637395007333373,37.73564786993274,1.0,31,4,99.32583232722226,0.42775413213472485
uni_weth_3000,25.0,5.0,10.0,1.0,5000.0,99.50489704853034,1.0,9.91347535965757,1907,-0.6637395007333373,37.73564786993274,1.0,31,4,99.32583232722226,0.42775413213472485
uni_weth_3000,25.0,5.0,10.0,5.0,500.0,99.32168174216359,0.9994711792702274,14.683683913707322,1891,-0.6774977812426842,37.73564786993274,0.9994711792702274,31,4,98.79430000547944,0.6633074283396346
uni_weth_3000,25.0,5.0,10.0,5.0,2500.0,99.50489704853034,1.0,9.91347535965757,1907,-0.6637395007333373,37.73564786993274,1.0,31,4,99.32583232722226,0.42775413213472485
uni_weth_3000,25.0,5.0,10.0,5.0,5000.0,99.50489704853034,1.0,9.91347535965757,1907,-0.6637395007333373,37.73564786993274,1.0,31,4,99.32583232722226,0.42775413213472485
uni_weth_3000,25.0,5.0,30.0,0.5,500.0,99.16720284695111,0.9994711792702274,30.131573434954767,1891,-0.8317898226939886,37.73564786993274,0.9994711792702274,31,4,99.0627037347561,0.38486834186658303
uni_weth_3000,25.0,5.0,30.0,0.5,2500.0,99.30662754133719,1.0,29.740426078972707,1907,-0.929541397741605,37.73564786993274,1.0,31,4,99.12844702052803,0.4257589942351191
uni_weth_3000,25.0,5.0,30.0,0.5,5000.0,99.30662754133719,1.0,29.740426078972707,1907,-0.929541397741605,37.73564786993274,1.0,31,4,99.12844702052803,0.4257589942351191
uni_weth_3000,25.0,5.0,30.0,1.0,500.0,99.16240302684554,0.9994711792702274,30.61155544551226,1891,-0.8365838370586665,37.73564786993274,0.9994711792702274,31,4,99.05017966593438,0.3746318914243857
uni_weth_3000,25.0,5.0,30.0,1.0,2500.0,99.30662754133719,1.0,29.740426078972707,1907,-0.929541397741605,37.73564786993274,1.0,31,4,99.12844702052803,0.4257589942351191
uni_weth_3000,25.0,5.0,30.0,1.0,5000.0,99.30662754133719,1.0,29.740426078972707,1907,-0.929541397741605,37.73564786993274,1.0,31,4,99.12844702052803,0.4257589942351191
uni_weth_3000,25.0,5.0,30.0,5.0,500.0,99.12400446600094,0.9994711792702274,34.45141152997218,1891,-0.8749359519760892,37.73564786993274,0.9994711792702274,31,4,98.59710735726735,0.663484547537131
uni_weth_3000,25.0,5.0,30.0,5.0,2500.0,99.30662754133719,1.0,29.740426078972707,1907,-0.929541397741605,37.73564786993274,1.0,31,4,99.12844702052803,0.4257589942351191
uni_weth_3000,25.0,5.0,30.0,5.0,5000.0,99.30662754133719,1.0,29.740426078972707,1907,-0.929541397741605,37.73564786993274,1.0,31,4,99.12844702052803,0.4257589942351191
uni_weth_3000,25.0,5.0,100.0,0.5,500.0,98.47533238038184,0.9994711792702274,99.31862009188175,1891,-1.522823420260906,37.73564786993274,0.9994711792702274,31,4,98.37269240975579,0.37837082796033034
uni_weth_3000,25.0,5.0,100.0,0.5,2500.0,98.61268426616117,1.0,99.13475359657569,1907,-1.8598480372705424,37.73564786993274,1.0,31,4,98.43759844709821,0.4187760439378215
uni_weth_3000,25.0,5.0,100.0,0.5,5000.0,98.61268426616117,1.0,99.13475359657569,1907,-1.8598480372705424,37.73564786993274,1.0,31,4,98.43759844709821,0.4187760439378215
uni_weth_3000,25.0,5.0,100.0,1.0,500.0,98.47053256027627,0.9994711792702274,99.79860210243925,1891,-1.5276174346255837,37.73564786993274,0.9994711792702274,31,4,98.36016834093407,0.36814470861216253
uni_weth_3000,25.0,5.0,100.0,1.0,2500.0,98.61268426616117,1.0,99.13475359657569,1907,-1.8598480372705424,37.73564786993274,1.0,31,4,98.43759844709821,0.4187760439378215
uni_weth_3000,25.0,5.0,100.0,1.0,5000.0,98.61268426616117,1.0,99.13475359657569,1907,-1.8598480372705424,37.73564786993274,1.0,31,4,98.43759844709821,0.4187760439378215
uni_weth_3000,25.0,5.0,100.0,5.0,500.0,98.43213399943167,0.9994711792702274,103.63845818689916,1891,-1.5659695495430066,37.73564786993274,0.9994711792702274,31,4,97.906933088525,0.6641469532927178
uni_weth_3000,25.0,5.0,100.0,5.0,2500.0,98.61268426616117,1.0,99.13475359657569,1907,-1.8598480372705424,37.73564786993274,1.0,31,4,98.43759844709821,0.4187760439378215
uni_weth_3000,25.0,5.0,100.0,5.0,5000.0,98.61268426616117,1.0,99.13475359657569,1907,-1.8598480372705424,37.73564786993274,1.0,31,4,98.43759844709821,0.4187760439378215
uni_weth_3000,25.0,30.0,10.0,0.5,500.0,99.51789652257875,0.47404202719406674,48.210347742124114,1618,-0.3687696260030657,37.73564786993274,0.47404202719406674,31,0,99.3973298079488,0.16429975432962823
uni_weth_3000,25.0,30.0,10.0,0.5,2500.0,99.6402418924373,0.47980416156670747,35.97581075626925,1634,-0.39815747477581925,37.73564786993274,0.47980416156670747,31,0,99.46450690087033,0.2301663527510415
uni_weth_3000,25.0,30.0,10.0,0.5,5000.0,99.6402418924373,0.47980416156670747,35.97581075626925,1634,-0.39815747477581925,37.73564786993274,0.47980416156670747,31,0,99.46450690087033,0.2301663527510415
uni_weth_3000,25.0,30.0,10.0,1.0,500.0,99.14072550598168,0.47404202719406674,85.92744940183258,1618,-0.6572745243159497,37.73564786993274,0.47404202719406674,31,0,98.8982528268505,0.32830011130318504
uni_weth_3000,25.0,30.0,10.0,1.0,2500.0,99.38389284169648,0.47980416156670747,61.61071583035176,1634,-0.6818683587240254,37.73564786993274,0.47980416156670747,31,0,99.03200622328463,0.4595549903917387
uni_weth_3000,25.0,30.0,10.0,1.0,5000.0,99.38389284169648,0.47980416156670747,61.61071583035176,1634,-0.6818683587240254,37.73564786993274,0.47980416156670747,31,0,99.03200622328463,0.4595549903917387
uni_weth_3000,25.0,30.0,10.0,5.0,500.0,96.28004268201454,0.47404202719406674,371.99573179854605,1618,-2.845462298340237,37.73564786993274,0.47404202719406674,31,0,94.75998973145322,1.3258395501923497
uni_weth_3000,25.0,30.0,10.0,5.0,2500.0,97.44139305884913,0.47980416156670747,255.86069411508703,1634,-2.83170401783089,37.73564786993274,0.47980416156670747,31,0,95.7082350190725,2.258516999865064
uni_weth_3000,25.0,30.0,10.0,5.0,5000.0,97.44139305884913,0.47980416156670747,255.86069411508703,1634,-2.83170401783089,37.73564786993274,0.47980416156670747,31,0,95.7082350190725,2.258516999865064
uni_weth_3000,25.0,30.0,30.0,0.5,500.0,99.31868942948863,0.47404202719406674,68.13105705113671,1618,-0.5211467165168022,37.73564786993274,0.47404202719406674,31,0,99.19822305883905,0.16390633912047828
uni_weth_3000,25.0,30.0,30.0,0.5,2500.0,99.44078990788164,0.47980416156670747,55.921009211835816,1634,-0.6188982915644187,37.73564786993274,0.47980416156670747,31,0,99.26530054238388,0.22970450499864803
uni_weth_3000,25.0,30.0,30.0,0.5,5000.0,99.44078990788164,0.47980416156670747,55.921009211835816,1634,-0.6188982915644187,37.73564786993274,0.47980416156670747,31,0,99.26530054238388,0.22970450499864803
uni_weth_3000,25.0,30.0,30.0,1.0,500.0,98.94171150544348,0.47404202719406674,105.82884945565262,1618,-0.809503914861749,37.73564786993274,0.47404202719406674,31,0,98.69931141166911,0.32800194236179614
uni_weth_3000,25.0,30.0,30.0,1.0,2500.0,99.1845743125305,0.47980416156670747,81.54256874694984,1634,-0.9024614755446876,37.73564786993274,0.47980416156670747,31,0,98.83292359218119,0.45914166094396136
uni_weth_3000,25.0,30.0,30.0,1.0,5000.0,99.1845743125305,0.47980416156670747,81.54256874694984,1634,-0.9024614755446876,37.73564786993274,0.47980416156670747,31,0,98.83292359218119,0.45914166094396136
uni_weth_3000,25.0,30.0,30.0,5.0,500.0,96.08465947932689,0.47404202719406674,391.53405206731145,1618,-2.9949144262688887,37.73564786993274,0.47404202719406674,31,0,94.56502667785016,1.3244803625604225
uni_weth_3000,25.0,30.0,30.0,5.0,2500.0,97.24458394569729,0.47980416156670747,275.5416054302717,1634,-3.0495198720344048,37.73564786993274,0.47980416156670747,31,0,95.5127156920184,2.256762414492878
uni_weth_3000,25.0,30.0,30.0,5.0,5000.0,97.24458394569729,0.47980416156670747,275.5416054302717,1634,-3.0495198720344048,37.73564786993274,0.47980416156670747,31,0,95.5127156920184,2.256762414492878
uni_weth_3000,25.0,30.0,100.0,0.5,500.0,98.62490134429923,0.47404202719406674,137.5098655700774,1618,-1.0518377085610926,37.73564786993274,0.47404202719406674,31,0,98.50339792933029,0.16286554680093962
uni_weth_3000,25.0,30.0,100.0,0.5,2500.0,98.74508325583044,0.47980416156670747,125.49167441695619,1634,-1.388862325570729,37.73564786993274,0.47980416156670747,31,0,98.5697326017822,0.22805290802467246
uni_weth_3000,25.0,30.0,100.0,0.5,5000.0,98.74508325583044,0.47980416156670747,125.49167441695619,1634,-1.388862325570729,37.73564786993274,0.47980416156670747,31,0,98.5697326017822,0.22805290802467246
uni_weth_3000,25.0,30.0,100.0,1.0,500.0,98.24953674747064,0.47404202719406674,175.0463252529362,1618,-1.338960843884014,37.73564786993274,0.47404202719406674,31,0,98.00549252052718,0.32756460048932706
uni_weth_3000,25.0,30.0,100.0,1.0,2500.0,98.489982707177,0.47980416156670747,151.0017292822993,1634,-1.6711914465289726,37.73564786993274,0.47980416156670747,31,0,98.13809956234456,0.4578210585699432
uni_weth_3000,25.0,30.0,100.0,1.0,5000.0,98.489982707177,0.47980416156670747,151.0017292822993,1634,-1.6711914465289726,37.73564786993274,0.47980416156670747,31,0,98.13809956234456,0.4578210585699432
uni_weth_3000,25.0,30.0,100.0,5.0,500.0,95.4042147222476,0.47404202719406674,459.57852777523914,1618,-3.5153988665099667,37.73564786993274,0.47404202719406674,31,0,93.8859954169015,1.3185285357902952
uni_weth_3000,25.0,30.0,100.0,5.0,2500.0,96.558099498412,0.47980416156670747,344.1900501588001,1634,-3.8092773542375027,37.73564786993274,0.47980416156670747,31,0,94.83139938216678,2.2490707355203527
uni_weth_3000,25.0,30.0,100.0,5.0,5000.0,96.558099498412,0.47980416156670747,344.1900501588001,1634,-3.8092773542375027,37.73564786993274,0.47980416156670747,31,0,94.83139938216678,2.2490707355203527
uni_weth_3000,50.0,1.0,10.0,0.5,500.0,93.47778083617617,0.9993519118600129,9.792966508544806,1543,-6.51459819535068,37.73564786993274,0.9993519118600129,31,4,94.03086105425089,3.5425162940527297
uni_weth_3000,50.0,1.0,10.0,0.5,2500.0,95.11879668833312,1.0,9.488164002077868,1559,-6.543986044123433,37.73564786993274,1.0,31,4,94.63296496141855,3.731614295422695
uni_weth_3000,50.0,1.0,10.0,0.5,5000.0,95.11879668833312,1.0,9.488164002077868,1559,-6.543986044123433,37.73564786993274,1.0,31,4,94.63296496141855,3.731614295422695
uni_weth_3000,50.0,1.0,10.0,1.0,500.0,93.47298121363256,0.9993519118600129,10.272928762905536,1543,-6.519392209715358,37.73564786993274,0.9993519118600129,31,4,94.01833520952196,3.5313099223067574
uni_weth_3000,50.0,1.0,10.0,1.0,2500.0,95.11879668833312,1.0,9.488164002077868,1559,-6.543986044123433,37.73564786993274,1.0,31,4,94.63296496141855,3.731614295422695
uni_weth_3000,50.0,1.0,10.0,1.0,5000.0,95.11879668833312,1.0,9.488164002077868,1559,-6.543986044123433,37.73564786993274,1.0,31,4,94.63296496141855,3.731614295422695
uni_weth_3000,50.0,1.0,10.0,5.0,500.0,93.4345842332837,0.9993519118600129,14.112626797791375,1543,-6.557744324632781,37.73564786993274,0.9993519118600129,31,4,93.6474113386607,3.2103670647216767
uni_weth_3000,50.0,1.0,10.0,5.0,2500.0,95.11879668833312,1.0,9.488164002077868,1559,-6.543986044123433,37.73564786993274,1.0,31,4,94.63296496141855,3.731614295422695
uni_weth_3000,50.0,1.0,10.0,5.0,5000.0,95.11879668833312,1.0,9.488164002077868,1559,-6.543986044123433,37.73564786993274,1.0,31,4,94.63296496141855,3.731614295422695
uni_weth_3000,50.0,1.0,30.0,0.5,500.0,93.29152075109249,0.9993519118600129,28.418975016912956,1543,-6.700640642510739,37.73564786993274,0.9993519118600129,31,4,93.84349957051593,3.53482365659946
uni_weth_3000,50.0,1.0,30.0,0.5,2500.0,94.92903340829156,1.0,28.464492006233602,1559,-6.798392217558355,37.73564786993274,1.0,31,4,94.44433820048664,3.7235280128993575
uni_weth_3000,50.0,1.0,30.0,0.5,5000.0,94.92903340829156,1.0,28.464492006233602,1559,-6.798392217558355,37.73564786993274,1.0,31,4,94.44433820048664,3.7235280128993575
uni_weth_3000,50.0,1.0,30.0,1.0,500.0,93.28672112854888,0.9993519118600129,28.898937271273688,1543,-6.705434656875416,37.73564786993274,0.9993519118600129,31,4,93.83097372578702,3.5236174672055514
uni_weth_3000,50.0,1.0,30.0,1.0,2500.0,94.92903340829156,1.0,28.464492006233602,1559,-6.798392217558355,37.73564786993274,1.0,31,4,94.44433820048664,3.7235280128993575
uni_weth_3000,50.0,1.0,30.0,1.0,5000.0,94.92903340829156,1.0,28.464492006233602,1559,-6.798392217558355,37.73564786993274,1.0,31,4,94.44433820048664,3.7235280128993575
uni_weth_3000,50.0,1.0,30.0,5.0,500.0,93.24832414820003,0.9993519118600129,32.73863530615952,1543,-6.743786771792839,37.73564786993274,0.9993519118600129,31,4,93.45985093493202,3.2026259991720383
uni_weth_3000,50.0,1.0,30.0,5.0,2500.0,94.92903340829156,1.0,28.464492006233602,1559,-6.798392217558355,37.73564786993274,1.0,31,4,94.44433820048664,3.7235280128993575
uni_weth_3000,50.0,1.0,30.0,5.0,5000.0,94.92903340829156,1.0,28.464492006233602,1559,-6.798392217558355,37.73564786993274,1.0,31,4,94.44433820048664,3.7235280128993575
uni_weth_3000,50.0,1.0,100.0,0.5,500.0,92.63961045329961,0.9993519118600129,93.6100047962015,1543,-7.351789207570943,37.73564786993274,0.9993519118600129,31,4,93.1877343774436,3.507899436469199
uni_weth_3000,50.0,1.0,100.0,0.5,2500.0,94.2648619281461,1.0,94.88164002077868,1559,-7.6888138245805795,37.73564786993274,1.0,31,4,93.78414453722502,3.6952260291365224
uni_weth_3000,50.0,1.0,100.0,0.5,5000.0,94.2648619281461,1.0,94.88164002077868,1559,-7.6888138245805795,37.73564786993274,1.0,31,4,93.78414453722502,3.6952260291365224
uni_weth_3000,50.0,1.0,100.0,1.0,500.0,92.634810830756,0.9993519118600129,94.08996705056222,1543,-7.356583221935621,37.73564786993274,0.9993519118600129,31,4,93.17520853271468,3.496693891660961
uni_weth_3000,50.0,1.0,100.0,1.0,2500.0,94.2648619281461,1.0,94.88164002077868,1559,-7.6888138245805795,37.73564786993274,1.0,31,4,93.78414453722502,3.6952260291365224
uni_weth_3000,50.0,1.0,100.0,1.0,5000.0,94.2648619281461,1.0,94.88164002077868,1559,-7.6888138245805795,37.73564786993274,1.0,31,4,93.78414453722502,3.6952260291365224
uni_weth_3000,50.0,1.0,100.0,5.0,500.0,92.59641385040715,0.9993519118600129,97.92966508544805,1543,-7.3949353368530435,37.73564786993274,0.9993519118600129,31,4,92.80338952188158,3.175538403240546
uni_weth_3000,50.0,1.0,100.0,5.0,2500.0,94.2648619281461,1.0,94.88164002077868,1559,-7.6888138245805795,37.73564786993274,1.0,31,4,93.78414453722502,3.6952260291365224
uni_weth_3000,50.0,1.0,100.0,5.0,5000.0,94.2648619281461,1.0,94.88164002077868,1559,-7.6888138245805795,37.73564786993274,1.0,31,4,93.78414453722502,3.6952260291365224
uni_weth_3000,50.0,5.0,10.0,0.5,500.0,94.9817488146025,0.9993446920052425,9.771186508221195,1526,-5.012181235795659,37.73564786993274,0.9993446920052425,31,4,94.99302716297656,2.8813462505446994
uni_weth_3000,50.0,5.0,10.0,0.5,2500.0,96.23934430442942,1.0,9.471927958634021,1542,-5.041569084568413,37.73564786993274,1.0,31,4,95.48246701779104,3.0921051390258856
uni_weth_3000,50.0,5.0,10.0,0.5,5000.0,96.23934430442942,1.0,9.471927958634021,1542,-5.041569084568413,37.73564786993274,1.0,31,4,95.48246701779104,3.0921051390258856
uni_weth_3000,50.0,5.0,10.0,1.0,500.0,94.97694899449692,0.9993446920052425,10.251168518778686,1526,-5.016975250160337,37.73564786993274,0.9993446920052425,31,4,94.98050309415483,2.870304786819938
uni_weth_3000,50.0,5.0,10.0,1.0,2500.0,96.23934430442942,1.0,9.471927958634021,1542,-5.041569084568413,37.73564786993274,1.0,31,4,95.48246701779104,3.0921051390258856
uni_weth_3000,50.0,5.0,10.0,1.0,5000.0,96.23934430442942,1.0,9.471927958634021,1542,-5.041569084568413,37.73564786993274,1.0,31,4,95.48246701779104,3.0921051390258856
uni_weth_3000,50.0,5.0,10.0,5.0,500.0,94.93855043365232,0.9993446920052425,14.091024603238601,1526,-5.055327365077759,37.73564786993274,0.9993446920052425,31,4,94.60105324301736,2.565082327656346
uni_weth_3000,50.0,5.0,10.0,5.0,2500.0,96.23934430442942,1.0,9.471927958634021,1542,-5.041569084568413,37.73564786993274,1.0,31,4,95.48246701779104,3.0921051390258856
uni_weth_3000,50.0,5.0,10.0,5.0,5000.0,96.23934430442942,1.0,9.471927958634021,1542,-5.041569084568413,37.73564786993274,1.0,31,4,95.48246701779104,3.0921051390258856
uni_weth_3000,50.0,5.0,30.0,0.5,500.0,94.79592472464923,0.9993446920052425,28.353595503548608,1526,-5.197780557633677,37.73564786993274,0.9993446920052425,31,4,94.80747879507318,2.872620654790164
uni_weth_3000,50.0,5.0,30.0,0.5,2500.0,96.04990574525674,1.0,28.41578387590206,1542,-5.295532132681293,37.73564786993274,1.0,31,4,95.29553916076297,3.0827761001527474
uni_weth_3000,50.0,5.0,30.0,0.5,5000.0,96.04990574525674,1.0,28.41578387590206,1542,-5.295532132681293,37.73564786993274,1.0,31,4,95.29553916076297,3.0827761001527474
uni_weth_3000,50.0,5.0,30.0,1.0,500.0,94.79112490454365,0.9993446920052425,28.833577514106096,1526,-5.202574571998355,37.73564786993274,0.9993446920052425,31,4,94.79495472625145,2.8615793576298545
uni_weth_3000,50.0,5.0,30.0,1.0,2500.0,96.04990574525674,1.0,28.41578387590206,1542,-5.295532132681293,37.73564786993274,1.0,31,4,95.29553916076297,3.0827761001527474
uni_weth_3000,50.0,5.0,30.0,1.0,5000.0,96.04990574525674,1.0,28.41578387590206,1542,-5.295532132681293,37.73564786993274,1.0,31,4,95.29553916076297,3.0827761001527474
uni_weth_3000,50.0,5.0,30.0,5.0,500.0,94.75272634369905,0.9993446920052425,32.673433598566014,1526,-5.240926686915778,37.73564786993274,0.9993446920052425,31,4,94.41526183722121,2.556389216181161
uni_weth_3000,50.0,5.0,30.0,5.0,2500.0,96.04990574525674,1.0,28.41578387590206,1542,-5.295532132681293,37.73564786993274,1.0,31,4,95.29553916076297,3.0827761001527474
uni_weth_3000,50.0,5.0,30.0,5.0,5000.0,96.04990574525674,1.0,28.41578387590206,1542,-5.295532132681293,37.73564786993274,1.0,31,4,95.29553916076297,3.0827761001527474
uni_weth_3000,50.0,5.0,100.0,0.5,500.0,94.14554040981277,0.9993446920052425,93.39202698719454,1526,-5.84737818406674,37.73564786993274,0.9993446920052425,31,4,94.15805950741135,2.8420811690234276
uni_weth_3000,50.0,5.0,100.0,0.5,2500.0,95.38687078815236,1.0,94.7192795863402,1542,-6.184402801076375,37.73564786993274,1.0,31,4,94.64129166116477,3.050124509634629
uni_weth_3000,50.0,5.0,100.0,0.5,5000.0,95.38687078815236,1.0,94.7192795863402,1542,-6.184402801076375,37.73564786993274,1.0,31,4,94.64129166116477,3.050124509634629
uni_weth_3000,50.0,5.0,100.0,1.0,500.0,94.14074058970719,0.9993446920052425,93.87200899775203,1526,-5.8521721984314174,37.73564786993274,0.9993446920052425,31,4,94.14553543858963,2.831040463311763
uni_weth_3000,50.0,5.0,100.0,1.0,2500.0,95.38687078815236,1.0,94.7192795863402,1542,-6.184402801076375,37.73564786993274,1.0,31,4,94.64129166116477,3.050124509634629
uni_weth_3000,50.0,5.0,100.0,1.0,5000.0,95.38687078815236,1.0,94.7192795863402,1542,-6.184402801076375,37.73564786993274,1.0,31,4,94.64129166116477,3.050124509634629
uni_weth_3000,50.0,5.0,100.0,5.0,500.0,94.1023420288626,0.9993446920052425,97.71186508221196,1526,-5.89052431334884,37.73564786993274,0.9993446920052425,31,4,93.76499191693466,2.525978666531781
uni_weth_3000,50.0,5.0,100.0,5.0,2500.0,95.38687078815236,1.0,94.7192795863402,1542,-6.184402801076375,37.73564786993274,1.0,31,4,94.64129166116477,3.050124509634629
uni_weth_3000,50.0,5.0,100.0,5.0,5000.0,95.38687078815236,1.0,94.7192795863402,1542,-6.184402801076375,37.73564786993274,1.0,31,4,94.64129166116477,3.050124509634629
uni_weth_3000,50.0,30.0,10.0,0.5,500.0,99.65765357927987,0.6466721446179129,34.23464207201324,1217,-0.2665472445431483,37.73564786993274,0.6466721446179129,31,2,99.55916362598087,0.10794871303868438
uni_weth_3000,50.0,30.0,10.0,0.5,2500.0,99.73586843059091,0.6520681265206812,26.413156940908987,1233,-0.2959350933159019,37.73564786993274,0.6520681265206812,31,2,99.6071095669626,0.15677935732234746
uni_weth_3000,50.0,30.0,10.0,0.5,5000.0,99.73586843059091,0.6520681265206812,26.413156940908987,1233,-0.2959350933159019,37.73564786993274,0.6520681265206812,31,2,99.6071095669626,0.15677935732234746
uni_weth_3000,50.0,30.0,10.0,1.0,500.0,99.4181527230728,0.6466721446179129,58.1847276927213,1217,-0.4530200376672505,37.73564786993274,0.6466721446179129,31,2,99.22120991179501,0.21611942627496378
uni_weth_3000,50.0,30.0,10.0,1.0,2500.0,99.57371428920685,0.6520681265206812,42.62857107931561,1233,-0.4776138720753263,37.73564786993274,0.6520681265206812,31,2,99.31658145908338,0.3132544272032739
uni_weth_3000,50.0,30.0,10.0,1.0,5000.0,99.57371428920685,0.6520681265206812,42.62857107931561,1233,-0.4776138720753263,37.73564786993274,0.6520681265206812,31,2,99.31658145908338,0.3132544272032739
uni_weth_3000,50.0,30.0,10.0,5.0,500.0,97.59896907804945,0.6466721446179129,240.10309219505547,1217,-1.869416875931075,37.73564786993274,0.6466721446179129,31,2,96.2632833174134,0.8587856075532171
uni_weth_3000,50.0,30.0,10.0,5.0,2500.0,98.34376514253752,0.6520681265206812,165.62348574624798,1233,-1.855658595421728,37.73564786993274,0.6520681265206812,31,2,97.06609091831614,1.5643999275253258
uni_weth_3000,50.0,30.0,10.0,5.0,5000.0,98.34376514253752,0.6520681265206812,165.62348574624798,1233,-1.855658595421728,37.73564786993274,0.6520681265206812,31,2,97.06609091831614,1.5643999275253258
uni_weth_3000,50.0,30.0,30.0,0.5,500.0,99.45813243430402,0.6466721446179129,54.18675656959873,1217,-0.4218922640983087,37.73564786993274,0.6466721446179129,31,2,99.3599245353764,0.10766445610775513
uni_weth_3000,50.0,30.0,30.0,0.5,2500.0,99.53620119456106,0.6520681265206812,46.37988054389445,1233,-0.5196438391459252,37.73564786993274,0.6520681265206812,31,2,99.407793966379,0.15641332778815428
uni_weth_3000,50.0,30.0,30.0,0.5,5000.0,99.53620119456106,0.6520681265206812,46.37988054389445,1233,-0.5196438391459252,37.73564786993274,0.6520681265206812,31,2,99.407793966379,0.15641332778815428
uni_weth_3000,50.0,30.0,30.0,1.0,500.0,99.21873419590871,0.6466721446179129,78.12658040912974,1217,-0.6082851600968301,37.73564786993274,0.6466721446179129,31,2,99.02210806994195,0.2158823946187434
uni_weth_3000,50.0,30.0,30.0,1.0,2500.0,99.37411836392603,0.6520681265206812,62.588163607397284,1233,-0.7012427207797687,37.73564786993274,0.6520681265206812,31,2,99.117370769964,0.3129053451835288
uni_weth_3000,50.0,30.0,30.0,1.0,5000.0,99.37411836392603,0.6520681265206812,62.588163607397284,1233,-0.7012427207797687,37.73564786993274,0.6520681265206812,31,2,99.117370769964,0.3129053451835288
uni_weth_3000,50.0,30.0,30.0,5.0,500.0,97.40146618157061,0.6466721446179129,259.8533818429388,1217,-2.023190508893226,37.73564786993274,0.6466721446179129,31,2,96.06609025843585,0.8586213493275513
uni_weth_3000,50.0,30.0,30.0,5.0,2500.0,98.1455004194787,0.6520681265206812,185.44995805212992,1233,-2.077795954658742,37.73564786993274,0.6520681265206812,31,2,96.86855955956504,1.5639213698986272
uni_weth_3000,50.0,30.0,30.0,5.0,5000.0,98.1455004194787,0.6520681265206812,185.44995805212992,1233,-2.077795954658742,37.73564786993274,0.6520681265206812,31,2,96.86855955956504,1.5639213698986272
uni_weth_3000,50.0,30.0,100.0,0.5,500.0,98.76336703085077,0.6466721446179129,123.66329691492292,1217,-0.9628291417347806,37.73564786993274,0.6466721446179129,31,2,98.66480315573187,0.10715253722520025
uni_weth_3000,50.0,30.0,100.0,0.5,2500.0,98.83983879893228,0.6520681265206812,116.01612010677296,1233,-1.299853758744417,37.73564786993274,0.6520681265206812,31,2,98.71195551008151,0.15515287277176198
uni_weth_3000,50.0,30.0,100.0,0.5,5000.0,98.83983879893228,0.6520681265206812,116.01612010677296,1233,-1.299853758744417,37.73564786993274,0.6520681265206812,31,2,98.71195551008151,0.15515287277176198
uni_weth_3000,50.0,30.0,100.0,1.0,500.0,98.52515910085458,0.6466721446179129,147.48408991454176,1217,-1.148295276404017,37.73564786993274,0.6466721446179129,31,2,98.3278139162742,0.2157129493412059
uni_weth_3000,50.0,30.0,100.0,1.0,2500.0,98.67858313252988,0.6520681265206812,132.14168674701253,1233,-1.4805258790489755,37.73564786993274,0.6520681265206812,31,2,98.42215876896198,0.3117921184906662
uni_weth_3000,50.0,30.0,100.0,1.0,5000.0,98.67858313252988,0.6520681265206812,132.14168674701253,1233,-1.4805258790489755,37.73564786993274,0.6520681265206812,31,2,98.42215876896198,0.3117921184906662
uni_weth_3000,50.0,30.0,100.0,5.0,500.0,96.71372118702868,0.6466721446179129,328.6278812971314,1217,-2.558661371588045,37.73564786993274,0.6466721446179129,31,2,95.37927529651381,0.8577739551752602
uni_weth_3000,50.0,30.0,100.0,5.0,2500.0,97.45401661762794,0.6520681265206812,254.59833823720524,1233,-2.852539859315581,37.73564786993274,0.6520681265206812,31,2,96.1802135607494,1.561057167240715
uni_weth_3000,50.0,30.0,100.0,5.0,5000.0,97.45401661762794,0.6520681265206812,254.59833823720524,1233,-2.852539859315581,37.73564786993274,0.6520681265206812,31,2,96.1802135607494,1.561057167240715
