pool_family,month,window_id,quote_unit,realized_vol_annualised_pct,measured_regime,temperature_multiplier,solver_gas_cost_quote,simulated_block_count,observed_time_span_seconds,trigger_count,clear_count,trade_count,fallback_count,auction_clear_rate,total_lp_net_quote,total_solver_payment_quote,total_winning_solver_profit_quote,total_potential_gross_lvr_quote,total_foregone_gross_lvr_quote,recapture_ratio,stale_time_share,cumulative_stale_time_seconds,cumulative_gap_time_bps_seconds,mean_delay_seconds,mean_effective_start_concession_bps,mean_temperature_at_trigger,mean_minimum_solver_concession_bps,economically_correctable_rate,delta_total_lp_net_quote_vs_temp0,delta_total_solver_payment_quote_vs_temp0,delta_total_foregone_gross_lvr_quote_vs_temp0,delta_stale_time_share_vs_temp0,delta_cumulative_stale_time_seconds_vs_temp0,delta_cumulative_gap_time_bps_seconds_vs_temp0,delta_trigger_count_vs_temp0,delta_clear_count_vs_temp0,delta_trade_count_vs_temp0,delta_fallback_count_vs_temp0,lp_net_outcome_vs_temp0
weth_usdc_3000,2026_01,weth_usdc_3000_month_24136052_24143251_w01,WETH,18.60330536644617,normal,0.0,5.047782716855625e-06,341,85704,22,0,6,22,0.0,-0.28612691185695244,0.0,0.0,7.766109985207997,6.662804652479485,0.7406638911557233,0.8499019882385886,72840,772777.6759092124,1468,10.0,3.168785938743364e-08,3620.785127145795,0.0,0.0,0.0,0.0,0.0,0.0,0.0,0.0,0.0,0.0,0.0,unchanged
weth_usdc_3000,2026_01,weth_usdc_3000_month_24136052_24143251_w01,WETH,18.60330536644617,normal,0.25,5.047782716855625e-06,341,85704,22,0,6,22,0.0,-0.28612691185695244,0.0,0.0,7.766109985207997,6.662804652479485,0.7406638911557233,0.8499019882385886,72840,772777.6759092124,1468,10.42589478137103,3.168785938743364e-08,3620.785127145795,0.0,0.0,0.0,0.0,0.0,0.0,0.0,0.0,0.0,0.0,0.0,unchanged
weth_usdc_3000,2026_01,weth_usdc_3000_month_24136052_24143251_w01,WETH,18.60330536644617,normal,0.5,5.047782716855625e-06,341,85704,22,0,6,22,0.0,-0.28612691185695244,0.0,0.0,7.766109985207997,6.662804652479485,0.7406638911557233,0.8499019882385886,72840,772777.6759092124,1468,10.85178956274206,3.168785938743364e-08,3620.785127145795,0.0,0.0,0.0,0.0,0.0,0.0,0.0,0.0,0.0,0.0,0.0,unchanged
weth_usdc_3000,2026_01,weth_usdc_3000_month_24136052_24143251_w01,WETH,18.60330536644617,normal,1.0,5.047782716855625e-06,341,85704,22,0,6,22,0.0,-0.28612691185695244,0.0,0.0,7.766109985207997,6.662804652479485,0.7406638911557233,0.8499019882385886,72840,772777.6759092124,1468,11.703579125484117,3.168785938743364e-08,3620.785127145795,0.0,0.0,0.0,0.0,0.0,0.0,0.0,0.0,0.0,0.0,0.0,unchanged
weth_usdc_3000,2026_01,weth_usdc_3000_month_24136052_24143251_w01,WETH,18.60330536644617,normal,2.0,5.047782716855625e-06,341,85704,22,0,6,22,0.0,-0.28612691185695244,0.0,0.0,7.766109985207997,6.662804652479485,0.7406638911557233,0.8499019882385886,72840,772777.6759092124,1468,13.407158250968234,3.168785938743364e-08,3620.785127145795,0.0,0.0,0.0,0.0,0.0,0.0,0.0,0.0,0.0,0.0,0.0,unchanged
weth_usdc_3000,2026_01,weth_usdc_3000_month_24208052_24215251_w11,WETH,41.62573543989503,normal,0.0,4.843187474753745e-06,493,84084,26,0,11,25,0.0,-0.800063435741018,0.0,0.0,31.946280900009512,29.037275587637858,0.7249701015194288,0.4859426287997717,40860,685108.430983337,1078.909090909091,10.0,2.0597863572798294e-07,3970.140216695411,0.0,0.0,0.0,0.0,0.0,0.0,0.0,0.0,0.0,0.0,0.0,unchanged
weth_usdc_3000,2026_01,weth_usdc_3000_month_24208052_24215251_w11,WETH,41.62573543989503,normal,0.25,4.843187474753745e-06,493,84084,26,0,11,25,0.0,-0.800063435741018,0.0,0.0,31.946280900009512,29.037275587637858,0.7249701015194288,0.4859426287997717,40860,685108.430983337,1078.909090909091,10.990430394804394,2.0597863572798294e-07,3970.140216695411,0.0,0.0,0.0,0.0,0.0,0.0,0.0,0.0,0.0,0.0,0.0,unchanged
weth_usdc_3000,2026_01,weth_usdc_3000_month_24208052_24215251_w11,WETH,41.62573543989503,normal,0.5,4.843187474753745e-06,493,84084,26,0,11,25,0.0,-0.800063435741018,0.0,0.0,31.946280900009512,29.037275587637858,0.7249701015194288,0.4859426287997717,40860,685108.430983337,1078.909090909091,11.980860789608787,2.0597863572798294e-07,3970.140216695411,0.0,0.0,0.0,0.0,0.0,0.0,0.0,0.0,0.0,0.0,0.0,unchanged
weth_usdc_3000,2026_01,weth_usdc_3000_month_24208052_24215251_w11,WETH,41.62573543989503,normal,1.0,4.843187474753745e-06,493,84084,26,0,11,25,0.0,-0.800063435741018,0.0,0.0,31.946280900009512,29.037275587637858,0.7249701015194288,0.4859426287997717,40860,685108.430983337,1078.909090909091,13.961721579217572,2.0597863572798294e-07,3970.140216695411,0.0,0.0,0.0,0.0,0.0,0.0,0.0,0.0,0.0,0.0,0.0,unchanged
weth_usdc_3000,2026_01,weth_usdc_3000_month_24208052_24215251_w11,WETH,41.62573543989503,normal,2.0,4.843187474753745e-06,493,84084,26,0,11,25,0.0,-0.800063435741018,0.0,0.0,31.946280900009512,29.037275587637858,0.7249701015194288,0.4859426287997717,40860,685108.430983337,1078.909090909091,17.923443158435145,2.0597863572798294e-07,3970.140216695411,0.0,0.0,0.0,0.0,0.0,0.0,0.0,0.0,0.0,0.0,0.0,unchanged
weth_usdc_3000,2026_01,weth_usdc_3000_month_24280052_24287251_w21,WETH,87.00301739835774,normal,0.0,5.033015319116504e-06,862,86580,34,0,29,34,0.0,-9.884178877073825,0.0,0.0,233.63794802244666,210.36290634391037,0.5753314209448318,0.43506583506583507,37668,1656465.3092305427,783.3103448275862,10.0,1.0315251033701929e-06,972.7679667884009,0.0,0.0,0.0,0.0,0.0,0.0,0.0,0.0,0.0,0.0,0.0,unchanged
weth_usdc_3000,2026_01,weth_usdc_3000_month_24280052_24287251_w21,WETH,87.00301739835774,normal,0.25,5.033015319116504e-06,862,86580,34,0,29,34,0.0,-9.884178877073825,0.0,0.0,233.63794802244666,210.36290634391037,0.5753314209448318,0.43506583506583507,37668,1656465.3092305427,783.3103448275862,12.41581466138542,1.0315251033701929e-06,972.7679667884009,0.0,0.0,0.0,0.0,0.0,0.0,0.0,0.0,0.0,0.0,0.0,unchanged
weth_usdc_3000,2026_01,weth_usdc_3000_month_24280052_24287251_w21,WETH,87.00301739835774,normal,0.5,5.033015319116504e-06,862,86580,34,0,29,34,0.0,-9.884178877073825,0.0,0.0,233.63794802244666,210.36290634391037,0.5753314209448318,0.43506583506583507,37668,1656465.3092305427,783.3103448275862,14.83162932277084,1.0315251033701929e-06,972.7679667884009,0.0,0.0,0.0,0.0,0.0,0.0,0.0,0.0,0.0,0.0,0.0,unchanged
weth_usdc_3000,2026_01,weth_usdc_3000_month_24280052_24287251_w21,WETH,87.00301739835774,normal,1.0,5.033015319116504e-06,862,86580,34,0,29,34,0.0,-9.884178877073825,0.0,0.0,233.63794802244666,210.36290634391037,0.5753314209448318,0.43506583506583507,37668,1656465.3092305427,783.3103448275862,19.66325864554168,1.0315251033701929e-06,972.7679667884009,0.0,0.0,0.0,0.0,0.0,0.0,0.0,0.0,0.0,0.0,0.0,unchanged
weth_usdc_3000,2026_01,weth_usdc_3000_month_24280052_24287251_w21,WETH,87.00301739835774,normal,2.0,5.033015319116504e-06,862,86580,34,0,29,34,0.0,-9.884178877073825,0.0,0.0,233.63794802244666,210.36290634391037,0.5753314209448318,0.43506583506583507,37668,1656465.3092305427,783.3103448275862,29.326517291083363,1.0315251033701929e-06,972.7679667884009,0.0,0.0,0.0,0.0,0.0,0.0,0.0,0.0,0.0,0.0,0.0,unchanged
weth_usdc_3000,2026_01,weth_usdc_3000_month_24352052_24358292_w31,WETH,161.45959979642197,stress,0.0,5.59200619839333e-06,873,75036,39,0,31,39,0.0,-11.036397184130758,0.0,0.0,379.2464262171812,353.69534748534323,0.5680653134077338,0.4620182312490005,34668,1739904.4107345382,713.4193548387096,10.0,2.8838901726947965e-06,1512.1154261664724,0.0,0.0,0.0,0.0,0.0,0.0,0.0,0.0,0.0,0.0,0.0,unchanged
weth_usdc_3000,2026_01,weth_usdc_3000_month_24352052_24358292_w31,WETH,161.45959979642197,stress,0.25,5.59200619839333e-06,873,75036,39,0,31,39,0.0,-11.036397184130758,0.0,0.0,379.2464262171812,353.69534748534323,0.5680653134077338,0.4620182312490005,34668,1739904.4107345382,713.4193548387096,13.992156571339132,2.8838901726947965e-06,1512.1154261664724,0.0,0.0,0.0,0.0,0.0,0.0,0.0,0.0,0.0,0.0,0.0,unchanged
weth_usdc_3000,2026_01,weth_usdc_3000_month_24352052_24358292_w31,WETH,161.45959979642197,stress,0.5,5.59200619839333e-06,873,75036,39,0,31,39,0.0,-11.036397184130758,0.0,0.0,379.2464262171812,353.69534748534323,0.5680653134077338,0.4620182312490005,34668,1739904.4107345382,713.4193548387096,17.984313142678264,2.8838901726947965e-06,1512.1154261664724,0.0,0.0,0.0,0.0,0.0,0.0,0.0,0.0,0.0,0.0,0.0,unchanged
weth_usdc_3000,2026_01,weth_usdc_3000_month_24352052_24358292_w31,WETH,161.45959979642197,stress,1.0,5.59200619839333e-06,873,75036,39,0,31,39,0.0,-11.036397184130758,0.0,0.0,379.2464262171812,353.69534748534323,0.5680653134077338,0.4620182312490005,34668,1739904.4107345382,713.4193548387096,25.968626285356525,2.8838901726947965e-06,1512.1154261664724,0.0,0.0,0.0,0.0,0.0,0.0,0.0,0.0,0.0,0.0,0.0,unchanged
weth_usdc_3000,2026_01,weth_usdc_3000_month_24352052_24358292_w31,WETH,161.45959979642197,stress,2.0,5.59200619839333e-06,873,75036,39,0,31,39,0.0,-11.036397184130758,0.0,0.0,379.2464262171812,353.69534748534323,0.5680653134077338,0.4620182312490005,34668,1739904.4107345382,713.4193548387096,41.93725257071305,2.8838901726947965e-06,1512.1154261664724,0.0,0.0,0.0,0.0,0.0,0.0,0.0,0.0,0.0,0.0,0.0,unchanged
weth_usdc_3000,2026_02,weth_usdc_3000_month_24358292_24365491_w01,WETH,130.18547930936845,stress,0.0,6.14072879918676e-06,1239,86760,59,0,48,58,0.0,-33.449703322840115,0.0,0.0,1124.8623455061613,1045.0731655529155,0.580773942752129,0.568326417704011,49308,2873131.270208706,709.25,10.0,1.886844873304216e-06,6303.770646218462,0.0,0.0,0.0,0.0,0.0,0.0,0.0,0.0,0.0,0.0,0.0,unchanged
weth_usdc_3000,2026_02,weth_usdc_3000_month_24358292_24365491_w01,WETH,130.18547930936845,stress,0.25,6.14072879918676e-06,1239,86760,59,0,48,58,0.0,-33.449703322840115,0.0,0.0,1124.8623455061613,1045.0731655529155,0.580773942752129,0.568326417704011,49308,2873131.270208706,709.25,13.36643888475562,1.886844873304216e-06,6303.770646218462,0.0,0.0,0.0,0.0,0.0,0.0,0.0,0.0,0.0,0.0,0.0,unchanged
weth_usdc_3000,2026_02,weth_usdc_3000_month_24358292_24365491_w01,WETH,130.18547930936845,stress,0.5,6.14072879918676e-06,1239,86760,59,0,48,58,0.0,-33.449703322840115,0.0,0.0,1124.8623455061613,1045.0731655529155,0.580773942752129,0.568326417704011,49308,2873131.270208706,709.25,16.73287776951124,1.886844873304216e-06,6303.770646218462,0.0,0.0,0.0,0.0,0.0,0.0,0.0,0.0,0.0,0.0,0.0,unchanged
weth_usdc_3000,2026_02,weth_usdc_3000_month_24358292_24365491_w01,WETH,130.18547930936845,stress,1.0,6.14072879918676e-06,1239,86760,59,0,48,58,0.0,-33.449703322840115,0.0,0.0,1124.8623455061613,1045.0731655529155,0.580773942752129,0.568326417704011,49308,2873131.270208706,709.25,23.465755539022485,1.886844873304216e-06,6303.770646218462,0.0,0.0,0.0,0.0,0.0,0.0,0.0,0.0,0.0,0.0,0.0,unchanged
weth_usdc_3000,2026_02,weth_usdc_3000_month_24358292_24365491_w01,WETH,130.18547930936845,stress,2.0,6.14072879918676e-06,1239,86760,59,0,48,58,0.0,-33.449703322840115,0.0,0.0,1124.8623455061613,1045.0731655529155,0.580773942752129,0.568326417704011,49308,2873131.270208706,709.25,36.93151107804497,1.886844873304216e-06,6303.770646218462,0.0,0.0,0.0,0.0,0.0,0.0,0.0,0.0,0.0,0.0,0.0,unchanged
weth_usdc_3000,2026_02,weth_usdc_3000_month_24423092_24430291_w10,WETH,78.11849342554767,normal,0.0,7.484093308082999e-06,660,86628,35,0,25,35,0.0,-6.286839569270098,0.0,0.0,153.38144746349587,139.19693486201538,0.5567814174585097,0.3711040310292284,32148,1649214.5183428118,781.92,10.0,1.3952216367139123e-06,1299.5636256087225,0.0,0.0,0.0,0.0,0.0,0.0,0.0,0.0,0.0,0.0,0.0,unchanged
weth_usdc_3000,2026_02,weth_usdc_3000_month_24423092_24430291_w10,WETH,78.11849342554767,normal,0.25,7.484093308082999e-06,660,86628,35,0,25,35,0.0,-6.286839569270098,0.0,0.0,153.38144746349587,139.19693486201538,0.5567814174585097,0.3711040310292284,32148,1649214.5183428118,781.92,12.898178467215226,1.3952216367139123e-06,1299.5636256087225,0.0,0.0,0.0,0.0,0.0,0.0,0.0,0.0,0.0,0.0,0.0,unchanged
weth_usdc_3000,2026_02,weth_usdc_3000_month_24423092_24430291_w10,WETH,78.11849342554767,normal,0.5,7.484093308082999e-06,660,86628,35,0,25,35,0.0,-6.286839569270098,0.0,0.0,153.38144746349587,139.19693486201538,0.5567814174585097,0.3711040310292284,32148,1649214.5183428118,781.92,15.796356934430452,1.3952216367139123e-06,1299.5636256087225,0.0,0.0,0.0,0.0,0.0,0.0,0.0,0.0,0.0,0.0,0.0,unchanged
weth_usdc_3000,2026_02,weth_usdc_3000_month_24423092_24430291_w10,WETH,78.11849342554767,normal,1.0,7.484093308082999e-06,660,86628,35,0,25,35,0.0,-6.286839569270098,0.0,0.0,153.38144746349587,139.19693486201538,0.5567814174585097,0.3711040310292284,32148,1649214.5183428118,781.92,21.592713868860905,1.3952216367139123e-06,1299.5636256087225,0.0,0.0,0.0,0.0,0.0,0.0,0.0,0.0,0.0,0.0,0.0,unchanged
weth_usdc_3000,2026_02,weth_usdc_3000_month_24423092_24430291_w10,WETH,78.11849342554767,normal,2.0,7.484093308082999e-06,660,86628,35,0,25,35,0.0,-6.286839569270098,0.0,0.0,153.38144746349587,139.19693486201538,0.5567814174585097,0.3711040310292284,32148,1649214.5183428118,781.92,33.18542773772181,1.3952216367139123e-06,1299.5636256087225,0.0,0.0,0.0,0.0,0.0,0.0,0.0,0.0,0.0,0.0,0.0,unchanged
weth_usdc_3000,2026_02,weth_usdc_3000_month_24487892_24495091_w19,WETH,65.98024051063557,normal,0.0,7.565042249883854e-06,610,86556,31,0,20,31,0.0,-1.333931881354616,0.0,0.0,30.348017009201218,26.47952202120464,0.6551806618611044,0.4846804380978788,41952,1341647.7340931792,880.8,10.0,7.58343773206164e-07,2349.9767428256623,0.0,0.0,0.0,0.0,0.0,0.0,0.0,0.0,0.0,0.0,0.0,unchanged
weth_usdc_3000,2026_02,weth_usdc_3000_month_24487892_24495091_w19,WETH,65.98024051063557,normal,0.25,7.565042249883854e-06,610,86556,31,0,20,31,0.0,-1.333931881354616,0.0,0.0,30.348017009201218,26.47952202120464,0.6551806618611044,0.4846804380978788,41952,1341647.7340931792,880.8,12.069181537552602,7.58343773206164e-07,2349.9767428256623,0.0,0.0,0.0,0.0,0.0,0.0,0.0,0.0,0.0,0.0,0.0,unchanged
weth_usdc_3000,2026_02,weth_usdc_3000_month_24487892_24495091_w19,WETH,65.98024051063557,normal,0.5,7.565042249883854e-06,610,86556,31,0,20,31,0.0,-1.333931881354616,0.0,0.0,30.348017009201218,26.47952202120464,0.6551806618611044,0.4846804380978788,41952,1341647.7340931792,880.8,14.138363075105206,7.58343773206164e-07,2349.9767428256623,0.0,0.0,0.0,0.0,0.0,0.0,0.0,0.0,0.0,0.0,0.0,unchanged
weth_usdc_3000,2026_02,weth_usdc_3000_month_24487892_24495091_w19,WETH,65.98024051063557,normal,1.0,7.565042249883854e-06,610,86556,31,0,20,31,0.0,-1.333931881354616,0.0,0.0,30.348017009201218,26.47952202120464,0.6551806618611044,0.4846804380978788,41952,1341647.7340931792,880.8,18.276726150210408,7.58343773206164e-07,2349.9767428256623,0.0,0.0,0.0,0.0,0.0,0.0,0.0,0.0,0.0,0.0,0.0,unchanged
weth_usdc_3000,2026_02,weth_usdc_3000_month_24487892_24495091_w19,WETH,65.98024051063557,normal,2.0,7.565042249883854e-06,610,86556,31,0,20,31,0.0,-1.333931881354616,0.0,0.0,30.348017009201218,26.47952202120464,0.6551806618611044,0.4846804380978788,41952,1341647.7340931792,880.8,26.55345230042082,7.58343773206164e-07,2349.9767428256623,0.0,0.0,0.0,0.0,0.0,0.0,0.0,0.0,0.0,0.0,0.0,unchanged
weth_usdc_3000,2026_02,weth_usdc_3000_month_24552692_24558867_w28,WETH,93.16460137003169,normal,0.0,8.153603439135134e-06,744,73656,34,0,30,34,0.0,-6.818623043731729,0.0,0.0,243.93655415704998,227.7928489077811,0.5776296123815481,0.46236559139784944,34056,2030412.3023848827,828.4,10.0,1.9019126498091102e-06,16985.833598687273,0.0,0.0,0.0,0.0,0.0,0.0,0.0,0.0,0.0,0.0,0.0,unchanged
weth_usdc_3000,2026_02,weth_usdc_3000_month_24552692_24558867_w28,WETH,93.16460137003169,normal,0.25,8.153603439135134e-06,744,73656,34,0,30,34,0.0,-6.818623043731729,0.0,0.0,243.93655415704998,227.7928489077811,0.5776296123815481,0.46236559139784944,34056,2030412.3023848827,828.4,13.409307850293388,1.9019126498091102e-06,16985.833598687273,0.0,0.0,0.0,0.0,0.0,0.0,0.0,0.0,0.0,0.0,0.0,unchanged
weth_usdc_3000,2026_02,weth_usdc_3000_month_24552692_24558867_w28,WETH,93.16460137003169,normal,0.5,8.153603439135134e-06,744,73656,34,0,30,34,0.0,-6.818623043731729,0.0,0.0,243.93655415704998,227.7928489077811,0.5776296123815481,0.46236559139784944,34056,2030412.3023848827,828.4,16.818615700586776,1.9019126498091102e-06,16985.833598687273,0.0,0.0,0.0,0.0,0.0,0.0,0.0,0.0,0.0,0.0,0.0,unchanged
weth_usdc_3000,2026_02,weth_usdc_3000_month_24552692_24558867_w28,WETH,93.16460137003169,normal,1.0,8.153603439135134e-06,744,73656,34,0,30,34,0.0,-6.818623043731729,0.0,0.0,243.93655415704998,227.7928489077811,0.5776296123815481,0.46236559139784944,34056,2030412.3023848827,828.4,23.637231401173548,1.9019126498091102e-06,16985.833598687273,0.0,0.0,0.0,0.0,0.0,0.0,0.0,0.0,0.0,0.0,0.0,unchanged
weth_usdc_3000,2026_02,weth_usdc_3000_month_24552692_24558867_w28,WETH,93.16460137003169,normal,2.0,8.153603439135134e-06,744,73656,34,0,30,34,0.0,-6.818623043731729,0.0,0.0,243.93655415704998,227.7928489077811,0.5776296123815481,0.46236559139784944,34056,2030412.3023848827,828.4,37.274462802347095,1.9019126498091102e-06,16985.833598687273,0.0,0.0,0.0,0.0,0.0,0.0,0.0,0.0,0.0,0.0,0.0,unchanged
weth_usdc_3000,2026_03,weth_usdc_3000_month_24558867_24566066_w01,WETH,98.65974543944763,normal,0.0,7.645810547811465e-06,784,86256,42,0,32,42,0.0,-5.770152852294023,0.0,0.0,190.0604122043606,175.86902442790355,0.5934046096699237,0.5393711741791876,46524,2154474.928451862,842.25,10.0,1.7475577176641876e-06,1167.4813260670294,0.0,0.0,0.0,0.0,0.0,0.0,0.0,0.0,0.0,0.0,0.0,unchanged
weth_usdc_3000,2026_03,weth_usdc_3000_month_24558867_24566066_w01,WETH,98.65974543944763,normal,0.25,7.645810547811465e-06,784,86256,42,0,32,42,0.0,-5.770152852294023,0.0,0.0,190.0604122043606,175.86902442790355,0.5934046096699237,0.5393711741791876,46524,2154474.928451862,842.25,13.266387164807522,1.7475577176641876e-06,1167.4813260670294,0.0,0.0,0.0,0.0,0.0,0.0,0.0,0.0,0.0,0.0,0.0,unchanged
weth_usdc_3000,2026_03,weth_usdc_3000_month_24558867_24566066_w01,WETH,98.65974543944763,normal,0.5,7.645810547811465e-06,784,86256,42,0,32,42,0.0,-5.770152852294023,0.0,0.0,190.0604122043606,175.86902442790355,0.5934046096699237,0.5393711741791876,46524,2154474.928451862,842.25,16.532774329615044,1.7475577176641876e-06,1167.4813260670294,0.0,0.0,0.0,0.0,0.0,0.0,0.0,0.0,0.0,0.0,0.0,unchanged
weth_usdc_3000,2026_03,weth_usdc_3000_month_24558867_24566066_w01,WETH,98.65974543944763,normal,1.0,7.645810547811465e-06,784,86256,42,0,32,42,0.0,-5.770152852294023,0.0,0.0,190.0604122043606,175.86902442790355,0.5934046096699237,0.5393711741791876,46524,2154474.928451862,842.25,23.06554865923009,1.7475577176641876e-06,1167.4813260670294,0.0,0.0,0.0,0.0,0.0,0.0,0.0,0.0,0.0,0.0,0.0,unchanged
weth_usdc_3000,2026_03,weth_usdc_3000_month_24558867_24566066_w01,WETH,98.65974543944763,normal,2.0,7.645810547811465e-06,784,86256,42,0,32,42,0.0,-5.770152852294023,0.0,0.0,190.0604122043606,175.86902442790355,0.5934046096699237,0.5393711741791876,46524,2154474.928451862,842.25,36.13109731846018,1.7475577176641876e-06,1167.4813260670294,0.0,0.0,0.0,0.0,0.0,0.0,0.0,0.0,0.0,0.0,0.0,unchanged
weth_usdc_3000,2026_03,weth_usdc_3000_month_24630867_24638066_w11,WETH,73.8775276702439,normal,0.0,7.417657446654105e-06,510,85248,29,0,27,29,0.0,-2.204731909955104,0.0,0.0,46.90874692871154,40.71480828143662,0.6440500890455064,0.3721846846846847,31728,1444367.8087569575,901.7777777777778,10.0,1.0425160227860388e-06,2260.7926727512086,0.0,0.0,0.0,0.0,0.0,0.0,0.0,0.0,0.0,0.0,0.0,unchanged
weth_usdc_3000,2026_03,weth_usdc_3000_month_24630867_24638066_w11,WETH,73.8775276702439,normal,0.25,7.417657446654105e-06,510,85248,29,0,27,29,0.0,-2.204731909955104,0.0,0.0,46.90874692871154,40.71480828143662,0.6440500890455064,0.3721846846846847,31728,1444367.8087569575,901.7777777777778,12.512606732853754,1.0425160227860388e-06,2260.7926727512086,0.0,0.0,0.0,0.0,0.0,0.0,0.0,0.0,0.0,0.0,0.0,unchanged
weth_usdc_3000,2026_03,weth_usdc_3000_month_24630867_24638066_w11,WETH,73.8775276702439,normal,0.5,7.417657446654105e-06,510,85248,29,0,27,29,0.0,-2.204731909955104,0.0,0.0,46.90874692871154,40.71480828143662,0.6440500890455064,0.3721846846846847,31728,1444367.8087569575,901.7777777777778,15.025213465707509,1.0425160227860388e-06,2260.7926727512086,0.0,0.0,0.0,0.0,0.0,0.0,0.0,0.0,0.0,0.0,0.0,unchanged
weth_usdc_3000,2026_03,weth_usdc_3000_month_24630867_24638066_w11,WETH,73.8775276702439,normal,1.0,7.417657446654105e-06,510,85248,29,0,27,29,0.0,-2.204731909955104,0.0,0.0,46.90874692871154,40.71480828143662,0.6440500890455064,0.3721846846846847,31728,1444367.8087569575,901.7777777777778,20.050426931415018,1.0425160227860388e-06,2260.7926727512086,0.0,0.0,0.0,0.0,0.0,0.0,0.0,0.0,0.0,0.0,0.0,unchanged
weth_usdc_3000,2026_03,weth_usdc_3000_month_24630867_24638066_w11,WETH,73.8775276702439,normal,2.0,7.417657446654105e-06,510,85248,29,0,27,29,0.0,-2.204731909955104,0.0,0.0,46.90874692871154,40.71480828143662,0.6440500890455064,0.3721846846846847,31728,1444367.8087569575,901.7777777777778,30.100853862830032,1.0425160227860388e-06,2260.7926727512086,0.0,0.0,0.0,0.0,0.0,0.0,0.0,0.0,0.0,0.0,0.0,unchanged
weth_usdc_3000,2026_03,weth_usdc_3000_month_24702867_24710066_w21,WETH,58.22496001370979,normal,0.0,6.96571279722288e-06,303,86316,21,0,10,21,0.0,-4.16987124411129,0.0,0.0,85.53896933935775,76.14111247949819,0.5562955143611745,0.6097594883914917,52632,798523.2401933664,873.6,10.0,1.5095768552166776e-07,4083.6331189259595,0.0,0.0,0.0,0.0,0.0,0.0,0.0,0.0,0.0,0.0,0.0,unchanged
weth_usdc_3000,2026_03,weth_usdc_3000_month_24702867_24710066_w21,WETH,58.22496001370979,normal,0.25,6.96571279722288e-06,303,86316,21,0,10,21,0.0,-4.16987124411129,0.0,0.0,85.53896933935775,76.14111247949819,0.5562955143611745,0.6097594883914917,52632,798523.2401933664,873.6,10.844029726341557,1.5095768552166776e-07,4083.6331189259595,0.0,0.0,0.0,0.0,0.0,0.0,0.0,0.0,0.0,0.0,0.0,unchanged
weth_usdc_3000,2026_03,weth_usdc_3000_month_24702867_24710066_w21,WETH,58.22496001370979,normal,0.5,6.96571279722288e-06,303,86316,21,0,10,21,0.0,-4.16987124411129,0.0,0.0,85.53896933935775,76.14111247949819,0.5562955143611745,0.6097594883914917,52632,798523.2401933664,873.6,11.688059452683113,1.5095768552166776e-07,4083.6331189259595,0.0,0.0,0.0,0.0,0.0,0.0,0.0,0.0,0.0,0.0,0.0,unchanged
weth_usdc_3000,2026_03,weth_usdc_3000_month_24702867_24710066_w21,WETH,58.22496001370979,normal,1.0,6.96571279722288e-06,303,86316,21,0,10,21,0.0,-4.16987124411129,0.0,0.0,85.53896933935775,76.14111247949819,0.5562955143611745,0.6097594883914917,52632,798523.2401933664,873.6,13.376118905366226,1.5095768552166776e-07,4083.6331189259595,0.0,0.0,0.0,0.0,0.0,0.0,0.0,0.0,0.0,0.0,0.0,unchanged
weth_usdc_3000,2026_03,weth_usdc_3000_month_24702867_24710066_w21,WETH,58.22496001370979,normal,2.0,6.96571279722288e-06,303,86316,21,0,10,21,0.0,-4.16987124411129,0.0,0.0,85.53896933935775,76.14111247949819,0.5562955143611745,0.6097594883914917,52632,798523.2401933664,873.6,16.752237810732453,1.5095768552166776e-07,4083.6331189259595,0.0,0.0,0.0,0.0,0.0,0.0,0.0,0.0,0.0,0.0,0.0,unchanged
weth_usdc_3000,2026_03,weth_usdc_3000_month_24774867_24781026_w31,WETH,73.24097528132452,normal,0.0,7.291763443738485e-06,544,74220,37,0,24,37,0.0,-3.3251638358482265,0.0,0.0,69.90963226038784,61.122088099471554,0.6216048790244133,0.477445432497979,35436,1607780.3463490128,909.5,10.0,1.100841776032323e-06,658.4607227409181,0.0,0.0,0.0,0.0,0.0,0.0,0.0,0.0,0.0,0.0,0.0,unchanged
weth_usdc_3000,2026_03,weth_usdc_3000_month_24774867_24781026_w31,WETH,73.24097528132452,normal,0.25,7.291763443738485e-06,544,74220,37,0,24,37,0.0,-3.3251638358482265,0.0,0.0,69.90963226038784,61.122088099471554,0.6216048790244133,0.477445432497979,35436,1607780.3463490128,909.5,12.604740541876193,1.100841776032323e-06,658.4607227409181,0.0,0.0,0.0,0.0,0.0,0.0,0.0,0.0,0.0,0.0,0.0,unchanged
weth_usdc_3000,2026_03,weth_usdc_3000_month_24774867_24781026_w31,WETH,73.24097528132452,normal,0.5,7.291763443738485e-06,544,74220,37,0,24,37,0.0,-3.3251638358482265,0.0,0.0,69.90963226038784,61.122088099471554,0.6216048790244133,0.477445432497979,35436,1607780.3463490128,909.5,15.209481083752387,1.100841776032323e-06,658.4607227409181,0.0,0.0,0.0,0.0,0.0,0.0,0.0,0.0,0.0,0.0,0.0,unchanged
weth_usdc_3000,2026_03,weth_usdc_3000_month_24774867_24781026_w31,WETH,73.24097528132452,normal,1.0,7.291763443738485e-06,544,74220,37,0,24,37,0.0,-3.3251638358482265,0.0,0.0,69.90963226038784,61.122088099471554,0.6216048790244133,0.477445432497979,35436,1607780.3463490128,909.5,20.418962167504773,1.100841776032323e-06,658.4607227409181,0.0,0.0,0.0,0.0,0.0,0.0,0.0,0.0,0.0,0.0,0.0,unchanged
weth_usdc_3000,2026_03,weth_usdc_3000_month_24774867_24781026_w31,WETH,73.24097528132452,normal,2.0,7.291763443738485e-06,544,74220,37,0,24,37,0.0,-3.3251638358482265,0.0,0.0,69.90963226038784,61.122088099471554,0.6216048790244133,0.477445432497979,35436,1607780.3463490128,909.5,30.837924335009543,1.100841776032323e-06,658.4607227409181,0.0,0.0,0.0,0.0,0.0,0.0,0.0,0.0,0.0,0.0,0.0,unchanged
weth_usdc_3000,2026_04,weth_usdc_3000_month_24781026_24788225_w01,WETH,50.35357383741764,normal,0.0,7.121169533866305e-06,624,86448,37,0,28,37,0.0,-1.526425515561218,0.0,0.0,33.355413413324754,28.33819420049291,0.6957626424499668,0.496529705719045,42924,1380804.2476461541,877.2857142857143,10.0,4.638295339438537e-07,2819.124816443696,0.0,0.0,0.0,0.0,0.0,0.0,0.0,0.0,0.0,0.0,0.0,unchanged
weth_usdc_3000,2026_04,weth_usdc_3000_month_24781026_24788225_w01,WETH,50.35357383741764,normal,0.25,7.121169533866305e-06,624,86448,37,0,28,37,0.0,-1.526425515561218,0.0,0.0,33.355413413324754,28.33819420049291,0.6957626424499668,0.496529705719045,42924,1380804.2476461541,877.2857142857143,11.66834362725622,4.638295339438537e-07,2819.124816443696,0.0,0.0,0.0,0.0,0.0,0.0,0.0,0.0,0.0,0.0,0.0,unchanged
weth_usdc_3000,2026_04,weth_usdc_3000_month_24781026_24788225_w01,WETH,50.35357383741764,normal,0.5,7.121169533866305e-06,624,86448,37,0,28,37,0.0,-1.526425515561218,0.0,0.0,33.355413413324754,28.33819420049291,0.6957626424499668,0.496529705719045,42924,1380804.2476461541,877.2857142857143,13.336687254512439,4.638295339438537e-07,2819.124816443696,0.0,0.0,0.0,0.0,0.0,0.0,0.0,0.0,0.0,0.0,0.0,unchanged
weth_usdc_3000,2026_04,weth_usdc_3000_month_24781026_24788225_w01,WETH,50.35357383741764,normal,1.0,7.121169533866305e-06,624,86448,37,0,28,37,0.0,-1.526425515561218,0.0,0.0,33.355413413324754,28.33819420049291,0.6957626424499668,0.496529705719045,42924,1380804.2476461541,877.2857142857143,16.673374509024878,4.638295339438537e-07,2819.124816443696,0.0,0.0,0.0,0.0,0.0,0.0,0.0,0.0,0.0,0.0,0.0,unchanged
weth_usdc_3000,2026_04,weth_usdc_3000_month_24781026_24788225_w01,WETH,50.35357383741764,normal,2.0,7.121169533866305e-06,624,86448,37,0,28,37,0.0,-1.526425515561218,0.0,0.0,33.355413413324754,28.33819420049291,0.6957626424499668,0.496529705719045,42924,1380804.2476461541,877.2857142857143,23.346749018049756,4.638295339438537e-07,2819.124816443696,0.0,0.0,0.0,0.0,0.0,0.0,0.0,0.0,0.0,0.0,0.0,unchanged
weth_usdc_3000,2026_04,weth_usdc_3000_month_24853026_24860225_w11,WETH,48.45291006552886,normal,0.0,6.71652219082632e-06,370,85896,21,0,11,20,0.0,-1.9547766407221108,0.0,0.0,25.587040583603383,20.579923158902012,0.6096003998071412,0.48672813635093604,41808,840453.2986172265,1015.6363636363636,10.0,3.7903813026570384e-07,3133.2978064150607,0.0,0.0,0.0,0.0,0.0,0.0,0.0,0.0,0.0,0.0,0.0,unchanged
weth_usdc_3000,2026_04,weth_usdc_3000_month_24853026_24860225_w11,WETH,48.45291006552886,normal,0.25,6.71652219082632e-06,370,85896,21,0,11,20,0.0,-1.9547766407221108,0.0,0.0,25.587040583603383,20.579923158902012,0.6096003998071412,0.48672813635093604,41808,840453.2986172265,1015.6363636363636,11.432396988795002,3.7903813026570384e-07,3133.2978064150607,0.0,0.0,0.0,0.0,0.0,0.0,0.0,0.0,0.0,0.0,0.0,unchanged
weth_usdc_3000,2026_04,weth_usdc_3000_month_24853026_24860225_w11,WETH,48.45291006552886,normal,0.5,6.71652219082632e-06,370,85896,21,0,11,20,0.0,-1.9547766407221108,0.0,0.0,25.587040583603383,20.579923158902012,0.6096003998071412,0.48672813635093604,41808,840453.2986172265,1015.6363636363636,12.864793977590004,3.7903813026570384e-07,3133.2978064150607,0.0,0.0,0.0,0.0,0.0,0.0,0.0,0.0,0.0,0.0,0.0,unchanged
weth_usdc_3000,2026_04,weth_usdc_3000_month_24853026_24860225_w11,WETH,48.45291006552886,normal,1.0,6.71652219082632e-06,370,85896,21,0,11,20,0.0,-1.9547766407221108,0.0,0.0,25.587040583603383,20.579923158902012,0.6096003998071412,0.48672813635093604,41808,840453.2986172265,1015.6363636363636,15.729587955180008,3.7903813026570384e-07,3133.2978064150607,0.0,0.0,0.0,0.0,0.0,0.0,0.0,0.0,0.0,0.0,0.0,unchanged
weth_usdc_3000,2026_04,weth_usdc_3000_month_24853026_24860225_w11,WETH,48.45291006552886,normal,2.0,6.71652219082632e-06,370,85896,21,0,11,20,0.0,-1.9547766407221108,0.0,0.0,25.587040583603383,20.579923158902012,0.6096003998071412,0.48672813635093604,41808,840453.2986172265,1015.6363636363636,21.459175910360017,3.7903813026570384e-07,3133.2978064150607,0.0,0.0,0.0,0.0,0.0,0.0,0.0,0.0,0.0,0.0,0.0,unchanged
weth_usdc_3000,2026_04,weth_usdc_3000_month_24917826_24925025_w20,WETH,57.34814940043928,normal,0.0,6.56446988193384e-06,593,86388,29,0,21,29,0.0,-1.5972898173641483,0.0,0.0,61.03997549847906,56.18514117411534,0.6709898400964508,0.38241422419780524,33036,1029673.676522529,786.2857142857143,10.0,1.017763847327118e-06,4795.993013736879,0.0,0.0,0.0,0.0,0.0,0.0,0.0,0.0,0.0,0.0,0.0,unchanged
weth_usdc_3000,2026_04,weth_usdc_3000_month_24917826_24925025_w20,WETH,57.34814940043928,normal,0.25,6.56446988193384e-06,593,86388,29,0,21,29,0.0,-1.5972898173641483,0.0,0.0,61.03997549847906,56.18514117411534,0.6709898400964508,0.38241422419780524,33036,1029673.676522529,786.2857142857143,12.449057355408145,1.017763847327118e-06,4795.993013736879,0.0,0.0,0.0,0.0,0.0,0.0,0.0,0.0,0.0,0.0,0.0,unchanged
weth_usdc_3000,2026_04,weth_usdc_3000_month_24917826_24925025_w20,WETH,57.34814940043928,normal,0.5,6.56446988193384e-06,593,86388,29,0,21,29,0.0,-1.5972898173641483,0.0,0.0,61.03997549847906,56.18514117411534,0.6709898400964508,0.38241422419780524,33036,1029673.676522529,786.2857142857143,14.89811471081629,1.017763847327118e-06,4795.993013736879,0.0,0.0,0.0,0.0,0.0,0.0,0.0,0.0,0.0,0.0,0.0,unchanged
weth_usdc_3000,2026_04,weth_usdc_3000_month_24917826_24925025_w20,WETH,57.34814940043928,normal,1.0,6.56446988193384e-06,593,86388,29,0,21,29,0.0,-1.5972898173641483,0.0,0.0,61.03997549847906,56.18514117411534,0.6709898400964508,0.38241422419780524,33036,1029673.676522529,786.2857142857143,19.79622942163258,1.017763847327118e-06,4795.993013736879,0.0,0.0,0.0,0.0,0.0,0.0,0.0,0.0,0.0,0.0,0.0,unchanged
weth_usdc_3000,2026_04,weth_usdc_3000_month_24917826_24925025_w20,WETH,57.34814940043928,normal,2.0,6.56446988193384e-06,593,86388,29,0,21,29,0.0,-1.5972898173641483,0.0,0.0,61.03997549847906,56.18514117411534,0.6709898400964508,0.38241422419780524,33036,1029673.676522529,786.2857142857143,29.59245884326516,1.017763847327118e-06,4795.993013736879,0.0,0.0,0.0,0.0,0.0,0.0,0.0,0.0,0.0,0.0,0.0,unchanged
weth_usdc_3000,2026_04,weth_usdc_3000_month_24989826_24996367_w30,WETH,47.54698246742872,normal,0.0,6.671784738158145e-06,467,78480,23,0,14,22,0.0,-1.1550853835717207,0.0,0.0,23.523514840912153,19.98695342003952,0.6733874387832042,0.44250764525993885,34728,758819.2751317183,926.5714285714286,10.0,5.498179098933607e-07,2328.8204752141314,0.0,0.0,0.0,0.0,0.0,0.0,0.0,0.0,0.0,0.0,0.0,unchanged
weth_usdc_3000,2026_04,weth_usdc_3000_month_24989826_24996367_w30,WETH,47.54698246742872,normal,0.25,6.671784738158145e-06,467,78480,23,0,14,22,0.0,-1.1550853835717207,0.0,0.0,23.523514840912153,19.98695342003952,0.6733874387832042,0.44250764525993885,34728,758819.2751317183,926.5714285714286,11.772745444613072,5.498179098933607e-07,2328.8204752141314,0.0,0.0,0.0,0.0,0.0,0.0,0.0,0.0,0.0,0.0,0.0,unchanged
weth_usdc_3000,2026_04,weth_usdc_3000_month_24989826_24996367_w30,WETH,47.54698246742872,normal,0.5,6.671784738158145e-06,467,78480,23,0,14,22,0.0,-1.1550853835717207,0.0,0.0,23.523514840912153,19.98695342003952,0.6733874387832042,0.44250764525993885,34728,758819.2751317183,926.5714285714286,13.545490889226143,5.498179098933607e-07,2328.8204752141314,0.0,0.0,0.0,0.0,0.0,0.0,0.0,0.0,0.0,0.0,0.0,unchanged
weth_usdc_3000,2026_04,weth_usdc_3000_month_24989826_24996367_w30,WETH,47.54698246742872,normal,1.0,6.671784738158145e-06,467,78480,23,0,14,22,0.0,-1.1550853835717207,0.0,0.0,23.523514840912153,19.98695342003952,0.6733874387832042,0.44250764525993885,34728,758819.2751317183,926.5714285714286,17.090981778452285,5.498179098933607e-07,2328.8204752141314,0.0,0.0,0.0,0.0,0.0,0.0,0.0,0.0,0.0,0.0,0.0,unchanged
weth_usdc_3000,2026_04,weth_usdc_3000_month_24989826_24996367_w30,WETH,47.54698246742872,normal,2.0,6.671784738158145e-06,467,78480,23,0,14,22,0.0,-1.1550853835717207,0.0,0.0,23.523514840912153,19.98695342003952,0.6733874387832042,0.44250764525993885,34728,758819.2751317183,926.5714285714286,24.181963556904574,5.498179098933607e-07,2328.8204752141314,0.0,0.0,0.0,0.0,0.0,0.0,0.0,0.0,0.0,0.0,0.0,unchanged
weth_usdc_3000,2026_05,weth_usdc_3000_month_24996367_25003566_w01,WETH,38.99889769671367,normal,0.0,6.64500430579635e-06,325,85368,28,0,15,28,0.0,-1.0822330861612541,0.0,0.0,22.451000658228423,18.930432269865932,0.6925970562768619,0.6360697216755693,54300,1058899.3808123968,983.2,10.0,2.453503907516604e-07,2093.752494694884,0.0,0.0,0.0,0.0,0.0,0.0,0.0,0.0,0.0,0.0,0.0,unchanged
weth_usdc_3000,2026_05,weth_usdc_3000_month_24996367_25003566_w01,WETH,38.99889769671367,normal,0.25,6.64500430579635e-06,325,85368,28,0,15,28,0.0,-1.0822330861612541,0.0,0.0,22.451000658228423,18.930432269865932,0.6925970562768619,0.6360697216755693,54300,1058899.3808123968,983.2,11.228714147513413,2.453503907516604e-07,2093.752494694884,0.0,0.0,0.0,0.0,0.0,0.0,0.0,0.0,0.0,0.0,0.0,unchanged
weth_usdc_3000,2026_05,weth_usdc_3000_month_24996367_25003566_w01,WETH,38.99889769671367,normal,0.5,6.64500430579635e-06,325,85368,28,0,15,28,0.0,-1.0822330861612541,0.0,0.0,22.451000658228423,18.930432269865932,0.6925970562768619,0.6360697216755693,54300,1058899.3808123968,983.2,12.457428295026828,2.453503907516604e-07,2093.752494694884,0.0,0.0,0.0,0.0,0.0,0.0,0.0,0.0,0.0,0.0,0.0,unchanged
weth_usdc_3000,2026_05,weth_usdc_3000_month_24996367_25003566_w01,WETH,38.99889769671367,normal,1.0,6.64500430579635e-06,325,85368,28,0,15,28,0.0,-1.0822330861612541,0.0,0.0,22.451000658228423,18.930432269865932,0.6925970562768619,0.6360697216755693,54300,1058899.3808123968,983.2,14.914856590053656,2.453503907516604e-07,2093.752494694884,0.0,0.0,0.0,0.0,0.0,0.0,0.0,0.0,0.0,0.0,0.0,unchanged
weth_usdc_3000,2026_05,weth_usdc_3000_month_24996367_25003566_w01,WETH,38.99889769671367,normal,2.0,6.64500430579635e-06,325,85368,28,0,15,28,0.0,-1.0822330861612541,0.0,0.0,22.451000658228423,18.930432269865932,0.6925970562768619,0.6360697216755693,54300,1058899.3808123968,983.2,19.829713180107312,2.453503907516604e-07,2093.752494694884,0.0,0.0,0.0,0.0,0.0,0.0,0.0,0.0,0.0,0.0,0.0,unchanged
weth_usdc_3000,2026_05,weth_usdc_3000_month_25068367_25075566_w11,WETH,33.987324036859775,normal,0.0,6.416926960763325e-06,456,86484,18,0,13,18,0.0,-1.2270379541923755,0.0,0.0,17.161850032968612,13.501763802771384,0.6647516268691148,0.45996947412238104,39780,708519.5230305817,1001.5384615384615,10.0,3.1561973440899145e-07,2256.185840072204,0.0,0.0,0.0,0.0,0.0,0.0,0.0,0.0,0.0,0.0,0.0,unchanged
weth_usdc_3000,2026_05,weth_usdc_3000_month_25068367_25075566_w11,WETH,33.987324036859775,normal,0.25,6.416926960763325e-06,456,86484,18,0,13,18,0.0,-1.2270379541923755,0.0,0.0,17.161850032968612,13.501763802771384,0.6647516268691148,0.45996947412238104,39780,708519.5230305817,1001.5384615384615,11.294489613569803,3.1561973440899145e-07,2256.185840072204,0.0,0.0,0.0,0.0,0.0,0.0,0.0,0.0,0.0,0.0,0.0,unchanged
weth_usdc_3000,2026_05,weth_usdc_3000_month_25068367_25075566_w11,WETH,33.987324036859775,normal,0.5,6.416926960763325e-06,456,86484,18,0,13,18,0.0,-1.2270379541923755,0.0,0.0,17.161850032968612,13.501763802771384,0.6647516268691148,0.45996947412238104,39780,708519.5230305817,1001.5384615384615,12.588979227139607,3.1561973440899145e-07,2256.185840072204,0.0,0.0,0.0,0.0,0.0,0.0,0.0,0.0,0.0,0.0,0.0,unchanged
weth_usdc_3000,2026_05,weth_usdc_3000_month_25068367_25075566_w11,WETH,33.987324036859775,normal,1.0,6.416926960763325e-06,456,86484,18,0,13,18,0.0,-1.2270379541923755,0.0,0.0,17.161850032968612,13.501763802771384,0.6647516268691148,0.45996947412238104,39780,708519.5230305817,1001.5384615384615,15.177958454279212,3.1561973440899145e-07,2256.185840072204,0.0,0.0,0.0,0.0,0.0,0.0,0.0,0.0,0.0,0.0,0.0,unchanged
weth_usdc_3000,2026_05,weth_usdc_3000_month_25068367_25075566_w11,WETH,33.987324036859775,normal,2.0,6.416926960763325e-06,456,86484,18,0,13,18,0.0,-1.2270379541923755,0.0,0.0,17.161850032968612,13.501763802771384,0.6647516268691148,0.45996947412238104,39780,708519.5230305817,1001.5384615384615,20.355916908558424,3.1561973440899145e-07,2256.185840072204,0.0,0.0,0.0,0.0,0.0,0.0,0.0,0.0,0.0,0.0,0.0,unchanged
weth_usdc_3000,2026_05,weth_usdc_3000_month_25140367_25147566_w21,WETH,40.48958640985946,normal,0.0,7.029816967111275e-06,395,86268,22,0,16,22,0.0,-0.8577679712387187,0.0,0.0,18.68833322118355,15.850826812526405,0.6977036003789473,0.4004729447767422,34548,737197.5665764571,858.75,10.0,4.648574941054266e-07,3829.8257165672976,0.0,0.0,0.0,0.0,0.0,0.0,0.0,0.0,0.0,0.0,0.0,unchanged
weth_usdc_3000,2026_05,weth_usdc_3000_month_25140367_25147566_w21,WETH,40.48958640985946,normal,0.25,7.029816967111275e-06,395,86268,22,0,16,22,0.0,-0.8577679712387187,0.0,0.0,18.68833322118355,15.850826812526405,0.6977036003789473,0.4004729447767422,34548,737197.5665764571,858.75,11.654155324311034,4.648574941054266e-07,3829.8257165672976,0.0,0.0,0.0,0.0,0.0,0.0,0.0,0.0,0.0,0.0,0.0,unchanged
weth_usdc_3000,2026_05,weth_usdc_3000_month_25140367_25147566_w21,WETH,40.48958640985946,normal,0.5,7.029816967111275e-06,395,86268,22,0,16,22,0.0,-0.8577679712387187,0.0,0.0,18.68833322118355,15.850826812526405,0.6977036003789473,0.4004729447767422,34548,737197.5665764571,858.75,13.308310648622069,4.648574941054266e-07,3829.8257165672976,0.0,0.0,0.0,0.0,0.0,0.0,0.0,0.0,0.0,0.0,0.0,unchanged
weth_usdc_3000,2026_05,weth_usdc_3000_month_25140367_25147566_w21,WETH,40.48958640985946,normal,1.0,7.029816967111275e-06,395,86268,22,0,16,22,0.0,-0.8577679712387187,0.0,0.0,18.68833322118355,15.850826812526405,0.6977036003789473,0.4004729447767422,34548,737197.5665764571,858.75,16.616621297244137,4.648574941054266e-07,3829.8257165672976,0.0,0.0,0.0,0.0,0.0,0.0,0.0,0.0,0.0,0.0,0.0,unchanged
weth_usdc_3000,2026_05,weth_usdc_3000_month_25140367_25147566_w21,WETH,40.48958640985946,normal,2.0,7.029816967111275e-06,395,86268,22,0,16,22,0.0,-0.8577679712387187,0.0,0.0,18.68833322118355,15.850826812526405,0.6977036003789473,0.4004729447767422,34548,737197.5665764571,858.75,23.233242594488274,4.648574941054266e-07,3829.8257165672976,0.0,0.0,0.0,0.0,0.0,0.0,0.0,0.0,0.0,0.0,0.0,unchanged
weth_usdc_3000,2026_05,weth_usdc_3000_month_25212367_25218797_w31,WETH,33.01359622329684,normal,0.0,7.400418332407875e-06,243,76824,23,0,9,23,0.0,-0.1622219675130566,0.0,0.0,3.8458184273158524,3.179560335700503,0.7565178276188019,0.5363948766010622,41208,736788.2063650978,965.3333333333334,10.0,1.8134939419584963e-07,1528.838477130129,0.0,0.0,0.0,0.0,0.0,0.0,0.0,0.0,0.0,0.0,0.0,unchanged
weth_usdc_3000,2026_05,weth_usdc_3000_month_25212367_25218797_w31,WETH,33.01359622329684,normal,0.25,7.400418332407875e-06,243,76824,23,0,9,23,0.0,-0.1622219675130566,0.0,0.0,3.8458184273158524,3.179560335700503,0.7565178276188019,0.5363948766010622,41208,736788.2063650978,965.3333333333334,10.907179287531287,1.8134939419584963e-07,1528.838477130129,0.0,0.0,0.0,0.0,0.0,0.0,0.0,0.0,0.0,0.0,0.0,unchanged
weth_usdc_3000,2026_05,weth_usdc_3000_month_25212367_25218797_w31,WETH,33.01359622329684,normal,0.5,7.400418332407875e-06,243,76824,23,0,9,23,0.0,-0.1622219675130566,0.0,0.0,3.8458184273158524,3.179560335700503,0.7565178276188019,0.5363948766010622,41208,736788.2063650978,965.3333333333334,11.814358575062574,1.8134939419584963e-07,1528.838477130129,0.0,0.0,0.0,0.0,0.0,0.0,0.0,0.0,0.0,0.0,0.0,unchanged
weth_usdc_3000,2026_05,weth_usdc_3000_month_25212367_25218797_w31,WETH,33.01359622329684,normal,1.0,7.400418332407875e-06,243,76824,23,0,9,23,0.0,-0.1622219675130566,0.0,0.0,3.8458184273158524,3.179560335700503,0.7565178276188019,0.5363948766010622,41208,736788.2063650978,965.3333333333334,13.628717150125148,1.8134939419584963e-07,1528.838477130129,0.0,0.0,0.0,0.0,0.0,0.0,0.0,0.0,0.0,0.0,0.0,unchanged
weth_usdc_3000,2026_05,weth_usdc_3000_month_25212367_25218797_w31,WETH,33.01359622329684,normal,2.0,7.400418332407875e-06,243,76824,23,0,9,23,0.0,-0.1622219675130566,0.0,0.0,3.8458184273158524,3.179560335700503,0.7565178276188019,0.5363948766010622,41208,736788.2063650978,965.3333333333334,17.257434300250296,1.8134939419584963e-07,1528.838477130129,0.0,0.0,0.0,0.0,0.0,0.0,0.0,0.0,0.0,0.0,0.0,unchanged
weth_usdc_3000,2026_06,weth_usdc_3000_month_25218797_25225996_w01,WETH,47.18979660450306,normal,0.0,7.5034117011214645e-06,449,86472,30,0,25,30,0.0,-0.8328611252066795,0.0,0.0,19.272147567067783,16.337565124979328,0.7161909260882935,0.4095198445739661,35412,1032124.2731551238,908.64,10.0,4.13089415701071e-07,4870.122236337309,0.0,0.0,0.0,0.0,0.0,0.0,0.0,0.0,0.0,0.0,0.0,unchanged
weth_usdc_3000,2026_06,weth_usdc_3000_month_25218797_25225996_w01,WETH,47.18979660450306,normal,0.25,7.5034117011214645e-06,449,86472,30,0,25,30,0.0,-0.8328611252066795,0.0,0.0,19.272147567067783,16.337565124979328,0.7161909260882935,0.4095198445739661,35412,1032124.2731551238,908.64,11.569493497272608,4.13089415701071e-07,4870.122236337309,0.0,0.0,0.0,0.0,0.0,0.0,0.0,0.0,0.0,0.0,0.0,unchanged
weth_usdc_3000,2026_06,weth_usdc_3000_month_25218797_25225996_w01,WETH,47.18979660450306,normal,0.5,7.5034117011214645e-06,449,86472,30,0,25,30,0.0,-0.8328611252066795,0.0,0.0,19.272147567067783,16.337565124979328,0.7161909260882935,0.4095198445739661,35412,1032124.2731551238,908.64,13.138986994545219,4.13089415701071e-07,4870.122236337309,0.0,0.0,0.0,0.0,0.0,0.0,0.0,0.0,0.0,0.0,0.0,unchanged
weth_usdc_3000,2026_06,weth_usdc_3000_month_25218797_25225996_w01,WETH,47.18979660450306,normal,1.0,7.5034117011214645e-06,449,86472,30,0,25,30,0.0,-0.8328611252066795,0.0,0.0,19.272147567067783,16.337565124979328,0.7161909260882935,0.4095198445739661,35412,1032124.2731551238,908.64,16.277973989090437,4.13089415701071e-07,4870.122236337309,0.0,0.0,0.0,0.0,0.0,0.0,0.0,0.0,0.0,0.0,0.0,unchanged
weth_usdc_3000,2026_06,weth_usdc_3000_month_25218797_25225996_w01,WETH,47.18979660450306,normal,2.0,7.5034117011214645e-06,449,86472,30,0,25,30,0.0,-0.8328611252066795,0.0,0.0,19.272147567067783,16.337565124979328,0.7161909260882935,0.4095198445739661,35412,1032124.2731551238,908.64,22.55594797818087,4.13089415701071e-07,4870.122236337309,0.0,0.0,0.0,0.0,0.0,0.0,0.0,0.0,0.0,0.0,0.0,unchanged
weth_usdc_3000,2026_06,weth_usdc_3000_month_25290797_25297996_w11,WETH,63.6462160360447,normal,0.0,9.040156768006965e-06,642,86724,26,0,18,25,0.0,-4.590741383138667,0.0,0.0,112.71954805302923,101.44513492099082,0.5928177077267818,0.41469489414694893,35964,1053979.5902998354,749.3333333333334,10.0,6.319269015690051e-07,3157.0032072456315,0.0,0.0,0.0,0.0,0.0,0.0,0.0,0.0,0.0,0.0,0.0,unchanged
weth_usdc_3000,2026_06,weth_usdc_3000_month_25290797_25297996_w11,WETH,63.6462160360447,normal,0.25,9.040156768006965e-06,642,86724,26,0,18,25,0.0,-4.590741383138667,0.0,0.0,112.71954805302923,101.44513492099082,0.5928177077267818,0.41469489414694893,35964,1053979.5902998354,749.3333333333334,11.875698785038551,6.319269015690051e-07,3157.0032072456315,0.0,0.0,0.0,0.0,0.0,0.0,0.0,0.0,0.0,0.0,0.0,unchanged
weth_usdc_3000,2026_06,weth_usdc_3000_month_25290797_25297996_w11,WETH,63.6462160360447,normal,0.5,9.040156768006965e-06,642,86724,26,0,18,25,0.0,-4.590741383138667,0.0,0.0,112.71954805302923,101.44513492099082,0.5928177077267818,0.41469489414694893,35964,1053979.5902998354,749.3333333333334,13.751397570077101,6.319269015690051e-07,3157.0032072456315,0.0,0.0,0.0,0.0,0.0,0.0,0.0,0.0,0.0,0.0,0.0,unchanged
weth_usdc_3000,2026_06,weth_usdc_3000_month_25290797_25297996_w11,WETH,63.6462160360447,normal,1.0,9.040156768006965e-06,642,86724,26,0,18,25,0.0,-4.590741383138667,0.0,0.0,112.71954805302923,101.44513492099082,0.5928177077267818,0.41469489414694893,35964,1053979.5902998354,749.3333333333334,17.502795140154202,6.319269015690051e-07,3157.0032072456315,0.0,0.0,0.0,0.0,0.0,0.0,0.0,0.0,0.0,0.0,0.0,unchanged
weth_usdc_3000,2026_06,weth_usdc_3000_month_25290797_25297996_w11,WETH,63.6462160360447,normal,2.0,9.040156768006965e-06,642,86724,26,0,18,25,0.0,-4.590741383138667,0.0,0.0,112.71954805302923,101.44513492099082,0.5928177077267818,0.41469489414694893,35964,1053979.5902998354,749.3333333333334,25.005590280308407,6.319269015690051e-07,3157.0032072456315,0.0,0.0,0.0,0.0,0.0,0.0,0.0,0.0,0.0,0.0,0.0,unchanged
weth_usdc_3000,2026_06,weth_usdc_3000_month_25355597_25362796_w20,WETH,45.52098517606261,normal,0.0,8.703762161300054e-06,620,85812,28,0,11,28,0.0,-1.280064076927187,0.0,0.0,25.687064321518935,22.090610013398706,0.6440760907105081,0.48720458677108097,41808,834245.856152567,831.2727272727273,10.0,2.1604092627612357e-07,102027.22186909606,0.0,0.0,0.0,0.0,0.0,0.0,0.0,0.0,0.0,0.0,0.0,unchanged
weth_usdc_3000,2026_06,weth_usdc_3000_month_25355597_25362796_w20,WETH,45.52098517606261,normal,0.25,8.703762161300054e-06,620,85812,28,0,11,28,0.0,-1.280064076927187,0.0,0.0,25.687064321518935,22.090610013398706,0.6440760907105081,0.48720458677108097,41808,834245.856152567,831.2727272727273,10.961389841508796,2.1604092627612357e-07,102027.22186909606,0.0,0.0,0.0,0.0,0.0,0.0,0.0,0.0,0.0,0.0,0.0,unchanged
weth_usdc_3000,2026_06,weth_usdc_3000_month_25355597_25362796_w20,WETH,45.52098517606261,normal,0.5,8.703762161300054e-06,620,85812,28,0,11,28,0.0,-1.280064076927187,0.0,0.0,25.687064321518935,22.090610013398706,0.6440760907105081,0.48720458677108097,41808,834245.856152567,831.2727272727273,11.922779683017591,2.1604092627612357e-07,102027.22186909606,0.0,0.0,0.0,0.0,0.0,0.0,0.0,0.0,0.0,0.0,0.0,unchanged
weth_usdc_3000,2026_06,weth_usdc_3000_month_25355597_25362796_w20,WETH,45.52098517606261,normal,1.0,8.703762161300054e-06,620,85812,28,0,11,28,0.0,-1.280064076927187,0.0,0.0,25.687064321518935,22.090610013398706,0.6440760907105081,0.48720458677108097,41808,834245.856152567,831.2727272727273,13.84555936603518,2.1604092627612357e-07,102027.22186909606,0.0,0.0,0.0,0.0,0.0,0.0,0.0,0.0,0.0,0.0,0.0,unchanged
weth_usdc_3000,2026_06,weth_usdc_3000_month_25355597_25362796_w20,WETH,45.52098517606261,normal,2.0,8.703762161300054e-06,620,85812,28,0,11,28,0.0,-1.280064076927187,0.0,0.0,25.687064321518935,22.090610013398706,0.6440760907105081,0.48720458677108097,41808,834245.856152567,831.2727272727273,17.69111873207036,2.1604092627612357e-07,102027.22186909606,0.0,0.0,0.0,0.0,0.0,0.0,0.0,0.0,0.0,0.0,0.0,unchanged
weth_usdc_3000,2026_06,weth_usdc_3000_month_25427597_25433938_w30,WETH,52.877566232797236,normal,0.0,9.420392930453609e-06,600,74868,26,0,13,26,0.0,-1.4926492492106027,0.0,0.0,30.512394677130327,26.28986826589162,0.6465032769865556,0.5042474755569802,37752,715937.6257297561,689.5384615384615,10.0,6.727183542354193e-07,2067.0725594856726,0.0,0.0,0.0,0.0,0.0,0.0,0.0,0.0,0.0,0.0,0.0,unchanged
weth_usdc_3000,2026_06,weth_usdc_3000_month_25427597_25433938_w30,WETH,52.877566232797236,normal,0.25,9.420392930453609e-06,600,74868,26,0,13,26,0.0,-1.4926492492106027,0.0,0.0,30.512394677130327,26.28986826589162,0.6465032769865556,0.5042474755569802,37752,715937.6257297561,689.5384615384615,11.981369682122734,6.727183542354193e-07,2067.0725594856726,0.0,0.0,0.0,0.0,0.0,0.0,0.0,0.0,0.0,0.0,0.0,unchanged
weth_usdc_3000,2026_06,weth_usdc_3000_month_25427597_25433938_w30,WETH,52.877566232797236,normal,0.5,9.420392930453609e-06,600,74868,26,0,13,26,0.0,-1.4926492492106027,0.0,0.0,30.512394677130327,26.28986826589162,0.6465032769865556,0.5042474755569802,37752,715937.6257297561,689.5384615384615,13.962739364245468,6.727183542354193e-07,2067.0725594856726,0.0,0.0,0.0,0.0,0.0,0.0,0.0,0.0,0.0,0.0,0.0,unchanged
weth_usdc_3000,2026_06,weth_usdc_3000_month_25427597_25433938_w30,WETH,52.877566232797236,normal,1.0,9.420392930453609e-06,600,74868,26,0,13,26,0.0,-1.4926492492106027,0.0,0.0,30.512394677130327,26.28986826589162,0.6465032769865556,0.5042474755569802,37752,715937.6257297561,689.5384615384615,17.925478728490937,6.727183542354193e-07,2067.0725594856726,0.0,0.0,0.0,0.0,0.0,0.0,0.0,0.0,0.0,0.0,0.0,unchanged
weth_usdc_3000,2026_06,weth_usdc_3000_month_25427597_25433938_w30,WETH,52.877566232797236,normal,2.0,9.420392930453609e-06,600,74868,26,0,13,26,0.0,-1.4926492492106027,0.0,0.0,30.512394677130327,26.28986826589162,0.6465032769865556,0.5042474755569802,37752,715937.6257297561,689.5384615384615,25.850957456981877,6.727183542354193e-07,2067.0725594856726,0.0,0.0,0.0,0.0,0.0,0.0,0.0,0.0,0.0,0.0,0.0,unchanged
paxg_usdc_500,2026_01,paxg_usdc_500_month_24136052_24143251_w01,PAXG,7.257115626862245,normal,0.0,3.47634111397164e-06,1428,86520,3,0,3,3,0.0,-0.09325755854499584,0.0,0.0,6.2787487296889735,5.841728682516729,0.7866057652310856,0.5435506241331484,47028,75307.91582065327,620,10.0,6.07651826788682e-07,61554.153249874056,0.0,0.0,0.0,0.0,0.0,0.0,0.0,0.0,0.0,0.0,0.0,unchanged
paxg_usdc_500,2026_01,paxg_usdc_500_month_24136052_24143251_w01,PAXG,7.257115626862245,normal,0.25,3.47634111397164e-06,1428,86520,3,0,3,3,0.0,-0.09325755854499584,0.0,0.0,6.2787487296889735,5.841728682516729,0.7866057652310856,0.5435506241331484,47028,75307.91582065327,620,11.29094660820356,6.07651826788682e-07,61554.153249874056,0.0,0.0,0.0,0.0,0.0,0.0,0.0,0.0,0.0,0.0,0.0,unchanged
paxg_usdc_500,2026_01,paxg_usdc_500_month_24136052_24143251_w01,PAXG,7.257115626862245,normal,0.5,3.47634111397164e-06,1428,86520,3,0,3,3,0.0,-0.09325755854499584,0.0,0.0,6.2787487296889735,5.841728682516729,0.7866057652310856,0.5435506241331484,47028,75307.91582065327,620,12.58189321640712,6.07651826788682e-07,61554.153249874056,0.0,0.0,0.0,0.0,0.0,0.0,0.0,0.0,0.0,0.0,0.0,unchanged
paxg_usdc_500,2026_01,paxg_usdc_500_month_24136052_24143251_w01,PAXG,7.257115626862245,normal,1.0,3.47634111397164e-06,1428,86520,3,0,3,3,0.0,-0.09325755854499584,0.0,0.0,6.2787487296889735,5.841728682516729,0.7866057652310856,0.5435506241331484,47028,75307.91582065327,620,15.163786432814241,6.07651826788682e-07,61554.153249874056,0.0,0.0,0.0,0.0,0.0,0.0,0.0,0.0,0.0,0.0,0.0,unchanged
paxg_usdc_500,2026_01,paxg_usdc_500_month_24136052_24143251_w01,PAXG,7.257115626862245,normal,2.0,3.47634111397164e-06,1428,86520,3,0,3,3,0.0,-0.09325755854499584,0.0,0.0,6.2787487296889735,5.841728682516729,0.7866057652310856,0.5435506241331484,47028,75307.91582065327,620,20.327572865628483,6.07651826788682e-07,61554.153249874056,0.0,0.0,0.0,0.0,0.0,0.0,0.0,0.0,0.0,0.0,0.0,unchanged
paxg_usdc_500,2026_01,paxg_usdc_500_month_24150452_24157651_w03,PAXG,2.9939256736609803,normal,0.0,3.465794218967115e-06,815,86508,17,0,1,16,0.0,-0.023555043162633328,0.0,0.0,3.0960505064164936,2.9581345579056233,0.8292072569056305,0.6845609654598419,59220,202042.26506126553,660,10.0,1.0748633820320156e-07,47329.92231012708,0.0,0.0,0.0,0.0,0.0,0.0,0.0,0.0,0.0,0.0,0.0,unchanged
paxg_usdc_500,2026_01,paxg_usdc_500_month_24150452_24157651_w03,PAXG,2.9939256736609803,normal,0.25,3.465794218967115e-06,815,86508,17,0,1,16,0.0,-0.023555043162633328,0.0,0.0,3.0960505064164936,2.9581345579056233,0.8292072569056305,0.6845609654598419,59220,202042.26506126553,660,10.294435111536956,1.0748633820320156e-07,47329.92231012708,0.0,0.0,0.0,0.0,0.0,0.0,0.0,0.0,0.0,0.0,0.0,unchanged
paxg_usdc_500,2026_01,paxg_usdc_500_month_24150452_24157651_w03,PAXG,2.9939256736609803,normal,0.5,3.465794218967115e-06,815,86508,17,0,1,16,0.0,-0.023555043162633328,0.0,0.0,3.0960505064164936,2.9581345579056233,0.8292072569056305,0.6845609654598419,59220,202042.26506126553,660,10.588870223073911,1.0748633820320156e-07,47329.92231012708,0.0,0.0,0.0,0.0,0.0,0.0,0.0,0.0,0.0,0.0,0.0,unchanged
paxg_usdc_500,2026_01,paxg_usdc_500_month_24150452_24157651_w03,PAXG,2.9939256736609803,normal,1.0,3.465794218967115e-06,815,86508,17,0,1,16,0.0,-0.023555043162633328,0.0,0.0,3.0960505064164936,2.9581345579056233,0.8292072569056305,0.6845609654598419,59220,202042.26506126553,660,11.177740446147824,1.0748633820320156e-07,47329.92231012708,0.0,0.0,0.0,0.0,0.0,0.0,0.0,0.0,0.0,0.0,0.0,unchanged
paxg_usdc_500,2026_01,paxg_usdc_500_month_24150452_24157651_w03,PAXG,2.9939256736609803,normal,2.0,3.465794218967115e-06,815,86508,17,0,1,16,0.0,-0.023555043162633328,0.0,0.0,3.0960505064164936,2.9581345579056233,0.8292072569056305,0.6845609654598419,59220,202042.26506126553,660,12.355480892295645,1.0748633820320156e-07,47329.92231012708,0.0,0.0,0.0,0.0,0.0,0.0,0.0,0.0,0.0,0.0,0.0,unchanged
paxg_usdc_500,2026_01,paxg_usdc_500_month_24344852_24352051_w30,PAXG,123.09568592303408,stress,0.0,2.90785794688278e-06,2962,86556,58,0,46,58,0.0,-0.9238944415418919,0.0,0.0,50.47027576967081,48.18961623853217,0.5949003220657721,0.4575072785248856,39600,1810668.628812816,628.1739130434783,10.0,3.722110326892058e-06,3368.32589052258,0.0,0.0,0.0,0.0,0.0,0.0,0.0,0.0,0.0,0.0,0.0,unchanged
paxg_usdc_500,2026_01,paxg_usdc_500_month_24344852_24352051_w30,PAXG,123.09568592303408,stress,0.25,2.90785794688278e-06,2962,86556,58,0,46,58,0.0,-0.9238944415418919,0.0,0.0,50.47027576967081,48.18961623853217,0.5949003220657721,0.4575072785248856,39600,1810668.628812816,628.1739130434783,14.23740939338649,3.722110326892058e-06,3368.32589052258,0.0,0.0,0.0,0.0,0.0,0.0,0.0,0.0,0.0,0.0,0.0,unchanged
paxg_usdc_500,2026_01,paxg_usdc_500_month_24344852_24352051_w30,PAXG,123.09568592303408,stress,0.5,2.90785794688278e-06,2962,86556,58,0,46,58,0.0,-0.9238944415418919,0.0,0.0,50.47027576967081,48.18961623853217,0.5949003220657721,0.4575072785248856,39600,1810668.628812816,628.1739130434783,18.47481878677298,3.722110326892058e-06,3368.32589052258,0.0,0.0,0.0,0.0,0.0,0.0,0.0,0.0,0.0,0.0,0.0,unchanged
paxg_usdc_500,2026_01,paxg_usdc_500_month_24344852_24352051_w30,PAXG,123.09568592303408,stress,1.0,2.90785794688278e-06,2962,86556,58,0,46,58,0.0,-0.9238944415418919,0.0,0.0,50.47027576967081,48.18961623853217,0.5949003220657721,0.4575072785248856,39600,1810668.628812816,628.1739130434783,26.949637573545957,3.722110326892058e-06,3368.32589052258,0.0,0.0,0.0,0.0,0.0,0.0,0.0,0.0,0.0,0.0,0.0,unchanged
paxg_usdc_500,2026_01,paxg_usdc_500_month_24344852_24352051_w30,PAXG,123.09568592303408,stress,2.0,2.90785794688278e-06,2962,86556,58,0,46,58,0.0,-0.9238944415418919,0.0,0.0,50.47027576967081,48.18961623853217,0.5949003220657721,0.4575072785248856,39600,1810668.628812816,628.1739130434783,43.89927514709191,3.722110326892058e-06,3368.32589052258,0.0,0.0,0.0,0.0,0.0,0.0,0.0,0.0,0.0,0.0,0.0,unchanged
paxg_usdc_500,2026_01,paxg_usdc_500_month_24352052_24358292_w31,PAXG,0.08536022342794537,normal,0.0,3.06044778522987e-06,1026,75108,1,0,1,1,0.0,-0.013430002480335485,0.0,0.0,0.3366916224852677,0.2993601429329568,0.6402499273698318,0.7747243968685094,58188,72412.3479156964,732,10.0,1.8e-06,88762.599883485,0.0,0.0,0.0,0.0,0.0,0.0,0.0,0.0,0.0,0.0,0.0,unchanged
paxg_usdc_500,2026_01,paxg_usdc_500_month_24352052_24358292_w31,PAXG,0.08536022342794537,normal,0.25,3.06044778522987e-06,1026,75108,1,0,1,1,0.0,-0.013430002480335485,0.0,0.0,0.3366916224852677,0.2993601429329568,0.6402499273698318,0.7747243968685094,58188,72412.3479156964,732,13.354101966249685,1.8e-06,88762.599883485,0.0,0.0,0.0,0.0,0.0,0.0,0.0,0.0,0.0,0.0,0.0,unchanged
paxg_usdc_500,2026_01,paxg_usdc_500_month_24352052_24358292_w31,PAXG,0.08536022342794537,normal,0.5,3.06044778522987e-06,1026,75108,1,0,1,1,0.0,-0.013430002480335485,0.0,0.0,0.3366916224852677,0.2993601429329568,0.6402499273698318,0.7747243968685094,58188,72412.3479156964,732,16.70820393249937,1.8e-06,88762.599883485,0.0,0.0,0.0,0.0,0.0,0.0,0.0,0.0,0.0,0.0,0.0,unchanged
paxg_usdc_500,2026_01,paxg_usdc_500_month_24352052_24358292_w31,PAXG,0.08536022342794537,normal,1.0,3.06044778522987e-06,1026,75108,1,0,1,1,0.0,-0.013430002480335485,0.0,0.0,0.3366916224852677,0.2993601429329568,0.6402499273698318,0.7747243968685094,58188,72412.3479156964,732,23.41640786499874,1.8e-06,88762.599883485,0.0,0.0,0.0,0.0,0.0,0.0,0.0,0.0,0.0,0.0,0.0,unchanged
paxg_usdc_500,2026_01,paxg_usdc_500_month_24352052_24358292_w31,PAXG,0.08536022342794537,normal,2.0,3.06044778522987e-06,1026,75108,1,0,1,1,0.0,-0.013430002480335485,0.0,0.0,0.3366916224852677,0.2993601429329568,0.6402499273698318,0.7747243968685094,58188,72412.3479156964,732,36.83281572999748,1.8e-06,88762.599883485,0.0,0.0,0.0,0.0,0.0,0.0,0.0,0.0,0.0,0.0,0.0,unchanged
paxg_usdc_500,2026_02,paxg_usdc_500_month_24358292_24365491_w01,PAXG,49.06088475154629,normal,0.0,3.060555984229995e-06,1256,86784,11,0,5,10,0.0,-0.3301189131760006,0.0,0.0,18.049776351316527,17.286846438351926,0.5673011274479722,0.7060287610619469,61272,448614.4669221009,631.2,10.0,3.276494419366101e-07,14720.866268911026,0.0,0.0,0.0,0.0,0.0,0.0,0.0,0.0,0.0,0.0,0.0,unchanged
paxg_usdc_500,2026_02,paxg_usdc_500_month_24358292_24365491_w01,PAXG,49.06088475154629,normal,0.25,3.060555984229995e-06,1256,86784,11,0,5,10,0.0,-0.3301189131760006,0.0,0.0,18.049776351316527,17.286846438351926,0.5673011274479722,0.7060287610619469,61272,448614.4669221009,631.2,10.957555716236216,3.276494419366101e-07,14720.866268911026,0.0,0.0,0.0,0.0,0.0,0.0,0.0,0.0,0.0,0.0,0.0,unchanged
paxg_usdc_500,2026_02,paxg_usdc_500_month_24358292_24365491_w01,PAXG,49.06088475154629,normal,0.5,3.060555984229995e-06,1256,86784,11,0,5,10,0.0,-0.3301189131760006,0.0,0.0,18.049776351316527,17.286846438351926,0.5673011274479722,0.7060287610619469,61272,448614.4669221009,631.2,11.91511143247243,3.276494419366101e-07,14720.866268911026,0.0,0.0,0.0,0.0,0.0,0.0,0.0,0.0,0.0,0.0,0.0,unchanged
paxg_usdc_500,2026_02,paxg_usdc_500_month_24358292_24365491_w01,PAXG,49.06088475154629,normal,1.0,3.060555984229995e-06,1256,86784,11,0,5,10,0.0,-0.3301189131760006,0.0,0.0,18.049776351316527,17.286846438351926,0.5673011274479722,0.7060287610619469,61272,448614.4669221009,631.2,13.830222864944862,3.276494419366101e-07,14720.866268911026,0.0,0.0,0.0,0.0,0.0,0.0,0.0,0.0,0.0,0.0,0.0,unchanged
paxg_usdc_500,2026_02,paxg_usdc_500_month_24358292_24365491_w01,PAXG,49.06088475154629,normal,2.0,3.060555984229995e-06,1256,86784,11,0,5,10,0.0,-0.3301189131760006,0.0,0.0,18.049776351316527,17.286846438351926,0.5673011274479722,0.7060287610619469,61272,448614.4669221009,631.2,17.660445729889723,3.276494419366101e-07,14720.866268911026,0.0,0.0,0.0,0.0,0.0,0.0,0.0,0.0,0.0,0.0,0.0,unchanged
paxg_usdc_500,2026_02,paxg_usdc_500_month_24365492_24372691_w02,PAXG,110.37685540300456,stress,0.0,3.3332444201414997e-06,3381,86808,62,0,47,62,0.0,-1.7961631248866576,0.0,0.0,123.38110826370055,119.21735516945371,0.5686192038215572,0.4892175836328449,42468,2027145.0729670222,630.8936170212766,10.0,3.155460476515495e-06,3427.523955466028,0.0,0.0,0.0,0.0,0.0,0.0,0.0,0.0,0.0,0.0,0.0,unchanged
paxg_usdc_500,2026_02,paxg_usdc_500_month_24365492_24372691_w02,PAXG,110.37685540300456,stress,0.25,3.3332444201414997e-06,3381,86808,62,0,47,62,0.0,-1.7961631248866576,0.0,0.0,123.38110826370055,119.21735516945371,0.5686192038215572,0.4892175836328449,42468,2027145.0729670222,630.8936170212766,14.384910918095786,3.155460476515495e-06,3427.523955466028,0.0,0.0,0.0,0.0,0.0,0.0,0.0,0.0,0.0,0.0,0.0,unchanged
paxg_usdc_500,2026_02,paxg_usdc_500_month_24365492_24372691_w02,PAXG,110.37685540300456,stress,0.5,3.3332444201414997e-06,3381,86808,62,0,47,62,0.0,-1.7961631248866576,0.0,0.0,123.38110826370055,119.21735516945371,0.5686192038215572,0.4892175836328449,42468,2027145.0729670222,630.8936170212766,18.76982183619157,3.155460476515495e-06,3427.523955466028,0.0,0.0,0.0,0.0,0.0,0.0,0.0,0.0,0.0,0.0,0.0,unchanged
paxg_usdc_500,2026_02,paxg_usdc_500_month_24365492_24372691_w02,PAXG,110.37685540300456,stress,1.0,3.3332444201414997e-06,3381,86808,62,0,47,62,0.0,-1.7961631248866576,0.0,0.0,123.38110826370055,119.21735516945371,0.5686192038215572,0.4892175836328449,42468,2027145.0729670222,630.8936170212766,27.53964367238314,3.155460476515495e-06,3427.523955466028,0.0,0.0,0.0,0.0,0.0,0.0,0.0,0.0,0.0,0.0,0.0,unchanged
paxg_usdc_500,2026_02,paxg_usdc_500_month_24365492_24372691_w02,PAXG,110.37685540300456,stress,2.0,3.3332444201414997e-06,3381,86808,62,0,47,62,0.0,-1.7961631248866576,0.0,0.0,123.38110826370055,119.21735516945371,0.5686192038215572,0.4892175836328449,42468,2027145.0729670222,630.8936170212766,45.07928734476628,3.155460476515495e-06,3427.523955466028,0.0,0.0,0.0,0.0,0.0,0.0,0.0,0.0,0.0,0.0,0.0,unchanged
paxg_usdc_500,2026_02,paxg_usdc_500_month_24545492_24552691_w27,PAXG,26.626813751882427,normal,0.0,2.8900509034298997e-06,1032,86208,14,0,10,14,0.0,-0.08039122779761201,0.0,0.0,4.5672888265950125,4.2419941089744,0.7528664824758349,0.20183741648106904,17400,354596.05294623424,729.6,10.0,6.039208567526282e-07,1046.3307432527504,0.0,0.0,0.0,0.0,0.0,0.0,0.0,0.0,0.0,0.0,0.0,unchanged
paxg_usdc_500,2026_02,paxg_usdc_500_month_24545492_24552691_w27,PAXG,26.626813751882427,normal,0.25,2.8900509034298997e-06,1032,86208,14,0,10,14,0.0,-0.08039122779761201,0.0,0.0,4.5672888265950125,4.2419941089744,0.7528664824758349,0.20183741648106904,17400,354596.05294623424,729.6,11.58158097701885,6.039208567526282e-07,1046.3307432527504,0.0,0.0,0.0,0.0,0.0,0.0,0.0,0.0,0.0,0.0,0.0,unchanged
paxg_usdc_500,2026_02,paxg_usdc_500_month_24545492_24552691_w27,PAXG,26.626813751882427,normal,0.5,2.8900509034298997e-06,1032,86208,14,0,10,14,0.0,-0.08039122779761201,0.0,0.0,4.5672888265950125,4.2419941089744,0.7528664824758349,0.20183741648106904,17400,354596.05294623424,729.6,13.163161954037701,6.039208567526282e-07,1046.3307432527504,0.0,0.0,0.0,0.0,0.0,0.0,0.0,0.0,0.0,0.0,0.0,unchanged
paxg_usdc_500,2026_02,paxg_usdc_500_month_24545492_24552691_w27,PAXG,26.626813751882427,normal,1.0,2.8900509034298997e-06,1032,86208,14,0,10,14,0.0,-0.08039122779761201,0.0,0.0,4.5672888265950125,4.2419941089744,0.7528664824758349,0.20183741648106904,17400,354596.05294623424,729.6,16.326323908075402,6.039208567526282e-07,1046.3307432527504,0.0,0.0,0.0,0.0,0.0,0.0,0.0,0.0,0.0,0.0,0.0,unchanged
paxg_usdc_500,2026_02,paxg_usdc_500_month_24545492_24552691_w27,PAXG,26.626813751882427,normal,2.0,2.8900509034298997e-06,1032,86208,14,0,10,14,0.0,-0.08039122779761201,0.0,0.0,4.5672888265950125,4.2419941089744,0.7528664824758349,0.20183741648106904,17400,354596.05294623424,729.6,22.652647816150804,6.039208567526282e-07,1046.3307432527504,0.0,0.0,0.0,0.0,0.0,0.0,0.0,0.0,0.0,0.0,0.0,unchanged
paxg_usdc_500,2026_02,paxg_usdc_500_month_24552692_24558867_w28,PAXG,0.32509625072461984,normal,0.0,2.842141762241565e-06,1844,74208,1,0,1,1,0.0,-0.017038259988894314,0.0,0.0,0.7797693344231975,0.724324498225835,0.6926988849196958,0.7826649417852523,58080,46846.5440259622,612,10.0,1.8e-06,265512.69524551835,0.0,0.0,0.0,0.0,0.0,0.0,0.0,0.0,0.0,0.0,0.0,unchanged
paxg_usdc_500,2026_02,paxg_usdc_500_month_24552692_24558867_w28,PAXG,0.32509625072461984,normal,0.25,2.842141762241565e-06,1844,74208,1,0,1,1,0.0,-0.017038259988894314,0.0,0.0,0.7797693344231975,0.724324498225835,0.6926988849196958,0.7826649417852523,58080,46846.5440259622,612,13.354101966249685,1.8e-06,265512.69524551835,0.0,0.0,0.0,0.0,0.0,0.0,0.0,0.0,0.0,0.0,0.0,unchanged
paxg_usdc_500,2026_02,paxg_usdc_500_month_24552692_24558867_w28,PAXG,0.32509625072461984,normal,0.5,2.842141762241565e-06,1844,74208,1,0,1,1,0.0,-0.017038259988894314,0.0,0.0,0.7797693344231975,0.724324498225835,0.6926988849196958,0.7826649417852523,58080,46846.5440259622,612,16.70820393249937,1.8e-06,265512.69524551835,0.0,0.0,0.0,0.0,0.0,0.0,0.0,0.0,0.0,0.0,0.0,unchanged
paxg_usdc_500,2026_02,paxg_usdc_500_month_24552692_24558867_w28,PAXG,0.32509625072461984,normal,1.0,2.842141762241565e-06,1844,74208,1,0,1,1,0.0,-0.017038259988894314,0.0,0.0,0.7797693344231975,0.724324498225835,0.6926988849196958,0.7826649417852523,58080,46846.5440259622,612,23.41640786499874,1.8e-06,265512.69524551835,0.0,0.0,0.0,0.0,0.0,0.0,0.0,0.0,0.0,0.0,0.0,unchanged
paxg_usdc_500,2026_02,paxg_usdc_500_month_24552692_24558867_w28,PAXG,0.32509625072461984,normal,2.0,2.842141762241565e-06,1844,74208,1,0,1,1,0.0,-0.017038259988894314,0.0,0.0,0.7797693344231975,0.724324498225835,0.6926988849196958,0.7826649417852523,58080,46846.5440259622,612,36.83281572999748,1.8e-06,265512.69524551835,0.0,0.0,0.0,0.0,0.0,0.0,0.0,0.0,0.0,0.0,0.0,unchanged
paxg_usdc_500,2026_03,paxg_usdc_500_month_24558867_24566066_w01,PAXG,32.252094623827816,normal,0.0,2.8417958329857297e-06,1598,86556,3,0,3,3,0.0,-0.40265631229224635,0.0,0.0,14.023547213631893,13.084045054782326,0.571415234654379,0.6949951476500763,60156,297148.3431496843,760,10.0,7.945680018946532e-07,66597.64216115048,0.0,0.0,0.0,0.0,0.0,0.0,0.0,0.0,0.0,0.0,0.0,unchanged
paxg_usdc_500,2026_03,paxg_usdc_500_month_24558867_24566066_w01,PAXG,32.252094623827816,normal,0.25,2.8417958329857297e-06,1598,86556,3,0,3,3,0.0,-0.40265631229224635,0.0,0.0,14.023547213631893,13.084045054782326,0.571415234654379,0.6949951476500763,60156,297148.3431496843,760,12.018329932536005,7.945680018946532e-07,66597.64216115048,0.0,0.0,0.0,0.0,0.0,0.0,0.0,0.0,0.0,0.0,0.0,unchanged
paxg_usdc_500,2026_03,paxg_usdc_500_month_24558867_24566066_w01,PAXG,32.252094623827816,normal,0.5,2.8417958329857297e-06,1598,86556,3,0,3,3,0.0,-0.40265631229224635,0.0,0.0,14.023547213631893,13.084045054782326,0.571415234654379,0.6949951476500763,60156,297148.3431496843,760,14.036659865072009,7.945680018946532e-07,66597.64216115048,0.0,0.0,0.0,0.0,0.0,0.0,0.0,0.0,0.0,0.0,0.0,unchanged
paxg_usdc_500,2026_03,paxg_usdc_500_month_24558867_24566066_w01,PAXG,32.252094623827816,normal,1.0,2.8417958329857297e-06,1598,86556,3,0,3,3,0.0,-0.40265631229224635,0.0,0.0,14.023547213631893,13.084045054782326,0.571415234654379,0.6949951476500763,60156,297148.3431496843,760,18.073319730144018,7.945680018946532e-07,66597.64216115048,0.0,0.0,0.0,0.0,0.0,0.0,0.0,0.0,0.0,0.0,0.0,unchanged
paxg_usdc_500,2026_03,paxg_usdc_500_month_24558867_24566066_w01,PAXG,32.252094623827816,normal,2.0,2.8417958329857297e-06,1598,86556,3,0,3,3,0.0,-0.40265631229224635,0.0,0.0,14.023547213631893,13.084045054782326,0.571415234654379,0.6949951476500763,60156,297148.3431496843,760,26.146639460288032,7.945680018946532e-07,66597.64216115048,0.0,0.0,0.0,0.0,0.0,0.0,0.0,0.0,0.0,0.0,0.0,unchanged
paxg_usdc_500,2026_03,paxg_usdc_500_month_24566067_24573266_w02,PAXG,49.090061611502875,normal,0.0,2.78852910666681e-06,1610,86784,18,0,15,18,0.0,-0.1576593703197134,0.0,0.0,15.321828158106545,14.786233823526516,0.7056365981851968,0.1933075221238938,16776,447634.91996530414,669.6,10.0,4.7567277407914446e-07,17507.439755442738,0.0,0.0,0.0,0.0,0.0,0.0,0.0,0.0,0.0,0.0,0.0,unchanged
paxg_usdc_500,2026_03,paxg_usdc_500_month_24566067_24573266_w02,PAXG,49.090061611502875,normal,0.25,2.78852910666681e-06,1610,86784,18,0,15,18,0.0,-0.1576593703197134,0.0,0.0,15.321828158106545,14.786233823526516,0.7056365981851968,0.1933075221238938,16776,447634.91996530414,669.6,11.613990736414738,4.7567277407914446e-07,17507.439755442738,0.0,0.0,0.0,0.0,0.0,0.0,0.0,0.0,0.0,0.0,0.0,unchanged
paxg_usdc_500,2026_03,paxg_usdc_500_month_24566067_24573266_w02,PAXG,49.090061611502875,normal,0.5,2.78852910666681e-06,1610,86784,18,0,15,18,0.0,-0.1576593703197134,0.0,0.0,15.321828158106545,14.786233823526516,0.7056365981851968,0.1933075221238938,16776,447634.91996530414,669.6,13.227981472829477,4.7567277407914446e-07,17507.439755442738,0.0,0.0,0.0,0.0,0.0,0.0,0.0,0.0,0.0,0.0,0.0,unchanged
paxg_usdc_500,2026_03,paxg_usdc_500_month_24566067_24573266_w02,PAXG,49.090061611502875,normal,1.0,2.78852910666681e-06,1610,86784,18,0,15,18,0.0,-0.1576593703197134,0.0,0.0,15.321828158106545,14.786233823526516,0.7056365981851968,0.1933075221238938,16776,447634.91996530414,669.6,16.455962945658953,4.7567277407914446e-07,17507.439755442738,0.0,0.0,0.0,0.0,0.0,0.0,0.0,0.0,0.0,0.0,0.0,unchanged
paxg_usdc_500,2026_03,paxg_usdc_500_month_24566067_24573266_w02,PAXG,49.090061611502875,normal,2.0,2.78852910666681e-06,1610,86784,18,0,15,18,0.0,-0.1576593703197134,0.0,0.0,15.321828158106545,14.786233823526516,0.7056365981851968,0.1933075221238938,16776,447634.91996530414,669.6,22.91192589131791,4.7567277407914446e-07,17507.439755442738,0.0,0.0,0.0,0.0,0.0,0.0,0.0,0.0,0.0,0.0,0.0,unchanged
paxg_usdc_500,2026_03,paxg_usdc_500_month_24760467_24767666_w29,PAXG,34.74745879422978,normal,0.0,3.337038700354755e-06,667,86304,13,0,12,12,0.0,-0.062391371299606514,0.0,0.0,3.8247247629158108,3.577660196671265,0.7474693670242815,0.721357063403782,62256,431279.8780851432,666,10.0,1.5988414920026785e-07,5047.41311549833,0.0,0.0,0.0,0.0,0.0,0.0,0.0,0.0,0.0,0.0,0.0,unchanged
paxg_usdc_500,2026_03,paxg_usdc_500_month_24760467_24767666_w29,PAXG,34.74745879422978,normal,0.25,3.337038700354755e-06,667,86304,13,0,12,12,0.0,-0.062391371299606514,0.0,0.0,3.8247247629158108,3.577660196671265,0.7474693670242815,0.721357063403782,62256,431279.8780851432,666,10.976447076442573,1.5988414920026785e-07,5047.41311549833,0.0,0.0,0.0,0.0,0.0,0.0,0.0,0.0,0.0,0.0,0.0,unchanged
paxg_usdc_500,2026_03,paxg_usdc_500_month_24760467_24767666_w29,PAXG,34.74745879422978,normal,0.5,3.337038700354755e-06,667,86304,13,0,12,12,0.0,-0.062391371299606514,0.0,0.0,3.8247247629158108,3.577660196671265,0.7474693670242815,0.721357063403782,62256,431279.8780851432,666,11.952894152885147,1.5988414920026785e-07,5047.41311549833,0.0,0.0,0.0,0.0,0.0,0.0,0.0,0.0,0.0,0.0,0.0,unchanged
paxg_usdc_500,2026_03,paxg_usdc_500_month_24760467_24767666_w29,PAXG,34.74745879422978,normal,1.0,3.337038700354755e-06,667,86304,13,0,12,12,0.0,-0.062391371299606514,0.0,0.0,3.8247247629158108,3.577660196671265,0.7474693670242815,0.721357063403782,62256,431279.8780851432,666,13.905788305770294,1.5988414920026785e-07,5047.41311549833,0.0,0.0,0.0,0.0,0.0,0.0,0.0,0.0,0.0,0.0,0.0,unchanged
paxg_usdc_500,2026_03,paxg_usdc_500_month_24760467_24767666_w29,PAXG,34.74745879422978,normal,2.0,3.337038700354755e-06,667,86304,13,0,12,12,0.0,-0.062391371299606514,0.0,0.0,3.8247247629158108,3.577660196671265,0.7474693670242815,0.721357063403782,62256,431279.8780851432,666,17.811576611540588,1.5988414920026785e-07,5047.41311549833,0.0,0.0,0.0,0.0,0.0,0.0,0.0,0.0,0.0,0.0,0.0,unchanged
paxg_usdc_500,2026_03,paxg_usdc_500_month_24774867_24781026_w31,PAXG,42.689496889713595,normal,0.0,3.2858868133912645e-06,883,74124,22,0,16,21,0.0,-0.08032010032029682,0.0,0.0,3.3805663993667046,3.095807298922695,0.7179366692932451,0.4872915654848632,36120,529251.5967789097,708,10.0,3.4616778786476495e-07,5414662.7102516405,0.0,0.0,0.0,0.0,0.0,0.0,0.0,0.0,0.0,0.0,0.0,unchanged
paxg_usdc_500,2026_03,paxg_usdc_500_month_24774867_24781026_w31,PAXG,42.689496889713595,normal,0.25,3.2858868133912645e-06,883,74124,22,0,16,21,0.0,-0.08032010032029682,0.0,0.0,3.3805663993667046,3.095807298922695,0.7179366692932451,0.4872915654848632,36120,529251.5967789097,708,11.45789215169869,3.4616778786476495e-07,5414662.7102516405,0.0,0.0,0.0,0.0,0.0,0.0,0.0,0.0,0.0,0.0,0.0,unchanged
paxg_usdc_500,2026_03,paxg_usdc_500_month_24774867_24781026_w31,PAXG,42.689496889713595,normal,0.5,3.2858868133912645e-06,883,74124,22,0,16,21,0.0,-0.08032010032029682,0.0,0.0,3.3805663993667046,3.095807298922695,0.7179366692932451,0.4872915654848632,36120,529251.5967789097,708,12.91578430339738,3.4616778786476495e-07,5414662.7102516405,0.0,0.0,0.0,0.0,0.0,0.0,0.0,0.0,0.0,0.0,0.0,unchanged
paxg_usdc_500,2026_03,paxg_usdc_500_month_24774867_24781026_w31,PAXG,42.689496889713595,normal,1.0,3.2858868133912645e-06,883,74124,22,0,16,21,0.0,-0.08032010032029682,0.0,0.0,3.3805663993667046,3.095807298922695,0.7179366692932451,0.4872915654848632,36120,529251.5967789097,708,15.831568606794761,3.4616778786476495e-07,5414662.7102516405,0.0,0.0,0.0,0.0,0.0,0.0,0.0,0.0,0.0,0.0,0.0,unchanged
paxg_usdc_500,2026_03,paxg_usdc_500_month_24774867_24781026_w31,PAXG,42.689496889713595,normal,2.0,3.2858868133912645e-06,883,74124,22,0,16,21,0.0,-0.08032010032029682,0.0,0.0,3.3805663993667046,3.095807298922695,0.7179366692932451,0.4872915654848632,36120,529251.5967789097,708,21.663137213589522,3.4616778786476495e-07,5414662.7102516405,0.0,0.0,0.0,0.0,0.0,0.0,0.0,0.0,0.0,0.0,0.0,unchanged
paxg_usdc_500,2026_04,paxg_usdc_500_month_24781026_24788225_w01,PAXG,37.27335417718172,normal,0.0,3.19064626711635e-06,1068,86748,33,0,30,33,0.0,-0.06426860527460262,0.0,0.0,3.2404074547551067,2.930386541188604,0.7926959038496726,0.3340711025038041,28980,720899.199291758,712.4,10.0,4.097566498841773e-07,11536.344663572316,0.0,0.0,0.0,0.0,0.0,0.0,0.0,0.0,0.0,0.0,0.0,unchanged
paxg_usdc_500,2026_04,paxg_usdc_500_month_24781026_24788225_w01,PAXG,37.27335417718172,normal,0.25,3.19064626711635e-06,1068,86748,33,0,30,33,0.0,-0.06426860527460262,0.0,0.0,3.2404074547551067,2.930386541188604,0.7926959038496726,0.3340711025038041,28980,720899.199291758,712.4,11.55072825527831,4.097566498841773e-07,11536.344663572316,0.0,0.0,0.0,0.0,0.0,0.0,0.0,0.0,0.0,0.0,0.0,unchanged
paxg_usdc_500,2026_04,paxg_usdc_500_month_24781026_24788225_w01,PAXG,37.27335417718172,normal,0.5,3.19064626711635e-06,1068,86748,33,0,30,33,0.0,-0.06426860527460262,0.0,0.0,3.2404074547551067,2.930386541188604,0.7926959038496726,0.3340711025038041,28980,720899.199291758,712.4,13.10145651055662,4.097566498841773e-07,11536.344663572316,0.0,0.0,0.0,0.0,0.0,0.0,0.0,0.0,0.0,0.0,0.0,unchanged
paxg_usdc_500,2026_04,paxg_usdc_500_month_24781026_24788225_w01,PAXG,37.27335417718172,normal,1.0,3.19064626711635e-06,1068,86748,33,0,30,33,0.0,-0.06426860527460262,0.0,0.0,3.2404074547551067,2.930386541188604,0.7926959038496726,0.3340711025038041,28980,720899.199291758,712.4,16.20291302111324,4.097566498841773e-07,11536.344663572316,0.0,0.0,0.0,0.0,0.0,0.0,0.0,0.0,0.0,0.0,0.0,unchanged
paxg_usdc_500,2026_04,paxg_usdc_500_month_24781026_24788225_w01,PAXG,37.27335417718172,normal,2.0,3.19064626711635e-06,1068,86748,33,0,30,33,0.0,-0.06426860527460262,0.0,0.0,3.2404074547551067,2.930386541188604,0.7926959038496726,0.3340711025038041,28980,720899.199291758,712.4,22.40582604222648,4.097566498841773e-07,11536.344663572316,0.0,0.0,0.0,0.0,0.0,0.0,0.0,0.0,0.0,0.0,0.0,unchanged
paxg_usdc_500,2026_04,paxg_usdc_500_month_24802626_24809825_w04,PAXG,0.14894151480418175,normal,0.0,3.2071207217840546e-06,142,86208,1,0,1,1,0.0,-0.012179169330060772,0.0,0.0,0.11144938013590258,0.07430958137004118,0.6720722853981705,0.6852728285077951,59076,52345.48881688054,744,10.0,1.8e-06,238381.4219159133,0.0,0.0,0.0,0.0,0.0,0.0,0.0,0.0,0.0,0.0,0.0,unchanged
paxg_usdc_500,2026_04,paxg_usdc_500_month_24802626_24809825_w04,PAXG,0.14894151480418175,normal,0.25,3.2071207217840546e-06,142,86208,1,0,1,1,0.0,-0.012179169330060772,0.0,0.0,0.11144938013590258,0.07430958137004118,0.6720722853981705,0.6852728285077951,59076,52345.48881688054,744,13.354101966249685,1.8e-06,238381.4219159133,0.0,0.0,0.0,0.0,0.0,0.0,0.0,0.0,0.0,0.0,0.0,unchanged
paxg_usdc_500,2026_04,paxg_usdc_500_month_24802626_24809825_w04,PAXG,0.14894151480418175,normal,0.5,3.2071207217840546e-06,142,86208,1,0,1,1,0.0,-0.012179169330060772,0.0,0.0,0.11144938013590258,0.07430958137004118,0.6720722853981705,0.6852728285077951,59076,52345.48881688054,744,16.70820393249937,1.8e-06,238381.4219159133,0.0,0.0,0.0,0.0,0.0,0.0,0.0,0.0,0.0,0.0,0.0,unchanged
paxg_usdc_500,2026_04,paxg_usdc_500_month_24802626_24809825_w04,PAXG,0.14894151480418175,normal,1.0,3.2071207217840546e-06,142,86208,1,0,1,1,0.0,-0.012179169330060772,0.0,0.0,0.11144938013590258,0.07430958137004118,0.6720722853981705,0.6852728285077951,59076,52345.48881688054,744,23.41640786499874,1.8e-06,238381.4219159133,0.0,0.0,0.0,0.0,0.0,0.0,0.0,0.0,0.0,0.0,0.0,unchanged
paxg_usdc_500,2026_04,paxg_usdc_500_month_24802626_24809825_w04,PAXG,0.14894151480418175,normal,2.0,3.2071207217840546e-06,142,86208,1,0,1,1,0.0,-0.012179169330060772,0.0,0.0,0.11144938013590258,0.07430958137004118,0.6720722853981705,0.6852728285077951,59076,52345.48881688054,744,36.83281572999748,1.8e-06,238381.4219159133,0.0,0.0,0.0,0.0,0.0,0.0,0.0,0.0,0.0,0.0,0.0,unchanged
paxg_usdc_500,2026_04,paxg_usdc_500_month_24961026_24968225_w26,PAXG,16.063219292366764,normal,0.0,3.18583136695236e-06,155,83940,5,0,5,5,0.0,-0.05758442372775918,0.0,0.0,1.602163205090112,1.3909168857146124,0.7274062625185894,0.6456040028591852,54192,122558.98246018066,676.8,10.0,3.8205813169671977e-07,2144653.8199385474,0.0,0.0,0.0,0.0,0.0,0.0,0.0,0.0,0.0,0.0,0.0,unchanged
paxg_usdc_500,2026_04,paxg_usdc_500_month_24961026_24968225_w26,PAXG,16.063219292366764,normal,0.25,3.18583136695236e-06,155,83940,5,0,5,5,0.0,-0.05758442372775918,0.0,0.0,1.602163205090112,1.3909168857146124,0.7274062625185894,0.6456040028591852,54192,122558.98246018066,676.8,10.991270882929285,3.8205813169671977e-07,2144653.8199385474,0.0,0.0,0.0,0.0,0.0,0.0,0.0,0.0,0.0,0.0,0.0,unchanged
paxg_usdc_500,2026_04,paxg_usdc_500_month_24961026_24968225_w26,PAXG,16.063219292366764,normal,0.5,3.18583136695236e-06,155,83940,5,0,5,5,0.0,-0.05758442372775918,0.0,0.0,1.602163205090112,1.3909168857146124,0.7274062625185894,0.6456040028591852,54192,122558.98246018066,676.8,11.98254176585857,3.8205813169671977e-07,2144653.8199385474,0.0,0.0,0.0,0.0,0.0,0.0,0.0,0.0,0.0,0.0,0.0,unchanged
paxg_usdc_500,2026_04,paxg_usdc_500_month_24961026_24968225_w26,PAXG,16.063219292366764,normal,1.0,3.18583136695236e-06,155,83940,5,0,5,5,0.0,-0.05758442372775918,0.0,0.0,1.602163205090112,1.3909168857146124,0.7274062625185894,0.6456040028591852,54192,122558.98246018066,676.8,13.96508353171714,3.8205813169671977e-07,2144653.8199385474,0.0,0.0,0.0,0.0,0.0,0.0,0.0,0.0,0.0,0.0,0.0,unchanged
paxg_usdc_500,2026_04,paxg_usdc_500_month_24961026_24968225_w26,PAXG,16.063219292366764,normal,2.0,3.18583136695236e-06,155,83940,5,0,5,5,0.0,-0.05758442372775918,0.0,0.0,1.602163205090112,1.3909168857146124,0.7274062625185894,0.6456040028591852,54192,122558.98246018066,676.8,17.93016706343428,3.8205813169671977e-07,2144653.8199385474,0.0,0.0,0.0,0.0,0.0,0.0,0.0,0.0,0.0,0.0,0.0,unchanged
paxg_usdc_500,2026_04,paxg_usdc_500_month_24989826_24996367_w30,PAXG,24.780215705831083,normal,0.0,3.2764167691672346e-06,340,78456,9,0,9,9,0.0,-0.04701966709212564,0.0,0.0,1.3217584045969053,1.1153334289634107,0.7722190982567507,0.10553686142551238,8280,270347.57188219344,890.6666666666666,10.0,4.423922898602707e-07,4963.81098477002,0.0,0.0,0.0,0.0,0.0,0.0,0.0,0.0,0.0,0.0,0.0,unchanged
paxg_usdc_500,2026_04,paxg_usdc_500_month_24989826_24996367_w30,PAXG,24.780215705831083,normal,0.25,3.2764167691672346e-06,340,78456,9,0,9,9,0.0,-0.04701966709212564,0.0,0.0,1.3217584045969053,1.1153334289634107,0.7722190982567507,0.10553686142551238,8280,270347.57188219344,890.6666666666666,11.504476856931987,4.423922898602707e-07,4963.81098477002,0.0,0.0,0.0,0.0,0.0,0.0,0.0,0.0,0.0,0.0,0.0,unchanged
paxg_usdc_500,2026_04,paxg_usdc_500_month_24989826_24996367_w30,PAXG,24.780215705831083,normal,0.5,3.2764167691672346e-06,340,78456,9,0,9,9,0.0,-0.04701966709212564,0.0,0.0,1.3217584045969053,1.1153334289634107,0.7722190982567507,0.10553686142551238,8280,270347.57188219344,890.6666666666666,13.008953713863976,4.423922898602707e-07,4963.81098477002,0.0,0.0,0.0,0.0,0.0,0.0,0.0,0.0,0.0,0.0,0.0,unchanged
paxg_usdc_500,2026_04,paxg_usdc_500_month_24989826_24996367_w30,PAXG,24.780215705831083,normal,1.0,3.2764167691672346e-06,340,78456,9,0,9,9,0.0,-0.04701966709212564,0.0,0.0,1.3217584045969053,1.1153334289634107,0.7722190982567507,0.10553686142551238,8280,270347.57188219344,890.6666666666666,16.017907427727952,4.423922898602707e-07,4963.81098477002,0.0,0.0,0.0,0.0,0.0,0.0,0.0,0.0,0.0,0.0,0.0,unchanged
paxg_usdc_500,2026_04,paxg_usdc_500_month_24989826_24996367_w30,PAXG,24.780215705831083,normal,2.0,3.2764167691672346e-06,340,78456,9,0,9,9,0.0,-0.04701966709212564,0.0,0.0,1.3217584045969053,1.1153334289634107,0.7722190982567507,0.10553686142551238,8280,270347.57188219344,890.6666666666666,22.035814855455907,4.423922898602707e-07,4963.81098477002,0.0,0.0,0.0,0.0,0.0,0.0,0.0,0.0,0.0,0.0,0.0,unchanged
paxg_usdc_500,2026_05,paxg_usdc_500_month_24996367_25003566_w01,PAXG,30.52425407785013,normal,0.0,3.23805482859585e-06,484,86544,20,0,19,20,0.0,-0.13271105083081872,0.0,0.0,4.41339259684803,3.8117186279370103,0.7794302933347527,0.2454242928452579,21240,488746.30125750817,771.7894736842105,10.0,2.1565244604652938e-07,4781.076426744939,0.0,0.0,0.0,0.0,0.0,0.0,0.0,0.0,0.0,0.0,0.0,unchanged
paxg_usdc_500,2026_05,paxg_usdc_500_month_24996367_25003566_w01,PAXG,30.52425407785013,normal,0.25,3.23805482859585e-06,484,86544,20,0,19,20,0.0,-0.13271105083081872,0.0,0.0,4.41339259684803,3.8117186279370103,0.7794302933347527,0.2454242928452579,21240,488746.30125750817,771.7894736842105,11.023319523566432,2.1565244604652938e-07,4781.076426744939,0.0,0.0,0.0,0.0,0.0,0.0,0.0,0.0,0.0,0.0,0.0,unchanged
paxg_usdc_500,2026_05,paxg_usdc_500_month_24996367_25003566_w01,PAXG,30.52425407785013,normal,0.5,3.23805482859585e-06,484,86544,20,0,19,20,0.0,-0.13271105083081872,0.0,0.0,4.41339259684803,3.8117186279370103,0.7794302933347527,0.2454242928452579,21240,488746.30125750817,771.7894736842105,12.046639047132864,2.1565244604652938e-07,4781.076426744939,0.0,0.0,0.0,0.0,0.0,0.0,0.0,0.0,0.0,0.0,0.0,unchanged
paxg_usdc_500,2026_05,paxg_usdc_500_month_24996367_25003566_w01,PAXG,30.52425407785013,normal,1.0,3.23805482859585e-06,484,86544,20,0,19,20,0.0,-0.13271105083081872,0.0,0.0,4.41339259684803,3.8117186279370103,0.7794302933347527,0.2454242928452579,21240,488746.30125750817,771.7894736842105,14.093278094265727,2.1565244604652938e-07,4781.076426744939,0.0,0.0,0.0,0.0,0.0,0.0,0.0,0.0,0.0,0.0,0.0,unchanged
paxg_usdc_500,2026_05,paxg_usdc_500_month_24996367_25003566_w01,PAXG,30.52425407785013,normal,2.0,3.23805482859585e-06,484,86544,20,0,19,20,0.0,-0.13271105083081872,0.0,0.0,4.41339259684803,3.8117186279370103,0.7794302933347527,0.2454242928452579,21240,488746.30125750817,771.7894736842105,18.186556188531455,2.1565244604652938e-07,4781.076426744939,0.0,0.0,0.0,0.0,0.0,0.0,0.0,0.0,0.0,0.0,0.0,unchanged
paxg_usdc_500,2026_05,paxg_usdc_500_month_25003567_25010766_w02,PAXG,4.108453423529993,normal,0.0,3.2454260892710996e-06,80,79776,10,0,1,9,0.0,-0.00980608833562194,0.0,0.0,0.270757629329535,0.2303920930481427,0.7570678048902241,0.7232250300842359,57696,348842.1757133973,1080,10.0,1.8288832812000603e-07,53384.43523350294,0.0,0.0,0.0,0.0,0.0,0.0,0.0,0.0,0.0,0.0,0.0,unchanged
paxg_usdc_500,2026_05,paxg_usdc_500_month_25003567_25010766_w02,PAXG,4.108453423529993,normal,0.25,3.2454260892710996e-06,80,79776,10,0,1,9,0.0,-0.00980608833562194,0.0,0.0,0.270757629329535,0.2303920930481427,0.7570678048902241,0.7232250300842359,57696,348842.1757133973,1080,10.462873311583902,1.8288832812000603e-07,53384.43523350294,0.0,0.0,0.0,0.0,0.0,0.0,0.0,0.0,0.0,0.0,0.0,unchanged
paxg_usdc_500,2026_05,paxg_usdc_500_month_25003567_25010766_w02,PAXG,4.108453423529993,normal,0.5,3.2454260892710996e-06,80,79776,10,0,1,9,0.0,-0.00980608833562194,0.0,0.0,0.270757629329535,0.2303920930481427,0.7570678048902241,0.7232250300842359,57696,348842.1757133973,1080,10.9257466231678,1.8288832812000603e-07,53384.43523350294,0.0,0.0,0.0,0.0,0.0,0.0,0.0,0.0,0.0,0.0,0.0,unchanged
paxg_usdc_500,2026_05,paxg_usdc_500_month_25003567_25010766_w02,PAXG,4.108453423529993,normal,1.0,3.2454260892710996e-06,80,79776,10,0,1,9,0.0,-0.00980608833562194,0.0,0.0,0.270757629329535,0.2303920930481427,0.7570678048902241,0.7232250300842359,57696,348842.1757133973,1080,11.851493246335604,1.8288832812000603e-07,53384.43523350294,0.0,0.0,0.0,0.0,0.0,0.0,0.0,0.0,0.0,0.0,0.0,unchanged
paxg_usdc_500,2026_05,paxg_usdc_500_month_25003567_25010766_w02,PAXG,4.108453423529993,normal,2.0,3.2454260892710996e-06,80,79776,10,0,1,9,0.0,-0.00980608833562194,0.0,0.0,0.270757629329535,0.2303920930481427,0.7570678048902241,0.7232250300842359,57696,348842.1757133973,1080,13.702986492671206,1.8288832812000603e-07,53384.43523350294,0.0,0.0,0.0,0.0,0.0,0.0,0.0,0.0,0.0,0.0,0.0,unchanged
paxg_usdc_500,2026_05,paxg_usdc_500_month_25197967_25205166_w29,PAXG,27.76714248266868,normal,0.0,3.317095271493105e-06,542,86220,11,0,11,11,0.0,-0.09181617015810865,0.0,0.0,2.525896940806563,2.186567903779987,0.7294184695696475,0.16450939457202504,14184,273613.71246363746,712.3636363636364,10.0,2.781504190801002e-07,171539.32997080995,0.0,0.0,0.0,0.0,0.0,0.0,0.0,0.0,0.0,0.0,0.0,unchanged
paxg_usdc_500,2026_05,paxg_usdc_500_month_25197967_25205166_w29,PAXG,27.76714248266868,normal,0.25,3.317095271493105e-06,542,86220,11,0,11,11,0.0,-0.09181617015810865,0.0,0.0,2.525896940806563,2.186567903779987,0.7294184695696475,0.16450939457202504,14184,273613.71246363746,712.3636363636364,11.095936602893135,2.781504190801002e-07,171539.32997080995,0.0,0.0,0.0,0.0,0.0,0.0,0.0,0.0,0.0,0.0,0.0,unchanged
paxg_usdc_500,2026_05,paxg_usdc_500_month_25197967_25205166_w29,PAXG,27.76714248266868,normal,0.5,3.317095271493105e-06,542,86220,11,0,11,11,0.0,-0.09181617015810865,0.0,0.0,2.525896940806563,2.186567903779987,0.7294184695696475,0.16450939457202504,14184,273613.71246363746,712.3636363636364,12.19187320578627,2.781504190801002e-07,171539.32997080995,0.0,0.0,0.0,0.0,0.0,0.0,0.0,0.0,0.0,0.0,0.0,unchanged
paxg_usdc_500,2026_05,paxg_usdc_500_month_25197967_25205166_w29,PAXG,27.76714248266868,normal,1.0,3.317095271493105e-06,542,86220,11,0,11,11,0.0,-0.09181617015810865,0.0,0.0,2.525896940806563,2.186567903779987,0.7294184695696475,0.16450939457202504,14184,273613.71246363746,712.3636363636364,14.38374641157254,2.781504190801002e-07,171539.32997080995,0.0,0.0,0.0,0.0,0.0,0.0,0.0,0.0,0.0,0.0,0.0,unchanged
paxg_usdc_500,2026_05,paxg_usdc_500_month_25197967_25205166_w29,PAXG,27.76714248266868,normal,2.0,3.317095271493105e-06,542,86220,11,0,11,11,0.0,-0.09181617015810865,0.0,0.0,2.525896940806563,2.186567903779987,0.7294184695696475,0.16450939457202504,14184,273613.71246363746,712.3636363636364,18.76749282314508,2.781504190801002e-07,171539.32997080995,0.0,0.0,0.0,0.0,0.0,0.0,0.0,0.0,0.0,0.0,0.0,unchanged
paxg_usdc_500,2026_05,paxg_usdc_500_month_25212367_25218797_w31,PAXG,11.49332773108572,normal,0.0,3.302303277598815e-06,204,76800,3,0,3,3,0.0,-0.22250721181683625,0.0,0.0,4.96412026303713,4.089968535673232,0.7454592780044818,0.6878125,52824,95508.04752496713,796,10.0,6.135415179215145e-07,2314159.8612541165,0.0,0.0,0.0,0.0,0.0,0.0,0.0,0.0,0.0,0.0,0.0,unchanged
paxg_usdc_500,2026_05,paxg_usdc_500_month_25212367_25218797_w31,PAXG,11.49332773108572,normal,0.25,3.302303277598815e-06,204,76800,3,0,3,3,0.0,-0.22250721181683625,0.0,0.0,4.96412026303713,4.089968535673232,0.7454592780044818,0.6878125,52824,95508.04752496713,796,11.353879158785668,6.135415179215145e-07,2314159.8612541165,0.0,0.0,0.0,0.0,0.0,0.0,0.0,0.0,0.0,0.0,0.0,unchanged
paxg_usdc_500,2026_05,paxg_usdc_500_month_25212367_25218797_w31,PAXG,11.49332773108572,normal,0.5,3.302303277598815e-06,204,76800,3,0,3,3,0.0,-0.22250721181683625,0.0,0.0,4.96412026303713,4.089968535673232,0.7454592780044818,0.6878125,52824,95508.04752496713,796,12.707758317571336,6.135415179215145e-07,2314159.8612541165,0.0,0.0,0.0,0.0,0.0,0.0,0.0,0.0,0.0,0.0,0.0,unchanged
paxg_usdc_500,2026_05,paxg_usdc_500_month_25212367_25218797_w31,PAXG,11.49332773108572,normal,1.0,3.302303277598815e-06,204,76800,3,0,3,3,0.0,-0.22250721181683625,0.0,0.0,4.96412026303713,4.089968535673232,0.7454592780044818,0.6878125,52824,95508.04752496713,796,15.415516635142673,6.135415179215145e-07,2314159.8612541165,0.0,0.0,0.0,0.0,0.0,0.0,0.0,0.0,0.0,0.0,0.0,unchanged
paxg_usdc_500,2026_05,paxg_usdc_500_month_25212367_25218797_w31,PAXG,11.49332773108572,normal,2.0,3.302303277598815e-06,204,76800,3,0,3,3,0.0,-0.22250721181683625,0.0,0.0,4.96412026303713,4.089968535673232,0.7454592780044818,0.6878125,52824,95508.04752496713,796,20.831033270285346,6.135415179215145e-07,2314159.8612541165,0.0,0.0,0.0,0.0,0.0,0.0,0.0,0.0,0.0,0.0,0.0,unchanged
paxg_usdc_500,2026_06,paxg_usdc_500_month_25218797_25225996_w01,PAXG,24.84177326850616,normal,0.0,3.304398969485655e-06,564,86328,33,0,9,33,0.0,-0.12521372288946003,0.0,0.0,3.6994868179564944,3.2558023160395564,0.7177865750359222,0.39671948846260774,34248,589760.1739773225,697.3333333333334,10.0,6.411611519899423e-07,123242.69594340351,0.0,0.0,0.0,0.0,0.0,0.0,0.0,0.0,0.0,0.0,0.0,unchanged
paxg_usdc_500,2026_06,paxg_usdc_500_month_25218797_25225996_w01,PAXG,24.84177326850616,normal,0.25,3.304398969485655e-06,564,86328,33,0,9,33,0.0,-0.12521372288946003,0.0,0.0,3.6994868179564944,3.2558023160395564,0.7177865750359222,0.39671948846260774,34248,589760.1739773225,697.3333333333334,11.523370714139402,6.411611519899423e-07,123242.69594340351,0.0,0.0,0.0,0.0,0.0,0.0,0.0,0.0,0.0,0.0,0.0,unchanged
paxg_usdc_500,2026_06,paxg_usdc_500_month_25218797_25225996_w01,PAXG,24.84177326850616,normal,0.5,3.304398969485655e-06,564,86328,33,0,9,33,0.0,-0.12521372288946003,0.0,0.0,3.6994868179564944,3.2558023160395564,0.7177865750359222,0.39671948846260774,34248,589760.1739773225,697.3333333333334,13.046741428278802,6.411611519899423e-07,123242.69594340351,0.0,0.0,0.0,0.0,0.0,0.0,0.0,0.0,0.0,0.0,0.0,unchanged
paxg_usdc_500,2026_06,paxg_usdc_500_month_25218797_25225996_w01,PAXG,24.84177326850616,normal,1.0,3.304398969485655e-06,564,86328,33,0,9,33,0.0,-0.12521372288946003,0.0,0.0,3.6994868179564944,3.2558023160395564,0.7177865750359222,0.39671948846260774,34248,589760.1739773225,697.3333333333334,16.093482856557603,6.411611519899423e-07,123242.69594340351,0.0,0.0,0.0,0.0,0.0,0.0,0.0,0.0,0.0,0.0,0.0,unchanged
paxg_usdc_500,2026_06,paxg_usdc_500_month_25218797_25225996_w01,PAXG,24.84177326850616,normal,2.0,3.304398969485655e-06,564,86328,33,0,9,33,0.0,-0.12521372288946003,0.0,0.0,3.6994868179564944,3.2558023160395564,0.7177865750359222,0.39671948846260774,34248,589760.1739773225,697.3333333333334,22.186965713115207,6.411611519899423e-07,123242.69594340351,0.0,0.0,0.0,0.0,0.0,0.0,0.0,0.0,0.0,0.0,0.0,unchanged
paxg_usdc_500,2026_06,paxg_usdc_500_month_25254797_25261996_w06,PAXG,2.552172579587726,normal,0.0,3.46760231159334e-06,288,85848,0,0,0,0,0.0,0.0,0.0,0.0,0.1436476759067369,0.1436476759067369,,0.7328767123287672,62916,398349.44684452657,,,,20127.24008761772,0.0,0.0,0.0,0.0,0.0,0.0,0.0,0.0,0.0,0.0,0.0,unchanged
paxg_usdc_500,2026_06,paxg_usdc_500_month_25254797_25261996_w06,PAXG,2.552172579587726,normal,0.25,3.46760231159334e-06,288,85848,0,0,0,0,0.0,0.0,0.0,0.0,0.1436476759067369,0.1436476759067369,,0.7328767123287672,62916,398349.44684452657,,,,20127.24008761772,0.0,0.0,0.0,0.0,0.0,0.0,0.0,0.0,0.0,0.0,0.0,unchanged
paxg_usdc_500,2026_06,paxg_usdc_500_month_25254797_25261996_w06,PAXG,2.552172579587726,normal,0.5,3.46760231159334e-06,288,85848,0,0,0,0,0.0,0.0,0.0,0.0,0.1436476759067369,0.1436476759067369,,0.7328767123287672,62916,398349.44684452657,,,,20127.24008761772,0.0,0.0,0.0,0.0,0.0,0.0,0.0,0.0,0.0,0.0,0.0,unchanged
paxg_usdc_500,2026_06,paxg_usdc_500_month_25254797_25261996_w06,PAXG,2.552172579587726,normal,1.0,3.46760231159334e-06,288,85848,0,0,0,0,0.0,0.0,0.0,0.0,0.1436476759067369,0.1436476759067369,,0.7328767123287672,62916,398349.44684452657,,,,20127.24008761772,0.0,0.0,0.0,0.0,0.0,0.0,0.0,0.0,0.0,0.0,0.0,unchanged
paxg_usdc_500,2026_06,paxg_usdc_500_month_25254797_25261996_w06,PAXG,2.552172579587726,normal,2.0,3.46760231159334e-06,288,85848,0,0,0,0,0.0,0.0,0.0,0.0,0.1436476759067369,0.1436476759067369,,0.7328767123287672,62916,398349.44684452657,,,,20127.24008761772,0.0,0.0,0.0,0.0,0.0,0.0,0.0,0.0,0.0,0.0,0.0,unchanged
paxg_usdc_500,2026_06,paxg_usdc_500_month_25413197_25420396_w28,PAXG,14.88950027962356,normal,0.0,3.6752170376531546e-06,322,85800,6,0,6,6,0.0,-0.004751101619324056,0.0,0.0,0.20376722691430726,0.1740603338035238,0.8400673674757517,0.6288111888111888,53952,254415.493632972,1260,10.0,3.199378921477304e-07,19779.527187710206,0.0,0.0,0.0,0.0,0.0,0.0,0.0,0.0,0.0,0.0,0.0,unchanged
paxg_usdc_500,2026_06,paxg_usdc_500_month_25413197_25420396_w28,PAXG,14.88950027962356,normal,0.25,3.6752170376531546e-06,322,85800,6,0,6,6,0.0,-0.004751101619324056,0.0,0.0,0.20376722691430726,0.1740603338035238,0.8400673674757517,0.6288111888111888,53952,254415.493632972,1260,10.86620064472949,3.199378921477304e-07,19779.527187710206,0.0,0.0,0.0,0.0,0.0,0.0,0.0,0.0,0.0,0.0,0.0,unchanged
paxg_usdc_500,2026_06,paxg_usdc_500_month_25413197_25420396_w28,PAXG,14.88950027962356,normal,0.5,3.6752170376531546e-06,322,85800,6,0,6,6,0.0,-0.004751101619324056,0.0,0.0,0.20376722691430726,0.1740603338035238,0.8400673674757517,0.6288111888111888,53952,254415.493632972,1260,11.73240128945898,3.199378921477304e-07,19779.527187710206,0.0,0.0,0.0,0.0,0.0,0.0,0.0,0.0,0.0,0.0,0.0,unchanged
paxg_usdc_500,2026_06,paxg_usdc_500_month_25413197_25420396_w28,PAXG,14.88950027962356,normal,1.0,3.6752170376531546e-06,322,85800,6,0,6,6,0.0,-0.004751101619324056,0.0,0.0,0.20376722691430726,0.1740603338035238,0.8400673674757517,0.6288111888111888,53952,254415.493632972,1260,13.464802578917961,3.199378921477304e-07,19779.527187710206,0.0,0.0,0.0,0.0,0.0,0.0,0.0,0.0,0.0,0.0,0.0,unchanged
paxg_usdc_500,2026_06,paxg_usdc_500_month_25413197_25420396_w28,PAXG,14.88950027962356,normal,2.0,3.6752170376531546e-06,322,85800,6,0,6,6,0.0,-0.004751101619324056,0.0,0.0,0.20376722691430726,0.1740603338035238,0.8400673674757517,0.6288111888111888,53952,254415.493632972,1260,16.929605157835923,3.199378921477304e-07,19779.527187710206,0.0,0.0,0.0,0.0,0.0,0.0,0.0,0.0,0.0,0.0,0.0,unchanged
paxg_usdc_500,2026_06,paxg_usdc_500_month_25427597_25433938_w30,PAXG,27.66697963662596,normal,0.0,3.7230252454522353e-06,478,76164,11,0,10,11,0.0,-0.05138686181443873,0.0,0.0,1.1645801823238977,1.032102176510344,0.612110240497133,0.17252245155191429,13140,379355.5018581654,828,10.0,2.901441686117735e-07,27165.469252769955,0.0,0.0,0.0,0.0,0.0,0.0,0.0,0.0,0.0,0.0,0.0,unchanged
paxg_usdc_500,2026_06,paxg_usdc_500_month_25427597_25433938_w30,PAXG,27.66697963662596,normal,0.25,3.7230252454522353e-06,478,76164,11,0,10,11,0.0,-0.05138686181443873,0.0,0.0,1.1645801823238977,1.032102176510344,0.612110240497133,0.17252245155191429,13140,379355.5018581654,828,11.141992811863048,2.901441686117735e-07,27165.469252769955,0.0,0.0,0.0,0.0,0.0,0.0,0.0,0.0,0.0,0.0,0.0,unchanged
paxg_usdc_500,2026_06,paxg_usdc_500_month_25427597_25433938_w30,PAXG,27.66697963662596,normal,0.5,3.7230252454522353e-06,478,76164,11,0,10,11,0.0,-0.05138686181443873,0.0,0.0,1.1645801823238977,1.032102176510344,0.612110240497133,0.17252245155191429,13140,379355.5018581654,828,12.283985623726096,2.901441686117735e-07,27165.469252769955,0.0,0.0,0.0,0.0,0.0,0.0,0.0,0.0,0.0,0.0,0.0,unchanged
paxg_usdc_500,2026_06,paxg_usdc_500_month_25427597_25433938_w30,PAXG,27.66697963662596,normal,1.0,3.7230252454522353e-06,478,76164,11,0,10,11,0.0,-0.05138686181443873,0.0,0.0,1.1645801823238977,1.032102176510344,0.612110240497133,0.17252245155191429,13140,379355.5018581654,828,14.567971247452192,2.901441686117735e-07,27165.469252769955,0.0,0.0,0.0,0.0,0.0,0.0,0.0,0.0,0.0,0.0,0.0,unchanged
paxg_usdc_500,2026_06,paxg_usdc_500_month_25427597_25433938_w30,PAXG,27.66697963662596,normal,2.0,3.7230252454522353e-06,478,76164,11,0,10,11,0.0,-0.05138686181443873,0.0,0.0,1.1645801823238977,1.032102176510344,0.612110240497133,0.17252245155191429,13140,379355.5018581654,828,19.135942494904384,2.901441686117735e-07,27165.469252769955,0.0,0.0,0.0,0.0,0.0,0.0,0.0,0.0,0.0,0.0,0.0,unchanged
eurc_usdc_500,2026_01,eurc_usdc_500_month_24136052_24143251_w01,EURC,3.0759834888733657,normal,0.0,0.01277338886854281,119,86400,6,0,0,6,0.0,0.0,0.0,0.0,5696.002916147011,5696.002916147011,,1.0,86400,538347.1039810402,,10.0,1.5000000331107653e-06,8461.236369432327,0.0,0.0,0.0,0.0,0.0,0.0,0.0,0.0,0.0,0.0,0.0,unchanged
eurc_usdc_500,2026_01,eurc_usdc_500_month_24136052_24143251_w01,EURC,3.0759834888733657,normal,0.25,0.01277338886854281,119,86400,6,0,0,6,0.0,0.0,0.0,0.0,5696.002916147011,5696.002916147011,,1.0,86400,538347.1039810402,,12.795270687734464,1.5000000331107653e-06,8461.236369432327,0.0,0.0,0.0,0.0,0.0,0.0,0.0,0.0,0.0,0.0,0.0,unchanged
eurc_usdc_500,2026_01,eurc_usdc_500_month_24136052_24143251_w01,EURC,3.0759834888733657,normal,0.5,0.01277338886854281,119,86400,6,0,0,6,0.0,0.0,0.0,0.0,5696.002916147011,5696.002916147011,,1.0,86400,538347.1039810402,,15.590541375468927,1.5000000331107653e-06,8461.236369432327,0.0,0.0,0.0,0.0,0.0,0.0,0.0,0.0,0.0,0.0,0.0,unchanged
eurc_usdc_500,2026_01,eurc_usdc_500_month_24136052_24143251_w01,EURC,3.0759834888733657,normal,1.0,0.01277338886854281,119,86400,6,0,0,6,0.0,0.0,0.0,0.0,5696.002916147011,5696.002916147011,,1.0,86400,538347.1039810402,,21.181082750937854,1.5000000331107653e-06,8461.236369432327,0.0,0.0,0.0,0.0,0.0,0.0,0.0,0.0,0.0,0.0,0.0,unchanged
eurc_usdc_500,2026_01,eurc_usdc_500_month_24136052_24143251_w01,EURC,3.0759834888733657,normal,2.0,0.01277338886854281,119,86400,6,0,0,6,0.0,0.0,0.0,0.0,5696.002916147011,5696.002916147011,,1.0,86400,538347.1039810402,,32.36216550187571,1.5000000331107653e-06,8461.236369432327,0.0,0.0,0.0,0.0,0.0,0.0,0.0,0.0,0.0,0.0,0.0,unchanged
eurc_usdc_500,2026_01,eurc_usdc_500_month_24150452_24157651_w03,EURC,13.88636600927824,normal,0.0,0.01277949579478773,181,86496,5,0,0,5,0.0,0.0,0.0,0.0,8706.513466297953,8706.513466297953,,0.7175360710321864,62064,504005.47641234903,,10.0,1.440004462498391e-06,2466.7522232492115,0.0,0.0,0.0,0.0,0.0,0.0,0.0,0.0,0.0,0.0,0.0,unchanged
eurc_usdc_500,2026_01,eurc_usdc_500_month_24150452_24157651_w03,EURC,13.88636600927824,normal,0.25,0.01277949579478773,181,86496,5,0,0,5,0.0,0.0,0.0,0.0,8706.513466297953,8706.513466297953,,0.7175360710321864,62064,504005.47641234903,,12.68564337802746,1.440004462498391e-06,2466.7522232492115,0.0,0.0,0.0,0.0,0.0,0.0,0.0,0.0,0.0,0.0,0.0,unchanged
eurc_usdc_500,2026_01,eurc_usdc_500_month_24150452_24157651_w03,EURC,13.88636600927824,normal,0.5,0.01277949579478773,181,86496,5,0,0,5,0.0,0.0,0.0,0.0,8706.513466297953,8706.513466297953,,0.7175360710321864,62064,504005.47641234903,,15.371286756054923,1.440004462498391e-06,2466.7522232492115,0.0,0.0,0.0,0.0,0.0,0.0,0.0,0.0,0.0,0.0,0.0,unchanged
eurc_usdc_500,2026_01,eurc_usdc_500_month_24150452_24157651_w03,EURC,13.88636600927824,normal,1.0,0.01277949579478773,181,86496,5,0,0,5,0.0,0.0,0.0,0.0,8706.513466297953,8706.513466297953,,0.7175360710321864,62064,504005.47641234903,,20.742573512109846,1.440004462498391e-06,2466.7522232492115,0.0,0.0,0.0,0.0,0.0,0.0,0.0,0.0,0.0,0.0,0.0,unchanged
eurc_usdc_500,2026_01,eurc_usdc_500_month_24150452_24157651_w03,EURC,13.88636600927824,normal,2.0,0.01277949579478773,181,86496,5,0,0,5,0.0,0.0,0.0,0.0,8706.513466297953,8706.513466297953,,0.7175360710321864,62064,504005.47641234903,,31.485147024219692,1.440004462498391e-06,2466.7522232492115,0.0,0.0,0.0,0.0,0.0,0.0,0.0,0.0,0.0,0.0,0.0,unchanged
eurc_usdc_500,2026_01,eurc_usdc_500_month_24344852_24352051_w30,EURC,12.067941515474455,normal,0.0,0.012565247775112818,726,86604,3,0,3,3,0.0,-199.42676241354863,0.0,0.0,10301.986670753718,9004.623700488015,0.8462829855759599,0.3288069835111542,28476,84317.31179580037,812,10.0,6.154789045802906e-07,36622.13721548067,0.0,0.0,0.0,0.0,0.0,0.0,0.0,0.0,0.0,0.0,0.0,unchanged
eurc_usdc_500,2026_01,eurc_usdc_500_month_24344852_24352051_w30,EURC,12.067941515474455,normal,0.25,0.012565247775112818,726,86604,3,0,3,3,0.0,-199.42676241354863,0.0,0.0,10301.986670753718,9004.623700488015,0.8462829855759599,0.3288069835111542,28476,84317.31179580037,812,11.370802444474142,6.154789045802906e-07,36622.13721548067,0.0,0.0,0.0,0.0,0.0,0.0,0.0,0.0,0.0,0.0,0.0,unchanged
eurc_usdc_500,2026_01,eurc_usdc_500_month_24344852_24352051_w30,EURC,12.067941515474455,normal,0.5,0.012565247775112818,726,86604,3,0,3,3,0.0,-199.42676241354863,0.0,0.0,10301.986670753718,9004.623700488015,0.8462829855759599,0.3288069835111542,28476,84317.31179580037,812,12.741604888948286,6.154789045802906e-07,36622.13721548067,0.0,0.0,0.0,0.0,0.0,0.0,0.0,0.0,0.0,0.0,0.0,unchanged
eurc_usdc_500,2026_01,eurc_usdc_500_month_24344852_24352051_w30,EURC,12.067941515474455,normal,1.0,0.012565247775112818,726,86604,3,0,3,3,0.0,-199.42676241354863,0.0,0.0,10301.986670753718,9004.623700488015,0.8462829855759599,0.3288069835111542,28476,84317.31179580037,812,15.483209777896572,6.154789045802906e-07,36622.13721548067,0.0,0.0,0.0,0.0,0.0,0.0,0.0,0.0,0.0,0.0,0.0,unchanged
eurc_usdc_500,2026_01,eurc_usdc_500_month_24344852_24352051_w30,EURC,12.067941515474455,normal,2.0,0.012565247775112818,726,86604,3,0,3,3,0.0,-199.42676241354863,0.0,0.0,10301.986670753718,9004.623700488015,0.8462829855759599,0.3288069835111542,28476,84317.31179580037,812,20.966419555793145,6.154789045802906e-07,36622.13721548067,0.0,0.0,0.0,0.0,0.0,0.0,0.0,0.0,0.0,0.0,0.0,unchanged
eurc_usdc_500,2026_01,eurc_usdc_500_month_24352052_24358292_w31,EURC,8.192749609021583,normal,0.0,0.012640920248633955,503,74376,2,0,2,2,0.0,-411.6265224925881,0.0,0.0,19938.45114341331,17964.487000241945,0.7914721379734538,0.6834462729912875,50832,175943.81038613463,1014,10.0,9.063808223207205e-07,41435.58700130139,0.0,0.0,0.0,0.0,0.0,0.0,0.0,0.0,0.0,0.0,0.0,unchanged
eurc_usdc_500,2026_01,eurc_usdc_500_month_24352052_24358292_w31,EURC,8.192749609021583,normal,0.25,0.012640920248633955,503,74376,2,0,2,2,0.0,-411.6265224925881,0.0,0.0,19938.45114341331,17964.487000241945,0.7914721379734538,0.6834462729912875,50832,175943.81038613463,1014,11.818260294971658,9.063808223207205e-07,41435.58700130139,0.0,0.0,0.0,0.0,0.0,0.0,0.0,0.0,0.0,0.0,0.0,unchanged
eurc_usdc_500,2026_01,eurc_usdc_500_month_24352052_24358292_w31,EURC,8.192749609021583,normal,0.5,0.012640920248633955,503,74376,2,0,2,2,0.0,-411.6265224925881,0.0,0.0,19938.45114341331,17964.487000241945,0.7914721379734538,0.6834462729912875,50832,175943.81038613463,1014,13.63652058994332,9.063808223207205e-07,41435.58700130139,0.0,0.0,0.0,0.0,0.0,0.0,0.0,0.0,0.0,0.0,0.0,unchanged
eurc_usdc_500,2026_01,eurc_usdc_500_month_24352052_24358292_w31,EURC,8.192749609021583,normal,1.0,0.012640920248633955,503,74376,2,0,2,2,0.0,-411.6265224925881,0.0,0.0,19938.45114341331,17964.487000241945,0.7914721379734538,0.6834462729912875,50832,175943.81038613463,1014,17.273041179886636,9.063808223207205e-07,41435.58700130139,0.0,0.0,0.0,0.0,0.0,0.0,0.0,0.0,0.0,0.0,0.0,unchanged
eurc_usdc_500,2026_01,eurc_usdc_500_month_24352052_24358292_w31,EURC,8.192749609021583,normal,2.0,0.012640920248633955,503,74376,2,0,2,2,0.0,-411.6265224925881,0.0,0.0,19938.45114341331,17964.487000241945,0.7914721379734538,0.6834462729912875,50832,175943.81038613463,1014,24.546082359773276,9.063808223207205e-07,41435.58700130139,0.0,0.0,0.0,0.0,0.0,0.0,0.0,0.0,0.0,0.0,0.0,unchanged
eurc_usdc_500,2026_02,eurc_usdc_500_month_24358292_24365491_w01,EURC,4.855933380978151,normal,0.0,0.012693043636292806,451,86856,1,0,1,1,0.0,-98.43197653762465,0.0,0.0,9421.34428595349,8866.779095188778,0.822506031433576,0.9053605968499585,78636,497087.1833424775,996,10.0,7.383825370643053e-09,3408.9457042655495,0.0,0.0,0.0,0.0,0.0,0.0,0.0,0.0,0.0,0.0,0.0,unchanged
eurc_usdc_500,2026_02,eurc_usdc_500_month_24358292_24365491_w01,EURC,4.855933380978151,normal,0.25,0.012693043636292806,451,86856,1,0,1,1,0.0,-98.43197653762465,0.0,0.0,9421.34428595349,8866.779095188778,0.822506031433576,0.9053605968499585,78636,497087.1833424775,996,10.214822970295355,7.383825370643053e-09,3408.9457042655495,0.0,0.0,0.0,0.0,0.0,0.0,0.0,0.0,0.0,0.0,0.0,unchanged
eurc_usdc_500,2026_02,eurc_usdc_500_month_24358292_24365491_w01,EURC,4.855933380978151,normal,0.5,0.012693043636292806,451,86856,1,0,1,1,0.0,-98.43197653762465,0.0,0.0,9421.34428595349,8866.779095188778,0.822506031433576,0.9053605968499585,78636,497087.1833424775,996,10.42964594059071,7.383825370643053e-09,3408.9457042655495,0.0,0.0,0.0,0.0,0.0,0.0,0.0,0.0,0.0,0.0,0.0,unchanged
eurc_usdc_500,2026_02,eurc_usdc_500_month_24358292_24365491_w01,EURC,4.855933380978151,normal,1.0,0.012693043636292806,451,86856,1,0,1,1,0.0,-98.43197653762465,0.0,0.0,9421.34428595349,8866.779095188778,0.822506031433576,0.9053605968499585,78636,497087.1833424775,996,10.85929188118142,7.383825370643053e-09,3408.9457042655495,0.0,0.0,0.0,0.0,0.0,0.0,0.0,0.0,0.0,0.0,0.0,unchanged
eurc_usdc_500,2026_02,eurc_usdc_500_month_24358292_24365491_w01,EURC,4.855933380978151,normal,2.0,0.012693043636292806,451,86856,1,0,1,1,0.0,-98.43197653762465,0.0,0.0,9421.34428595349,8866.779095188778,0.822506031433576,0.9053605968499585,78636,497087.1833424775,996,11.718583762362842,7.383825370643053e-09,3408.9457042655495,0.0,0.0,0.0,0.0,0.0,0.0,0.0,0.0,0.0,0.0,0.0,unchanged
eurc_usdc_500,2026_02,eurc_usdc_500_month_24365492_24372691_w02,EURC,9.900715379122591,normal,0.0,0.012661613521453221,674,86796,1,0,1,1,0.0,-239.6808416570197,0.0,0.0,22051.67130772861,20870.603415730355,0.7970642980976291,0.34826489699986174,30228,121797.80014333985,648,10.0,1.863719009399852e-08,5547.951702726495,0.0,0.0,0.0,0.0,0.0,0.0,0.0,0.0,0.0,0.0,0.0,unchanged
eurc_usdc_500,2026_02,eurc_usdc_500_month_24365492_24372691_w02,EURC,9.900715379122591,normal,0.25,0.012661613521453221,674,86796,1,0,1,1,0.0,-239.6808416570197,0.0,0.0,22051.67130772861,20870.603415730355,0.7970642980976291,0.34826489699986174,30228,121797.80014333985,648,10.341295235957801,1.863719009399852e-08,5547.951702726495,0.0,0.0,0.0,0.0,0.0,0.0,0.0,0.0,0.0,0.0,0.0,unchanged
eurc_usdc_500,2026_02,eurc_usdc_500_month_24365492_24372691_w02,EURC,9.900715379122591,normal,0.5,0.012661613521453221,674,86796,1,0,1,1,0.0,-239.6808416570197,0.0,0.0,22051.67130772861,20870.603415730355,0.7970642980976291,0.34826489699986174,30228,121797.80014333985,648,10.682590471915601,1.863719009399852e-08,5547.951702726495,0.0,0.0,0.0,0.0,0.0,0.0,0.0,0.0,0.0,0.0,0.0,unchanged
eurc_usdc_500,2026_02,eurc_usdc_500_month_24365492_24372691_w02,EURC,9.900715379122591,normal,1.0,0.012661613521453221,674,86796,1,0,1,1,0.0,-239.6808416570197,0.0,0.0,22051.67130772861,20870.603415730355,0.7970642980976291,0.34826489699986174,30228,121797.80014333985,648,11.365180943831202,1.863719009399852e-08,5547.951702726495,0.0,0.0,0.0,0.0,0.0,0.0,0.0,0.0,0.0,0.0,0.0,unchanged
eurc_usdc_500,2026_02,eurc_usdc_500_month_24365492_24372691_w02,EURC,9.900715379122591,normal,2.0,0.012661613521453221,674,86796,1,0,1,1,0.0,-239.6808416570197,0.0,0.0,22051.67130772861,20870.603415730355,0.7970642980976291,0.34826489699986174,30228,121797.80014333985,648,12.730361887662404,1.863719009399852e-08,5547.951702726495,0.0,0.0,0.0,0.0,0.0,0.0,0.0,0.0,0.0,0.0,0.0,unchanged
eurc_usdc_500,2026_02,eurc_usdc_500_month_24545492_24552691_w27,EURC,26.610333472299143,normal,0.0,0.012737560059400167,352,86136,57,0,0,56,0.0,0.0,0.0,0.0,345819.8861320019,345819.8861320019,,0.8459180830314851,72864,1315736.6971972026,,10.0,2.491392163342646e-07,1130.4002379368994,0.0,0.0,0.0,0.0,0.0,0.0,0.0,0.0,0.0,0.0,0.0,unchanged
eurc_usdc_500,2026_02,eurc_usdc_500_month_24545492_24552691_w27,EURC,26.610333472299143,normal,0.25,0.012737560059400167,352,86136,57,0,0,56,0.0,0.0,0.0,0.0,345819.8861320019,345819.8861320019,,0.8459180830314851,72864,1315736.6971972026,,11.072601632977914,2.491392163342646e-07,1130.4002379368994,0.0,0.0,0.0,0.0,0.0,0.0,0.0,0.0,0.0,0.0,0.0,unchanged
eurc_usdc_500,2026_02,eurc_usdc_500_month_24545492_24552691_w27,EURC,26.610333472299143,normal,0.5,0.012737560059400167,352,86136,57,0,0,56,0.0,0.0,0.0,0.0,345819.8861320019,345819.8861320019,,0.8459180830314851,72864,1315736.6971972026,,12.14520326595583,2.491392163342646e-07,1130.4002379368994,0.0,0.0,0.0,0.0,0.0,0.0,0.0,0.0,0.0,0.0,0.0,unchanged
eurc_usdc_500,2026_02,eurc_usdc_500_month_24545492_24552691_w27,EURC,26.610333472299143,normal,1.0,0.012737560059400167,352,86136,57,0,0,56,0.0,0.0,0.0,0.0,345819.8861320019,345819.8861320019,,0.8459180830314851,72864,1315736.6971972026,,14.290406531911662,2.491392163342646e-07,1130.4002379368994,0.0,0.0,0.0,0.0,0.0,0.0,0.0,0.0,0.0,0.0,0.0,unchanged
eurc_usdc_500,2026_02,eurc_usdc_500_month_24545492_24552691_w27,EURC,26.610333472299143,normal,2.0,0.012737560059400167,352,86136,57,0,0,56,0.0,0.0,0.0,0.0,345819.8861320019,345819.8861320019,,0.8459180830314851,72864,1315736.6971972026,,18.58081306382332,2.491392163342646e-07,1130.4002379368994,0.0,0.0,0.0,0.0,0.0,0.0,0.0,0.0,0.0,0.0,0.0,unchanged
eurc_usdc_500,2026_02,eurc_usdc_500_month_24552692_24558867_w28,EURC,,,0.0,0.01271634236445967,252,73272,47,0,0,46,0.0,0.0,0.0,0.0,183972.056222152,183972.056222152,,0.7777595807402555,56988,799625.8298369966,,10.0,1.8e-06,1424.99597693008,0.0,0.0,0.0,0.0,0.0,0.0,0.0,0.0,0.0,0.0,0.0,unchanged
eurc_usdc_500,2026_02,eurc_usdc_500_month_24552692_24558867_w28,EURC,,,0.25,0.01271634236445967,252,73272,47,0,0,46,0.0,0.0,0.0,0.0,183972.056222152,183972.056222152,,0.7777595807402555,56988,799625.8298369966,,13.354101966249685,1.8e-06,1424.99597693008,0.0,0.0,0.0,0.0,0.0,0.0,0.0,0.0,0.0,0.0,0.0,unchanged
eurc_usdc_500,2026_02,eurc_usdc_500_month_24552692_24558867_w28,EURC,,,0.5,0.01271634236445967,252,73272,47,0,0,46,0.0,0.0,0.0,0.0,183972.056222152,183972.056222152,,0.7777595807402555,56988,799625.8298369966,,16.70820393249937,1.8e-06,1424.99597693008,0.0,0.0,0.0,0.0,0.0,0.0,0.0,0.0,0.0,0.0,0.0,unchanged
eurc_usdc_500,2026_02,eurc_usdc_500_month_24552692_24558867_w28,EURC,,,1.0,0.01271634236445967,252,73272,47,0,0,46,0.0,0.0,0.0,0.0,183972.056222152,183972.056222152,,0.7777595807402555,56988,799625.8298369966,,23.41640786499874,1.8e-06,1424.99597693008,0.0,0.0,0.0,0.0,0.0,0.0,0.0,0.0,0.0,0.0,0.0,unchanged
eurc_usdc_500,2026_02,eurc_usdc_500_month_24552692_24558867_w28,EURC,,,2.0,0.01271634236445967,252,73272,47,0,0,46,0.0,0.0,0.0,0.0,183972.056222152,183972.056222152,,0.7777595807402555,56988,799625.8298369966,,36.83281572999748,1.8e-06,1424.99597693008,0.0,0.0,0.0,0.0,0.0,0.0,0.0,0.0,0.0,0.0,0.0,unchanged
eurc_usdc_500,2026_03,eurc_usdc_500_month_24558867_24566066_w01,EURC,4.692427216075146,normal,0.0,0.01271634236445967,465,84912,56,0,0,55,0.0,0.0,0.0,0.0,413252.3013078296,413252.3013078296,,1.0,84912,880150.369463871,,10.0,6.089395939787127e-09,1996.2600950051724,0.0,0.0,0.0,0.0,0.0,0.0,0.0,0.0,0.0,0.0,0.0,unchanged
eurc_usdc_500,2026_03,eurc_usdc_500_month_24558867_24566066_w01,EURC,4.692427216075146,normal,0.25,0.01271634236445967,465,84912,56,0,0,55,0.0,0.0,0.0,0.0,413252.3013078296,413252.3013078296,,1.0,84912,880150.369463871,,10.193922893647366,6.089395939787127e-09,1996.2600950051724,0.0,0.0,0.0,0.0,0.0,0.0,0.0,0.0,0.0,0.0,0.0,unchanged
eurc_usdc_500,2026_03,eurc_usdc_500_month_24558867_24566066_w01,EURC,4.692427216075146,normal,0.5,0.01271634236445967,465,84912,56,0,0,55,0.0,0.0,0.0,0.0,413252.3013078296,413252.3013078296,,1.0,84912,880150.369463871,,10.387845787294733,6.089395939787127e-09,1996.2600950051724,0.0,0.0,0.0,0.0,0.0,0.0,0.0,0.0,0.0,0.0,0.0,unchanged
eurc_usdc_500,2026_03,eurc_usdc_500_month_24558867_24566066_w01,EURC,4.692427216075146,normal,1.0,0.01271634236445967,465,84912,56,0,0,55,0.0,0.0,0.0,0.0,413252.3013078296,413252.3013078296,,1.0,84912,880150.369463871,,10.775691574589466,6.089395939787127e-09,1996.2600950051724,0.0,0.0,0.0,0.0,0.0,0.0,0.0,0.0,0.0,0.0,0.0,unchanged
eurc_usdc_500,2026_03,eurc_usdc_500_month_24558867_24566066_w01,EURC,4.692427216075146,normal,2.0,0.01271634236445967,465,84912,56,0,0,55,0.0,0.0,0.0,0.0,413252.3013078296,413252.3013078296,,1.0,84912,880150.369463871,,11.551383149178932,6.089395939787127e-09,1996.2600950051724,0.0,0.0,0.0,0.0,0.0,0.0,0.0,0.0,0.0,0.0,0.0,unchanged
eurc_usdc_500,2026_03,eurc_usdc_500_month_24566067_24573266_w02,EURC,13.589408535403253,normal,0.0,0.012746929264740123,702,86388,2,0,2,2,0.0,-235.83496564929555,0.0,0.0,16100.339782228346,14565.980709754465,0.8462974085531011,0.3417141269620781,29520,45548.23751080267,648,10.0,9.899260888526977e-07,71605.33379726832,0.0,0.0,0.0,0.0,0.0,0.0,0.0,0.0,0.0,0.0,0.0,unchanged
eurc_usdc_500,2026_03,eurc_usdc_500_month_24566067_24573266_w02,EURC,13.589408535403253,normal,0.25,0.012746929264740123,702,86388,2,0,2,2,0.0,-235.83496564929555,0.0,0.0,16100.339782228346,14565.980709754465,0.8462974085531011,0.3417141269620781,29520,45548.23751080267,648,11.977400046508286,9.899260888526977e-07,71605.33379726832,0.0,0.0,0.0,0.0,0.0,0.0,0.0,0.0,0.0,0.0,0.0,unchanged
eurc_usdc_500,2026_03,eurc_usdc_500_month_24566067_24573266_w02,EURC,13.589408535403253,normal,0.5,0.012746929264740123,702,86388,2,0,2,2,0.0,-235.83496564929555,0.0,0.0,16100.339782228346,14565.980709754465,0.8462974085531011,0.3417141269620781,29520,45548.23751080267,648,13.954800093016573,9.899260888526977e-07,71605.33379726832,0.0,0.0,0.0,0.0,0.0,0.0,0.0,0.0,0.0,0.0,0.0,unchanged
eurc_usdc_500,2026_03,eurc_usdc_500_month_24566067_24573266_w02,EURC,13.589408535403253,normal,1.0,0.012746929264740123,702,86388,2,0,2,2,0.0,-235.83496564929555,0.0,0.0,16100.339782228346,14565.980709754465,0.8462974085531011,0.3417141269620781,29520,45548.23751080267,648,17.909600186033146,9.899260888526977e-07,71605.33379726832,0.0,0.0,0.0,0.0,0.0,0.0,0.0,0.0,0.0,0.0,0.0,unchanged
eurc_usdc_500,2026_03,eurc_usdc_500_month_24566067_24573266_w02,EURC,13.589408535403253,normal,2.0,0.012746929264740123,702,86388,2,0,2,2,0.0,-235.83496564929555,0.0,0.0,16100.339782228346,14565.980709754465,0.8462974085531011,0.3417141269620781,29520,45548.23751080267,648,25.819200372066295,9.899260888526977e-07,71605.33379726832,0.0,0.0,0.0,0.0,0.0,0.0,0.0,0.0,0.0,0.0,0.0,unchanged
eurc_usdc_500,2026_03,eurc_usdc_500_month_24760467_24767666_w29,EURC,,,0.0,0.01304439627626406,147,86160,0,0,0,0,0.0,0.0,0.0,0.0,444.6965625697707,444.6965625697707,,0.6810584958217271,58680,122683.53840454142,,,,9600.775484438127,0.0,0.0,0.0,0.0,0.0,0.0,0.0,0.0,0.0,0.0,0.0,unchanged
eurc_usdc_500,2026_03,eurc_usdc_500_month_24760467_24767666_w29,EURC,,,0.25,0.01304439627626406,147,86160,0,0,0,0,0.0,0.0,0.0,0.0,444.6965625697707,444.6965625697707,,0.6810584958217271,58680,122683.53840454142,,,,9600.775484438127,0.0,0.0,0.0,0.0,0.0,0.0,0.0,0.0,0.0,0.0,0.0,unchanged
eurc_usdc_500,2026_03,eurc_usdc_500_month_24760467_24767666_w29,EURC,,,0.5,0.01304439627626406,147,86160,0,0,0,0,0.0,0.0,0.0,0.0,444.6965625697707,444.6965625697707,,0.6810584958217271,58680,122683.53840454142,,,,9600.775484438127,0.0,0.0,0.0,0.0,0.0,0.0,0.0,0.0,0.0,0.0,0.0,unchanged
eurc_usdc_500,2026_03,eurc_usdc_500_month_24760467_24767666_w29,EURC,,,1.0,0.01304439627626406,147,86160,0,0,0,0,0.0,0.0,0.0,0.0,444.6965625697707,444.6965625697707,,0.6810584958217271,58680,122683.53840454142,,,,9600.775484438127,0.0,0.0,0.0,0.0,0.0,0.0,0.0,0.0,0.0,0.0,0.0,unchanged
eurc_usdc_500,2026_03,eurc_usdc_500_month_24760467_24767666_w29,EURC,,,2.0,0.01304439627626406,147,86160,0,0,0,0,0.0,0.0,0.0,0.0,444.6965625697707,444.6965625697707,,0.6810584958217271,58680,122683.53840454142,,,,9600.775484438127,0.0,0.0,0.0,0.0,0.0,0.0,0.0,0.0,0.0,0.0,0.0,unchanged
eurc_usdc_500,2026_03,eurc_usdc_500_month_24774867_24781026_w31,EURC,12.142780351936873,normal,0.0,0.013090083121237751,385,73824,27,0,2,27,0.0,-424.1619480911453,0.0,0.0,39339.47431905249,37480.6905069978,0.7718067344140044,0.34947984395318593,25800,452540.31372287706,726,10.0,2.1007687663531683e-07,1308.8118108601268,0.0,0.0,0.0,0.0,0.0,0.0,0.0,0.0,0.0,0.0,0.0,unchanged
eurc_usdc_500,2026_03,eurc_usdc_500_month_24774867_24781026_w31,EURC,12.142780351936873,normal,0.25,0.013090083121237751,385,73824,27,0,2,27,0.0,-424.1619480911453,0.0,0.0,39339.47431905249,37480.6905069978,0.7718067344140044,0.34947984395318593,25800,452540.31372287706,726,10.51776598874582,2.1007687663531683e-07,1308.8118108601268,0.0,0.0,0.0,0.0,0.0,0.0,0.0,0.0,0.0,0.0,0.0,unchanged
eurc_usdc_500,2026_03,eurc_usdc_500_month_24774867_24781026_w31,EURC,12.142780351936873,normal,0.5,0.013090083121237751,385,73824,27,0,2,27,0.0,-424.1619480911453,0.0,0.0,39339.47431905249,37480.6905069978,0.7718067344140044,0.34947984395318593,25800,452540.31372287706,726,11.03553197749164,2.1007687663531683e-07,1308.8118108601268,0.0,0.0,0.0,0.0,0.0,0.0,0.0,0.0,0.0,0.0,0.0,unchanged
eurc_usdc_500,2026_03,eurc_usdc_500_month_24774867_24781026_w31,EURC,12.142780351936873,normal,1.0,0.013090083121237751,385,73824,27,0,2,27,0.0,-424.1619480911453,0.0,0.0,39339.47431905249,37480.6905069978,0.7718067344140044,0.34947984395318593,25800,452540.31372287706,726,12.071063954983282,2.1007687663531683e-07,1308.8118108601268,0.0,0.0,0.0,0.0,0.0,0.0,0.0,0.0,0.0,0.0,0.0,unchanged
eurc_usdc_500,2026_03,eurc_usdc_500_month_24774867_24781026_w31,EURC,12.142780351936873,normal,2.0,0.013090083121237751,385,73824,27,0,2,27,0.0,-424.1619480911453,0.0,0.0,39339.47431905249,37480.6905069978,0.7718067344140044,0.34947984395318593,25800,452540.31372287706,726,14.142127909966565,2.1007687663531683e-07,1308.8118108601268,0.0,0.0,0.0,0.0,0.0,0.0,0.0,0.0,0.0,0.0,0.0,unchanged
eurc_usdc_500,2026_04,eurc_usdc_500_month_24781026_24788225_w01,EURC,9.421229779057432,normal,0.0,0.012971456473412938,362,86436,1,0,1,1,0.0,-65.29101645897676,0.0,0.0,2791.4977032013194,2286.8182061856405,0.8706287518215776,0.35943356934610576,31068,74095.70163240534,624,10.0,1.687572639550509e-08,10534.06317380143,0.0,0.0,0.0,0.0,0.0,0.0,0.0,0.0,0.0,0.0,0.0,unchanged
eurc_usdc_500,2026_04,eurc_usdc_500_month_24781026_24788225_w01,EURC,9.421229779057432,normal,0.25,0.012971456473412938,362,86436,1,0,1,1,0.0,-65.29101645897676,0.0,0.0,2791.4977032013194,2286.8182061856405,0.8706287518215776,0.35943356934610576,31068,74095.70163240534,624,10.324766516087953,1.687572639550509e-08,10534.06317380143,0.0,0.0,0.0,0.0,0.0,0.0,0.0,0.0,0.0,0.0,0.0,unchanged
eurc_usdc_500,2026_04,eurc_usdc_500_month_24781026_24788225_w01,EURC,9.421229779057432,normal,0.5,0.012971456473412938,362,86436,1,0,1,1,0.0,-65.29101645897676,0.0,0.0,2791.4977032013194,2286.8182061856405,0.8706287518215776,0.35943356934610576,31068,74095.70163240534,624,10.649533032175906,1.687572639550509e-08,10534.06317380143,0.0,0.0,0.0,0.0,0.0,0.0,0.0,0.0,0.0,0.0,0.0,unchanged
eurc_usdc_500,2026_04,eurc_usdc_500_month_24781026_24788225_w01,EURC,9.421229779057432,normal,1.0,0.012971456473412938,362,86436,1,0,1,1,0.0,-65.29101645897676,0.0,0.0,2791.4977032013194,2286.8182061856405,0.8706287518215776,0.35943356934610576,31068,74095.70163240534,624,11.299066064351813,1.687572639550509e-08,10534.06317380143,0.0,0.0,0.0,0.0,0.0,0.0,0.0,0.0,0.0,0.0,0.0,unchanged
eurc_usdc_500,2026_04,eurc_usdc_500_month_24781026_24788225_w01,EURC,9.421229779057432,normal,2.0,0.012971456473412938,362,86436,1,0,1,1,0.0,-65.29101645897676,0.0,0.0,2791.4977032013194,2286.8182061856405,0.8706287518215776,0.35943356934610576,31068,74095.70163240534,624,12.598132128703625,1.687572639550509e-08,10534.06317380143,0.0,0.0,0.0,0.0,0.0,0.0,0.0,0.0,0.0,0.0,0.0,unchanged
eurc_usdc_500,2026_04,eurc_usdc_500_month_24802626_24809825_w04,EURC,0.14894151479155984,normal,0.0,0.013021769562306072,83,85236,0,0,0,0,0.0,0.0,0.0,0.0,331.28657470340244,331.28657470340244,,0.7168801914683937,61104,125614.62393515297,,,,9736.574683900502,0.0,0.0,0.0,0.0,0.0,0.0,0.0,0.0,0.0,0.0,0.0,unchanged
eurc_usdc_500,2026_04,eurc_usdc_500_month_24802626_24809825_w04,EURC,0.14894151479155984,normal,0.25,0.013021769562306072,83,85236,0,0,0,0,0.0,0.0,0.0,0.0,331.28657470340244,331.28657470340244,,0.7168801914683937,61104,125614.62393515297,,,,9736.574683900502,0.0,0.0,0.0,0.0,0.0,0.0,0.0,0.0,0.0,0.0,0.0,unchanged
eurc_usdc_500,2026_04,eurc_usdc_500_month_24802626_24809825_w04,EURC,0.14894151479155984,normal,0.5,0.013021769562306072,83,85236,0,0,0,0,0.0,0.0,0.0,0.0,331.28657470340244,331.28657470340244,,0.7168801914683937,61104,125614.62393515297,,,,9736.574683900502,0.0,0.0,0.0,0.0,0.0,0.0,0.0,0.0,0.0,0.0,0.0,unchanged
eurc_usdc_500,2026_04,eurc_usdc_500_month_24802626_24809825_w04,EURC,0.14894151479155984,normal,1.0,0.013021769562306072,83,85236,0,0,0,0,0.0,0.0,0.0,0.0,331.28657470340244,331.28657470340244,,0.7168801914683937,61104,125614.62393515297,,,,9736.574683900502,0.0,0.0,0.0,0.0,0.0,0.0,0.0,0.0,0.0,0.0,0.0,unchanged
eurc_usdc_500,2026_04,eurc_usdc_500_month_24802626_24809825_w04,EURC,0.14894151479155984,normal,2.0,0.013021769562306072,83,85236,0,0,0,0,0.0,0.0,0.0,0.0,331.28657470340244,331.28657470340244,,0.7168801914683937,61104,125614.62393515297,,,,9736.574683900502,0.0,0.0,0.0,0.0,0.0,0.0,0.0,0.0,0.0,0.0,0.0,unchanged
eurc_usdc_500,2026_04,eurc_usdc_500_month_24961026_24968225_w26,EURC,0.26192423988707386,normal,0.0,0.012800967866088636,113,85128,0,0,0,0,0.0,0.0,0.0,0.0,381.57436937862155,381.57436937862155,,0.79771638003947,67908,149097.93300325284,,,,9084.544656164548,0.0,0.0,0.0,0.0,0.0,0.0,0.0,0.0,0.0,0.0,0.0,unchanged
eurc_usdc_500,2026_04,eurc_usdc_500_month_24961026_24968225_w26,EURC,0.26192423988707386,normal,0.25,0.012800967866088636,113,85128,0,0,0,0,0.0,0.0,0.0,0.0,381.57436937862155,381.57436937862155,,0.79771638003947,67908,149097.93300325284,,,,9084.544656164548,0.0,0.0,0.0,0.0,0.0,0.0,0.0,0.0,0.0,0.0,0.0,unchanged
eurc_usdc_500,2026_04,eurc_usdc_500_month_24961026_24968225_w26,EURC,0.26192423988707386,normal,0.5,0.012800967866088636,113,85128,0,0,0,0,0.0,0.0,0.0,0.0,381.57436937862155,381.57436937862155,,0.79771638003947,67908,149097.93300325284,,,,9084.544656164548,0.0,0.0,0.0,0.0,0.0,0.0,0.0,0.0,0.0,0.0,0.0,unchanged
eurc_usdc_500,2026_04,eurc_usdc_500_month_24961026_24968225_w26,EURC,0.26192423988707386,normal,1.0,0.012800967866088636,113,85128,0,0,0,0,0.0,0.0,0.0,0.0,381.57436937862155,381.57436937862155,,0.79771638003947,67908,149097.93300325284,,,,9084.544656164548,0.0,0.0,0.0,0.0,0.0,0.0,0.0,0.0,0.0,0.0,0.0,unchanged
eurc_usdc_500,2026_04,eurc_usdc_500_month_24961026_24968225_w26,EURC,0.26192423988707386,normal,2.0,0.012800967866088636,113,85128,0,0,0,0,0.0,0.0,0.0,0.0,381.57436937862155,381.57436937862155,,0.79771638003947,67908,149097.93300325284,,,,9084.544656164548,0.0,0.0,0.0,0.0,0.0,0.0,0.0,0.0,0.0,0.0,0.0,unchanged
eurc_usdc_500,2026_04,eurc_usdc_500_month_24989826_24996367_w30,EURC,15.46199539666925,normal,0.0,0.012853794364318855,250,77292,4,0,1,4,0.0,-11.506166362976073,0.0,0.0,7018.163013793907,6679.50080400069,0.966024652204326,0.17186772240335352,13284,136042.1068715228,612,10.0,1.3613636636648518e-06,1993.768587069189,0.0,0.0,0.0,0.0,0.0,0.0,0.0,0.0,0.0,0.0,0.0,unchanged
eurc_usdc_500,2026_04,eurc_usdc_500_month_24989826_24996367_w30,EURC,15.46199539666925,normal,0.25,0.012853794364318855,250,77292,4,0,1,4,0.0,-11.506166362976073,0.0,0.0,7018.163013793907,6679.50080400069,0.966024652204326,0.17186772240335352,13284,136042.1068715228,612,12.648827082476988,1.3613636636648518e-06,1993.768587069189,0.0,0.0,0.0,0.0,0.0,0.0,0.0,0.0,0.0,0.0,0.0,unchanged
eurc_usdc_500,2026_04,eurc_usdc_500_month_24989826_24996367_w30,EURC,15.46199539666925,normal,0.5,0.012853794364318855,250,77292,4,0,1,4,0.0,-11.506166362976073,0.0,0.0,7018.163013793907,6679.50080400069,0.966024652204326,0.17186772240335352,13284,136042.1068715228,612,15.297654164953977,1.3613636636648518e-06,1993.768587069189,0.0,0.0,0.0,0.0,0.0,0.0,0.0,0.0,0.0,0.0,0.0,unchanged
eurc_usdc_500,2026_04,eurc_usdc_500_month_24989826_24996367_w30,EURC,15.46199539666925,normal,1.0,0.012853794364318855,250,77292,4,0,1,4,0.0,-11.506166362976073,0.0,0.0,7018.163013793907,6679.50080400069,0.966024652204326,0.17186772240335352,13284,136042.1068715228,612,20.595308329907954,1.3613636636648518e-06,1993.768587069189,0.0,0.0,0.0,0.0,0.0,0.0,0.0,0.0,0.0,0.0,0.0,unchanged
eurc_usdc_500,2026_04,eurc_usdc_500_month_24989826_24996367_w30,EURC,15.46199539666925,normal,2.0,0.012853794364318855,250,77292,4,0,1,4,0.0,-11.506166362976073,0.0,0.0,7018.163013793907,6679.50080400069,0.966024652204326,0.17186772240335352,13284,136042.1068715228,612,31.19061665981591,1.3613636636648518e-06,1993.768587069189,0.0,0.0,0.0,0.0,0.0,0.0,0.0,0.0,0.0,0.0,0.0,unchanged
eurc_usdc_500,2026_05,eurc_usdc_500_month_24996367_25003566_w01,EURC,8.839321258160092,normal,0.0,0.012813270381652512,201,83040,4,0,4,4,0.0,-376.5998394734757,0.0,0.0,10903.14919086193,8451.40074164188,0.8463954001507455,0.1939306358381503,16104,278781.1411491232,2709,10.0,4.7327429633878456e-07,14207.924500709352,0.0,0.0,0.0,0.0,0.0,0.0,0.0,0.0,0.0,0.0,0.0,unchanged
eurc_usdc_500,2026_05,eurc_usdc_500_month_24996367_25003566_w01,EURC,8.839321258160092,normal,0.25,0.012813270381652512,201,83040,4,0,4,4,0.0,-376.5998394734757,0.0,0.0,10903.14919086193,8451.40074164188,0.8463954001507455,0.1939306358381503,16104,278781.1411491232,2709,11.150133836116018,4.7327429633878456e-07,14207.924500709352,0.0,0.0,0.0,0.0,0.0,0.0,0.0,0.0,0.0,0.0,0.0,unchanged
eurc_usdc_500,2026_05,eurc_usdc_500_month_24996367_25003566_w01,EURC,8.839321258160092,normal,0.5,0.012813270381652512,201,83040,4,0,4,4,0.0,-376.5998394734757,0.0,0.0,10903.14919086193,8451.40074164188,0.8463954001507455,0.1939306358381503,16104,278781.1411491232,2709,12.300267672232035,4.7327429633878456e-07,14207.924500709352,0.0,0.0,0.0,0.0,0.0,0.0,0.0,0.0,0.0,0.0,0.0,unchanged
eurc_usdc_500,2026_05,eurc_usdc_500_month_24996367_25003566_w01,EURC,8.839321258160092,normal,1.0,0.012813270381652512,201,83040,4,0,4,4,0.0,-376.5998394734757,0.0,0.0,10903.14919086193,8451.40074164188,0.8463954001507455,0.1939306358381503,16104,278781.1411491232,2709,14.60053534446407,4.7327429633878456e-07,14207.924500709352,0.0,0.0,0.0,0.0,0.0,0.0,0.0,0.0,0.0,0.0,0.0,unchanged
eurc_usdc_500,2026_05,eurc_usdc_500_month_24996367_25003566_w01,EURC,8.839321258160092,normal,2.0,0.012813270381652512,201,83040,4,0,4,4,0.0,-376.5998394734757,0.0,0.0,10903.14919086193,8451.40074164188,0.8463954001507455,0.1939306358381503,16104,278781.1411491232,2709,19.201070688928137,4.7327429633878456e-07,14207.924500709352,0.0,0.0,0.0,0.0,0.0,0.0,0.0,0.0,0.0,0.0,0.0,unchanged
eurc_usdc_500,2026_05,eurc_usdc_500_month_25003567_25010766_w02,EURC,4.009661202563226,normal,0.0,0.012775612732466067,87,81108,18,0,0,18,0.0,0.0,0.0,0.0,8291.483772393723,8291.483772393723,,0.738126941855304,59868,522734.67389761115,,10.0,1.0001125077311915e-07,14186.57231907309,0.0,0.0,0.0,0.0,0.0,0.0,0.0,0.0,0.0,0.0,0.0,unchanged
eurc_usdc_500,2026_05,eurc_usdc_500_month_25003567_25010766_w02,EURC,4.009661202563226,normal,0.25,0.012775612732466067,87,81108,18,0,0,18,0.0,0.0,0.0,0.0,8291.483772393723,8291.483772393723,,0.738126941855304,59868,522734.67389761115,,10.194488281133356,1.0001125077311915e-07,14186.57231907309,0.0,0.0,0.0,0.0,0.0,0.0,0.0,0.0,0.0,0.0,0.0,unchanged
eurc_usdc_500,2026_05,eurc_usdc_500_month_25003567_25010766_w02,EURC,4.009661202563226,normal,0.5,0.012775612732466067,87,81108,18,0,0,18,0.0,0.0,0.0,0.0,8291.483772393723,8291.483772393723,,0.738126941855304,59868,522734.67389761115,,10.388976562266711,1.0001125077311915e-07,14186.57231907309,0.0,0.0,0.0,0.0,0.0,0.0,0.0,0.0,0.0,0.0,0.0,unchanged
eurc_usdc_500,2026_05,eurc_usdc_500_month_25003567_25010766_w02,EURC,4.009661202563226,normal,1.0,0.012775612732466067,87,81108,18,0,0,18,0.0,0.0,0.0,0.0,8291.483772393723,8291.483772393723,,0.738126941855304,59868,522734.67389761115,,10.777953124533422,1.0001125077311915e-07,14186.57231907309,0.0,0.0,0.0,0.0,0.0,0.0,0.0,0.0,0.0,0.0,0.0,unchanged
eurc_usdc_500,2026_05,eurc_usdc_500_month_25003567_25010766_w02,EURC,4.009661202563226,normal,2.0,0.012775612732466067,87,81108,18,0,0,18,0.0,0.0,0.0,0.0,8291.483772393723,8291.483772393723,,0.738126941855304,59868,522734.67389761115,,11.555906249066842,1.0001125077311915e-07,14186.57231907309,0.0,0.0,0.0,0.0,0.0,0.0,0.0,0.0,0.0,0.0,0.0,unchanged
eurc_usdc_500,2026_05,eurc_usdc_500_month_25197967_25205166_w29,EURC,9.967715473042793,normal,0.0,0.012882714376304383,210,84444,1,0,1,1,0.0,-72.08837409602555,0.0,0.0,4568.080581764874,4090.828939723139,0.8489510192408696,0.3781440954952395,31932,263193.2910907229,1116,10.0,1.889028666657858e-08,5077.180855958642,0.0,0.0,0.0,0.0,0.0,0.0,0.0,0.0,0.0,0.0,0.0,unchanged
eurc_usdc_500,2026_05,eurc_usdc_500_month_25197967_25205166_w29,EURC,9.967715473042793,normal,0.25,0.012882714376304383,210,84444,1,0,1,1,0.0,-72.08837409602555,0.0,0.0,4568.080581764874,4090.828939723139,0.8489510192408696,0.3781440954952395,31932,263193.2910907229,1116,10.343604848141169,1.889028666657858e-08,5077.180855958642,0.0,0.0,0.0,0.0,0.0,0.0,0.0,0.0,0.0,0.0,0.0,unchanged
eurc_usdc_500,2026_05,eurc_usdc_500_month_25197967_25205166_w29,EURC,9.967715473042793,normal,0.5,0.012882714376304383,210,84444,1,0,1,1,0.0,-72.08837409602555,0.0,0.0,4568.080581764874,4090.828939723139,0.8489510192408696,0.3781440954952395,31932,263193.2910907229,1116,10.68720969628234,1.889028666657858e-08,5077.180855958642,0.0,0.0,0.0,0.0,0.0,0.0,0.0,0.0,0.0,0.0,0.0,unchanged
eurc_usdc_500,2026_05,eurc_usdc_500_month_25197967_25205166_w29,EURC,9.967715473042793,normal,1.0,0.012882714376304383,210,84444,1,0,1,1,0.0,-72.08837409602555,0.0,0.0,4568.080581764874,4090.828939723139,0.8489510192408696,0.3781440954952395,31932,263193.2910907229,1116,11.374419392564677,1.889028666657858e-08,5077.180855958642,0.0,0.0,0.0,0.0,0.0,0.0,0.0,0.0,0.0,0.0,0.0,unchanged
eurc_usdc_500,2026_05,eurc_usdc_500_month_25197967_25205166_w29,EURC,9.967715473042793,normal,2.0,0.012882714376304383,210,84444,1,0,1,1,0.0,-72.08837409602555,0.0,0.0,4568.080581764874,4090.828939723139,0.8489510192408696,0.3781440954952395,31932,263193.2910907229,1116,12.748838785129356,1.889028666657858e-08,5077.180855958642,0.0,0.0,0.0,0.0,0.0,0.0,0.0,0.0,0.0,0.0,0.0,unchanged
eurc_usdc_500,2026_05,eurc_usdc_500_month_25212367_25218797_w31,EURC,0.47686357344292285,normal,0.0,0.012862588564179074,97,71232,0,0,0,0,0.0,0.0,0.0,0.0,25.160370938387377,25.160370938387377,,0.8502358490566038,60564,45575.971991256556,,,,40863.91085240476,0.0,0.0,0.0,0.0,0.0,0.0,0.0,0.0,0.0,0.0,0.0,unchanged
eurc_usdc_500,2026_05,eurc_usdc_500_month_25212367_25218797_w31,EURC,0.47686357344292285,normal,0.25,0.012862588564179074,97,71232,0,0,0,0,0.0,0.0,0.0,0.0,25.160370938387377,25.160370938387377,,0.8502358490566038,60564,45575.971991256556,,,,40863.91085240476,0.0,0.0,0.0,0.0,0.0,0.0,0.0,0.0,0.0,0.0,0.0,unchanged
eurc_usdc_500,2026_05,eurc_usdc_500_month_25212367_25218797_w31,EURC,0.47686357344292285,normal,0.5,0.012862588564179074,97,71232,0,0,0,0,0.0,0.0,0.0,0.0,25.160370938387377,25.160370938387377,,0.8502358490566038,60564,45575.971991256556,,,,40863.91085240476,0.0,0.0,0.0,0.0,0.0,0.0,0.0,0.0,0.0,0.0,0.0,unchanged
eurc_usdc_500,2026_05,eurc_usdc_500_month_25212367_25218797_w31,EURC,0.47686357344292285,normal,1.0,0.012862588564179074,97,71232,0,0,0,0,0.0,0.0,0.0,0.0,25.160370938387377,25.160370938387377,,0.8502358490566038,60564,45575.971991256556,,,,40863.91085240476,0.0,0.0,0.0,0.0,0.0,0.0,0.0,0.0,0.0,0.0,0.0,unchanged
eurc_usdc_500,2026_05,eurc_usdc_500_month_25212367_25218797_w31,EURC,0.47686357344292285,normal,2.0,0.012862588564179074,97,71232,0,0,0,0,0.0,0.0,0.0,0.0,25.160370938387377,25.160370938387377,,0.8502358490566038,60564,45575.971991256556,,,,40863.91085240476,0.0,0.0,0.0,0.0,0.0,0.0,0.0,0.0,0.0,0.0,0.0,unchanged
eurc_usdc_500,2026_06,eurc_usdc_500_month_25218797_25225996_w01,EURC,5.9845332312709845,normal,0.0,0.012864520012114774,168,85464,1,0,1,1,0.0,-63.51904893171076,0.0,0.0,3594.6748079328822,3137.9971665639664,0.860910534745452,0.5808761583824769,49644,141141.99449103244,624,10.0,6.809384363104937e-09,7545.6748947482,0.0,0.0,0.0,0.0,0.0,0.0,0.0,0.0,0.0,0.0,0.0,unchanged
eurc_usdc_500,2026_06,eurc_usdc_500_month_25218797_25225996_w01,EURC,5.9845332312709845,normal,0.25,0.012864520012114774,168,85464,1,0,1,1,0.0,-63.51904893171076,0.0,0.0,3594.6748079328822,3137.9971665639664,0.860910534745452,0.5808761583824769,49644,141141.99449103244,624,10.206297484883859,6.809384363104937e-09,7545.6748947482,0.0,0.0,0.0,0.0,0.0,0.0,0.0,0.0,0.0,0.0,0.0,unchanged
eurc_usdc_500,2026_06,eurc_usdc_500_month_25218797_25225996_w01,EURC,5.9845332312709845,normal,0.5,0.012864520012114774,168,85464,1,0,1,1,0.0,-63.51904893171076,0.0,0.0,3594.6748079328822,3137.9971665639664,0.860910534745452,0.5808761583824769,49644,141141.99449103244,624,10.412594969767717,6.809384363104937e-09,7545.6748947482,0.0,0.0,0.0,0.0,0.0,0.0,0.0,0.0,0.0,0.0,0.0,unchanged
eurc_usdc_500,2026_06,eurc_usdc_500_month_25218797_25225996_w01,EURC,5.9845332312709845,normal,1.0,0.012864520012114774,168,85464,1,0,1,1,0.0,-63.51904893171076,0.0,0.0,3594.6748079328822,3137.9971665639664,0.860910534745452,0.5808761583824769,49644,141141.99449103244,624,10.825189939535434,6.809384363104937e-09,7545.6748947482,0.0,0.0,0.0,0.0,0.0,0.0,0.0,0.0,0.0,0.0,0.0,unchanged
eurc_usdc_500,2026_06,eurc_usdc_500_month_25218797_25225996_w01,EURC,5.9845332312709845,normal,2.0,0.012864520012114774,168,85464,1,0,1,1,0.0,-63.51904893171076,0.0,0.0,3594.6748079328822,3137.9971665639664,0.860910534745452,0.5808761583824769,49644,141141.99449103244,624,11.650379879070869,6.809384363104937e-09,7545.6748947482,0.0,0.0,0.0,0.0,0.0,0.0,0.0,0.0,0.0,0.0,0.0,unchanged
eurc_usdc_500,2026_06,eurc_usdc_500_month_25254797_25261996_w06,EURC,7.952710682031173,normal,0.0,0.013004772330896815,126,83880,27,0,0,26,0.0,0.0,0.0,0.0,4195.105420298712,4195.105420298712,,0.751788268955651,63060,806690.761766624,,10.0,2.035630810774613e-07,1553.6527317102134,0.0,0.0,0.0,0.0,0.0,0.0,0.0,0.0,0.0,0.0,0.0,unchanged
eurc_usdc_500,2026_06,eurc_usdc_500_month_25254797_25261996_w06,EURC,7.952710682031173,normal,0.25,0.013004772330896815,126,83880,27,0,0,26,0.0,0.0,0.0,0.0,4195.105420298712,4195.105420298712,,0.751788268955651,63060,806690.761766624,,10.454720348794599,2.035630810774613e-07,1553.6527317102134,0.0,0.0,0.0,0.0,0.0,0.0,0.0,0.0,0.0,0.0,0.0,unchanged
eurc_usdc_500,2026_06,eurc_usdc_500_month_25254797_25261996_w06,EURC,7.952710682031173,normal,0.5,0.013004772330896815,126,83880,27,0,0,26,0.0,0.0,0.0,0.0,4195.105420298712,4195.105420298712,,0.751788268955651,63060,806690.761766624,,10.909440697589199,2.035630810774613e-07,1553.6527317102134,0.0,0.0,0.0,0.0,0.0,0.0,0.0,0.0,0.0,0.0,0.0,unchanged
eurc_usdc_500,2026_06,eurc_usdc_500_month_25254797_25261996_w06,EURC,7.952710682031173,normal,1.0,0.013004772330896815,126,83880,27,0,0,26,0.0,0.0,0.0,0.0,4195.105420298712,4195.105420298712,,0.751788268955651,63060,806690.761766624,,11.818881395178394,2.035630810774613e-07,1553.6527317102134,0.0,0.0,0.0,0.0,0.0,0.0,0.0,0.0,0.0,0.0,0.0,unchanged
eurc_usdc_500,2026_06,eurc_usdc_500_month_25254797_25261996_w06,EURC,7.952710682031173,normal,2.0,0.013004772330896815,126,83880,27,0,0,26,0.0,0.0,0.0,0.0,4195.105420298712,4195.105420298712,,0.751788268955651,63060,806690.761766624,,13.63776279035679,2.035630810774613e-07,1553.6527317102134,0.0,0.0,0.0,0.0,0.0,0.0,0.0,0.0,0.0,0.0,0.0,unchanged
eurc_usdc_500,2026_06,eurc_usdc_500_month_25413197_25420396_w28,EURC,0.970295188629801,normal,0.0,0.013162369550420166,88,77448,30,0,0,30,0.0,0.0,0.0,0.0,3739.7170834215317,3739.7170834215317,,0.9048651998760459,70080,873004.1605114858,,10.0,1.2015929393288465e-07,1620.0506420537452,0.0,0.0,0.0,0.0,0.0,0.0,0.0,0.0,0.0,0.0,0.0,unchanged
eurc_usdc_500,2026_06,eurc_usdc_500_month_25413197_25420396_w28,EURC,0.970295188629801,normal,0.25,0.013162369550420166,88,77448,30,0,0,30,0.0,0.0,0.0,0.0,3739.7170834215317,3739.7170834215317,,0.9048651998760459,70080,873004.1605114858,,10.254079300692645,1.2015929393288465e-07,1620.0506420537452,0.0,0.0,0.0,0.0,0.0,0.0,0.0,0.0,0.0,0.0,0.0,unchanged
eurc_usdc_500,2026_06,eurc_usdc_500_month_25413197_25420396_w28,EURC,0.970295188629801,normal,0.5,0.013162369550420166,88,77448,30,0,0,30,0.0,0.0,0.0,0.0,3739.7170834215317,3739.7170834215317,,0.9048651998760459,70080,873004.1605114858,,10.50815860138529,1.2015929393288465e-07,1620.0506420537452,0.0,0.0,0.0,0.0,0.0,0.0,0.0,0.0,0.0,0.0,0.0,unchanged
eurc_usdc_500,2026_06,eurc_usdc_500_month_25413197_25420396_w28,EURC,0.970295188629801,normal,1.0,0.013162369550420166,88,77448,30,0,0,30,0.0,0.0,0.0,0.0,3739.7170834215317,3739.7170834215317,,0.9048651998760459,70080,873004.1605114858,,11.01631720277058,1.2015929393288465e-07,1620.0506420537452,0.0,0.0,0.0,0.0,0.0,0.0,0.0,0.0,0.0,0.0,0.0,unchanged
eurc_usdc_500,2026_06,eurc_usdc_500_month_25413197_25420396_w28,EURC,0.970295188629801,normal,2.0,0.013162369550420166,88,77448,30,0,0,30,0.0,0.0,0.0,0.0,3739.7170834215317,3739.7170834215317,,0.9048651998760459,70080,873004.1605114858,,12.03263440554116,1.2015929393288465e-07,1620.0506420537452,0.0,0.0,0.0,0.0,0.0,0.0,0.0,0.0,0.0,0.0,0.0,unchanged
eurc_usdc_500,2026_06,eurc_usdc_500_month_25427597_25433938_w30,EURC,10.302813770037464,normal,0.0,0.013166958278465849,178,72708,38,0,0,38,0.0,0.0,0.0,0.0,23596.237531346724,23596.237531346724,,0.8047532596137976,58512,901709.9271977503,,10.0,1.0271847159130988e-07,1239.5877902294992,0.0,0.0,0.0,0.0,0.0,0.0,0.0,0.0,0.0,0.0,0.0,unchanged
eurc_usdc_500,2026_06,eurc_usdc_500_month_25427597_25433938_w30,EURC,10.302813770037464,normal,0.25,0.013166958278465849,178,72708,38,0,0,38,0.0,0.0,0.0,0.0,23596.237531346724,23596.237531346724,,0.8047532596137976,58512,901709.9271977503,,10.323957823311058,1.0271847159130988e-07,1239.5877902294992,0.0,0.0,0.0,0.0,0.0,0.0,0.0,0.0,0.0,0.0,0.0,unchanged
eurc_usdc_500,2026_06,eurc_usdc_500_month_25427597_25433938_w30,EURC,10.302813770037464,normal,0.5,0.013166958278465849,178,72708,38,0,0,38,0.0,0.0,0.0,0.0,23596.237531346724,23596.237531346724,,0.8047532596137976,58512,901709.9271977503,,10.647915646622117,1.0271847159130988e-07,1239.5877902294992,0.0,0.0,0.0,0.0,0.0,0.0,0.0,0.0,0.0,0.0,0.0,unchanged
eurc_usdc_500,2026_06,eurc_usdc_500_month_25427597_25433938_w30,EURC,10.302813770037464,normal,1.0,0.013166958278465849,178,72708,38,0,0,38,0.0,0.0,0.0,0.0,23596.237531346724,23596.237531346724,,0.8047532596137976,58512,901709.9271977503,,11.295831293244232,1.0271847159130988e-07,1239.5877902294992,0.0,0.0,0.0,0.0,0.0,0.0,0.0,0.0,0.0,0.0,0.0,unchanged
eurc_usdc_500,2026_06,eurc_usdc_500_month_25427597_25433938_w30,EURC,10.302813770037464,normal,2.0,0.013166958278465849,178,72708,38,0,0,38,0.0,0.0,0.0,0.0,23596.237531346724,23596.237531346724,,0.8047532596137976,58512,901709.9271977503,,12.591662586488464,1.0271847159130988e-07,1239.5877902294992,0.0,0.0,0.0,0.0,0.0,0.0,0.0,0.0,0.0,0.0,0.0,unchanged
