window_id,primary_oracle_source,timestamp,price
link_weth_3000_month_23479243_23486442_w01,chainlink,1759276559,0.005144424905512773
link_weth_3000_month_23479243_23486442_w01,chainlink,1759278227,0.005117479890055579
link_weth_3000_month_23479243_23486442_w01,chainlink,1759279103,0.005091145309293906
link_weth_3000_month_23479243_23486442_w01,chainlink,1759280147,0.005121391909773481
link_weth_3000_month_23479243_23486442_w01,chainlink,1759280195,0.005121385504405405
link_weth_3000_month_23479243_23486442_w01,chainlink,1759282223,0.005147105811634783
link_weth_3000_month_23479243_23486442_w01,chainlink,1759283135,0.005120544884827086
link_weth_3000_month_23479243_23486442_w01,chainlink,1759283387,0.005146370323442317
link_weth_3000_month_23479243_23486442_w01,chainlink,1759285727,0.005177222730599848
link_weth_3000_month_23479243_23486442_w01,chainlink,1759286423,0.005150771444996596
link_weth_3000_month_23479243_23486442_w01,chainlink,1759286759,0.005164609556550323
link_weth_3000_month_23479243_23486442_w01,chainlink,1759288619,0.005138417341153852
link_weth_3000_month_23479243_23486442_w01,chainlink,1759290359,0.005110689403884842
link_weth_3000_month_23479243_23486442_w01,chainlink,1759290395,0.005135385438110919
link_weth_3000_month_23479243_23486442_w01,chainlink,1759293035,0.005165836274245248
link_weth_3000_month_23479243_23486442_w01,chainlink,1759293179,0.005140041910563531
link_weth_3000_month_23479243_23486442_w01,chainlink,1759294391,0.005112973436594032
link_weth_3000_month_23479243_23486442_w01,chainlink,1759295591,0.005143787877694293
link_weth_3000_month_23479243_23486442_w01,chainlink,1759296755,0.005116864750617711
link_weth_3000_month_23479243_23486442_w01,chainlink,1759296791,0.005128461603278004
link_weth_3000_month_23479243_23486442_w01,chainlink,1759300367,0.00512390782794864
link_weth_3000_month_23479243_23486442_w01,chainlink,1759300415,0.005135486457206776
link_weth_3000_month_23479243_23486442_w01,chainlink,1759301507,0.005108343495938621
link_weth_3000_month_23479243_23486442_w01,chainlink,1759302827,0.005133994423295777
link_weth_3000_month_23479243_23486442_w01,chainlink,1759303907,0.005159798154576817
link_weth_3000_month_23479243_23486442_w01,chainlink,1759304051,0.005158660840008725
link_weth_3000_month_23479243_23486442_w01,chainlink,1759305635,0.005148536740064337
link_weth_3000_month_23479243_23486442_w01,chainlink,1759305647,0.005144088235885614
link_weth_3000_month_23479243_23486442_w01,chainlink,1759307375,0.005172544569255574
link_weth_3000_month_23479243_23486442_w01,chainlink,1759307495,0.005144668587190937
link_weth_3000_month_23479243_23486442_w01,chainlink,1759307531,0.005116931943967326
link_weth_3000_month_23479243_23486442_w01,chainlink,1759307543,0.005155492576052521
link_weth_3000_month_23479243_23486442_w01,chainlink,1759307723,0.0051814954769266
link_weth_3000_month_23479243_23486442_w01,chainlink,1759307807,0.005153155628924118
link_weth_3000_month_23479243_23486442_w01,chainlink,1759307963,0.005180514650330833
link_weth_3000_month_23479243_23486442_w01,chainlink,1759308131,0.005153478778051949
link_weth_3000_month_23479243_23486442_w01,chainlink,1759308179,0.00517925279767194
link_weth_3000_month_23479243_23486442_w01,chainlink,1759308323,0.005140134684077999
link_weth_3000_month_23479243_23486442_w01,chainlink,1759308431,0.005167376705510335
link_weth_3000_month_23479243_23486442_w01,chainlink,1759308551,0.00514057877315814
link_weth_3000_month_23479243_23486442_w01,chainlink,1759308659,0.005170863482002006
link_weth_3000_month_23479243_23486442_w01,chainlink,1759308659,0.005139471584782906
link_weth_3000_month_23479243_23486442_w01,chainlink,1759308803,0.005112168737644805
link_weth_3000_month_23479243_23486442_w01,chainlink,1759308815,0.00514526647178921
link_weth_3000_month_23479243_23486442_w01,chainlink,1759309223,0.005172561934261236
link_weth_3000_month_23479243_23486442_w01,chainlink,1759312427,0.005150395285004602
link_weth_3000_month_23479243_23486442_w01,chainlink,1759312859,0.005168030628395748
link_weth_3000_month_23479243_23486442_w01,chainlink,1759313303,0.005141723560517466
link_weth_3000_month_23479243_23486442_w01,chainlink,1759314791,0.005168619164058283
link_weth_3000_month_23479243_23486442_w01,chainlink,1759316903,0.005195948061261396
link_weth_3000_month_23479243_23486442_w01,chainlink,1759318415,0.005175624782422371
link_weth_3000_month_23479243_23486442_w01,chainlink,1759318775,0.005145129416666445
link_weth_3000_month_23479243_23486442_w01,chainlink,1759320035,0.00517337741787186
link_weth_3000_month_23479243_23486442_w01,chainlink,1759322039,0.005174387471597024
link_weth_3000_month_23479243_23486442_w01,chainlink,1759323455,0.005144655337651453
link_weth_3000_month_23479243_23486442_w01,chainlink,1759324511,0.005171876998387414
link_weth_3000_month_23479243_23486442_w01,chainlink,1759325651,0.005182994583891444
link_weth_3000_month_23479243_23486442_w01,chainlink,1759327535,0.005154357596256312
link_weth_3000_month_23479243_23486442_w01,chainlink,1759328147,0.005165476428207385
link_weth_3000_month_23479243_23486442_w01,chainlink,1759329311,0.005192095630820553
link_weth_3000_month_23479243_23486442_w01,chainlink,1759329611,0.005164351270453178
link_weth_3000_month_23479243_23486442_w01,chainlink,1759331591,0.005190520413811311
link_weth_3000_month_23479243_23486442_w01,chainlink,1759332515,0.005162815625023531
link_weth_3000_month_23479243_23486442_w01,chainlink,1759332923,0.005166167893854734
link_weth_3000_month_23479243_23486442_w01,chainlink,1759336151,0.005173564523167646
link_weth_3000_month_23479243_23486442_w01,chainlink,1759336535,0.005179409566781877
link_weth_3000_month_23479243_23486442_w01,chainlink,1759339787,0.005197036000311935
link_weth_3000_month_23479243_23486442_w01,chainlink,1759340159,0.005201356476327888
link_weth_3000_month_23479243_23486442_w01,chainlink,1759341119,0.005172878342407428
link_weth_3000_month_23479243_23486442_w01,chainlink,1759341131,0.005202436725426104
link_weth_3000_month_23479243_23486442_w01,chainlink,1759343159,0.005232177162991664
link_weth_3000_month_23479243_23486442_w01,chainlink,1759343951,0.005205190056590865
link_weth_3000_month_23479243_23486442_w01,chainlink,1759345811,0.00523432725170784
link_weth_3000_month_23479243_23486442_w01,chainlink,1759347587,0.00522280943379658
link_weth_3000_month_23479243_23486442_w01,chainlink,1759349447,0.005202993469549985
link_weth_3000_month_23479243_23486442_w01,chainlink,1759351211,0.005200486673806218
link_weth_3000_month_23479243_23486442_w01,chainlink,1759352987,0.005173421691949544
link_weth_3000_month_23479243_23486442_w01,chainlink,1759354667,0.00520060623867651
link_weth_3000_month_23479243_23486442_w01,chainlink,1759354679,0.005172157394575261
link_weth_3000_month_23479243_23486442_w01,chainlink,1759356119,0.005198593178073442
link_weth_3000_month_23479243_23486442_w01,chainlink,1759356527,0.005171116472676124
link_weth_3000_month_23479243_23486442_w01,chainlink,1759359755,0.005176470118922974
link_weth_3000_month_23479243_23486442_w01,chainlink,1759360163,0.005189954405570439
link_weth_3000_month_23479243_23486442_w01,chainlink,1759360943,0.005216624020784946
link_weth_3000_month_23479243_23486442_w01,chainlink,1759362227,0.005188799578966352
link_weth_3000_month_23479243_23486442_w01,chainlink,1759363367,0.005159018991327606
link_weth_3000_month_23479243_23486442_w01,chainlink,1759363391,0.005186031652976025
link_weth_3000_month_23486443_23493642_w02,chainlink,1759363391,0.005186031652976025
link_weth_3000_month_23486443_23493642_w02,chainlink,1759365455,0.005159653956163994
link_weth_3000_month_23486443_23493642_w02,chainlink,1759365707,0.005187435917224977
link_weth_3000_month_23486443_23493642_w02,chainlink,1759369067,0.005200009781312637
link_weth_3000_month_23486443_23493642_w02,chainlink,1759369331,0.005174175790802685
link_weth_3000_month_23486443_23493642_w02,chainlink,1759369751,0.005143971645116706
link_weth_3000_month_23486443_23493642_w02,chainlink,1759369763,0.005171190605754008
link_weth_3000_month_23486443_23493642_w02,chainlink,1759373387,0.005166542086783582
link_weth_3000_month_23486443_23493642_w02,chainlink,1759373411,0.005186383660893685
link_weth_3000_month_23486443_23493642_w02,chainlink,1759377011,0.005197062532207826
link_weth_3000_month_23486443_23493642_w02,chainlink,1759377023,0.00518352190588246
link_weth_3000_month_23486443_23493642_w02,chainlink,1759379543,0.005157085265802926
link_weth_3000_month_23486443_23493642_w02,chainlink,1759380191,0.00518436905444126
link_weth_3000_month_23486443_23493642_w02,chainlink,1759381199,0.005210758940974212
link_weth_3000_month_23486443_23493642_w02,chainlink,1759382867,0.005183983827729665
link_weth_3000_month_23486443_23493642_w02,chainlink,1759382963,0.005211820366921331
link_weth_3000_month_23486443_23493642_w02,chainlink,1759384199,0.005185526375134072
link_weth_3000_month_23486443_23493642_w02,chainlink,1759386503,0.005185518136192608
link_weth_3000_month_23486443_23493642_w02,chainlink,1759386719,0.005146675044039436
link_weth_3000_month_23486443_23493642_w02,chainlink,1759387811,0.005146290266212433
link_weth_3000_month_23486443_23493642_w02,chainlink,1759389707,0.005173755540790228
link_weth_3000_month_23486443_23493642_w02,chainlink,1759391411,0.005147086932381879
link_weth_3000_month_23486443_23493642_w02,chainlink,1759392023,0.005166293422518808
link_weth_3000_month_23486443_23493642_w02,chainlink,1759392035,0.005160655934760118
link_weth_3000_month_23486443_23493642_w02,chainlink,1759395647,0.005149565927140172
link_weth_3000_month_23486443_23493642_w02,chainlink,1759395647,0.005143385762162308
link_weth_3000_month_23486443_23493642_w02,chainlink,1759399259,0.00513582584434588
link_weth_3000_month_23486443_23493642_w02,chainlink,1759399259,0.005122344529075628
link_weth_3000_month_23486443_23493642_w02,chainlink,1759402883,0.005134445890940289
link_weth_3000_month_23486443_23493642_w02,chainlink,1759402895,0.005131626466360169
link_weth_3000_month_23486443_23493642_w02,chainlink,1759406507,0.00511716436940389
link_weth_3000_month_23486443_23493642_w02,chainlink,1759406519,0.005116198426787571
link_weth_3000_month_23486443_23493642_w02,chainlink,1759409939,0.005089641673526069
link_weth_3000_month_23486443_23493642_w02,chainlink,1759410107,0.005118045018647485
link_weth_3000_month_23486443_23493642_w02,chainlink,1759410827,0.005092414170349967
link_weth_3000_month_23486443_23493642_w02,chainlink,1759411151,0.005066442999201724
link_weth_3000_month_23486443_23493642_w02,chainlink,1759411151,0.005095601500379476
link_weth_3000_month_23486443_23493642_w02,chainlink,1759412315,0.00506784729311785
link_weth_3000_month_23486443_23493642_w02,chainlink,1759414775,0.005071487487494735
link_weth_3000_month_23486443_23493642_w02,chainlink,1759415939,0.005071819104099571
link_weth_3000_month_23486443_23493642_w02,chainlink,1759416095,0.005045932316100288
link_weth_3000_month_23486443_23493642_w02,chainlink,1759416515,0.005071820521126567
link_weth_3000_month_23486443_23493642_w02,chainlink,1759416671,0.005039807645805483
link_weth_3000_month_23486443_23493642_w02,chainlink,1759417439,0.005066634253515183
link_weth_3000_month_23486443_23493642_w02,chainlink,1759417487,0.005037180331026954
link_weth_3000_month_23486443_23493642_w02,chainlink,1759417835,0.00506776259812814
link_weth_3000_month_23486443_23493642_w02,chainlink,1759417859,0.005037436568474132
link_weth_3000_month_23486443_23493642_w02,chainlink,1759418051,0.0050627749839284
link_weth_3000_month_23486443_23493642_w02,chainlink,1759418615,0.005031460100699048
link_weth_3000_month_23486443_23493642_w02,chainlink,1759420511,0.005004993620042043
link_weth_3000_month_23486443_23493642_w02,chainlink,1759420511,0.00503522171744165
link_weth_3000_month_23486443_23493642_w02,chainlink,1759420991,0.005060434477005374
link_weth_3000_month_23486443_23493642_w02,chainlink,1759421495,0.005033554374080735
link_weth_3000_month_23486443_23493642_w02,chainlink,1759421591,0.005059710279365151
link_weth_3000_month_23486443_23493642_w02,chainlink,1759423067,0.005033515003615386
link_weth_3000_month_23486443_23493642_w02,chainlink,1759423079,0.005060380184208989
link_weth_3000_month_23486443_23493642_w02,chainlink,1759425167,0.005085904992191942
link_weth_3000_month_23486443_23493642_w02,chainlink,1759425275,0.005057475267015589
link_weth_3000_month_23486443_23493642_w02,chainlink,1759427027,0.005086393482215619
link_weth_3000_month_23486443_23493642_w02,chainlink,1759428323,0.005114944301705511
link_weth_3000_month_23486443_23493642_w02,chainlink,1759428911,0.005096350564586572
link_weth_3000_month_23486443_23493642_w02,chainlink,1759430219,0.005121906087664479
link_weth_3000_month_23486443_23493642_w02,chainlink,1759432091,0.0050954366818684
link_weth_3000_month_23486443_23493642_w02,chainlink,1759432139,0.00512392543360873
link_weth_3000_month_23486443_23493642_w02,chainlink,1759434119,0.005098168193699977
link_weth_3000_month_23486443_23493642_w02,chainlink,1759435727,0.005107694786381814
link_weth_3000_month_23486443_23493642_w02,chainlink,1759437251,0.005078639351752691
link_weth_3000_month_23486443_23493642_w02,chainlink,1759439351,0.005074315855821279
link_weth_3000_month_23486443_23493642_w02,chainlink,1759439507,0.005099716070424537
link_weth_3000_month_23486443_23493642_w02,chainlink,1759440983,0.005074051186427105
link_weth_3000_month_23486443_23493642_w02,chainlink,1759442207,0.005100663348690041
link_weth_3000_month_23486443_23493642_w02,chainlink,1759443659,0.005074309511588917
link_weth_3000_month_23486443_23493642_w02,chainlink,1759445843,0.005083129042298715
link_weth_3000_month_23486443_23493642_w02,chainlink,1759447283,0.005094877890629827
link_weth_3000_month_23486443_23493642_w02,chainlink,1759449467,0.005071572071235636
link_weth_3000_month_23486443_23493642_w02,chainlink,1759450319,0.005045936831611951
link_weth_3000_month_23493643_23500842_w03,chainlink,1759450319,0.005045936831611951
link_weth_3000_month_23493643_23500842_w03,chainlink,1759453067,0.005061519645939347
link_weth_3000_month_23493643_23500842_w03,chainlink,1759453943,0.005070807658942736
link_weth_3000_month_23493643_23500842_w03,chainlink,1759456679,0.005069091323280365
link_weth_3000_month_23493643_23500842_w03,chainlink,1759457555,0.00506272146147581
link_weth_3000_month_23493643_23500842_w03,chainlink,1759457735,0.005037450185027042
link_weth_3000_month_23493643_23500842_w03,chainlink,1759460639,0.004994373362685133
link_weth_3000_month_23493643_23500842_w03,chainlink,1759460663,0.005024386967784065
link_weth_3000_month_23493643_23500842_w03,chainlink,1759460879,0.004996760096480649
link_weth_3000_month_23493643_23500842_w03,chainlink,1759461119,0.005022190654942752
link_weth_3000_month_23493643_23500842_w03,chainlink,1759463747,0.004996283077587367
link_weth_3000_month_23493643_23500842_w03,chainlink,1759463783,0.005031285658440735
link_weth_3000_month_23493643_23500842_w03,chainlink,1759467371,0.005017741089198761
link_weth_3000_month_23493643_23500842_w03,chainlink,1759467395,0.005027053211350684
link_weth_3000_month_23493643_23500842_w03,chainlink,1759470179,0.00500038780152024
link_weth_3000_month_23493643_23500842_w03,chainlink,1759470455,0.005027297003972935
link_weth_3000_month_23493643_23500842_w03,chainlink,1759473815,0.00502957400873097
link_weth_3000_month_23493643_23500842_w03,chainlink,1759474067,0.00502830452224246
link_weth_3000_month_23493643_23500842_w03,chainlink,1759474355,0.005002056072677699
link_weth_3000_month_23493643_23500842_w03,chainlink,1759477703,0.005014511430787482
link_weth_3000_month_23493643_23500842_w03,chainlink,1759477967,0.005015529583656948
link_weth_3000_month_23493643_23500842_w03,chainlink,1759478447,0.005014773717075658
link_weth_3000_month_23493643_23500842_w03,chainlink,1759478447,0.005015725293388857
link_weth_3000_month_23493643_23500842_w03,chainlink,1759479383,0.005041960852934627
link_weth_3000_month_23493643_23500842_w03,chainlink,1759479431,0.005015320996922978
link_weth_3000_month_23493643_23500842_w03,chainlink,1759481843,0.004990171870312175
link_weth_3000_month_23493643_23500842_w03,chainlink,1759482407,0.005015514804005171
link_weth_3000_month_23493643_23500842_w03,chainlink,1759485479,0.004997990069921378
link_weth_3000_month_23493643_23500842_w03,chainlink,1759486043,0.004992504334028425
link_weth_3000_month_23493643_23500842_w03,chainlink,1759489103,0.004976985552216904
link_weth_3000_month_23493643_23500842_w03,chainlink,1759489667,0.004970973403490918
link_weth_3000_month_23493643_23500842_w03,chainlink,1759492739,0.004983578149404002
link_weth_3000_month_23493643_23500842_w03,chainlink,1759493303,0.004976112263853608
link_weth_3000_month_23493643_23500842_w03,chainlink,1759496375,0.004971102460166596
link_weth_3000_month_23493643_23500842_w03,chainlink,1759496939,0.004997125082957663
link_weth_3000_month_23493643_23500842_w03,chainlink,1759496939,0.004981127992965822
link_weth_3000_month_23493643_23500842_w03,chainlink,1759497719,0.004953884485014073
link_weth_3000_month_23493643_23500842_w03,chainlink,1759498103,0.004980825501815159
link_weth_3000_month_23493643_23500842_w03,chainlink,1759500059,0.005005947984212821
link_weth_3000_month_23493643_23500842_w03,chainlink,1759500059,0.004977882840374051
link_weth_3000_month_23493643_23500842_w03,chainlink,1759501319,0.005005091367483256
link_weth_3000_month_23493643_23500842_w03,chainlink,1759501439,0.004979545574923821
link_weth_3000_month_23493643_23500842_w03,chainlink,1759502879,0.00495227212786723
link_weth_3000_month_23493643_23500842_w03,chainlink,1759503119,0.004978557326785181
link_weth_3000_month_23493643_23500842_w03,chainlink,1759504259,0.005006739994421939
link_weth_3000_month_23493643_23500842_w03,chainlink,1759504727,0.004980850206213543
link_weth_3000_month_23493643_23500842_w03,chainlink,1759504799,0.005005771544824936
link_weth_3000_month_23493643_23500842_w03,chainlink,1759505675,0.00503193399240491
link_weth_3000_month_23493643_23500842_w03,chainlink,1759506419,0.005001201426950922
link_weth_3000_month_23493643_23500842_w03,chainlink,1759506875,0.005027588614759809
link_weth_3000_month_23493643_23500842_w03,chainlink,1759507175,0.005002537545084966
link_weth_3000_month_23493643_23500842_w03,chainlink,1759507295,0.005031173664206284
link_weth_3000_month_23493643_23500842_w03,chainlink,1759509251,0.005058498020229812
link_weth_3000_month_23493643_23500842_w03,chainlink,1759509275,0.005031788054596027
link_weth_3000_month_23493643_23500842_w03,chainlink,1759509431,0.005001959822547769
link_weth_3000_month_23493643_23500842_w03,chainlink,1759509923,0.005033842363995073
link_weth_3000_month_23493643_23500842_w03,chainlink,1759510043,0.00500832543082306
link_weth_3000_month_23493643_23500842_w03,chainlink,1759510115,0.005033927718446389
link_weth_3000_month_23493643_23500842_w03,chainlink,1759510259,0.005006052068223549
link_weth_3000_month_23493643_23500842_w03,chainlink,1759510691,0.005033030199449151
link_weth_3000_month_23493643_23500842_w03,chainlink,1759510763,0.005005312495874346
link_weth_3000_month_23493643_23500842_w03,chainlink,1759510859,0.004964826585083322
link_weth_3000_month_23493643_23500842_w03,chainlink,1759510895,0.005009616712899511
link_weth_3000_month_23493643_23500842_w03,chainlink,1759510895,0.004952585807867639
link_weth_3000_month_23493643_23500842_w03,chainlink,1759510919,0.004986495955571501
link_weth_3000_month_23493643_23500842_w03,chainlink,1759511039,0.004949449173664346
link_weth_3000_month_23493643_23500842_w03,chainlink,1759511099,0.004977067825762651
link_weth_3000_month_23493643_23500842_w03,chainlink,1759511399,0.005005557960254652
link_weth_3000_month_23493643_23500842_w03,chainlink,1759511471,0.004977599413988958
link_weth_3000_month_23493643_23500842_w03,chainlink,1759511699,0.005008503072920535
link_weth_3000_month_23493643_23500842_w03,chainlink,1759511879,0.004981071014324381
link_weth_3000_month_23493643_23500842_w03,chainlink,1759511975,0.00500801525879503
link_weth_3000_month_23493643_23500842_w03,chainlink,1759513799,0.004978465231015401
link_weth_3000_month_23493643_23500842_w03,chainlink,1759513931,0.005006279544739214
link_weth_3000_month_23493643_23500842_w03,chainlink,1759514051,0.004978403585485896
link_weth_3000_month_23493643_23500842_w03,chainlink,1759515047,0.00500505041211047
link_weth_3000_month_23493643_23500842_w03,chainlink,1759515767,0.004978235985648091
link_weth_3000_month_23493643_23500842_w03,chainlink,1759515767,0.005005063883223677
link_weth_3000_month_23493643_23500842_w03,chainlink,1759518743,0.004979767933409938
link_weth_3000_month_23493643_23500842_w03,chainlink,1759519007,0.005015457649678692
link_weth_3000_month_23493643_23500842_w03,chainlink,1759521959,0.00498899639477032
link_weth_3000_month_23493643_23500842_w03,chainlink,1759522283,0.005016136927367157
link_weth_3000_month_23493643_23500842_w03,chainlink,1759522847,0.00498925547040702
link_weth_3000_month_23493643_23500842_w03,chainlink,1759524323,0.004962671201824611
link_weth_3000_month_23493643_23500842_w03,chainlink,1759525571,0.004980655171804813
link_weth_3000_month_23493643_23500842_w03,chainlink,1759527719,0.005006757867133784
link_weth_3000_month_23493643_23500842_w03,chainlink,1759529183,0.00500568954301131
link_weth_3000_month_23493643_23500842_w03,chainlink,1759531343,0.004993368841061338
link_weth_3000_month_23493643_23500842_w03,chainlink,1759532819,0.0049917754148451
link_weth_3000_month_23493643_23500842_w03,chainlink,1759534979,0.005000712141641057
link_weth_3000_month_23493643_23500842_w03,chainlink,1759535819,0.004975143970759593
link_weth_3000_month_23493643_23500842_w03,chainlink,1759536731,0.005000272481846237
link_weth_3000_month_23493643_23500842_w03,chainlink,1759537691,0.004974614688839579
link_weth_3000_month_23500843_23508042_w04,chainlink,1759537691,0.004974614688839579
link_weth_3000_month_23500843_23508042_w04,chainlink,1759537943,0.005000805322906715
link_weth_3000_month_23500843_23508042_w04,chainlink,1759540067,0.004974594674871703
link_weth_3000_month_23500843_23508042_w04,chainlink,1759541567,0.004981068193395544
link_weth_3000_month_23500843_23508042_w04,chainlink,1759542503,0.004955976376113625
link_weth_3000_month_23500843_23508042_w04,chainlink,1759544219,0.004981639632133065
link_weth_3000_month_23500843_23508042_w04,chainlink,1759546115,0.004978879961766569
link_weth_3000_month_23500843_23508042_w04,chainlink,1759547843,0.004972647677498965
link_weth_3000_month_23500843_23508042_w04,chainlink,1759549751,0.004962151242548708
link_weth_3000_month_23500843_23508042_w04,chainlink,1759551455,0.004951613531191933
link_weth_3000_month_23500843_23508042_w04,chainlink,1759553387,0.004958426470065883
link_weth_3000_month_23500843_23508042_w04,chainlink,1759555091,0.004939127663730643
link_weth_3000_month_23500843_23508042_w04,chainlink,1759557011,0.004929437109319505
link_weth_3000_month_23500843_23508042_w04,chainlink,1759558703,0.004917811104147612
link_weth_3000_month_23500843_23508042_w04,chainlink,1759560623,0.004923042512528761
link_weth_3000_month_23500843_23508042_w04,chainlink,1759562327,0.004934709976258575
link_weth_3000_month_23500843_23508042_w04,chainlink,1759563479,0.004909682707499874
link_weth_3000_month_23500843_23508042_w04,chainlink,1759564835,0.004901826027605823
link_weth_3000_month_23500843_23508042_w04,chainlink,1759564835,0.004906186054881991
link_weth_3000_month_23500843_23508042_w04,chainlink,1759566635,0.004880902391283579
link_weth_3000_month_23500843_23508042_w04,chainlink,1759568447,0.004891629147684511
link_weth_3000_month_23500843_23508042_w04,chainlink,1759570247,0.004889198207104781
link_weth_3000_month_23500843_23508042_w04,chainlink,1759572047,0.004862604632313974
link_weth_3000_month_23500843_23508042_w04,chainlink,1759572083,0.004862385088642847
link_weth_3000_month_23500843_23508042_w04,chainlink,1759575659,0.004856481194501759
link_weth_3000_month_23500843_23508042_w04,chainlink,1759575695,0.004858454715974496
link_weth_3000_month_23500843_23508042_w04,chainlink,1759579271,0.00486849229214206
link_weth_3000_month_23500843_23508042_w04,chainlink,1759579319,0.004873034152378916
link_weth_3000_month_23500843_23508042_w04,chainlink,1759582895,0.004887232572112723
link_weth_3000_month_23500843_23508042_w04,chainlink,1759582931,0.004887325831030922
link_weth_3000_month_23500843_23508042_w04,chainlink,1759583111,0.004918109553045684
link_weth_3000_month_23500843_23508042_w04,chainlink,1759583351,0.004890302320147565
link_weth_3000_month_23500843_23508042_w04,chainlink,1759586783,0.004896304463440075
link_weth_3000_month_23500843_23508042_w04,chainlink,1759586975,0.004907199535149267
link_weth_3000_month_23500843_23508042_w04,chainlink,1759589483,0.004879303343552131
link_weth_3000_month_23500843_23508042_w04,chainlink,1759589807,0.004903940803645161
link_weth_3000_month_23500843_23508042_w04,chainlink,1759591751,0.004928601118918818
link_weth_3000_month_23500843_23508042_w04,chainlink,1759591811,0.004903477540953145
link_weth_3000_month_23500843_23508042_w04,chainlink,1759595363,0.004907900484763322
link_weth_3000_month_23500843_23508042_w04,chainlink,1759595423,0.004916235509106917
link_weth_3000_month_23500843_23508042_w04,chainlink,1759597343,0.004940860738793973
link_weth_3000_month_23500843_23508042_w04,chainlink,1759597463,0.004915030873765022
link_weth_3000_month_23500843_23508042_w04,chainlink,1759599803,0.00488754997271661
link_weth_3000_month_23500843_23508042_w04,chainlink,1759601147,0.004894658634178654
link_weth_3000_month_23500843_23508042_w04,chainlink,1759603427,0.004901683331393839
link_weth_3000_month_23500843_23508042_w04,chainlink,1759604759,0.004911498590677618
link_weth_3000_month_23500843_23508042_w04,chainlink,1759607051,0.004927449599626871
link_weth_3000_month_23500843_23508042_w04,chainlink,1759608383,0.004910290913816655
link_weth_3000_month_23500843_23508042_w04,chainlink,1759609151,0.004936829380670379
link_weth_3000_month_23500843_23508042_w04,chainlink,1759611995,0.00492867657068856
link_weth_3000_month_23500843_23508042_w04,chainlink,1759612823,0.004928679232104445
link_weth_3000_month_23500843_23508042_w04,chainlink,1759615595,0.004921637415097828
link_weth_3000_month_23500843_23508042_w04,chainlink,1759616435,0.004909692603458684
link_weth_3000_month_23500843_23508042_w04,chainlink,1759619207,0.004909233284551867
link_weth_3000_month_23500843_23508042_w04,chainlink,1759620047,0.004910377978398052
link_weth_3000_month_23500843_23508042_w04,chainlink,1759622843,0.004912071417100711
link_weth_3000_month_23500843_23508042_w04,chainlink,1759623659,0.004914012022553435
link_weth_3000_month_23508043_23515242_w05,chainlink,1759623659,0.004914012022553435
link_weth_3000_month_23508043_23515242_w05,chainlink,1759626479,0.004922484635414342
link_weth_3000_month_23508043_23515242_w05,chainlink,1759627295,0.004914246848503588
link_weth_3000_month_23508043_23515242_w05,chainlink,1759628675,0.004939738212102146
link_weth_3000_month_23508043_23515242_w05,chainlink,1759630103,0.004934417785729098
link_weth_3000_month_23508043_23515242_w05,chainlink,1759631495,0.004904070516459134
link_weth_3000_month_23508043_23515242_w05,chainlink,1759631519,0.004930912946899782
link_weth_3000_month_23508043_23515242_w05,chainlink,1759631675,0.004957934331412027
link_weth_3000_month_23508043_23515242_w05,chainlink,1759631675,0.004924750117209941
link_weth_3000_month_23508043_23515242_w05,chainlink,1759632131,0.004954238750989885
link_weth_3000_month_23508043_23515242_w05,chainlink,1759632971,0.004929551899453101
link_weth_3000_month_23508043_23515242_w05,chainlink,1759633295,0.00495786173907612
link_weth_3000_month_23508043_23515242_w05,chainlink,1759633475,0.00493089121798257
link_weth_3000_month_23508043_23515242_w05,chainlink,1759634339,0.004905141085957581
link_weth_3000_month_23508043_23515242_w05,chainlink,1759634351,0.004933642070499399
link_weth_3000_month_23508043_23515242_w05,chainlink,1759635191,0.004908977323216728
link_weth_3000_month_23508043_23515242_w05,chainlink,1759636727,0.004940145483120051
link_weth_3000_month_23508043_23515242_w05,chainlink,1759637951,0.004937607359719609
link_weth_3000_month_23508043_23515242_w05,chainlink,1759639451,0.004911522450736527
link_weth_3000_month_23508043_23515242_w05,chainlink,1759639631,0.004940238320592887
link_weth_3000_month_23508043_23515242_w05,chainlink,1759639763,0.004909393015239602
link_weth_3000_month_23508043_23515242_w05,chainlink,1759639931,0.004934633443134794
link_weth_3000_month_23508043_23515242_w05,chainlink,1759641107,0.004907014713192177
link_weth_3000_month_23508043_23515242_w05,chainlink,1759643183,0.004931985493218984
link_weth_3000_month_23508043_23515242_w05,chainlink,1759644719,0.004939731250044203
link_weth_3000_month_23508043_23515242_w05,chainlink,1759646735,0.004966183496866131
link_weth_3000_month_23508043_23515242_w05,chainlink,1759646795,0.004964940391956731
link_weth_3000_month_23508043_23515242_w05,chainlink,1759648535,0.004989890997803954
link_weth_3000_month_23508043_23515242_w05,chainlink,1759650383,0.004963032813692358
link_weth_3000_month_23508043_23515242_w05,chainlink,1759650983,0.004937904569355986
link_weth_3000_month_23508043_23515242_w05,chainlink,1759651223,0.004940585451825261
link_weth_3000_month_23508043_23515242_w05,chainlink,1759651235,0.004959407704269217
link_weth_3000_month_23508043_23515242_w05,chainlink,1759654847,0.004980209766922853
link_weth_3000_month_23508043_23515242_w05,chainlink,1759654871,0.004974462175424148
link_weth_3000_month_23508043_23515242_w05,chainlink,1759656671,0.005006800542288404
link_weth_3000_month_23508043_23515242_w05,chainlink,1759657547,0.004977558210448265
link_weth_3000_month_23508043_23515242_w05,chainlink,1759657907,0.005002983463713622
link_weth_3000_month_23508043_23515242_w05,chainlink,1759658363,0.004976894692505802
link_weth_3000_month_23508043_23515242_w05,chainlink,1759658651,0.004950007239286952
link_weth_3000_month_23508043_23515242_w05,chainlink,1759658699,0.004982365519866081
link_weth_3000_month_23508043_23515242_w05,chainlink,1759659467,0.00501183632559825
link_weth_3000_month_23508043_23515242_w05,chainlink,1759660427,0.004985366278468455
link_weth_3000_month_23508043_23515242_w05,chainlink,1759661363,0.005010419411105871
link_weth_3000_month_23508043_23515242_w05,chainlink,1759662323,0.004989195975479978
link_weth_3000_month_23508043_23515242_w05,chainlink,1759662419,0.004963119266861912
link_weth_3000_month_23508043_23515242_w05,chainlink,1759664879,0.004989271830998302
link_weth_3000_month_23508043_23515242_w05,chainlink,1759665935,0.004997087826881701
link_weth_3000_month_23508043_23515242_w05,chainlink,1759668155,0.004971130584413959
link_weth_3000_month_23508043_23515242_w05,chainlink,1759669619,0.004975532689974357
link_weth_3000_month_23508043_23515242_w05,chainlink,1759671779,0.004973971165215557
link_weth_3000_month_23508043_23515242_w05,chainlink,1759673231,0.004963021080387935
link_weth_3000_month_23508043_23515242_w05,chainlink,1759675403,0.004939999217616006
link_weth_3000_month_23508043_23515242_w05,chainlink,1759676843,0.004954489710391071
link_weth_3000_month_23508043_23515242_w05,chainlink,1759679027,0.004945477204049672
link_weth_3000_month_23508043_23515242_w05,chainlink,1759680455,0.00494443328593835
link_weth_3000_month_23508043_23515242_w05,chainlink,1759680971,0.004969573267853631
link_weth_3000_month_23508043_23515242_w05,chainlink,1759682963,0.004944133152997761
link_weth_3000_month_23508043_23515242_w05,chainlink,1759682975,0.004971093764568807
link_weth_3000_month_23508043_23515242_w05,chainlink,1759683431,0.004996719103911029
link_weth_3000_month_23508043_23515242_w05,chainlink,1759683659,0.004969057151634258
link_weth_3000_month_23508043_23515242_w05,chainlink,1759685675,0.004996257806264521
link_weth_3000_month_23508043_23515242_w05,chainlink,1759685891,0.004970344619641368
link_weth_3000_month_23508043_23515242_w05,chainlink,1759686479,0.004945041991096291
link_weth_3000_month_23508043_23515242_w05,chainlink,1759687895,0.004919886575264716
link_weth_3000_month_23508043_23515242_w05,chainlink,1759689311,0.004909174290379966
link_weth_3000_month_23508043_23515242_w05,chainlink,1759689335,0.004937616952557472
link_weth_3000_month_23508043_23515242_w05,chainlink,1759691327,0.004911913033148555
link_weth_3000_month_23508043_23515242_w05,chainlink,1759691495,0.004937434229907345
link_weth_3000_month_23508043_23515242_w05,chainlink,1759693787,0.004901170301709589
link_weth_3000_month_23508043_23515242_w05,chainlink,1759694507,0.00487440716680121
link_weth_3000_month_23508043_23515242_w05,chainlink,1759695107,0.004870764745618089
link_weth_3000_month_23508043_23515242_w05,chainlink,1759696619,0.004896090937977743
link_weth_3000_month_23508043_23515242_w05,chainlink,1759698719,0.004899569518521543
link_weth_3000_month_23508043_23515242_w05,chainlink,1759700255,0.004904003624877023
link_weth_3000_month_23508043_23515242_w05,chainlink,1759701779,0.004879450173795867
link_weth_3000_month_23508043_23515242_w05,chainlink,1759703891,0.004867209088477424
link_weth_3000_month_23508043_23515242_w05,chainlink,1759705391,0.004869703183192532
link_weth_3000_month_23508043_23515242_w05,chainlink,1759707527,0.004889525577718847
link_weth_3000_month_23508043_23515242_w05,chainlink,1759709027,0.004864712694775155
link_weth_3000_month_23508043_23515242_w05,chainlink,1759709027,0.004870020396952966
link_weth_3000_month_23508043_23515242_w05,chainlink,1759709819,0.004899353085220614
link_weth_3000_month_23508043_23515242_w05,chainlink,1759709819,0.004869301607137063
link_weth_3000_month_23508043_23515242_w05,chainlink,1759710407,0.004896515733522224
link_weth_3000_month_23508043_23515242_w05,chainlink,1759710407,0.004868873124727612
link_weth_3000_month_23515243_23522442_w06,chainlink,1759710407,0.004868873124727612
link_weth_3000_month_23515243_23522442_w06,chainlink,1759711595,0.00484108763635776
link_weth_3000_month_23515243_23522442_w06,chainlink,1759711859,0.004806637063414871
link_weth_3000_month_23515243_23522442_w06,chainlink,1759712099,0.004777212614847974
link_weth_3000_month_23515243_23522442_w06,chainlink,1759712603,0.004801826028574063
link_weth_3000_month_23515243_23522442_w06,chainlink,1759712795,0.004826039949162771
link_weth_3000_month_23515243_23522442_w06,chainlink,1759713659,0.004851173723229945
link_weth_3000_month_23515243_23522442_w06,chainlink,1759713659,0.004825596231731629
link_weth_3000_month_23515243_23522442_w06,chainlink,1759714295,0.004800366341219542
link_weth_3000_month_23515243_23522442_w06,chainlink,1759714295,0.004826402072632458
link_weth_3000_month_23515243_23522442_w06,chainlink,1759717235,0.004801687786210285
link_weth_3000_month_23515243_23522442_w06,chainlink,1759717907,0.004821302494133176
link_weth_3000_month_23515243_23522442_w06,chainlink,1759718831,0.004848017733409023
link_weth_3000_month_23515243_23522442_w06,chainlink,1759718951,0.0048182436424744
link_weth_3000_month_23515243_23522442_w06,chainlink,1759722443,0.004814596234197961
link_weth_3000_month_23515243_23522442_w06,chainlink,1759722587,0.004831219150740869
link_weth_3000_month_23515243_23522442_w06,chainlink,1759726079,0.004820203243867012
link_weth_3000_month_23515243_23522442_w06,chainlink,1759726223,0.004818711855909716
link_weth_3000_month_23515243_23522442_w06,chainlink,1759727987,0.004843459736809228
link_weth_3000_month_23515243_23522442_w06,chainlink,1759729691,0.00483919094462868
link_weth_3000_month_23515243_23522442_w06,chainlink,1759730567,0.004814798977798421
link_weth_3000_month_23515243_23522442_w06,chainlink,1759730927,0.00484216070207864
link_weth_3000_month_23515243_23522442_w06,chainlink,1759732163,0.004810633706012144
link_weth_3000_month_23515243_23522442_w06,chainlink,1759732403,0.00483519028663598
link_weth_3000_month_23515243_23522442_w06,chainlink,1759735775,0.004831783811899028
link_weth_3000_month_23515243_23522442_w06,chainlink,1759736063,0.004829509367880355
link_weth_3000_month_23515243_23522442_w06,chainlink,1759736459,0.004804334761712324
link_weth_3000_month_23515243_23522442_w06,chainlink,1759736519,0.004831612800841389
link_weth_3000_month_23515243_23522442_w06,chainlink,1759737623,0.004830824529778261
link_weth_3000_month_23515243_23522442_w06,chainlink,1759737635,0.004837075230097661
link_weth_3000_month_23515243_23522442_w06,chainlink,1759739495,0.004863773902880405
link_weth_3000_month_23515243_23522442_w06,chainlink,1759739519,0.004833680749775508
link_weth_3000_month_23515243_23522442_w06,chainlink,1759741559,0.004867601423150159
link_weth_3000_month_23515243_23522442_w06,chainlink,1759743155,0.004863572981501114
link_weth_3000_month_23515243_23522442_w06,chainlink,1759745171,0.004844153805451641
link_weth_3000_month_23515243_23522442_w06,chainlink,1759746767,0.004847239083447225
link_weth_3000_month_23515243_23522442_w06,chainlink,1759748795,0.004841362514768081
link_weth_3000_month_23515243_23522442_w06,chainlink,1759750187,0.004816287645114701
link_weth_3000_month_23515243_23522442_w06,chainlink,1759750223,0.004841516983365989
link_weth_3000_month_23515243_23522442_w06,chainlink,1759753787,0.004842392244223711
link_weth_3000_month_23515243_23522442_w06,chainlink,1759753847,0.004854080817739576
link_weth_3000_month_23515243_23522442_w06,chainlink,1759755827,0.004880809656782118
link_weth_3000_month_23515243_23522442_w06,chainlink,1759757399,0.004875177284117192
link_weth_3000_month_23515243_23522442_w06,chainlink,1759757939,0.004835919530920988
link_weth_3000_month_23515243_23522442_w06,chainlink,1759757939,0.004873260120725215
link_weth_3000_month_23515243_23522442_w06,chainlink,1759758239,0.004845091623743345
link_weth_3000_month_23515243_23522442_w06,chainlink,1759758263,0.004871414209188049
link_weth_3000_month_23515243_23522442_w06,chainlink,1759758839,0.004845658363849862
link_weth_3000_month_23515243_23522442_w06,chainlink,1759758839,0.004877701121527308
link_weth_3000_month_23515243_23522442_w06,chainlink,1759759619,0.00485005972170336
link_weth_3000_month_23515243_23522442_w06,chainlink,1759759655,0.004876692878381737
link_weth_3000_month_23515243_23522442_w06,chainlink,1759760759,0.004849636584318836
link_weth_3000_month_23515243_23522442_w06,chainlink,1759760939,0.004875227400539191
link_weth_3000_month_23515243_23522442_w06,chainlink,1759761299,0.004902623139178551
link_weth_3000_month_23515243_23522442_w06,chainlink,1759761659,0.004873391686881272
link_weth_3000_month_23515243_23522442_w06,chainlink,1759762619,0.004839685075824187
link_weth_3000_month_23515243_23522442_w06,chainlink,1759763099,0.004866162607563307
link_weth_3000_month_23515243_23522442_w06,chainlink,1759763243,0.004864098991664108
link_weth_3000_month_23515243_23522442_w06,chainlink,1759764059,0.004835644680060952
link_weth_3000_month_23515243_23522442_w06,chainlink,1759764059,0.004860659892692046
link_weth_3000_month_23515243_23522442_w06,chainlink,1759764335,0.00489196306753913
link_weth_3000_month_23515243_23522442_w06,chainlink,1759767155,0.004866861067359857
link_weth_3000_month_23515243_23522442_w06,chainlink,1759767683,0.004881403661872556
link_weth_3000_month_23515243_23522442_w06,chainlink,1759768835,0.004909044717413707
link_weth_3000_month_23515243_23522442_w06,chainlink,1759770431,0.004935245630381643
link_weth_3000_month_23515243_23522442_w06,chainlink,1759770935,0.004906994631607653
link_weth_3000_month_23515243_23522442_w06,chainlink,1759771091,0.004933778039753317
link_weth_3000_month_23515243_23522442_w06,chainlink,1759771331,0.004966567445515655
link_weth_3000_month_23515243_23522442_w06,chainlink,1759772171,0.004940121652431727
link_weth_3000_month_23515243_23522442_w06,chainlink,1759772555,0.00496516700353706
link_weth_3000_month_23515243_23522442_w06,chainlink,1759774559,0.004961728732031914
link_weth_3000_month_23515243_23522442_w06,chainlink,1759774595,0.004987011781880754
link_weth_3000_month_23515243_23522442_w06,chainlink,1759776071,0.004961331054352627
link_weth_3000_month_23515243_23522442_w06,chainlink,1759776671,0.004988681333076743
link_weth_3000_month_23515243_23522442_w06,chainlink,1759777631,0.004963398315130765
link_weth_3000_month_23515243_23522442_w06,chainlink,1759778195,0.004955666349145944
link_weth_3000_month_23515243_23522442_w06,chainlink,1759778375,0.004985849557542059
link_weth_3000_month_23515243_23522442_w06,chainlink,1759780739,0.004960797220806914
link_weth_3000_month_23515243_23522442_w06,chainlink,1759781831,0.004987223357492123
link_weth_3000_month_23515243_23522442_w06,chainlink,1759781987,0.005011308754098522
link_weth_3000_month_23515243_23522442_w06,chainlink,1759782683,0.004986181259628115
link_weth_3000_month_23515243_23522442_w06,chainlink,1759785455,0.005001043925842916
link_weth_3000_month_23515243_23522442_w06,chainlink,1759785659,0.004975305827662756
link_weth_3000_month_23515243_23522442_w06,chainlink,1759788155,0.005001807382899216
link_weth_3000_month_23515243_23522442_w06,chainlink,1759789091,0.004994412304792619
link_weth_3000_month_23515243_23522442_w06,chainlink,1759791779,0.004994885067765493
link_weth_3000_month_23515243_23522442_w06,chainlink,1759792715,0.005004115374785854
link_weth_3000_month_23515243_23522442_w06,chainlink,1759795415,0.004999831603486662
link_weth_3000_month_23515243_23522442_w06,chainlink,1759796327,0.005011575367443761
link_weth_3000_month_23522443_23529642_w07,chainlink,1759796327,0.005011575367443761
link_weth_3000_month_23522443_23529642_w07,chainlink,1759798895,0.005037058244442801
link_weth_3000_month_23522443_23529642_w07,chainlink,1759799411,0.005062864763037421
link_weth_3000_month_23522443_23529642_w07,chainlink,1759799831,0.005036081765410856
link_weth_3000_month_23522443_23529642_w07,chainlink,1759799951,0.005032773460391236
link_weth_3000_month_23522443_23529642_w07,chainlink,1759800035,0.005003431241735923
link_weth_3000_month_23522443_23529642_w07,chainlink,1759801271,0.005034484325022433
link_weth_3000_month_23522443_23529642_w07,chainlink,1759803587,0.005037087975462219
link_weth_3000_month_23522443_23529642_w07,chainlink,1759803803,0.005011795350466491
link_weth_3000_month_23522443_23529642_w07,chainlink,1759807199,0.005002701976645267
link_weth_3000_month_23522443_23529642_w07,chainlink,1759807439,0.004995068514179354
link_weth_3000_month_23522443_23529642_w07,chainlink,1759810043,0.004968402855272724
link_weth_3000_month_23522443_23529642_w07,chainlink,1759810823,0.004975740438423016
link_weth_3000_month_23522443_23529642_w07,chainlink,1759811795,0.005001256415971096
link_weth_3000_month_23522443_23529642_w07,chainlink,1759811915,0.004975803845508368
link_weth_3000_month_23522443_23529642_w07,chainlink,1759812359,0.005003012336132525
link_weth_3000_month_23522443_23529642_w07,chainlink,1759815551,0.00498752205136459
link_weth_3000_month_23522443_23529642_w07,chainlink,1759815971,0.004984492993331116
link_weth_3000_month_23522443_23529642_w07,chainlink,1759816655,0.004958914892851016
link_weth_3000_month_23522443_23529642_w07,chainlink,1759817891,0.004986246639180312
link_weth_3000_month_23522443_23529642_w07,chainlink,1759818155,0.004956227979354634
link_weth_3000_month_23522443_23529642_w07,chainlink,1759819235,0.004931150726541075
link_weth_3000_month_23522443_23529642_w07,chainlink,1759819295,0.004956075532431732
link_weth_3000_month_23522443_23529642_w07,chainlink,1759820435,0.004927729451270538
link_weth_3000_month_23522443_23529642_w07,chainlink,1759822775,0.004899786620666334
link_weth_3000_month_23522443_23529642_w07,chainlink,1759822907,0.004902588141574727
link_weth_3000_month_23522443_23529642_w07,chainlink,1759824035,0.004891523539546226
link_weth_3000_month_23522443_23529642_w07,chainlink,1759824047,0.004884296769046007
link_weth_3000_month_23522443_23529642_w07,chainlink,1759824551,0.004848029936405837
link_weth_3000_month_23522443_23529642_w07,chainlink,1759824587,0.004872449790124843
link_weth_3000_month_23522443_23529642_w07,chainlink,1759828175,0.004884059396177624
link_weth_3000_month_23522443_23529642_w07,chainlink,1759828211,0.004862106590186658
link_weth_3000_month_23522443_23529642_w07,chainlink,1759831799,0.004850317308137221
link_weth_3000_month_23522443_23529642_w07,chainlink,1759831847,0.0048412550112777
link_weth_3000_month_23522443_23529642_w07,chainlink,1759832075,0.004868350554252604
link_weth_3000_month_23522443_23529642_w07,chainlink,1759832639,0.004842739718264378
link_weth_3000_month_23522443_23529642_w07,chainlink,1759833371,0.004878743648252367
link_weth_3000_month_23522443_23529642_w07,chainlink,1759833983,0.004878622854046987
link_weth_3000_month_23522443_23529642_w07,chainlink,1759835483,0.004868373006040499
link_weth_3000_month_23522443_23529642_w07,chainlink,1759837595,0.004860601025538953
link_weth_3000_month_23522443_23529642_w07,chainlink,1759839107,0.004848981577264819
link_weth_3000_month_23522443_23529642_w07,chainlink,1759841207,0.004853316963233123
link_weth_3000_month_23522443_23529642_w07,chainlink,1759841795,0.004827731198972261
link_weth_3000_month_23522443_23529642_w07,chainlink,1759841807,0.004864760856336314
link_weth_3000_month_23522443_23529642_w07,chainlink,1759842503,0.004838359336702784
link_weth_3000_month_23522443_23529642_w07,chainlink,1759842803,0.00486347056660863
link_weth_3000_month_23522443_23529642_w07,chainlink,1759844387,0.004818007403776263
link_weth_3000_month_23522443_23529642_w07,chainlink,1759844579,0.004857946955671405
link_weth_3000_month_23522443_23529642_w07,chainlink,1759844651,0.004823595330871935
link_weth_3000_month_23522443_23529642_w07,chainlink,1759845143,0.00484954439996506
link_weth_3000_month_23522443_23529642_w07,chainlink,1759845803,0.004824863726908417
link_weth_3000_month_23522443_23529642_w07,chainlink,1759846127,0.004789990008117073
link_weth_3000_month_23522443_23529642_w07,chainlink,1759846259,0.004824784547506845
link_weth_3000_month_23522443_23529642_w07,chainlink,1759847399,0.004795369917338346
link_weth_3000_month_23522443_23529642_w07,chainlink,1759847423,0.004821953076146902
link_weth_3000_month_23522443_23529642_w07,chainlink,1759848695,0.004850581247542826
link_weth_3000_month_23522443_23529642_w07,chainlink,1759849043,0.004825008311412678
link_weth_3000_month_23522443_23529642_w07,chainlink,1759849583,0.004850433159421048
link_weth_3000_month_23522443_23529642_w07,chainlink,1759849691,0.004884035904500751
link_weth_3000_month_23522443_23529642_w07,chainlink,1759849703,0.004844345277331013
link_weth_3000_month_23522443_23529642_w07,chainlink,1759850219,0.004874760293897926
link_weth_3000_month_23522443_23529642_w07,chainlink,1759850243,0.004848341369393624
link_weth_3000_month_23522443_23529642_w07,chainlink,1759850939,0.004873068568491616
link_weth_3000_month_23522443_23529642_w07,chainlink,1759850939,0.004843990120408889
link_weth_3000_month_23522443_23529642_w07,chainlink,1759851503,0.004878195973961999
link_weth_3000_month_23522443_23529642_w07,chainlink,1759851539,0.004851943463745649
link_weth_3000_month_23522443_23529642_w07,chainlink,1759852283,0.004876832147815493
link_weth_3000_month_23522443_23529642_w07,chainlink,1759854203,0.004914179960749522
link_weth_3000_month_23522443_23529642_w07,chainlink,1759854419,0.004889333374614352
link_weth_3000_month_23522443_23529642_w07,chainlink,1759855055,0.004923816114634449
link_weth_3000_month_23522443_23529642_w07,chainlink,1759855055,0.004896586707560263
link_weth_3000_month_23522443_23529642_w07,chainlink,1759855859,0.004922544825097016
link_weth_3000_month_23522443_23529642_w07,chainlink,1759856315,0.004895161175906813
link_weth_3000_month_23522443_23529642_w07,chainlink,1759857215,0.004920588688603156
link_weth_3000_month_23522443_23529642_w07,chainlink,1759859507,0.004894706098872039
link_weth_3000_month_23522443_23529642_w07,chainlink,1759860839,0.004898944948676936
link_weth_3000_month_23522443_23529642_w07,chainlink,1759861775,0.004924438421207638
link_weth_3000_month_23522443_23529642_w07,chainlink,1759863143,0.004907392388226315
link_weth_3000_month_23522443_23529642_w07,chainlink,1759864055,0.004880534889787109
link_weth_3000_month_23522443_23529642_w07,chainlink,1759866767,0.004897523303332359
link_weth_3000_month_23522443_23529642_w07,chainlink,1759867691,0.004879150656331208
link_weth_3000_month_23522443_23529642_w07,chainlink,1759868999,0.004906803189480931
link_weth_3000_month_23522443_23529642_w07,chainlink,1759871315,0.004896141225732996
link_weth_3000_month_23522443_23529642_w07,chainlink,1759872635,0.004914672698850401
link_weth_3000_month_23522443_23529642_w07,chainlink,1759873355,0.004889040507821151
link_weth_3000_month_23522443_23529642_w07,chainlink,1759873775,0.004913853505653417
link_weth_3000_month_23522443_23529642_w07,chainlink,1759876979,0.004920435611629378
link_weth_3000_month_23522443_23529642_w07,chainlink,1759877411,0.004906485747777506
link_weth_3000_month_23522443_23529642_w07,chainlink,1759878935,0.004880938448991109
link_weth_3000_month_23522443_23529642_w07,chainlink,1759879367,0.004907167435607701
link_weth_3000_month_23522443_23529642_w07,chainlink,1759880495,0.004881577125604619
link_weth_3000_month_23522443_23529642_w07,chainlink,1759881011,0.004908376250278016
link_weth_3000_month_23522443_23529642_w07,chainlink,1759882727,0.004936107103116662
link_weth_3000_month_23522443_23529642_w07,chainlink,1759883627,0.004904217789168804
link_weth_3000_month_23522443_23529642_w07,chainlink,1759883951,0.004929863838396433
link_weth_3000_month_23522443_23529642_w07,chainlink,1759884407,0.004904509396760154
link_weth_3000_month_23522443_23529642_w07,chainlink,1759884887,0.004931064522061675
link_weth_3000_month_23522443_23529642_w07,chainlink,1759885391,0.004904966226233416
link_weth_3000_month_23529643_23536842_w08,chainlink,1759885391,0.004904966226233416
link_weth_3000_month_23529643_23536842_w08,chainlink,1759886747,0.004931874736287081
link_weth_3000_month_23529643_23536842_w08,chainlink,1759888055,0.004925641597869427
link_weth_3000_month_23529643_23536842_w08,chainlink,1759890383,0.004941191793510857
link_weth_3000_month_23529643_23536842_w08,chainlink,1759891043,0.004916382873061402
link_weth_3000_month_23529643_23536842_w08,chainlink,1759891667,0.004920466554599443
link_weth_3000_month_23529643_23536842_w08,chainlink,1759893083,0.004893158763472859
link_weth_3000_month_23529643_23536842_w08,chainlink,1759893707,0.004919701880564275
link_weth_3000_month_23529643_23536842_w08,chainlink,1759894067,0.004876596817448586
link_weth_3000_month_23529643_23536842_w08,chainlink,1759895363,0.004901288301718952
link_weth_3000_month_23529643_23536842_w08,chainlink,1759896647,0.004934643745595173
link_weth_3000_month_23529643_23536842_w08,chainlink,1759896695,0.004904767605895006
link_weth_3000_month_23529643_23536842_w08,chainlink,1759896827,0.004931536839766011
link_weth_3000_month_23529643_23536842_w08,chainlink,1759896947,0.004906525161801017
link_weth_3000_month_23529643_23536842_w08,chainlink,1759898087,0.004931256493404275
link_weth_3000_month_23529643_23536842_w08,chainlink,1759900583,0.004926149574406426
link_weth_3000_month_23529643_23536842_w08,chainlink,1759901183,0.004899533484745351
link_weth_3000_month_23529643_23536842_w08,chainlink,1759901255,0.004924624406435224
link_weth_3000_month_23529643_23536842_w08,chainlink,1759904423,0.004899849301713493
link_weth_3000_month_23529643_23536842_w08,chainlink,1759904795,0.004903960659099204
link_weth_3000_month_23529643_23536842_w08,chainlink,1759908059,0.004905495944715995
link_weth_3000_month_23529643_23536842_w08,chainlink,1759908155,0.004880268367885836
link_weth_3000_month_23529643_23536842_w08,chainlink,1759908479,0.004908513961458508
link_weth_3000_month_23529643_23536842_w08,chainlink,1759910423,0.004890511471900728
link_weth_3000_month_23529643_23536842_w08,chainlink,1759910435,0.004908665891946718
link_weth_3000_month_23529643_23536842_w08,chainlink,1759912535,0.004935566671816539
link_weth_3000_month_23529643_23536842_w08,chainlink,1759912859,0.004910511915411943
link_weth_3000_month_23529643_23536842_w08,chainlink,1759915595,0.004884706368176879
link_weth_3000_month_23529643_23536842_w08,chainlink,1759916483,0.004888757173903073
link_weth_3000_month_23529643_23536842_w08,chainlink,1759917935,0.004914056746526167
link_weth_3000_month_23529643_23536842_w08,chainlink,1759920083,0.004903035457289126
link_weth_3000_month_23529643_23536842_w08,chainlink,1759921571,0.004913909752218717
link_weth_3000_month_23529643_23536842_w08,chainlink,1759923695,0.004924294713573807
link_weth_3000_month_23529643_23536842_w08,chainlink,1759925195,0.004910108150746116
link_weth_3000_month_23529643_23536842_w08,chainlink,1759927319,0.004911622772968148
link_weth_3000_month_23529643_23536842_w08,chainlink,1759927631,0.004937219204852786
link_weth_3000_month_23529643_23536842_w08,chainlink,1759928951,0.004911876558497374
link_weth_3000_month_23529643_23536842_w08,chainlink,1759930739,0.004938237842414113
link_weth_3000_month_23529643_23536842_w08,chainlink,1759931207,0.004908299345327551
link_weth_3000_month_23529643_23536842_w08,chainlink,1759931543,0.004935926430814873
link_weth_3000_month_23529643_23536842_w08,chainlink,1759931999,0.004963268739631989
link_weth_3000_month_23529643_23536842_w08,chainlink,1759932059,0.004927530397995033
link_weth_3000_month_23529643_23536842_w08,chainlink,1759932143,0.004956921734768058
link_weth_3000_month_23529643_23536842_w08,chainlink,1759932239,0.004931734136627708
link_weth_3000_month_23529643_23536842_w08,chainlink,1759932935,0.004958240584052649
link_weth_3000_month_23529643_23536842_w08,chainlink,1759933727,0.004931390664677475
link_weth_3000_month_23529643_23536842_w08,chainlink,1759934159,0.00490231428364214
link_weth_3000_month_23529643_23536842_w08,chainlink,1759934495,0.004928256809496682
link_weth_3000_month_23529643_23536842_w08,chainlink,1759935371,0.004953912854202054
link_weth_3000_month_23529643_23536842_w08,chainlink,1759936331,0.004928678897565811
link_weth_3000_month_23529643_23536842_w08,chainlink,1759936847,0.004955053910640651
link_weth_3000_month_23529643_23536842_w08,chainlink,1759937783,0.004955621090758379
link_weth_3000_month_23529643_23536842_w08,chainlink,1759940471,0.004937706021400397
link_weth_3000_month_23529643_23536842_w08,chainlink,1759941407,0.004942290680831395
link_weth_3000_month_23529643_23536842_w08,chainlink,1759942307,0.004968690405163168
link_weth_3000_month_23529643_23536842_w08,chainlink,1759942415,0.004931880249639157
link_weth_3000_month_23529643_23536842_w08,chainlink,1759942883,0.004960926455833381
link_weth_3000_month_23529643_23536842_w08,chainlink,1759943831,0.004932017712060852
link_weth_3000_month_23529643_23536842_w08,chainlink,1759943843,0.004958582096924136
link_weth_3000_month_23529643_23536842_w08,chainlink,1759944215,0.004933675884281182
link_weth_3000_month_23529643_23536842_w08,chainlink,1759944659,0.004962027624224251
link_weth_3000_month_23529643_23536842_w08,chainlink,1759945619,0.004936518000435893
link_weth_3000_month_23529643_23536842_w08,chainlink,1759947179,0.00496168316679105
link_weth_3000_month_23529643_23536842_w08,chainlink,1759947827,0.004965687908235494
link_weth_3000_month_23529643_23536842_w08,chainlink,1759948403,0.004940129413711478
link_weth_3000_month_23529643_23536842_w08,chainlink,1759949087,0.00496585916934096
link_weth_3000_month_23529643_23536842_w08,chainlink,1759950059,0.004992128975175019
link_weth_3000_month_23529643_23536842_w08,chainlink,1759950563,0.004960501387532362
link_weth_3000_month_23529643_23536842_w08,chainlink,1759951955,0.0049870447531787
link_weth_3000_month_23529643_23536842_w08,chainlink,1759952711,0.00498724911042768
link_weth_3000_month_23529643_23536842_w08,chainlink,1759955579,0.004979632135967017
link_weth_3000_month_23529643_23536842_w08,chainlink,1759956347,0.004977377705016747
link_weth_3000_month_23529643_23536842_w08,chainlink,1759959191,0.004993915967651597
link_weth_3000_month_23529643_23536842_w08,chainlink,1759959971,0.004986120486744837
link_weth_3000_month_23529643_23536842_w08,chainlink,1759962827,0.004995397846159727
link_weth_3000_month_23529643_23536842_w08,chainlink,1759963583,0.00499129091641104
link_weth_3000_month_23529643_23536842_w08,chainlink,1759966463,0.005001154307139776
link_weth_3000_month_23529643_23536842_w08,chainlink,1759967207,0.005000262143620147
link_weth_3000_month_23529643_23536842_w08,chainlink,1759970027,0.004974494613306769
link_weth_3000_month_23529643_23536842_w08,chainlink,1759970843,0.004984121587292986
link_weth_3000_month_23529643_23536842_w08,chainlink,1759972523,0.004959137099343476
link_weth_3000_month_23536843_23544042_w09,chainlink,1759972523,0.004959137099343476
link_weth_3000_month_23536843_23544042_w09,chainlink,1759972595,0.004991733188974055
link_weth_3000_month_23536843_23544042_w09,chainlink,1759973639,0.004964746779249997
link_weth_3000_month_23536843_23544042_w09,chainlink,1759973927,0.004990799111700127
link_weth_3000_month_23536843_23544042_w09,chainlink,1759975055,0.005018625642495119
link_weth_3000_month_23536843_23544042_w09,chainlink,1759975607,0.004993146000859645
link_weth_3000_month_23536843_23544042_w09,chainlink,1759976843,0.005018635198689543
link_weth_3000_month_23536843_23544042_w09,chainlink,1759976843,0.004993491289378258
link_weth_3000_month_23536843_23544042_w09,chainlink,1759977479,0.004965637897372495
link_weth_3000_month_23536843_23544042_w09,chainlink,1759977803,0.004992621643894798
link_weth_3000_month_23536843_23544042_w09,chainlink,1759979615,0.005017812737951771
link_weth_3000_month_23536843_23544042_w09,chainlink,1759980179,0.004990628895226993
link_weth_3000_month_23536843_23544042_w09,chainlink,1759983215,0.004997422972700701
link_weth_3000_month_23536843_23544042_w09,chainlink,1759983803,0.004984669096541437
link_weth_3000_month_23536843_23544042_w09,chainlink,1759983815,0.005010013155711276
link_weth_3000_month_23536843_23544042_w09,chainlink,1759986203,0.005035652892261064
link_weth_3000_month_23536843_23544042_w09,chainlink,1759987247,0.0050094137730339
link_weth_3000_month_23536843_23544042_w09,chainlink,1759987439,0.00502740409525946
link_weth_3000_month_23536843_23544042_w09,chainlink,1759987931,0.005058377237606781
link_weth_3000_month_23536843_23544042_w09,chainlink,1759989191,0.005032342203916968
link_weth_3000_month_23536843_23544042_w09,chainlink,1759990907,0.005006862164628561
link_weth_3000_month_23536843_23544042_w09,chainlink,1759991075,0.005013486764443863
link_weth_3000_month_23536843_23544042_w09,chainlink,1759993607,0.004988372063808529
link_weth_3000_month_23536843_23544042_w09,chainlink,1759994699,0.004996598512624842
link_weth_3000_month_23536843_23544042_w09,chainlink,1759995431,0.004970756270628181
link_weth_3000_month_23536843_23544042_w09,chainlink,1759996823,0.004964260525596452
link_weth_3000_month_23536843_23544042_w09,chainlink,1759996835,0.004965584205757206
link_weth_3000_month_23536843_23544042_w09,chainlink,1759997363,0.004939361550681179
link_weth_3000_month_23536843_23544042_w09,chainlink,1759997795,0.004978999235321686
link_weth_3000_month_23536843_23544042_w09,chainlink,1759998167,0.004952644959379991
link_weth_3000_month_23536843_23544042_w09,chainlink,1759998215,0.004979098726861103
link_weth_3000_month_23536843_23544042_w09,chainlink,1759998635,0.005004556033626367
link_weth_3000_month_23536843_23544042_w09,chainlink,1760000003,0.00497537065419097
link_weth_3000_month_23536843_23544042_w09,chainlink,1760002259,0.004968006536173995
link_weth_3000_month_23536843_23544042_w09,chainlink,1760002523,0.004993169415045294
link_weth_3000_month_23536843_23544042_w09,chainlink,1760005595,0.005020492258460417
link_weth_3000_month_23536843_23544042_w09,chainlink,1760006123,0.005030684118402232
link_weth_3000_month_23536843_23544042_w09,chainlink,1760006219,0.005005566648486726
link_weth_3000_month_23536843_23544042_w09,chainlink,1760009039,0.004979548656858439
link_weth_3000_month_23536843_23544042_w09,chainlink,1760009735,0.004970027951617625
link_weth_3000_month_23536843_23544042_w09,chainlink,1760011583,0.004997953200483091
link_weth_3000_month_23536843_23544042_w09,chainlink,1760012663,0.004975670699098876
link_weth_3000_month_23536843_23544042_w09,chainlink,1760013731,0.005011018567795961
link_weth_3000_month_23536843_23544042_w09,chainlink,1760015267,0.004985739946949196
link_weth_3000_month_23536843_23544042_w09,chainlink,1760016299,0.004974144768096182
link_weth_3000_month_23536843_23544042_w09,chainlink,1760016839,0.004943053727355333
link_weth_3000_month_23536843_23544042_w09,chainlink,1760016839,0.004968956144617935
link_weth_3000_month_23536843_23544042_w09,chainlink,1760018159,0.004940953157436779
link_weth_3000_month_23536843_23544042_w09,chainlink,1760018363,0.004967661542152494
link_weth_3000_month_23536843_23544042_w09,chainlink,1760018579,0.004940729630974691
link_weth_3000_month_23536843_23544042_w09,chainlink,1760019119,0.004969848794129109
link_weth_3000_month_23536843_23544042_w09,chainlink,1760019839,0.004942166209283374
link_weth_3000_month_23536843_23544042_w09,chainlink,1760020283,0.004970249699807877
link_weth_3000_month_23536843_23544042_w09,chainlink,1760020379,0.004944101266348924
link_weth_3000_month_23536843_23544042_w09,chainlink,1760021531,0.004972154871425404
link_weth_3000_month_23536843_23544042_w09,chainlink,1760022059,0.004939283797237221
link_weth_3000_month_23536843_23544042_w09,chainlink,1760023259,0.004966114523405552
link_weth_3000_month_23536843_23544042_w09,chainlink,1760023859,0.004992803728565962
link_weth_3000_month_23536843_23544042_w09,chainlink,1760024375,0.004966772402119346
link_weth_3000_month_23536843_23544042_w09,chainlink,1760025275,0.004992428838417214
link_weth_3000_month_23536843_23544042_w09,chainlink,1760026871,0.00496686399777399
link_weth_3000_month_23536843_23544042_w09,chainlink,1760027327,0.004991737196387372
link_weth_3000_month_23536843_23544042_w09,chainlink,1760027495,0.004997716865274208
link_weth_3000_month_23536843_23544042_w09,chainlink,1760029139,0.005031182159157962
link_weth_3000_month_23536843_23544042_w09,chainlink,1760029151,0.005001919679883213
link_weth_3000_month_23536843_23544042_w09,chainlink,1760029511,0.005027993450278468
link_weth_3000_month_23536843_23544042_w09,chainlink,1760029775,0.004999736220222753
link_weth_3000_month_23536843_23544042_w09,chainlink,1760030471,0.005027995259981631
link_weth_3000_month_23536843_23544042_w09,chainlink,1760031647,0.005053216910639043
link_weth_3000_month_23536843_23544042_w09,chainlink,1760032271,0.005023576630894894
link_weth_3000_month_23536843_23544042_w09,chainlink,1760034287,0.005050256172901036
link_weth_3000_month_23536843_23544042_w09,chainlink,1760035895,0.00507546674468702
link_weth_3000_month_23536843_23544042_w09,chainlink,1760035907,0.005049580438208801
link_weth_3000_month_23536843_23544042_w09,chainlink,1760037515,0.005022829678600397
link_weth_3000_month_23536843_23544042_w09,chainlink,1760039519,0.005013940221442121
link_weth_3000_month_23536843_23544042_w09,chainlink,1760040215,0.005039132790598388
link_weth_3000_month_23536843_23544042_w09,chainlink,1760041151,0.005034237369031627
link_weth_3000_month_23536843_23544042_w09,chainlink,1760043887,0.005030531170913763
link_weth_3000_month_23536843_23544042_w09,chainlink,1760044487,0.005004066632370784
link_weth_3000_month_23536843_23544042_w09,chainlink,1760047511,0.005012692908351775
link_weth_3000_month_23536843_23544042_w09,chainlink,1760048111,0.005002866896873828
link_weth_3000_month_23536843_23544042_w09,chainlink,1760048987,0.005028128016987651
link_weth_3000_month_23536843_23544042_w09,chainlink,1760049851,0.005053833904813552
link_weth_3000_month_23536843_23544042_w09,chainlink,1760051747,0.005048244270739757
link_weth_3000_month_23536843_23544042_w09,chainlink,1760053463,0.00503508970309718
link_weth_3000_month_23536843_23544042_w09,chainlink,1760055371,0.005033754694580615
link_weth_3000_month_23536843_23544042_w09,chainlink,1760055479,0.005059006800822595
link_weth_3000_month_23536843_23544042_w09,chainlink,1760059007,0.005039887948036614
link_weth_3000_month_23536843_23544042_w09,chainlink,1760059091,0.005043693683749514
link_weth_3000_month_23544043_23551242_w10,chainlink,1760059091,0.005043693683749514
link_weth_3000_month_23544043_23551242_w10,chainlink,1760061983,0.005069580216324492
link_weth_3000_month_23544043_23551242_w10,chainlink,1760062715,0.005064700477082105
link_weth_3000_month_23544043_23551242_w10,chainlink,1760065607,0.005074738516568597
link_weth_3000_month_23544043_23551242_w10,chainlink,1760066327,0.005066019244103717
link_weth_3000_month_23544043_23551242_w10,chainlink,1760066531,0.005092333366040014
link_weth_3000_month_23544043_23551242_w10,chainlink,1760066891,0.005122252164069119
link_weth_3000_month_23544043_23551242_w10,chainlink,1760067047,0.005096554685501845
link_weth_3000_month_23544043_23551242_w10,chainlink,1760067047,0.005124750401914574
link_weth_3000_month_23544043_23551242_w10,chainlink,1760067947,0.005151578428148635
link_weth_3000_month_23544043_23551242_w10,chainlink,1760068487,0.005124618404947203
link_weth_3000_month_23544043_23551242_w10,chainlink,1760068523,0.005151723824609733
link_weth_3000_month_23544043_23551242_w10,chainlink,1760071007,0.005124324910468319
link_weth_3000_month_23544043_23551242_w10,chainlink,1760072147,0.005137601174844959
link_weth_3000_month_23544043_23551242_w10,chainlink,1760073947,0.005164447567503121
link_weth_3000_month_23544043_23551242_w10,chainlink,1760074403,0.005137711927067731
link_weth_3000_month_23544043_23551242_w10,chainlink,1760075063,0.005164915222268011
link_weth_3000_month_23544043_23551242_w10,chainlink,1760075483,0.005139058651782853
link_weth_3000_month_23544043_23551242_w10,chainlink,1760075663,0.005166565293536908
link_weth_3000_month_23544043_23551242_w10,chainlink,1760077883,0.005140380310575877
link_weth_3000_month_23544043_23551242_w10,chainlink,1760078315,0.005167912942574148
link_weth_3000_month_23544043_23551242_w10,chainlink,1760079083,0.005137223887607233
link_weth_3000_month_23544043_23551242_w10,chainlink,1760079959,0.005163174445969117
link_weth_3000_month_23544043_23551242_w10,chainlink,1760082203,0.005190066967333177
link_weth_3000_month_23544043_23551242_w10,chainlink,1760083127,0.005163704353339457
link_weth_3000_month_23544043_23551242_w10,chainlink,1760083223,0.005159534595077613
link_weth_3000_month_23544043_23551242_w10,chainlink,1760083223,0.00515724651084876
link_weth_3000_month_23544043_23551242_w10,chainlink,1760084183,0.005191395848369197
link_weth_3000_month_23544043_23551242_w10,chainlink,1760086679,0.005164769398488275
link_weth_3000_month_23544043_23551242_w10,chainlink,1760086691,0.005192549862406158
link_weth_3000_month_23544043_23551242_w10,chainlink,1760088575,0.005230566565823467
link_weth_3000_month_23544043_23551242_w10,chainlink,1760089811,0.005198951537580743
link_weth_3000_month_23544043_23551242_w10,chainlink,1760089859,0.005228271631212236
link_weth_3000_month_23544043_23551242_w10,chainlink,1760093231,0.005201924666660497
link_weth_3000_month_23544043_23551242_w10,chainlink,1760093435,0.005174525388822797
link_weth_3000_month_23544043_23551242_w10,chainlink,1760094611,0.005202192718963783
link_weth_3000_month_23544043_23551242_w10,chainlink,1760095007,0.005175617466018993
link_weth_3000_month_23544043_23551242_w10,chainlink,1760097059,0.005181118600040061
link_weth_3000_month_23544043_23551242_w10,chainlink,1760098583,0.005154994954376358
link_weth_3000_month_23544043_23551242_w10,chainlink,1760099087,0.005183108273038379
link_weth_3000_month_23544043_23551242_w10,chainlink,1760100659,0.005180127618090658
link_weth_3000_month_23544043_23551242_w10,chainlink,1760101247,0.005209027514968612
link_weth_3000_month_23544043_23551242_w10,chainlink,1760102435,0.005181132001063581
link_weth_3000_month_23544043_23551242_w10,chainlink,1760103575,0.005208621762887488
link_weth_3000_month_23544043_23551242_w10,chainlink,1760103611,0.005179867429245114
link_weth_3000_month_23544043_23551242_w10,chainlink,1760104175,0.005206705935780814
link_weth_3000_month_23544043_23551242_w10,chainlink,1760104247,0.005180045753328751
link_weth_3000_month_23544043_23551242_w10,chainlink,1760105267,0.005207095068692023
link_weth_3000_month_23544043_23551242_w10,chainlink,1760105663,0.005176978470381574
link_weth_3000_month_23544043_23551242_w10,chainlink,1760105807,0.005203165619895552
link_weth_3000_month_23544043_23551242_w10,chainlink,1760105903,0.005176404387236294
link_weth_3000_month_23544043_23551242_w10,chainlink,1760106275,0.005202681603901188
link_weth_3000_month_23544043_23551242_w10,chainlink,1760108351,0.005157320108523041
link_weth_3000_month_23544043_23551242_w10,chainlink,1760108375,0.005199435191607064
link_weth_3000_month_23544043_23551242_w10,chainlink,1760108495,0.005227870327137995
link_weth_3000_month_23544043_23551242_w10,chainlink,1760108555,0.005198297739881197
link_weth_3000_month_23544043_23551242_w10,chainlink,1760109491,0.005227850868335738
link_weth_3000_month_23544043_23551242_w10,chainlink,1760109515,0.005201694561785052
link_weth_3000_month_23544043_23551242_w10,chainlink,1760109671,0.005231856036348349
link_weth_3000_month_23544043_23551242_w10,chainlink,1760109695,0.005204408136916391
link_weth_3000_month_23544043_23551242_w10,chainlink,1760109755,0.005238269558846572
link_weth_3000_month_23544043_23551242_w10,chainlink,1760109755,0.005209824565797695
link_weth_3000_month_23544043_23551242_w10,chainlink,1760109935,0.005180520495777543
link_weth_3000_month_23544043_23551242_w10,chainlink,1760110211,0.005212603247905535
link_weth_3000_month_23544043_23551242_w10,chainlink,1760110235,0.005177254833724629
link_weth_3000_month_23544043_23551242_w10,chainlink,1760110271,0.005227789532898103
link_weth_3000_month_23544043_23551242_w10,chainlink,1760110331,0.005280755336813407
link_weth_3000_month_23544043_23551242_w10,chainlink,1760110355,0.005240256299528011
link_weth_3000_month_23544043_23551242_w10,chainlink,1760110427,0.005185889012724284
link_weth_3000_month_23544043_23551242_w10,chainlink,1760110523,0.00522366940179537
link_weth_3000_month_23544043_23551242_w10,chainlink,1760110715,0.00518864895195454
link_weth_3000_month_23544043_23551242_w10,chainlink,1760110871,0.005227051086616635
link_weth_3000_month_23544043_23551242_w10,chainlink,1760111015,0.005191341006865229
link_weth_3000_month_23544043_23551242_w10,chainlink,1760111039,0.005221054793622402
link_weth_3000_month_23544043_23551242_w10,chainlink,1760111639,0.005192313930506325
link_weth_3000_month_23544043_23551242_w10,chainlink,1760111795,0.005219656687432158
link_weth_3000_month_23544043_23551242_w10,chainlink,1760112059,0.005192907595381783
link_weth_3000_month_23544043_23551242_w10,chainlink,1760112431,0.00516449156599571
link_weth_3000_month_23544043_23551242_w10,chainlink,1760112539,0.005196276828538309
link_weth_3000_month_23544043_23551242_w10,chainlink,1760113115,0.005223930815853901
link_weth_3000_month_23544043_23551242_w10,chainlink,1760113139,0.005195439054045593
link_weth_3000_month_23544043_23551242_w10,chainlink,1760113439,0.005233466800986779
link_weth_3000_month_23544043_23551242_w10,chainlink,1760113451,0.005202539511344402
link_weth_3000_month_23544043_23551242_w10,chainlink,1760114699,0.005173379179325564
link_weth_3000_month_23544043_23551242_w10,chainlink,1760115035,0.00520001798728565
link_weth_3000_month_23544043_23551242_w10,chainlink,1760115395,0.005173536395095947
link_weth_3000_month_23544043_23551242_w10,chainlink,1760116379,0.005199523119824359
link_weth_3000_month_23544043_23551242_w10,chainlink,1760117975,0.00517259604872232
link_weth_3000_month_23544043_23551242_w10,chainlink,1760118647,0.005183898284265843
link_weth_3000_month_23544043_23551242_w10,chainlink,1760119271,0.005156894682347425
link_weth_3000_month_23544043_23551242_w10,chainlink,1760121515,0.005130709673165585
link_weth_3000_month_23544043_23551242_w10,chainlink,1760121647,0.005163404611819292
link_weth_3000_month_23544043_23551242_w10,chainlink,1760123207,0.005190463043846068
link_weth_3000_month_23544043_23551242_w10,chainlink,1760123375,0.005162975842032685
link_weth_3000_month_23544043_23551242_w10,chainlink,1760123567,0.005191508444599008
link_weth_3000_month_23544043_23551242_w10,chainlink,1760124047,0.005164800715412417
link_weth_3000_month_23544043_23551242_w10,chainlink,1760124143,0.005190918210505815
link_weth_3000_month_23544043_23551242_w10,chainlink,1760124407,0.005162594944095029
link_weth_3000_month_23544043_23551242_w10,chainlink,1760124527,0.005135857892371448
link_weth_3000_month_23544043_23551242_w10,chainlink,1760124527,0.005171855554205054
link_weth_3000_month_23544043_23551242_w10,chainlink,1760124611,0.00521704038136555
link_weth_3000_month_23544043_23551242_w10,chainlink,1760124659,0.005157092117940827
link_weth_3000_month_23544043_23551242_w10,chainlink,1760124659,0.005185638257623527
link_weth_3000_month_23544043_23551242_w10,chainlink,1760124671,0.005154024784743168
link_weth_3000_month_23544043_23551242_w10,chainlink,1760124851,0.00518821952817022
link_weth_3000_month_23544043_23551242_w10,chainlink,1760124971,0.005162033651551771
link_weth_3000_month_23544043_23551242_w10,chainlink,1760125331,0.005128083299368412
link_weth_3000_month_23544043_23551242_w10,chainlink,1760125331,0.00515414836441299
link_weth_3000_month_23544043_23551242_w10,chainlink,1760125547,0.005127199914645917
link_weth_3000_month_23544043_23551242_w10,chainlink,1760126051,0.005098613740518625
link_weth_3000_month_23544043_23551242_w10,chainlink,1760126087,0.005125039388763812
link_weth_3000_month_23544043_23551242_w10,chainlink,1760127203,0.005152775216167107
link_weth_3000_month_23544043_23551242_w10,chainlink,1760127467,0.005125258242078934
link_weth_3000_month_23544043_23551242_w10,chainlink,1760127827,0.005151903840827475
link_weth_3000_month_23544043_23551242_w10,chainlink,1760129447,0.00517887719634491
link_weth_3000_month_23544043_23551242_w10,chainlink,1760129483,0.005152826415801414
link_weth_3000_month_23544043_23551242_w10,chainlink,1760129615,0.005091424914765403
link_weth_3000_month_23544043_23551242_w10,chainlink,1760129615,0.005195645450153264
link_weth_3000_month_23544043_23551242_w10,chainlink,1760129675,0.005161572285481903
link_weth_3000_month_23544043_23551242_w10,chainlink,1760129687,0.005216053287766754
link_weth_3000_month_23544043_23551242_w10,chainlink,1760129711,0.005180094969517374
link_weth_3000_month_23544043_23551242_w10,chainlink,1760129711,0.005130558343585017
link_weth_3000_month_23544043_23551242_w10,chainlink,1760129747,0.005157239642687368
link_weth_3000_month_23544043_23551242_w10,chainlink,1760129843,0.005210183560125806
link_weth_3000_month_23544043_23551242_w10,chainlink,1760129843,0.005176195743833814
link_weth_3000_month_23544043_23551242_w10,chainlink,1760129843,0.005163925630346523
link_weth_3000_month_23544043_23551242_w10,chainlink,1760129867,0.005134412701137644
link_weth_3000_month_23544043_23551242_w10,chainlink,1760129867,0.005105460182433124
link_weth_3000_month_23544043_23551242_w10,chainlink,1760129999,0.005136414489286671
link_weth_3000_month_23544043_23551242_w10,chainlink,1760130023,0.005030712835887071
link_weth_3000_month_23544043_23551242_w10,chainlink,1760130083,0.00500464776968922
link_weth_3000_month_23544043_23551242_w10,chainlink,1760130107,0.005051272401064114
link_weth_3000_month_23544043_23551242_w10,chainlink,1760130143,0.005081744808314945
link_weth_3000_month_23544043_23551242_w10,chainlink,1760130143,0.005055368609469883
link_weth_3000_month_23544043_23551242_w10,chainlink,1760130383,0.005029336944034137
link_weth_3000_month_23544043_23551242_w10,chainlink,1760130707,0.005065919986774673
link_weth_3000_month_23544043_23551242_w10,chainlink,1760130719,0.005025366279550338
link_weth_3000_month_23544043_23551242_w10,chainlink,1760130791,0.004968635569928913
link_weth_3000_month_23544043_23551242_w10,chainlink,1760130791,0.00505549755200181
link_weth_3000_month_23544043_23551242_w10,chainlink,1760130815,0.00496799145615319
link_weth_3000_month_23544043_23551242_w10,chainlink,1760130827,0.005086690542403674
link_weth_3000_month_23544043_23551242_w10,chainlink,1760130863,0.00489853066383674
link_weth_3000_month_23544043_23551242_w10,chainlink,1760130863,0.004849522790060768
link_weth_3000_month_23544043_23551242_w10,chainlink,1760130899,0.004938921997756826
link_weth_3000_month_23544043_23551242_w10,chainlink,1760130899,0.004688046973446895
link_weth_3000_month_23544043_23551242_w10,chainlink,1760130899,0.004757336399869843
link_weth_3000_month_23544043_23551242_w10,chainlink,1760130935,0.004867719383684989
link_weth_3000_month_23544043_23551242_w10,chainlink,1760130995,0.004775959281873566
link_weth_3000_month_23544043_23551242_w10,chainlink,1760130995,0.004822155795504632
link_weth_3000_month_23544043_23551242_w10,chainlink,1760130995,0.004668804955452754
link_weth_3000_month_23544043_23551242_w10,chainlink,1760131067,0.004864480516150291
link_weth_3000_month_23544043_23551242_w10,chainlink,1760131067,0.004501185572056186
link_weth_3000_month_23544043_23551242_w10,chainlink,1760131091,0.004418019124877809
link_weth_3000_month_23544043_23551242_w10,chainlink,1760131127,0.004487544576065708
link_weth_3000_month_23544043_23551242_w10,chainlink,1760131151,0.004136159635887045
link_weth_3000_month_23544043_23551242_w10,chainlink,1760131163,0.003752893955239728
link_weth_3000_month_23544043_23551242_w10,chainlink,1760131199,0.003485271138508987
link_weth_3000_month_23544043_23551242_w10,chainlink,1760131211,0.003509097205182931
link_weth_3000_month_23544043_23551242_w10,chainlink,1760131211,0.003579444848517043
link_weth_3000_month_23544043_23551242_w10,chainlink,1760131247,0.003616245512999291
link_weth_3000_month_23544043_23551242_w10,chainlink,1760131259,0.003026492558617567
link_weth_3000_month_23544043_23551242_w10,chainlink,1760131295,0.002975812569105161
link_weth_3000_month_23544043_23551242_w10,chainlink,1760131331,0.002756869931301153
link_weth_3000_month_23544043_23551242_w10,chainlink,1760131451,0.003020789921376931
link_weth_3000_month_23544043_23551242_w10,chainlink,1760131451,0.002902922853563406
link_weth_3000_month_23544043_23551242_w10,chainlink,1760131535,0.002895313546248835
link_weth_3000_month_23544043_23551242_w10,chainlink,1760131535,0.003050507739015412
link_weth_3000_month_23544043_23551242_w10,chainlink,1760131535,0.003079164145404144
link_weth_3000_month_23544043_23551242_w10,chainlink,1760131559,0.003096372759703375
link_weth_3000_month_23544043_23551242_w10,chainlink,1760131631,0.003198107493484776
link_weth_3000_month_23544043_23551242_w10,chainlink,1760131643,0.003247845188910365
link_weth_3000_month_23544043_23551242_w10,chainlink,1760131679,0.003418300902840958
link_weth_3000_month_23544043_23551242_w10,chainlink,1760131679,0.003462051537771523
link_weth_3000_month_23544043_23551242_w10,chainlink,1760131679,0.00348602554762733
link_weth_3000_month_23544043_23551242_w10,chainlink,1760131703,0.00351010588541241
link_weth_3000_month_23544043_23551242_w10,chainlink,1760131811,0.003578858582068035
link_weth_3000_month_23544043_23551242_w10,chainlink,1760131859,0.003666038281593839
link_weth_3000_month_23544043_23551242_w10,chainlink,1760131883,0.003639904939464547
link_weth_3000_month_23544043_23551242_w10,chainlink,1760131943,0.003559574753027875
link_weth_3000_month_23544043_23551242_w10,chainlink,1760131955,0.003577516717364742
link_weth_3000_month_23544043_23551242_w10,chainlink,1760131955,0.003709854381609979
link_weth_3000_month_23544043_23551242_w10,chainlink,1760131967,0.003655454814196617
link_weth_3000_month_23544043_23551242_w10,chainlink,1760131979,0.003607465922610338
link_weth_3000_month_23544043_23551242_w10,chainlink,1760132039,0.003706673887301905
link_weth_3000_month_23544043_23551242_w10,chainlink,1760132123,0.003814826957475207
link_weth_3000_month_23544043_23551242_w10,chainlink,1760132123,0.003782764968878758
link_weth_3000_month_23544043_23551242_w10,chainlink,1760132159,0.004118709670563795
link_weth_3000_month_23544043_23551242_w10,chainlink,1760132183,0.004029712358971498
link_weth_3000_month_23544043_23551242_w10,chainlink,1760132219,0.004073147923523833
link_weth_3000_month_23544043_23551242_w10,chainlink,1760132243,0.003923537187426115
link_weth_3000_month_23544043_23551242_w10,chainlink,1760132303,0.003828715222710138
link_weth_3000_month_23544043_23551242_w10,chainlink,1760132327,0.003877484271842904
link_weth_3000_month_23544043_23551242_w10,chainlink,1760132459,0.004344653677608534
link_weth_3000_month_23544043_23551242_w10,chainlink,1760132519,0.004321236953466651
link_weth_3000_month_23544043_23551242_w10,chainlink,1760132567,0.004296482756954837
link_weth_3000_month_23544043_23551242_w10,chainlink,1760132579,0.004130296815489341
link_weth_3000_month_23544043_23551242_w10,chainlink,1760132603,0.004252033807587816
link_weth_3000_month_23544043_23551242_w10,chainlink,1760132675,0.004380054947334536
link_weth_3000_month_23544043_23551242_w10,chainlink,1760132699,0.004306192029231749
link_weth_3000_month_23544043_23551242_w10,chainlink,1760132723,0.004377827447667365
link_weth_3000_month_23544043_23551242_w10,chainlink,1760132759,0.004548080892456213
link_weth_3000_month_23544043_23551242_w10,chainlink,1760132759,0.004491051489762402
link_weth_3000_month_23544043_23551242_w10,chainlink,1760132843,0.004518060759065319
link_weth_3000_month_23544043_23551242_w10,chainlink,1760132843,0.004441153158040589
link_weth_3000_month_23544043_23551242_w10,chainlink,1760132879,0.004380801863666094
link_weth_3000_month_23544043_23551242_w10,chainlink,1760132915,0.00434157105357059
link_weth_3000_month_23544043_23551242_w10,chainlink,1760132915,0.004390709934105908
link_weth_3000_month_23544043_23551242_w10,chainlink,1760132987,0.004297046145880254
link_weth_3000_month_23544043_23551242_w10,chainlink,1760133047,0.004274041283071307
link_weth_3000_month_23544043_23551242_w10,chainlink,1760133059,0.004377986067802488
link_weth_3000_month_23544043_23551242_w10,chainlink,1760133059,0.004342393378985046
link_weth_3000_month_23544043_23551242_w10,chainlink,1760133119,0.004310350639902091
link_weth_3000_month_23544043_23551242_w10,chainlink,1760133143,0.004439973401411506
link_weth_3000_month_23544043_23551242_w10,chainlink,1760133143,0.004391890774003293
link_weth_3000_month_23544043_23551242_w10,chainlink,1760133179,0.004359182975246703
link_weth_3000_month_23544043_23551242_w10,chainlink,1760133263,0.004411395406788965
link_weth_3000_month_23544043_23551242_w10,chainlink,1760133263,0.004318611823880101
link_weth_3000_month_23544043_23551242_w10,chainlink,1760133299,0.00434165837386542
link_weth_3000_month_23544043_23551242_w10,chainlink,1760133323,0.004364795080906826
link_weth_3000_month_23544043_23551242_w10,chainlink,1760133323,0.004397199427252646
link_weth_3000_month_23544043_23551242_w10,chainlink,1760133431,0.004345743564459434
link_weth_3000_month_23544043_23551242_w10,chainlink,1760133443,0.004323111946804184
link_weth_3000_month_23544043_23551242_w10,chainlink,1760133443,0.004350634453168882
link_weth_3000_month_23544043_23551242_w10,chainlink,1760133563,0.004376133220260684
link_weth_3000_month_23544043_23551242_w10,chainlink,1760133659,0.00433176360392412
link_weth_3000_month_23544043_23551242_w10,chainlink,1760133659,0.004259260888030802
link_weth_3000_month_23544043_23551242_w10,chainlink,1760133683,0.004204943690414568
link_weth_3000_month_23544043_23551242_w10,chainlink,1760133803,0.004231753247577808
link_weth_3000_month_23544043_23551242_w10,chainlink,1760133839,0.004152798849538418
link_weth_3000_month_23544043_23551242_w10,chainlink,1760133863,0.004126916806135795
link_weth_3000_month_23544043_23551242_w10,chainlink,1760133899,0.004158987310682896
link_weth_3000_month_23544043_23551242_w10,chainlink,1760133899,0.004113163737683697
link_weth_3000_month_23544043_23551242_w10,chainlink,1760133959,0.004018773579916693
link_weth_3000_month_23544043_23551242_w10,chainlink,1760133983,0.003985167530588017
link_weth_3000_month_23544043_23551242_w10,chainlink,1760134007,0.004015271979305002
link_weth_3000_month_23544043_23551242_w10,chainlink,1760134079,0.004142256312552344
link_weth_3000_month_23544043_23551242_w10,chainlink,1760134079,0.004168339618986998
link_weth_3000_month_23544043_23551242_w10,chainlink,1760134175,0.004143566423499788
link_weth_3000_month_23544043_23551242_w10,chainlink,1760134175,0.004207332495312468
link_weth_3000_month_23544043_23551242_w10,chainlink,1760134223,0.004173147750410736
link_weth_3000_month_23544043_23551242_w10,chainlink,1760134259,0.004208719550178442
link_weth_3000_month_23544043_23551242_w10,chainlink,1760134319,0.004186426401802186
link_weth_3000_month_23544043_23551242_w10,chainlink,1760134415,0.004216193703139698
link_weth_3000_month_23544043_23551242_w10,chainlink,1760134631,0.004238095868576468
link_weth_3000_month_23544043_23551242_w10,chainlink,1760134751,0.004201601637997018
link_weth_3000_month_23544043_23551242_w10,chainlink,1760134775,0.004172302408161891
link_weth_3000_month_23544043_23551242_w10,chainlink,1760134799,0.004195848516829534
link_weth_3000_month_23544043_23551242_w10,chainlink,1760134943,0.004230455699087305
link_weth_3000_month_23544043_23551242_w10,chainlink,1760134991,0.004156126767392396
link_weth_3000_month_23544043_23551242_w10,chainlink,1760135051,0.004203516252074802
link_weth_3000_month_23544043_23551242_w10,chainlink,1760135087,0.004156411252973787
link_weth_3000_month_23544043_23551242_w10,chainlink,1760135099,0.004181719584181937
link_weth_3000_month_23544043_23551242_w10,chainlink,1760135147,0.004151325374787471
link_weth_3000_month_23544043_23551242_w10,chainlink,1760135243,0.004119303403818135
link_weth_3000_month_23544043_23551242_w10,chainlink,1760135351,0.00418046214083676
link_weth_3000_month_23544043_23551242_w10,chainlink,1760135411,0.004133763342382232
link_weth_3000_month_23544043_23551242_w10,chainlink,1760135435,0.004159614304679635
link_weth_3000_month_23544043_23551242_w10,chainlink,1760135447,0.004134307715606959
link_weth_3000_month_23544043_23551242_w10,chainlink,1760135471,0.004101093927274313
link_weth_3000_month_23544043_23551242_w10,chainlink,1760135495,0.004122674015875792
link_weth_3000_month_23544043_23551242_w10,chainlink,1760135531,0.004147485425665459
link_weth_3000_month_23544043_23551242_w10,chainlink,1760135675,0.004108756273393956
link_weth_3000_month_23544043_23551242_w10,chainlink,1760135711,0.004141208714143046
link_weth_3000_month_23544043_23551242_w10,chainlink,1760135759,0.004117670175043094
link_weth_3000_month_23544043_23551242_w10,chainlink,1760135891,0.004138981825376989
link_weth_3000_month_23544043_23551242_w10,chainlink,1760135939,0.004161489565226335
link_weth_3000_month_23544043_23551242_w10,chainlink,1760135975,0.00420250352282896
link_weth_3000_month_23544043_23551242_w10,chainlink,1760136095,0.004164713000010285
link_weth_3000_month_23544043_23551242_w10,chainlink,1760136191,0.004185709657179885
link_weth_3000_month_23544043_23551242_w10,chainlink,1760136215,0.004234648694239017
link_weth_3000_month_23544043_23551242_w10,chainlink,1760136251,0.004211703254373965
link_weth_3000_month_23544043_23551242_w10,chainlink,1760136311,0.004260360202832663
link_weth_3000_month_23544043_23551242_w10,chainlink,1760136431,0.004294508501074848
link_weth_3000_month_23544043_23551242_w10,chainlink,1760136539,0.004266597860186594
link_weth_3000_month_23544043_23551242_w10,chainlink,1760136659,0.004289774777870114
link_weth_3000_month_23544043_23551242_w10,chainlink,1760136731,0.004265270994080705
link_weth_3000_month_23544043_23551242_w10,chainlink,1760136755,0.0042974804986854
link_weth_3000_month_23544043_23551242_w10,chainlink,1760136815,0.004275770914575133
link_weth_3000_month_23544043_23551242_w10,chainlink,1760136983,0.004310500707214018
link_weth_3000_month_23544043_23551242_w10,chainlink,1760137091,0.004344543239800202
link_weth_3000_month_23544043_23551242_w10,chainlink,1760137151,0.004376329368275572
link_weth_3000_month_23544043_23551242_w10,chainlink,1760137271,0.00440947415867711
link_weth_3000_month_23544043_23551242_w10,chainlink,1760137307,0.004431689454443741
link_weth_3000_month_23544043_23551242_w10,chainlink,1760137367,0.004401757637161752
link_weth_3000_month_23544043_23551242_w10,chainlink,1760137439,0.004378796146739759
link_weth_3000_month_23544043_23551242_w10,chainlink,1760137511,0.004353655825577039
link_weth_3000_month_23544043_23551242_w10,chainlink,1760137571,0.004324212208749998
link_weth_3000_month_23544043_23551242_w10,chainlink,1760137583,0.004351730123154455
link_weth_3000_month_23544043_23551242_w10,chainlink,1760137847,0.004405520794540322
link_weth_3000_month_23544043_23551242_w10,chainlink,1760137919,0.004357899848354376
link_weth_3000_month_23544043_23551242_w10,chainlink,1760137943,0.004392660607992641
link_weth_3000_month_23544043_23551242_w10,chainlink,1760137955,0.004363159847609889
link_weth_3000_month_23544043_23551242_w10,chainlink,1760137991,0.004392503828043752
link_weth_3000_month_23544043_23551242_w10,chainlink,1760138099,0.004441340782122905
link_weth_3000_month_23544043_23551242_w10,chainlink,1760138135,0.00441456321890139
link_weth_3000_month_23544043_23551242_w10,chainlink,1760138159,0.004440607780988863
link_weth_3000_month_23544043_23551242_w10,chainlink,1760138279,0.004465173947353293
link_weth_3000_month_23544043_23551242_w10,chainlink,1760138279,0.004435747324928915
link_weth_3000_month_23544043_23551242_w10,chainlink,1760138339,0.004481433110118421
link_weth_3000_month_23544043_23551242_w10,chainlink,1760138459,0.004517406695386972
link_weth_3000_month_23544043_23551242_w10,chainlink,1760138495,0.004541938040871871
link_weth_3000_month_23544043_23551242_w10,chainlink,1760138555,0.004568777106413807
link_weth_3000_month_23544043_23551242_w10,chainlink,1760138843,0.004527269576287696
link_weth_3000_month_23544043_23551242_w10,chainlink,1760138891,0.004567448554650098
link_weth_3000_month_23544043_23551242_w10,chainlink,1760139035,0.004591789246024009
link_weth_3000_month_23544043_23551242_w10,chainlink,1760139239,0.004563117614379338
link_weth_3000_month_23544043_23551242_w10,chainlink,1760139359,0.0045977310189368
link_weth_3000_month_23544043_23551242_w10,chainlink,1760139623,0.004574059284226514
link_weth_3000_month_23544043_23551242_w10,chainlink,1760139899,0.004603362243275791
link_weth_3000_month_23544043_23551242_w10,chainlink,1760139959,0.00457582166326312
link_weth_3000_month_23544043_23551242_w10,chainlink,1760140043,0.00459977750459994
link_weth_3000_month_23544043_23551242_w10,chainlink,1760140139,0.004572660535916679
link_weth_3000_month_23544043_23551242_w10,chainlink,1760140199,0.004600708819028015
link_weth_3000_month_23544043_23551242_w10,chainlink,1760140199,0.004563232719693216
link_weth_3000_month_23544043_23551242_w10,chainlink,1760140355,0.004529535287832782
link_weth_3000_month_23544043_23551242_w10,chainlink,1760140379,0.004490830733349553
link_weth_3000_month_23544043_23551242_w10,chainlink,1760140499,0.004516847733350722
link_weth_3000_month_23544043_23551242_w10,chainlink,1760140655,0.00448884716170505
link_weth_3000_month_23544043_23551242_w10,chainlink,1760140799,0.0045185518674084
link_weth_3000_month_23544043_23551242_w10,chainlink,1760141015,0.004488457169721365
link_weth_3000_month_23544043_23551242_w10,chainlink,1760141051,0.004529634660886693
link_weth_3000_month_23544043_23551242_w10,chainlink,1760141063,0.004506264142505964
link_weth_3000_month_23544043_23551242_w10,chainlink,1760141111,0.004543750058378091
link_weth_3000_month_23544043_23551242_w10,chainlink,1760141435,0.00456875987583912
link_weth_3000_month_23544043_23551242_w10,chainlink,1760141675,0.004540182628669064
link_weth_3000_month_23544043_23551242_w10,chainlink,1760141795,0.004512245682755265
link_weth_3000_month_23544043_23551242_w10,chainlink,1760141855,0.004471224319865779
link_weth_3000_month_23544043_23551242_w10,chainlink,1760141879,0.004496586924554848
link_weth_3000_month_23544043_23551242_w10,chainlink,1760141963,0.004527567190519771
link_weth_3000_month_23544043_23551242_w10,chainlink,1760141975,0.004499270359074948
link_weth_3000_month_23544043_23551242_w10,chainlink,1760141975,0.004460312423788682
link_weth_3000_month_23544043_23551242_w10,chainlink,1760142143,0.004437903162867231
link_weth_3000_month_23544043_23551242_w10,chainlink,1760142155,0.004465934497598716
link_weth_3000_month_23544043_23551242_w10,chainlink,1760142239,0.00449517661358632
link_weth_3000_month_23544043_23551242_w10,chainlink,1760142539,0.004518434855487336
link_weth_3000_month_23544043_23551242_w10,chainlink,1760142539,0.004544506384629474
link_weth_3000_month_23544043_23551242_w10,chainlink,1760142599,0.004520851380323511
link_weth_3000_month_23544043_23551242_w10,chainlink,1760142743,0.004546082852856997
link_weth_3000_month_23544043_23551242_w10,chainlink,1760143151,0.004573883976997271
link_weth_3000_month_23544043_23551242_w10,chainlink,1760143523,0.004549199112469414
link_weth_3000_month_23544043_23551242_w10,chainlink,1760143595,0.004578150182195475
link_weth_3000_month_23544043_23551242_w10,chainlink,1760143679,0.004553948947270399
link_weth_3000_month_23544043_23551242_w10,chainlink,1760143691,0.004589921393468416
link_weth_3000_month_23544043_23551242_w10,chainlink,1760143871,0.004620374335578677
link_weth_3000_month_23544043_23551242_w10,chainlink,1760144015,0.004595972739499832
link_weth_3000_month_23544043_23551242_w10,chainlink,1760144123,0.004619090695862637
link_weth_3000_month_23544043_23551242_w10,chainlink,1760144315,0.004642664658157329
link_weth_3000_month_23544043_23551242_w10,chainlink,1760144435,0.004612040572119143
link_weth_3000_month_23544043_23551242_w10,chainlink,1760144543,0.004638959397051007
link_weth_3000_month_23544043_23551242_w10,chainlink,1760144771,0.004609697853695765
link_weth_3000_month_23544043_23551242_w10,chainlink,1760144867,0.004585686253491621
link_weth_3000_month_23544043_23551242_w10,chainlink,1760144975,0.004608890723535073
link_weth_3000_month_23544043_23551242_w10,chainlink,1760145071,0.0045824790622814
link_weth_3000_month_23544043_23551242_w10,chainlink,1760145179,0.004607307309952193
link_weth_3000_month_23544043_23551242_w10,chainlink,1760145191,0.004581596684757236
link_weth_3000_month_23544043_23551242_w10,chainlink,1760145311,0.004605448434712374
link_weth_3000_month_23544043_23551242_w10,chainlink,1760145431,0.004581101106121326
link_weth_3000_month_23544043_23551242_w10,chainlink,1760145563,0.004615128764149818
link_weth_3000_month_23544043_23551242_w10,chainlink,1760145587,0.004585279275392836
link_weth_3000_month_23544043_23551242_w10,chainlink,1760145731,0.00455503296683323
link_weth_3000_month_23544043_23551242_w10,chainlink,1760145887,0.00453031666831018
link_weth_3000_month_23544043_23551242_w10,chainlink,1760146091,0.004552981207349502
link_weth_3000_month_23544043_23551242_w10,chainlink,1760146535,0.004578210181341488
link_weth_3000_month_23551243_23558442_w11,chainlink,1760146535,0.004578210181341488
link_weth_3000_month_23551243_23558442_w11,chainlink,1760146907,0.004553991222971646
link_weth_3000_month_23551243_23558442_w11,chainlink,1760146979,0.004582453917048058
link_weth_3000_month_23551243_23558442_w11,chainlink,1760146991,0.004541928492219028
link_weth_3000_month_23551243_23558442_w11,chainlink,1760147243,0.004565290263580153
link_weth_3000_month_23551243_23558442_w11,chainlink,1760147567,0.004541244732096847
link_weth_3000_month_23551243_23558442_w11,chainlink,1760147663,0.004567013428068916
link_weth_3000_month_23551243_23558442_w11,chainlink,1760148083,0.004600510594667734
link_weth_3000_month_23551243_23558442_w11,chainlink,1760148203,0.004624071609005612
link_weth_3000_month_23551243_23558442_w11,chainlink,1760148215,0.004600696618282863
link_weth_3000_month_23551243_23558442_w11,chainlink,1760148407,0.004641722257411548
link_weth_3000_month_23551243_23558442_w11,chainlink,1760148455,0.004610627000530139
link_weth_3000_month_23551243_23558442_w11,chainlink,1760148767,0.004634565820201936
link_weth_3000_month_23551243_23558442_w11,chainlink,1760149247,0.004663155674287598
link_weth_3000_month_23551243_23558442_w11,chainlink,1760149439,0.004698221641529646
link_weth_3000_month_23551243_23558442_w11,chainlink,1760149439,0.004663377952755905
link_weth_3000_month_23551243_23558442_w11,chainlink,1760149643,0.004691175853018372
link_weth_3000_month_23551243_23558442_w11,chainlink,1760149943,0.004717879265091863
link_weth_3000_month_23551243_23558442_w11,chainlink,1760150099,0.004694198818558348
link_weth_3000_month_23551243_23558442_w11,chainlink,1760150423,0.004718760637936707
link_weth_3000_month_23551243_23558442_w11,chainlink,1760150675,0.004695193486197238
link_weth_3000_month_23551243_23558442_w11,chainlink,1760151743,0.004670070943483284
link_weth_3000_month_23551243_23558442_w11,chainlink,1760151899,0.004643483680176878
link_weth_3000_month_23551243_23558442_w11,chainlink,1760151959,0.004669827894834493
link_weth_3000_month_23551243_23558442_w11,chainlink,1760152019,0.00463074217412778
link_weth_3000_month_23551243_23558442_w11,chainlink,1760152199,0.004657191788169141
link_weth_3000_month_23551243_23558442_w11,chainlink,1760152223,0.00463167271304577
link_weth_3000_month_23551243_23558442_w11,chainlink,1760152583,0.004607172051385297
link_weth_3000_month_23551243_23558442_w11,chainlink,1760152835,0.004634728589476195
link_weth_3000_month_23551243_23558442_w11,chainlink,1760152943,0.00461115032634534
link_weth_3000_month_23551243_23558442_w11,chainlink,1760153843,0.004581553617548515
link_weth_3000_month_23551243_23558442_w11,chainlink,1760154575,0.004612368275836104
link_weth_3000_month_23551243_23558442_w11,chainlink,1760155115,0.004645598848299914
link_weth_3000_month_23551243_23558442_w11,chainlink,1760155319,0.004610400902591013
link_weth_3000_month_23551243_23558442_w11,chainlink,1760155355,0.00458668415874057
link_weth_3000_month_23551243_23558442_w11,chainlink,1760155619,0.004613119192697543
link_weth_3000_month_23551243_23558442_w11,chainlink,1760156195,0.004647127125330856
link_weth_3000_month_23551243_23558442_w11,chainlink,1760156219,0.004616963093078842
link_weth_3000_month_23551243_23558442_w11,chainlink,1760157431,0.004589027769446836
link_weth_3000_month_23551243_23558442_w11,chainlink,1760157479,0.004616182363147028
link_weth_3000_month_23551243_23558442_w11,chainlink,1760158451,0.004587893927042732
link_weth_3000_month_23551243_23558442_w11,chainlink,1760158451,0.004625676095839962
link_weth_3000_month_23551243_23558442_w11,chainlink,1760158751,0.004654229089069515
link_weth_3000_month_23551243_23558442_w11,chainlink,1760159531,0.004629080157583922
link_weth_3000_month_23551243_23558442_w11,chainlink,1760159975,0.004604323335369098
link_weth_3000_month_23551243_23558442_w11,chainlink,1760160299,0.004629319727711878
link_weth_3000_month_23551243_23558442_w11,chainlink,1760160515,0.004652953406946732
link_weth_3000_month_23551243_23558442_w11,chainlink,1760160551,0.004624438436520773
link_weth_3000_month_23551243_23558442_w11,chainlink,1760161091,0.004647656520388682
link_weth_3000_month_23551243_23558442_w11,chainlink,1760161271,0.004619510189109736
link_weth_3000_month_23551243_23558442_w11,chainlink,1760161691,0.004595782465444326
link_weth_3000_month_23551243_23558442_w11,chainlink,1760161691,0.004631678599138358
link_weth_3000_month_23551243_23558442_w11,chainlink,1760161955,0.004658866319244292
link_weth_3000_month_23551243_23558442_w11,chainlink,1760162411,0.004633430766929231
link_weth_3000_month_23551243_23558442_w11,chainlink,1760162591,0.004667430540675654
link_weth_3000_month_23551243_23558442_w11,chainlink,1760162675,0.004640613498003619
link_weth_3000_month_23551243_23558442_w11,chainlink,1760162855,0.004615537784400658
link_weth_3000_month_23551243_23558442_w11,chainlink,1760163071,0.004638678081237198
link_weth_3000_month_23551243_23558442_w11,chainlink,1760163227,0.004666297682111282
link_weth_3000_month_23551243_23558442_w11,chainlink,1760164235,0.004691271804767475
link_weth_3000_month_23551243_23558442_w11,chainlink,1760165315,0.004694968784514169
link_weth_3000_month_23551243_23558442_w11,chainlink,1760165375,0.004668727532411374
link_weth_3000_month_23551243_23558442_w11,chainlink,1760165855,0.004639597994039569
link_weth_3000_month_23551243_23558442_w11,chainlink,1760166335,0.004664796991957212
link_weth_3000_month_23551243_23558442_w11,chainlink,1760166755,0.004692798432759794
link_weth_3000_month_23551243_23558442_w11,chainlink,1760167067,0.004717031997241263
link_weth_3000_month_23551243_23558442_w11,chainlink,1760168003,0.004690485286249228
link_weth_3000_month_23551243_23558442_w11,chainlink,1760168123,0.004721955554542221
link_weth_3000_month_23551243_23558442_w11,chainlink,1760168291,0.004697150029573154
link_weth_3000_month_23551243_23558442_w11,chainlink,1760168447,0.004671391814297473
link_weth_3000_month_23551243_23558442_w11,chainlink,1760168711,0.004696999761373969
link_weth_3000_month_23551243_23558442_w11,chainlink,1760168927,0.004723451607444635
link_weth_3000_month_23551243_23558442_w11,chainlink,1760168987,0.00468741411396896
link_weth_3000_month_23551243_23558442_w11,chainlink,1760169023,0.004716726883895171
link_weth_3000_month_23551243_23558442_w11,chainlink,1760169371,0.004693089906722716
link_weth_3000_month_23551243_23558442_w11,chainlink,1760169635,0.004698765945037559
link_weth_3000_month_23551243_23558442_w11,chainlink,1760169647,0.004715245276393604
link_weth_3000_month_23551243_23558442_w11,chainlink,1760170247,0.004740467314781356
link_weth_3000_month_23551243_23558442_w11,chainlink,1760170571,0.004713833066266486
link_weth_3000_month_23551243_23558442_w11,chainlink,1760170607,0.004744439113555771
link_weth_3000_month_23551243_23558442_w11,chainlink,1760170823,0.004773769904139074
link_weth_3000_month_23551243_23558442_w11,chainlink,1760170835,0.00474135338266912
link_weth_3000_month_23551243_23558442_w11,chainlink,1760171039,0.004770273831994056
link_weth_3000_month_23551243_23558442_w11,chainlink,1760171183,0.004795356254610463
link_weth_3000_month_23551243_23558442_w11,chainlink,1760171363,0.004764692447634323
link_weth_3000_month_23551243_23558442_w11,chainlink,1760171627,0.004740404011792285
link_weth_3000_month_23551243_23558442_w11,chainlink,1760171807,0.004770170925137887
link_weth_3000_month_23551243_23558442_w11,chainlink,1760172119,0.004806765012718972
link_weth_3000_month_23551243_23558442_w11,chainlink,1760172899,0.004832143691573451
link_weth_3000_month_23551243_23558442_w11,chainlink,1760173019,0.004806432460812701
link_weth_3000_month_23551243_23558442_w11,chainlink,1760173343,0.00483272046875123
link_weth_3000_month_23551243_23558442_w11,chainlink,1760173415,0.004808190698672396
link_weth_3000_month_23551243_23558442_w11,chainlink,1760173559,0.004832237318444006
link_weth_3000_month_23551243_23558442_w11,chainlink,1760173871,0.004806776895946082
link_weth_3000_month_23551243_23558442_w11,chainlink,1760173979,0.004781664387017101
link_weth_3000_month_23551243_23558442_w11,chainlink,1760174231,0.004806840303577609
link_weth_3000_month_23551243_23558442_w11,chainlink,1760174279,0.004774635020420395
link_weth_3000_month_23551243_23558442_w11,chainlink,1760174999,0.004799003211084163
link_weth_3000_month_23551243_23558442_w11,chainlink,1760175239,0.004774517887857615
link_weth_3000_month_23551243_23558442_w11,chainlink,1760176235,0.004748540474739577
link_weth_3000_month_23551243_23558442_w11,chainlink,1760176991,0.004722673669988328
link_weth_3000_month_23551243_23558442_w11,chainlink,1760177435,0.004747462585105208
link_weth_3000_month_23551243_23558442_w11,chainlink,1760177867,0.004745602841028163
link_weth_3000_month_23551243_23558442_w11,chainlink,1760178407,0.004718719687355616
link_weth_3000_month_23551243_23558442_w11,chainlink,1760178551,0.004745536164174021
link_weth_3000_month_23551243_23558442_w11,chainlink,1760178851,0.004720051591494467
link_weth_3000_month_23551243_23558442_w11,chainlink,1760178971,0.004696034050209823
link_weth_3000_month_23551243_23558442_w11,chainlink,1760179751,0.004722525933345632
link_weth_3000_month_23551243_23558442_w11,chainlink,1760181203,0.004689524923026889
link_weth_3000_month_23551243_23558442_w11,chainlink,1760181407,0.004715421971387321
link_weth_3000_month_23551243_23558442_w11,chainlink,1760181515,0.004690085872161701
link_weth_3000_month_23551243_23558442_w11,chainlink,1760181971,0.00471628430240189
link_weth_3000_month_23551243_23558442_w11,chainlink,1760182031,0.004690670869652049
link_weth_3000_month_23551243_23558442_w11,chainlink,1760183891,0.004714837359647697
link_weth_3000_month_23551243_23558442_w11,chainlink,1760184791,0.004690557915106115
link_weth_3000_month_23551243_23558442_w11,chainlink,1760184911,0.004717489393493769
link_weth_3000_month_23551243_23558442_w11,chainlink,1760185727,0.004705182924860428
link_weth_3000_month_23551243_23558442_w11,chainlink,1760186087,0.004680703691359053
link_weth_3000_month_23551243_23558442_w11,chainlink,1760186207,0.004656245763373885
link_weth_3000_month_23551243_23558442_w11,chainlink,1760186867,0.004629788663444712
link_weth_3000_month_23551243_23558442_w11,chainlink,1760186867,0.004655098653205705
link_weth_3000_month_23551243_23558442_w11,chainlink,1760187167,0.004624700741469953
link_weth_3000_month_23551243_23558442_w11,chainlink,1760187287,0.0046479528438724
link_weth_3000_month_23551243_23558442_w11,chainlink,1760189519,0.004624238108204344
link_weth_3000_month_23551243_23558442_w11,chainlink,1760189591,0.004656734318327372
link_weth_3000_month_23551243_23558442_w11,chainlink,1760189591,0.004619361544397434
link_weth_3000_month_23551243_23558442_w11,chainlink,1760190023,0.004649506168644884
link_weth_3000_month_23551243_23558442_w11,chainlink,1760190467,0.004625940625801984
link_weth_3000_month_23551243_23558442_w11,chainlink,1760190503,0.004649558875992164
link_weth_3000_month_23551243_23558442_w11,chainlink,1760190743,0.004624922944817535
link_weth_3000_month_23551243_23558442_w11,chainlink,1760192279,0.00460067700361461
link_weth_3000_month_23551243_23558442_w11,chainlink,1760192627,0.004624135762796032
link_weth_3000_month_23551243_23558442_w11,chainlink,1760194055,0.004647813508386956
link_weth_3000_month_23551243_23558442_w11,chainlink,1760195015,0.004678417829961448
link_weth_3000_month_23551243_23558442_w11,chainlink,1760195183,0.004653086590995929
link_weth_3000_month_23551243_23558442_w11,chainlink,1760195627,0.004684832178531157
link_weth_3000_month_23551243_23558442_w11,chainlink,1760195627,0.004659994336856933
link_weth_3000_month_23551243_23558442_w11,chainlink,1760195807,0.0046347540997857
link_weth_3000_month_23551243_23558442_w11,chainlink,1760196407,0.004667593132324709
link_weth_3000_month_23551243_23558442_w11,chainlink,1760196947,0.004691261328494991
link_weth_3000_month_23551243_23558442_w11,chainlink,1760197067,0.00466466302727449
link_weth_3000_month_23551243_23558442_w11,chainlink,1760197751,0.004691186632009784
link_weth_3000_month_23551243_23558442_w11,chainlink,1760198711,0.004717044967588048
link_weth_3000_month_23551243_23558442_w11,chainlink,1760200403,0.004690122522633741
link_weth_3000_month_23551243_23558442_w11,chainlink,1760200547,0.004704029783874943
link_weth_3000_month_23551243_23558442_w11,chainlink,1760200619,0.004671440830058725
link_weth_3000_month_23551243_23558442_w11,chainlink,1760202503,0.004699107439486329
link_weth_3000_month_23551243_23558442_w11,chainlink,1760203487,0.004675698445729095
link_weth_3000_month_23551243_23558442_w11,chainlink,1760203547,0.004699488984911241
link_weth_3000_month_23551243_23558442_w11,chainlink,1760204183,0.004668721259584119
link_weth_3000_month_23551243_23558442_w11,chainlink,1760204363,0.004692736685378243
link_weth_3000_month_23551243_23558442_w11,chainlink,1760207603,0.004669265630504731
link_weth_3000_month_23551243_23558442_w11,chainlink,1760207999,0.004668982322770676
link_weth_3000_month_23551243_23558442_w11,chainlink,1760209355,0.004637349155889376
link_weth_3000_month_23551243_23558442_w11,chainlink,1760209463,0.004662164283675531
link_weth_3000_month_23551243_23558442_w11,chainlink,1760209931,0.004634108876390187
link_weth_3000_month_23551243_23558442_w11,chainlink,1760210003,0.004658846668987652
link_weth_3000_month_23551243_23558442_w11,chainlink,1760210291,0.004625972130219542
link_weth_3000_month_23551243_23558442_w11,chainlink,1760210471,0.004600071625212731
link_weth_3000_month_23551243_23558442_w11,chainlink,1760210507,0.004625531496498557
link_weth_3000_month_23551243_23558442_w11,chainlink,1760210711,0.004601353790199331
link_weth_3000_month_23551243_23558442_w11,chainlink,1760210807,0.004626084478788964
link_weth_3000_month_23551243_23558442_w11,chainlink,1760210951,0.004658582779887044
link_weth_3000_month_23551243_23558442_w11,chainlink,1760211191,0.004635156871323679
link_weth_3000_month_23551243_23558442_w11,chainlink,1760211371,0.004605966699843217
link_weth_3000_month_23551243_23558442_w11,chainlink,1760211395,0.004631430378332311
link_weth_3000_month_23551243_23558442_w11,chainlink,1760211875,0.004607693958371256
link_weth_3000_month_23551243_23558442_w11,chainlink,1760212451,0.004578810704197344
link_weth_3000_month_23551243_23558442_w11,chainlink,1760212691,0.004606504282303762
link_weth_3000_month_23551243_23558442_w11,chainlink,1760213027,0.004580659550403306
link_weth_3000_month_23551243_23558442_w11,chainlink,1760213999,0.004605587343644241
link_weth_3000_month_23551243_23558442_w11,chainlink,1760214191,0.004577388081058208
link_weth_3000_month_23551243_23558442_w11,chainlink,1760214503,0.004554377790097937
link_weth_3000_month_23551243_23558442_w11,chainlink,1760214515,0.004586976886921971
link_weth_3000_month_23551243_23558442_w11,chainlink,1760214731,0.00456272577649282
link_weth_3000_month_23551243_23558442_w11,chainlink,1760214779,0.004586885483315725
link_weth_3000_month_23551243_23558442_w11,chainlink,1760215631,0.004614780361947125
link_weth_3000_month_23551243_23558442_w11,chainlink,1760215679,0.004588095975037451
link_weth_3000_month_23551243_23558442_w11,chainlink,1760215787,0.00455946039720045
link_weth_3000_month_23551243_23558442_w11,chainlink,1760215799,0.004583206624330443
link_weth_3000_month_23551243_23558442_w11,chainlink,1760216183,0.004607129016125741
link_weth_3000_month_23551243_23558442_w11,chainlink,1760216207,0.004578814996100726
link_weth_3000_month_23551243_23558442_w11,chainlink,1760216375,0.004552870469640815
link_weth_3000_month_23551243_23558442_w11,chainlink,1760216387,0.004583357849378651
link_weth_3000_month_23551243_23558442_w11,chainlink,1760216627,0.004556053860148518
link_weth_3000_month_23551243_23558442_w11,chainlink,1760216639,0.004580673985070628
link_weth_3000_month_23551243_23558442_w11,chainlink,1760216747,0.004551208899815832
link_weth_3000_month_23551243_23558442_w11,chainlink,1760216795,0.004578682972178549
link_weth_3000_month_23551243_23558442_w11,chainlink,1760216807,0.004551961386287511
link_weth_3000_month_23551243_23558442_w11,chainlink,1760217203,0.004528730696129076
link_weth_3000_month_23551243_23558442_w11,chainlink,1760217287,0.004552449266640674
link_weth_3000_month_23551243_23558442_w11,chainlink,1760217431,0.004589143807248848
link_weth_3000_month_23551243_23558442_w11,chainlink,1760217431,0.004565644863026377
link_weth_3000_month_23551243_23558442_w11,chainlink,1760217815,0.004617001716730577
link_weth_3000_month_23551243_23558442_w11,chainlink,1760217815,0.004586433636426071
link_weth_3000_month_23551243_23558442_w11,chainlink,1760217887,0.004589131807414386
link_weth_3000_month_23551243_23558442_w11,chainlink,1760217911,0.004616458719723709
link_weth_3000_month_23551243_23558442_w11,chainlink,1760217935,0.004590933637635348
link_weth_3000_month_23551243_23558442_w11,chainlink,1760218151,0.004567822802874009
link_weth_3000_month_23551243_23558442_w11,chainlink,1760218367,0.004539697307319052
link_weth_3000_month_23551243_23558442_w11,chainlink,1760218475,0.00456484463924005
link_weth_3000_month_23551243_23558442_w11,chainlink,1760218643,0.004592262727717492
link_weth_3000_month_23551243_23558442_w11,chainlink,1760218655,0.004568622427588817
link_weth_3000_month_23551243_23558442_w11,chainlink,1760219267,0.004592478272003838
link_weth_3000_month_23551243_23558442_w11,chainlink,1760220551,0.004617212467784034
link_weth_3000_month_23551243_23558442_w11,chainlink,1760220767,0.004593396242189593
link_weth_3000_month_23551243_23558442_w11,chainlink,1760222279,0.004568541868636745
link_weth_3000_month_23551243_23558442_w11,chainlink,1760222327,0.004597737949254584
link_weth_3000_month_23551243_23558442_w11,chainlink,1760222603,0.00457137077970035
link_weth_3000_month_23551243_23558442_w11,chainlink,1760224079,0.004595994201782256
link_weth_3000_month_23551243_23558442_w11,chainlink,1760226227,0.004611018919092397
link_weth_3000_month_23551243_23558442_w11,chainlink,1760227691,0.004608985043026361
link_weth_3000_month_23551243_23558442_w11,chainlink,1760227703,0.004582258008463588
link_weth_3000_month_23551243_23558442_w11,chainlink,1760228939,0.00460574873060704
link_weth_3000_month_23551243_23558442_w11,chainlink,1760229203,0.004578072459703804
link_weth_3000_month_23551243_23558442_w11,chainlink,1760229419,0.004551200181389003
link_weth_3000_month_23551243_23558442_w11,chainlink,1760229683,0.00452369542076607
link_weth_3000_month_23551243_23558442_w11,chainlink,1760229683,0.004550356685958778
link_weth_3000_month_23551243_23558442_w11,chainlink,1760229719,0.004555072966748534
link_weth_3000_month_23551243_23558442_w11,chainlink,1760230319,0.004579344878836161
link_weth_3000_month_23551243_23558442_w11,chainlink,1760230439,0.004555753065613238
link_weth_3000_month_23551243_23558442_w11,chainlink,1760230763,0.004579754884707769
link_weth_3000_month_23551243_23558442_w11,chainlink,1760231003,0.004552565691924713
link_weth_3000_month_23551243_23558442_w11,chainlink,1760231171,0.004519232539815599
link_weth_3000_month_23551243_23558442_w11,chainlink,1760231171,0.004555664812109691
link_weth_3000_month_23551243_23558442_w11,chainlink,1760231831,0.004579250705242143
link_weth_3000_month_23551243_23558442_w11,chainlink,1760231963,0.004549374857947699
link_weth_3000_month_23551243_23558442_w11,chainlink,1760232707,0.004525581700778638
link_weth_3000_month_23551243_23558442_w11,chainlink,1760233067,0.004550278291397432
link_weth_3000_month_23551243_23558442_w11,chainlink,1760233187,0.004526206250186256
link_weth_3000_month_23558443_23565642_w12,chainlink,1760233187,0.004526206250186256
link_weth_3000_month_23558443_23565642_w12,chainlink,1760233547,0.004552772739317483
link_weth_3000_month_23558443_23565642_w12,chainlink,1760234231,0.004527529109399644
link_weth_3000_month_23558443_23565642_w12,chainlink,1760234483,0.004502187182351935
link_weth_3000_month_23558443_23565642_w12,chainlink,1760234783,0.004515264826115262
link_weth_3000_month_23558443_23565642_w12,chainlink,1760235467,0.004544975736459901
link_weth_3000_month_23558443_23565642_w12,chainlink,1760236019,0.00452201768077626
link_weth_3000_month_23558443_23565642_w12,chainlink,1760236103,0.004546373710306688
link_weth_3000_month_23558443_23565642_w12,chainlink,1760236583,0.004523295260035085
link_weth_3000_month_23558443_23565642_w12,chainlink,1760236907,0.004497354660204196
link_weth_3000_month_23558443_23565642_w12,chainlink,1760237483,0.00452207247695065
link_weth_3000_month_23558443_23565642_w12,chainlink,1760237567,0.004499137114700452
link_weth_3000_month_23558443_23565642_w12,chainlink,1760237999,0.004531753036916634
link_weth_3000_month_23558443_23565642_w12,chainlink,1760237999,0.00450774501073058
link_weth_3000_month_23558443_23565642_w12,chainlink,1760238323,0.004534577128022008
link_weth_3000_month_23558443_23565642_w12,chainlink,1760238515,0.004509846879796583
link_weth_3000_month_23558443_23565642_w12,chainlink,1760238635,0.004546239792875565
link_weth_3000_month_23558443_23565642_w12,chainlink,1760239043,0.004520575774981966
link_weth_3000_month_23558443_23565642_w12,chainlink,1760239355,0.004496343136164556
link_weth_3000_month_23558443_23565642_w12,chainlink,1760239379,0.004527896495659956
link_weth_3000_month_23558443_23565642_w12,chainlink,1760240315,0.004555509657192185
link_weth_3000_month_23558443_23565642_w12,chainlink,1760240327,0.00452897878703855
link_weth_3000_month_23558443_23565642_w12,chainlink,1760241263,0.004504260453919115
link_weth_3000_month_23558443_23565642_w12,chainlink,1760242103,0.004527557280499482
link_weth_3000_month_23558443_23565642_w12,chainlink,1760242559,0.004550618437595963
link_weth_3000_month_23558443_23565642_w12,chainlink,1760242739,0.004527577549264942
link_weth_3000_month_23558443_23565642_w12,chainlink,1760243015,0.004551386364497483
link_weth_3000_month_23558443_23565642_w12,chainlink,1760243819,0.004525356440869211
link_weth_3000_month_23558443_23565642_w12,chainlink,1760246315,0.004548187187876614
link_weth_3000_month_23558443_23565642_w12,chainlink,1760246375,0.004554406541296194
link_weth_3000_month_23558443_23565642_w12,chainlink,1760249927,0.004568652136281375
link_weth_3000_month_23558443_23565642_w12,chainlink,1760249999,0.004554289956759012
link_weth_3000_month_23558443_23565642_w12,chainlink,1760250455,0.004580723239838215
link_weth_3000_month_23558443_23565642_w12,chainlink,1760251151,0.004557409473732999
link_weth_3000_month_23558443_23565642_w12,chainlink,1760252879,0.004533243876464717
link_weth_3000_month_23558443_23565642_w12,chainlink,1760254223,0.004556168391881975
link_weth_3000_month_23558443_23565642_w12,chainlink,1760254751,0.004550331314122734
link_weth_3000_month_23558443_23565642_w12,chainlink,1760256035,0.004542069714237678
link_weth_3000_month_23558443_23565642_w12,chainlink,1760256047,0.004547418390409771
link_weth_3000_month_23558443_23565642_w12,chainlink,1760257643,0.004571276684906565
link_weth_3000_month_23558443_23565642_w12,chainlink,1760258879,0.004547653210339277
link_weth_3000_month_23558443_23565642_w12,chainlink,1760259731,0.004558208750843558
link_weth_3000_month_23558443_23565642_w12,chainlink,1760259803,0.004533573884072695
link_weth_3000_month_23558443_23565642_w12,chainlink,1760260139,0.004508546739738085
link_weth_3000_month_23558443_23565642_w12,chainlink,1760260895,0.004533408072067096
link_weth_3000_month_23558443_23565642_w12,chainlink,1760262815,0.004556823834598259
link_weth_3000_month_23558443_23565642_w12,chainlink,1760262935,0.004532497944667544
link_weth_3000_month_23558443_23565642_w12,chainlink,1760263307,0.004556392544501395
link_weth_3000_month_23558443_23565642_w12,chainlink,1760263751,0.004533201253453722
link_weth_3000_month_23558443_23565642_w12,chainlink,1760264351,0.004508167752134894
link_weth_3000_month_23558443_23565642_w12,chainlink,1760264411,0.004533783710588706
link_weth_3000_month_23558443_23565642_w12,chainlink,1760267291,0.004560764990562194
link_weth_3000_month_23558443_23565642_w12,chainlink,1760268035,0.004562429211756553
link_weth_3000_month_23558443_23565642_w12,chainlink,1760270927,0.004579350242433377
link_weth_3000_month_23558443_23565642_w12,chainlink,1760271251,0.004555558553022958
link_weth_3000_month_23558443_23565642_w12,chainlink,1760271971,0.004579205420809075
link_weth_3000_month_23558443_23565642_w12,chainlink,1760273267,0.00455171134356909
link_weth_3000_month_23558443_23565642_w12,chainlink,1760273639,0.004577210675789245
link_weth_3000_month_23558443_23565642_w12,chainlink,1760274383,0.004553876982533879
link_weth_3000_month_23558443_23565642_w12,chainlink,1760274767,0.004577702015406083
link_weth_3000_month_23558443_23565642_w12,chainlink,1760274887,0.004588052705846888
link_weth_3000_month_23558443_23565642_w12,chainlink,1760275199,0.00456484638861576
link_weth_3000_month_23558443_23565642_w12,chainlink,1760275367,0.004588851608870309
link_weth_3000_month_23558443_23565642_w12,chainlink,1760275463,0.00456440069570133
link_weth_3000_month_23558443_23565642_w12,chainlink,1760276159,0.004541300623861294
link_weth_3000_month_23558443_23565642_w12,chainlink,1760276627,0.004566690433235888
link_weth_3000_month_23558443_23565642_w12,chainlink,1760276819,0.004536652228102094
link_weth_3000_month_23558443_23565642_w12,chainlink,1760277827,0.004564654209270294
link_weth_3000_month_23558443_23565642_w12,chainlink,1760278787,0.004541742714130618
link_weth_3000_month_23558443_23565642_w12,chainlink,1760280383,0.004565662583371421
link_weth_3000_month_23558443_23565642_w12,chainlink,1760280383,0.004531790994127505
link_weth_3000_month_23558443_23565642_w12,chainlink,1760280431,0.004504984725044259
link_weth_3000_month_23558443_23565642_w12,chainlink,1760280479,0.004545733146846392
link_weth_3000_month_23558443_23565642_w12,chainlink,1760280527,0.00448292298901657
link_weth_3000_month_23558443_23565642_w12,chainlink,1760280527,0.004522234778744206
link_weth_3000_month_23558443_23565642_w12,chainlink,1760280731,0.0044764218649841
link_weth_3000_month_23558443_23565642_w12,chainlink,1760280743,0.004531433742662862
link_weth_3000_month_23558443_23565642_w12,chainlink,1760280935,0.004554760246854614
link_weth_3000_month_23558443_23565642_w12,chainlink,1760280935,0.004530994068489259
link_weth_3000_month_23558443_23565642_w12,chainlink,1760281043,0.004503238750484909
link_weth_3000_month_23558443_23565642_w12,chainlink,1760281043,0.0045265633521451
link_weth_3000_month_23558443_23565642_w12,chainlink,1760281079,0.004500364680780723
link_weth_3000_month_23558443_23565642_w12,chainlink,1760281151,0.004530234281975942
link_weth_3000_month_23558443_23565642_w12,chainlink,1760281163,0.004505340822853666
link_weth_3000_month_23558443_23565642_w12,chainlink,1760281211,0.00452977777383969
link_weth_3000_month_23558443_23565642_w12,chainlink,1760281319,0.004554115121778451
link_weth_3000_month_23558443_23565642_w12,chainlink,1760281367,0.004531123570110607
link_weth_3000_month_23558443_23565642_w12,chainlink,1760281439,0.004560062491439555
link_weth_3000_month_23558443_23565642_w12,chainlink,1760281583,0.004583687719900361
link_weth_3000_month_23558443_23565642_w12,chainlink,1760281607,0.004557377865036292
link_weth_3000_month_23558443_23565642_w12,chainlink,1760281703,0.004586062154273386
link_weth_3000_month_23558443_23565642_w12,chainlink,1760282231,0.004555919075524098
link_weth_3000_month_23558443_23565642_w12,chainlink,1760282279,0.00458833624849503
link_weth_3000_month_23558443_23565642_w12,chainlink,1760282339,0.004617450565297809
link_weth_3000_month_23558443_23565642_w12,chainlink,1760282387,0.004591399306382449
link_weth_3000_month_23558443_23565642_w12,chainlink,1760282543,0.004564042841303754
link_weth_3000_month_23558443_23565642_w12,chainlink,1760282699,0.004595020739327796
link_weth_3000_month_23558443_23565642_w12,chainlink,1760282855,0.004566758228985426
link_weth_3000_month_23558443_23565642_w12,chainlink,1760282867,0.004598857452786167
link_weth_3000_month_23558443_23565642_w12,chainlink,1760283191,0.004627396922494483
link_weth_3000_month_23558443_23565642_w12,chainlink,1760283203,0.004599329006161984
link_weth_3000_month_23558443_23565642_w12,chainlink,1760283371,0.004628005196916946
link_weth_3000_month_23558443_23565642_w12,chainlink,1760283383,0.004604122257758005
link_weth_3000_month_23558443_23565642_w12,chainlink,1760283491,0.004581075221335375
link_weth_3000_month_23558443_23565642_w12,chainlink,1760283539,0.004604190251692698
link_weth_3000_month_23558443_23565642_w12,chainlink,1760283983,0.004645936477170027
link_weth_3000_month_23558443_23565642_w12,chainlink,1760284151,0.004619420010791223
link_weth_3000_month_23558443_23565642_w12,chainlink,1760284319,0.004644379496320534
link_weth_3000_month_23558443_23565642_w12,chainlink,1760284859,0.004668830940409577
link_weth_3000_month_23558443_23565642_w12,chainlink,1760284991,0.004638600398084464
link_weth_3000_month_23558443_23565642_w12,chainlink,1760285015,0.004662119518948426
link_weth_3000_month_23558443_23565642_w12,chainlink,1760285171,0.004631504087190128
link_weth_3000_month_23558443_23565642_w12,chainlink,1760285195,0.004655505547055895
link_weth_3000_month_23558443_23565642_w12,chainlink,1760286023,0.004632190663773191
link_weth_3000_month_23558443_23565642_w12,chainlink,1760286239,0.004655490619030785
link_weth_3000_month_23558443_23565642_w12,chainlink,1760287103,0.004629104722844735
link_weth_3000_month_23558443_23565642_w12,chainlink,1760287103,0.00465877470599101
link_weth_3000_month_23558443_23565642_w12,chainlink,1760287319,0.004683292900683455
link_weth_3000_month_23558443_23565642_w12,chainlink,1760287523,0.004708330120066498
link_weth_3000_month_23558443_23565642_w12,chainlink,1760287523,0.004683568258196478
link_weth_3000_month_23558443_23565642_w12,chainlink,1760287559,0.004598548238497598
link_weth_3000_month_23558443_23565642_w12,chainlink,1760287559,0.004623748639916436
link_weth_3000_month_23558443_23565642_w12,chainlink,1760287607,0.004652127351347832
link_weth_3000_month_23558443_23565642_w12,chainlink,1760287715,0.004700917304218925
link_weth_3000_month_23558443_23565642_w12,chainlink,1760287727,0.004640381728535124
link_weth_3000_month_23558443_23565642_w12,chainlink,1760287763,0.004666735421723153
link_weth_3000_month_23558443_23565642_w12,chainlink,1760288159,0.004642939701806629
link_weth_3000_month_23558443_23565642_w12,chainlink,1760288723,0.004666422867213627
link_weth_3000_month_23558443_23565642_w12,chainlink,1760288987,0.004631116459485037
link_weth_3000_month_23558443_23565642_w12,chainlink,1760289179,0.004655224118913716
link_weth_3000_month_23558443_23565642_w12,chainlink,1760290019,0.004629615001976627
link_weth_3000_month_23558443_23565642_w12,chainlink,1760291399,0.004605590743452231
link_weth_3000_month_23558443_23565642_w12,chainlink,1760291471,0.004578886467682162
link_weth_3000_month_23558443_23565642_w12,chainlink,1760291495,0.004605272019698861
link_weth_3000_month_23558443_23565642_w12,chainlink,1760291999,0.0046313028697821
link_weth_3000_month_23558443_23565642_w12,chainlink,1760292383,0.004607323018995438
link_weth_3000_month_23558443_23565642_w12,chainlink,1760292635,0.004632875986580097
link_weth_3000_month_23558443_23565642_w12,chainlink,1760293559,0.004601549564335883
link_weth_3000_month_23558443_23565642_w12,chainlink,1760293643,0.004625050460353688
link_weth_3000_month_23558443_23565642_w12,chainlink,1760294255,0.004601286658961758
link_weth_3000_month_23558443_23565642_w12,chainlink,1760294843,0.004625322811624815
link_weth_3000_month_23558443_23565642_w12,chainlink,1760295719,0.004649191240900778
link_weth_3000_month_23558443_23565642_w12,chainlink,1760296067,0.004626001441789955
link_weth_3000_month_23558443_23565642_w12,chainlink,1760296235,0.004649948447354732
link_weth_3000_month_23558443_23565642_w12,chainlink,1760296655,0.004678267983472526
link_weth_3000_month_23558443_23565642_w12,chainlink,1760298827,0.004654228033033431
link_weth_3000_month_23558443_23565642_w12,chainlink,1760299355,0.004679666961981619
link_weth_3000_month_23558443_23565642_w12,chainlink,1760299919,0.004650413883504286
link_weth_3000_month_23558443_23565642_w12,chainlink,1760302223,0.00462678497658732
link_weth_3000_month_23558443_23565642_w12,chainlink,1760302319,0.004654453170922037
link_weth_3000_month_23558443_23565642_w12,chainlink,1760302343,0.004628020417127463
link_weth_3000_month_23558443_23565642_w12,chainlink,1760302379,0.004651317685968455
link_weth_3000_month_23558443_23565642_w12,chainlink,1760302499,0.004625488229587494
link_weth_3000_month_23558443_23565642_w12,chainlink,1760302619,0.004601409702914905
link_weth_3000_month_23558443_23565642_w12,chainlink,1760302619,0.004635668749339216
link_weth_3000_month_23558443_23565642_w12,chainlink,1760303639,0.004606450956835825
link_weth_3000_month_23558443_23565642_w12,chainlink,1760303651,0.004642573694462237
link_weth_3000_month_23558443_23565642_w12,chainlink,1760303855,0.004618602386137335
link_weth_3000_month_23558443_23565642_w12,chainlink,1760304119,0.004644125264556656
link_weth_3000_month_23558443_23565642_w12,chainlink,1760304311,0.004620415559313843
link_weth_3000_month_23558443_23565642_w12,chainlink,1760304503,0.004588040589514375
link_weth_3000_month_23558443_23565642_w12,chainlink,1760304563,0.004622055523373266
link_weth_3000_month_23558443_23565642_w12,chainlink,1760304599,0.004645807685941964
link_weth_3000_month_23558443_23565642_w12,chainlink,1760304851,0.004611331519225807
link_weth_3000_month_23558443_23565642_w12,chainlink,1760305535,0.004634431364913083
link_weth_3000_month_23558443_23565642_w12,chainlink,1760305559,0.004611111362847576
link_weth_3000_month_23558443_23565642_w12,chainlink,1760306447,0.004635663444346186
link_weth_3000_month_23558443_23565642_w12,chainlink,1760306459,0.004609279688747059
link_weth_3000_month_23558443_23565642_w12,chainlink,1760306771,0.004634786082661436
link_weth_3000_month_23558443_23565642_w12,chainlink,1760306855,0.004610349127139778
link_weth_3000_month_23558443_23565642_w12,chainlink,1760309303,0.004586086761642119
link_weth_3000_month_23558443_23565642_w12,chainlink,1760310179,0.004609631358808003
link_weth_3000_month_23558443_23565642_w12,chainlink,1760310371,0.004583529585498983
link_weth_3000_month_23558443_23565642_w12,chainlink,1760311871,0.004606856330266683
link_weth_3000_month_23558443_23565642_w12,chainlink,1760311883,0.004583484437741948
link_weth_3000_month_23558443_23565642_w12,chainlink,1760313971,0.004559732231926484
link_weth_3000_month_23558443_23565642_w12,chainlink,1760314559,0.004583212507913678
link_weth_3000_month_23558443_23565642_w12,chainlink,1760314739,0.004554129650194336
link_weth_3000_month_23558443_23565642_w12,chainlink,1760314751,0.004585273507055467
link_weth_3000_month_23558443_23565642_w12,chainlink,1760314991,0.004561275823776063
link_weth_3000_month_23558443_23565642_w12,chainlink,1760315099,0.004585783411413405
link_weth_3000_month_23558443_23565642_w12,chainlink,1760315483,0.004558240034263797
link_weth_3000_month_23558443_23565642_w12,chainlink,1760315951,0.004534807249295595
link_weth_3000_month_23558443_23565642_w12,chainlink,1760316035,0.004557903899488525
link_weth_3000_month_23558443_23565642_w12,chainlink,1760316755,0.004580943326989129
link_weth_3000_month_23558443_23565642_w12,chainlink,1760317451,0.004554563194810698
link_weth_3000_month_23558443_23565642_w12,chainlink,1760318567,0.004580367742880359
link_weth_3000_month_23558443_23565642_w12,chainlink,1760318615,0.004553892756761165
link_weth_3000_month_23558443_23565642_w12,chainlink,1760320187,0.004577217605750829
link_weth_3000_month_23565643_23572842_w13,chainlink,1760320187,0.004577217605750829
link_weth_3000_month_23565643_23572842_w13,chainlink,1760320523,0.004602439763785594
link_weth_3000_month_23565643_23572842_w13,chainlink,1760320619,0.004576240613792299
link_weth_3000_month_23565643_23572842_w13,chainlink,1760320859,0.004553365106963734
link_weth_3000_month_23565643_23572842_w13,chainlink,1760320919,0.004579520291915046
link_weth_3000_month_23565643_23572842_w13,chainlink,1760320967,0.004556081341877259
link_weth_3000_month_23565643_23572842_w13,chainlink,1760321027,0.004579479172432138
link_weth_3000_month_23565643_23572842_w13,chainlink,1760321783,0.004555653211866407
link_weth_3000_month_23565643_23572842_w13,chainlink,1760323139,0.00458134203447336
link_weth_3000_month_23565643_23572842_w13,chainlink,1760324423,0.004606352153010946
link_weth_3000_month_23565643_23572842_w13,chainlink,1760326475,0.004582672426767555
link_weth_3000_month_23565643_23572842_w13,chainlink,1760326775,0.004595514607200136
link_weth_3000_month_23565643_23572842_w13,chainlink,1760329331,0.004621283361295029
link_weth_3000_month_23565643_23572842_w13,chainlink,1760329439,0.00459733431696771
link_weth_3000_month_23565643_23572842_w13,chainlink,1760330099,0.004622896271744417
link_weth_3000_month_23565643_23572842_w13,chainlink,1760331119,0.004651614890783413
link_weth_3000_month_23565643_23572842_w13,chainlink,1760331575,0.004625461836708934
link_weth_3000_month_23565643_23572842_w13,chainlink,1760333219,0.004649807414680087
link_weth_3000_month_23565643_23572842_w13,chainlink,1760334695,0.004624451573617377
link_weth_3000_month_23565643_23572842_w13,chainlink,1760335211,0.004639178388409425
link_weth_3000_month_23565643_23572842_w13,chainlink,1760336039,0.0046674131279729
link_weth_3000_month_23565643_23572842_w13,chainlink,1760336363,0.00464107577933151
link_weth_3000_month_23565643_23572842_w13,chainlink,1760337095,0.004666844648401892
link_weth_3000_month_23565643_23572842_w13,chainlink,1760337251,0.004642398496632697
link_weth_3000_month_23565643_23572842_w13,chainlink,1760337815,0.004667579070845905
link_weth_3000_month_23565643_23572842_w13,chainlink,1760337971,0.004643272266048167
link_weth_3000_month_23565643_23572842_w13,chainlink,1760338571,0.004666573556344582
link_weth_3000_month_23565643_23572842_w13,chainlink,1760338871,0.004642922617109983
link_weth_3000_month_23565643_23572842_w13,chainlink,1760339387,0.004666456507263761
link_weth_3000_month_23565643_23572842_w13,chainlink,1760340347,0.004692332037021489
link_weth_3000_month_23565643_23572842_w13,chainlink,1760341367,0.004668890487065485
link_weth_3000_month_23565643_23572842_w13,chainlink,1760341607,0.004696242391921304
link_weth_3000_month_23565643_23572842_w13,chainlink,1760341607,0.004662537563720832
link_weth_3000_month_23565643_23572842_w13,chainlink,1760342435,0.004656686777397766
link_weth_3000_month_23565643_23572842_w13,chainlink,1760342447,0.004676824709352477
link_weth_3000_month_23565643_23572842_w13,chainlink,1760343251,0.004705698804442266
link_weth_3000_month_23565643_23572842_w13,chainlink,1760343551,0.004681850544053237
link_weth_3000_month_23565643_23572842_w13,chainlink,1760344979,0.004711645015541175
link_weth_3000_month_23565643_23572842_w13,chainlink,1760345123,0.004687828508603191
link_weth_3000_month_23565643_23572842_w13,chainlink,1760346047,0.004693173285268161
link_weth_3000_month_23565643_23572842_w13,chainlink,1760346827,0.00471839332641269
link_weth_3000_month_23565643_23572842_w13,chainlink,1760347259,0.004690555703271363
link_weth_3000_month_23565643_23572842_w13,chainlink,1760348123,0.004719655444100871
link_weth_3000_month_23565643_23572842_w13,chainlink,1760350451,0.004717032412960979
link_weth_3000_month_23565643_23572842_w13,chainlink,1760350679,0.00469329616672991
link_weth_3000_month_23565643_23572842_w13,chainlink,1760350799,0.004719081423189995
link_weth_3000_month_23565643_23572842_w13,chainlink,1760352539,0.004747010281056197
link_weth_3000_month_23565643_23572842_w13,chainlink,1760353343,0.004721020437633727
link_weth_3000_month_23565643_23572842_w13,chainlink,1760353367,0.004746264906440969
link_weth_3000_month_23565643_23572842_w13,chainlink,1760353451,0.004778991913198912
link_weth_3000_month_23565643_23572842_w13,chainlink,1760353631,0.00474434953883088
link_weth_3000_month_23565643_23572842_w13,chainlink,1760354411,0.004719161906749919
link_weth_3000_month_23565643_23572842_w13,chainlink,1760354639,0.004694967280209289
link_weth_3000_month_23565643_23572842_w13,chainlink,1760354687,0.004721778266978864
link_weth_3000_month_23565643_23572842_w13,chainlink,1760354771,0.004693195923310434
link_weth_3000_month_23565643_23572842_w13,chainlink,1760354951,0.004730509337546856
link_weth_3000_month_23565643_23572842_w13,chainlink,1760354951,0.004690086225960635
link_weth_3000_month_23565643_23572842_w13,chainlink,1760355131,0.00471375626513818
link_weth_3000_month_23565643_23572842_w13,chainlink,1760355347,0.004743327320206593
link_weth_3000_month_23565643_23572842_w13,chainlink,1760355491,0.004717093296982341
link_weth_3000_month_23565643_23572842_w13,chainlink,1760355671,0.004741397104285516
link_weth_3000_month_23565643_23572842_w13,chainlink,1760356211,0.004712964312506775
link_weth_3000_month_23565643_23572842_w13,chainlink,1760357003,0.004684777543547657
link_weth_3000_month_23565643_23572842_w13,chainlink,1760357267,0.004712436998119187
link_weth_3000_month_23565643_23572842_w13,chainlink,1760357447,0.004741360758834773
link_weth_3000_month_23565643_23572842_w13,chainlink,1760357459,0.004713619670540272
link_weth_3000_month_23565643_23572842_w13,chainlink,1760358803,0.004682207907731246
link_weth_3000_month_23565643_23572842_w13,chainlink,1760358839,0.004715422411380521
link_weth_3000_month_23565643_23572842_w13,chainlink,1760358887,0.004739495286789246
link_weth_3000_month_23565643_23572842_w13,chainlink,1760359091,0.004712871211154496
link_weth_3000_month_23565643_23572842_w13,chainlink,1760359895,0.004738573066788753
link_weth_3000_month_23565643_23572842_w13,chainlink,1760359967,0.004707257194901592
link_weth_3000_month_23565643_23572842_w13,chainlink,1760361287,0.004681493217870727
link_weth_3000_month_23565643_23572842_w13,chainlink,1760361503,0.004707625694650762
link_weth_3000_month_23565643_23572842_w13,chainlink,1760361803,0.004683388044944695
link_weth_3000_month_23565643_23572842_w13,chainlink,1760362259,0.004713855025594319
link_weth_3000_month_23565643_23572842_w13,chainlink,1760362283,0.004751361783371241
link_weth_3000_month_23565643_23572842_w13,chainlink,1760362283,0.004727030723500922
link_weth_3000_month_23565643_23572842_w13,chainlink,1760362343,0.004702667454023958
link_weth_3000_month_23565643_23572842_w13,chainlink,1760362403,0.004739860444937212
link_weth_3000_month_23565643_23572842_w13,chainlink,1760362403,0.004710793388429752
link_weth_3000_month_23565643_23572842_w13,chainlink,1760362535,0.004735867234146237
link_weth_3000_month_23565643_23572842_w13,chainlink,1760362571,0.004696779702386588
link_weth_3000_month_23565643_23572842_w13,chainlink,1760362715,0.00472776315149949
link_weth_3000_month_23565643_23572842_w13,chainlink,1760363531,0.004699018412594388
link_weth_3000_month_23565643_23572842_w13,chainlink,1760363531,0.004732180285368709
link_weth_3000_month_23565643_23572842_w13,chainlink,1760363891,0.004755948101637906
link_weth_3000_month_23565643_23572842_w13,chainlink,1760363975,0.004731979817103458
link_weth_3000_month_23565643_23572842_w13,chainlink,1760364431,0.004762798952816417
link_weth_3000_month_23565643_23572842_w13,chainlink,1760365379,0.004793006417649872
link_weth_3000_month_23565643_23572842_w13,chainlink,1760365583,0.004768328669630651
link_weth_3000_month_23565643_23572842_w13,chainlink,1760365775,0.004740637345720231
link_weth_3000_month_23565643_23572842_w13,chainlink,1760365871,0.004765019531378806
link_weth_3000_month_23565643_23572842_w13,chainlink,1760365931,0.004735586353549846
link_weth_3000_month_23565643_23572842_w13,chainlink,1760365991,0.004762300592742658
link_weth_3000_month_23565643_23572842_w13,chainlink,1760366063,0.004792591881281653
link_weth_3000_month_23565643_23572842_w13,chainlink,1760366075,0.0047674238337788
link_weth_3000_month_23565643_23572842_w13,chainlink,1760366147,0.004800665580970616
link_weth_3000_month_23565643_23572842_w13,chainlink,1760366591,0.004769500472449111
link_weth_3000_month_23565643_23572842_w13,chainlink,1760366951,0.004794133799768895
link_weth_3000_month_23565643_23572842_w13,chainlink,1760366963,0.004763633096578675
link_weth_3000_month_23565643_23572842_w13,chainlink,1760367347,0.004739073116720034
link_weth_3000_month_23565643_23572842_w13,chainlink,1760367707,0.004771370319963197
link_weth_3000_month_23565643_23572842_w13,chainlink,1760368295,0.004798495382773887
link_weth_3000_month_23565643_23572842_w13,chainlink,1760368307,0.004771230345305939
link_weth_3000_month_23565643_23572842_w13,chainlink,1760368679,0.00480158966679448
link_weth_3000_month_23565643_23572842_w13,chainlink,1760370203,0.004775794830406865
link_weth_3000_month_23565643_23572842_w13,chainlink,1760370587,0.004799837238869849
link_weth_3000_month_23565643_23572842_w13,chainlink,1760370635,0.004766935689889298
link_weth_3000_month_23565643_23572842_w13,chainlink,1760372459,0.004742644337926966
link_weth_3000_month_23565643_23572842_w13,chainlink,1760372579,0.004717312799711505
link_weth_3000_month_23565643_23572842_w13,chainlink,1760372699,0.004753091776113595
link_weth_3000_month_23565643_23572842_w13,chainlink,1760373143,0.004729253043040623
link_weth_3000_month_23565643_23572842_w13,chainlink,1760373827,0.004704923386031669
link_weth_3000_month_23565643_23572842_w13,chainlink,1760374235,0.004689675055534619
link_weth_3000_month_23565643_23572842_w13,chainlink,1760374619,0.004724920501308366
link_weth_3000_month_23565643_23572842_w13,chainlink,1760375243,0.004749078787055634
link_weth_3000_month_23565643_23572842_w13,chainlink,1760375267,0.004720531845769158
link_weth_3000_month_23565643_23572842_w13,chainlink,1760375363,0.004693595406560799
link_weth_3000_month_23565643_23572842_w13,chainlink,1760375519,0.004670015303282386
link_weth_3000_month_23565643_23572842_w13,chainlink,1760375555,0.004694576829011692
link_weth_3000_month_23565643_23572842_w13,chainlink,1760376239,0.004726225715503649
link_weth_3000_month_23565643_23572842_w13,chainlink,1760377367,0.004700728188776112
link_weth_3000_month_23565643_23572842_w13,chainlink,1760377739,0.004667522041419571
link_weth_3000_month_23565643_23572842_w13,chainlink,1760378279,0.004691184720278087
link_weth_3000_month_23565643_23572842_w13,chainlink,1760378291,0.004665809760611818
link_weth_3000_month_23565643_23572842_w13,chainlink,1760378399,0.00471195634982211
link_weth_3000_month_23565643_23572842_w13,chainlink,1760378411,0.004683663195435482
link_weth_3000_month_23565643_23572842_w13,chainlink,1760379047,0.004711643217921344
link_weth_3000_month_23565643_23572842_w13,chainlink,1760379119,0.004684136211719403
link_weth_3000_month_23565643_23572842_w13,chainlink,1760379839,0.004708340810225407
link_weth_3000_month_23565643_23572842_w13,chainlink,1760380031,0.004683344769605713
link_weth_3000_month_23565643_23572842_w13,chainlink,1760380307,0.004707071470404866
link_weth_3000_month_23565643_23572842_w13,chainlink,1760380499,0.004681827050783094
link_weth_3000_month_23565643_23572842_w13,chainlink,1760381075,0.004706551335701195
link_weth_3000_month_23565643_23572842_w13,chainlink,1760381591,0.004669680810866977
link_weth_3000_month_23565643_23572842_w13,chainlink,1760382227,0.004696366550320228
link_weth_3000_month_23565643_23572842_w13,chainlink,1760382911,0.004672649084983752
link_weth_3000_month_23565643_23572842_w13,chainlink,1760383175,0.004698164857687688
link_weth_3000_month_23565643_23572842_w13,chainlink,1760385191,0.004722350939281425
link_weth_3000_month_23565643_23572842_w13,chainlink,1760386091,0.004697066476763583
link_weth_3000_month_23565643_23572842_w13,chainlink,1760386547,0.004686356283845558
link_weth_3000_month_23565643_23572842_w13,chainlink,1760388191,0.004712516911644044
link_weth_3000_month_23565643_23572842_w13,chainlink,1760389283,0.004685457897455663
link_weth_3000_month_23565643_23572842_w13,chainlink,1760391047,0.004709157289850646
link_weth_3000_month_23565643_23572842_w13,chainlink,1760391803,0.00471812564605433
link_weth_3000_month_23565643_23572842_w13,chainlink,1760392427,0.004693575284534673
link_weth_3000_month_23565643_23572842_w13,chainlink,1760394683,0.004705970125660598
link_weth_3000_month_23565643_23572842_w13,chainlink,1760396063,0.004723833235466823
link_weth_3000_month_23565643_23572842_w13,chainlink,1760396063,0.004699237804489915
link_weth_3000_month_23565643_23572842_w13,chainlink,1760397527,0.004722901412287417
link_weth_3000_month_23565643_23572842_w13,chainlink,1760398223,0.004698451072483643
link_weth_3000_month_23565643_23572842_w13,chainlink,1760398967,0.004674760587458962
link_weth_3000_month_23565643_23572842_w13,chainlink,1760401151,0.004676440808962579
link_weth_3000_month_23565643_23572842_w13,chainlink,1760401343,0.004700247368334504
link_weth_3000_month_23565643_23572842_w13,chainlink,1760402879,0.004674573213274729
link_weth_3000_month_23565643_23572842_w13,chainlink,1760402915,0.004699253091559152
link_weth_3000_month_23565643_23572842_w13,chainlink,1760404187,0.004724072721938831
link_weth_3000_month_23565643_23572842_w13,chainlink,1760404907,0.004699002049741656
link_weth_3000_month_23565643_23572842_w13,chainlink,1760406503,0.004689522230723454
link_weth_3000_month_23565643_23572842_w13,chainlink,1760406887,0.004716873560081999
link_weth_3000_month_23572843_23580042_w14,chainlink,1760406887,0.004716873560081999
link_weth_3000_month_23572843_23580042_w14,chainlink,1760407499,0.004690220955389866
link_weth_3000_month_23572843_23580042_w14,chainlink,1760408315,0.004662657589081283
link_weth_3000_month_23572843_23580042_w14,chainlink,1760408567,0.004686107552079813
link_weth_3000_month_23572843_23580042_w14,chainlink,1760411003,0.004715302465458598
link_weth_3000_month_23572843_23580042_w14,chainlink,1760411015,0.004689395016237821
link_weth_3000_month_23572843_23580042_w14,chainlink,1760411135,0.004665875593305021
link_weth_3000_month_23572843_23580042_w14,chainlink,1760413811,0.004690948990180441
link_weth_3000_month_23572843_23580042_w14,chainlink,1760414639,0.004692508436304121
link_weth_3000_month_23572843_23580042_w14,chainlink,1760415047,0.004660849041118421
link_weth_3000_month_23572843_23580042_w14,chainlink,1760416571,0.004685307743962869
link_weth_3000_month_23572843_23580042_w14,chainlink,1760416847,0.004660989460627225
link_weth_3000_month_23572843_23580042_w14,chainlink,1760417267,0.004690333398961136
link_weth_3000_month_23572843_23580042_w14,chainlink,1760417471,0.004657633502750291
link_weth_3000_month_23572843_23580042_w14,chainlink,1760417567,0.004682202458532904
link_weth_3000_month_23572843_23580042_w14,chainlink,1760418107,0.004707490882150419
link_weth_3000_month_23572843_23580042_w14,chainlink,1760418227,0.004683631669409754
link_weth_3000_month_23572843_23580042_w14,chainlink,1760418491,0.004711582323010086
link_weth_3000_month_23572843_23580042_w14,chainlink,1760419247,0.004686344717348548
link_weth_3000_month_23572843_23580042_w14,chainlink,1760420039,0.004654931455230139
link_weth_3000_month_23572843_23580042_w14,chainlink,1760420195,0.004626237992205904
link_weth_3000_month_23572843_23580042_w14,chainlink,1760420207,0.004652808534724735
link_weth_3000_month_23572843_23580042_w14,chainlink,1760420483,0.004679529912778256
link_weth_3000_month_23572843_23580042_w14,chainlink,1760421923,0.004649217237554963
link_weth_3000_month_23572843_23580042_w14,chainlink,1760421935,0.004673522264764334
link_weth_3000_month_23572843_23580042_w14,chainlink,1760422487,0.004697190894048963
link_weth_3000_month_23572843_23580042_w14,chainlink,1760422583,0.004668108886430871
link_weth_3000_month_23572843_23580042_w14,chainlink,1760423075,0.004643927656528992
link_weth_3000_month_23572843_23580042_w14,chainlink,1760423423,0.004670915658421456
link_weth_3000_month_23572843_23580042_w14,chainlink,1760423651,0.004640712280890346
link_weth_3000_month_23572843_23580042_w14,chainlink,1760423687,0.004664514581328695
link_weth_3000_month_23572843_23580042_w14,chainlink,1760423699,0.004640640537115858
link_weth_3000_month_23572843_23580042_w14,chainlink,1760423819,0.004671651421128274
link_weth_3000_month_23572843_23580042_w14,chainlink,1760424119,0.004647692279862139
link_weth_3000_month_23572843_23580042_w14,chainlink,1760424299,0.00461549617628534
link_weth_3000_month_23572843_23580042_w14,chainlink,1760424347,0.00465113296775872
link_weth_3000_month_23572843_23580042_w14,chainlink,1760424479,0.004612142013729061
link_weth_3000_month_23572843_23580042_w14,chainlink,1760424503,0.004640233969938285
link_weth_3000_month_23572843_23580042_w14,chainlink,1760424587,0.00461394263977176
link_weth_3000_month_23572843_23580042_w14,chainlink,1760424599,0.00464562790930477
link_weth_3000_month_23572843_23580042_w14,chainlink,1760424839,0.004680542069172631
link_weth_3000_month_23572843_23580042_w14,chainlink,1760425367,0.004654547292241531
link_weth_3000_month_23572843_23580042_w14,chainlink,1760425523,0.004624202223513162
link_weth_3000_month_23572843_23580042_w14,chainlink,1760425523,0.004648091712356125
link_weth_3000_month_23572843_23580042_w14,chainlink,1760426195,0.004672462162289213
link_weth_3000_month_23572843_23580042_w14,chainlink,1760426267,0.004647274410133536
link_weth_3000_month_23572843_23580042_w14,chainlink,1760427503,0.004688441302863568
link_weth_3000_month_23572843_23580042_w14,chainlink,1760427515,0.004660204727097473
link_weth_3000_month_23572843_23580042_w14,chainlink,1760428823,0.004660462836538938
link_weth_3000_month_23572843_23580042_w14,chainlink,1760428847,0.004653492918616515
link_weth_3000_month_23572843_23580042_w14,chainlink,1760429027,0.004678236110585355
link_weth_3000_month_23572843_23580042_w14,chainlink,1760429063,0.004652634540889073
link_weth_3000_month_23572843_23580042_w14,chainlink,1760429327,0.004680470510151291
link_weth_3000_month_23572843_23580042_w14,chainlink,1760429387,0.004655305742764127
link_weth_3000_month_23572843_23580042_w14,chainlink,1760429987,0.004628037532913149
link_weth_3000_month_23572843_23580042_w14,chainlink,1760430167,0.004652500395334302
link_weth_3000_month_23572843_23580042_w14,chainlink,1760430647,0.004679846986799599
link_weth_3000_month_23572843_23580042_w14,chainlink,1760430707,0.004655575642863207
link_weth_3000_month_23572843_23580042_w14,chainlink,1760431403,0.004680986840593896
link_weth_3000_month_23572843_23580042_w14,chainlink,1760431667,0.004653774027777084
link_weth_3000_month_23572843_23580042_w14,chainlink,1760434319,0.00464036233615763
link_weth_3000_month_23572843_23580042_w14,chainlink,1760435243,0.004664799744418055
link_weth_3000_month_23572843_23580042_w14,chainlink,1760435291,0.004648491640524115
link_weth_3000_month_23572843_23580042_w14,chainlink,1760436203,0.004623975264377335
link_weth_3000_month_23572843_23580042_w14,chainlink,1760436479,0.004652170956872975
link_weth_3000_month_23572843_23580042_w14,chainlink,1760437043,0.004628834618464591
link_weth_3000_month_23572843_23580042_w14,chainlink,1760437223,0.004667923100571008
link_weth_3000_month_23572843_23580042_w14,chainlink,1760437223,0.004641780650862045
link_weth_3000_month_23572843_23580042_w14,chainlink,1760437943,0.004669496885570076
link_weth_3000_month_23572843_23580042_w14,chainlink,1760438015,0.004637319541693148
link_weth_3000_month_23572843_23580042_w14,chainlink,1760438399,0.004674377264534215
link_weth_3000_month_23572843_23580042_w14,chainlink,1760438423,0.004648422003713083
link_weth_3000_month_23572843_23580042_w14,chainlink,1760439695,0.004687494626714726
link_weth_3000_month_23572843_23580042_w14,chainlink,1760439695,0.004652274960981722
link_weth_3000_month_23572843_23580042_w14,chainlink,1760440139,0.00467978038571994
link_weth_3000_month_23572843_23580042_w14,chainlink,1760441075,0.004703402161826887
link_weth_3000_month_23572843_23580042_w14,chainlink,1760441843,0.004677877675054248
link_weth_3000_month_23572843_23580042_w14,chainlink,1760441855,0.004702173628816769
link_weth_3000_month_23572843_23580042_w14,chainlink,1760442215,0.004676504904310274
link_weth_3000_month_23572843_23580042_w14,chainlink,1760443499,0.00470325563433644
link_weth_3000_month_23572843_23580042_w14,chainlink,1760443499,0.004668647903638432
link_weth_3000_month_23572843_23580042_w14,chainlink,1760444519,0.004643036279742705
link_weth_3000_month_23572843_23580042_w14,chainlink,1760444639,0.004667164613484155
link_weth_3000_month_23572843_23580042_w14,chainlink,1760445095,0.004703703800414703
link_weth_3000_month_23572843_23580042_w14,chainlink,1760445179,0.004665298279441734
link_weth_3000_month_23572843_23580042_w14,chainlink,1760447771,0.004638593983482683
link_weth_3000_month_23572843_23580042_w14,chainlink,1760448275,0.004644800826546983
link_weth_3000_month_23572843_23580042_w14,chainlink,1760448455,0.00467648060051583
link_weth_3000_month_23572843_23580042_w14,chainlink,1760448779,0.004644572568073858
link_weth_3000_month_23572843_23580042_w14,chainlink,1760448935,0.004671416997375461
link_weth_3000_month_23572843_23580042_w14,chainlink,1760448995,0.004642301986788553
link_weth_3000_month_23572843_23580042_w14,chainlink,1760449091,0.004681460030754641
link_weth_3000_month_23572843_23580042_w14,chainlink,1760449091,0.004647453377699309
link_weth_3000_month_23572843_23580042_w14,chainlink,1760449199,0.004685866044597861
link_weth_3000_month_23572843_23580042_w14,chainlink,1760449199,0.004649276641954259
link_weth_3000_month_23572843_23580042_w14,chainlink,1760449631,0.004622839238322048
link_weth_3000_month_23572843_23580042_w14,chainlink,1760449643,0.004654653026832295
link_weth_3000_month_23572843_23580042_w14,chainlink,1760451335,0.004691093070425946
link_weth_3000_month_23572843_23580042_w14,chainlink,1760451371,0.004659782417067018
link_weth_3000_month_23572843_23580042_w14,chainlink,1760451407,0.004683892953788337
link_weth_3000_month_23572843_23580042_w14,chainlink,1760451419,0.004653453429927466
link_weth_3000_month_23572843_23580042_w14,chainlink,1760451779,0.004678259426028453
link_weth_3000_month_23572843_23580042_w14,chainlink,1760452247,0.004648939258932951
link_weth_3000_month_23572843_23580042_w14,chainlink,1760452259,0.004676775255946056
link_weth_3000_month_23572843_23580042_w14,chainlink,1760452931,0.004700637878505567
link_weth_3000_month_23572843_23580042_w14,chainlink,1760453015,0.004669695338382449
link_weth_3000_month_23572843_23580042_w14,chainlink,1760453147,0.004693715370762299
link_weth_3000_month_23572843_23580042_w14,chainlink,1760453435,0.00466940459257123
link_weth_3000_month_23572843_23580042_w14,chainlink,1760453579,0.004694258038720644
link_weth_3000_month_23572843_23580042_w14,chainlink,1760453795,0.00467065071705363
link_weth_3000_month_23572843_23580042_w14,chainlink,1760454719,0.004646760526970923
link_weth_3000_month_23572843_23580042_w14,chainlink,1760454995,0.004673244535040927
link_weth_3000_month_23572843_23580042_w14,chainlink,1760455415,0.004696614864638157
link_weth_3000_month_23572843_23580042_w14,chainlink,1760455475,0.004672274247892227
link_weth_3000_month_23572843_23580042_w14,chainlink,1760455895,0.004697119567965676
link_weth_3000_month_23572843_23580042_w14,chainlink,1760456195,0.004669815866031932
link_weth_3000_month_23572843_23580042_w14,chainlink,1760456639,0.004632968467339489
link_weth_3000_month_23572843_23580042_w14,chainlink,1760456711,0.004671205958623154
link_weth_3000_month_23572843_23580042_w14,chainlink,1760456831,0.004695281888138091
link_weth_3000_month_23572843_23580042_w14,chainlink,1760457095,0.004661131462277895
link_weth_3000_month_23572843_23580042_w14,chainlink,1760457203,0.004687826965074729
link_weth_3000_month_23572843_23580042_w14,chainlink,1760457515,0.004658225959643681
link_weth_3000_month_23572843_23580042_w14,chainlink,1760457875,0.00462946383328723
link_weth_3000_month_23572843_23580042_w14,chainlink,1760457875,0.004656401576609865
link_weth_3000_month_23572843_23580042_w14,chainlink,1760458319,0.004628618617304835
link_weth_3000_month_23572843_23580042_w14,chainlink,1760458355,0.004667966634285506
link_weth_3000_month_23572843_23580042_w14,chainlink,1760458631,0.004641955467210472
link_weth_3000_month_23572843_23580042_w14,chainlink,1760458871,0.004687986382296867
link_weth_3000_month_23572843_23580042_w14,chainlink,1760458931,0.00465470367049851
link_weth_3000_month_23572843_23580042_w14,chainlink,1760459195,0.004627835795395504
link_weth_3000_month_23572843_23580042_w14,chainlink,1760459435,0.004653950156229987
link_weth_3000_month_23572843_23580042_w14,chainlink,1760459531,0.004630033075326294
link_weth_3000_month_23572843_23580042_w14,chainlink,1760459639,0.004656216437497266
link_weth_3000_month_23572843_23580042_w14,chainlink,1760460131,0.00461747873803726
link_weth_3000_month_23572843_23580042_w14,chainlink,1760460215,0.004646853112864107
link_weth_3000_month_23572843_23580042_w14,chainlink,1760460575,0.004623150500388485
link_weth_3000_month_23572843_23580042_w14,chainlink,1760460719,0.004650534646286604
link_weth_3000_month_23572843_23580042_w14,chainlink,1760460911,0.004624753677254333
link_weth_3000_month_23572843_23580042_w14,chainlink,1760461091,0.004599160887177536
link_weth_3000_month_23572843_23580042_w14,chainlink,1760461151,0.004636453156343764
link_weth_3000_month_23572843_23580042_w14,chainlink,1760461271,0.004609739763423509
link_weth_3000_month_23572843_23580042_w14,chainlink,1760461331,0.004652137168228667
link_weth_3000_month_23572843_23580042_w14,chainlink,1760461475,0.004624707914477962
link_weth_3000_month_23572843_23580042_w14,chainlink,1760461547,0.004662871541230324
link_weth_3000_month_23572843_23580042_w14,chainlink,1760461583,0.004629795686543661
link_weth_3000_month_23572843_23580042_w14,chainlink,1760461931,0.00465300730721627
link_weth_3000_month_23572843_23580042_w14,chainlink,1760462315,0.004628314736994638
link_weth_3000_month_23572843_23580042_w14,chainlink,1760463191,0.004652822795044175
link_weth_3000_month_23572843_23580042_w14,chainlink,1760463251,0.004628937030050087
link_weth_3000_month_23572843_23580042_w14,chainlink,1760465687,0.004654238259294598
link_weth_3000_month_23572843_23580042_w14,chainlink,1760466431,0.004629987811954481
link_weth_3000_month_23572843_23580042_w14,chainlink,1760466815,0.004619693472721051
link_weth_3000_month_23572843_23580042_w14,chainlink,1760467235,0.004648145733297584
link_weth_3000_month_23572843_23580042_w14,chainlink,1760467307,0.004624370658346942
link_weth_3000_month_23572843_23580042_w14,chainlink,1760467751,0.004597641829903597
link_weth_3000_month_23572843_23580042_w14,chainlink,1760467751,0.004621703030040286
link_weth_3000_month_23572843_23580042_w14,chainlink,1760468267,0.004598027503031461
link_weth_3000_month_23572843_23580042_w14,chainlink,1760469311,0.004621171041033602
link_weth_3000_month_23572843_23580042_w14,chainlink,1760469875,0.00459710678692288
link_weth_3000_month_23572843_23580042_w14,chainlink,1760470643,0.004620237977326465
link_weth_3000_month_23572843_23580042_w14,chainlink,1760470715,0.004572455177913142
link_weth_3000_month_23572843_23580042_w14,chainlink,1760470739,0.004615105887522925
link_weth_3000_month_23572843_23580042_w14,chainlink,1760471087,0.004568761839306804
link_weth_3000_month_23572843_23580042_w14,chainlink,1760471087,0.004593080915234819
link_weth_3000_month_23572843_23580042_w14,chainlink,1760471219,0.004626095550436499
link_weth_3000_month_23572843_23580042_w14,chainlink,1760471411,0.004601401475265693
link_weth_3000_month_23572843_23580042_w14,chainlink,1760471687,0.004634700151681682
link_weth_3000_month_23572843_23580042_w14,chainlink,1760471711,0.004608598040815452
link_weth_3000_month_23572843_23580042_w14,chainlink,1760472635,0.00463258098302646
link_weth_3000_month_23572843_23580042_w14,chainlink,1760472707,0.004604512447185617
link_weth_3000_month_23572843_23580042_w14,chainlink,1760473043,0.004628369047426675
link_weth_3000_month_23572843_23580042_w14,chainlink,1760473451,0.004605259957877533
link_weth_3000_month_23572843_23580042_w14,chainlink,1760476667,0.00459164068466032
link_weth_3000_month_23572843_23580042_w14,chainlink,1760477087,0.00459358410835679
link_weth_3000_month_23572843_23580042_w14,chainlink,1760477363,0.004617440575994109
link_weth_3000_month_23572843_23580042_w14,chainlink,1760479283,0.004649556461139928
link_weth_3000_month_23572843_23580042_w14,chainlink,1760479451,0.004619994021342333
link_weth_3000_month_23572843_23580042_w14,chainlink,1760481167,0.004643515526968658
link_weth_3000_month_23572843_23580042_w14,chainlink,1760482019,0.004620224903299143
link_weth_3000_month_23572843_23580042_w14,chainlink,1760483135,0.004648309471375808
link_weth_3000_month_23572843_23580042_w14,chainlink,1760483231,0.004624568886362343
link_weth_3000_month_23572843_23580042_w14,chainlink,1760486759,0.004622570259114765
link_weth_3000_month_23572843_23580042_w14,chainlink,1760486831,0.004631173316185784
link_weth_3000_month_23572843_23580042_w14,chainlink,1760487491,0.004604498020039381
link_weth_3000_month_23572843_23580042_w14,chainlink,1760487611,0.004628072698439686
link_weth_3000_month_23572843_23580042_w14,chainlink,1760490035,0.004651614618961858
link_weth_3000_month_23572843_23580042_w14,chainlink,1760490155,0.004624432404120083
link_weth_3000_month_23572843_23580042_w14,chainlink,1760491223,0.004632674697859919
link_weth_3000_month_23572843_23580042_w14,chainlink,1760492063,0.00460557472804244
link_weth_3000_month_23572843_23580042_w14,chainlink,1760492747,0.004630523756217488
link_weth_3000_month_23572843_23580042_w14,chainlink,1760493959,0.004657925450471278
link_weth_3000_month_23580043_23587242_w15,chainlink,1760493959,0.004657925450471278
link_weth_3000_month_23580043_23587242_w15,chainlink,1760494487,0.00463417430807948
link_weth_3000_month_23580043_23587242_w15,chainlink,1760494919,0.004658455040572272
link_weth_3000_month_23580043_23587242_w15,chainlink,1760495147,0.004634689527069433
link_weth_3000_month_23580043_23587242_w15,chainlink,1760496947,0.004660259374506972
link_weth_3000_month_23580043_23587242_w15,chainlink,1760497139,0.004636604813165208
link_weth_3000_month_23580043_23587242_w15,chainlink,1760497859,0.004611463731355963
link_weth_3000_month_23580043_23587242_w15,chainlink,1760498327,0.004636246115272655
link_weth_3000_month_23580043_23587242_w15,chainlink,1760499863,0.004661903186426043
link_weth_3000_month_23580043_23587242_w15,chainlink,1760499959,0.004636739276365488
link_weth_3000_month_23580043_23587242_w15,chainlink,1760501939,0.004611592492686797
link_weth_3000_month_23580043_23587242_w15,chainlink,1760501999,0.004634970181991106
link_weth_3000_month_23580043_23587242_w15,chainlink,1760503859,0.004660036136385476
link_weth_3000_month_23580043_23587242_w15,chainlink,1760503883,0.00463459518521951
link_weth_3000_month_23580043_23587242_w15,chainlink,1760506271,0.004609898793833296
link_weth_3000_month_23580043_23587242_w15,chainlink,1760506319,0.004637231880320248
link_weth_3000_month_23580043_23587242_w15,chainlink,1760506979,0.004613067627499842
link_weth_3000_month_23580043_23587242_w15,chainlink,1760509043,0.004638264305573165
link_weth_3000_month_23580043_23587242_w15,chainlink,1760509523,0.004613062471269094
link_weth_3000_month_23580043_23587242_w15,chainlink,1760510459,0.004585496816368937
link_weth_3000_month_23580043_23587242_w15,chainlink,1760510459,0.00461942318382526
link_weth_3000_month_23580043_23587242_w15,chainlink,1760512667,0.004642685304805668
link_weth_3000_month_23580043_23587242_w15,chainlink,1760513183,0.004618515760369558
link_weth_3000_month_23580043_23587242_w15,chainlink,1760513543,0.004594977273996179
link_weth_3000_month_23580043_23587242_w15,chainlink,1760514083,0.004600885424211636
link_weth_3000_month_23580043_23587242_w15,chainlink,1760515739,0.00457770881367819
link_weth_3000_month_23580043_23587242_w15,chainlink,1760516339,0.004549645107072465
link_weth_3000_month_23580043_23587242_w15,chainlink,1760516459,0.00457491219695046
link_weth_3000_month_23580043_23587242_w15,chainlink,1760516855,0.004541175861798137
link_weth_3000_month_23580043_23587242_w15,chainlink,1760517059,0.004518090699503527
link_weth_3000_month_23580043_23587242_w15,chainlink,1760517059,0.004540735056434995
link_weth_3000_month_23580043_23587242_w15,chainlink,1760517167,0.004586934501281972
link_weth_3000_month_23580043_23587242_w15,chainlink,1760517215,0.004563714394473213
link_weth_3000_month_23580043_23587242_w15,chainlink,1760517611,0.004540124886889719
link_weth_3000_month_23580043_23587242_w15,chainlink,1760518151,0.00451628763659255
link_weth_3000_month_23580043_23587242_w15,chainlink,1760518175,0.004539271380395327
link_weth_3000_month_23580043_23587242_w15,chainlink,1760519891,0.004563006633423523
link_weth_3000_month_23580043_23587242_w15,chainlink,1760519915,0.004536539287969327
link_weth_3000_month_23580043_23587242_w15,chainlink,1760520755,0.004559978136326999
link_weth_3000_month_23580043_23587242_w15,chainlink,1760521055,0.004536291859885514
link_weth_3000_month_23580043_23587242_w15,chainlink,1760523527,0.004530934756284986
link_weth_3000_month_23580043_23587242_w15,chainlink,1760523899,0.004555164350809431
link_weth_3000_month_23580043_23587242_w15,chainlink,1760524355,0.004580145894323151
link_weth_3000_month_23580043_23587242_w15,chainlink,1760524715,0.004553240783333294
link_weth_3000_month_23580043_23587242_w15,chainlink,1760527115,0.004576529489360127
link_weth_3000_month_23580043_23587242_w15,chainlink,1760527127,0.004553351355962023
link_weth_3000_month_23580043_23587242_w15,chainlink,1760528591,0.004577559151522551
link_weth_3000_month_23580043_23587242_w15,chainlink,1760529791,0.004554572680006904
link_weth_3000_month_23580043_23587242_w15,chainlink,1760530751,0.004552320660221984
link_weth_3000_month_23580043_23587242_w15,chainlink,1760531411,0.004577435200886282
link_weth_3000_month_23580043_23587242_w15,chainlink,1760531747,0.004550159003246754
link_weth_3000_month_23580043_23587242_w15,chainlink,1760532647,0.004574108900731117
link_weth_3000_month_23580043_23587242_w15,chainlink,1760533571,0.004550288577103042
link_weth_3000_month_23580043_23587242_w15,chainlink,1760534171,0.004527427257391628
link_weth_3000_month_23580043_23587242_w15,chainlink,1760534531,0.004553380322029622
link_weth_3000_month_23580043_23587242_w15,chainlink,1760535059,0.00455990384926819
link_weth_3000_month_23580043_23587242_w15,chainlink,1760535251,0.004532786839467335
link_weth_3000_month_23580043_23587242_w15,chainlink,1760535407,0.004556635291159636
link_weth_3000_month_23580043_23587242_w15,chainlink,1760535587,0.00452899609741973
link_weth_3000_month_23580043_23587242_w15,chainlink,1760535671,0.004557745453071969
link_weth_3000_month_23580043_23587242_w15,chainlink,1760535815,0.004534216849779263
link_weth_3000_month_23580043_23587242_w15,chainlink,1760536031,0.004557892309262563
link_weth_3000_month_23580043_23587242_w15,chainlink,1760536115,0.004522531764931939
link_weth_3000_month_23580043_23587242_w15,chainlink,1760536163,0.004476009106723216
link_weth_3000_month_23580043_23587242_w15,chainlink,1760536175,0.004516151504922603
link_weth_3000_month_23580043_23587242_w15,chainlink,1760536187,0.004540198774700015
link_weth_3000_month_23580043_23587242_w15,chainlink,1760536319,0.004564664048427418
link_weth_3000_month_23580043_23587242_w15,chainlink,1760536583,0.004589668131754008
link_weth_3000_month_23580043_23587242_w15,chainlink,1760536667,0.004560114850276108
link_weth_3000_month_23580043_23587242_w15,chainlink,1760537207,0.004584382794862388
link_weth_3000_month_23580043_23587242_w15,chainlink,1760537291,0.004559398964290985
link_weth_3000_month_23580043_23587242_w15,chainlink,1760537447,0.004584814677171755
link_weth_3000_month_23580043_23587242_w15,chainlink,1760537495,0.004561519184385873
link_weth_3000_month_23580043_23587242_w15,chainlink,1760537987,0.004537354266703715
link_weth_3000_month_23580043_23587242_w15,chainlink,1760538035,0.004560978868907647
link_weth_3000_month_23580043_23587242_w15,chainlink,1760538827,0.004537264810440802
link_weth_3000_month_23580043_23587242_w15,chainlink,1760538875,0.004560973889457855
link_weth_3000_month_23580043_23587242_w15,chainlink,1760539343,0.004585093463096404
link_weth_3000_month_23580043_23587242_w15,chainlink,1760539487,0.004561721895443812
link_weth_3000_month_23580043_23587242_w15,chainlink,1760539727,0.004538210760587145
link_weth_3000_month_23580043_23587242_w15,chainlink,1760539931,0.004561698621005057
link_weth_3000_month_23580043_23587242_w15,chainlink,1760540627,0.004591066806190449
link_weth_3000_month_23580043_23587242_w15,chainlink,1760540831,0.004562727628542181
link_weth_3000_month_23580043_23587242_w15,chainlink,1760540903,0.004587035040496278
link_weth_3000_month_23580043_23587242_w15,chainlink,1760541203,0.004562244100129587
link_weth_3000_month_23580043_23587242_w15,chainlink,1760541431,0.004586650077838104
link_weth_3000_month_23580043_23587242_w15,chainlink,1760542055,0.004560747501654323
link_weth_3000_month_23580043_23587242_w15,chainlink,1760542487,0.004547597464540493
link_weth_3000_month_23580043_23587242_w15,chainlink,1760542499,0.004522188480634348
link_weth_3000_month_23580043_23587242_w15,chainlink,1760542499,0.004558164415681157
link_weth_3000_month_23580043_23587242_w15,chainlink,1760543207,0.004583036266301782
link_weth_3000_month_23580043_23587242_w15,chainlink,1760543303,0.004556844058715081
link_weth_3000_month_23580043_23587242_w15,chainlink,1760545571,0.004533766628694338
link_weth_3000_month_23580043_23587242_w15,chainlink,1760546915,0.004544109808261981
link_weth_3000_month_23580043_23587242_w15,chainlink,1760547527,0.004568662768871049
link_weth_3000_month_23580043_23587242_w15,chainlink,1760547635,0.004545515182556429
link_weth_3000_month_23580043_23587242_w15,chainlink,1760548127,0.004569514966019061
link_weth_3000_month_23580043_23587242_w15,chainlink,1760548259,0.004545773329828667
link_weth_3000_month_23580043_23587242_w15,chainlink,1760548547,0.004569872428014432
link_weth_3000_month_23580043_23587242_w15,chainlink,1760549207,0.00454478617939627
link_weth_3000_month_23580043_23587242_w15,chainlink,1760549519,0.004518763840586897
link_weth_3000_month_23580043_23587242_w15,chainlink,1760549855,0.004548716241723208
link_weth_3000_month_23580043_23587242_w15,chainlink,1760550491,0.004524573873979325
link_weth_3000_month_23580043_23587242_w15,chainlink,1760550551,0.004547591097173007
link_weth_3000_month_23580043_23587242_w15,chainlink,1760552567,0.004524450195171009
link_weth_3000_month_23580043_23587242_w15,chainlink,1760552867,0.004547283712877333
link_weth_3000_month_23580043_23587242_w15,chainlink,1760555507,0.004523945815903033
link_weth_3000_month_23580043_23587242_w15,chainlink,1760556203,0.004514772797149046
link_weth_3000_month_23580043_23587242_w15,chainlink,1760556503,0.004541148621939167
link_weth_3000_month_23580043_23587242_w15,chainlink,1760557187,0.004566149076682062
link_weth_3000_month_23580043_23587242_w15,chainlink,1760557199,0.004539280240115094
link_weth_3000_month_23580043_23587242_w15,chainlink,1760557919,0.004515991279800647
link_weth_3000_month_23580043_23587242_w15,chainlink,1760558519,0.004544898744593711
link_weth_3000_month_23580043_23587242_w15,chainlink,1760560175,0.004518794244934214
link_weth_3000_month_23580043_23587242_w15,chainlink,1760560247,0.004545532917559296
link_weth_3000_month_23580043_23587242_w15,chainlink,1760560247,0.004522086778477926
link_weth_3000_month_23580043_23587242_w15,chainlink,1760560511,0.004480919300166529
link_weth_3000_month_23580043_23587242_w15,chainlink,1760560631,0.004506202648797223
link_weth_3000_month_23580043_23587242_w15,chainlink,1760560811,0.00453661170320308
link_weth_3000_month_23580043_23587242_w15,chainlink,1760560907,0.004512503239421377
link_weth_3000_month_23580043_23587242_w15,chainlink,1760561411,0.004535507539463185
link_weth_3000_month_23580043_23587242_w15,chainlink,1760561711,0.004510466890737214
link_weth_3000_month_23580043_23587242_w15,chainlink,1760562263,0.004536681061151306
link_weth_3000_month_23580043_23587242_w15,chainlink,1760562647,0.004509187595489728
link_weth_3000_month_23580043_23587242_w15,chainlink,1760563547,0.004535979898228468
link_weth_3000_month_23580043_23587242_w15,chainlink,1760564027,0.004511661748329539
link_weth_3000_month_23580043_23587242_w15,chainlink,1760564255,0.0045353242484688
link_weth_3000_month_23580043_23587242_w15,chainlink,1760564891,0.004510805974878295
link_weth_3000_month_23580043_23587242_w15,chainlink,1760564903,0.004536265076979425
link_weth_3000_month_23580043_23587242_w15,chainlink,1760566535,0.004559223511878449
link_weth_3000_month_23580043_23587242_w15,chainlink,1760566847,0.004533191867956158
link_weth_3000_month_23580043_23587242_w15,chainlink,1760568647,0.004559044701650523
link_weth_3000_month_23580043_23587242_w15,chainlink,1760568671,0.004534538692341776
link_weth_3000_month_23580043_23587242_w15,chainlink,1760569967,0.004508517088083417
link_weth_3000_month_23580043_23587242_w15,chainlink,1760569991,0.004531063718648245
link_weth_3000_month_23580043_23587242_w15,chainlink,1760573579,0.00452959352694185
link_weth_3000_month_23580043_23587242_w15,chainlink,1760573627,0.004522152175956121
link_weth_3000_month_23580043_23587242_w15,chainlink,1760577023,0.004499611451241852
link_weth_3000_month_23580043_23587242_w15,chainlink,1760577251,0.004515595056652577
link_weth_3000_month_23580043_23587242_w15,chainlink,1760580527,0.004548201279547966
link_weth_3000_month_23580043_23587242_w15,chainlink,1760580551,0.004516444814064951
link_weth_3000_month_23580043_23587242_w15,chainlink,1760580983,0.00449380026686593
link_weth_3000_month_23587243_23594442_w16,chainlink,1760580983,0.00449380026686593
link_weth_3000_month_23587243_23594442_w16,chainlink,1760584163,0.00449084078221456
link_weth_3000_month_23587243_23594442_w16,chainlink,1760584607,0.004487040256237625
link_weth_3000_month_23587243_23594442_w16,chainlink,1760587775,0.004499074723539789
link_weth_3000_month_23587243_23594442_w16,chainlink,1760588219,0.004512554620401404
link_weth_3000_month_23587243_23594442_w16,chainlink,1760589995,0.004489876738001021
link_weth_3000_month_23587243_23594442_w16,chainlink,1760590055,0.004514590752653352
link_weth_3000_month_23587243_23594442_w16,chainlink,1760593355,0.004492099844928914
link_weth_3000_month_23587243_23594442_w16,chainlink,1760593631,0.004502472890910391
link_weth_3000_month_23587243_23594442_w16,chainlink,1760593967,0.004536986892906736
link_weth_3000_month_23587243_23594442_w16,chainlink,1760593967,0.004511438426823037
link_weth_3000_month_23587243_23594442_w16,chainlink,1760594855,0.004486630231428557
link_weth_3000_month_23587243_23594442_w16,chainlink,1760595935,0.004509651707035764
link_weth_3000_month_23587243_23594442_w16,chainlink,1760597447,0.004485970273451402
link_weth_3000_month_23587243_23594442_w16,chainlink,1760597507,0.004509803520203405
link_weth_3000_month_23587243_23594442_w16,chainlink,1760599307,0.004479228477954346
link_weth_3000_month_23587243_23594442_w16,chainlink,1760599499,0.004505568051468754
link_weth_3000_month_23587243_23594442_w16,chainlink,1760602919,0.0045090630143135
link_weth_3000_month_23587243_23594442_w16,chainlink,1760603195,0.004520799369273232
link_weth_3000_month_23587243_23594442_w16,chainlink,1760603303,0.004495396905573811
link_weth_3000_month_23587243_23594442_w16,chainlink,1760606819,0.004501800155228962
link_weth_3000_month_23587243_23594442_w16,chainlink,1760606915,0.004502987904659372
link_weth_3000_month_23587243_23594442_w16,chainlink,1760607215,0.004480320375053203
link_weth_3000_month_23587243_23594442_w16,chainlink,1760607239,0.004503693526243734
link_weth_3000_month_23587243_23594442_w16,chainlink,1760607323,0.004477111773351501
link_weth_3000_month_23587243_23594442_w16,chainlink,1760607335,0.004453547797661218
link_weth_3000_month_23587243_23594442_w16,chainlink,1760607491,0.004483620854732003
link_weth_3000_month_23587243_23594442_w16,chainlink,1760607779,0.004460532692912043
link_weth_3000_month_23587243_23594442_w16,chainlink,1760607935,0.004496870118649482
link_weth_3000_month_23587243_23594442_w16,chainlink,1760607947,0.004539087837039346
link_weth_3000_month_23587243_23594442_w16,chainlink,1760607947,0.004477959158085269
link_weth_3000_month_23587243_23594442_w16,chainlink,1760608031,0.004501153307168859
link_weth_3000_month_23587243_23594442_w16,chainlink,1760608211,0.004534980944370522
link_weth_3000_month_23587243_23594442_w16,chainlink,1760608211,0.004511884786572618
link_weth_3000_month_23587243_23594442_w16,chainlink,1760608571,0.004487926875793255
link_weth_3000_month_23587243_23594442_w16,chainlink,1760609015,0.004514604595869754
link_weth_3000_month_23587243_23594442_w16,chainlink,1760609651,0.00454304001345905
link_weth_3000_month_23587243_23594442_w16,chainlink,1760609795,0.004516958422613626
link_weth_3000_month_23587243_23594442_w16,chainlink,1760611415,0.004539879668140915
link_weth_3000_month_23587243_23594442_w16,chainlink,1760612579,0.004563689742056346
link_weth_3000_month_23587243_23594442_w16,chainlink,1760613155,0.004540515246677069
link_weth_3000_month_23587243_23594442_w16,chainlink,1760615831,0.004565230535998053
link_weth_3000_month_23587243_23594442_w16,chainlink,1760616131,0.004539188393255548
link_weth_3000_month_23587243_23594442_w16,chainlink,1760616191,0.004567947924795511
link_weth_3000_month_23587243_23594442_w16,chainlink,1760616851,0.004544092752649332
link_weth_3000_month_23587243_23594442_w16,chainlink,1760617511,0.004568670670450444
link_weth_3000_month_23587243_23594442_w16,chainlink,1760620487,0.00455450375493778
link_weth_3000_month_23587243_23594442_w16,chainlink,1760621135,0.004556981626555952
link_weth_3000_month_23587243_23594442_w16,chainlink,1760621891,0.00453252091533496
link_weth_3000_month_23587243_23594442_w16,chainlink,1760622575,0.00455949420500964
link_weth_3000_month_23587243_23594442_w16,chainlink,1760622647,0.004521646372984962
link_weth_3000_month_23587243_23594442_w16,chainlink,1760623115,0.004551962244643746
link_weth_3000_month_23587243_23594442_w16,chainlink,1760623727,0.004526888390632785
link_weth_3000_month_23587243_23594442_w16,chainlink,1760623967,0.004550041725407296
link_weth_3000_month_23587243_23594442_w16,chainlink,1760624291,0.004510600867280117
link_weth_3000_month_23587243_23594442_w16,chainlink,1760625047,0.004533488611846045
link_weth_3000_month_23587243_23594442_w16,chainlink,1760625587,0.004558162270319139
link_weth_3000_month_23587243_23594442_w16,chainlink,1760625587,0.004531722497338289
link_weth_3000_month_23587243_23594442_w16,chainlink,1760625659,0.004555766677177234
link_weth_3000_month_23587243_23594442_w16,chainlink,1760625671,0.004529240285615285
link_weth_3000_month_23587243_23594442_w16,chainlink,1760625803,0.004552099425799425
link_weth_3000_month_23587243_23594442_w16,chainlink,1760626247,0.004526829113454113
link_weth_3000_month_23587243_23594442_w16,chainlink,1760626727,0.004493404653004653
link_weth_3000_month_23587243_23594442_w16,chainlink,1760626739,0.004517094692738125
link_weth_3000_month_23587243_23594442_w16,chainlink,1760627075,0.004541299434547467
link_weth_3000_month_23587243_23594442_w16,chainlink,1760627207,0.004515812800124572
link_weth_3000_month_23587243_23594442_w16,chainlink,1760627507,0.004539369677367967
link_weth_3000_month_23587243_23594442_w16,chainlink,1760627615,0.004514018416810936
link_weth_3000_month_23587243_23594442_w16,chainlink,1760627699,0.004515975034504538
link_weth_3000_month_23587243_23594442_w16,chainlink,1760628287,0.004493367732916621
link_weth_3000_month_23587243_23594442_w16,chainlink,1760628335,0.004517639271486898
link_weth_3000_month_23587243_23594442_w16,chainlink,1760628515,0.004541150030683361
link_weth_3000_month_23587243_23594442_w16,chainlink,1760628587,0.004512918410167286
link_weth_3000_month_23587243_23594442_w16,chainlink,1760629307,0.004539723353030657
link_weth_3000_month_23587243_23594442_w16,chainlink,1760629403,0.004516544733489653
link_weth_3000_month_23587243_23594442_w16,chainlink,1760629799,0.004547714416822832
link_weth_3000_month_23587243_23594442_w16,chainlink,1760629799,0.004513545261775782
link_weth_3000_month_23587243_23594442_w16,chainlink,1760629847,0.004542535044807149
link_weth_3000_month_23587243_23594442_w16,chainlink,1760630147,0.004511814081647406
link_weth_3000_month_23587243_23594442_w16,chainlink,1760630255,0.004543207165807904
link_weth_3000_month_23587243_23594442_w16,chainlink,1760630327,0.004520453402841387
link_weth_3000_month_23587243_23594442_w16,chainlink,1760630603,0.004493448795964862
link_weth_3000_month_23587243_23594442_w16,chainlink,1760630759,0.004517490237332417
link_weth_3000_month_23587243_23594442_w16,chainlink,1760630963,0.004541195120211108
link_weth_3000_month_23587243_23594442_w16,chainlink,1760631539,0.004513096636683954
link_weth_3000_month_23587243_23594442_w16,chainlink,1760631959,0.004540360789758226
link_weth_3000_month_23587243_23594442_w16,chainlink,1760632259,0.00451452991011868
link_weth_3000_month_23587243_23594442_w16,chainlink,1760632619,0.004545625801590148
link_weth_3000_month_23587243_23594442_w16,chainlink,1760632919,0.00458376665436594
link_weth_3000_month_23587243_23594442_w16,chainlink,1760632919,0.004558007292770611
link_weth_3000_month_23587243_23594442_w16,chainlink,1760633123,0.004534791840410981
link_weth_3000_month_23587243_23594442_w16,chainlink,1760633279,0.004558386224310432
link_weth_3000_month_23587243_23594442_w16,chainlink,1760633471,0.004529449027115698
link_weth_3000_month_23587243_23594442_w16,chainlink,1760633483,0.004557702717768211
link_weth_3000_month_23587243_23594442_w16,chainlink,1760633795,0.004534793932644153
link_weth_3000_month_23587243_23594442_w16,chainlink,1760633843,0.00455854916518031
link_weth_3000_month_23587243_23594442_w16,chainlink,1760634863,0.004531011562912417
link_weth_3000_month_23587243_23594442_w16,chainlink,1760635139,0.004569496012495935
link_weth_3000_month_23587243_23594442_w16,chainlink,1760635199,0.004545121843256143
link_weth_3000_month_23587243_23594442_w16,chainlink,1760635283,0.004517097437737852
link_weth_3000_month_23587243_23594442_w16,chainlink,1760635295,0.004541620153445677
link_weth_3000_month_23587243_23594442_w16,chainlink,1760636483,0.004512378154288004
link_weth_3000_month_23587243_23594442_w16,chainlink,1760637239,0.004537324193387911
link_weth_3000_month_23587243_23594442_w16,chainlink,1760637743,0.00451097635332505
link_weth_3000_month_23587243_23594442_w16,chainlink,1760637899,0.00453491213833425
link_weth_3000_month_23587243_23594442_w16,chainlink,1760638019,0.004511322853943071
link_weth_3000_month_23587243_23594442_w16,chainlink,1760639963,0.004534661908851858
link_weth_3000_month_23587243_23594442_w16,chainlink,1760640179,0.00455758180302541
link_weth_3000_month_23587243_23594442_w16,chainlink,1760640203,0.004530860691499417
link_weth_3000_month_23587243_23594442_w16,chainlink,1760640419,0.004553587725826741
link_weth_3000_month_23587243_23594442_w16,chainlink,1760640623,0.004528800472950058
link_weth_3000_month_23587243_23594442_w16,chainlink,1760641535,0.004527268858225524
link_weth_3000_month_23587243_23594442_w16,chainlink,1760642015,0.004503156070371908
link_weth_3000_month_23587243_23594442_w16,chainlink,1760642399,0.004529693631735928
link_weth_3000_month_23587243_23594442_w16,chainlink,1760642495,0.004492275858707349
link_weth_3000_month_23587243_23594442_w16,chainlink,1760642675,0.004519714518757715
link_weth_3000_month_23587243_23594442_w16,chainlink,1760643095,0.004495190055655609
link_weth_3000_month_23587243_23594442_w16,chainlink,1760643215,0.004519490655271837
link_weth_3000_month_23587243_23594442_w16,chainlink,1760643239,0.004496604197349042
link_weth_3000_month_23587243_23594442_w16,chainlink,1760644295,0.00453221649484536
link_weth_3000_month_23587243_23594442_w16,chainlink,1760644295,0.004509598396225594
link_weth_3000_month_23587243_23594442_w16,chainlink,1760644775,0.004484882599233896
link_weth_3000_month_23587243_23594442_w16,chainlink,1760646431,0.004461301974546618
link_weth_3000_month_23587243_23594442_w16,chainlink,1760646491,0.004485438534660961
link_weth_3000_month_23587243_23594442_w16,chainlink,1760646755,0.004456871130702973
link_weth_3000_month_23587243_23594442_w16,chainlink,1760646851,0.004480147656280184
link_weth_3000_month_23587243_23594442_w16,chainlink,1760647595,0.004456297112873011
link_weth_3000_month_23587243_23594442_w16,chainlink,1760649287,0.004481496988949244
link_weth_3000_month_23587243_23594442_w16,chainlink,1760650475,0.004456128452406653
link_weth_3000_month_23587243_23594442_w16,chainlink,1760650487,0.004480238912845629
link_weth_3000_month_23587243_23594442_w16,chainlink,1760654111,0.004486891061377657
link_weth_3000_month_23587243_23594442_w16,chainlink,1760654123,0.00447727410837027
link_weth_3000_month_23587243_23594442_w16,chainlink,1760655623,0.004454757008971526
link_weth_3000_month_23587243_23594442_w16,chainlink,1760656487,0.004480259644590378
link_weth_3000_month_23587243_23594442_w16,chainlink,1760656871,0.004457311240486221
link_weth_3000_month_23587243_23594442_w16,chainlink,1760656883,0.004480170413206975
link_weth_3000_month_23587243_23594442_w16,chainlink,1760660507,0.004488035590416802
link_weth_3000_month_23587243_23594442_w16,chainlink,1760660507,0.004474937423620949
link_weth_3000_month_23587243_23594442_w16,chainlink,1760661647,0.004449461831299182
link_weth_3000_month_23587243_23594442_w16,chainlink,1760663075,0.004472259576578785
link_weth_3000_month_23587243_23594442_w16,chainlink,1760663279,0.004445628551766895
link_weth_3000_month_23587243_23594442_w16,chainlink,1760663339,0.004475284076486307
link_weth_3000_month_23587243_23594442_w16,chainlink,1760663915,0.004449263732540149
link_weth_3000_month_23587243_23594442_w16,chainlink,1760664191,0.004473103869824351
link_weth_3000_month_23587243_23594442_w16,chainlink,1760665331,0.00444987425683479
link_weth_3000_month_23587243_23594442_w16,chainlink,1760666111,0.004473009625421394
link_weth_3000_month_23587243_23594442_w16,chainlink,1760668031,0.004449573255781181
link_weth_3000_month_23594443_23601642_w17,chainlink,1760668031,0.004449573255781181
link_weth_3000_month_23594443_23601642_w17,chainlink,1760668967,0.004472847613196207
link_weth_3000_month_23594443_23601642_w17,chainlink,1760669747,0.004451269001379106
link_weth_3000_month_23594443_23601642_w17,chainlink,1760672603,0.004448970073274524
link_weth_3000_month_23594443_23601642_w17,chainlink,1760673383,0.004440709667573127
link_weth_3000_month_23594443_23601642_w17,chainlink,1760676239,0.004440702161175703
link_weth_3000_month_23594443_23601642_w17,chainlink,1760676587,0.004463266962670852
link_weth_3000_month_23594443_23601642_w17,chainlink,1760678159,0.004439925328214321
link_weth_3000_month_23594443_23601642_w17,chainlink,1760680139,0.004414069839192202
link_weth_3000_month_23594443_23601642_w17,chainlink,1760680283,0.004428896367215916
link_weth_3000_month_23594443_23601642_w17,chainlink,1760682071,0.004404548336303135
link_weth_3000_month_23594443_23601642_w17,chainlink,1760682227,0.004429434138850392
link_weth_3000_month_23594443_23601642_w17,chainlink,1760682731,0.004455240367162785
link_weth_3000_month_23594443_23601642_w17,chainlink,1760682767,0.004418443706892081
link_weth_3000_month_23594443_23601642_w17,chainlink,1760683031,0.004395935111237877
link_weth_3000_month_23594443_23601642_w17,chainlink,1760683067,0.004423370422263272
link_weth_3000_month_23594443_23601642_w17,chainlink,1760683787,0.004445982328221852
link_weth_3000_month_23594443_23601642_w17,chainlink,1760683835,0.004404535806567907
link_weth_3000_month_23594443_23601642_w17,chainlink,1760684027,0.004381403688798995
link_weth_3000_month_23594443_23601642_w17,chainlink,1760684087,0.004407923523943524
link_weth_3000_month_23594443_23601642_w17,chainlink,1760684267,0.004383482826761221
link_weth_3000_month_23594443_23601642_w17,chainlink,1760684627,0.004407678996484897
link_weth_3000_month_23594443_23601642_w17,chainlink,1760684651,0.004384857985082119
link_weth_3000_month_23594443_23601642_w17,chainlink,1760684831,0.004361756301470135
link_weth_3000_month_23594443_23601642_w17,chainlink,1760684903,0.004391982123802178
link_weth_3000_month_23594443_23601642_w17,chainlink,1760684951,0.004367161202734255
link_weth_3000_month_23594443_23601642_w17,chainlink,1760685167,0.004390014468943804
link_weth_3000_month_23594443_23601642_w17,chainlink,1760686307,0.004365237583332452
link_weth_3000_month_23594443_23601642_w17,chainlink,1760686451,0.004330725507390307
link_weth_3000_month_23594443_23601642_w17,chainlink,1760687663,0.00435708142855127
link_weth_3000_month_23594443_23601642_w17,chainlink,1760687711,0.004331198776297963
link_weth_3000_month_23594443_23601642_w17,chainlink,1760687891,0.004304944197772375
link_weth_3000_month_23594443_23601642_w17,chainlink,1760688287,0.004328753537798869
link_weth_3000_month_23594443_23601642_w17,chainlink,1760688659,0.004298958062126653
link_weth_3000_month_23594443_23601642_w17,chainlink,1760688863,0.004323600947449891
link_weth_3000_month_23594443_23601642_w17,chainlink,1760688923,0.004301155621980837
link_weth_3000_month_23594443_23601642_w17,chainlink,1760688947,0.004278838252955776
link_weth_3000_month_23594443_23601642_w17,chainlink,1760689019,0.004305733510729728
link_weth_3000_month_23594443_23601642_w17,chainlink,1760689103,0.004268183028225174
link_weth_3000_month_23594443_23601642_w17,chainlink,1760689439,0.004245926551331902
link_weth_3000_month_23594443_23601642_w17,chainlink,1760689499,0.004267157110489591
link_weth_3000_month_23594443_23601642_w17,chainlink,1760689583,0.004297478082308268
link_weth_3000_month_23594443_23601642_w17,chainlink,1760689763,0.004273554325270113
link_weth_3000_month_23594443_23601642_w17,chainlink,1760689847,0.004301764377350128
link_weth_3000_month_23594443_23601642_w17,chainlink,1760690003,0.004279451015386423
link_weth_3000_month_23594443_23601642_w17,chainlink,1760690207,0.004312695202395996
link_weth_3000_month_23594443_23601642_w17,chainlink,1760690327,0.004286664653972443
link_weth_3000_month_23594443_23601642_w17,chainlink,1760690603,0.004263527576137283
link_weth_3000_month_23594443_23601642_w17,chainlink,1760690603,0.004285019418355932
link_weth_3000_month_23594443_23601642_w17,chainlink,1760690927,0.004263019691513853
link_weth_3000_month_23594443_23601642_w17,chainlink,1760691779,0.004287768517956307
link_weth_3000_month_23594443_23601642_w17,chainlink,1760691899,0.004264470690623094
link_weth_3000_month_23594443_23601642_w17,chainlink,1760691947,0.004293887377211667
link_weth_3000_month_23594443_23601642_w17,chainlink,1760692739,0.004272004494994575
link_weth_3000_month_23594443_23601642_w17,chainlink,1760692907,0.004243119878993249
link_weth_3000_month_23594443_23601642_w17,chainlink,1760693387,0.004269443123085885
link_weth_3000_month_23594443_23601642_w17,chainlink,1760693507,0.004298713768793727
link_weth_3000_month_23594443_23601642_w17,chainlink,1760693687,0.004324243574188789
link_weth_3000_month_23594443_23601642_w17,chainlink,1760693879,0.00430118202586558
link_weth_3000_month_23594443_23601642_w17,chainlink,1760693903,0.004322904057562107
link_weth_3000_month_23594443_23601642_w17,chainlink,1760694143,0.004296599626631915
link_weth_3000_month_23594443_23601642_w17,chainlink,1760694263,0.004272835424886516
link_weth_3000_month_23594443_23601642_w17,chainlink,1760694539,0.004295182541824429
link_weth_3000_month_23594443_23601642_w17,chainlink,1760695223,0.00426229175963211
link_weth_3000_month_23594443_23601642_w17,chainlink,1760695439,0.004284122882725929
link_weth_3000_month_23594443_23601642_w17,chainlink,1760695739,0.004307366735035478
link_weth_3000_month_23594443_23601642_w17,chainlink,1760695919,0.004284791586935273
link_weth_3000_month_23594443_23601642_w17,chainlink,1760696039,0.004261679739741141
link_weth_3000_month_23594443_23601642_w17,chainlink,1760696519,0.004295869934815753
link_weth_3000_month_23594443_23601642_w17,chainlink,1760696615,0.004270692001050747
link_weth_3000_month_23594443_23601642_w17,chainlink,1760696759,0.004292136802965923
link_weth_3000_month_23594443_23601642_w17,chainlink,1760697299,0.004317662033087707
link_weth_3000_month_23594443_23601642_w17,chainlink,1760697539,0.004341888257898884
link_weth_3000_month_23594443_23601642_w17,chainlink,1760698223,0.004318869353453875
link_weth_3000_month_23594443_23601642_w17,chainlink,1760698883,0.004296740374282107
link_weth_3000_month_23594443_23601642_w17,chainlink,1760698979,0.004320910862113785
link_weth_3000_month_23594443_23601642_w17,chainlink,1760699339,0.004298354394183432
link_weth_3000_month_23594443_23601642_w17,chainlink,1760699399,0.004322762709002763
link_weth_3000_month_23594443_23601642_w17,chainlink,1760699651,0.004288034708357812
link_weth_3000_month_23594443_23601642_w17,chainlink,1760699651,0.004326475490678243
link_weth_3000_month_23594443_23601642_w17,chainlink,1760699747,0.004297934035984693
link_weth_3000_month_23594443_23601642_w17,chainlink,1760699747,0.004336433511769102
link_weth_3000_month_23594443_23601642_w17,chainlink,1760699879,0.004360075106757759
link_weth_3000_month_23594443_23601642_w17,chainlink,1760699939,0.004336265851407757
link_weth_3000_month_23594443_23601642_w17,chainlink,1760700119,0.00431181925541802
link_weth_3000_month_23594443_23601642_w17,chainlink,1760700335,0.004339395545189463
link_weth_3000_month_23594443_23601642_w17,chainlink,1760700983,0.004363187416812794
link_weth_3000_month_23594443_23601642_w17,chainlink,1760701283,0.004340204099148585
link_weth_3000_month_23594443_23601642_w17,chainlink,1760701607,0.004363576416031098
link_weth_3000_month_23594443_23601642_w17,chainlink,1760702843,0.004389854858132803
link_weth_3000_month_23594443_23601642_w17,chainlink,1760703083,0.004366668075127289
link_weth_3000_month_23594443_23601642_w17,chainlink,1760703719,0.004390957516426172
link_weth_3000_month_23594443_23601642_w17,chainlink,1760703815,0.004365467770265835
link_weth_3000_month_23594443_23601642_w17,chainlink,1760704019,0.004389169841340457
link_weth_3000_month_23594443_23601642_w17,chainlink,1760704079,0.004363150140335497
link_weth_3000_month_23594443_23601642_w17,chainlink,1760704523,0.004385857371372572
link_weth_3000_month_23594443_23601642_w17,chainlink,1760705675,0.004363121630619669
link_weth_3000_month_23594443_23601642_w17,chainlink,1760706839,0.004386817491745671
link_weth_3000_month_23594443_23601642_w17,chainlink,1760706935,0.004364717842621001
link_weth_3000_month_23594443_23601642_w17,chainlink,1760707355,0.004386972896075079
link_weth_3000_month_23594443_23601642_w17,chainlink,1760707499,0.004362916071076809
link_weth_3000_month_23594443_23601642_w17,chainlink,1760708159,0.004386293019198779
link_weth_3000_month_23594443_23601642_w17,chainlink,1760708519,0.004355133159826296
link_weth_3000_month_23594443_23601642_w17,chainlink,1760708639,0.004381892038964446
link_weth_3000_month_23594443_23601642_w17,chainlink,1760708699,0.004352423938496586
link_weth_3000_month_23594443_23601642_w17,chainlink,1760709095,0.00438093595502562
link_weth_3000_month_23594443_23601642_w17,chainlink,1760709155,0.004355831980075072
link_weth_3000_month_23594443_23601642_w17,chainlink,1760709251,0.004397434165386535
link_weth_3000_month_23594443_23601642_w17,chainlink,1760709419,0.004375138224750365
link_weth_3000_month_23594443_23601642_w17,chainlink,1760709599,0.004353058073183314
link_weth_3000_month_23594443_23601642_w17,chainlink,1760709635,0.004379011839949257
link_weth_3000_month_23594443_23601642_w17,chainlink,1760710079,0.004347484140282255
link_weth_3000_month_23594443_23601642_w17,chainlink,1760710199,0.004373246512703674
link_weth_3000_month_23594443_23601642_w17,chainlink,1760710439,0.004347743274525623
link_weth_3000_month_23594443_23601642_w17,chainlink,1760710931,0.004372732526267645
link_weth_3000_month_23594443_23601642_w17,chainlink,1760711375,0.004348510928921269
link_weth_3000_month_23594443_23601642_w17,chainlink,1760711519,0.00432205864131487
link_weth_3000_month_23594443_23601642_w17,chainlink,1760711579,0.004346102460747258
link_weth_3000_month_23594443_23601642_w17,chainlink,1760711819,0.004323594762559006
link_weth_3000_month_23594443_23601642_w17,chainlink,1760712131,0.004345828401397098
link_weth_3000_month_23594443_23601642_w17,chainlink,1760712179,0.00437213827780763
link_weth_3000_month_23594443_23601642_w17,chainlink,1760712179,0.004348723869879393
link_weth_3000_month_23594443_23601642_w17,chainlink,1760712239,0.004372671550823541
link_weth_3000_month_23594443_23601642_w17,chainlink,1760712407,0.004349810716800934
link_weth_3000_month_23594443_23601642_w17,chainlink,1760712527,0.004378751875817206
link_weth_3000_month_23594443_23601642_w17,chainlink,1760712923,0.004356006689065463
link_weth_3000_month_23594443_23601642_w17,chainlink,1760713127,0.00433187687546734
link_weth_3000_month_23594443_23601642_w17,chainlink,1760713403,0.004355961688214449
link_weth_3000_month_23594443_23601642_w17,chainlink,1760714099,0.00433205232774563
link_weth_3000_month_23594443_23601642_w17,chainlink,1760714279,0.004361023855956253
link_weth_3000_month_23594443_23601642_w17,chainlink,1760714483,0.004338395392820195
link_weth_3000_month_23594443_23601642_w17,chainlink,1760714831,0.004362799010332062
link_weth_3000_month_23594443_23601642_w17,chainlink,1760715395,0.004333804192160679
link_weth_3000_month_23594443_23601642_w17,chainlink,1760715659,0.004368001460145462
link_weth_3000_month_23594443_23601642_w17,chainlink,1760715707,0.004343280232406615
link_weth_3000_month_23594443_23601642_w17,chainlink,1760716319,0.004365738960351098
link_weth_3000_month_23594443_23601642_w17,chainlink,1760716763,0.004391002753057552
link_weth_3000_month_23594443_23601642_w17,chainlink,1760716859,0.004367268458382444
link_weth_3000_month_23594443_23601642_w17,chainlink,1760716943,0.004397005470853647
link_weth_3000_month_23594443_23601642_w17,chainlink,1760717003,0.004371465537520583
link_weth_3000_month_23594443_23601642_w17,chainlink,1760717051,0.004395368410047309
link_weth_3000_month_23594443_23601642_w17,chainlink,1760717639,0.004372565932198959
link_weth_3000_month_23594443_23601642_w17,chainlink,1760718323,0.004394735356386732
link_weth_3000_month_23594443_23601642_w17,chainlink,1760718383,0.004369018913196894
link_weth_3000_month_23594443_23601642_w17,chainlink,1760718767,0.004393230194380263
link_weth_3000_month_23594443_23601642_w17,chainlink,1760718779,0.004363759786184627
link_weth_3000_month_23594443_23601642_w17,chainlink,1760719955,0.004329905470050017
link_weth_3000_month_23594443_23601642_w17,chainlink,1760720123,0.004351889017419063
link_weth_3000_month_23594443_23601642_w17,chainlink,1760721755,0.004328861946838858
link_weth_3000_month_23594443_23601642_w17,chainlink,1760722583,0.004305653808162296
link_weth_3000_month_23594443_23601642_w17,chainlink,1760722835,0.004328839395269023
link_weth_3000_month_23594443_23601642_w17,chainlink,1760723219,0.004305240931151639
link_weth_3000_month_23594443_23601642_w17,chainlink,1760723519,0.004328728260225993
link_weth_3000_month_23594443_23601642_w17,chainlink,1760723699,0.004305819217249264
link_weth_3000_month_23594443_23601642_w17,chainlink,1760725955,0.004327564584122835
link_weth_3000_month_23594443_23601642_w17,chainlink,1760726219,0.004303646293055784
link_weth_3000_month_23594443_23601642_w17,chainlink,1760726855,0.004280328778178991
link_weth_3000_month_23594443_23601642_w17,chainlink,1760727155,0.004254694180762891
link_weth_3000_month_23594443_23601642_w17,chainlink,1760729543,0.004276563283731817
link_weth_3000_month_23594443_23601642_w17,chainlink,1760729627,0.004251233071392743
link_weth_3000_month_23594443_23601642_w17,chainlink,1760730611,0.00427345088875188
link_weth_3000_month_23594443_23601642_w17,chainlink,1760732063,0.004294944929777629
link_weth_3000_month_23594443_23601642_w17,chainlink,1760732399,0.004272617348646592
link_weth_3000_month_23594443_23601642_w17,chainlink,1760732711,0.004295385947410715
link_weth_3000_month_23594443_23601642_w17,chainlink,1760734103,0.004316924228398884
link_weth_3000_month_23594443_23601642_w17,chainlink,1760735195,0.00428542882040344
link_weth_3000_month_23594443_23601642_w17,chainlink,1760735567,0.004307548354957906
link_weth_3000_month_23594443_23601642_w17,chainlink,1760738819,0.004303471511005466
link_weth_3000_month_23594443_23601642_w17,chainlink,1760739203,0.004298326532586891
link_weth_3000_month_23594443_23601642_w17,chainlink,1760740379,0.004325180890765345
link_weth_3000_month_23594443_23601642_w17,chainlink,1760742839,0.004306889945872343
link_weth_3000_month_23594443_23601642_w17,chainlink,1760743991,0.004321601632236674
link_weth_3000_month_23594443_23601642_w17,chainlink,1760746463,0.004320500809352049
link_weth_3000_month_23594443_23601642_w17,chainlink,1760746475,0.004343071987596737
link_weth_3000_month_23594443_23601642_w17,chainlink,1760746859,0.004365158991525378
link_weth_3000_month_23594443_23601642_w17,chainlink,1760747195,0.004342744152189963
link_weth_3000_month_23594443_23601642_w17,chainlink,1760748179,0.004364928549661702
link_weth_3000_month_23594443_23601642_w17,chainlink,1760750615,0.004343174752218496
link_weth_3000_month_23594443_23601642_w17,chainlink,1760750759,0.004365286396074273
link_weth_3000_month_23594443_23601642_w17,chainlink,1760753435,0.004343006462782106
link_weth_3000_month_23594443_23601642_w17,chainlink,1760753675,0.004366867306193568
link_weth_3000_month_23594443_23601642_w17,chainlink,1760753807,0.004342999423293537
link_weth_3000_month_23601643_23608842_w18,chainlink,1760753807,0.004342999423293537
link_weth_3000_month_23601643_23608842_w18,chainlink,1760755919,0.004319893938619738
link_weth_3000_month_23601643_23608842_w18,chainlink,1760757287,0.004318467871674755
link_weth_3000_month_23601643_23608842_w18,chainlink,1760757515,0.004343230183881533
link_weth_3000_month_23601643_23608842_w18,chainlink,1760760911,0.004352133464458249
link_weth_3000_month_23601643_23608842_w18,chainlink,1760761127,0.00433499874084582
link_weth_3000_month_23601643_23608842_w18,chainlink,1760762531,0.004312878282728497
link_weth_3000_month_23601643_23608842_w18,chainlink,1760764547,0.004309758397886597
link_weth_3000_month_23601643_23608842_w18,chainlink,1760766143,0.004317624528403588
link_weth_3000_month_23601643_23608842_w18,chainlink,1760767523,0.004343141717706707
link_weth_3000_month_23601643_23608842_w18,chainlink,1760767787,0.004320774346073973
link_weth_3000_month_23601643_23608842_w18,chainlink,1760769419,0.004298932279422029
link_weth_3000_month_23601643_23608842_w18,chainlink,1760771015,0.004327483224766982
link_weth_3000_month_23601643_23608842_w18,chainlink,1760771099,0.004355237674043633
link_weth_3000_month_23601643_23608842_w18,chainlink,1760771123,0.004322869455668392
link_weth_3000_month_23601643_23608842_w18,chainlink,1760771267,0.004299012152422747
link_weth_3000_month_23601643_23608842_w18,chainlink,1760771279,0.004327110083476448
link_weth_3000_month_23601643_23608842_w18,chainlink,1760771699,0.004305351576909942
link_weth_3000_month_23601643_23608842_w18,chainlink,1760771747,0.004327651024045965
link_weth_3000_month_23601643_23608842_w18,chainlink,1760771915,0.004300125226181893
link_weth_3000_month_23601643_23608842_w18,chainlink,1760772083,0.004322727708518275
link_weth_3000_month_23601643_23608842_w18,chainlink,1760774003,0.004297976779058691
link_weth_3000_month_23601643_23608842_w18,chainlink,1760774291,0.004273196771701978
link_weth_3000_month_23601643_23608842_w18,chainlink,1760774363,0.004296292257175828
link_weth_3000_month_23601643_23608842_w18,chainlink,1760775155,0.004321568146499499
link_weth_3000_month_23601643_23608842_w18,chainlink,1760777987,0.004332699801172335
link_weth_3000_month_23601643_23608842_w18,chainlink,1760778779,0.004328690182142645
link_weth_3000_month_23601643_23608842_w18,chainlink,1760779499,0.004354134583893153
link_weth_3000_month_23601643_23608842_w18,chainlink,1760781623,0.004351717716456878
link_weth_3000_month_23601643_23608842_w18,chainlink,1760782931,0.004329941372573998
link_weth_3000_month_23601643_23608842_w18,chainlink,1760783699,0.00435297285977384
link_weth_3000_month_23601643_23608842_w18,chainlink,1760785247,0.004355379192519354
link_weth_3000_month_23601643_23608842_w18,chainlink,1760787311,0.004343333562848463
link_weth_3000_month_23601643_23608842_w18,chainlink,1760788859,0.004337188636261366
link_weth_3000_month_23601643_23608842_w18,chainlink,1760789591,0.004359589684060191
link_weth_3000_month_23601643_23608842_w18,chainlink,1760790767,0.004336475176806111
link_weth_3000_month_23601643_23608842_w18,chainlink,1760792495,0.004341085393298978
link_weth_3000_month_23601643_23608842_w18,chainlink,1760792699,0.004317271745323025
link_weth_3000_month_23601643_23608842_w18,chainlink,1760794763,0.004339853701572241
link_weth_3000_month_23601643_23608842_w18,chainlink,1760794847,0.004317808186418987
link_weth_3000_month_23601643_23608842_w18,chainlink,1760795603,0.00433985322475557
link_weth_3000_month_23601643_23608842_w18,chainlink,1760796563,0.004317660476906605
link_weth_3000_month_23601643_23608842_w18,chainlink,1760797283,0.004340068269074438
link_weth_3000_month_23601643_23608842_w18,chainlink,1760798387,0.004319627633035561
link_weth_3000_month_23601643_23608842_w18,chainlink,1760798459,0.004343218657252725
link_weth_3000_month_23601643_23608842_w18,chainlink,1760801483,0.004319985309964684
link_weth_3000_month_23601643_23608842_w18,chainlink,1760802023,0.004326803303840844
link_weth_3000_month_23601643_23608842_w18,chainlink,1760805095,0.004308381095137549
link_weth_3000_month_23601643_23608842_w18,chainlink,1760805707,0.004323761237091891
link_weth_3000_month_23601643_23608842_w18,chainlink,1760807711,0.004346358553760528
link_weth_3000_month_23601643_23608842_w18,chainlink,1760807987,0.004324128913038716
link_weth_3000_month_23601643_23608842_w18,chainlink,1760808371,0.004346118435801036
link_weth_3000_month_23601643_23608842_w18,chainlink,1760810411,0.004324470881623676
link_weth_3000_month_23601643_23608842_w18,chainlink,1760812007,0.004319570601658886
link_weth_3000_month_23601643_23608842_w18,chainlink,1760814023,0.0043273386381458
link_weth_3000_month_23601643_23608842_w18,chainlink,1760815691,0.004331040865909938
link_weth_3000_month_23601643_23608842_w18,chainlink,1760817659,0.004326278110179053
link_weth_3000_month_23601643_23608842_w18,chainlink,1760819303,0.004343469401580791
link_weth_3000_month_23601643_23608842_w18,chainlink,1760821283,0.004349956394269692
link_weth_3000_month_23601643_23608842_w18,chainlink,1760821547,0.004327338228004966
link_weth_3000_month_23601643_23608842_w18,chainlink,1760824919,0.004321131289471724
link_weth_3000_month_23601643_23608842_w18,chainlink,1760825159,0.004334257796749032
link_weth_3000_month_23601643_23608842_w18,chainlink,1760828555,0.004345351046819116
link_weth_3000_month_23601643_23608842_w18,chainlink,1760828795,0.004334431092240071
link_weth_3000_month_23601643_23608842_w18,chainlink,1760832179,0.004328214272151253
link_weth_3000_month_23601643_23608842_w18,chainlink,1760832431,0.004317598593537985
link_weth_3000_month_23601643_23608842_w18,chainlink,1760834267,0.004294608806539813
link_weth_3000_month_23601643_23608842_w18,chainlink,1760834651,0.004317331806560951
link_weth_3000_month_23601643_23608842_w18,chainlink,1760837891,0.004318443640728037
link_weth_3000_month_23601643_23608842_w18,chainlink,1760838275,0.004318850272899878
link_weth_3000_month_23601643_23608842_w18,chainlink,1760841503,0.00431217257782831
link_weth_3000_month_23601643_23608842_w18,chainlink,1760841911,0.004310408035510961
link_weth_3000_month_23608843_23616042_w19,chainlink,1760841911,0.004310408035510961
link_weth_3000_month_23608843_23616042_w19,chainlink,1760844035,0.004332896588703451
link_weth_3000_month_23608843_23616042_w19,chainlink,1760844635,0.00431097503239922
link_weth_3000_month_23608843_23616042_w19,chainlink,1760845199,0.004334876691171958
link_weth_3000_month_23608843_23616042_w19,chainlink,1760847479,0.004312319617086961
link_weth_3000_month_23608843_23616042_w19,chainlink,1760848271,0.004296135976641724
link_weth_3000_month_23608843_23616042_w19,chainlink,1760849219,0.00431785664139916
link_weth_3000_month_23608843_23616042_w19,chainlink,1760851895,0.004312907599797135
link_weth_3000_month_23608843_23616042_w19,chainlink,1760852735,0.00429107700717886
link_weth_3000_month_23608843_23616042_w19,chainlink,1760854031,0.004313171910445574
link_weth_3000_month_23608843_23616042_w19,chainlink,1760854211,0.004290460909121795
link_weth_3000_month_23608843_23616042_w19,chainlink,1760854691,0.004312547213259853
link_weth_3000_month_23608843_23616042_w19,chainlink,1760855843,0.004289531116483246
link_weth_3000_month_23608843_23616042_w19,chainlink,1760858327,0.004286375162616187
link_weth_3000_month_23608843_23616042_w19,chainlink,1760859287,0.00430828872305306
link_weth_3000_month_23608843_23616042_w19,chainlink,1760861423,0.0043300455480851
link_weth_3000_month_23608843_23616042_w19,chainlink,1760861975,0.004303971935237521
link_weth_3000_month_23608843_23616042_w19,chainlink,1760861999,0.004272068761469376
link_weth_3000_month_23608843_23616042_w19,chainlink,1760861999,0.004302941606436084
link_weth_3000_month_23608843_23616042_w19,chainlink,1760862107,0.004281407545986003
link_weth_3000_month_23608843_23616042_w19,chainlink,1760862107,0.004325552156902661
link_weth_3000_month_23608843_23616042_w19,chainlink,1760862371,0.004404262448600045
link_weth_3000_month_23608843_23616042_w19,chainlink,1760862383,0.004381486906872848
link_weth_3000_month_23608843_23616042_w19,chainlink,1760862419,0.004347459140470042
link_weth_3000_month_23608843_23616042_w19,chainlink,1760863403,0.004321747962805462
link_weth_3000_month_23608843_23616042_w19,chainlink,1760863559,0.00429606093087001
link_weth_3000_month_23608843_23616042_w19,chainlink,1760864063,0.00431823503221854
link_weth_3000_month_23608843_23616042_w19,chainlink,1760864543,0.004296307532487678
link_weth_3000_month_23608843_23616042_w19,chainlink,1760866031,0.00430206781725863
link_weth_3000_month_23608843_23616042_w19,chainlink,1760866895,0.004327690291332273
link_weth_3000_month_23608843_23616042_w19,chainlink,1760866931,0.004304798306613742
link_weth_3000_month_23608843_23616042_w19,chainlink,1760866967,0.004282632991493447
link_weth_3000_month_23608843_23616042_w19,chainlink,1760867087,0.004305094695695479
link_weth_3000_month_23608843_23616042_w19,chainlink,1760867411,0.004332504656770459
link_weth_3000_month_23608843_23616042_w19,chainlink,1760867447,0.004304746738631726
link_weth_3000_month_23608843_23616042_w19,chainlink,1760867495,0.004328364406615519
link_weth_3000_month_23608843_23616042_w19,chainlink,1760867855,0.004301371531840331
link_weth_3000_month_23608843_23616042_w19,chainlink,1760868347,0.00432416291101697
link_weth_3000_month_23608843_23616042_w19,chainlink,1760869391,0.004346465727882305
link_weth_3000_month_23608843_23616042_w19,chainlink,1760869487,0.004324609143700022
link_weth_3000_month_23608843_23616042_w19,chainlink,1760869583,0.004350072485395436
link_weth_3000_month_23608843_23616042_w19,chainlink,1760869727,0.004327347211941146
link_weth_3000_month_23608843_23616042_w19,chainlink,1760869727,0.00435006717908677
link_weth_3000_month_23608843_23616042_w19,chainlink,1760870027,0.004327437018972388
link_weth_3000_month_23608843_23616042_w19,chainlink,1760870147,0.004353723419328801
link_weth_3000_month_23608843_23616042_w19,chainlink,1760871719,0.004380463892707522
link_weth_3000_month_23608843_23616042_w19,chainlink,1760871719,0.004354534875171453
link_weth_3000_month_23608843_23616042_w19,chainlink,1760872271,0.004378448239317886
link_weth_3000_month_23608843_23616042_w19,chainlink,1760873027,0.004355179818011718
link_weth_3000_month_23608843_23616042_w19,chainlink,1760874287,0.00437743988130159
link_weth_3000_month_23608843_23616042_w19,chainlink,1760876027,0.004354217272428115
link_weth_3000_month_23608843_23616042_w19,chainlink,1760877923,0.00436276491648303
link_weth_3000_month_23608843_23616042_w19,chainlink,1760879123,0.004384706970588886
link_weth_3000_month_23608843_23616042_w19,chainlink,1760879543,0.004361841961652168
link_weth_3000_month_23608843_23616042_w19,chainlink,1760880227,0.004384425650549285
link_weth_3000_month_23608843_23616042_w19,chainlink,1760880659,0.004359912335836434
link_weth_3000_month_23608843_23616042_w19,chainlink,1760880707,0.004381966644954088
link_weth_3000_month_23608843_23616042_w19,chainlink,1760882003,0.004357213619570906
link_weth_3000_month_23608843_23616042_w19,chainlink,1760882063,0.004380299828900751
link_weth_3000_month_23608843_23616042_w19,chainlink,1760882279,0.004354758746144321
link_weth_3000_month_23608843_23616042_w19,chainlink,1760882579,0.00437755621254064
link_weth_3000_month_23608843_23616042_w19,chainlink,1760883515,0.004353346619452605
link_weth_3000_month_23608843_23616042_w19,chainlink,1760883563,0.004375208904239441
link_weth_3000_month_23608843_23616042_w19,chainlink,1760885843,0.004398208063686207
link_weth_3000_month_23608843_23616042_w19,chainlink,1760886647,0.004373482703412179
link_weth_3000_month_23608843_23616042_w19,chainlink,1760887139,0.004378395891894064
link_weth_3000_month_23608843_23616042_w19,chainlink,1760890259,0.004377257963631431
link_weth_3000_month_23608843_23616042_w19,chainlink,1760890751,0.004387181539685964
link_weth_3000_month_23608843_23616042_w19,chainlink,1760890883,0.004364303351234734
link_weth_3000_month_23608843_23616042_w19,chainlink,1760892155,0.004386343151135919
link_weth_3000_month_23608843_23616042_w19,chainlink,1760893547,0.004352543496854611
link_weth_3000_month_23608843_23616042_w19,chainlink,1760893571,0.004379187604359523
link_weth_3000_month_23608843_23616042_w19,chainlink,1760893703,0.004356550214909429
link_weth_3000_month_23608843_23616042_w19,chainlink,1760893799,0.004381672725073514
link_weth_3000_month_23608843_23616042_w19,chainlink,1760894447,0.004404516883563489
link_weth_3000_month_23608843_23616042_w19,chainlink,1760894903,0.004380315270691483
link_weth_3000_month_23608843_23616042_w19,chainlink,1760895539,0.004358130134317935
link_weth_3000_month_23608843_23616042_w19,chainlink,1760898083,0.004371236843664791
link_weth_3000_month_23608843_23616042_w19,chainlink,1760899175,0.004388226436652745
link_weth_3000_month_23608843_23616042_w19,chainlink,1760901707,0.00438944976008668
link_weth_3000_month_23608843_23616042_w19,chainlink,1760902799,0.004381556671179352
link_weth_3000_month_23608843_23616042_w19,chainlink,1760905343,0.00438943471046347
link_weth_3000_month_23608843_23616042_w19,chainlink,1760906411,0.004378077253961671
link_weth_3000_month_23608843_23616042_w19,chainlink,1760907215,0.004402355972966393
link_weth_3000_month_23608843_23616042_w19,chainlink,1760907527,0.004378928063310844
link_weth_3000_month_23608843_23616042_w19,chainlink,1760908571,0.004356879527954082
link_weth_3000_month_23608843_23616042_w19,chainlink,1760911139,0.00436487483966621
link_weth_3000_month_23608843_23616042_w19,chainlink,1760912195,0.004371464420800484
link_weth_3000_month_23608843_23616042_w19,chainlink,1760912963,0.004346302235167517
link_weth_3000_month_23608843_23616042_w19,chainlink,1760915291,0.004324504534634773
link_weth_3000_month_23608843_23616042_w19,chainlink,1760916203,0.004347582153056169
link_weth_3000_month_23608843_23616042_w19,chainlink,1760917487,0.004369470459291978
link_weth_3000_month_23608843_23616042_w19,chainlink,1760917523,0.004346459860333329
link_weth_3000_month_23608843_23616042_w19,chainlink,1760917583,0.004344571450009963
link_weth_3000_month_23608843_23616042_w19,chainlink,1760918963,0.004322281944981841
link_weth_3000_month_23608843_23616042_w19,chainlink,1760919311,0.004344530297664639
link_weth_3000_month_23608843_23616042_w19,chainlink,1760919683,0.004314809268309975
link_weth_3000_month_23608843_23616042_w19,chainlink,1760919731,0.004337206784275678
link_weth_3000_month_23608843_23616042_w19,chainlink,1760919887,0.004314329344176525
link_weth_3000_month_23608843_23616042_w19,chainlink,1760920247,0.004336621863113017
link_weth_3000_month_23608843_23616042_w19,chainlink,1760920787,0.004358458088892292
link_weth_3000_month_23608843_23616042_w19,chainlink,1760920847,0.004333795376129867
link_weth_3000_month_23608843_23616042_w19,chainlink,1760921987,0.004356162488541988
link_weth_3000_month_23608843_23616042_w19,chainlink,1760924471,0.004355153343687466
link_weth_3000_month_23608843_23616042_w19,chainlink,1760925599,0.004343385473059904
link_weth_3000_month_23608843_23616042_w19,chainlink,1760926259,0.004321072997766356
link_weth_3000_month_23608843_23616042_w19,chainlink,1760926643,0.004344606190994855
link_weth_3000_month_23608843_23616042_w19,chainlink,1760927783,0.004321076014456097
link_weth_3000_month_23608843_23616042_w19,chainlink,1760927939,0.004346023140871525
link_weth_3000_month_23616043_23623242_w20,chainlink,1760927939,0.004346023140871525
link_weth_3000_month_23616043_23623242_w20,chainlink,1760931395,0.004348087454670343
link_weth_3000_month_23616043_23623242_w20,chainlink,1760931575,0.004355409759891713
link_weth_3000_month_23616043_23623242_w20,chainlink,1760931803,0.004328577281972282
link_weth_3000_month_23616043_23623242_w20,chainlink,1760931803,0.004356833204659681
link_weth_3000_month_23616043_23623242_w20,chainlink,1760932271,0.004380755425112327
link_weth_3000_month_23616043_23623242_w20,chainlink,1760932283,0.004356049722523216
link_weth_3000_month_23616043_23623242_w20,chainlink,1760932319,0.004388879565374347
link_weth_3000_month_23616043_23623242_w20,chainlink,1760932511,0.004363328032075504
link_weth_3000_month_23616043_23623242_w20,chainlink,1760932511,0.004386861150877436
link_weth_3000_month_23616043_23623242_w20,chainlink,1760933351,0.004364541604122575
link_weth_3000_month_23616043_23623242_w20,chainlink,1760933699,0.004386589876168902
link_weth_3000_month_23616043_23623242_w20,chainlink,1760936123,0.004370097147165559
link_weth_3000_month_23616043_23623242_w20,chainlink,1760936291,0.004392538629818529
link_weth_3000_month_23616043_23623242_w20,chainlink,1760939603,0.004368435901949524
link_weth_3000_month_23616043_23623242_w20,chainlink,1760939927,0.004370968296615621
link_weth_3000_month_23616043_23623242_w20,chainlink,1760940347,0.004397579057503385
link_weth_3000_month_23616043_23623242_w20,chainlink,1760941043,0.004424215009988512
link_weth_3000_month_23616043_23623242_w20,chainlink,1760941223,0.004463745547560927
link_weth_3000_month_23616043_23623242_w20,chainlink,1760941295,0.004488666743313232
link_weth_3000_month_23616043_23623242_w20,chainlink,1760941463,0.004531677806844312
link_weth_3000_month_23616043_23623242_w20,chainlink,1760941547,0.004497393340760528
link_weth_3000_month_23616043_23623242_w20,chainlink,1760941703,0.004530659865230362
link_weth_3000_month_23616043_23623242_w20,chainlink,1760942027,0.004557561821613058
link_weth_3000_month_23616043_23623242_w20,chainlink,1760942135,0.00458454931094172
link_weth_3000_month_23616043_23623242_w20,chainlink,1760942447,0.004609180343641608
link_weth_3000_month_23616043_23623242_w20,chainlink,1760942651,0.004636158528696653
link_weth_3000_month_23616043_23623242_w20,chainlink,1760942783,0.004607127230914691
link_weth_3000_month_23616043_23623242_w20,chainlink,1760943215,0.004593406516373365
link_weth_3000_month_23616043_23623242_w20,chainlink,1760943263,0.004617371177862914
link_weth_3000_month_23616043_23623242_w20,chainlink,1760943575,0.004589630682738801
link_weth_3000_month_23616043_23623242_w20,chainlink,1760943683,0.004554535629563766
link_weth_3000_month_23616043_23623242_w20,chainlink,1760943923,0.0045807820562248
link_weth_3000_month_23616043_23623242_w20,chainlink,1760944259,0.004612246571022693
link_weth_3000_month_23616043_23623242_w20,chainlink,1760944919,0.004644415884113136
link_weth_3000_month_23616043_23623242_w20,chainlink,1760945063,0.004619924267216256
link_weth_3000_month_23616043_23623242_w20,chainlink,1760945363,0.004643933539543239
link_weth_3000_month_23616043_23623242_w20,chainlink,1760945663,0.004619403355668122
link_weth_3000_month_23616043_23623242_w20,chainlink,1760945927,0.004590489974424851
link_weth_3000_month_23616043_23623242_w20,chainlink,1760946227,0.004614185029608015
link_weth_3000_month_23616043_23623242_w20,chainlink,1760946887,0.004589364015274159
link_weth_3000_month_23616043_23623242_w20,chainlink,1760947823,0.004612423608200557
link_weth_3000_month_23616043_23623242_w20,chainlink,1760948447,0.00458742620537331
link_weth_3000_month_23616043_23623242_w20,chainlink,1760948567,0.004613836500425556
link_weth_3000_month_23616043_23623242_w20,chainlink,1760949023,0.004637280585110486
link_weth_3000_month_23616043_23623242_w20,chainlink,1760949167,0.004604013613071488
link_weth_3000_month_23616043_23623242_w20,chainlink,1760949323,0.004631068957868456
link_weth_3000_month_23616043_23623242_w20,chainlink,1760949587,0.004601328594446425
link_weth_3000_month_23616043_23623242_w20,chainlink,1760949815,0.004625020033997345
link_weth_3000_month_23616043_23623242_w20,chainlink,1760952083,0.004648488720535089
link_weth_3000_month_23616043_23623242_w20,chainlink,1760953439,0.004652356754074314
link_weth_3000_month_23616043_23623242_w20,chainlink,1760953763,0.004678823962155086
link_weth_3000_month_23616043_23623242_w20,chainlink,1760954903,0.004654559199558956
link_weth_3000_month_23616043_23623242_w20,chainlink,1760956355,0.004679790810976265
link_weth_3000_month_23616043_23623242_w20,chainlink,1760956859,0.004654894327623351
link_weth_3000_month_23616043_23623242_w20,chainlink,1760957063,0.004656476436038282
link_weth_3000_month_23616043_23623242_w20,chainlink,1760957579,0.004680643798509411
link_weth_3000_month_23616043_23623242_w20,chainlink,1760959475,0.004704704373759547
link_weth_3000_month_23616043_23623242_w20,chainlink,1760961047,0.004681194468261614
link_weth_3000_month_23616043_23623242_w20,chainlink,1760961575,0.0047091268426388
link_weth_3000_month_23616043_23623242_w20,chainlink,1760961779,0.004684426214787781
link_weth_3000_month_23616043_23623242_w20,chainlink,1760962235,0.004709959187433519
link_weth_3000_month_23616043_23623242_w20,chainlink,1760962955,0.004745445793301019
link_weth_3000_month_23616043_23623242_w20,chainlink,1760964191,0.004718921901100637
link_weth_3000_month_23616043_23623242_w20,chainlink,1760964671,0.004727976709052932
link_weth_3000_month_23616043_23623242_w20,chainlink,1760966051,0.004703834475265306
link_weth_3000_month_23616043_23623242_w20,chainlink,1760967095,0.004735412459875272
link_weth_3000_month_23616043_23623242_w20,chainlink,1760968031,0.004711545998938276
link_weth_3000_month_23616043_23623242_w20,chainlink,1760968307,0.004708544158661295
link_weth_3000_month_23616043_23623242_w20,chainlink,1760969951,0.004684426979857452
link_weth_3000_month_23616043_23623242_w20,chainlink,1760970491,0.004708340482181592
link_weth_3000_month_23616043_23623242_w20,chainlink,1760971931,0.004702630076876238
link_weth_3000_month_23616043_23623242_w20,chainlink,1760972891,0.004727398656718448
link_weth_3000_month_23616043_23623242_w20,chainlink,1760973287,0.004690440153972074
link_weth_3000_month_23616043_23623242_w20,chainlink,1760975555,0.004692111039554543
link_weth_3000_month_23616043_23623242_w20,chainlink,1760975747,0.004663428456780796
link_weth_3000_month_23616043_23623242_w20,chainlink,1760975867,0.004697169060503316
link_weth_3000_month_23616043_23623242_w20,chainlink,1760976131,0.004664809114292913
link_weth_3000_month_23616043_23623242_w20,chainlink,1760976131,0.004707695145584378
link_weth_3000_month_23616043_23623242_w20,chainlink,1760976167,0.004677726573863796
link_weth_3000_month_23616043_23623242_w20,chainlink,1760976347,0.004704111150340819
link_weth_3000_month_23616043_23623242_w20,chainlink,1760977955,0.004729350715099354
link_weth_3000_month_23616043_23623242_w20,chainlink,1760977967,0.004703098949500063
link_weth_3000_month_23616043_23623242_w20,chainlink,1760978747,0.004678458422984432
link_weth_3000_month_23616043_23623242_w20,chainlink,1760978771,0.004703023072619348
link_weth_3000_month_23616043_23623242_w20,chainlink,1760979347,0.004729845130338925
link_weth_3000_month_23616043_23623242_w20,chainlink,1760979563,0.004700868490600871
link_weth_3000_month_23616043_23623242_w20,chainlink,1760979695,0.004728045436497398
link_weth_3000_month_23616043_23623242_w20,chainlink,1760980715,0.004754071518351883
link_weth_3000_month_23616043_23623242_w20,chainlink,1760981231,0.004729583292236646
link_weth_3000_month_23616043_23623242_w20,chainlink,1760981831,0.004755900117236871
link_weth_3000_month_23616043_23623242_w20,chainlink,1760982035,0.004727743764956602
link_weth_3000_month_23616043_23623242_w20,chainlink,1760982515,0.00470363835586481
link_weth_3000_month_23616043_23623242_w20,chainlink,1760982527,0.004741722592970124
link_weth_3000_month_23616043_23623242_w20,chainlink,1760985371,0.004766285158592751
link_weth_3000_month_23616043_23623242_w20,chainlink,1760986115,0.004745055888552216
link_weth_3000_month_23616043_23623242_w20,chainlink,1760988983,0.004742848318969528
link_weth_3000_month_23616043_23623242_w20,chainlink,1760989727,0.004722974854204552
link_weth_3000_month_23616043_23623242_w20,chainlink,1760992619,0.004728783272088794
link_weth_3000_month_23616043_23623242_w20,chainlink,1760993351,0.004718864394900791
link_weth_3000_month_23616043_23623242_w20,chainlink,1760996255,0.004711051860640329
link_weth_3000_month_23616043_23623242_w20,chainlink,1760996963,0.004735121232454972
link_weth_3000_month_23616043_23623242_w20,chainlink,1760997155,0.004707747164713089
link_weth_3000_month_23616043_23623242_w20,chainlink,1761000587,0.004692442606491065
link_weth_3000_month_23616043_23623242_w20,chainlink,1761000791,0.00470430296920545
link_weth_3000_month_23616043_23623242_w20,chainlink,1761003395,0.00467828938761834
link_weth_3000_month_23616043_23623242_w20,chainlink,1761004223,0.004685356482953153
link_weth_3000_month_23616043_23623242_w20,chainlink,1761005831,0.004710501684593019
link_weth_3000_month_23616043_23623242_w20,chainlink,1761006407,0.004736326875076067
link_weth_3000_month_23616043_23623242_w20,chainlink,1761007391,0.004761360669009055
link_weth_3000_month_23616043_23623242_w20,chainlink,1761007847,0.004766617470332834
link_weth_3000_month_23616043_23623242_w20,chainlink,1761007871,0.004739616924528008
link_weth_3000_month_23616043_23623242_w20,chainlink,1761008867,0.004714344028597188
link_weth_3000_month_23616043_23623242_w20,chainlink,1761009851,0.004739778623939487
link_weth_3000_month_23616043_23623242_w20,chainlink,1761010607,0.004764021629257494
link_weth_3000_month_23616043_23623242_w20,chainlink,1761011783,0.004734442046528553
link_weth_3000_month_23616043_23623242_w20,chainlink,1761012167,0.00470851953683721
link_weth_3000_month_23616043_23623242_w20,chainlink,1761012287,0.004732390719498708
link_weth_3000_month_23616043_23623242_w20,chainlink,1761013367,0.004704578707302828
link_weth_3000_month_23616043_23623242_w20,chainlink,1761015527,0.004664415406094875
link_weth_3000_month_23616043_23623242_w20,chainlink,1761015899,0.004663491698265419
link_weth_3000_month_23623243_23630442_w21,chainlink,1761015899,0.004663491698265419
link_weth_3000_month_23623243_23630442_w21,chainlink,1761018251,0.004639433551550119
link_weth_3000_month_23623243_23630442_w21,chainlink,1761018767,0.004614487127473513
link_weth_3000_month_23623243_23630442_w21,chainlink,1761019319,0.004639647795262291
link_weth_3000_month_23623243_23630442_w21,chainlink,1761019427,0.004610142129874276
link_weth_3000_month_23623243_23630442_w21,chainlink,1761019439,0.004634636970965941
link_weth_3000_month_23623243_23630442_w21,chainlink,1761019907,0.004605695804947235
link_weth_3000_month_23623243_23630442_w21,chainlink,1761019931,0.004632835066055177
link_weth_3000_month_23623243_23630442_w21,chainlink,1761021479,0.00460908782528381
link_weth_3000_month_23623243_23630442_w21,chainlink,1761022043,0.004634238012602135
link_weth_3000_month_23623243_23630442_w21,chainlink,1761022583,0.004607507654917961
link_weth_3000_month_23623243_23630442_w21,chainlink,1761023999,0.004630808418434399
link_weth_3000_month_23623243_23630442_w21,chainlink,1761024239,0.004607429530530133
link_weth_3000_month_23623243_23630442_w21,chainlink,1761025583,0.004582462157730987
link_weth_3000_month_23623243_23630442_w21,chainlink,1761027695,0.004605434993093298
link_weth_3000_month_23623243_23630442_w21,chainlink,1761029195,0.004593839641539435
link_weth_3000_month_23623243_23630442_w21,chainlink,1761031319,0.004597167114879729
link_weth_3000_month_23623243_23630442_w21,chainlink,1761031919,0.004623720269721074
link_weth_3000_month_23623243_23630442_w21,chainlink,1761032819,0.004611225596281547
link_weth_3000_month_23623243_23630442_w21,chainlink,1761033239,0.004635220046383366
link_weth_3000_month_23623243_23630442_w21,chainlink,1761035531,0.004609757188759788
link_weth_3000_month_23623243_23630442_w21,chainlink,1761035555,0.004633660011056883
link_weth_3000_month_23623243_23630442_w21,chainlink,1761035915,0.004607567804606057
link_weth_3000_month_23623243_23630442_w21,chainlink,1761036791,0.004635921551213669
link_weth_3000_month_23623243_23630442_w21,chainlink,1761037055,0.004659782770557545
link_weth_3000_month_23623243_23630442_w21,chainlink,1761037379,0.004635419700459319
link_weth_3000_month_23623243_23630442_w21,chainlink,1761038867,0.004660101731592085
link_weth_3000_month_23623243_23630442_w21,chainlink,1761039179,0.004659313668171221
link_weth_3000_month_23623243_23630442_w21,chainlink,1761039287,0.004633422569050035
link_weth_3000_month_23623243_23630442_w21,chainlink,1761042083,0.004609669695255485
link_weth_3000_month_23623243_23630442_w21,chainlink,1761042803,0.004617902321958152
link_weth_3000_month_23623243_23630442_w21,chainlink,1761042959,0.004650360636723645
link_weth_3000_month_23623243_23630442_w21,chainlink,1761043811,0.004625019289131217
link_weth_3000_month_23623243_23630442_w21,chainlink,1761043919,0.004648472300807571
link_weth_3000_month_23623243_23630442_w21,chainlink,1761044363,0.00462402962810555
link_weth_3000_month_23623243_23630442_w21,chainlink,1761047279,0.00464856180237642
link_weth_3000_month_23623243_23630442_w21,chainlink,1761047435,0.004641942327194653
link_weth_3000_month_23623243_23630442_w21,chainlink,1761049259,0.004668995028402258
link_weth_3000_month_23623243_23630442_w21,chainlink,1761049343,0.004694796759023612
link_weth_3000_month_23623243_23630442_w21,chainlink,1761049355,0.004666130745916175
link_weth_3000_month_23623243_23630442_w21,chainlink,1761049643,0.004642637249878494
link_weth_3000_month_23623243_23630442_w21,chainlink,1761050531,0.004676376730296616
link_weth_3000_month_23623243_23630442_w21,chainlink,1761051011,0.00470043009347915
link_weth_3000_month_23623243_23630442_w21,chainlink,1761051023,0.004676543708313318
link_weth_3000_month_23623243_23630442_w21,chainlink,1761052151,0.004703305947195673
link_weth_3000_month_23623243_23630442_w21,chainlink,1761052199,0.004673451272629688
link_weth_3000_month_23623243_23630442_w21,chainlink,1761053675,0.004640704655471378
link_weth_3000_month_23623243_23630442_w21,chainlink,1761053915,0.004616674026369652
link_weth_3000_month_23623243_23630442_w21,chainlink,1761054191,0.004640363043789506
link_weth_3000_month_23623243_23630442_w21,chainlink,1761054371,0.004615078870527795
link_weth_3000_month_23623243_23630442_w21,chainlink,1761054995,0.00463933692477681
link_weth_3000_month_23623243_23630442_w21,chainlink,1761055415,0.004615871222639133
link_weth_3000_month_23623243_23630442_w21,chainlink,1761055415,0.004645757743105913
link_weth_3000_month_23623243_23630442_w21,chainlink,1761055691,0.004671520830645202
link_weth_3000_month_23623243_23630442_w21,chainlink,1761055811,0.004638555748739993
link_weth_3000_month_23623243_23630442_w21,chainlink,1761055907,0.004675048661846356
link_weth_3000_month_23623243_23630442_w21,chainlink,1761055931,0.004651510049707469
link_weth_3000_month_23623243_23630442_w21,chainlink,1761056207,0.004628148338275524
link_weth_3000_month_23623243_23630442_w21,chainlink,1761056291,0.004655374898096583
link_weth_3000_month_23623243_23630442_w21,chainlink,1761056351,0.00463206493930995
link_weth_3000_month_23623243_23630442_w21,chainlink,1761056447,0.004660475785717041
link_weth_3000_month_23623243_23630442_w21,chainlink,1761056783,0.004634819825686779
link_weth_3000_month_23623243_23630442_w21,chainlink,1761056987,0.004658318954286959
link_weth_3000_month_23623243_23630442_w21,chainlink,1761057011,0.004630215083610084
link_weth_3000_month_23623243_23630442_w21,chainlink,1761057287,0.004655577702138261
link_weth_3000_month_23623243_23630442_w21,chainlink,1761058127,0.004627623688686789
link_weth_3000_month_23623243_23630442_w21,chainlink,1761058187,0.004658765368836447
link_weth_3000_month_23623243_23630442_w21,chainlink,1761058427,0.004627269346169114
link_weth_3000_month_23623243_23630442_w21,chainlink,1761058427,0.004653916030996258
link_weth_3000_month_23623243_23630442_w21,chainlink,1761058583,0.004692230325316798
link_weth_3000_month_23623243_23630442_w21,chainlink,1761058583,0.004660641367162124
link_weth_3000_month_23623243_23630442_w21,chainlink,1761058787,0.004636655031173998
link_weth_3000_month_23623243_23630442_w21,chainlink,1761058787,0.004663353125792588
link_weth_3000_month_23623243_23630442_w21,chainlink,1761059003,0.004629874606168557
link_weth_3000_month_23623243_23630442_w21,chainlink,1761059291,0.004660939113502285
link_weth_3000_month_23623243_23630442_w21,chainlink,1761059471,0.00463706604897417
link_weth_3000_month_23623243_23630442_w21,chainlink,1761060143,0.00466446631698792
link_weth_3000_month_23623243_23630442_w21,chainlink,1761060191,0.004639384359705923
link_weth_3000_month_23623243_23630442_w21,chainlink,1761060287,0.004664306827249897
link_weth_3000_month_23623243_23630442_w21,chainlink,1761060467,0.004640234217649604
link_weth_3000_month_23623243_23630442_w21,chainlink,1761060647,0.004667036653467357
link_weth_3000_month_23623243_23630442_w21,chainlink,1761060803,0.004639526843636415
link_weth_3000_month_23623243_23630442_w21,chainlink,1761061067,0.004616287694882811
link_weth_3000_month_23623243_23630442_w21,chainlink,1761061091,0.004641448129001284
link_weth_3000_month_23623243_23630442_w21,chainlink,1761061307,0.004613707033681878
link_weth_3000_month_23623243_23630442_w21,chainlink,1761061523,0.004647417333807532
link_weth_3000_month_23623243_23630442_w21,chainlink,1761062099,0.004618549042315458
link_weth_3000_month_23623243_23630442_w21,chainlink,1761062447,0.004587288453098408
link_weth_3000_month_23623243_23630442_w21,chainlink,1761062519,0.004612680049567926
link_weth_3000_month_23623243_23630442_w21,chainlink,1761062855,0.004586972710398215
link_weth_3000_month_23623243_23630442_w21,chainlink,1761062951,0.004612373063741447
link_weth_3000_month_23623243_23630442_w21,chainlink,1761063587,0.004584754265703184
link_weth_3000_month_23623243_23630442_w21,chainlink,1761065591,0.004557257331734584
link_weth_3000_month_23623243_23630442_w21,chainlink,1761065723,0.004583178182059502
link_weth_3000_month_23623243_23630442_w21,chainlink,1761065723,0.0045601936594707
link_weth_3000_month_23623243_23630442_w21,chainlink,1761065855,0.004535655325662601
link_weth_3000_month_23623243_23630442_w21,chainlink,1761065867,0.004562283214139555
link_weth_3000_month_23623243_23630442_w21,chainlink,1761065987,0.004536173183329363
link_weth_3000_month_23623243_23630442_w21,chainlink,1761066107,0.004560413318994742
link_weth_3000_month_23623243_23630442_w21,chainlink,1761066527,0.004586085899916303
link_weth_3000_month_23623243_23630442_w21,chainlink,1761066707,0.004562354241846995
link_weth_3000_month_23623243_23630442_w21,chainlink,1761067091,0.004538549874206182
link_weth_3000_month_23623243_23630442_w21,chainlink,1761067139,0.004570679428143309
link_weth_3000_month_23623243_23630442_w21,chainlink,1761067175,0.004545274227350104
link_weth_3000_month_23623243_23630442_w21,chainlink,1761067211,0.00457177246000197
link_weth_3000_month_23623243_23630442_w21,chainlink,1761067607,0.004547760239827861
link_weth_3000_month_23623243_23630442_w21,chainlink,1761067727,0.004573180274306816
link_weth_3000_month_23623243_23630442_w21,chainlink,1761068447,0.004547439162286988
link_weth_3000_month_23623243_23630442_w21,chainlink,1761068567,0.004570348582576843
link_weth_3000_month_23623243_23630442_w21,chainlink,1761070247,0.0045449425814222
link_weth_3000_month_23623243_23630442_w21,chainlink,1761070307,0.00458213324435084
link_weth_3000_month_23623243_23630442_w21,chainlink,1761070367,0.00455479932489689
link_weth_3000_month_23623243_23630442_w21,chainlink,1761071243,0.004579008649173479
link_weth_3000_month_23623243_23630442_w21,chainlink,1761071447,0.004555705720071034
link_weth_3000_month_23623243_23630442_w21,chainlink,1761072443,0.004532591622631525
link_weth_3000_month_23623243_23630442_w21,chainlink,1761072503,0.004560369121402202
link_weth_3000_month_23623243_23630442_w21,chainlink,1761074639,0.0045345649394574
link_weth_3000_month_23623243_23630442_w21,chainlink,1761076079,0.004534576950149094
link_weth_3000_month_23623243_23630442_w21,chainlink,1761077339,0.004557647424221897
link_weth_3000_month_23623243_23630442_w21,chainlink,1761077495,0.00453098610630259
link_weth_3000_month_23623243_23630442_w21,chainlink,1761077819,0.004563626388487678
link_weth_3000_month_23623243_23630442_w21,chainlink,1761077891,0.004535886451934255
link_weth_3000_month_23623243_23630442_w21,chainlink,1761078155,0.004558855920417058
link_weth_3000_month_23623243_23630442_w21,chainlink,1761081443,0.004565595003984446
link_weth_3000_month_23623243_23630442_w21,chainlink,1761081755,0.004532485118057508
link_weth_3000_month_23623243_23630442_w21,chainlink,1761081779,0.004559494038620936
link_weth_3000_month_23623243_23630442_w21,chainlink,1761081779,0.00453240561524701
link_weth_3000_month_23623243_23630442_w21,chainlink,1761082055,0.004566576734757438
link_weth_3000_month_23623243_23630442_w21,chainlink,1761082583,0.004543676425144756
link_weth_3000_month_23623243_23630442_w21,chainlink,1761084575,0.004568800069276241
link_weth_3000_month_23623243_23630442_w21,chainlink,1761085667,0.004547555445188994
link_weth_3000_month_23623243_23630442_w21,chainlink,1761085931,0.004523463506447529
link_weth_3000_month_23623243_23630442_w21,chainlink,1761085955,0.004546218213753089
link_weth_3000_month_23623243_23630442_w21,chainlink,1761086843,0.004522658001361403
link_weth_3000_month_23623243_23630442_w21,chainlink,1761086867,0.004546905461170555
link_weth_3000_month_23623243_23630442_w21,chainlink,1761087203,0.004569810658235325
link_weth_3000_month_23623243_23630442_w21,chainlink,1761087551,0.004544967581409895
link_weth_3000_month_23623243_23630442_w21,chainlink,1761089603,0.004522015183785535
link_weth_3000_month_23623243_23630442_w21,chainlink,1761089615,0.004545435092312103
link_weth_3000_month_23623243_23630442_w21,chainlink,1761089879,0.004569342095700532
link_weth_3000_month_23623243_23630442_w21,chainlink,1761090083,0.004546329213398071
link_weth_3000_month_23623243_23630442_w21,chainlink,1761091403,0.004569603936333556
link_weth_3000_month_23623243_23630442_w21,chainlink,1761092039,0.004541155668863143
link_weth_3000_month_23623243_23630442_w21,chainlink,1761092795,0.004563982383802868
link_weth_3000_month_23623243_23630442_w21,chainlink,1761092819,0.004541149557389276
link_weth_3000_month_23623243_23630442_w21,chainlink,1761093335,0.004582157275141583
link_weth_3000_month_23623243_23630442_w21,chainlink,1761093359,0.004554140376390745
link_weth_3000_month_23623243_23630442_w21,chainlink,1761095003,0.004580064477960474
link_weth_3000_month_23623243_23630442_w21,chainlink,1761095315,0.004556740364121349
link_weth_3000_month_23623243_23630442_w21,chainlink,1761095387,0.004581744189372121
link_weth_3000_month_23623243_23630442_w21,chainlink,1761098939,0.00456476099775238
link_weth_3000_month_23623243_23630442_w21,chainlink,1761098999,0.004576708943204901
link_weth_3000_month_23623243_23630442_w21,chainlink,1761102095,0.004553368470304678
link_weth_3000_month_23623243_23630442_w21,chainlink,1761102551,0.004570889910065039
link_weth_3000_month_23630443_23637642_w22,chainlink,1761102551,0.004570889910065039
link_weth_3000_month_23630443_23637642_w22,chainlink,1761105767,0.00457812775536031
link_weth_3000_month_23630443_23637642_w22,chainlink,1761106175,0.004558935377386055
link_weth_3000_month_23630443_23637642_w22,chainlink,1761106187,0.004586416865367861
link_weth_3000_month_23630443_23637642_w22,chainlink,1761109811,0.00458830804336505
link_weth_3000_month_23630443_23637642_w22,chainlink,1761109811,0.004591181584679826
link_weth_3000_month_23630443_23637642_w22,chainlink,1761110483,0.004567545149395467
link_weth_3000_month_23630443_23637642_w22,chainlink,1761110723,0.004542710790634455
link_weth_3000_month_23630443_23637642_w22,chainlink,1761110831,0.004571272903854904
link_weth_3000_month_23630443_23637642_w22,chainlink,1761110831,0.004540683931612819
link_weth_3000_month_23630443_23637642_w22,chainlink,1761111143,0.004568675621140219
link_weth_3000_month_23630443_23637642_w22,chainlink,1761112127,0.004597580183319248
link_weth_3000_month_23630443_23637642_w22,chainlink,1761112631,0.004574527632964479
link_weth_3000_month_23630443_23637642_w22,chainlink,1761112847,0.004549316581848475
link_weth_3000_month_23630443_23637642_w22,chainlink,1761116255,0.004550690475631544
link_weth_3000_month_23630443_23637642_w22,chainlink,1761116459,0.004530296906048364
link_weth_3000_month_23630443_23637642_w22,chainlink,1761116927,0.00455325119469228
link_weth_3000_month_23630443_23637642_w22,chainlink,1761117659,0.004578620010796248
link_weth_3000_month_23630443_23637642_w22,chainlink,1761118307,0.00455540176008329
link_weth_3000_month_23630443_23637642_w22,chainlink,1761121271,0.004536768598256997
link_weth_3000_month_23630443_23637642_w22,chainlink,1761121943,0.004539915574662039
link_weth_3000_month_23630443_23637642_w22,chainlink,1761124811,0.004573782170339102
link_weth_3000_month_23630443_23637642_w22,chainlink,1761124811,0.004549202049433124
link_weth_3000_month_23630443_23637642_w22,chainlink,1761125411,0.004525631976474069
link_weth_3000_month_23630443_23637642_w22,chainlink,1761126371,0.004550600947899457
link_weth_3000_month_23630443_23637642_w22,chainlink,1761128435,0.004555882611316854
link_weth_3000_month_23630443_23637642_w22,chainlink,1761129971,0.004551455682752664
link_weth_3000_month_23630443_23637642_w22,chainlink,1761130991,0.004576288557482311
link_weth_3000_month_23630443_23637642_w22,chainlink,1761131075,0.004617157446758186
link_weth_3000_month_23630443_23637642_w22,chainlink,1761131099,0.004565978459760633
link_weth_3000_month_23630443_23637642_w22,chainlink,1761131171,0.004591838380261889
link_weth_3000_month_23630443_23637642_w22,chainlink,1761131183,0.004567706642747081
link_weth_3000_month_23630443_23637642_w22,chainlink,1761131543,0.004596456020195516
link_weth_3000_month_23630443_23637642_w22,chainlink,1761131567,0.004573505383746586
link_weth_3000_month_23630443_23637642_w22,chainlink,1761132107,0.004550471016246693
link_weth_3000_month_23630443_23637642_w22,chainlink,1761133907,0.004527044303227211
link_weth_3000_month_23630443_23637642_w22,chainlink,1761135407,0.004550176006631853
link_weth_3000_month_23630443_23637642_w22,chainlink,1761135743,0.004544706735801332
link_weth_3000_month_23630443_23637642_w22,chainlink,1761136967,0.004570742046533737
link_weth_3000_month_23630443_23637642_w22,chainlink,1761137303,0.00454340968033785
link_weth_3000_month_23630443_23637642_w22,chainlink,1761138707,0.004519271002953804
link_weth_3000_month_23630443_23637642_w22,chainlink,1761139847,0.004544264674504171
link_weth_3000_month_23630443_23637642_w22,chainlink,1761140015,0.004520476391209088
link_weth_3000_month_23630443_23637642_w22,chainlink,1761140339,0.004543254593995409
link_weth_3000_month_23630443_23637642_w22,chainlink,1761140855,0.004516937050163151
link_weth_3000_month_23630443_23637642_w22,chainlink,1761141275,0.004541330327915775
link_weth_3000_month_23630443_23637642_w22,chainlink,1761141527,0.004507399277890697
link_weth_3000_month_23630443_23637642_w22,chainlink,1761141599,0.004538738478146896
link_weth_3000_month_23630443_23637642_w22,chainlink,1761141839,0.004513711554007112
link_weth_3000_month_23630443_23637642_w22,chainlink,1761141923,0.004537021381782997
link_weth_3000_month_23630443_23637642_w22,chainlink,1761142343,0.004511939549080398
link_weth_3000_month_23630443_23637642_w22,chainlink,1761142979,0.004482558577381581
link_weth_3000_month_23630443_23637642_w22,chainlink,1761142979,0.004509217793258156
link_weth_3000_month_23630443_23637642_w22,chainlink,1761143027,0.004534758040134671
link_weth_3000_month_23630443_23637642_w22,chainlink,1761143063,0.004510347334328563
link_weth_3000_month_23630443_23637642_w22,chainlink,1761143159,0.004540626142703186
link_weth_3000_month_23630443_23637642_w22,chainlink,1761143519,0.004509146944764373
link_weth_3000_month_23630443_23637642_w22,chainlink,1761143687,0.004540770450812206
link_weth_3000_month_23630443_23637642_w22,chainlink,1761145007,0.00456941100012516
link_weth_3000_month_23630443_23637642_w22,chainlink,1761145019,0.004542623345139562
link_weth_3000_month_23630443_23637642_w22,chainlink,1761145199,0.004574690163830977
link_weth_3000_month_23630443_23637642_w22,chainlink,1761145223,0.004549508528045572
link_weth_3000_month_23630443_23637642_w22,chainlink,1761145787,0.004524473979659397
link_weth_3000_month_23630443_23637642_w22,chainlink,1761145919,0.004549162159776352
link_weth_3000_month_23630443_23637642_w22,chainlink,1761146219,0.004573613417742117
link_weth_3000_month_23630443_23637642_w22,chainlink,1761146615,0.00454295357779335
link_weth_3000_month_23630443_23637642_w22,chainlink,1761147191,0.00456708713579683
link_weth_3000_month_23630443_23637642_w22,chainlink,1761147611,0.004536157925835507
link_weth_3000_month_23630443_23637642_w22,chainlink,1761147623,0.00455942747984741
link_weth_3000_month_23630443_23637642_w22,chainlink,1761150071,0.004534896458250532
link_weth_3000_month_23630443_23637642_w22,chainlink,1761150143,0.00455884125727883
link_weth_3000_month_23630443_23637642_w22,chainlink,1761150443,0.004533334375724787
link_weth_3000_month_23630443_23637642_w22,chainlink,1761150635,0.004559650652927947
link_weth_3000_month_23630443_23637642_w22,chainlink,1761150671,0.004523614075411809
link_weth_3000_month_23630443_23637642_w22,chainlink,1761150743,0.004546950297779485
link_weth_3000_month_23630443_23637642_w22,chainlink,1761150923,0.004520499980521582
link_weth_3000_month_23630443_23637642_w22,chainlink,1761151295,0.004543981913583214
link_weth_3000_month_23630443_23637642_w22,chainlink,1761151895,0.004514712417099872
link_weth_3000_month_23630443_23637642_w22,chainlink,1761152135,0.004543153738590815
link_weth_3000_month_23630443_23637642_w22,chainlink,1761152471,0.004517751570908801
link_weth_3000_month_23630443_23637642_w22,chainlink,1761154559,0.004520727232609953
link_weth_3000_month_23630443_23637642_w22,chainlink,1761154991,0.004495427092216768
link_weth_3000_month_23630443_23637642_w22,chainlink,1761155003,0.004520738755123219
link_weth_3000_month_23630443_23637642_w22,chainlink,1761157019,0.004545517205671383
link_weth_3000_month_23630443_23637642_w22,chainlink,1761157031,0.004519774338805612
link_weth_3000_month_23630443_23637642_w22,chainlink,1761157331,0.00454976822180154
link_weth_3000_month_23630443_23637642_w22,chainlink,1761157343,0.004523761943455843
link_weth_3000_month_23630443_23637642_w22,chainlink,1761158519,0.004547264634809209
link_weth_3000_month_23630443_23637642_w22,chainlink,1761159959,0.004523532234613601
link_weth_3000_month_23630443_23637642_w22,chainlink,1761160127,0.004551622537115192
link_weth_3000_month_23630443_23637642_w22,chainlink,1761161747,0.004528397944026595
link_weth_3000_month_23630443_23637642_w22,chainlink,1761162779,0.004552100008253244
link_weth_3000_month_23630443_23637642_w22,chainlink,1761163103,0.004520042184770178
link_weth_3000_month_23630443_23637642_w22,chainlink,1761163211,0.0045428333345535
link_weth_3000_month_23630443_23637642_w22,chainlink,1761164507,0.004518206198697356
link_weth_3000_month_23630443_23637642_w22,chainlink,1761165251,0.004545408965296316
link_weth_3000_month_23630443_23637642_w22,chainlink,1761165587,0.004519455171125405
link_weth_3000_month_23630443_23637642_w22,chainlink,1761166943,0.004544873473524182
link_weth_3000_month_23630443_23637642_w22,chainlink,1761166967,0.004501646587630921
link_weth_3000_month_23630443_23637642_w22,chainlink,1761167555,0.004477562678206932
link_weth_3000_month_23630443_23637642_w22,chainlink,1761167555,0.00452005073901018
link_weth_3000_month_23630443_23637642_w22,chainlink,1761167675,0.004545040297855692
link_weth_3000_month_23630443_23637642_w22,chainlink,1761168575,0.004521997970867454
link_weth_3000_month_23630443_23637642_w22,chainlink,1761169355,0.004545475178825996
link_weth_3000_month_23630443_23637642_w22,chainlink,1761170819,0.004520417067614289
link_weth_3000_month_23630443_23637642_w22,chainlink,1761170855,0.004543558495873581
link_weth_3000_month_23630443_23637642_w22,chainlink,1761171527,0.004520469611875609
link_weth_3000_month_23630443_23637642_w22,chainlink,1761171731,0.00454321944016265
link_weth_3000_month_23630443_23637642_w22,chainlink,1761171731,0.004519663246653613
link_weth_3000_month_23630443_23637642_w22,chainlink,1761172967,0.00454483048495166
link_weth_3000_month_23630443_23637642_w22,chainlink,1761174131,0.004517602496652891
link_weth_3000_month_23630443_23637642_w22,chainlink,1761174791,0.0045403734944236
link_weth_3000_month_23630443_23637642_w22,chainlink,1761175151,0.004563172770778434
link_weth_3000_month_23630443_23637642_w22,chainlink,1761175211,0.004539452947533567
link_weth_3000_month_23630443_23637642_w22,chainlink,1761175631,0.004510643487165674
link_weth_3000_month_23630443_23637642_w22,chainlink,1761178763,0.004529726094324731
link_weth_3000_month_23630443_23637642_w22,chainlink,1761179255,0.004532312567662732
link_weth_3000_month_23630443_23637642_w22,chainlink,1761181931,0.004509490444194619
link_weth_3000_month_23630443_23637642_w22,chainlink,1761182375,0.004516563959842087
link_weth_3000_month_23630443_23637642_w22,chainlink,1761185615,0.004522629472896122
link_weth_3000_month_23630443_23637642_w22,chainlink,1761186023,0.004541631840929611
link_weth_3000_month_23630443_23637642_w22,chainlink,1761187583,0.00451846360191983
link_weth_3000_month_23630443_23637642_w22,chainlink,1761189227,0.004509114588694486
link_weth_3000_month_23630443_23637642_w22,chainlink,1761189647,0.004532740916845408
link_weth_3000_month_23630443_23637642_w22,chainlink,1761191087,0.004509969579563653
link_weth_3000_month_23637643_23644842_w23,chainlink,1761191087,0.004509969579563653
link_weth_3000_month_23637643_23644842_w23,chainlink,1761192851,0.004514094563749433
link_weth_3000_month_23637643_23644842_w23,chainlink,1761194483,0.004536769820186129
link_weth_3000_month_23637643_23644842_w23,chainlink,1761194507,0.004513113105161999
link_weth_3000_month_23637643_23644842_w23,chainlink,1761198119,0.00450643175470238
link_weth_3000_month_23637643_23644842_w23,chainlink,1761198131,0.004513320836709332
link_weth_3000_month_23637643_23644842_w23,chainlink,1761199643,0.004535909774201028
link_weth_3000_month_23637643_23644842_w23,chainlink,1761200207,0.004509061477073285
link_weth_3000_month_23637643_23644842_w23,chainlink,1761200207,0.004537766228995524
link_weth_3000_month_23637643_23644842_w23,chainlink,1761200315,0.004563375779105117
link_weth_3000_month_23637643_23644842_w23,chainlink,1761200327,0.004535971620765372
link_weth_3000_month_23637643_23644842_w23,chainlink,1761203939,0.004528452697985784
link_weth_3000_month_23637643_23644842_w23,chainlink,1761203963,0.004532620782449104
link_weth_3000_month_23637643_23644842_w23,chainlink,1761207275,0.004555686841148235
link_weth_3000_month_23637643_23644842_w23,chainlink,1761207563,0.004531995772131936
link_weth_3000_month_23637643_23644842_w23,chainlink,1761210323,0.004554973517153971
link_weth_3000_month_23637643_23644842_w23,chainlink,1761210515,0.004531654711121976
link_weth_3000_month_23637643_23644842_w23,chainlink,1761211679,0.004508644142329269
link_weth_3000_month_23637643_23644842_w23,chainlink,1761212795,0.004482470460995075
link_weth_3000_month_23637643_23644842_w23,chainlink,1761213947,0.004466813196567214
link_weth_3000_month_23637643_23644842_w23,chainlink,1761216431,0.004459895954462775
link_weth_3000_month_23637643_23644842_w23,chainlink,1761217619,0.004479787311145491
link_weth_3000_month_23637643_23644842_w23,chainlink,1761220067,0.004456253945690929
link_weth_3000_month_23637643_23644842_w23,chainlink,1761220979,0.004484980768532023
link_weth_3000_month_23637643_23644842_w23,chainlink,1761221111,0.004459079490067634
link_weth_3000_month_23637643_23644842_w23,chainlink,1761221495,0.004481692644287916
link_weth_3000_month_23637643_23644842_w23,chainlink,1761224603,0.004491420095080647
link_weth_3000_month_23637643_23644842_w23,chainlink,1761225011,0.004468433174671382
link_weth_3000_month_23637643_23644842_w23,chainlink,1761226487,0.004500405795997732
link_weth_3000_month_23637643_23644842_w23,chainlink,1761226583,0.004476524355350646
link_weth_3000_month_23637643_23644842_w23,chainlink,1761226979,0.004510124433723619
link_weth_3000_month_23637643_23644842_w23,chainlink,1761227459,0.004486374391871061
link_weth_3000_month_23637643_23644842_w23,chainlink,1761228479,0.004457060079916363
link_weth_3000_month_23637643_23644842_w23,chainlink,1761228491,0.004490663356740545
link_weth_3000_month_23637643_23644842_w23,chainlink,1761230087,0.004519750112333719
link_weth_3000_month_23637643_23644842_w23,chainlink,1761230219,0.004495109377704264
link_weth_3000_month_23637643_23644842_w23,chainlink,1761232187,0.004518678139519449
link_weth_3000_month_23637643_23644842_w23,chainlink,1761232235,0.004495051708420059
link_weth_3000_month_23637643_23644842_w23,chainlink,1761232295,0.004518873820017963
link_weth_3000_month_23637643_23644842_w23,chainlink,1761232499,0.004495252272211064
link_weth_3000_month_23637643_23644842_w23,chainlink,1761233591,0.004520794846370971
link_weth_3000_month_23637643_23644842_w23,chainlink,1761234251,0.004495497807779948
link_weth_3000_month_23637643_23644842_w23,chainlink,1761235871,0.004497560777577538
link_weth_3000_month_23637643_23644842_w23,chainlink,1761237887,0.004515790463081848
link_weth_3000_month_23637643_23644842_w23,chainlink,1761237971,0.004492058388528068
link_weth_3000_month_23637643_23644842_w23,chainlink,1761238427,0.00451641293550254
link_weth_3000_month_23637643_23644842_w23,chainlink,1761238535,0.004493850114825705
link_weth_3000_month_23637643_23644842_w23,chainlink,1761238547,0.004517576861919718
link_weth_3000_month_23637643_23644842_w23,chainlink,1761238547,0.004494873808734906
link_weth_3000_month_23637643_23644842_w23,chainlink,1761238895,0.004523781183604662
link_weth_3000_month_23637643_23644842_w23,chainlink,1761238943,0.004500387845847043
link_weth_3000_month_23637643_23644842_w23,chainlink,1761239351,0.004524622235292388
link_weth_3000_month_23637643_23644842_w23,chainlink,1761240947,0.004487928603829237
link_weth_3000_month_23637643_23644842_w23,chainlink,1761240947,0.004530182214229229
link_weth_3000_month_23637643_23644842_w23,chainlink,1761242987,0.004506973157671483
link_weth_3000_month_23637643_23644842_w23,chainlink,1761243767,0.004530247094018825
link_weth_3000_month_23637643_23644842_w23,chainlink,1761244487,0.004506107734084569
link_weth_3000_month_23637643_23644842_w23,chainlink,1761244955,0.004528761464123702
link_weth_3000_month_23637643_23644842_w23,chainlink,1761245363,0.00450559166780699
link_weth_3000_month_23637643_23644842_w23,chainlink,1761246323,0.004535299208409918
link_weth_3000_month_23637643_23644842_w23,chainlink,1761246503,0.004512464734390013
link_weth_3000_month_23637643_23644842_w23,chainlink,1761247475,0.004535535275797627
link_weth_3000_month_23637643_23644842_w23,chainlink,1761247739,0.004510404496851747
link_weth_3000_month_23637643_23644842_w23,chainlink,1761249779,0.004540609033433068
link_weth_3000_month_23637643_23644842_w23,chainlink,1761250427,0.004513354767789774
link_weth_3000_month_23637643_23644842_w23,chainlink,1761253163,0.00448094965526213
link_weth_3000_month_23637643_23644842_w23,chainlink,1761253403,0.004491028728155764
link_weth_3000_month_23637643_23644842_w23,chainlink,1761253547,0.00451443069034991
link_weth_3000_month_23637643_23644842_w23,chainlink,1761257015,0.004515518872181431
link_weth_3000_month_23637643_23644842_w23,chainlink,1761257231,0.004513771619348191
link_weth_3000_month_23637643_23644842_w23,chainlink,1761258671,0.004541956337458756
link_weth_3000_month_23637643_23644842_w23,chainlink,1761258755,0.004516528103607308
link_weth_3000_month_23637643_23644842_w23,chainlink,1761262283,0.004503128278138332
link_weth_3000_month_23637643_23644842_w23,chainlink,1761262379,0.004504459557578388
link_weth_3000_month_23637643_23644842_w23,chainlink,1761264047,0.004527125789728185
link_weth_3000_month_23637643_23644842_w23,chainlink,1761264479,0.004501872685207886
link_weth_3000_month_23637643_23644842_w23,chainlink,1761265199,0.004529079496713855
link_weth_3000_month_23637643_23644842_w23,chainlink,1761265643,0.004506174210235492
link_weth_3000_month_23637643_23644842_w23,chainlink,1761265991,0.004507310043313421
link_weth_3000_month_23637643_23644842_w23,chainlink,1761267059,0.004536285309339783
link_weth_3000_month_23637643_23644842_w23,chainlink,1761267071,0.004510798514610196
link_weth_3000_month_23637643_23644842_w23,chainlink,1761268763,0.004487984260366457
link_weth_3000_month_23637643_23644842_w23,chainlink,1761270707,0.004481180870087169
link_weth_3000_month_23637643_23644842_w23,chainlink,1761272375,0.004481689955135419
link_weth_3000_month_23637643_23644842_w23,chainlink,1761274319,0.004473479441226199
link_weth_3000_month_23637643_23644842_w23,chainlink,1761276011,0.004474833074033385
link_weth_3000_month_23637643_23644842_w23,chainlink,1761277835,0.004451484703282904
link_weth_3000_month_23637643_23644842_w23,chainlink,1761277931,0.00446052996173229
link_weth_3000_month_23644843_23652042_w24,chainlink,1761277931,0.00446052996173229
link_weth_3000_month_23644843_23652042_w24,chainlink,1761279275,0.004437962776826722
link_weth_3000_month_23644843_23652042_w24,chainlink,1761279407,0.004460393511949467
link_weth_3000_month_23644843_23652042_w24,chainlink,1761280007,0.004487202641646196
link_weth_3000_month_23644843_23652042_w24,chainlink,1761280067,0.004464389348925249
link_weth_3000_month_23644843_23652042_w24,chainlink,1761280427,0.004494191296894371
link_weth_3000_month_23644843_23652042_w24,chainlink,1761280463,0.004460449151560007
link_weth_3000_month_23644843_23652042_w24,chainlink,1761281507,0.004433756271042501
link_weth_3000_month_23644843_23652042_w24,chainlink,1761281747,0.004456545249863291
link_weth_3000_month_23644843_23652042_w24,chainlink,1761285143,0.004448809470455688
link_weth_3000_month_23644843_23652042_w24,chainlink,1761285371,0.004445032513824185
link_weth_3000_month_23644843_23652042_w24,chainlink,1761288767,0.004443481946198994
link_weth_3000_month_23644843_23652042_w24,chainlink,1761288971,0.00443999613231501
link_weth_3000_month_23644843_23652042_w24,chainlink,1761291527,0.004462343094122071
link_weth_3000_month_23644843_23652042_w24,chainlink,1761291947,0.004437410551344474
link_weth_3000_month_23644843_23652042_w24,chainlink,1761292043,0.004461374093069643
link_weth_3000_month_23644843_23652042_w24,chainlink,1761293603,0.004484693527962258
link_weth_3000_month_23644843_23652042_w24,chainlink,1761295499,0.004508497953300224
link_weth_3000_month_23644843_23652042_w24,chainlink,1761295559,0.004483807308727943
link_weth_3000_month_23644843_23652042_w24,chainlink,1761299111,0.004471676980662809
link_weth_3000_month_23644843_23652042_w24,chainlink,1761299195,0.004472241536406052
link_weth_3000_month_23644843_23652042_w24,chainlink,1761301559,0.004448254681594776
link_weth_3000_month_23644843_23652042_w24,chainlink,1761302807,0.004453142767616631
link_weth_3000_month_23644843_23652042_w24,chainlink,1761305231,0.004452485760637195
link_weth_3000_month_23644843_23652042_w24,chainlink,1761305675,0.004477140386911321
link_weth_3000_month_23644843_23652042_w24,chainlink,1761306647,0.004499576907692494
link_weth_3000_month_23644843_23652042_w24,chainlink,1761307547,0.004476558765388363
link_weth_3000_month_23644843_23652042_w24,chainlink,1761308939,0.004503759440956079
link_weth_3000_month_23644843_23652042_w24,chainlink,1761309059,0.004475964743389561
link_weth_3000_month_23644843_23652042_w24,chainlink,1761309059,0.004516874451649787
link_weth_3000_month_23644843_23652042_w24,chainlink,1761309119,0.004491158165839815
link_weth_3000_month_23644843_23652042_w24,chainlink,1761309359,0.004514780366846945
link_weth_3000_month_23644843_23652042_w24,chainlink,1761309659,0.004491760659222396
link_weth_3000_month_23644843_23652042_w24,chainlink,1761310595,0.004517939830063246
link_weth_3000_month_23644843_23652042_w24,chainlink,1761313295,0.004494387641698155
link_weth_3000_month_23644843_23652042_w24,chainlink,1761313523,0.004519547481890131
link_weth_3000_month_23644843_23652042_w24,chainlink,1761313595,0.004495510632245217
link_weth_3000_month_23644843_23652042_w24,chainlink,1761314219,0.004518158053684456
link_weth_3000_month_23644843_23652042_w24,chainlink,1761314675,0.004495397604315888
link_weth_3000_month_23644843_23652042_w24,chainlink,1761315587,0.004470658851229845
link_weth_3000_month_23644843_23652042_w24,chainlink,1761315707,0.00449699369039703
link_weth_3000_month_23644843_23652042_w24,chainlink,1761316031,0.004471357274220863
link_weth_3000_month_23644843_23652042_w24,chainlink,1761316511,0.004494842055698857
link_weth_3000_month_23644843_23652042_w24,chainlink,1761316667,0.004471244932040013
link_weth_3000_month_23644843_23652042_w24,chainlink,1761317147,0.00449500046044773
link_weth_3000_month_23644843_23652042_w24,chainlink,1761317663,0.004519496637095114
link_weth_3000_month_23644843_23652042_w24,chainlink,1761318467,0.004496151827355878
link_weth_3000_month_23644843_23652042_w24,chainlink,1761318707,0.00451870286593771
link_weth_3000_month_23644843_23652042_w24,chainlink,1761318767,0.004489799304213769
link_weth_3000_month_23644843_23652042_w24,chainlink,1761319247,0.004516984736604328
link_weth_3000_month_23644843_23652042_w24,chainlink,1761320099,0.004492447682031307
link_weth_3000_month_23644843_23652042_w24,chainlink,1761320747,0.004524353516289774
link_weth_3000_month_23644843_23652042_w24,chainlink,1761320783,0.004500672207694273
link_weth_3000_month_23644843_23652042_w24,chainlink,1761322739,0.004524757293320457
link_weth_3000_month_23644843_23652042_w24,chainlink,1761323783,0.004547754230559194
link_weth_3000_month_23644843_23652042_w24,chainlink,1761324191,0.004523044101721379
link_weth_3000_month_23644843_23652042_w24,chainlink,1761324995,0.004546615007892325
link_weth_3000_month_23644843_23652042_w24,chainlink,1761325307,0.004519872337529247
link_weth_3000_month_23644843_23652042_w24,chainlink,1761325463,0.004543308447220602
link_weth_3000_month_23644843_23652042_w24,chainlink,1761328919,0.004550770870809036
link_weth_3000_month_23644843_23652042_w24,chainlink,1761329075,0.004545584846377308
link_weth_3000_month_23644843_23652042_w24,chainlink,1761329747,0.004522056137672584
link_weth_3000_month_23644843_23652042_w24,chainlink,1761332759,0.004527297410649707
link_weth_3000_month_23644843_23652042_w24,chainlink,1761332939,0.004503462243078206
link_weth_3000_month_23644843_23652042_w24,chainlink,1761334115,0.004531226433499212
link_weth_3000_month_23644843_23652042_w24,chainlink,1761336575,0.004527849299909435
link_weth_3000_month_23644843_23652042_w24,chainlink,1761337355,0.004551351846387105
link_weth_3000_month_23644843_23652042_w24,chainlink,1761340187,0.00454640696782652
link_weth_3000_month_23644843_23652042_w24,chainlink,1761340967,0.004550106911119324
link_weth_3000_month_23644843_23652042_w24,chainlink,1761343883,0.004546116054993462
link_weth_3000_month_23644843_23652042_w24,chainlink,1761344579,0.004561575666789382
link_weth_3000_month_23644843_23652042_w24,chainlink,1761347519,0.004572314090092132
link_weth_3000_month_23644843_23652042_w24,chainlink,1761348191,0.004558356749783524
link_weth_3000_month_23644843_23652042_w24,chainlink,1761351143,0.004559006228301483
link_weth_3000_month_23644843_23652042_w24,chainlink,1761351803,0.00454244484377068
link_weth_3000_month_23644843_23652042_w24,chainlink,1761354755,0.004552119505469979
link_weth_3000_month_23644843_23652042_w24,chainlink,1761355439,0.004560512078847286
link_weth_3000_month_23644843_23652042_w24,chainlink,1761355919,0.004583969733375164
link_weth_3000_month_23644843_23652042_w24,chainlink,1761356387,0.00456100410918023
link_weth_3000_month_23644843_23652042_w24,chainlink,1761358379,0.004551121400178004
link_weth_3000_month_23644843_23652042_w24,chainlink,1761360023,0.004546902773026431
link_weth_3000_month_23644843_23652042_w24,chainlink,1761361991,0.004546271709294811
link_weth_3000_month_23644843_23652042_w24,chainlink,1761363647,0.004533617281513603
link_weth_3000_month_23644843_23652042_w24,chainlink,1761365615,0.004539952896803516
link_weth_3000_month_23644843_23652042_w24,chainlink,1761365915,0.004569488644288222
link_weth_3000_month_23652043_23659242_w25,chainlink,1761365915,0.004569488644288222
link_weth_3000_month_23652043_23659242_w25,chainlink,1761369227,0.004570347366908496
link_weth_3000_month_23652043_23659242_w25,chainlink,1761369527,0.004554328572076919
link_weth_3000_month_23652043_23659242_w25,chainlink,1761372659,0.004579916142131139
link_weth_3000_month_23652043_23659242_w25,chainlink,1761372839,0.004567025015086156
link_weth_3000_month_23652043_23659242_w25,chainlink,1761374339,0.004541401948321597
link_weth_3000_month_23652043_23659242_w25,chainlink,1761376475,0.004543289352513789
link_weth_3000_month_23652043_23659242_w25,chainlink,1761377315,0.004568921626478146
link_weth_3000_month_23652043_23659242_w25,chainlink,1761378131,0.004545627294018002
link_weth_3000_month_23652043_23659242_w25,chainlink,1761380111,0.004543198270845034
link_weth_3000_month_23652043_23659242_w25,chainlink,1761381815,0.004551079786625733
link_weth_3000_month_23652043_23659242_w25,chainlink,1761382727,0.00457544721934905
link_weth_3000_month_23652043_23659242_w25,chainlink,1761382775,0.004551733466148552
link_weth_3000_month_23652043_23659242_w25,chainlink,1761386183,0.004528021398756627
link_weth_3000_month_23652043_23659242_w25,chainlink,1761386387,0.004542544983252988
link_weth_3000_month_23652043_23659242_w25,chainlink,1761389819,0.004553576248118536
link_weth_3000_month_23652043_23659242_w25,chainlink,1761389999,0.004552944942980162
link_weth_3000_month_23652043_23659242_w25,chainlink,1761393443,0.004566524998102167
link_weth_3000_month_23652043_23659242_w25,chainlink,1761393635,0.004569245176133264
link_weth_3000_month_23652043_23659242_w25,chainlink,1761397127,0.004578445290091139
link_weth_3000_month_23652043_23659242_w25,chainlink,1761397271,0.004560972897002542
link_weth_3000_month_23652043_23659242_w25,chainlink,1761399419,0.004537741351155959
link_weth_3000_month_23652043_23659242_w25,chainlink,1761400907,0.004551884431024903
link_weth_3000_month_23652043_23659242_w25,chainlink,1761402119,0.00457500581581644
link_weth_3000_month_23652043_23659242_w25,chainlink,1761404543,0.004584117461513585
link_weth_3000_month_23652043_23659242_w25,chainlink,1761405743,0.004574701546875895
link_weth_3000_month_23652043_23659242_w25,chainlink,1761408179,0.004578861542958239
link_weth_3000_month_23652043_23659242_w25,chainlink,1761409379,0.004579542821259203
link_weth_3000_month_23652043_23659242_w25,chainlink,1761411863,0.004577696179363989
link_weth_3000_month_23652043_23659242_w25,chainlink,1761413015,0.004579536846386537
link_weth_3000_month_23652043_23659242_w25,chainlink,1761415499,0.004581048705649349
link_weth_3000_month_23652043_23659242_w25,chainlink,1761416627,0.004588768785686445
link_weth_3000_month_23652043_23659242_w25,chainlink,1761417083,0.004564122015535829
link_weth_3000_month_23652043_23659242_w25,chainlink,1761420275,0.004582028666318834
link_weth_3000_month_23652043_23659242_w25,chainlink,1761420695,0.004574691049396744
link_weth_3000_month_23652043_23659242_w25,chainlink,1761422459,0.00460257829442096
link_weth_3000_month_23652043_23659242_w25,chainlink,1761424307,0.004611661457147339
link_weth_3000_month_23652043_23659242_w25,chainlink,1761424391,0.004586170864137557
link_weth_3000_month_23652043_23659242_w25,chainlink,1761427931,0.004591793876692826
link_weth_3000_month_23652043_23659242_w25,chainlink,1761428015,0.00457270047675261
link_weth_3000_month_23652043_23659242_w25,chainlink,1761431603,0.004564495346755573
link_weth_3000_month_23652043_23659242_w25,chainlink,1761431639,0.004556459704724093
link_weth_3000_month_23652043_23659242_w25,chainlink,1761435227,0.004555253990069524
link_weth_3000_month_23652043_23659242_w25,chainlink,1761435251,0.004556009864624598
link_weth_3000_month_23652043_23659242_w25,chainlink,1761438839,0.004553272611699695
link_weth_3000_month_23652043_23659242_w25,chainlink,1761438863,0.004547838170216542
link_weth_3000_month_23652043_23659242_w25,chainlink,1761441659,0.004521532321389513
link_weth_3000_month_23652043_23659242_w25,chainlink,1761442463,0.00453099346678627
link_weth_3000_month_23652043_23659242_w25,chainlink,1761443867,0.004558643307082799
link_weth_3000_month_23652043_23659242_w25,chainlink,1761444275,0.004531288436418974
link_weth_3000_month_23652043_23659242_w25,chainlink,1761447479,0.004525096076778506
link_weth_3000_month_23652043_23659242_w25,chainlink,1761447887,0.004517250935156564
link_weth_3000_month_23652043_23659242_w25,chainlink,1761451115,0.0045180110340792
link_weth_3000_month_23652043_23659242_w25,chainlink,1761451583,0.004514584472910915
link_weth_3000_month_23659243_23666442_w26,chainlink,1761451583,0.004514584472910915
link_weth_3000_month_23659243_23666442_w26,chainlink,1761454739,0.00450312041748391
link_weth_3000_month_23659243_23666442_w26,chainlink,1761455207,0.004509424095810535
link_weth_3000_month_23659243_23666442_w26,chainlink,1761458351,0.004504617211443996
link_weth_3000_month_23659243_23666442_w26,chainlink,1761458831,0.004504855502156625
link_weth_3000_month_23659243_23666442_w26,chainlink,1761461975,0.004504366577380792
link_weth_3000_month_23659243_23666442_w26,chainlink,1761462443,0.004513481475269471
link_weth_3000_month_23659243_23666442_w26,chainlink,1761465647,0.00450552513559433
link_weth_3000_month_23659243_23666442_w26,chainlink,1761466019,0.004529172985158178
link_weth_3000_month_23659243_23666442_w26,chainlink,1761469283,0.004519386456971787
link_weth_3000_month_23659243_23666442_w26,chainlink,1761469643,0.004528814048608844
link_weth_3000_month_23659243_23666442_w26,chainlink,1761470579,0.004554150385533823
link_weth_3000_month_23659243_23666442_w26,chainlink,1761470723,0.004578956515109101
link_weth_3000_month_23659243_23666442_w26,chainlink,1761470747,0.00455180921920029
link_weth_3000_month_23659243_23666442_w26,chainlink,1761471023,0.004526835257387185
link_weth_3000_month_23659243_23666442_w26,chainlink,1761471959,0.004503282456987147
link_weth_3000_month_23659243_23666442_w26,chainlink,1761471959,0.004526532086889762
link_weth_3000_month_23659243_23666442_w26,chainlink,1761475571,0.004525754063235434
link_weth_3000_month_23659243_23666442_w26,chainlink,1761475595,0.004529117601273482
link_weth_3000_month_23659243_23666442_w26,chainlink,1761478235,0.004505781621964424
link_weth_3000_month_23659243_23666442_w26,chainlink,1761478295,0.004529197635667374
link_weth_3000_month_23659243_23666442_w26,chainlink,1761478967,0.004555603305212969
link_weth_3000_month_23659243_23666442_w26,chainlink,1761479015,0.004511416757090738
link_weth_3000_month_23659243_23666442_w26,chainlink,1761479147,0.004534796286228563
link_weth_3000_month_23659243_23666442_w26,chainlink,1761482315,0.00451051574901953
link_weth_3000_month_23659243_23666442_w26,chainlink,1761482759,0.004507104404607836
link_weth_3000_month_23659243_23666442_w26,chainlink,1761485411,0.00453245723578996
link_weth_3000_month_23659243_23666442_w26,chainlink,1761485927,0.004515224950056351
link_weth_3000_month_23659243_23666442_w26,chainlink,1761488831,0.004491630740105908
link_weth_3000_month_23659243_23666442_w26,chainlink,1761489563,0.004494514429952057
link_weth_3000_month_23659243_23666442_w26,chainlink,1761492503,0.004482325717520043
link_weth_3000_month_23659243_23666442_w26,chainlink,1761493199,0.004491610706648488
link_weth_3000_month_23659243_23666442_w26,chainlink,1761496115,0.00448365513300472
link_weth_3000_month_23659243_23666442_w26,chainlink,1761496823,0.004493646754538448
link_weth_3000_month_23659243_23666442_w26,chainlink,1761498167,0.004470428853002937
link_weth_3000_month_23659243_23666442_w26,chainlink,1761500435,0.004465481828345615
link_weth_3000_month_23659243_23666442_w26,chainlink,1761501803,0.004460089721097738
link_weth_3000_month_23659243_23666442_w26,chainlink,1761504071,0.004447807824744268
link_weth_3000_month_23659243_23666442_w26,chainlink,1761505427,0.004453250503458712
link_weth_3000_month_23659243_23666442_w26,chainlink,1761507695,0.004460526427606505
link_weth_3000_month_23659243_23666442_w26,chainlink,1761509051,0.004462427117012133
link_weth_3000_month_23659243_23666442_w26,chainlink,1761511295,0.004460865747857677
link_weth_3000_month_23659243_23666442_w26,chainlink,1761512675,0.004446851953352826
link_weth_3000_month_23659243_23666442_w26,chainlink,1761514775,0.004470870673387864
link_weth_3000_month_23659243_23666442_w26,chainlink,1761514907,0.004451775845022397
link_weth_3000_month_23659243_23666442_w26,chainlink,1761516071,0.004478498766076103
link_weth_3000_month_23659243_23666442_w26,chainlink,1761516263,0.004389017003623937
link_weth_3000_month_23659243_23666442_w26,chainlink,1761516275,0.004414717698592446
link_weth_3000_month_23659243_23666442_w26,chainlink,1761516299,0.004450804159475467
link_weth_3000_month_23659243_23666442_w26,chainlink,1761516335,0.004476153994913443
link_weth_3000_month_23659243_23666442_w26,chainlink,1761516431,0.004451932703439941
link_weth_3000_month_23659243_23666442_w26,chainlink,1761516443,0.004475898423682409
link_weth_3000_month_23659243_23666442_w26,chainlink,1761518087,0.004451118402306525
link_weth_3000_month_23659243_23666442_w26,chainlink,1761518831,0.004475561584097313
link_weth_3000_month_23659243_23666442_w26,chainlink,1761519707,0.00445040887406282
link_weth_3000_month_23659243_23666442_w26,chainlink,1761521027,0.00447336108466035
link_weth_3000_month_23659243_23666442_w26,chainlink,1761521519,0.004448652306199635
link_weth_3000_month_23659243_23666442_w26,chainlink,1761523343,0.004462821912246831
link_weth_3000_month_23659243_23666442_w26,chainlink,1761525143,0.004473532445707495
link_weth_3000_month_23659243_23666442_w26,chainlink,1761525299,0.004445459520298994
link_weth_3000_month_23659243_23666442_w26,chainlink,1761525575,0.004467865868200511
link_weth_3000_month_23659243_23666442_w26,chainlink,1761528155,0.004491078658156279
link_weth_3000_month_23659243_23666442_w26,chainlink,1761528911,0.004485877045470572
link_weth_3000_month_23659243_23666442_w26,chainlink,1761529871,0.004508474990933764
link_weth_3000_month_23659243_23666442_w26,chainlink,1761531911,0.004484275267336262
link_weth_3000_month_23659243_23666442_w26,chainlink,1761531935,0.004507315649179161
link_weth_3000_month_23659243_23666442_w26,chainlink,1761532139,0.004477496779029706
link_weth_3000_month_23659243_23666442_w26,chainlink,1761532331,0.004505437902965707
link_weth_3000_month_23659243_23666442_w26,chainlink,1761533003,0.004532898776341709
link_weth_3000_month_23659243_23666442_w26,chainlink,1761533003,0.004509746121241276
link_weth_3000_month_23659243_23666442_w26,chainlink,1761536603,0.00451358902683487
link_weth_3000_month_23659243_23666442_w26,chainlink,1761536639,0.004499429366422549
link_weth_3000_month_23659243_23666442_w26,chainlink,1761536939,0.004526753660604451
link_weth_3000_month_23659243_23666442_w26,chainlink,1761537215,0.0045029216898354
link_weth_3000_month_23666443_23673642_w27,chainlink,1761537215,0.0045029216898354
link_weth_3000_month_23666443_23673642_w27,chainlink,1761540215,0.004498585353102074
link_weth_3000_month_23666443_23673642_w27,chainlink,1761540851,0.004504403408753347
link_weth_3000_month_23666443_23673642_w27,chainlink,1761541979,0.004480114516647193
link_weth_3000_month_23666443_23673642_w27,chainlink,1761544463,0.004466341584624151
link_weth_3000_month_23666443_23673642_w27,chainlink,1761545603,0.004471451781324252
link_weth_3000_month_23666443_23673642_w27,chainlink,1761547715,0.004496010902495153
link_weth_3000_month_23666443_23673642_w27,chainlink,1761549215,0.004493149129984439
link_weth_3000_month_23666443_23673642_w27,chainlink,1761549335,0.004469761106355204
link_weth_3000_month_23666443_23673642_w27,chainlink,1761550775,0.004493421815634794
link_weth_3000_month_23666443_23673642_w27,chainlink,1761550811,0.00446255604376046
link_weth_3000_month_23666443_23673642_w27,chainlink,1761552215,0.0044874009808208
link_weth_3000_month_23666443_23673642_w27,chainlink,1761553559,0.004510969616940516
link_weth_3000_month_23666443_23673642_w27,chainlink,1761553607,0.004480210933725003
link_weth_3000_month_23666443_23673642_w27,chainlink,1761553715,0.004454963236825535
link_weth_3000_month_23666443_23673642_w27,chainlink,1761553799,0.004481774498270718
link_weth_3000_month_23666443_23673642_w27,chainlink,1761554675,0.004506097873122724
link_weth_3000_month_23666443_23673642_w27,chainlink,1761555311,0.004481701410520564
link_weth_3000_month_23666443_23673642_w27,chainlink,1761555971,0.004458386418221464
link_weth_3000_month_23666443_23673642_w27,chainlink,1761556871,0.004482647223708411
link_weth_3000_month_23666443_23673642_w27,chainlink,1761557315,0.004459314440312234
link_weth_3000_month_23666443_23673642_w27,chainlink,1761557435,0.004459468556755561
link_weth_3000_month_23666443_23673642_w27,chainlink,1761560939,0.004463435627662746
link_weth_3000_month_23666443_23673642_w27,chainlink,1761561047,0.004451630230176942
link_weth_3000_month_23666443_23673642_w27,chainlink,1761564035,0.004428969826893702
link_weth_3000_month_23666443_23673642_w27,chainlink,1761564095,0.004458132894358905
link_weth_3000_month_23666443_23673642_w27,chainlink,1761565451,0.004435777293719544
link_weth_3000_month_23666443_23673642_w27,chainlink,1761567647,0.004429247430875603
link_weth_3000_month_23666443_23673642_w27,chainlink,1761568547,0.004405891634465052
link_weth_3000_month_23666443_23673642_w27,chainlink,1761568583,0.004428321565197234
link_weth_3000_month_23666443_23673642_w27,chainlink,1761570647,0.004405771244530834
link_weth_3000_month_23666443_23673642_w27,chainlink,1761571103,0.004429220286400849
link_weth_3000_month_23666443_23673642_w27,chainlink,1761572123,0.004405531089896986
link_weth_3000_month_23666443_23673642_w27,chainlink,1761572207,0.004429726362152398
link_weth_3000_month_23666443_23673642_w27,chainlink,1761572423,0.00440715824245878
link_weth_3000_month_23666443_23673642_w27,chainlink,1761573047,0.004380748873596986
link_weth_3000_month_23666443_23673642_w27,chainlink,1761573047,0.004405269987662805
link_weth_3000_month_23666443_23673642_w27,chainlink,1761574043,0.004381455631822973
link_weth_3000_month_23666443_23673642_w27,chainlink,1761574247,0.004404832696927752
link_weth_3000_month_23666443_23673642_w27,chainlink,1761576059,0.004426976043857203
link_weth_3000_month_23666443_23673642_w27,chainlink,1761577595,0.004404666259325914
link_weth_3000_month_23666443_23673642_w27,chainlink,1761578111,0.004428089880672858
link_weth_3000_month_23666443_23673642_w27,chainlink,1761579395,0.004405348444710871
link_weth_3000_month_23666443_23673642_w27,chainlink,1761580991,0.004427403817815857
link_weth_3000_month_23666443_23673642_w27,chainlink,1761581231,0.00440553319074699
link_weth_3000_month_23666443_23673642_w27,chainlink,1761581351,0.004431541295242112
link_weth_3000_month_23666443_23673642_w27,chainlink,1761582971,0.00440891212965443
link_weth_3000_month_23666443_23673642_w27,chainlink,1761583091,0.004433046791453616
link_weth_3000_month_23666443_23673642_w27,chainlink,1761584111,0.004455311229661905
link_weth_3000_month_23666443_23673642_w27,chainlink,1761586607,0.004453718712206712
link_weth_3000_month_23666443_23673642_w27,chainlink,1761587723,0.004454469854469854
link_weth_3000_month_23666443_23673642_w27,chainlink,1761588611,0.004432102471377821
link_weth_3000_month_23666443_23673642_w27,chainlink,1761588899,0.004456156900654011
link_weth_3000_month_23666443_23673642_w27,chainlink,1761589499,0.00443303330095848
link_weth_3000_month_23666443_23673642_w27,chainlink,1761589775,0.004455983141142653
link_weth_3000_month_23666443_23673642_w27,chainlink,1761591815,0.004432073836149545
link_weth_3000_month_23666443_23673642_w27,chainlink,1761593387,0.004424970144437906
link_weth_3000_month_23666443_23673642_w27,chainlink,1761593795,0.004402614988042591
link_weth_3000_month_23666443_23673642_w27,chainlink,1761595055,0.004380326266441437
link_weth_3000_month_23666443_23673642_w27,chainlink,1761595187,0.004408161762334023
link_weth_3000_month_23666443_23673642_w27,chainlink,1761595403,0.004436938560696725
link_weth_3000_month_23666443_23673642_w27,chainlink,1761595991,0.004414147669651396
link_weth_3000_month_23666443_23673642_w27,chainlink,1761596411,0.004437101975881841
link_weth_3000_month_23666443_23673642_w27,chainlink,1761596783,0.004413237110627273
link_weth_3000_month_23666443_23673642_w27,chainlink,1761597935,0.004437919213096377
link_weth_3000_month_23666443_23673642_w27,chainlink,1761600287,0.004475194525742219
link_weth_3000_month_23666443_23673642_w27,chainlink,1761600359,0.004442223722271095
link_weth_3000_month_23666443_23673642_w27,chainlink,1761600839,0.004464819657030341
link_weth_3000_month_23666443_23673642_w27,chainlink,1761600971,0.004440738786023877
link_weth_3000_month_23666443_23673642_w27,chainlink,1761601679,0.004463468799251543
link_weth_3000_month_23666443_23673642_w27,chainlink,1761602399,0.004439101510062539
link_weth_3000_month_23666443_23673642_w27,chainlink,1761604595,0.004434713684797617
link_weth_3000_month_23666443_23673642_w27,chainlink,1761604979,0.00441000006610322
link_weth_3000_month_23666443_23673642_w27,chainlink,1761606995,0.004432999109481245
link_weth_3000_month_23666443_23673642_w27,chainlink,1761606995,0.004407412795997713
link_weth_3000_month_23666443_23673642_w27,chainlink,1761608015,0.004430813694429135
link_weth_3000_month_23666443_23673642_w27,chainlink,1761610595,0.00441292201674345
link_weth_3000_month_23666443_23673642_w27,chainlink,1761611051,0.004436288214047756
link_weth_3000_month_23666443_23673642_w27,chainlink,1761611687,0.004410487022789918
link_weth_3000_month_23666443_23673642_w27,chainlink,1761613427,0.004432601062437827
link_weth_3000_month_23666443_23673642_w27,chainlink,1761614207,0.004427626720132113
link_weth_3000_month_23666443_23673642_w27,chainlink,1761616139,0.004451335062243175
link_weth_3000_month_23666443_23673642_w27,chainlink,1761617603,0.004428563818324022
link_weth_3000_month_23666443_23673642_w27,chainlink,1761617819,0.004433836899531589
link_weth_3000_month_23666443_23673642_w27,chainlink,1761618203,0.004411445862577386
link_weth_3000_month_23666443_23673642_w27,chainlink,1761619835,0.004386411590735424
link_weth_3000_month_23666443_23673642_w27,chainlink,1761619847,0.004416780490040266
link_weth_3000_month_23666443_23673642_w27,chainlink,1761620255,0.004441182159066718
link_weth_3000_month_23666443_23673642_w27,chainlink,1761623471,0.004454112782623453
link_weth_3000_month_23666443_23673642_w27,chainlink,1761623879,0.004461654617029742
link_weth_3000_month_23673643_23680842_w28,chainlink,1761623879,0.004461654617029742
link_weth_3000_month_23673643_23680842_w28,chainlink,1761626999,0.004438535485693688
link_weth_3000_month_23673643_23680842_w28,chainlink,1761627491,0.00444115658519002
link_weth_3000_month_23673643_23680842_w28,chainlink,1761629867,0.00441761230235662
link_weth_3000_month_23673643_23680842_w28,chainlink,1761630299,0.004440134059442805
link_weth_3000_month_23673643_23680842_w28,chainlink,1761630383,0.00441316109690544
link_weth_3000_month_23673643_23680842_w28,chainlink,1761633275,0.004438130166561128
link_weth_3000_month_23673643_23680842_w28,chainlink,1761633743,0.004460490012245054
link_weth_3000_month_23673643_23680842_w28,chainlink,1761633923,0.004445758458396668
link_weth_3000_month_23673643_23680842_w28,chainlink,1761634223,0.004468057402667746
link_weth_3000_month_23673643_23680842_w28,chainlink,1761634703,0.00449261947157437
link_weth_3000_month_23673643_23680842_w28,chainlink,1761635099,0.004467169643420331
link_weth_3000_month_23673643_23680842_w28,chainlink,1761638015,0.004444110751248198
link_weth_3000_month_23673643_23680842_w28,chainlink,1761638711,0.004449873864403103
link_weth_3000_month_23673643_23680842_w28,chainlink,1761639935,0.004472988107471949
link_weth_3000_month_23673643_23680842_w28,chainlink,1761640775,0.004497540279341095
link_weth_3000_month_23673643_23680842_w28,chainlink,1761642335,0.004486765990045796
link_weth_3000_month_23673643_23680842_w28,chainlink,1761642971,0.004462813136176005
link_weth_3000_month_23673643_23680842_w28,chainlink,1761643811,0.004485349838823067
link_weth_3000_month_23673643_23680842_w28,chainlink,1761643835,0.004462828271915449
link_weth_3000_month_23673643_23680842_w28,chainlink,1761644783,0.004487165987837833
link_weth_3000_month_23673643_23680842_w28,chainlink,1761647279,0.004511076771154332
link_weth_3000_month_23673643_23680842_w28,chainlink,1761647435,0.004496450893021246
link_weth_3000_month_23673643_23680842_w28,chainlink,1761648095,0.004473866513070386
link_weth_3000_month_23673643_23680842_w28,chainlink,1761650375,0.004497517565595469
link_weth_3000_month_23673643_23680842_w28,chainlink,1761651047,0.004496282388889967
link_weth_3000_month_23673643_23680842_w28,chainlink,1761652031,0.004472911201774653
link_weth_3000_month_23673643_23680842_w28,chainlink,1761654251,0.004449862143952779
link_weth_3000_month_23673643_23680842_w28,chainlink,1761654683,0.004465185942865492
link_weth_3000_month_23673643_23680842_w28,chainlink,1761655487,0.004488395314288497
link_weth_3000_month_23673643_23680842_w28,chainlink,1761655607,0.004512798032196001
link_weth_3000_month_23673643_23680842_w28,chainlink,1761656579,0.004488932709614746
link_weth_3000_month_23673643_23680842_w28,chainlink,1761656963,0.004514466088329986
link_weth_3000_month_23673643_23680842_w28,chainlink,1761657659,0.004537899140731553
link_weth_3000_month_23673643_23680842_w28,chainlink,1761657899,0.004510519319362388
link_weth_3000_month_23673643_23680842_w28,chainlink,1761661235,0.004487274238181198
link_weth_3000_month_23673643_23680842_w28,chainlink,1761661271,0.004492339147950495
link_weth_3000_month_23673643_23680842_w28,chainlink,1761661451,0.004465204533584676
link_weth_3000_month_23673643_23680842_w28,chainlink,1761661631,0.004487813803879647
link_weth_3000_month_23673643_23680842_w28,chainlink,1761661991,0.004463154367312151
link_weth_3000_month_23673643_23680842_w28,chainlink,1761662435,0.004489396776990691
link_weth_3000_month_23673643_23680842_w28,chainlink,1761662471,0.004462023917783075
link_weth_3000_month_23673643_23680842_w28,chainlink,1761662627,0.004485187908374269
link_weth_3000_month_23673643_23680842_w28,chainlink,1761662735,0.00451060292994379
link_weth_3000_month_23673643_23680842_w28,chainlink,1761662735,0.004461999843318513
link_weth_3000_month_23673643_23680842_w28,chainlink,1761662951,0.00448511770696645
link_weth_3000_month_23673643_23680842_w28,chainlink,1761663071,0.004459715435838234
link_weth_3000_month_23673643_23680842_w28,chainlink,1761663311,0.004482502756125062
link_weth_3000_month_23673643_23680842_w28,chainlink,1761664031,0.004505571236062902
link_weth_3000_month_23673643_23680842_w28,chainlink,1761664067,0.004481518430164151
link_weth_3000_month_23673643_23680842_w28,chainlink,1761665351,0.004456029935056917
link_weth_3000_month_23673643_23680842_w28,chainlink,1761665447,0.004483450700361336
link_weth_3000_month_23673643_23680842_w28,chainlink,1761665771,0.004459280537945871
link_weth_3000_month_23673643_23680842_w28,chainlink,1761667451,0.004483346762875543
link_weth_3000_month_23673643_23680842_w28,chainlink,1761668627,0.00446074915678723
link_weth_3000_month_23673643_23680842_w28,chainlink,1761668891,0.004484034742108335
link_weth_3000_month_23673643_23680842_w28,chainlink,1761669083,0.004458245463369559
link_weth_3000_month_23673643_23680842_w28,chainlink,1761669107,0.00448458590236935
link_weth_3000_month_23673643_23680842_w28,chainlink,1761670271,0.004508838859479592
link_weth_3000_month_23673643_23680842_w28,chainlink,1761671123,0.004481877662867565
link_weth_3000_month_23673643_23680842_w28,chainlink,1761671939,0.004509236965856537
link_weth_3000_month_23673643_23680842_w28,chainlink,1761672707,0.004507877420213389
link_weth_3000_month_23673643_23680842_w28,chainlink,1761672743,0.004483240537648698
link_weth_3000_month_23673643_23680842_w28,chainlink,1761673043,0.004509380145023344
link_weth_3000_month_23673643_23680842_w28,chainlink,1761675779,0.00448643033432948
link_weth_3000_month_23673643_23680842_w28,chainlink,1761676199,0.004462318912684132
link_weth_3000_month_23673643_23680842_w28,chainlink,1761676319,0.004461060221306098
link_weth_3000_month_23673643_23680842_w28,chainlink,1761677039,0.0044836885929013
link_weth_3000_month_23673643_23680842_w28,chainlink,1761677159,0.004461121407768324
link_weth_3000_month_23673643_23680842_w28,chainlink,1761679079,0.00448470320682309
link_weth_3000_month_23673643_23680842_w28,chainlink,1761679091,0.004456730757471621
link_weth_3000_month_23673643_23680842_w28,chainlink,1761679259,0.004484605802346945
link_weth_3000_month_23673643_23680842_w28,chainlink,1761679271,0.004460980203513727
link_weth_3000_month_23673643_23680842_w28,chainlink,1761680171,0.00448425651610215
link_weth_3000_month_23673643_23680842_w28,chainlink,1761680567,0.004461418828889139
link_weth_3000_month_23673643_23680842_w28,chainlink,1761681023,0.004491761143882488
link_weth_3000_month_23673643_23680842_w28,chainlink,1761681023,0.004451227007626279
link_weth_3000_month_23673643_23680842_w28,chainlink,1761682031,0.004418909719140311
link_weth_3000_month_23673643_23680842_w28,chainlink,1761682391,0.004446125506644416
link_weth_3000_month_23673643_23680842_w28,chainlink,1761682439,0.004423033662630928
link_weth_3000_month_23673643_23680842_w28,chainlink,1761682763,0.004445404747899404
link_weth_3000_month_23673643_23680842_w28,chainlink,1761682799,0.004415765825776639
link_weth_3000_month_23673643_23680842_w28,chainlink,1761683423,0.004440646256830984
link_weth_3000_month_23673643_23680842_w28,chainlink,1761684011,0.004416219628508826
link_weth_3000_month_23673643_23680842_w28,chainlink,1761684011,0.004449199494876158
link_weth_3000_month_23673643_23680842_w28,chainlink,1761684479,0.004423014485914114
link_weth_3000_month_23673643_23680842_w28,chainlink,1761684719,0.004445539607236429
link_weth_3000_month_23673643_23680842_w28,chainlink,1761685679,0.004481532644365924
link_weth_3000_month_23673643_23680842_w28,chainlink,1761685703,0.004438028961282361
link_weth_3000_month_23673643_23680842_w28,chainlink,1761685739,0.00446592519309352
link_weth_3000_month_23673643_23680842_w28,chainlink,1761685991,0.004438115867911779
link_weth_3000_month_23673643_23680842_w28,chainlink,1761686915,0.00446057825646845
link_weth_3000_month_23673643_23680842_w28,chainlink,1761687299,0.004483487112549889
link_weth_3000_month_23673643_23680842_w28,chainlink,1761687851,0.004460198105798592
link_weth_3000_month_23673643_23680842_w28,chainlink,1761690611,0.004483330753994178
link_weth_3000_month_23673643_23680842_w28,chainlink,1761691475,0.004469818221752808
link_weth_3000_month_23673643_23680842_w28,chainlink,1761694247,0.004458706857864976
link_weth_3000_month_23673643_23680842_w28,chainlink,1761695111,0.004473483292119312
link_weth_3000_month_23673643_23680842_w28,chainlink,1761696947,0.00449844344263672
link_weth_3000_month_23673643_23680842_w28,chainlink,1761698723,0.004475516669738079
link_weth_3000_month_23673643_23680842_w28,chainlink,1761698735,0.004475671099432562
link_weth_3000_month_23673643_23680842_w28,chainlink,1761702023,0.004498119260355975
link_weth_3000_month_23673643_23680842_w28,chainlink,1761702119,0.004471923336196768
link_weth_3000_month_23673643_23680842_w28,chainlink,1761702587,0.004494690272673492
link_weth_3000_month_23673643_23680842_w28,chainlink,1761704123,0.004471405910982492
link_weth_3000_month_23673643_23680842_w28,chainlink,1761706211,0.004454967538736967
link_weth_3000_month_23673643_23680842_w28,chainlink,1761707735,0.004441831812127771
link_weth_3000_month_23673643_23680842_w28,chainlink,1761709847,0.004442743012067787
link_weth_3000_month_23673643_23680842_w28,chainlink,1761711371,0.00445910451087225
link_weth_3000_month_23673643_23680842_w28,chainlink,1761712427,0.004435981557542039
link_weth_3000_month_23680843_23688042_w29,chainlink,1761712427,0.004435981557542039
link_weth_3000_month_23680843_23688042_w29,chainlink,1761714983,0.004436899634525302
link_weth_3000_month_23680843_23688042_w29,chainlink,1761716051,0.004430092277116717
link_weth_3000_month_23680843_23688042_w29,chainlink,1761716471,0.004454857186838992
link_weth_3000_month_23680843_23688042_w29,chainlink,1761717383,0.004432283049852212
link_weth_3000_month_23680843_23688042_w29,chainlink,1761719663,0.004436030395216283
link_weth_3000_month_23680843_23688042_w29,chainlink,1761720995,0.004456509770765076
link_weth_3000_month_23680843_23688042_w29,chainlink,1761723287,0.004456861144547912
link_weth_3000_month_23680843_23688042_w29,chainlink,1761724631,0.004455820414795324
link_weth_3000_month_23680843_23688042_w29,chainlink,1761726491,0.004432054183030811
link_weth_3000_month_23680843_23688042_w29,chainlink,1761726923,0.00443872375026214
link_weth_3000_month_23680843_23688042_w29,chainlink,1761729287,0.004463010834316281
link_weth_3000_month_23680843_23688042_w29,chainlink,1761730127,0.00446865325609482
link_weth_3000_month_23680843_23688042_w29,chainlink,1761732899,0.004468948137934333
link_weth_3000_month_23680843_23688042_w29,chainlink,1761733487,0.004494792325705768
link_weth_3000_month_23680843_23688042_w29,chainlink,1761736283,0.004518884921490505
link_weth_3000_month_23680843_23688042_w29,chainlink,1761736523,0.004508733562235396
link_weth_3000_month_23680843_23688042_w29,chainlink,1761738863,0.00453277981918309
link_weth_3000_month_23680843_23688042_w29,chainlink,1761740159,0.004520359256353614
link_weth_3000_month_23680843_23688042_w29,chainlink,1761741443,0.004497356823639715
link_weth_3000_month_23680843_23688042_w29,chainlink,1761743279,0.004523515031040362
link_weth_3000_month_23680843_23688042_w29,chainlink,1761743783,0.004513010204616222
link_weth_3000_month_23680843_23688042_w29,chainlink,1761744395,0.004537924852239878
link_weth_3000_month_23680843_23688042_w29,chainlink,1761745019,0.004514268254930385
link_weth_3000_month_23680843_23688042_w29,chainlink,1761745055,0.00453890726078072
link_weth_3000_month_23680843_23688042_w29,chainlink,1761746615,0.004566504400865079
link_weth_3000_month_23680843_23688042_w29,chainlink,1761747167,0.004543198967602309
link_weth_3000_month_23680843_23688042_w29,chainlink,1761748583,0.004570466549878401
link_weth_3000_month_23680843_23688042_w29,chainlink,1761749195,0.004544541560276671
link_weth_3000_month_23680843_23688042_w29,chainlink,1761749327,0.00456742728368505
link_weth_3000_month_23680843_23688042_w29,chainlink,1761749747,0.004541869497059834
link_weth_3000_month_23680843_23688042_w29,chainlink,1761749759,0.004564813023432856
link_weth_3000_month_23680843_23688042_w29,chainlink,1761752015,0.004589542882655654
link_weth_3000_month_23680843_23688042_w29,chainlink,1761752015,0.004560693367114635
link_weth_3000_month_23680843_23688042_w29,chainlink,1761752915,0.004529279408709336
link_weth_3000_month_23680843_23688042_w29,chainlink,1761753179,0.004553594979283481
link_weth_3000_month_23680843_23688042_w29,chainlink,1761753899,0.004530338568719415
link_weth_3000_month_23680843_23688042_w29,chainlink,1761753959,0.004556152463359819
link_weth_3000_month_23680843_23688042_w29,chainlink,1761754835,0.004581352596749774
link_weth_3000_month_23680843_23688042_w29,chainlink,1761754859,0.004553510653986406
link_weth_3000_month_23680843_23688042_w29,chainlink,1761755015,0.004581291409658829
link_weth_3000_month_23680843_23688042_w29,chainlink,1761758399,0.004556015428368835
link_weth_3000_month_23680843_23688042_w29,chainlink,1761758471,0.004553930216417439
link_weth_3000_month_23680843_23688042_w29,chainlink,1761759335,0.004577242395103792
link_weth_3000_month_23680843_23688042_w29,chainlink,1761759407,0.004549478776750124
link_weth_3000_month_23680843_23688042_w29,chainlink,1761759431,0.004576674104399174
link_weth_3000_month_23680843_23688042_w29,chainlink,1761759587,0.004602790215807125
link_weth_3000_month_23680843_23688042_w29,chainlink,1761759611,0.004575450315407993
link_weth_3000_month_23680843_23688042_w29,chainlink,1761760835,0.004599166015025124
link_weth_3000_month_23680843_23688042_w29,chainlink,1761760991,0.004623709784577266
link_weth_3000_month_23680843_23688042_w29,chainlink,1761760991,0.00459225973581229
link_weth_3000_month_23680843_23688042_w29,chainlink,1761761087,0.004568355664061726
link_weth_3000_month_23680843_23688042_w29,chainlink,1761761135,0.00460683108290792
link_weth_3000_month_23680843_23688042_w29,chainlink,1761761147,0.004575100408514029
link_weth_3000_month_23680843_23688042_w29,chainlink,1761761315,0.004601659550625166
link_weth_3000_month_23680843_23688042_w29,chainlink,1761761495,0.004577699341979107
link_weth_3000_month_23680843_23688042_w29,chainlink,1761761855,0.004604170003189609
link_weth_3000_month_23680843_23688042_w29,chainlink,1761762695,0.004580922978549091
link_weth_3000_month_23680843_23688042_w29,chainlink,1761762887,0.004608045477025447
link_weth_3000_month_23680843_23688042_w29,chainlink,1761763031,0.00453911518748314
link_weth_3000_month_23680843_23688042_w29,chainlink,1761763031,0.004592142581159265
link_weth_3000_month_23680843_23688042_w29,chainlink,1761763043,0.004630625312608144
link_weth_3000_month_23680843_23688042_w29,chainlink,1761763043,0.004601820437193884
link_weth_3000_month_23680843_23688042_w29,chainlink,1761763187,0.004563701126521964
link_weth_3000_month_23680843_23688042_w29,chainlink,1761763187,0.004591160639533244
link_weth_3000_month_23680843_23688042_w29,chainlink,1761763211,0.004616936477998445
link_weth_3000_month_23680843_23688042_w29,chainlink,1761763223,0.004586007018727543
link_weth_3000_month_23680843_23688042_w29,chainlink,1761763343,0.004546884784890668
link_weth_3000_month_23680843_23688042_w29,chainlink,1761763355,0.004572814361483851
link_weth_3000_month_23680843_23688042_w29,chainlink,1761763439,0.004609546755244343
link_weth_3000_month_23680843_23688042_w29,chainlink,1761763451,0.004585153767485393
link_weth_3000_month_23680843_23688042_w29,chainlink,1761763547,0.004619539996633584
link_weth_3000_month_23680843_23688042_w29,chainlink,1761763571,0.004595507233813915
link_weth_3000_month_23680843_23688042_w29,chainlink,1761763847,0.0046313256565904
link_weth_3000_month_23680843_23688042_w29,chainlink,1761763871,0.004607547791790031
link_weth_3000_month_23680843_23688042_w29,chainlink,1761764027,0.00464345519174014
link_weth_3000_month_23680843_23688042_w29,chainlink,1761764051,0.004612239519163784
link_weth_3000_month_23680843_23688042_w29,chainlink,1761764351,0.004641566586914173
link_weth_3000_month_23680843_23688042_w29,chainlink,1761764891,0.004609444378290457
link_weth_3000_month_23680843_23688042_w29,chainlink,1761764987,0.004639778640594676
link_weth_3000_month_23680843_23688042_w29,chainlink,1761765167,0.004664886420641395
link_weth_3000_month_23680843_23688042_w29,chainlink,1761765647,0.004688584619067141
link_weth_3000_month_23680843_23688042_w29,chainlink,1761766391,0.004659962768679957
link_weth_3000_month_23680843_23688042_w29,chainlink,1761766571,0.004635736057671495
link_weth_3000_month_23680843_23688042_w29,chainlink,1761766619,0.004662699765687404
link_weth_3000_month_23680843_23688042_w29,chainlink,1761767447,0.004687028975071197
link_weth_3000_month_23680843_23688042_w29,chainlink,1761768407,0.004661455003527121
link_weth_3000_month_23680843_23688042_w29,chainlink,1761769043,0.004693775534755148
link_weth_3000_month_23680843_23688042_w29,chainlink,1761769427,0.00466835793683575
link_weth_3000_month_23680843_23688042_w29,chainlink,1761769607,0.004696528941667967
link_weth_3000_month_23680843_23688042_w29,chainlink,1761771071,0.004672236809744278
link_weth_3000_month_23680843_23688042_w29,chainlink,1761773219,0.00466467487500407
link_weth_3000_month_23680843_23688042_w29,chainlink,1761773699,0.00468911970605382
link_weth_3000_month_23680843_23688042_w29,chainlink,1761773879,0.004715939076466376
link_weth_3000_month_23680843_23688042_w29,chainlink,1761774707,0.004699146240148681
link_weth_3000_month_23680843_23688042_w29,chainlink,1761775163,0.004674651289225353
link_weth_3000_month_23680843_23688042_w29,chainlink,1761777047,0.004698880580042693
link_weth_3000_month_23680843_23688042_w29,chainlink,1761777059,0.004672251216460094
link_weth_3000_month_23680843_23688042_w29,chainlink,1761779183,0.004648865017983557
link_weth_3000_month_23680843_23688042_w29,chainlink,1761779447,0.004673128995804164
link_weth_3000_month_23680843_23688042_w29,chainlink,1761779735,0.004649609214353301
link_weth_3000_month_23680843_23688042_w29,chainlink,1761781079,0.00461790675345864
link_weth_3000_month_23680843_23688042_w29,chainlink,1761781079,0.004643979729296298
link_weth_3000_month_23680843_23688042_w29,chainlink,1761781343,0.004669279385622762
link_weth_3000_month_23680843_23688042_w29,chainlink,1761781607,0.004645862873572394
link_weth_3000_month_23680843_23688042_w29,chainlink,1761782639,0.004674406169469064
link_weth_3000_month_23680843_23688042_w29,chainlink,1761782795,0.004645783298049731
link_weth_3000_month_23680843_23688042_w29,chainlink,1761783515,0.004672776598813389
link_weth_3000_month_23680843_23688042_w29,chainlink,1761783683,0.004649123713597874
link_weth_3000_month_23680843_23688042_w29,chainlink,1761784775,0.00462488122999185
link_weth_3000_month_23680843_23688042_w29,chainlink,1761785351,0.004650116439945639
link_weth_3000_month_23680843_23688042_w29,chainlink,1761785855,0.004674766226350511
link_weth_3000_month_23680843_23688042_w29,chainlink,1761786191,0.004650759010877139
link_weth_3000_month_23680843_23688042_w29,chainlink,1761787307,0.004648708375879545
link_weth_3000_month_23680843_23688042_w29,chainlink,1761787595,0.004618541554210557
link_weth_3000_month_23680843_23688042_w29,chainlink,1761789431,0.004644475135920208
link_weth_3000_month_23680843_23688042_w29,chainlink,1761789647,0.004620627215987861
link_weth_3000_month_23680843_23688042_w29,chainlink,1761790355,0.004644177866208762
link_weth_3000_month_23680843_23688042_w29,chainlink,1761790607,0.004620794126799367
link_weth_3000_month_23680843_23688042_w29,chainlink,1761790751,0.00464551764775729
link_weth_3000_month_23680843_23688042_w29,chainlink,1761793295,0.004617575211364927
link_weth_3000_month_23680843_23688042_w29,chainlink,1761794219,0.004603257515491598
link_weth_3000_month_23680843_23688042_w29,chainlink,1761796439,0.004626546601190818
link_weth_3000_month_23680843_23688042_w29,chainlink,1761796907,0.004616155717698096
link_weth_3000_month_23680843_23688042_w29,chainlink,1761797267,0.004590399058840434
link_weth_3000_month_23680843_23688042_w29,chainlink,1761797399,0.004615473550943175
link_weth_3000_month_23680843_23688042_w29,chainlink,1761797447,0.004586716257815158
link_weth_3000_month_23680843_23688042_w29,chainlink,1761797639,0.004609929183876061
link_weth_3000_month_23680843_23688042_w29,chainlink,1761797747,0.004580850053235537
link_weth_3000_month_23680843_23688042_w29,chainlink,1761798299,0.004604009938430839
link_weth_3000_month_23680843_23688042_w29,chainlink,1761798311,0.004576809598275443
link_weth_3000_month_23680843_23688042_w29,chainlink,1761798527,0.004545644408372578
link_weth_3000_month_23680843_23688042_w29,chainlink,1761798575,0.004576885550894832
link_weth_3000_month_23680843_23688042_w29,chainlink,1761798863,0.004550063215797816
link_weth_3000_month_23680843_23688042_w29,chainlink,1761798947,0.004575796303605087
link_weth_3000_month_23680843_23688042_w29,chainlink,1761798959,0.004550696931026063
link_weth_3000_month_23680843_23688042_w29,chainlink,1761798983,0.004581690550599396
link_weth_3000_month_23680843_23688042_w29,chainlink,1761799031,0.004609734819258801
link_weth_3000_month_23680843_23688042_w29,chainlink,1761799043,0.004579315485475875
link_weth_3000_month_23680843_23688042_w29,chainlink,1761799331,0.004553439052511249
link_weth_3000_month_23680843_23688042_w29,chainlink,1761799379,0.004576964269954293
link_weth_3000_month_23680843_23688042_w29,chainlink,1761800387,0.00454478360396995
link_weth_3000_month_23680843_23688042_w29,chainlink,1761800399,0.004568044067175067
link_weth_3000_month_23688043_23695242_w30,chainlink,1761800399,0.004568044067175067
link_weth_3000_month_23688043_23695242_w30,chainlink,1761801887,0.004541465272307974
link_weth_3000_month_23688043_23695242_w30,chainlink,1761802367,0.004573677618037998
link_weth_3000_month_23688043_23695242_w30,chainlink,1761802787,0.004605866809390874
link_weth_3000_month_23688043_23695242_w30,chainlink,1761802799,0.004577723270003556
link_weth_3000_month_23688043_23695242_w30,chainlink,1761802847,0.004600922283406248
link_weth_3000_month_23688043_23695242_w30,chainlink,1761803183,0.004572043855110371
link_weth_3000_month_23688043_23695242_w30,chainlink,1761803291,0.004595935673384741
link_weth_3000_month_23688043_23695242_w30,chainlink,1761803627,0.004624446684159736
link_weth_3000_month_23688043_23695242_w30,chainlink,1761804947,0.004595931260890801
link_weth_3000_month_23688043_23695242_w30,chainlink,1761805019,0.004619632344701657
link_weth_3000_month_23688043_23695242_w30,chainlink,1761806039,0.00464352116006967
link_weth_3000_month_23688043_23695242_w30,chainlink,1761806639,0.004616119997452577
link_weth_3000_month_23688043_23695242_w30,chainlink,1761806867,0.004641472013677049
link_weth_3000_month_23688043_23695242_w30,chainlink,1761808343,0.004666699500239867
link_weth_3000_month_23688043_23695242_w30,chainlink,1761808823,0.004695401826169044
link_weth_3000_month_23688043_23695242_w30,chainlink,1761810275,0.004677310568129891
link_weth_3000_month_23688043_23695242_w30,chainlink,1761810599,0.004652557466356789
link_weth_3000_month_23688043_23695242_w30,chainlink,1761813899,0.004657748995427639
link_weth_3000_month_23688043_23695242_w30,chainlink,1761814295,0.004640984519037948
link_weth_3000_month_23688043_23695242_w30,chainlink,1761815219,0.004614200416316135
link_weth_3000_month_23688043_23695242_w30,chainlink,1761815555,0.004639327833997751
link_weth_3000_month_23688043_23695242_w30,chainlink,1761815963,0.004614790963916998
link_weth_3000_month_23688043_23695242_w30,chainlink,1761818435,0.004587917816620668
link_weth_3000_month_23688043_23695242_w30,chainlink,1761819179,0.004606339880181139
link_weth_3000_month_23688043_23695242_w30,chainlink,1761820955,0.004581909540608844
link_weth_3000_month_23688043_23695242_w30,chainlink,1761822107,0.004557955230850149
link_weth_3000_month_23688043_23695242_w30,chainlink,1761822611,0.004532337478672499
link_weth_3000_month_23688043_23695242_w30,chainlink,1761822815,0.004548480668337078
link_weth_3000_month_23688043_23695242_w30,chainlink,1761823571,0.004571269470604717
link_weth_3000_month_23688043_23695242_w30,chainlink,1761825707,0.004547946502235037
link_weth_3000_month_23688043_23695242_w30,chainlink,1761826451,0.004556279744547167
link_weth_3000_month_23688043_23695242_w30,chainlink,1761827027,0.004532594698172031
link_weth_3000_month_23688043_23695242_w30,chainlink,1761827111,0.004560376736067981
link_weth_3000_month_23688043_23695242_w30,chainlink,1761827207,0.004535843469961362
link_weth_3000_month_23688043_23695242_w30,chainlink,1761828131,0.004506239764381321
link_weth_3000_month_23688043_23695242_w30,chainlink,1761828191,0.00453907515865062
link_weth_3000_month_23688043_23695242_w30,chainlink,1761828731,0.004569842334092108
link_weth_3000_month_23688043_23695242_w30,chainlink,1761829211,0.004545801859099557
link_weth_3000_month_23688043_23695242_w30,chainlink,1761829571,0.004569252788919091
link_weth_3000_month_23688043_23695242_w30,chainlink,1761830291,0.004545139462622573
link_weth_3000_month_23688043_23695242_w30,chainlink,1761831431,0.00458500504604764
link_weth_3000_month_23688043_23695242_w30,chainlink,1761831455,0.00454271788257283
link_weth_3000_month_23688043_23695242_w30,chainlink,1761832007,0.004573442210035819
link_weth_3000_month_23688043_23695242_w30,chainlink,1761832607,0.004545387660228808
link_weth_3000_month_23688043_23695242_w30,chainlink,1761832691,0.004571771990584529
link_weth_3000_month_23688043_23695242_w30,chainlink,1761833183,0.004543186265373842
link_weth_3000_month_23688043_23695242_w30,chainlink,1761833903,0.004519350551333257
link_weth_3000_month_23688043_23695242_w30,chainlink,1761834467,0.004485637880831764
link_weth_3000_month_23688043_23695242_w30,chainlink,1761835019,0.004518759057994926
link_weth_3000_month_23688043_23695242_w30,chainlink,1761836807,0.004509905423927209
link_weth_3000_month_23688043_23695242_w30,chainlink,1761836963,0.004485749903583866
link_weth_3000_month_23688043_23695242_w30,chainlink,1761838631,0.004511302799025338
link_weth_3000_month_23688043_23695242_w30,chainlink,1761838679,0.004481507842549127
link_weth_3000_month_23688043_23695242_w30,chainlink,1761840143,0.004458169144479055
link_weth_3000_month_23688043_23695242_w30,chainlink,1761840395,0.004483273574016938
link_weth_3000_month_23688043_23695242_w30,chainlink,1761841667,0.004453498839247642
link_weth_3000_month_23688043_23695242_w30,chainlink,1761842651,0.00447906643972377
link_weth_3000_month_23688043_23695242_w30,chainlink,1761843815,0.00445592398230091
link_weth_3000_month_23688043_23695242_w30,chainlink,1761844067,0.004480395662427401
link_weth_3000_month_23688043_23695242_w30,chainlink,1761844871,0.004457950270699026
link_weth_3000_month_23688043_23695242_w30,chainlink,1761845027,0.004481996578223414
link_weth_3000_month_23688043_23695242_w30,chainlink,1761845447,0.004450744295553986
link_weth_3000_month_23688043_23695242_w30,chainlink,1761846347,0.004477289219841839
link_weth_3000_month_23688043_23695242_w30,chainlink,1761846407,0.004453991345275841
link_weth_3000_month_23688043_23695242_w30,chainlink,1761846527,0.004481464088618412
link_weth_3000_month_23688043_23695242_w30,chainlink,1761846767,0.004458515356744481
link_weth_3000_month_23688043_23695242_w30,chainlink,1761849227,0.004433793090596406
link_weth_3000_month_23688043_23695242_w30,chainlink,1761849227,0.004457098831362264
link_weth_3000_month_23688043_23695242_w30,chainlink,1761849731,0.004433175384247816
link_weth_3000_month_23688043_23695242_w30,chainlink,1761850907,0.004455816080415072
link_weth_3000_month_23688043_23695242_w30,chainlink,1761853007,0.004431014997760996
link_weth_3000_month_23688043_23695242_w30,chainlink,1761853247,0.004459551356454707
link_weth_3000_month_23688043_23695242_w30,chainlink,1761853307,0.004436391538781711
link_weth_3000_month_23688043_23695242_w30,chainlink,1761853883,0.00441114335565206
link_weth_3000_month_23688043_23695242_w30,chainlink,1761853883,0.004437393706780648
link_weth_3000_month_23688043_23695242_w30,chainlink,1761854375,0.004460318504087895
link_weth_3000_month_23688043_23695242_w30,chainlink,1761854387,0.004424530879018437
link_weth_3000_month_23688043_23695242_w30,chainlink,1761854783,0.004451776614935385
link_weth_3000_month_23688043_23695242_w30,chainlink,1761855443,0.004476081237643726
link_weth_3000_month_23688043_23695242_w30,chainlink,1761855503,0.004451560642704396
link_weth_3000_month_23688043_23695242_w30,chainlink,1761856283,0.004424301921555683
link_weth_3000_month_23688043_23695242_w30,chainlink,1761856427,0.004449750203694125
link_weth_3000_month_23688043_23695242_w30,chainlink,1761856727,0.004426789710158898
link_weth_3000_month_23688043_23695242_w30,chainlink,1761857507,0.004450014938717528
link_weth_3000_month_23688043_23695242_w30,chainlink,1761857927,0.004426984775215421
link_weth_3000_month_23688043_23695242_w30,chainlink,1761857999,0.004450695913493066
link_weth_3000_month_23688043_23695242_w30,chainlink,1761859007,0.004426724857081643
link_weth_3000_month_23688043_23695242_w30,chainlink,1761860999,0.0044492308673556
link_weth_3000_month_23688043_23695242_w30,chainlink,1761861047,0.004426926800892929
link_weth_3000_month_23688043_23695242_w30,chainlink,1761864623,0.004422197347007977
link_weth_3000_month_23688043_23695242_w30,chainlink,1761864647,0.004425113881626744
link_weth_3000_month_23688043_23695242_w30,chainlink,1761866663,0.004450966469218817
link_weth_3000_month_23688043_23695242_w30,chainlink,1761867287,0.004428508532150663
link_weth_3000_month_23688043_23695242_w30,chainlink,1761869699,0.004406462420883386
link_weth_3000_month_23688043_23695242_w30,chainlink,1761870287,0.004411438860755941
link_weth_3000_month_23688043_23695242_w30,chainlink,1761871523,0.004434355051371281
link_weth_3000_month_23688043_23695242_w30,chainlink,1761871799,0.004411974476893954
link_weth_3000_month_23688043_23695242_w30,chainlink,1761872507,0.004386236083611398
link_weth_3000_month_23688043_23695242_w30,chainlink,1761872843,0.004409384854863411
link_weth_3000_month_23688043_23695242_w30,chainlink,1761873059,0.004383596886846341
link_weth_3000_month_23688043_23695242_w30,chainlink,1761873359,0.004408795103079399
link_weth_3000_month_23688043_23695242_w30,chainlink,1761875759,0.004433262709664018
link_weth_3000_month_23688043_23695242_w30,chainlink,1761876383,0.00440618995689879
link_weth_3000_month_23688043_23695242_w30,chainlink,1761876683,0.004424101234116647
link_weth_3000_month_23688043_23695242_w30,chainlink,1761876683,0.004401420220129131
link_weth_3000_month_23688043_23695242_w30,chainlink,1761877535,0.004424972596961838
link_weth_3000_month_23688043_23695242_w30,chainlink,1761878459,0.004400631301466279
link_weth_3000_month_23688043_23695242_w30,chainlink,1761878723,0.00442324257486643
link_weth_3000_month_23688043_23695242_w30,chainlink,1761880259,0.004449453508883099
link_weth_3000_month_23688043_23695242_w30,chainlink,1761880295,0.004427176545065626
link_weth_3000_month_23688043_23695242_w30,chainlink,1761881555,0.004399726746841771
link_weth_3000_month_23688043_23695242_w30,chainlink,1761883319,0.004423104220539279
link_weth_3000_month_23688043_23695242_w30,chainlink,1761883655,0.004445281580016361
link_weth_3000_month_23688043_23695242_w30,chainlink,1761883823,0.004421971065613312
link_weth_3000_month_23688043_23695242_w30,chainlink,1761884615,0.004445828167713623
link_weth_3000_month_23688043_23695242_w30,chainlink,1761886811,0.004468522961287678
link_weth_3000_month_23688043_23695242_w30,chainlink,1761886955,0.004443967507171349
link_weth_3000_month_23688043_23695242_w30,chainlink,1761887435,0.004441708993499941
link_weth_3000_month_23688043_23695242_w30,chainlink,1761888335,0.004464781569691157
link_weth_3000_month_23695243_23700766_w31,chainlink,1761888335,0.004464781569691157
link_weth_3000_month_23695243_23700766_w31,chainlink,1761890999,0.004488197404844376
link_weth_3000_month_23695243_23700766_w31,chainlink,1761891947,0.004482329108893738
link_weth_3000_month_23695243_23700766_w31,chainlink,1761894611,0.004492767697502966
link_weth_3000_month_23695243_23700766_w31,chainlink,1761894851,0.004516164352733328
link_weth_3000_month_23695243_23700766_w31,chainlink,1761896363,0.004493435571122736
link_weth_3000_month_23695243_23700766_w31,chainlink,1761898235,0.00449015017722259
link_weth_3000_month_23695243_23700766_w31,chainlink,1761899423,0.004515477511784388
link_weth_3000_month_23695243_23700766_w31,chainlink,1761899579,0.004490572488998627
link_weth_3000_month_23695243_23700766_w31,chainlink,1761901115,0.004467612560795423
link_weth_3000_month_23695243_23700766_w31,chainlink,1761901199,0.004489951924550055
link_weth_3000_month_23695243_23700766_w31,chainlink,1761902459,0.004466898466124647
link_weth_3000_month_23695243_23700766_w31,chainlink,1761904727,0.004475903014850133
link_weth_3000_month_23695243_23700766_w31,chainlink,1761904835,0.004498630305550796
link_weth_3000_month_23695243_23700766_w31,chainlink,1761908171,0.004475441292358484
link_weth_3000_month_23695243_23700766_w31,chainlink,1761908351,0.004487796776624392
link_weth_3000_month_23695243_23700766_w31,chainlink,1761911315,0.004510754922421437
link_weth_3000_month_23695243_23700766_w31,chainlink,1761911327,0.00448480294847051
link_weth_3000_month_23695243_23700766_w31,chainlink,1761911639,0.00445960393498745
link_weth_3000_month_23695243_23700766_w31,chainlink,1761913067,0.004482541918641319
link_weth_3000_month_23695243_23700766_w31,chainlink,1761913547,0.004460105768779248
link_weth_3000_month_23695243_23700766_w31,chainlink,1761914387,0.004484243915129155
link_weth_3000_month_23695243_23700766_w31,chainlink,1761914771,0.004461812465015834
link_weth_3000_month_23695243_23700766_w31,chainlink,1761915611,0.004486309781106411
link_weth_3000_month_23695243_23700766_w31,chainlink,1761916799,0.00446380879693415
link_weth_3000_month_23695243_23700766_w31,chainlink,1761917603,0.00444080776944892
link_weth_3000_month_23695243_23700766_w31,chainlink,1761918287,0.004466939388795521
link_weth_3000_month_23695243_23700766_w31,chainlink,1761918827,0.004444232556931785
link_weth_3000_month_23695243_23700766_w31,chainlink,1761918947,0.004470618784243462
link_weth_3000_month_23695243_23700766_w31,chainlink,1761921335,0.00449370340681883
link_weth_3000_month_23695243_23700766_w31,chainlink,1761922463,0.004487598039369719
link_weth_3000_month_23695243_23700766_w31,chainlink,1761923351,0.00451252262190776
link_weth_3000_month_23695243_23700766_w31,chainlink,1761923447,0.004489145446995588
link_weth_3000_month_23695243_23700766_w31,chainlink,1761924191,0.00446426256828203
link_weth_3000_month_23695243_23700766_w31,chainlink,1761925127,0.004488687767989005
link_weth_3000_month_23695243_23700766_w31,chainlink,1761926987,0.004464211944616411
link_weth_3000_month_23695243_23700766_w31,chainlink,1761927791,0.004441718526004409
link_weth_3000_month_23695243_23700766_w31,chainlink,1761928427,0.004463974735209195
link_weth_3000_month_23695243_23700766_w31,chainlink,1761928763,0.004454795755359156
link_weth_3000_month_23695243_23700766_w31,chainlink,1761929147,0.004430770211205709
link_weth_3000_month_23695243_23700766_w31,chainlink,1761929447,0.004469062281830832
link_weth_3000_month_23695243_23700766_w31,chainlink,1761929471,0.004440454731774307
link_weth_3000_month_23695243_23700766_w31,chainlink,1761929831,0.004414233049707976
link_weth_3000_month_23695243_23700766_w31,chainlink,1761931163,0.004438339131604062
link_weth_3000_month_23695243_23700766_w31,chainlink,1761931187,0.004406370256648552
link_weth_3000_month_23695243_23700766_w31,chainlink,1761931751,0.004432827667486395
link_weth_3000_month_23695243_23700766_w31,chainlink,1761933095,0.00441019140598538
link_weth_3000_month_23695243_23700766_w31,chainlink,1761933167,0.004437518295566382
link_weth_3000_month_23695243_23700766_w31,chainlink,1761933527,0.004415240399591083
link_weth_3000_month_23695243_23700766_w31,chainlink,1761934091,0.004438030690775352
link_weth_3000_month_23695243_23700766_w31,chainlink,1761935639,0.004415193388939469
link_weth_3000_month_23695243_23700766_w31,chainlink,1761935735,0.004438993842619671
link_weth_3000_month_23695243_23700766_w31,chainlink,1761935879,0.00441148034642347
link_weth_3000_month_23695243_23700766_w31,chainlink,1761935939,0.004389234100663862
link_weth_3000_month_23695243_23700766_w31,chainlink,1761936023,0.004419920329007048
link_weth_3000_month_23695243_23700766_w31,chainlink,1761937415,0.004395611869346924
link_weth_3000_month_23695243_23700766_w31,chainlink,1761938195,0.004418165457889597
link_weth_3000_month_23695243_23700766_w31,chainlink,1761938855,0.00439273145582079
link_weth_3000_month_23695243_23700766_w31,chainlink,1761939035,0.004416461481843116
link_weth_3000_month_23695243_23700766_w31,chainlink,1761939287,0.004384416374725918
link_weth_3000_month_23695243_23700766_w31,chainlink,1761939287,0.004412391018453554
link_weth_3000_month_23695243_23700766_w31,chainlink,1761939623,0.004389569205874919
link_weth_3000_month_23695243_23700766_w31,chainlink,1761939635,0.004412641189605847
link_weth_3000_month_23695243_23700766_w31,chainlink,1761939791,0.004435052889119156
link_weth_3000_month_23695243_23700766_w31,chainlink,1761939911,0.004458994761886918
link_weth_3000_month_23695243_23700766_w31,chainlink,1761942995,0.004435240329089246
link_weth_3000_month_23695243_23700766_w31,chainlink,1761943247,0.004439943262749638
link_weth_3000_month_23695243_23700766_w31,chainlink,1761944087,0.004462843498552103
link_weth_3000_month_23695243_23700766_w31,chainlink,1761946307,0.00444050068938898
link_weth_3000_month_23695243_23700766_w31,chainlink,1761946667,0.004465361183060132
link_weth_3000_month_23695243_23700766_w31,chainlink,1761947711,0.004464061006331113
link_weth_3000_month_23695243_23700766_w31,chainlink,1761948719,0.004486654899534831
link_weth_3000_month_23695243_23700766_w31,chainlink,1761951407,0.004489814694826159
link_weth_3000_month_23695243_23700766_w31,chainlink,1761952331,0.004480759088588987
link_weth_3000_month_23695243_23700766_w31,chainlink,1761955043,0.00449246125325977
uni_weth_3000_month_23479243_23486442_w01,chainlink,1759276559,0.001839148406519711
uni_weth_3000_month_23479243_23486442_w01,chainlink,1759279763,0.001823912328308903
uni_weth_3000_month_23479243_23486442_w01,chainlink,1759280195,0.001823910047126364
uni_weth_3000_month_23479243_23486442_w01,chainlink,1759283099,0.001842709657019012
uni_weth_3000_month_23479243_23486442_w01,chainlink,1759283135,0.001833200608998805
uni_weth_3000_month_23479243_23486442_w01,chainlink,1759286723,0.001833020684769426
uni_weth_3000_month_23479243_23486442_w01,chainlink,1759286759,0.001837945295575205
uni_weth_3000_month_23479243_23486442_w01,chainlink,1759290359,0.001819654222426621
uni_weth_3000_month_23479243_23486442_w01,chainlink,1759290395,0.001828447212844414
uni_weth_3000_month_23479243_23486442_w01,chainlink,1759293179,0.001819317300497778
uni_weth_3000_month_23479243_23486442_w01,chainlink,1759293995,0.00183150087935195
uni_weth_3000_month_23479243_23486442_w01,chainlink,1759296791,0.001835651789504984
uni_weth_3000_month_23479243_23486442_w01,chainlink,1759297619,0.001840298027681514
uni_weth_3000_month_23479243_23486442_w01,chainlink,1759300415,0.001844456597527516
uni_weth_3000_month_23479243_23486442_w01,chainlink,1759301255,0.001832388458961839
uni_weth_3000_month_23479243_23486442_w01,chainlink,1759304051,0.001831984566788861
uni_weth_3000_month_23479243_23486442_w01,chainlink,1759304891,0.001839514584186875
uni_weth_3000_month_23479243_23486442_w01,chainlink,1759305635,0.001835904455497075
uni_weth_3000_month_23479243_23486442_w01,chainlink,1759305635,0.001829688378608482
uni_weth_3000_month_23479243_23486442_w01,chainlink,1759307495,0.001819827784902026
uni_weth_3000_month_23479243_23486442_w01,chainlink,1759307495,0.001841225733193075
uni_weth_3000_month_23479243_23486442_w01,chainlink,1759307531,0.001831299064372685
uni_weth_3000_month_23479243_23486442_w01,chainlink,1759307807,0.001821282894839678
uni_weth_3000_month_23479243_23486442_w01,chainlink,1759307831,0.001840613662775061
uni_weth_3000_month_23479243_23486442_w01,chainlink,1759308131,0.001831007938390443
uni_weth_3000_month_23479243_23486442_w01,chainlink,1759308323,0.001817178612168413
uni_weth_3000_month_23479243_23486442_w01,chainlink,1759308323,0.0018353551888505
uni_weth_3000_month_23479243_23486442_w01,chainlink,1759308551,0.001825837066407324
uni_weth_3000_month_23479243_23486442_w01,chainlink,1759308659,0.001814752556107065
uni_weth_3000_month_23479243_23486442_w01,chainlink,1759308815,0.001826501815711431
uni_weth_3000_month_23479243_23486442_w01,chainlink,1759309295,0.001845841553914995
uni_weth_3000_month_23479243_23486442_w01,chainlink,1759312427,0.001837931330155674
uni_weth_3000_month_23479243_23486442_w01,chainlink,1759312931,0.001841006264687598
uni_weth_3000_month_23479243_23486442_w01,chainlink,1759314791,0.00185063629905806
uni_weth_3000_month_23479243_23486442_w01,chainlink,1759316147,0.00183202229833692
uni_weth_3000_month_23479243_23486442_w01,chainlink,1759318415,0.001824856580056169
uni_weth_3000_month_23479243_23486442_w01,chainlink,1759319771,0.001828152408729218
uni_weth_3000_month_23479243_23486442_w01,chainlink,1759322039,0.001828509338448713
uni_weth_3000_month_23479243_23486442_w01,chainlink,1759323407,0.001818648536735637
uni_weth_3000_month_23479243_23486442_w01,chainlink,1759325651,0.001822557945373012
uni_weth_3000_month_23479243_23486442_w01,chainlink,1759327043,0.00183598943800594
uni_weth_3000_month_23479243_23486442_w01,chainlink,1759327535,0.001825845262475096
uni_weth_3000_month_23479243_23486442_w01,chainlink,1759329611,0.001816088718578548
uni_weth_3000_month_23479243_23486442_w01,chainlink,1759329803,0.00183524656953447
uni_weth_3000_month_23479243_23486442_w01,chainlink,1759331591,0.001844546252700959
uni_weth_3000_month_23479243_23486442_w01,chainlink,1759332515,0.00183470084987692
uni_weth_3000_month_23479243_23486442_w01,chainlink,1759333427,0.001840603488167536
uni_weth_3000_month_23479243_23486442_w01,chainlink,1759336151,0.001843238760964269
uni_weth_3000_month_23479243_23486442_w01,chainlink,1759337063,0.00185562844631526
uni_weth_3000_month_23479243_23486442_w01,chainlink,1759339787,0.00186194347335526
uni_weth_3000_month_23479243_23486442_w01,chainlink,1759340699,0.001857720354571606
uni_weth_3000_month_23479243_23486442_w01,chainlink,1759341131,0.001868335568413357
uni_weth_3000_month_23479243_23486442_w01,chainlink,1759343951,0.001858698859027098
uni_weth_3000_month_23479243_23486442_w01,chainlink,1759344323,0.001871826006295975
uni_weth_3000_month_23479243_23486442_w01,chainlink,1759347587,0.001867707167319095
uni_weth_3000_month_23479243_23486442_w01,chainlink,1759347959,0.001863171855285597
uni_weth_3000_month_23479243_23486442_w01,chainlink,1759351211,0.001862274181416877
uni_weth_3000_month_23479243_23486442_w01,chainlink,1759351583,0.001856354623783114
uni_weth_3000_month_23479243_23486442_w01,chainlink,1759354667,0.001866109127091935
uni_weth_3000_month_23479243_23486442_w01,chainlink,1759355195,0.001859938297620526
uni_weth_3000_month_23479243_23486442_w01,chainlink,1759356527,0.001850107757912888
uni_weth_3000_month_23479243_23486442_w01,chainlink,1759358831,0.001847764837871947
uni_weth_3000_month_23479243_23486442_w01,chainlink,1759360163,0.001852578116063179
uni_weth_3000_month_23479243_23486442_w01,chainlink,1759362227,0.001842696830427216
uni_weth_3000_month_23479243_23486442_w01,chainlink,1759362455,0.001853465109885299
uni_weth_3000_month_23479243_23486442_w01,chainlink,1759363367,0.001842827335328724
uni_weth_3000_month_23486443_23493642_w02,chainlink,1759363367,0.001842827335328724
uni_weth_3000_month_23486443_23493642_w02,chainlink,1759365707,0.001852749969231537
uni_weth_3000_month_23486443_23493642_w02,chainlink,1759366091,0.001852575617372916
uni_weth_3000_month_23486443_23493642_w02,chainlink,1759369331,0.00184337189989335
uni_weth_3000_month_23486443_23493642_w02,chainlink,1759369415,0.00187437573842347
uni_weth_3000_month_23486443_23493642_w02,chainlink,1759369451,0.001893819766498037
uni_weth_3000_month_23486443_23493642_w02,chainlink,1759369751,0.001882764632222938
uni_weth_3000_month_23486443_23493642_w02,chainlink,1759371035,0.001863633429116395
uni_weth_3000_month_23486443_23493642_w02,chainlink,1759373387,0.00186195816010977
uni_weth_3000_month_23486443_23493642_w02,chainlink,1759374647,0.001866854417115511
uni_weth_3000_month_23486443_23493642_w02,chainlink,1759377011,0.001870698309003598
uni_weth_3000_month_23486443_23493642_w02,chainlink,1759378271,0.001865921953310622
uni_weth_3000_month_23486443_23493642_w02,chainlink,1759380191,0.001875793696275071
uni_weth_3000_month_23486443_23493642_w02,chainlink,1759381907,0.001869652893982808
uni_weth_3000_month_23486443_23493642_w02,chainlink,1759382867,0.001860045815910026
uni_weth_3000_month_23486443_23493642_w02,chainlink,1759385543,0.00186181030695387
uni_weth_3000_month_23486443_23493642_w02,chainlink,1759386503,0.001861807348846047
uni_weth_3000_month_23486443_23493642_w02,chainlink,1759386719,0.001847861133150082
uni_weth_3000_month_23486443_23493642_w02,chainlink,1759389167,0.001856579395203325
uni_weth_3000_month_23486443_23493642_w02,chainlink,1759389707,0.001866487787506712
uni_weth_3000_month_23486443_23493642_w02,chainlink,1759392023,0.001873452635731037
uni_weth_3000_month_23486443_23493642_w02,chainlink,1759392023,0.001864395814888435
uni_weth_3000_month_23486443_23493642_w02,chainlink,1759395647,0.001868547868240819
uni_weth_3000_month_23486443_23493642_w02,chainlink,1759395647,0.001864532446488431
uni_weth_3000_month_23486443_23493642_w02,chainlink,1759399259,0.001861791895280856
uni_weth_3000_month_23486443_23493642_w02,chainlink,1759399259,0.001862215584983034
uni_weth_3000_month_23486443_23493642_w02,chainlink,1759402883,0.001866466844020454
uni_weth_3000_month_23486443_23493642_w02,chainlink,1759402883,0.001870876307413569
uni_weth_3000_month_23486443_23493642_w02,chainlink,1759406519,0.001867221185770546
uni_weth_3000_month_23486443_23493642_w02,chainlink,1759406519,0.001866868719367822
uni_weth_3000_month_23486443_23493642_w02,chainlink,1759409939,0.001857178326655083
uni_weth_3000_month_23486443_23493642_w02,chainlink,1759410155,0.001864432766519702
uni_weth_3000_month_23486443_23493642_w02,chainlink,1759411139,0.00184470716402684
uni_weth_3000_month_23486443_23493642_w02,chainlink,1759411151,0.001855323862176481
uni_weth_3000_month_23486443_23493642_w02,chainlink,1759412315,0.001845218471673622
uni_weth_3000_month_23486443_23493642_w02,chainlink,1759413275,0.001864021314748765
uni_weth_3000_month_23486443_23493642_w02,chainlink,1759415855,0.001844392272369702
uni_weth_3000_month_23486443_23493642_w02,chainlink,1759415939,0.001844512874284793
uni_weth_3000_month_23486443_23493642_w02,chainlink,1759416515,0.001853976165599806
uni_weth_3000_month_23486443_23493642_w02,chainlink,1759417259,0.001832964969271691
uni_weth_3000_month_23486443_23493642_w02,chainlink,1759417439,0.001842721736916821
uni_weth_3000_month_23486443_23493642_w02,chainlink,1759417859,0.001831694694320456
uni_weth_3000_month_23486443_23493642_w02,chainlink,1759418615,0.001820365076542349
uni_weth_3000_month_23486443_23493642_w02,chainlink,1759420055,0.001838686825057812
uni_weth_3000_month_23486443_23493642_w02,chainlink,1759420511,0.001829014966727281
uni_weth_3000_month_23486443_23493642_w02,chainlink,1759421051,0.001848044686495335
uni_weth_3000_month_23486443_23493642_w02,chainlink,1759421495,0.001838228210932209
uni_weth_3000_month_23486443_23493642_w02,chainlink,1759423079,0.001848039313675218
uni_weth_3000_month_23486443_23493642_w02,chainlink,1759424675,0.0018439151161074
uni_weth_3000_month_23486443_23493642_w02,chainlink,1759425275,0.001833607805986598
uni_weth_3000_month_23486443_23493642_w02,chainlink,1759428035,0.001852123480802659
uni_weth_3000_month_23486443_23493642_w02,chainlink,1759428911,0.001845390680779328
uni_weth_3000_month_23486443_23493642_w02,chainlink,1759431647,0.001858544289240855
uni_weth_3000_month_23486443_23493642_w02,chainlink,1759432091,0.001848939551836478
uni_weth_3000_month_23486443_23493642_w02,chainlink,1759435271,0.001854491933816346
uni_weth_3000_month_23486443_23493642_w02,chainlink,1759435727,0.001857957294042604
uni_weth_3000_month_23486443_23493642_w02,chainlink,1759438907,0.00185766481403565
uni_weth_3000_month_23486443_23493642_w02,chainlink,1759439351,0.001856083365598553
uni_weth_3000_month_23486443_23493642_w02,chainlink,1759442207,0.001865818070646656
uni_weth_3000_month_23486443_23493642_w02,chainlink,1759442531,0.001865272959743672
uni_weth_3000_month_23486443_23493642_w02,chainlink,1759445843,0.001868514944118698
uni_weth_3000_month_23486443_23493642_w02,chainlink,1759446143,0.001859311487025296
uni_weth_3000_month_23486443_23493642_w02,chainlink,1759449467,0.00185080632190763
uni_weth_3000_month_23486443_23493642_w02,chainlink,1759449767,0.001859221924987519
uni_weth_3000_month_23493643_23500842_w03,chainlink,1759449767,0.001859221924987519
uni_weth_3000_month_23493643_23500842_w03,chainlink,1759453067,0.001864963556525394
uni_weth_3000_month_23493643_23500842_w03,chainlink,1759453403,0.001856943192895534
uni_weth_3000_month_23493643_23500842_w03,chainlink,1759456679,0.001856314666230883
uni_weth_3000_month_23493643_23500842_w03,chainlink,1759457039,0.001842556660983775
uni_weth_3000_month_23493643_23500842_w03,chainlink,1759457735,0.001833359283820808
uni_weth_3000_month_23493643_23500842_w03,chainlink,1759460639,0.001853529960148021
uni_weth_3000_month_23493643_23500842_w03,chainlink,1759460639,0.001837679841960049
uni_weth_3000_month_23493643_23500842_w03,chainlink,1759460879,0.001827575257099002
uni_weth_3000_month_23493643_23500842_w03,chainlink,1759461119,0.001836876536032182
uni_weth_3000_month_23493643_23500842_w03,chainlink,1759463783,0.001849745186281112
uni_weth_3000_month_23493643_23500842_w03,chainlink,1759464263,0.001850722768577299
uni_weth_3000_month_23493643_23500842_w03,chainlink,1759467395,0.001854157413008722
uni_weth_3000_month_23493643_23500842_w03,chainlink,1759467875,0.001856260475304476
uni_weth_3000_month_23493643_23500842_w03,chainlink,1759470455,0.001866249798316527
uni_weth_3000_month_23493643_23500842_w03,chainlink,1759470455,0.001847232963654494
uni_weth_3000_month_23493643_23500842_w03,chainlink,1759474067,0.001846766713971237
uni_weth_3000_month_23493643_23500842_w03,chainlink,1759474079,0.00184918988501637
uni_weth_3000_month_23493643_23500842_w03,chainlink,1759476599,0.001830313732107139
uni_weth_3000_month_23493643_23500842_w03,chainlink,1759477703,0.001834871300566071
uni_weth_3000_month_23493643_23500842_w03,chainlink,1759478435,0.001841344809111448
uni_weth_3000_month_23493643_23500842_w03,chainlink,1759478447,0.001841067308803131
uni_weth_3000_month_23493643_23500842_w03,chainlink,1759479383,0.001850697308091876
uni_weth_3000_month_23493643_23500842_w03,chainlink,1759481843,0.001841417060437133
uni_weth_3000_month_23493643_23500842_w03,chainlink,1759482071,0.001842215080144833
uni_weth_3000_month_23493643_23500842_w03,chainlink,1759485479,0.001835778187688866
uni_weth_3000_month_23493643_23500842_w03,chainlink,1759485695,0.001840024405618555
uni_weth_3000_month_23493643_23500842_w03,chainlink,1759489103,0.001834304843777809
uni_weth_3000_month_23493643_23500842_w03,chainlink,1759489295,0.001838331816510253
uni_weth_3000_month_23493643_23500842_w03,chainlink,1759492739,0.001842993218527568
uni_weth_3000_month_23493643_23500842_w03,chainlink,1759492907,0.00183407767287092
uni_weth_3000_month_23493643_23500842_w03,chainlink,1759496375,0.001832231177333719
uni_weth_3000_month_23493643_23500842_w03,chainlink,1759496531,0.001827808022671223
uni_weth_3000_month_23493643_23500842_w03,chainlink,1759496939,0.001837376193733797
uni_weth_3000_month_23493643_23500842_w03,chainlink,1759497719,0.001827326949262459
uni_weth_3000_month_23493643_23500842_w03,chainlink,1759498331,0.001848852139748306
uni_weth_3000_month_23493643_23500842_w03,chainlink,1759500059,0.001858177452453957
uni_weth_3000_month_23493643_23500842_w03,chainlink,1759500131,0.00183836979642424
uni_weth_3000_month_23493643_23500842_w03,chainlink,1759501319,0.001848418111349827
uni_weth_3000_month_23493643_23500842_w03,chainlink,1759501439,0.001838983856873991
uni_weth_3000_month_23493643_23500842_w03,chainlink,1759502879,0.00182891156652064
uni_weth_3000_month_23493643_23500842_w03,chainlink,1759503743,0.001822852541791264
uni_weth_3000_month_23493643_23500842_w03,chainlink,1759504259,0.00183317136388451
uni_weth_3000_month_23493643_23500842_w03,chainlink,1759504727,0.001823692058305722
uni_weth_3000_month_23493643_23500842_w03,chainlink,1759505519,0.001843871576657103
uni_weth_3000_month_23493643_23500842_w03,chainlink,1759506419,0.001832610120524353
uni_weth_3000_month_23493643_23500842_w03,chainlink,1759506923,0.001851485590096284
uni_weth_3000_month_23493643_23500842_w03,chainlink,1759507175,0.001842260154589627
uni_weth_3000_month_23493643_23500842_w03,chainlink,1759509143,0.001861651342187183
uni_weth_3000_month_23493643_23500842_w03,chainlink,1759509275,0.001851821419713545
uni_weth_3000_month_23493643_23500842_w03,chainlink,1759509431,0.001840843898717068
uni_weth_3000_month_23493643_23500842_w03,chainlink,1759510115,0.001850254192759574
uni_weth_3000_month_23493643_23500842_w03,chainlink,1759510691,0.001860225403552573
uni_weth_3000_month_23493643_23500842_w03,chainlink,1759510859,0.001839333305549221
uni_weth_3000_month_23493643_23500842_w03,chainlink,1759510895,0.001855926830507302
uni_weth_3000_month_23493643_23500842_w03,chainlink,1759510895,0.001822181483356081
uni_weth_3000_month_23493643_23500842_w03,chainlink,1759510943,0.001842768760054529
uni_weth_3000_month_23493643_23500842_w03,chainlink,1759511471,0.001832475974306357
uni_weth_3000_month_23493643_23500842_w03,chainlink,1759511975,0.001842388437006911
uni_weth_3000_month_23493643_23500842_w03,chainlink,1759513931,0.001852681723714788
uni_weth_3000_month_23493643_23500842_w03,chainlink,1759514495,0.001832971967446568
uni_weth_3000_month_23493643_23500842_w03,chainlink,1759515767,0.00182315186815051
uni_weth_3000_month_23493643_23500842_w03,chainlink,1759516043,0.001841608766813141
uni_weth_3000_month_23493643_23500842_w03,chainlink,1759518743,0.001832301144766998
uni_weth_3000_month_23493643_23500842_w03,chainlink,1759519679,0.00183730436574715
uni_weth_3000_month_23493643_23500842_w03,chainlink,1759521899,0.001817819330570305
uni_weth_3000_month_23493643_23500842_w03,chainlink,1759522283,0.001827708410636232
uni_weth_3000_month_23493643_23500842_w03,chainlink,1759522847,0.001817913728854691
uni_weth_3000_month_23493643_23500842_w03,chainlink,1759524323,0.001808227332334374
uni_weth_3000_month_23493643_23500842_w03,chainlink,1759525523,0.001819150190250415
uni_weth_3000_month_23493643_23500842_w03,chainlink,1759527719,0.001828684020948544
uni_weth_3000_month_23493643_23500842_w03,chainlink,1759529135,0.001825184666228897
uni_weth_3000_month_23493643_23500842_w03,chainlink,1759531343,0.00182069226691347
uni_weth_3000_month_23493643_23500842_w03,chainlink,1759532759,0.001813727467622788
uni_weth_3000_month_23493643_23500842_w03,chainlink,1759534979,0.001816974566202637
uni_weth_3000_month_23493643_23500842_w03,chainlink,1759536407,0.001811523879553821
uni_weth_3000_month_23500843_23508042_w04,chainlink,1759536407,0.001811523879553821
uni_weth_3000_month_23500843_23508042_w04,chainlink,1759537943,0.001821061293404127
uni_weth_3000_month_23500843_23508042_w04,chainlink,1759540031,0.001804543038677715
uni_weth_3000_month_23500843_23508042_w04,chainlink,1759541567,0.001806891319000322
uni_weth_3000_month_23500843_23508042_w04,chainlink,1759543655,0.001808940079413629
uni_weth_3000_month_23500843_23508042_w04,chainlink,1759544219,0.00181830721292249
uni_weth_3000_month_23500843_23508042_w04,chainlink,1759547291,0.00180378463949472
uni_weth_3000_month_23500843_23508042_w04,chainlink,1759547843,0.001801526762478765
uni_weth_3000_month_23500843_23508042_w04,chainlink,1759550915,0.001805034596966416
uni_weth_3000_month_23500843_23508042_w04,chainlink,1759551455,0.001801201393857102
uni_weth_3000_month_23500843_23508042_w04,chainlink,1759554527,0.001801658214746313
uni_weth_3000_month_23500843_23508042_w04,chainlink,1759555091,0.001794645939142633
uni_weth_3000_month_23500843_23508042_w04,chainlink,1759558151,0.001795666576395794
uni_weth_3000_month_23500843_23508042_w04,chainlink,1759558703,0.001791431523094332
uni_weth_3000_month_23500843_23508042_w04,chainlink,1759561751,0.001796396398271772
uni_weth_3000_month_23500843_23508042_w04,chainlink,1759562327,0.001800653804086949
uni_weth_3000_month_23500843_23508042_w04,chainlink,1759564835,0.001802255431655235
uni_weth_3000_month_23500843_23508042_w04,chainlink,1759564847,0.001794743884041742
uni_weth_3000_month_23500843_23508042_w04,chainlink,1759568447,0.001798688191651859
uni_weth_3000_month_23500843_23508042_w04,chainlink,1759568447,0.00178283012918999
uni_weth_3000_month_23500843_23508042_w04,chainlink,1759572083,0.001776840805956722
uni_weth_3000_month_23500843_23508042_w04,chainlink,1759572083,0.00177676058266426
uni_weth_3000_month_23500843_23508042_w04,chainlink,1759575695,0.001777482602377992
uni_weth_3000_month_23500843_23508042_w04,chainlink,1759575719,0.001772144168523709
uni_weth_3000_month_23500843_23508042_w04,chainlink,1759579319,0.001773797417753658
uni_weth_3000_month_23500843_23508042_w04,chainlink,1759579343,0.001772867236335115
uni_weth_3000_month_23500843_23508042_w04,chainlink,1759582931,0.001772901066458427
uni_weth_3000_month_23500843_23508042_w04,chainlink,1759582979,0.001776092255380407
uni_weth_3000_month_23500843_23508042_w04,chainlink,1759583351,0.001766050142560183
uni_weth_3000_month_23500843_23508042_w04,chainlink,1759586603,0.001776891952702696
uni_weth_3000_month_23500843_23508042_w04,chainlink,1759586975,0.001780845825544701
uni_weth_3000_month_23500843_23508042_w04,chainlink,1759589807,0.001789837994071521
uni_weth_3000_month_23500843_23508042_w04,chainlink,1759590215,0.001781430204156009
uni_weth_3000_month_23500843_23508042_w04,chainlink,1759591751,0.00179038843432874
uni_weth_3000_month_23500843_23508042_w04,chainlink,1759593839,0.001785605799332256
uni_weth_3000_month_23500843_23508042_w04,chainlink,1759595363,0.001787216418337159
uni_weth_3000_month_23500843_23508042_w04,chainlink,1759597451,0.001790159905483735
uni_weth_3000_month_23500843_23508042_w04,chainlink,1759597463,0.001780801295479647
uni_weth_3000_month_23500843_23508042_w04,chainlink,1759601075,0.001782175019192665
uni_weth_3000_month_23500843_23508042_w04,chainlink,1759601147,0.001784767090669841
uni_weth_3000_month_23500843_23508042_w04,chainlink,1759604711,0.001783854370127021
uni_weth_3000_month_23500843_23508042_w04,chainlink,1759604759,0.001787426406911846
uni_weth_3000_month_23500843_23508042_w04,chainlink,1759608335,0.001792226852692736
uni_weth_3000_month_23500843_23508042_w04,chainlink,1759608383,0.001785985843658708
uni_weth_3000_month_23500843_23508042_w04,chainlink,1759611947,0.001788762117993076
uni_weth_3000_month_23500843_23508042_w04,chainlink,1759611995,0.001785808109149308
uni_weth_3000_month_23500843_23508042_w04,chainlink,1759615571,0.001786297997064405
uni_weth_3000_month_23500843_23508042_w04,chainlink,1759615595,0.001783745835923002
uni_weth_3000_month_23500843_23508042_w04,chainlink,1759619171,0.001783271564427632
uni_weth_3000_month_23500843_23508042_w04,chainlink,1759619207,0.001783104733138652
uni_weth_3000_month_23500843_23508042_w04,chainlink,1759622783,0.001786530969548337
uni_weth_3000_month_23500843_23508042_w04,chainlink,1759622843,0.001787147089264709
uni_weth_3000_month_23508043_23515242_w05,chainlink,1759622843,0.001787147089264709
uni_weth_3000_month_23508043_23515242_w05,chainlink,1759626407,0.001780816638759445
uni_weth_3000_month_23508043_23515242_w05,chainlink,1759626479,0.001783887076903923
uni_weth_3000_month_23508043_23515242_w05,chainlink,1759630043,0.001786027328066951
uni_weth_3000_month_23508043_23515242_w05,chainlink,1759630103,0.001784103657926709
uni_weth_3000_month_23508043_23515242_w05,chainlink,1759631495,0.00177313120353316
uni_weth_3000_month_23508043_23515242_w05,chainlink,1759631603,0.001792554816905016
uni_weth_3000_month_23508043_23515242_w05,chainlink,1759631675,0.001780556972835908
uni_weth_3000_month_23508043_23515242_w05,chainlink,1759632131,0.001791218669621862
uni_weth_3000_month_23508043_23515242_w05,chainlink,1759632971,0.001782293070435098
uni_weth_3000_month_23508043_23515242_w05,chainlink,1759633223,0.001800281780158429
uni_weth_3000_month_23508043_23515242_w05,chainlink,1759633475,0.001790488336879564
uni_weth_3000_month_23508043_23515242_w05,chainlink,1759634351,0.001800891846078882
uni_weth_3000_month_23508043_23515242_w05,chainlink,1759635191,0.001791888650947934
uni_weth_3000_month_23508043_23515242_w05,chainlink,1759636727,0.001803265739967587
uni_weth_3000_month_23508043_23515242_w05,chainlink,1759636859,0.001801140516549459
uni_weth_3000_month_23508043_23515242_w05,chainlink,1759639451,0.00179162526290187
uni_weth_3000_month_23508043_23515242_w05,chainlink,1759639763,0.001780438914242837
uni_weth_3000_month_23508043_23515242_w05,chainlink,1759639775,0.001800775648661794
uni_weth_3000_month_23508043_23515242_w05,chainlink,1759643183,0.001809939422407871
uni_weth_3000_month_23508043_23515242_w05,chainlink,1759643399,0.001810595325864877
uni_weth_3000_month_23508043_23515242_w05,chainlink,1759646795,0.001810142108632783
uni_weth_3000_month_23508043_23515242_w05,chainlink,1759647035,0.001811649421599344
uni_weth_3000_month_23508043_23515242_w05,chainlink,1759650383,0.001801898183800283
uni_weth_3000_month_23508043_23515242_w05,chainlink,1759650635,0.001821578545732039
uni_weth_3000_month_23508043_23515242_w05,chainlink,1759650983,0.001812355743366364
uni_weth_3000_month_23508043_23515242_w05,chainlink,1759651223,0.001813339705829031
uni_weth_3000_month_23508043_23515242_w05,chainlink,1759651235,0.00182396378501575
uni_weth_3000_month_23508043_23515242_w05,chainlink,1759654847,0.001831614337500314
uni_weth_3000_month_23508043_23515242_w05,chainlink,1759654859,0.001827672273530443
uni_weth_3000_month_23508043_23515242_w05,chainlink,1759656671,0.001839553746221311
uni_weth_3000_month_23508043_23515242_w05,chainlink,1759658471,0.001831903756970555
uni_weth_3000_month_23508043_23515242_w05,chainlink,1759658699,0.001843878942641305
uni_weth_3000_month_23508043_23515242_w05,chainlink,1759658951,0.001824025934768321
uni_weth_3000_month_23508043_23515242_w05,chainlink,1759659635,0.001843940768425607
uni_weth_3000_month_23508043_23515242_w05,chainlink,1759662323,0.001836130093313281
uni_weth_3000_month_23508043_23515242_w05,chainlink,1759662515,0.001817071669173196
uni_weth_3000_month_23508043_23515242_w05,chainlink,1759665935,0.001819918221769882
uni_weth_3000_month_23508043_23515242_w05,chainlink,1759666151,0.001823268992325634
uni_weth_3000_month_23508043_23515242_w05,chainlink,1759669619,0.001824883559159662
uni_weth_3000_month_23508043_23515242_w05,chainlink,1759669787,0.00182072549932279
uni_weth_3000_month_23508043_23515242_w05,chainlink,1759673231,0.001816717213387234
uni_weth_3000_month_23508043_23515242_w05,chainlink,1759673411,0.001817637583125589
uni_weth_3000_month_23508043_23515242_w05,chainlink,1759675571,0.00179888329580243
uni_weth_3000_month_23508043_23515242_w05,chainlink,1759676843,0.001804159957650484
uni_weth_3000_month_23508043_23515242_w05,chainlink,1759679171,0.001808538897589165
uni_weth_3000_month_23508043_23515242_w05,chainlink,1759680455,0.001808157141404205
uni_weth_3000_month_23508043_23515242_w05,chainlink,1759682783,0.001801225861130142
uni_weth_3000_month_23508043_23515242_w05,chainlink,1759682975,0.001811048038100479
uni_weth_3000_month_23508043_23515242_w05,chainlink,1759683659,0.001801022034365015
uni_weth_3000_month_23508043_23515242_w05,chainlink,1759685675,0.001810880841950302
uni_weth_3000_month_23508043_23515242_w05,chainlink,1759686419,0.001804478809350667
uni_weth_3000_month_23508043_23515242_w05,chainlink,1759689311,0.001800549838473281
uni_weth_3000_month_23508043_23515242_w05,chainlink,1759690043,0.001796740643271636
uni_weth_3000_month_23508043_23515242_w05,chainlink,1759691495,0.001806076104052801
uni_weth_3000_month_23508043_23515242_w05,chainlink,1759693223,0.001788001395336463
uni_weth_3000_month_23508043_23515242_w05,chainlink,1759695107,0.001786665303800618
uni_weth_3000_month_23508043_23515242_w05,chainlink,1759696859,0.001793061017883172
uni_weth_3000_month_23508043_23515242_w05,chainlink,1759698719,0.001794334954019095
uni_weth_3000_month_23508043_23515242_w05,chainlink,1759700483,0.001787257498785336
uni_weth_3000_month_23508043_23515242_w05,chainlink,1759701779,0.001778309026695461
uni_weth_3000_month_23508043_23515242_w05,chainlink,1759704095,0.001780455953056049
uni_weth_3000_month_23508043_23515242_w05,chainlink,1759705391,0.001781368308720718
uni_weth_3000_month_23508043_23515242_w05,chainlink,1759707719,0.001785190839076188
uni_weth_3000_month_23508043_23515242_w05,chainlink,1759709027,0.001787138592602218
uni_weth_3000_month_23508043_23515242_w05,chainlink,1759709819,0.00177617670532574
uni_weth_3000_month_23508043_23515242_w05,chainlink,1759710407,0.001786103610915294
uni_weth_3000_month_23508043_23515242_w05,chainlink,1759711355,0.001786375992823795
uni_weth_3000_month_23515243_23522442_w06,chainlink,1759711355,0.001786375992823795
uni_weth_3000_month_23515243_23522442_w06,chainlink,1759712603,0.00179557985602324
uni_weth_3000_month_23515243_23522442_w06,chainlink,1759713659,0.001786112780399446
uni_weth_3000_month_23515243_23522442_w06,chainlink,1759714295,0.001776774363398165
uni_weth_3000_month_23515243_23522442_w06,chainlink,1759714715,0.001797243944451665
uni_weth_3000_month_23515243_23522442_w06,chainlink,1759717907,0.001804585616090092
uni_weth_3000_month_23515243_23522442_w06,chainlink,1759718291,0.001786461428603543
uni_weth_3000_month_23515243_23522442_w06,chainlink,1759718927,0.001806254732675882
uni_weth_3000_month_23515243_23522442_w06,chainlink,1759718951,0.001795161622951639
uni_weth_3000_month_23515243_23522442_w06,chainlink,1759722551,0.001781913746296047
uni_weth_3000_month_23515243_23522442_w06,chainlink,1759722587,0.001788065997087286
uni_weth_3000_month_23515243_23522442_w06,chainlink,1759726187,0.001782331052475726
uni_weth_3000_month_23515243_23522442_w06,chainlink,1759726223,0.001781779592934895
uni_weth_3000_month_23515243_23522442_w06,chainlink,1759727987,0.001790930434585876
uni_weth_3000_month_23515243_23522442_w06,chainlink,1759729811,0.001797119434064558
uni_weth_3000_month_23515243_23522442_w06,chainlink,1759730567,0.001788061044319807
uni_weth_3000_month_23515243_23522442_w06,chainlink,1759731371,0.001806488476451999
uni_weth_3000_month_23515243_23522442_w06,chainlink,1759732163,0.001794726546479947
uni_weth_3000_month_23515243_23522442_w06,chainlink,1759732631,0.001813299563924099
uni_weth_3000_month_23515243_23522442_w06,chainlink,1759735775,0.001812022063187033
uni_weth_3000_month_23515243_23522442_w06,chainlink,1759736279,0.001800813843341274
uni_weth_3000_month_23515243_23522442_w06,chainlink,1759736519,0.001811038499390287
uni_weth_3000_month_23515243_23522442_w06,chainlink,1759737635,0.001813381838266871
uni_weth_3000_month_23515243_23522442_w06,chainlink,1759737647,0.001811527963418034
uni_weth_3000_month_23515243_23522442_w06,chainlink,1759739519,0.001800319673426458
uni_weth_3000_month_23515243_23522442_w06,chainlink,1759741271,0.001808362915826313
uni_weth_3000_month_23515243_23522442_w06,chainlink,1759743155,0.0018068663092118
uni_weth_3000_month_23515243_23522442_w06,chainlink,1759744883,0.001811703381090719
uni_weth_3000_month_23515243_23522442_w06,chainlink,1759746767,0.001812857268601457
uni_weth_3000_month_23515243_23522442_w06,chainlink,1759748507,0.001803668837359471
uni_weth_3000_month_23515243_23522442_w06,chainlink,1759750187,0.001794327095059303
uni_weth_3000_month_23515243_23522442_w06,chainlink,1759752119,0.001796012701154027
uni_weth_3000_month_23515243_23522442_w06,chainlink,1759753787,0.001796337388565575
uni_weth_3000_month_23515243_23522442_w06,chainlink,1759755743,0.001806326796434146
uni_weth_3000_month_23515243_23522442_w06,chainlink,1759757399,0.001804242325539441
uni_weth_3000_month_23515243_23522442_w06,chainlink,1759757939,0.001789713520576198
uni_weth_3000_month_23515243_23522442_w06,chainlink,1759758263,0.001799436739603893
uni_weth_3000_month_23515243_23522442_w06,chainlink,1759758839,0.001789922866964265
uni_weth_3000_month_23515243_23522442_w06,chainlink,1759758839,0.001808768445802579
uni_weth_3000_month_23515243_23522442_w06,chainlink,1759759619,0.001798518352458664
uni_weth_3000_month_23515243_23522442_w06,chainlink,1759762463,0.001792380647202379
uni_weth_3000_month_23515243_23522442_w06,chainlink,1759763243,0.001791620544119257
uni_weth_3000_month_23515243_23522442_w06,chainlink,1759764059,0.001781139809799427
uni_weth_3000_month_23515243_23522442_w06,chainlink,1759766075,0.001792514087903738
uni_weth_3000_month_23515243_23522442_w06,chainlink,1759767683,0.001797870272347447
uni_weth_3000_month_23515243_23522442_w06,chainlink,1759769699,0.001790028253149313
uni_weth_3000_month_23515243_23522442_w06,chainlink,1759770935,0.001779781531958008
uni_weth_3000_month_23515243_23522442_w06,chainlink,1759773335,0.001790285238410421
uni_weth_3000_month_23515243_23522442_w06,chainlink,1759774559,0.001789045504335631
uni_weth_3000_month_23515243_23522442_w06,chainlink,1759776971,0.001789567635078649
uni_weth_3000_month_23515243_23522442_w06,chainlink,1759778195,0.001786779852353297
uni_weth_3000_month_23515243_23522442_w06,chainlink,1759780595,0.001787230491799809
uni_weth_3000_month_23515243_23522442_w06,chainlink,1759780739,0.001778250216806121
uni_weth_3000_month_23515243_23522442_w06,chainlink,1759781831,0.001787722944917788
uni_weth_3000_month_23515243_23522442_w06,chainlink,1759784231,0.001784100293273439
uni_weth_3000_month_23515243_23522442_w06,chainlink,1759785455,0.001789418288302491
uni_weth_3000_month_23515243_23522442_w06,chainlink,1759787867,0.001787817272498732
uni_weth_3000_month_23515243_23522442_w06,chainlink,1759789091,0.001785174018299129
uni_weth_3000_month_23515243_23522442_w06,chainlink,1759791491,0.001785349583153398
uni_weth_3000_month_23515243_23522442_w06,chainlink,1759792715,0.001788648823189476
uni_weth_3000_month_23515243_23522442_w06,chainlink,1759795127,0.001779191126781833
uni_weth_3000_month_23515243_23522442_w06,chainlink,1759796327,0.00178337014765384
uni_weth_3000_month_23522443_23529642_w07,chainlink,1759796327,0.00178337014765384
uni_weth_3000_month_23522443_23529642_w07,chainlink,1759798751,0.001787864713369651
uni_weth_3000_month_23522443_23529642_w07,chainlink,1759799951,0.001786690228505988
uni_weth_3000_month_23522443_23529642_w07,chainlink,1759802363,0.00177750876052938
uni_weth_3000_month_23522443_23529642_w07,chainlink,1759803587,0.001778428022794846
uni_weth_3000_month_23522443_23529642_w07,chainlink,1759805987,0.001782397786302587
uni_weth_3000_month_23522443_23529642_w07,chainlink,1759807199,0.001779163813597085
uni_weth_3000_month_23522443_23529642_w07,chainlink,1759809623,0.001780524669155507
uni_weth_3000_month_23522443_23529642_w07,chainlink,1759810283,0.001756835685365661
uni_weth_3000_month_23522443_23529642_w07,chainlink,1759810823,0.001759430267225924
uni_weth_3000_month_23522443_23529642_w07,chainlink,1759811915,0.001750476112684314
uni_weth_3000_month_23522443_23529642_w07,chainlink,1759813907,0.001760132644758896
uni_weth_3000_month_23522443_23529642_w07,chainlink,1759815551,0.001754682936849974
uni_weth_3000_month_23522443_23529642_w07,chainlink,1759817519,0.001751797337105802
uni_weth_3000_month_23522443_23529642_w07,chainlink,1759817891,0.00176145261078415
uni_weth_3000_month_23522443_23529642_w07,chainlink,1759819295,0.001770355981791059
uni_weth_3000_month_23522443_23529642_w07,chainlink,1759819343,0.001751283041158455
uni_weth_3000_month_23522443_23529642_w07,chainlink,1759819703,0.00172783242338569
uni_weth_3000_month_23522443_23529642_w07,chainlink,1759822907,0.001728820335520455
uni_weth_3000_month_23522443_23529642_w07,chainlink,1759823315,0.001734662637908586
uni_weth_3000_month_23522443_23529642_w07,chainlink,1759824035,0.001735317637308983
uni_weth_3000_month_23522443_23529642_w07,chainlink,1759824035,0.001731401216329819
uni_weth_3000_month_23522443_23529642_w07,chainlink,1759824587,0.001740122401014382
uni_weth_3000_month_23522443_23529642_w07,chainlink,1759825895,0.001722080892082257
uni_weth_3000_month_23522443_23529642_w07,chainlink,1759828211,0.001714340505518937
uni_weth_3000_month_23522443_23529642_w07,chainlink,1759828487,0.001732903019818525
uni_weth_3000_month_23522443_23529642_w07,chainlink,1759831847,0.001729665276677884
uni_weth_3000_month_23522443_23529642_w07,chainlink,1759832123,0.001733459821845379
uni_weth_3000_month_23522443_23529642_w07,chainlink,1759835483,0.001729817872010185
uni_weth_3000_month_23522443_23529642_w07,chainlink,1759835747,0.001724682758978842
uni_weth_3000_month_23522443_23529642_w07,chainlink,1759839107,0.001720559840434005
uni_weth_3000_month_23522443_23529642_w07,chainlink,1759839359,0.001722110982482151
uni_weth_3000_month_23522443_23529642_w07,chainlink,1759841795,0.001713032340810358
uni_weth_3000_month_23522443_23529642_w07,chainlink,1759841963,0.001730332662823915
uni_weth_3000_month_23522443_23529642_w07,chainlink,1759844399,0.001710422336415422
uni_weth_3000_month_23522443_23529642_w07,chainlink,1759844579,0.001724601123607474
uni_weth_3000_month_23522443_23529642_w07,chainlink,1759846139,0.001706980412500719
uni_weth_3000_month_23522443_23529642_w07,chainlink,1759846259,0.001719379936737654
uni_weth_3000_month_23522443_23529642_w07,chainlink,1759847423,0.00172891132862158
uni_weth_3000_month_23522443_23529642_w07,chainlink,1759848695,0.001739175959791256
uni_weth_3000_month_23522443_23529642_w07,chainlink,1759848743,0.001720372090810204
uni_weth_3000_month_23522443_23529642_w07,chainlink,1759849583,0.001729437401396971
uni_weth_3000_month_23522443_23529642_w07,chainlink,1759849691,0.001741418567247607
uni_weth_3000_month_23522443_23529642_w07,chainlink,1759850243,0.001731980891775421
uni_weth_3000_month_23522443_23529642_w07,chainlink,1759850939,0.001740814229422643
uni_weth_3000_month_23522443_23529642_w07,chainlink,1759851503,0.00175310699532733
uni_weth_3000_month_23522443_23529642_w07,chainlink,1759851539,0.001734614500490888
uni_weth_3000_month_23522443_23529642_w07,chainlink,1759852283,0.001743512434402995
uni_weth_3000_month_23522443_23529642_w07,chainlink,1759854203,0.001756864621698882
uni_weth_3000_month_23522443_23529642_w07,chainlink,1759854419,0.001747981738186367
uni_weth_3000_month_23522443_23529642_w07,chainlink,1759855055,0.001738315149264442
uni_weth_3000_month_23522443_23529642_w07,chainlink,1759855175,0.00174218869597318
uni_weth_3000_month_23522443_23529642_w07,chainlink,1759857215,0.001751238352071189
uni_weth_3000_month_23522443_23529642_w07,chainlink,1759858811,0.001737536996776192
uni_weth_3000_month_23522443_23529642_w07,chainlink,1759860839,0.001739041715999576
uni_weth_3000_month_23522443_23529642_w07,chainlink,1759861775,0.00174809146297184
uni_weth_3000_month_23522443_23529642_w07,chainlink,1759862435,0.00173373326030729
uni_weth_3000_month_23522443_23529642_w07,chainlink,1759864055,0.001724244771380988
uni_weth_3000_month_23522443_23529642_w07,chainlink,1759866071,0.001728289425046985
uni_weth_3000_month_23522443_23529642_w07,chainlink,1759867691,0.00172180589254381
uni_weth_3000_month_23522443_23529642_w07,chainlink,1759869491,0.001739251042800346
uni_weth_3000_month_23522443_23529642_w07,chainlink,1759871315,0.001735471834454136
uni_weth_3000_month_23522443_23529642_w07,chainlink,1759873127,0.001733482507666977
uni_weth_3000_month_23522443_23529642_w07,chainlink,1759873775,0.0017422803275329
uni_weth_3000_month_23522443_23529642_w07,chainlink,1759876751,0.001742206654905419
uni_weth_3000_month_23522443_23529642_w07,chainlink,1759877411,0.001737267347178211
uni_weth_3000_month_23522443_23529642_w07,chainlink,1759879367,0.001746603003112982
uni_weth_3000_month_23522443_23529642_w07,chainlink,1759880387,0.001735596212165198
uni_weth_3000_month_23522443_23529642_w07,chainlink,1759881011,0.001745124374493828
uni_weth_3000_month_23522443_23529642_w07,chainlink,1759884011,0.001752396889774038
uni_weth_3000_month_23522443_23529642_w07,chainlink,1759884407,0.001743384258569232
uni_weth_3000_month_23529643_23536842_w08,chainlink,1759884407,0.001743384258569232
uni_weth_3000_month_23529643_23536842_w08,chainlink,1759887623,0.001750528194614337
uni_weth_3000_month_23529643_23536842_w08,chainlink,1759888055,0.001748315793625976
uni_weth_3000_month_23529643_23536842_w08,chainlink,1759891247,0.001746375187216394
uni_weth_3000_month_23529643_23536842_w08,chainlink,1759891667,0.001747825774018656
uni_weth_3000_month_23529643_23536842_w08,chainlink,1759893707,0.001757306918289202
uni_weth_3000_month_23529643_23536842_w08,chainlink,1759893983,0.001738716657000516
uni_weth_3000_month_23529643_23536842_w08,chainlink,1759896647,0.001750549396129306
uni_weth_3000_month_23529643_23536842_w08,chainlink,1759896947,0.001741670991854853
uni_weth_3000_month_23529643_23536842_w08,chainlink,1759897619,0.001745402939628768
uni_weth_3000_month_23529643_23536842_w08,chainlink,1759900583,0.001743595361490577
uni_weth_3000_month_23529643_23536842_w08,chainlink,1759901243,0.001731966408547365
uni_weth_3000_month_23529643_23536842_w08,chainlink,1759901255,0.001740835953711543
uni_weth_3000_month_23529643_23536842_w08,chainlink,1759904423,0.001732078048641626
uni_weth_3000_month_23529643_23536842_w08,chainlink,1759904879,0.001737930754227309
uni_weth_3000_month_23529643_23536842_w08,chainlink,1759908059,0.001738474849148828
uni_weth_3000_month_23529643_23536842_w08,chainlink,1759908515,0.001740758301028147
uni_weth_3000_month_23529643_23536842_w08,chainlink,1759910423,0.001734373887459612
uni_weth_3000_month_23529643_23536842_w08,chainlink,1759910435,0.00174233931838079
uni_weth_3000_month_23529643_23536842_w08,chainlink,1759912859,0.001733494561517215
uni_weth_3000_month_23529643_23536842_w08,chainlink,1759914059,0.001734403480001659
uni_weth_3000_month_23529643_23536842_w08,chainlink,1759916483,0.001735841791953037
uni_weth_3000_month_23529643_23536842_w08,chainlink,1759917695,0.001739073765284693
uni_weth_3000_month_23529643_23536842_w08,chainlink,1759920083,0.001735173355509144
uni_weth_3000_month_23529643_23536842_w08,chainlink,1759921331,0.001747481643441929
uni_weth_3000_month_23529643_23536842_w08,chainlink,1759923695,0.001751174737180103
uni_weth_3000_month_23529643_23536842_w08,chainlink,1759924955,0.00173908516497218
uni_weth_3000_month_23529643_23536842_w08,chainlink,1759927319,0.001739621620984146
uni_weth_3000_month_23529643_23536842_w08,chainlink,1759928591,0.001746733404738506
uni_weth_3000_month_23529643_23536842_w08,chainlink,1759930739,0.001756107853518068
uni_weth_3000_month_23529643_23536842_w08,chainlink,1759932059,0.001743462883899714
uni_weth_3000_month_23529643_23536842_w08,chainlink,1759932071,0.001762567135726716
uni_weth_3000_month_23529643_23536842_w08,chainlink,1759932239,0.001753611006280757
uni_weth_3000_month_23529643_23536842_w08,chainlink,1759932935,0.001763036088139197
uni_weth_3000_month_23529643_23536842_w08,chainlink,1759934495,0.001772365887628319
uni_weth_3000_month_23529643_23536842_w08,chainlink,1759935371,0.001781592658919873
uni_weth_3000_month_23529643_23536842_w08,chainlink,1759935707,0.001776110264688347
uni_weth_3000_month_23529643_23536842_w08,chainlink,1759936331,0.001767063216280478
uni_weth_3000_month_23529643_23536842_w08,chainlink,1759936847,0.001776519363942376
uni_weth_3000_month_23529643_23536842_w08,chainlink,1759939331,0.001773062048444532
uni_weth_3000_month_23529643_23536842_w08,chainlink,1759940471,0.001766652250562057
uni_weth_3000_month_23529643_23536842_w08,chainlink,1759940807,0.001784715234946889
uni_weth_3000_month_23529643_23536842_w08,chainlink,1759942415,0.001771493311259271
uni_weth_3000_month_23529643_23536842_w08,chainlink,1759943603,0.001789852011825593
uni_weth_3000_month_23529643_23536842_w08,chainlink,1759943831,0.001779422029913692
uni_weth_3000_month_23529643_23536842_w08,chainlink,1759944215,0.001770484260488421
uni_weth_3000_month_23529643_23536842_w08,chainlink,1759944707,0.00178902909261424
uni_weth_3000_month_23529643_23536842_w08,chainlink,1759947827,0.001790473078195678
uni_weth_3000_month_23529643_23536842_w08,chainlink,1759948163,0.001772041022992289
uni_weth_3000_month_23529643_23536842_w08,chainlink,1759949087,0.00178127037280658
uni_weth_3000_month_23529643_23536842_w08,chainlink,1759951787,0.001779513606233154
uni_weth_3000_month_23529643_23536842_w08,chainlink,1759952711,0.001779586526474116
uni_weth_3000_month_23529643_23536842_w08,chainlink,1759955387,0.001782624525166387
uni_weth_3000_month_23529643_23536842_w08,chainlink,1759956347,0.001781817476815723
uni_weth_3000_month_23529643_23536842_w08,chainlink,1759958999,0.001784327008436884
uni_weth_3000_month_23529643_23536842_w08,chainlink,1759959971,0.001781541681808286
uni_weth_3000_month_23529643_23536842_w08,chainlink,1759962623,0.001790744428018085
uni_weth_3000_month_23529643_23536842_w08,chainlink,1759963583,0.001789272180603521
uni_weth_3000_month_23529643_23536842_w08,chainlink,1759966223,0.001786147636871614
uni_weth_3000_month_23529643_23536842_w08,chainlink,1759967207,0.001785829003279362
uni_weth_3000_month_23529643_23536842_w08,chainlink,1759969835,0.001780973342326528
uni_weth_3000_month_23529643_23536842_w08,chainlink,1759970843,0.001784420000805333
uni_weth_3000_month_23536843_23544042_w09,chainlink,1759970843,0.001784420000805333
uni_weth_3000_month_23536843_23544042_w09,chainlink,1759972595,0.001796148878858039
uni_weth_3000_month_23536843_23544042_w09,chainlink,1759973459,0.001778683326510281
uni_weth_3000_month_23536843_23544042_w09,chainlink,1759973927,0.001788016904113759
uni_weth_3000_month_23536843_23544042_w09,chainlink,1759976843,0.001797144439456069
uni_weth_3000_month_23536843_23544042_w09,chainlink,1759977095,0.001784410241156328
uni_weth_3000_month_23536843_23544042_w09,chainlink,1759977803,0.001794106895369605
uni_weth_3000_month_23536843_23544042_w09,chainlink,1759978511,0.001775291477613904
uni_weth_3000_month_23536843_23544042_w09,chainlink,1759979891,0.00179373307510757
uni_weth_3000_month_23536843_23544042_w09,chainlink,1759980179,0.00178401558257638
uni_weth_3000_month_23536843_23544042_w09,chainlink,1759983515,0.001783164030082949
uni_weth_3000_month_23536843_23544042_w09,chainlink,1759983803,0.001778613233935501
uni_weth_3000_month_23536843_23544042_w09,chainlink,1759987151,0.00177581455198254
uni_weth_3000_month_23536843_23544042_w09,chainlink,1759987439,0.001782192039938312
uni_weth_3000_month_23536843_23544042_w09,chainlink,1759990775,0.001775196313930818
uni_weth_3000_month_23536843_23544042_w09,chainlink,1759991075,0.001777545083436891
uni_weth_3000_month_23536843_23544042_w09,chainlink,1759994387,0.001780604169250928
uni_weth_3000_month_23536843_23544042_w09,chainlink,1759994699,0.001783540608007518
uni_weth_3000_month_23536843_23544042_w09,chainlink,1759996835,0.001784016174772506
uni_weth_3000_month_23536843_23544042_w09,chainlink,1759996847,0.001770633715294176
uni_weth_3000_month_23536843_23544042_w09,chainlink,1759997795,0.001784842802865625
uni_weth_3000_month_23536843_23544042_w09,chainlink,1759998083,0.001764848907058052
uni_weth_3000_month_23536843_23544042_w09,chainlink,1759998215,0.001774275567561585
uni_weth_3000_month_23536843_23544042_w09,chainlink,1759998635,0.001783347144545157
uni_weth_3000_month_23536843_23544042_w09,chainlink,1760001707,0.001783091130304683
uni_weth_3000_month_23536843_23544042_w09,chainlink,1760002259,0.001780451951350744
uni_weth_3000_month_23536843_23544042_w09,chainlink,1760005343,0.001783761227650644
uni_weth_3000_month_23536843_23544042_w09,chainlink,1760005595,0.00179352204781553
uni_weth_3000_month_23536843_23544042_w09,chainlink,1760006219,0.001784567254586909
uni_weth_3000_month_23536843_23544042_w09,chainlink,1760008847,0.001802607610374154
uni_weth_3000_month_23536843_23544042_w09,chainlink,1760009039,0.001793237995901039
uni_weth_3000_month_23536843_23544042_w09,chainlink,1760012447,0.001800655659859464
uni_weth_3000_month_23536843_23544042_w09,chainlink,1760012663,0.001792627751108851
uni_weth_3000_month_23536843_23544042_w09,chainlink,1760016059,0.001788443943408353
uni_weth_3000_month_23536843_23544042_w09,chainlink,1760016299,0.001784284615482496
uni_weth_3000_month_23536843_23544042_w09,chainlink,1760016839,0.001793634561320571
uni_weth_3000_month_23536843_23544042_w09,chainlink,1760018363,0.001803330075602274
uni_weth_3000_month_23536843_23544042_w09,chainlink,1760018447,0.001784059972041806
uni_weth_3000_month_23536843_23544042_w09,chainlink,1760018459,0.001780921847465047
uni_weth_3000_month_23536843_23544042_w09,chainlink,1760020283,0.001791041802907707
uni_weth_3000_month_23536843_23544042_w09,chainlink,1760022059,0.001779201168514788
uni_weth_3000_month_23536843_23544042_w09,chainlink,1760022083,0.001785586730223105
uni_weth_3000_month_23536843_23544042_w09,chainlink,1760023259,0.001795286231319846
uni_weth_3000_month_23536843_23544042_w09,chainlink,1760023859,0.001804934571551134
uni_weth_3000_month_23536843_23544042_w09,chainlink,1760025695,0.001797752330933416
uni_weth_3000_month_23536843_23544042_w09,chainlink,1760027495,0.001799905882544126
uni_weth_3000_month_23536843_23544042_w09,chainlink,1760029139,0.001811958261849758
uni_weth_3000_month_23536843_23544042_w09,chainlink,1760029139,0.001793741497692457
uni_weth_3000_month_23536843_23544042_w09,chainlink,1760029775,0.001783660703701373
uni_weth_3000_month_23536843_23544042_w09,chainlink,1760032271,0.001773198417367485
uni_weth_3000_month_23536843_23544042_w09,chainlink,1760032799,0.001788421002093606
uni_weth_3000_month_23536843_23544042_w09,chainlink,1760035895,0.001797348691009422
uni_weth_3000_month_23536843_23544042_w09,chainlink,1760036399,0.001792549166858664
uni_weth_3000_month_23536843_23544042_w09,chainlink,1760037515,0.001783052922084337
uni_weth_3000_month_23536843_23544042_w09,chainlink,1760040011,0.001798719882448787
uni_weth_3000_month_23536843_23544042_w09,chainlink,1760041151,0.00179697246032855
uni_weth_3000_month_23536843_23544042_w09,chainlink,1760043635,0.001797033248615341
uni_weth_3000_month_23536843_23544042_w09,chainlink,1760044487,0.001787579444622242
uni_weth_3000_month_23536843_23544042_w09,chainlink,1760047271,0.001795905788065814
uni_weth_3000_month_23536843_23544042_w09,chainlink,1760048111,0.001792385406664143
uni_weth_3000_month_23536843_23544042_w09,chainlink,1760049923,0.001810393178924993
uni_weth_3000_month_23536843_23544042_w09,chainlink,1760051747,0.001808390850476833
uni_weth_3000_month_23536843_23544042_w09,chainlink,1760053547,0.001799341703242316
uni_weth_3000_month_23536843_23544042_w09,chainlink,1760055371,0.001798864624056108
uni_weth_3000_month_23536843_23544042_w09,chainlink,1760057171,0.001801086942100363
uni_weth_3000_month_23536843_23544042_w09,chainlink,1760059007,0.001794280326205881
uni_weth_3000_month_23544043_23551242_w10,chainlink,1760059007,0.001794280326205881
uni_weth_3000_month_23544043_23551242_w10,chainlink,1760060771,0.00179889378944338
uni_weth_3000_month_23544043_23551242_w10,chainlink,1760061527,0.001823934894625721
uni_weth_3000_month_23544043_23551242_w10,chainlink,1760061983,0.001833296159013463
uni_weth_3000_month_23544043_23551242_w10,chainlink,1760062043,0.00181489704366542
uni_weth_3000_month_23544043_23551242_w10,chainlink,1760062883,0.001833529062890067
uni_weth_3000_month_23544043_23551242_w10,chainlink,1760065607,0.001837163046225549
uni_weth_3000_month_23544043_23551242_w10,chainlink,1760065763,0.00181854489694886
uni_weth_3000_month_23544043_23551242_w10,chainlink,1760066747,0.001837200034375753
uni_weth_3000_month_23544043_23551242_w10,chainlink,1760067047,0.001827983110453432
uni_weth_3000_month_23544043_23551242_w10,chainlink,1760067047,0.00186254271940882
uni_weth_3000_month_23544043_23551242_w10,chainlink,1760067227,0.001906806644835397
uni_weth_3000_month_23544043_23551242_w10,chainlink,1760067323,0.001936335109978442
uni_weth_3000_month_23544043_23551242_w10,chainlink,1760067383,0.001915566436935949
uni_weth_3000_month_23544043_23551242_w10,chainlink,1760067467,0.001942913350871423
uni_weth_3000_month_23544043_23551242_w10,chainlink,1760068523,0.001953189917355371
uni_weth_3000_month_23544043_23551242_w10,chainlink,1760068523,0.001933622637741046
uni_weth_3000_month_23544043_23551242_w10,chainlink,1760070023,0.001912463269054178
uni_weth_3000_month_23544043_23551242_w10,chainlink,1760072147,0.00191741813987408
uni_weth_3000_month_23544043_23551242_w10,chainlink,1760072699,0.001896852582897011
uni_weth_3000_month_23544043_23551242_w10,chainlink,1760075483,0.001887356569816646
uni_weth_3000_month_23544043_23551242_w10,chainlink,1760076323,0.0018937272305769
uni_weth_3000_month_23544043_23551242_w10,chainlink,1760078315,0.001903870311787702
uni_weth_3000_month_23544043_23551242_w10,chainlink,1760078699,0.001882885749216041
uni_weth_3000_month_23544043_23551242_w10,chainlink,1760079959,0.001892397099624899
uni_weth_3000_month_23544043_23551242_w10,chainlink,1760082335,0.001895128994263579
uni_weth_3000_month_23544043_23551242_w10,chainlink,1760083223,0.001893598653012345
uni_weth_3000_month_23544043_23551242_w10,chainlink,1760083223,0.001886612705598319
uni_weth_3000_month_23544043_23551242_w10,chainlink,1760086679,0.001876936348772996
uni_weth_3000_month_23544043_23551242_w10,chainlink,1760086835,0.001890262835368386
uni_weth_3000_month_23544043_23551242_w10,chainlink,1760089475,0.001871116446244873
uni_weth_3000_month_23544043_23551242_w10,chainlink,1760089859,0.001881668825701146
uni_weth_3000_month_23544043_23551242_w10,chainlink,1760093099,0.001890363407141469
uni_weth_3000_month_23544043_23551242_w10,chainlink,1760093435,0.001880406593937608
uni_weth_3000_month_23544043_23551242_w10,chainlink,1760096699,0.001873376900968979
uni_weth_3000_month_23544043_23551242_w10,chainlink,1760097059,0.0018753681024965
uni_weth_3000_month_23544043_23551242_w10,chainlink,1760100311,0.001873349460521265
uni_weth_3000_month_23544043_23551242_w10,chainlink,1760100659,0.001872272151685685
uni_weth_3000_month_23544043_23551242_w10,chainlink,1760102435,0.00186224571322068
uni_weth_3000_month_23544043_23551242_w10,chainlink,1760102771,0.001881047865350122
uni_weth_3000_month_23544043_23551242_w10,chainlink,1760102951,0.001900778081456148
uni_weth_3000_month_23544043_23551242_w10,chainlink,1760103611,0.001890284785989057
uni_weth_3000_month_23544043_23551242_w10,chainlink,1760104175,0.001900078940236455
uni_weth_3000_month_23544043_23551242_w10,chainlink,1760104247,0.00188061109909325
uni_weth_3000_month_23544043_23551242_w10,chainlink,1760105807,0.001890123953804035
uni_weth_3000_month_23544043_23551242_w10,chainlink,1760106251,0.001871208042883106
uni_weth_3000_month_23544043_23551242_w10,chainlink,1760106275,0.00188070694124761
uni_weth_3000_month_23544043_23551242_w10,chainlink,1760108351,0.001858049726731992
uni_weth_3000_month_23544043_23551242_w10,chainlink,1760108375,0.00187322270746015
uni_weth_3000_month_23544043_23551242_w10,chainlink,1760108495,0.001883467155097891
uni_weth_3000_month_23544043_23551242_w10,chainlink,1760109491,0.001894174957836368
uni_weth_3000_month_23544043_23551242_w10,chainlink,1760109671,0.001905158130556454
uni_weth_3000_month_23544043_23551242_w10,chainlink,1760109755,0.001917553654044493
uni_weth_3000_month_23544043_23551242_w10,chainlink,1760109755,0.001891627765807034
uni_weth_3000_month_23544043_23551242_w10,chainlink,1760110211,0.001903342539405223
uni_weth_3000_month_23544043_23551242_w10,chainlink,1760110223,0.001884274547055278
uni_weth_3000_month_23544043_23551242_w10,chainlink,1760110271,0.001902666774298064
uni_weth_3000_month_23544043_23551242_w10,chainlink,1760110331,0.001921943808051902
uni_weth_3000_month_23544043_23551242_w10,chainlink,1760110403,0.001889914002648739
uni_weth_3000_month_23544043_23551242_w10,chainlink,1760110427,0.001870306279143757
uni_weth_3000_month_23544043_23551242_w10,chainlink,1760110523,0.001883931888703617
uni_weth_3000_month_23544043_23551242_w10,chainlink,1760110715,0.001871301659426624
uni_weth_3000_month_23544043_23551242_w10,chainlink,1760110871,0.001885151503381019
uni_weth_3000_month_23544043_23551242_w10,chainlink,1760111015,0.001872272557027963
uni_weth_3000_month_23544043_23551242_w10,chainlink,1760111027,0.001892819510616094
uni_weth_3000_month_23544043_23551242_w10,chainlink,1760111795,0.001902787109739709
uni_weth_3000_month_23544043_23551242_w10,chainlink,1760112431,0.001892374897807825
uni_weth_3000_month_23544043_23551242_w10,chainlink,1760113115,0.001902445899247339
uni_weth_3000_month_23544043_23551242_w10,chainlink,1760113451,0.001891203352462886
uni_weth_3000_month_23544043_23551242_w10,chainlink,1760114651,0.001891467589621875
uni_weth_3000_month_23544043_23551242_w10,chainlink,1760115035,0.001901207150581184
uni_weth_3000_month_23544043_23551242_w10,chainlink,1760117231,0.001877804407735961
uni_weth_3000_month_23544043_23551242_w10,chainlink,1760118647,0.001881907451453465
uni_weth_3000_month_23544043_23551242_w10,chainlink,1760119787,0.001862480024615144
uni_weth_3000_month_23544043_23551242_w10,chainlink,1760121647,0.001874348493896699
uni_weth_3000_month_23544043_23551242_w10,chainlink,1760123207,0.001884170875664051
uni_weth_3000_month_23544043_23551242_w10,chainlink,1760123423,0.001868130592230258
uni_weth_3000_month_23544043_23551242_w10,chainlink,1760123567,0.001878454604846422
uni_weth_3000_month_23544043_23551242_w10,chainlink,1760124143,0.001887953621677574
uni_weth_3000_month_23544043_23551242_w10,chainlink,1760124407,0.001877652358735353
uni_weth_3000_month_23544043_23551242_w10,chainlink,1760124527,0.001890812982737669
uni_weth_3000_month_23544043_23551242_w10,chainlink,1760124563,0.001869071691184514
uni_weth_3000_month_23544043_23551242_w10,chainlink,1760124611,0.001885401165283628
uni_weth_3000_month_23544043_23551242_w10,chainlink,1760124635,0.001859259431987287
uni_weth_3000_month_23544043_23551242_w10,chainlink,1760124671,0.001847924733207581
uni_weth_3000_month_23544043_23551242_w10,chainlink,1760124851,0.001860184921073109
uni_weth_3000_month_23544043_23551242_w10,chainlink,1760124971,0.001850796233380493
uni_weth_3000_month_23544043_23551242_w10,chainlink,1760125331,0.00183862366958405
uni_weth_3000_month_23544043_23551242_w10,chainlink,1760125547,0.001858404217974037
uni_weth_3000_month_23544043_23551242_w10,chainlink,1760125547,0.00184868755691306
uni_weth_3000_month_23544043_23551242_w10,chainlink,1760126087,0.00185826913527543
uni_weth_3000_month_23544043_23551242_w10,chainlink,1760129183,0.001857819322364869
uni_weth_3000_month_23544043_23551242_w10,chainlink,1760129447,0.001867546138434724
uni_weth_3000_month_23544043_23551242_w10,chainlink,1760129507,0.001844547348681819
uni_weth_3000_month_23544043_23551242_w10,chainlink,1760129615,0.001819990714063588
uni_weth_3000_month_23544043_23551242_w10,chainlink,1760129615,0.001857245590605233
uni_weth_3000_month_23544043_23551242_w10,chainlink,1760129675,0.001845065730479869
uni_weth_3000_month_23544043_23551242_w10,chainlink,1760129687,0.001864540616177143
uni_weth_3000_month_23544043_23551242_w10,chainlink,1760129711,0.001851686885364493
uni_weth_3000_month_23544043_23551242_w10,chainlink,1760129843,0.001826198646053308
uni_weth_3000_month_23544043_23551242_w10,chainlink,1760129843,0.00184494629344641
uni_weth_3000_month_23544043_23551242_w10,chainlink,1760129867,0.001834402034436814
uni_weth_3000_month_23544043_23551242_w10,chainlink,1760129963,0.001814702118991493
uni_weth_3000_month_23544043_23551242_w10,chainlink,1760129999,0.001825704623022828
uni_weth_3000_month_23544043_23551242_w10,chainlink,1760130035,0.001806410104452372
uni_weth_3000_month_23544043_23551242_w10,chainlink,1760130083,0.001786230950073209
uni_weth_3000_month_23544043_23551242_w10,chainlink,1760130143,0.001776959728376825
uni_weth_3000_month_23544043_23551242_w10,chainlink,1760130143,0.001798597878713277
uni_weth_3000_month_23544043_23551242_w10,chainlink,1760130707,0.001811680753017027
uni_weth_3000_month_23544043_23551242_w10,chainlink,1760130743,0.00178952094871053
uni_weth_3000_month_23544043_23551242_w10,chainlink,1760130791,0.001820805460198297
uni_weth_3000_month_23544043_23551242_w10,chainlink,1760130815,0.001781563420414006
uni_weth_3000_month_23544043_23551242_w10,chainlink,1760130827,0.001824129908695404
uni_weth_3000_month_23544043_23551242_w10,chainlink,1760130839,0.001736152745121736
uni_weth_3000_month_23544043_23551242_w10,chainlink,1760130863,0.001718783219354168
uni_weth_3000_month_23544043_23551242_w10,chainlink,1760130887,0.001653131252314438
uni_weth_3000_month_23544043_23551242_w10,chainlink,1760130899,0.001677564564720116
uni_weth_3000_month_23544043_23551242_w10,chainlink,1760130935,0.001729210160663342
uni_weth_3000_month_23544043_23551242_w10,chainlink,1760130983,0.001672655049571504
uni_weth_3000_month_23544043_23551242_w10,chainlink,1760130995,0.001641124267793389
uni_weth_3000_month_23544043_23551242_w10,chainlink,1760130995,0.001656998402209721
uni_weth_3000_month_23544043_23551242_w10,chainlink,1760131043,0.001503365065897972
uni_weth_3000_month_23544043_23551242_w10,chainlink,1760131067,0.001566373010116997
uni_weth_3000_month_23544043_23551242_w10,chainlink,1760131067,0.001485425786241122
uni_weth_3000_month_23544043_23551242_w10,chainlink,1760131091,0.001457980220353824
uni_weth_3000_month_23544043_23551242_w10,chainlink,1760131127,0.001369834226251305
uni_weth_3000_month_23544043_23551242_w10,chainlink,1760131127,0.00139139102352646
uni_weth_3000_month_23544043_23551242_w10,chainlink,1760131163,0.001282959798512258
uni_weth_3000_month_23544043_23551242_w10,chainlink,1760131199,0.001126306067532737
uni_weth_3000_month_23544043_23551242_w10,chainlink,1760131211,0.001134005739206426
uni_weth_3000_month_23544043_23551242_w10,chainlink,1760131211,0.001156739401631822
uni_weth_3000_month_23544043_23551242_w10,chainlink,1760131235,0.001055767438237527
uni_weth_3000_month_23544043_23551242_w10,chainlink,1760131247,0.001066621898889982
uni_weth_3000_month_23544043_23551242_w10,chainlink,1760131259,0.000912299169211746
uni_weth_3000_month_23544043_23551242_w10,chainlink,1760131295,0.000897022306165717
uni_weth_3000_month_23544043_23551242_w10,chainlink,1760131307,0.000759941820163432
uni_weth_3000_month_23544043_23551242_w10,chainlink,1760131439,0.000703705752365549
uni_weth_3000_month_23544043_23551242_w10,chainlink,1760131439,0.000805983012099342
uni_weth_3000_month_23544043_23551242_w10,chainlink,1760131451,0.000774534663549384
uni_weth_3000_month_23544043_23551242_w10,chainlink,1760131499,0.000876831626655807
uni_weth_3000_month_23544043_23551242_w10,chainlink,1760131535,0.000874533225476399
uni_weth_3000_month_23544043_23551242_w10,chainlink,1760131535,0.000882748572446077
uni_weth_3000_month_23544043_23551242_w10,chainlink,1760131559,0.000941348463673326
uni_weth_3000_month_23544043_23551242_w10,chainlink,1760131619,0.001006880383745011
uni_weth_3000_month_23544043_23551242_w10,chainlink,1760131643,0.001026885209023191
uni_weth_3000_month_23544043_23551242_w10,chainlink,1760131679,0.001040028253235078
uni_weth_3000_month_23544043_23551242_w10,chainlink,1760131679,0.001047230239491303
uni_weth_3000_month_23544043_23551242_w10,chainlink,1760131679,0.001084888559428271
uni_weth_3000_month_23544043_23551242_w10,chainlink,1760131703,0.001113279808041321
uni_weth_3000_month_23544043_23551242_w10,chainlink,1760131811,0.001157279099712951
uni_weth_3000_month_23544043_23551242_w10,chainlink,1760131847,0.001178295667172809
uni_weth_3000_month_23544043_23551242_w10,chainlink,1760131883,0.001206092591185091
uni_weth_3000_month_23544043_23551242_w10,chainlink,1760131883,0.001197494964018104
uni_weth_3000_month_23544043_23551242_w10,chainlink,1760131919,0.001211295661781226
uni_weth_3000_month_23544043_23551242_w10,chainlink,1760131943,0.001184563203665127
uni_weth_3000_month_23544043_23551242_w10,chainlink,1760131967,0.001167193323549993
uni_weth_3000_month_23544043_23551242_w10,chainlink,1760132027,0.00118163794969247
uni_weth_3000_month_23544043_23551242_w10,chainlink,1760132063,0.001211756428462132
uni_weth_3000_month_23544043_23551242_w10,chainlink,1760132123,0.001201572134069723
uni_weth_3000_month_23544043_23551242_w10,chainlink,1760132135,0.001178341475595793
uni_weth_3000_month_23544043_23551242_w10,chainlink,1760132207,0.001218992484678466
uni_weth_3000_month_23544043_23551242_w10,chainlink,1760132327,0.001234519652649888
uni_weth_3000_month_23544043_23551242_w10,chainlink,1760132399,0.001214514898232546
uni_weth_3000_month_23544043_23551242_w10,chainlink,1760132459,0.001252648532226996
uni_weth_3000_month_23544043_23551242_w10,chainlink,1760132543,0.00131863939832192
uni_weth_3000_month_23544043_23551242_w10,chainlink,1760132567,0.001311085575389787
uni_weth_3000_month_23544043_23551242_w10,chainlink,1760132627,0.001371257470181533
uni_weth_3000_month_23544043_23551242_w10,chainlink,1760132699,0.001348133313193619
uni_weth_3000_month_23544043_23551242_w10,chainlink,1760132699,0.001367247014949469
uni_weth_3000_month_23544043_23551242_w10,chainlink,1760132795,0.001393501194793794
uni_weth_3000_month_23544043_23551242_w10,chainlink,1760132843,0.00136978065635224
uni_weth_3000_month_23544043_23551242_w10,chainlink,1760132915,0.001385284142809458
uni_weth_3000_month_23544043_23551242_w10,chainlink,1760132915,0.001400802311537268
uni_weth_3000_month_23544043_23551242_w10,chainlink,1760133023,0.001416697504584488
uni_weth_3000_month_23544043_23551242_w10,chainlink,1760133047,0.0014091130080191
uni_weth_3000_month_23544043_23551242_w10,chainlink,1760133083,0.001430251627887268
uni_weth_3000_month_23544043_23551242_w10,chainlink,1760133119,0.001419697729210756
uni_weth_3000_month_23544043_23551242_w10,chainlink,1760133143,0.001439688206319632
uni_weth_3000_month_23544043_23551242_w10,chainlink,1760133143,0.001424097123817548
uni_weth_3000_month_23544043_23551242_w10,chainlink,1760133227,0.001446479721190302
uni_weth_3000_month_23544043_23551242_w10,chainlink,1760133263,0.001417290286341644
uni_weth_3000_month_23544043_23551242_w10,chainlink,1760133323,0.001424843029400633
uni_weth_3000_month_23544043_23551242_w10,chainlink,1760133431,0.001408169569705286
uni_weth_3000_month_23544043_23551242_w10,chainlink,1760133431,0.001422792587111065
uni_weth_3000_month_23544043_23551242_w10,chainlink,1760133443,0.001415383015571327
uni_weth_3000_month_23544043_23551242_w10,chainlink,1760133563,0.001400639131989336
uni_weth_3000_month_23544043_23551242_w10,chainlink,1760133683,0.00138470591440721
uni_weth_3000_month_23544043_23551242_w10,chainlink,1760133803,0.001393534416070907
uni_weth_3000_month_23544043_23551242_w10,chainlink,1760133803,0.001379421465124252
uni_weth_3000_month_23544043_23551242_w10,chainlink,1760133899,0.001390141027559788
uni_weth_3000_month_23544043_23551242_w10,chainlink,1760133923,0.001372545755179178
uni_weth_3000_month_23544043_23551242_w10,chainlink,1760133959,0.001329851817365678
uni_weth_3000_month_23544043_23551242_w10,chainlink,1760133983,0.001305017887148324
uni_weth_3000_month_23544043_23551242_w10,chainlink,1760134007,0.001314876153772464
uni_weth_3000_month_23544043_23551242_w10,chainlink,1760134019,0.001342935744779459
uni_weth_3000_month_23544043_23551242_w10,chainlink,1760134079,0.001364822901337975
uni_weth_3000_month_23544043_23551242_w10,chainlink,1760134163,0.001378724061263569
uni_weth_3000_month_23544043_23551242_w10,chainlink,1760134223,0.001367521873089308
uni_weth_3000_month_23544043_23551242_w10,chainlink,1760134439,0.001381983361629429
uni_weth_3000_month_23544043_23551242_w10,chainlink,1760134643,0.001399143328420623
uni_weth_3000_month_23544043_23551242_w10,chainlink,1760134763,0.001384892024447216
uni_weth_3000_month_23544043_23551242_w10,chainlink,1760134799,0.001392707569657169
uni_weth_3000_month_23544043_23551242_w10,chainlink,1760135003,0.001378657163750775
uni_weth_3000_month_23544043_23551242_w10,chainlink,1760135099,0.00138705178834374
uni_weth_3000_month_23544043_23551242_w10,chainlink,1760135447,0.001378613133444741
uni_weth_3000_month_23544043_23551242_w10,chainlink,1760135699,0.001394111616130575
uni_weth_3000_month_23544043_23551242_w10,chainlink,1760135759,0.001386187516416905
uni_weth_3000_month_23544043_23551242_w10,chainlink,1760135819,0.001407505199894103
uni_weth_3000_month_23544043_23551242_w10,chainlink,1760135939,0.001415159198440698
uni_weth_3000_month_23544043_23551242_w10,chainlink,1760136023,0.001429405184472809
uni_weth_3000_month_23544043_23551242_w10,chainlink,1760136143,0.001447917234090698
uni_weth_3000_month_23544043_23551242_w10,chainlink,1760136443,0.001463060042376803
uni_weth_3000_month_23544043_23551242_w10,chainlink,1760136539,0.00145355140048437
uni_weth_3000_month_23544043_23551242_w10,chainlink,1760136623,0.001473231797790698
uni_weth_3000_month_23544043_23551242_w10,chainlink,1760136659,0.001481234654686296
uni_weth_3000_month_23544043_23551242_w10,chainlink,1760136983,0.001493265928913694
uni_weth_3000_month_23544043_23551242_w10,chainlink,1760137439,0.001485476401604247
uni_weth_3000_month_23544043_23551242_w10,chainlink,1760137583,0.001494929502075697
uni_weth_3000_month_23544043_23551242_w10,chainlink,1760137883,0.001476376915459884
uni_weth_3000_month_23544043_23551242_w10,chainlink,1760137943,0.001488153226270048
uni_weth_3000_month_23544043_23551242_w10,chainlink,1760137979,0.001467166934063579
uni_weth_3000_month_23544043_23551242_w10,chainlink,1760138099,0.001488142442422563
uni_weth_3000_month_23544043_23551242_w10,chainlink,1760138279,0.001478335208419324
uni_weth_3000_month_23544043_23551242_w10,chainlink,1760138339,0.001499414534072079
uni_weth_3000_month_23544043_23551242_w10,chainlink,1760138543,0.001515247333862878
uni_weth_3000_month_23544043_23551242_w10,chainlink,1760138783,0.001535872413795969
uni_weth_3000_month_23544043_23551242_w10,chainlink,1760138843,0.001521918949006452
uni_weth_3000_month_23544043_23551242_w10,chainlink,1760139083,0.001537153919691041
uni_weth_3000_month_23544043_23551242_w10,chainlink,1760139359,0.001558417171386517
uni_weth_3000_month_23544043_23551242_w10,chainlink,1760139623,0.001550393553280744
uni_weth_3000_month_23544043_23551242_w10,chainlink,1760140043,0.001558510342942852
uni_weth_3000_month_23544043_23551242_w10,chainlink,1760140043,0.001542386560850826
uni_weth_3000_month_23544043_23551242_w10,chainlink,1760140199,0.001521532073048253
uni_weth_3000_month_23544043_23551242_w10,chainlink,1760140199,0.001530865012157252
uni_weth_3000_month_23544043_23551242_w10,chainlink,1760140379,0.001512266022629166
uni_weth_3000_month_23544043_23551242_w10,chainlink,1760140499,0.001521027124404909
uni_weth_3000_month_23544043_23551242_w10,chainlink,1760140883,0.001505606305595372
uni_weth_3000_month_23544043_23551242_w10,chainlink,1760141039,0.001522251466566602
uni_weth_3000_month_23544043_23551242_w10,chainlink,1760141063,0.001514397454368514
uni_weth_3000_month_23544043_23551242_w10,chainlink,1760141639,0.001533408201957578
uni_weth_3000_month_23544043_23551242_w10,chainlink,1760141879,0.001542106317567755
uni_weth_3000_month_23544043_23551242_w10,chainlink,1760141963,0.001552731012400974
uni_weth_3000_month_23544043_23551242_w10,chainlink,1760141963,0.001534042127649531
uni_weth_3000_month_23544043_23551242_w10,chainlink,1760141999,0.001516320306497334
uni_weth_3000_month_23544043_23551242_w10,chainlink,1760142143,0.001508702091861165
uni_weth_3000_month_23544043_23551242_w10,chainlink,1760142263,0.001523861602740865
uni_weth_3000_month_23544043_23551242_w10,chainlink,1760142599,0.001515929618555202
uni_weth_3000_month_23544043_23551242_w10,chainlink,1760142599,0.001532451678294815
uni_weth_3000_month_23544043_23551242_w10,chainlink,1760142743,0.001541004494828019
uni_weth_3000_month_23544043_23551242_w10,chainlink,1760142779,0.001524229096747641
uni_weth_3000_month_23544043_23551242_w10,chainlink,1760143523,0.001516002961377383
uni_weth_3000_month_23544043_23551242_w10,chainlink,1760143619,0.001533086063842557
uni_weth_3000_month_23544043_23551242_w10,chainlink,1760143679,0.001524981791480391
uni_weth_3000_month_23544043_23551242_w10,chainlink,1760144123,0.001532652520727003
uni_weth_3000_month_23544043_23551242_w10,chainlink,1760144543,0.00154159806321339
uni_weth_3000_month_23544043_23551242_w10,chainlink,1760144603,0.001525914547908228
uni_weth_3000_month_23544043_23551242_w10,chainlink,1760145083,0.00150880299172348
uni_weth_3000_month_23544043_23551242_w10,chainlink,1760145179,0.001516977810169087
uni_weth_3000_month_23544043_23551242_w10,chainlink,1760145515,0.001501623984808144
uni_weth_3000_month_23544043_23551242_w10,chainlink,1760145563,0.001512777798325631
uni_weth_3000_month_23544043_23551242_w10,chainlink,1760145875,0.001497249075181178
uni_weth_3000_month_23544043_23551242_w10,chainlink,1760146475,0.001513112592064173
uni_weth_3000_month_23551243_23558442_w11,chainlink,1760146475,0.001513112592064173
uni_weth_3000_month_23551243_23558442_w11,chainlink,1760146919,0.001495765457416966
uni_weth_3000_month_23551243_23558442_w11,chainlink,1760146979,0.001505114073288198
uni_weth_3000_month_23551243_23558442_w11,chainlink,1760147579,0.001489776234942502
uni_weth_3000_month_23551243_23558442_w11,chainlink,1760147663,0.001498229774253721
uni_weth_3000_month_23551243_23558442_w11,chainlink,1760148215,0.001515752230852612
uni_weth_3000_month_23551243_23558442_w11,chainlink,1760148215,0.001508090002122165
uni_weth_3000_month_23551243_23558442_w11,chainlink,1760148419,0.001533071647585738
uni_weth_3000_month_23551243_23558442_w11,chainlink,1760148455,0.001522801481889554
uni_weth_3000_month_23551243_23558442_w11,chainlink,1760149019,0.001540749665516943
uni_weth_3000_month_23551243_23558442_w11,chainlink,1760149439,0.001529322916010498
uni_weth_3000_month_23551243_23558442_w11,chainlink,1760149679,0.001545355824146981
uni_weth_3000_month_23551243_23558442_w11,chainlink,1760149955,0.001564626606299212
uni_weth_3000_month_23551243_23558442_w11,chainlink,1760150099,0.001556773277586558
uni_weth_3000_month_23551243_23558442_w11,chainlink,1760150675,0.00154899820381785
uni_weth_3000_month_23551243_23558442_w11,chainlink,1760150699,0.001566852365938679
uni_weth_3000_month_23551243_23558442_w11,chainlink,1760151515,0.001549978504808058
uni_weth_3000_month_23551243_23558442_w11,chainlink,1760151959,0.00155877211091454
uni_weth_3000_month_23551243_23558442_w11,chainlink,1760152019,0.001541849046052373
uni_weth_3000_month_23551243_23558442_w11,chainlink,1760152199,0.001550655693160903
uni_weth_3000_month_23551243_23558442_w11,chainlink,1760152235,0.001531895703822756
uni_weth_3000_month_23551243_23558442_w11,chainlink,1760152835,0.001541058318511952
uni_weth_3000_month_23551243_23558442_w11,chainlink,1760153879,0.001524183121413495
uni_weth_3000_month_23551243_23558442_w11,chainlink,1760154635,0.001540120917722141
uni_weth_3000_month_23551243_23558442_w11,chainlink,1760155319,0.001528452003935716
uni_weth_3000_month_23551243_23558442_w11,chainlink,1760155619,0.001537261130360663
uni_weth_3000_month_23551243_23558442_w11,chainlink,1760156219,0.001527282923811672
uni_weth_3000_month_23551243_23558442_w11,chainlink,1760157479,0.001536320294981546
uni_weth_3000_month_23551243_23558442_w11,chainlink,1760158271,0.001540195907857132
uni_weth_3000_month_23551243_23558442_w11,chainlink,1760158451,0.001530757430323109
uni_weth_3000_month_23551243_23558442_w11,chainlink,1760158463,0.001547012253906178
uni_weth_3000_month_23551243_23558442_w11,chainlink,1760160299,0.001555410822477737
uni_weth_3000_month_23551243_23558442_w11,chainlink,1760160515,0.001563351531398058
uni_weth_3000_month_23551243_23558442_w11,chainlink,1760160515,0.001546661607910879
uni_weth_3000_month_23551243_23558442_w11,chainlink,1760161691,0.001538717311278971
uni_weth_3000_month_23551243_23558442_w11,chainlink,1760163755,0.001554206261096248
uni_weth_3000_month_23551243_23558442_w11,chainlink,1760165315,0.001555431060960459
uni_weth_3000_month_23551243_23558442_w11,chainlink,1760165795,0.001536850329234089
uni_weth_3000_month_23551243_23558442_w11,chainlink,1760166335,0.001545197407643867
uni_weth_3000_month_23551243_23558442_w11,chainlink,1760166851,0.001562969977842475
uni_weth_3000_month_23551243_23558442_w11,chainlink,1760169023,0.001572744019189822
uni_weth_3000_month_23551243_23558442_w11,chainlink,1760169371,0.001564862512502073
uni_weth_3000_month_23551243_23558442_w11,chainlink,1760169635,0.001566755129041488
uni_weth_3000_month_23551243_23558442_w11,chainlink,1760169647,0.001565363075132379
uni_weth_3000_month_23551243_23558442_w11,chainlink,1760170571,0.001556568104849792
uni_weth_3000_month_23551243_23558442_w11,chainlink,1760170691,0.001572636179171909
uni_weth_3000_month_23551243_23558442_w11,chainlink,1760170835,0.001561957115142796
uni_weth_3000_month_23551243_23558442_w11,chainlink,1760172167,0.001578837147274937
uni_weth_3000_month_23551243_23558442_w11,chainlink,1760173331,0.001594769113242169
uni_weth_3000_month_23551243_23558442_w11,chainlink,1760173415,0.001586674434493501
uni_weth_3000_month_23551243_23558442_w11,chainlink,1760173871,0.001578314455707966
uni_weth_3000_month_23551243_23558442_w11,chainlink,1760174231,0.001586624431027655
uni_weth_3000_month_23551243_23558442_w11,chainlink,1760176127,0.001567571357623838
uni_weth_3000_month_23551243_23558442_w11,chainlink,1760177867,0.001566957286107648
uni_weth_3000_month_23551243_23558442_w11,chainlink,1760178167,0.001583234958138908
uni_weth_3000_month_23551243_23558442_w11,chainlink,1760178407,0.001574266161106121
uni_weth_3000_month_23551243_23558442_w11,chainlink,1760179427,0.001558120866947275
uni_weth_3000_month_23551243_23558442_w11,chainlink,1760179751,0.001566910742718467
uni_weth_3000_month_23551243_23558442_w11,chainlink,1760181407,0.001575563722273264
uni_weth_3000_month_23551243_23558442_w11,chainlink,1760182031,0.001567007071983335
uni_weth_3000_month_23551243_23558442_w11,chainlink,1760183063,0.001569401585651391
uni_weth_3000_month_23551243_23558442_w11,chainlink,1760185727,0.001565307503020581
uni_weth_3000_month_23551243_23558442_w11,chainlink,1760186687,0.001567588479605866
uni_weth_3000_month_23551243_23558442_w11,chainlink,1760186867,0.001576158125274909
uni_weth_3000_month_23551243_23558442_w11,chainlink,1760187167,0.00155928968644618
uni_weth_3000_month_23551243_23558442_w11,chainlink,1760188523,0.001575278517269547
uni_weth_3000_month_23551243_23558442_w11,chainlink,1760189591,0.001586348574758295
uni_weth_3000_month_23551243_23558442_w11,chainlink,1760189591,0.001567527827482567
uni_weth_3000_month_23551243_23558442_w11,chainlink,1760190467,0.001559582974236627
uni_weth_3000_month_23551243_23558442_w11,chainlink,1760190743,0.001575942374427689
uni_weth_3000_month_23551243_23558442_w11,chainlink,1760190743,0.001567592161233906
uni_weth_3000_month_23551243_23558442_w11,chainlink,1760192627,0.001575585282023776
uni_weth_3000_month_23551243_23558442_w11,chainlink,1760194379,0.001575994621514498
uni_weth_3000_month_23551243_23558442_w11,chainlink,1760195099,0.001592086601904948
uni_weth_3000_month_23551243_23558442_w11,chainlink,1760195183,0.001583466267502925
uni_weth_3000_month_23551243_23558442_w11,chainlink,1760195627,0.001575071114176207
uni_weth_3000_month_23551243_23558442_w11,chainlink,1760196947,0.001583057905452914
uni_weth_3000_month_23551243_23558442_w11,chainlink,1760198723,0.001589270306565679
uni_weth_3000_month_23551243_23558442_w11,chainlink,1760200547,0.001593982848131413
uni_weth_3000_month_23551243_23558442_w11,chainlink,1760201123,0.001577851574925485
uni_weth_3000_month_23551243_23558442_w11,chainlink,1760203487,0.001569991376336089
uni_weth_3000_month_23551243_23558442_w11,chainlink,1760203583,0.001585973746763637
uni_weth_3000_month_23551243_23558442_w11,chainlink,1760204363,0.001594131833894806
uni_weth_3000_month_23551243_23558442_w11,chainlink,1760207195,0.00158880074771983
uni_weth_3000_month_23551243_23558442_w11,chainlink,1760207999,0.001588704347220197
uni_weth_3000_month_23551243_23558442_w11,chainlink,1760209379,0.001570467134652765
uni_weth_3000_month_23551243_23558442_w11,chainlink,1760209463,0.00157887093202068
uni_weth_3000_month_23551243_23558442_w11,chainlink,1760210003,0.001587299258306557
uni_weth_3000_month_23551243_23558442_w11,chainlink,1760210279,0.001568773937100238
uni_weth_3000_month_23551243_23558442_w11,chainlink,1760210507,0.00157745658071305
uni_weth_3000_month_23551243_23558442_w11,chainlink,1760211287,0.00155907152320754
uni_weth_3000_month_23551243_23558442_w11,chainlink,1760213999,0.001567555937329721
uni_weth_3000_month_23551243_23558442_w11,chainlink,1760214443,0.001550394729225211
uni_weth_3000_month_23551243_23558442_w11,chainlink,1760214515,0.001561492066824953
uni_weth_3000_month_23551243_23558442_w11,chainlink,1760214779,0.001569760192587659
uni_weth_3000_month_23551243_23558442_w11,chainlink,1760215043,0.001549532837856678
uni_weth_3000_month_23551243_23558442_w11,chainlink,1760215643,0.001566226053356174
uni_weth_3000_month_23551243_23558442_w11,chainlink,1760215679,0.001557169548231814
uni_weth_3000_month_23551243_23558442_w11,chainlink,1760215799,0.001565279477598659
uni_weth_3000_month_23551243_23558442_w11,chainlink,1760216183,0.001573449571596489
uni_weth_3000_month_23551243_23558442_w11,chainlink,1760216243,0.00155638780892922
uni_weth_3000_month_23551243_23558442_w11,chainlink,1760216375,0.001547568989054419
uni_weth_3000_month_23551243_23558442_w11,chainlink,1760216639,0.001555931783482592
uni_weth_3000_month_23551243_23558442_w11,chainlink,1760216795,0.001565324404949073
uni_weth_3000_month_23551243_23558442_w11,chainlink,1760216963,0.001548751879144165
uni_weth_3000_month_23551243_23558442_w11,chainlink,1760217203,0.001540847907211302
uni_weth_3000_month_23551243_23558442_w11,chainlink,1760217431,0.001563369457144677
uni_weth_3000_month_23551243_23558442_w11,chainlink,1760217431,0.001555364144342204
uni_weth_3000_month_23551243_23558442_w11,chainlink,1760217443,0.001558612064790178
uni_weth_3000_month_23551243_23558442_w11,chainlink,1760217815,0.00157522311922303
uni_weth_3000_month_23551243_23558442_w11,chainlink,1760217815,0.001564793938174334
uni_weth_3000_month_23551243_23558442_w11,chainlink,1760217935,0.001556141961378219
uni_weth_3000_month_23551243_23558442_w11,chainlink,1760218475,0.001564762099631904
uni_weth_3000_month_23551243_23558442_w11,chainlink,1760218655,0.001556706932090638
uni_weth_3000_month_23551243_23558442_w11,chainlink,1760221427,0.001562362024596348
uni_weth_3000_month_23551243_23558442_w11,chainlink,1760222279,0.001553908251541143
uni_weth_3000_month_23551243_23558442_w11,chainlink,1760224079,0.001562278287707136
uni_weth_3000_month_23551243_23558442_w11,chainlink,1760225039,0.001569637450923756
uni_weth_3000_month_23551243_23558442_w11,chainlink,1760227691,0.001568945098951274
uni_weth_3000_month_23551243_23558442_w11,chainlink,1760228663,0.001567949009952602
uni_weth_3000_month_23551243_23558442_w11,chainlink,1760228939,0.001575987024062647
uni_weth_3000_month_23551243_23558442_w11,chainlink,1760229203,0.001566516806217699
uni_weth_3000_month_23551243_23558442_w11,chainlink,1760229419,0.001557321697146792
uni_weth_3000_month_23551243_23558442_w11,chainlink,1760229683,0.001566500070776322
uni_weth_3000_month_23551243_23558442_w11,chainlink,1760229719,0.001568123691670427
uni_weth_3000_month_23551243_23558442_w11,chainlink,1760230319,0.00157647950960454
uni_weth_3000_month_23551243_23558442_w11,chainlink,1760230763,0.001584785134481658
uni_weth_3000_month_23551243_23558442_w11,chainlink,1760231171,0.00157318159319907
uni_weth_3000_month_23551243_23558442_w11,chainlink,1760232299,0.001566685289629407
uni_weth_3000_month_23558443_23565642_w12,chainlink,1760232299,0.001566685289629407
uni_weth_3000_month_23558443_23565642_w12,chainlink,1760234783,0.001571236089335677
uni_weth_3000_month_23558443_23565642_w12,chainlink,1760235923,0.001571673432859955
uni_weth_3000_month_23558443_23565642_w12,chainlink,1760236019,0.001563734432020271
uni_weth_3000_month_23558443_23565642_w12,chainlink,1760237483,0.001572328840078149
uni_weth_3000_month_23558443_23565642_w12,chainlink,1760237999,0.001563999058720212
uni_weth_3000_month_23558443_23565642_w12,chainlink,1760238335,0.001581784354707826
uni_weth_3000_month_23558443_23565642_w12,chainlink,1760238515,0.001573157768671989
uni_weth_3000_month_23558443_23565642_w12,chainlink,1760239355,0.00156472482430636
uni_weth_3000_month_23558443_23565642_w12,chainlink,1760239379,0.001580515816399485
uni_weth_3000_month_23558443_23565642_w12,chainlink,1760240327,0.001571311037339373
uni_weth_3000_month_23558443_23565642_w12,chainlink,1760242679,0.00158993149594587
uni_weth_3000_month_23558443_23565642_w12,chainlink,1760242739,0.001581881285945971
uni_weth_3000_month_23558443_23565642_w12,chainlink,1760246315,0.001592691158584834
uni_weth_3000_month_23558443_23565642_w12,chainlink,1760246375,0.001594869061295145
uni_weth_3000_month_23558443_23565642_w12,chainlink,1760249951,0.00160579804338133
uni_weth_3000_month_23558443_23565642_w12,chainlink,1760249999,0.001600749998774793
uni_weth_3000_month_23558443_23565642_w12,chainlink,1760252675,0.001616759025147374
uni_weth_3000_month_23558443_23565642_w12,chainlink,1760252879,0.001608186183995672
uni_weth_3000_month_23558443_23565642_w12,chainlink,1760254223,0.001616318746455026
uni_weth_3000_month_23558443_23565642_w12,chainlink,1760254295,0.001599731668124265
uni_weth_3000_month_23558443_23565642_w12,chainlink,1760256035,0.001596827188856024
uni_weth_3000_month_23558443_23565642_w12,chainlink,1760256035,0.001604938268415059
uni_weth_3000_month_23558443_23565642_w12,chainlink,1760259551,0.001587747320541155
uni_weth_3000_month_23558443_23565642_w12,chainlink,1760259731,0.001591432634785089
uni_weth_3000_month_23558443_23565642_w12,chainlink,1760262935,0.001582937021061338
uni_weth_3000_month_23558443_23565642_w12,chainlink,1760263187,0.00158444077805817
uni_weth_3000_month_23558443_23565642_w12,chainlink,1760264411,0.001593443763611235
uni_weth_3000_month_23558443_23565642_w12,chainlink,1760266811,0.001587783175307548
uni_weth_3000_month_23558443_23565642_w12,chainlink,1760268035,0.001588362556709102
uni_weth_3000_month_23558443_23565642_w12,chainlink,1760270447,0.001592313276053737
uni_weth_3000_month_23558443_23565642_w12,chainlink,1760271251,0.00158404052535716
uni_weth_3000_month_23558443_23565642_w12,chainlink,1760271827,0.001601109686659705
uni_weth_3000_month_23558443_23565642_w12,chainlink,1760274887,0.001604729972705544
uni_weth_3000_month_23558443_23565642_w12,chainlink,1760275271,0.001587598594774261
uni_weth_3000_month_23558443_23565642_w12,chainlink,1760275367,0.001595947321258992
uni_weth_3000_month_23558443_23565642_w12,chainlink,1760276159,0.001579843407659665
uni_weth_3000_month_23558443_23565642_w12,chainlink,1760277947,0.001597010157198504
uni_weth_3000_month_23558443_23565642_w12,chainlink,1760278787,0.001588994239940115
uni_weth_3000_month_23558443_23565642_w12,chainlink,1760280383,0.001605038135769147
uni_weth_3000_month_23558443_23565642_w12,chainlink,1760280383,0.001593130730992106
uni_weth_3000_month_23558443_23565642_w12,chainlink,1760280431,0.001583707107723711
uni_weth_3000_month_23558443_23565642_w12,chainlink,1760280467,0.001600239834807313
uni_weth_3000_month_23558443_23565642_w12,chainlink,1760280527,0.001578128700399974
uni_weth_3000_month_23558443_23565642_w12,chainlink,1760280587,0.001595356645292362
uni_weth_3000_month_23558443_23565642_w12,chainlink,1760280731,0.001579194738628222
uni_weth_3000_month_23558443_23565642_w12,chainlink,1760280779,0.00160043045713352
uni_weth_3000_month_23558443_23565642_w12,chainlink,1760280935,0.001592079607990176
uni_weth_3000_month_23558443_23565642_w12,chainlink,1760281043,0.001582327073526422
uni_weth_3000_month_23558443_23565642_w12,chainlink,1760281151,0.001592829217685644
uni_weth_3000_month_23558443_23565642_w12,chainlink,1760281199,0.001576534454711529
uni_weth_3000_month_23558443_23565642_w12,chainlink,1760281211,0.001585085571422199
uni_weth_3000_month_23558443_23565642_w12,chainlink,1760281343,0.001602998842754668
uni_weth_3000_month_23558443_23565642_w12,chainlink,1760281367,0.001594906067378736
uni_weth_3000_month_23558443_23565642_w12,chainlink,1760281607,0.001585751484929243
uni_weth_3000_month_23558443_23565642_w12,chainlink,1760281643,0.001602006614062721
uni_weth_3000_month_23558443_23565642_w12,chainlink,1760282231,0.001591477011562769
uni_weth_3000_month_23558443_23565642_w12,chainlink,1760282387,0.00158249803515582
uni_weth_3000_month_23558443_23565642_w12,chainlink,1760282867,0.00159362123372418
uni_weth_3000_month_23558443_23565642_w12,chainlink,1760283191,0.001603510886837661
uni_weth_3000_month_23558443_23565642_w12,chainlink,1760283371,0.001613508559108335
uni_weth_3000_month_23558443_23565642_w12,chainlink,1760283491,0.00160543175565957
uni_weth_3000_month_23558443_23565642_w12,chainlink,1760284151,0.001596268828576602
uni_weth_3000_month_23558443_23565642_w12,chainlink,1760284907,0.001612673265292897
uni_weth_3000_month_23558443_23565642_w12,chainlink,1760284991,0.001602231253571921
uni_weth_3000_month_23558443_23565642_w12,chainlink,1760285171,0.001591709643946647
uni_weth_3000_month_23558443_23565642_w12,chainlink,1760285219,0.001613761312850117
uni_weth_3000_month_23558443_23565642_w12,chainlink,1760285747,0.001596503757185735
uni_weth_3000_month_23558443_23565642_w12,chainlink,1760286923,0.001613026773256542
uni_weth_3000_month_23558443_23565642_w12,chainlink,1760287103,0.001623365376516224
uni_weth_3000_month_23558443_23565642_w12,chainlink,1760287523,0.001614827838112417
uni_weth_3000_month_23558443_23565642_w12,chainlink,1760287559,0.001585514142434693
uni_weth_3000_month_23558443_23565642_w12,chainlink,1760287559,0.001605768293018107
uni_weth_3000_month_23558443_23565642_w12,chainlink,1760287703,0.001586445958970687
uni_weth_3000_month_23558443_23565642_w12,chainlink,1760287715,0.001603084072617402
uni_weth_3000_month_23558443_23565642_w12,chainlink,1760288783,0.001619938372673597
uni_weth_3000_month_23558443_23565642_w12,chainlink,1760288987,0.001607681831355267
uni_weth_3000_month_23558443_23565642_w12,chainlink,1760291399,0.001588711523374078
uni_weth_3000_month_23558443_23565642_w12,chainlink,1760291495,0.001597866375942575
uni_weth_3000_month_23558443_23565642_w12,chainlink,1760292383,0.001589592981101107
uni_weth_3000_month_23558443_23565642_w12,chainlink,1760293643,0.001597711302731069
uni_weth_3000_month_23558443_23565642_w12,chainlink,1760294843,0.00160605741016368
uni_weth_3000_month_23558443_23565642_w12,chainlink,1760295011,0.001602741285732006
uni_weth_3000_month_23558443_23565642_w12,chainlink,1760296067,0.00159474693864734
uni_weth_3000_month_23558443_23565642_w12,chainlink,1760296367,0.00161096179121318
uni_weth_3000_month_23558443_23565642_w12,chainlink,1760298827,0.001602683633194688
uni_weth_3000_month_23558443_23565642_w12,chainlink,1760299991,0.001601657499028357
uni_weth_3000_month_23558443_23565642_w12,chainlink,1760302223,0.001593519424245026
uni_weth_3000_month_23558443_23565642_w12,chainlink,1760302343,0.001584469788324079
uni_weth_3000_month_23558443_23565642_w12,chainlink,1760302379,0.001592445945579653
uni_weth_3000_month_23558443_23565642_w12,chainlink,1760302619,0.001604302242475637
uni_weth_3000_month_23558443_23565642_w12,chainlink,1760303639,0.001612194250015132
uni_weth_3000_month_23558443_23565642_w12,chainlink,1760303639,0.0016020328774885
uni_weth_3000_month_23558443_23565642_w12,chainlink,1760304119,0.001610885878231456
uni_weth_3000_month_23558443_23565642_w12,chainlink,1760304503,0.001592340541193525
uni_weth_3000_month_23558443_23565642_w12,chainlink,1760304563,0.001604145876637442
uni_weth_3000_month_23558443_23565642_w12,chainlink,1760305559,0.001596073972619233
uni_weth_3000_month_23558443_23565642_w12,chainlink,1760306447,0.001613168755457073
uni_weth_3000_month_23558443_23565642_w12,chainlink,1760306459,0.001603987448251513
uni_weth_3000_month_23558443_23565642_w12,chainlink,1760306771,0.001612863441563158
uni_weth_3000_month_23558443_23565642_w12,chainlink,1760309303,0.001604375606642661
uni_weth_3000_month_23558443_23565642_w12,chainlink,1760310083,0.001597519782270981
uni_weth_3000_month_23558443_23565642_w12,chainlink,1760310179,0.001605721319157002
uni_weth_3000_month_23558443_23565642_w12,chainlink,1760311883,0.00159757503817805
uni_weth_3000_month_23558443_23565642_w12,chainlink,1760313707,0.001591767517858934
uni_weth_3000_month_23558443_23565642_w12,chainlink,1760314739,0.001581666928334833
uni_weth_3000_month_23558443_23565642_w12,chainlink,1760315099,0.001590165173640937
uni_weth_3000_month_23558443_23565642_w12,chainlink,1760315975,0.001570052839395667
uni_weth_3000_month_23558443_23565642_w12,chainlink,1760316035,0.001578049422099722
uni_weth_3000_month_23558443_23565642_w12,chainlink,1760318615,0.001568928137763888
uni_weth_3000_month_23558443_23565642_w12,chainlink,1760319203,0.001585253425525095
uni_weth_3000_month_23565643_23572842_w13,chainlink,1760319203,0.001585253425525095
uni_weth_3000_month_23565643_23572842_w13,chainlink,1760320619,0.001576229452501153
uni_weth_3000_month_23565643_23572842_w13,chainlink,1760320859,0.001568350267238166
uni_weth_3000_month_23565643_23572842_w13,chainlink,1760321027,0.00157640455579229
uni_weth_3000_month_23565643_23572842_w13,chainlink,1760322839,0.001567641700571564
uni_weth_3000_month_23565643_23572842_w13,chainlink,1760323139,0.001576481458051863
uni_weth_3000_month_23565643_23572842_w13,chainlink,1760326475,0.001579203184769719
uni_weth_3000_month_23565643_23572842_w13,chainlink,1760326775,0.001583628640126306
uni_weth_3000_month_23565643_23572842_w13,chainlink,1760329331,0.001592508633009172
uni_weth_3000_month_23565643_23572842_w13,chainlink,1760330111,0.001594186655592059
uni_weth_3000_month_23565643_23572842_w13,chainlink,1760331575,0.00158522356410933
uni_weth_3000_month_23565643_23572842_w13,chainlink,1760333747,0.001595834244036885
uni_weth_3000_month_23565643_23572842_w13,chainlink,1760335211,0.001600916264029227
uni_weth_3000_month_23565643_23572842_w13,chainlink,1760336363,0.001591882589778557
uni_weth_3000_month_23565643_23572842_w13,chainlink,1760336867,0.001608917846998241
uni_weth_3000_month_23565643_23572842_w13,chainlink,1760337251,0.001600489914886691
uni_weth_3000_month_23565643_23572842_w13,chainlink,1760337815,0.001609171042779638
uni_weth_3000_month_23565643_23572842_w13,chainlink,1760338871,0.001601015507226338
uni_weth_3000_month_23565643_23572842_w13,chainlink,1760339843,0.001617041542145588
uni_weth_3000_month_23565643_23572842_w13,chainlink,1760341367,0.001608963264693765
uni_weth_3000_month_23565643_23572842_w13,chainlink,1760341607,0.00161838910371362
uni_weth_3000_month_23565643_23572842_w13,chainlink,1760342435,0.001616358267778466
uni_weth_3000_month_23565643_23572842_w13,chainlink,1760342435,0.001606949861142278
uni_weth_3000_month_23565643_23572842_w13,chainlink,1760344955,0.001623579492496158
uni_weth_3000_month_23565643_23572842_w13,chainlink,1760346047,0.001625430598988064
uni_weth_3000_month_23565643_23572842_w13,chainlink,1760346827,0.001634165291719895
uni_weth_3000_month_23565643_23572842_w13,chainlink,1760347715,0.001617748366021903
uni_weth_3000_month_23565643_23572842_w13,chainlink,1760350451,0.001616849274045625
uni_weth_3000_month_23565643_23572842_w13,chainlink,1760351327,0.001622925457011959
uni_weth_3000_month_23565643_23572842_w13,chainlink,1760353367,0.00163160364250538
uni_weth_3000_month_23565643_23572842_w13,chainlink,1760353571,0.001615013096750952
uni_weth_3000_month_23565643_23572842_w13,chainlink,1760354687,0.001624235758419373
uni_weth_3000_month_23565643_23572842_w13,chainlink,1760354951,0.001637149300206642
uni_weth_3000_month_23565643_23572842_w13,chainlink,1760354951,0.001613168972075065
uni_weth_3000_month_23565643_23572842_w13,chainlink,1760355707,0.001632094768612732
uni_weth_3000_month_23565643_23572842_w13,chainlink,1760357459,0.001622545593305471
uni_weth_3000_month_23565643_23572842_w13,chainlink,1760358407,0.001639724687047395
uni_weth_3000_month_23565643_23572842_w13,chainlink,1760358803,0.001628797491698234
uni_weth_3000_month_23565643_23572842_w13,chainlink,1760359895,0.001637680212255076
uni_weth_3000_month_23565643_23572842_w13,chainlink,1760360327,0.001620772775534655
uni_weth_3000_month_23565643_23572842_w13,chainlink,1760361527,0.001637174073027824
uni_weth_3000_month_23565643_23572842_w13,chainlink,1760362283,0.001628790333332736
uni_weth_3000_month_23565643_23572842_w13,chainlink,1760362283,0.001647786880344669
uni_weth_3000_month_23565643_23572842_w13,chainlink,1760362343,0.001639294133384752
uni_weth_3000_month_23565643_23572842_w13,chainlink,1760362403,0.001629241209725715
uni_weth_3000_month_23565643_23572842_w13,chainlink,1760362535,0.001637913070144798
uni_weth_3000_month_23565643_23572842_w13,chainlink,1760362715,0.001648717961895289
uni_weth_3000_month_23565643_23572842_w13,chainlink,1760363531,0.001638693777979096
uni_weth_3000_month_23565643_23572842_w13,chainlink,1760363975,0.001630435344981918
uni_weth_3000_month_23565643_23572842_w13,chainlink,1760364431,0.001641054284645731
uni_weth_3000_month_23565643_23572842_w13,chainlink,1760365295,0.00162195486976559
uni_weth_3000_month_23565643_23572842_w13,chainlink,1760365379,0.001632241918447526
uni_weth_3000_month_23565643_23572842_w13,chainlink,1760365871,0.001640636913169327
uni_weth_3000_month_23565643_23572842_w13,chainlink,1760366075,0.001632021193577836
uni_weth_3000_month_23565643_23572842_w13,chainlink,1760366951,0.001640450192062363
uni_weth_3000_month_23565643_23572842_w13,chainlink,1760367095,0.001623792227098568
uni_weth_3000_month_23565643_23572842_w13,chainlink,1760368307,0.001614565844163839
uni_weth_3000_month_23565643_23572842_w13,chainlink,1760368319,0.001633227701975926
uni_weth_3000_month_23565643_23572842_w13,chainlink,1760370635,0.001622032380435063
uni_weth_3000_month_23565643_23572842_w13,chainlink,1760371811,0.001639064394684003
uni_weth_3000_month_23565643_23572842_w13,chainlink,1760374235,0.001633752300618818
uni_weth_3000_month_23565643_23572842_w13,chainlink,1760375147,0.001650465082158292
uni_weth_3000_month_23565643_23572842_w13,chainlink,1760375267,0.001640544057069348
uni_weth_3000_month_23565643_23572842_w13,chainlink,1760375555,0.001649172351079316
uni_weth_3000_month_23565643_23572842_w13,chainlink,1760377367,0.001640275227109543
uni_weth_3000_month_23565643_23572842_w13,chainlink,1760378291,0.001631402858995457
uni_weth_3000_month_23565643_23572842_w13,chainlink,1760378399,0.001649590220693005
uni_weth_3000_month_23565643_23572842_w13,chainlink,1760378411,0.001639685181825126
uni_weth_3000_month_23565643_23572842_w13,chainlink,1760379047,0.001649480597580451
uni_weth_3000_month_23565643_23572842_w13,chainlink,1760380031,0.001640723694526836
uni_weth_3000_month_23565643_23572842_w13,chainlink,1760382023,0.001638805841567323
uni_weth_3000_month_23565643_23572842_w13,chainlink,1760382911,0.001630529587930788
uni_weth_3000_month_23565643_23572842_w13,chainlink,1760384639,0.001647144426251994
uni_weth_3000_month_23565643_23572842_w13,chainlink,1760386547,0.001643388627892256
uni_weth_3000_month_23565643_23572842_w13,chainlink,1760388227,0.00166037260707504
uni_weth_3000_month_23565643_23572842_w13,chainlink,1760389283,0.001650838838438193
uni_weth_3000_month_23565643_23572842_w13,chainlink,1760391047,0.001659188903313233
uni_weth_3000_month_23565643_23572842_w13,chainlink,1760391863,0.001664301967914765
uni_weth_3000_month_23565643_23572842_w13,chainlink,1760394683,0.001668697073399882
uni_weth_3000_month_23565643_23572842_w13,chainlink,1760395487,0.001665189491485613
uni_weth_3000_month_23565643_23572842_w13,chainlink,1760396063,0.001656519402775917
uni_weth_3000_month_23565643_23572842_w13,chainlink,1760397527,0.001664861016264553
uni_weth_3000_month_23565643_23572842_w13,chainlink,1760399123,0.001662298818318875
uni_weth_3000_month_23565643_23572842_w13,chainlink,1760401151,0.001662896288535311
uni_weth_3000_month_23565643_23572842_w13,chainlink,1760402759,0.001648949910848734
uni_weth_3000_month_23565643_23572842_w13,chainlink,1760402915,0.001657655707343971
uni_weth_3000_month_23565643_23572842_w13,chainlink,1760404187,0.001666410801217707
uni_weth_3000_month_23565643_23572842_w13,chainlink,1760404907,0.001657567152653801
uni_weth_3000_month_23565643_23572842_w13,chainlink,1760406383,0.001654467666978378
uni_weth_3000_month_23565643_23572842_w13,chainlink,1760406887,0.001664117240612153
uni_weth_3000_month_23572843_23580042_w14,chainlink,1760406887,0.001664117240612153
uni_weth_3000_month_23572843_23580042_w14,chainlink,1760408567,0.00167248660657395
uni_weth_3000_month_23572843_23580042_w14,chainlink,1760409839,0.00165383522834192
uni_weth_3000_month_23572843_23580042_w14,chainlink,1760411003,0.001664138785334076
uni_weth_3000_month_23572843_23580042_w14,chainlink,1760413475,0.001653480798055304
uni_weth_3000_month_23572843_23580042_w14,chainlink,1760414639,0.001654030476644115
uni_weth_3000_month_23572843_23580042_w14,chainlink,1760416571,0.001662710320073284
uni_weth_3000_month_23572843_23580042_w14,chainlink,1760416859,0.001644805116348943
uni_weth_3000_month_23572843_23580042_w14,chainlink,1760417267,0.001655160226634679
uni_weth_3000_month_23572843_23580042_w14,chainlink,1760417567,0.001663891175172668
uni_weth_3000_month_23572843_23580042_w14,chainlink,1760418227,0.00165545799186555
uni_weth_3000_month_23572843_23580042_w14,chainlink,1760420195,0.001635558194375901
uni_weth_3000_month_23572843_23580042_w14,chainlink,1760420207,0.001644951932575038
uni_weth_3000_month_23572843_23580042_w14,chainlink,1760420483,0.001654398997104378
uni_weth_3000_month_23572843_23580042_w14,chainlink,1760421923,0.001643682266914873
uni_weth_3000_month_23572843_23580042_w14,chainlink,1760422487,0.001652006546555228
uni_weth_3000_month_23572843_23580042_w14,chainlink,1760423027,0.001634902196339362
uni_weth_3000_month_23572843_23580042_w14,chainlink,1760423423,0.001644403365787333
uni_weth_3000_month_23572843_23580042_w14,chainlink,1760423651,0.001626634009207699
uni_weth_3000_month_23572843_23580042_w14,chainlink,1760423687,0.001634977045588091
uni_weth_3000_month_23572843_23580042_w14,chainlink,1760424347,0.00164760089659175
uni_weth_3000_month_23572843_23580042_w14,chainlink,1760424443,0.001626668601276842
uni_weth_3000_month_23572843_23580042_w14,chainlink,1760424503,0.001636576427830744
uni_weth_3000_month_23572843_23580042_w14,chainlink,1760424587,0.001627303668852294
uni_weth_3000_month_23572843_23580042_w14,chainlink,1760424863,0.001646474017718604
uni_weth_3000_month_23572843_23580042_w14,chainlink,1760425367,0.001637329836514607
uni_weth_3000_month_23572843_23580042_w14,chainlink,1760425523,0.001645788587012752
uni_weth_3000_month_23572843_23580042_w14,chainlink,1760425775,0.001628261630592788
uni_weth_3000_month_23572843_23580042_w14,chainlink,1760426195,0.00164743014019468
uni_weth_3000_month_23572843_23580042_w14,chainlink,1760426267,0.001638549370137318
uni_weth_3000_month_23572843_23580042_w14,chainlink,1760427503,0.001653064111510502
uni_weth_3000_month_23572843_23580042_w14,chainlink,1760428691,0.001634944342644282
uni_weth_3000_month_23572843_23580042_w14,chainlink,1760428823,0.001635034895440955
uni_weth_3000_month_23572843_23580042_w14,chainlink,1760428835,0.001638624189169633
uni_weth_3000_month_23572843_23580042_w14,chainlink,1760429027,0.001647336954738741
uni_weth_3000_month_23572843_23580042_w14,chainlink,1760429387,0.001638479970983717
uni_weth_3000_month_23572843_23580042_w14,chainlink,1760430695,0.001655564271317304
uni_weth_3000_month_23572843_23580042_w14,chainlink,1760430707,0.001646977928654544
uni_weth_3000_month_23572843_23580042_w14,chainlink,1760432915,0.001663715105100455
uni_weth_3000_month_23572843_23580042_w14,chainlink,1760434319,0.001658920451600081
uni_weth_3000_month_23572843_23580042_w14,chainlink,1760435243,0.001667656777216603
uni_weth_3000_month_23572843_23580042_w14,chainlink,1760436455,0.001650473536936536
uni_weth_3000_month_23572843_23580042_w14,chainlink,1760436479,0.001660537657451662
uni_weth_3000_month_23572843_23580042_w14,chainlink,1760437151,0.001641091751320806
uni_weth_3000_month_23572843_23580042_w14,chainlink,1760437223,0.001654950052781956
uni_weth_3000_month_23572843_23580042_w14,chainlink,1760437943,0.001664831817463028
uni_weth_3000_month_23572843_23580042_w14,chainlink,1760438423,0.001655587560613367
uni_weth_3000_month_23572843_23580042_w14,chainlink,1760439695,0.001643148241719174
uni_weth_3000_month_23572843_23580042_w14,chainlink,1760440067,0.001660018605225801
uni_weth_3000_month_23572843_23580042_w14,chainlink,1760441843,0.001651009993698744
uni_weth_3000_month_23572843_23580042_w14,chainlink,1760443499,0.001660454166968236
uni_weth_3000_month_23572843_23580042_w14,chainlink,1760443691,0.001652475659028671
uni_weth_3000_month_23572843_23580042_w14,chainlink,1760444639,0.001661063031988608
uni_weth_3000_month_23572843_23580042_w14,chainlink,1760445191,0.001643540756766974
uni_weth_3000_month_23572843_23580042_w14,chainlink,1760448275,0.001645739957555695
uni_weth_3000_month_23572843_23580042_w14,chainlink,1760448779,0.001634510931191094
uni_weth_3000_month_23572843_23580042_w14,chainlink,1760448803,0.001649408874830709
uni_weth_3000_month_23572843_23580042_w14,chainlink,1760448935,0.001658942031925549
uni_weth_3000_month_23572843_23580042_w14,chainlink,1760449007,0.001639577122136146
uni_weth_3000_month_23572843_23580042_w14,chainlink,1760449091,0.001653407035230363
uni_weth_3000_month_23572843_23580042_w14,chainlink,1760449199,0.001640496470743452
uni_weth_3000_month_23572843_23580042_w14,chainlink,1760449607,0.001661682473473488
uni_weth_3000_month_23572843_23580042_w14,chainlink,1760449631,0.001652233569129237
uni_weth_3000_month_23572843_23580042_w14,chainlink,1760451371,0.00164120575284541
uni_weth_3000_month_23572843_23580042_w14,chainlink,1760451407,0.001657754520559863
uni_weth_3000_month_23572843_23580042_w14,chainlink,1760451419,0.001646981161992128
uni_weth_3000_month_23572843_23580042_w14,chainlink,1760451779,0.001655760664978024
uni_weth_3000_month_23572843_23580042_w14,chainlink,1760452259,0.001665674700494014
uni_weth_3000_month_23572843_23580042_w14,chainlink,1760452307,0.001647524831677384
uni_weth_3000_month_23572843_23580042_w14,chainlink,1760453003,0.001665804657639102
uni_weth_3000_month_23572843_23580042_w14,chainlink,1760453015,0.001654839288940533
uni_weth_3000_month_23572843_23580042_w14,chainlink,1760453579,0.001663647362504997
uni_weth_3000_month_23572843_23580042_w14,chainlink,1760454767,0.00164584113672426
uni_weth_3000_month_23572843_23580042_w14,chainlink,1760454995,0.001655221536186198
uni_weth_3000_month_23572843_23580042_w14,chainlink,1760455475,0.001646643206005185
uni_weth_3000_month_23572843_23580042_w14,chainlink,1760455847,0.001664141724869293
uni_weth_3000_month_23572843_23580042_w14,chainlink,1760456195,0.001654468300768868
uni_weth_3000_month_23572843_23580042_w14,chainlink,1760456639,0.001641413641901935
uni_weth_3000_month_23572843_23580042_w14,chainlink,1760456687,0.001659545641336149
uni_weth_3000_month_23572843_23580042_w14,chainlink,1760457095,0.001647475185986228
uni_weth_3000_month_23572843_23580042_w14,chainlink,1760457203,0.001669146695589904
uni_weth_3000_month_23572843_23580042_w14,chainlink,1760457515,0.00165860696774383
uni_weth_3000_month_23572843_23580042_w14,chainlink,1760457875,0.001668258005181246
uni_weth_3000_month_23572843_23580042_w14,chainlink,1760458127,0.001651023384389003
uni_weth_3000_month_23572843_23580042_w14,chainlink,1760458319,0.001641172362146731
uni_weth_3000_month_23572843_23580042_w14,chainlink,1760458379,0.001658623777605973
uni_weth_3000_month_23572843_23580042_w14,chainlink,1760458631,0.001649381479283389
uni_weth_3000_month_23572843_23580042_w14,chainlink,1760458931,0.001637671571458605
uni_weth_3000_month_23572843_23580042_w14,chainlink,1760458943,0.001656026014165818
uni_weth_3000_month_23572843_23580042_w14,chainlink,1760459219,0.001639111434391862
uni_weth_3000_month_23572843_23580042_w14,chainlink,1760459639,0.001648380795458411
uni_weth_3000_month_23572843_23580042_w14,chainlink,1760460575,0.001639972754520159
uni_weth_3000_month_23572843_23580042_w14,chainlink,1760461151,0.001653270464012635
uni_weth_3000_month_23572843_23580042_w14,chainlink,1760461271,0.001635929290294904
uni_weth_3000_month_23572843_23580042_w14,chainlink,1760461331,0.001650975509802474
uni_weth_3000_month_23572843_23580042_w14,chainlink,1760461475,0.001641241268408252
uni_weth_3000_month_23572843_23580042_w14,chainlink,1760461583,0.001629599202522538
uni_weth_3000_month_23572843_23580042_w14,chainlink,1760461859,0.001647633114289033
uni_weth_3000_month_23572843_23580042_w14,chainlink,1760462315,0.001638889458049558
uni_weth_3000_month_23572843_23580042_w14,chainlink,1760463191,0.001647567778400938
uni_weth_3000_month_23572843_23580042_w14,chainlink,1760465483,0.001651932468030659
uni_weth_3000_month_23572843_23580042_w14,chainlink,1760466815,0.001648259552699712
uni_weth_3000_month_23572843_23580042_w14,chainlink,1760467235,0.001658411029322153
uni_weth_3000_month_23572843_23580042_w14,chainlink,1760467751,0.001648825425752229
uni_weth_3000_month_23572843_23580042_w14,chainlink,1760469119,0.001648107409741709
uni_weth_3000_month_23572843_23580042_w14,chainlink,1760469875,0.001639525066617504
uni_weth_3000_month_23572843_23580042_w14,chainlink,1760470643,0.001647774639282482
uni_weth_3000_month_23572843_23580042_w14,chainlink,1760470727,0.001629383359167286
uni_weth_3000_month_23572843_23580042_w14,chainlink,1760470739,0.001644581836525915
uni_weth_3000_month_23572843_23580042_w14,chainlink,1760471087,0.001653335786055133
uni_weth_3000_month_23572843_23580042_w14,chainlink,1760471411,0.00164451028780541
uni_weth_3000_month_23572843_23580042_w14,chainlink,1760471711,0.001635248590511492
uni_weth_3000_month_23572843_23580042_w14,chainlink,1760472635,0.001643758352504084
uni_weth_3000_month_23572843_23580042_w14,chainlink,1760473451,0.001635551193875218
uni_weth_3000_month_23572843_23580042_w14,chainlink,1760474339,0.001638476659970524
uni_weth_3000_month_23572843_23580042_w14,chainlink,1760477087,0.001639170149419238
uni_weth_3000_month_23572843_23580042_w14,chainlink,1760477975,0.001640921399833615
uni_weth_3000_month_23572843_23580042_w14,chainlink,1760479415,0.001657575217611602
uni_weth_3000_month_23572843_23580042_w14,chainlink,1760479451,0.001647036154802024
uni_weth_3000_month_23572843_23580042_w14,chainlink,1760481167,0.001655421613744822
uni_weth_3000_month_23572843_23580042_w14,chainlink,1760483039,0.001653952553677998
uni_weth_3000_month_23572843_23580042_w14,chainlink,1760483231,0.001645505224288544
uni_weth_3000_month_23572843_23580042_w14,chainlink,1760486651,0.001650737190022337
uni_weth_3000_month_23572843_23580042_w14,chainlink,1760486831,0.001653809373993368
uni_weth_3000_month_23572843_23580042_w14,chainlink,1760487611,0.001662276751752599
uni_weth_3000_month_23572843_23580042_w14,chainlink,1760488451,0.001644996638258838
uni_weth_3000_month_23572843_23580042_w14,chainlink,1760491223,0.001647928575480257
uni_weth_3000_month_23572843_23580042_w14,chainlink,1760492075,0.001645194589646293
uni_weth_3000_month_23580043_23587242_w15,chainlink,1760492075,0.001645194589646293
uni_weth_3000_month_23580043_23587242_w15,chainlink,1760494475,0.001662046485801943
uni_weth_3000_month_23580043_23587242_w15,chainlink,1760494487,0.001653571574993296
uni_weth_3000_month_23580043_23587242_w15,chainlink,1760495147,0.001645135735803875
uni_weth_3000_month_23580043_23587242_w15,chainlink,1760496947,0.001654212043835483
uni_weth_3000_month_23580043_23587242_w15,chainlink,1760498087,0.001652293052100146
uni_weth_3000_month_23580043_23587242_w15,chainlink,1760498327,0.001661172610337068
uni_weth_3000_month_23580043_23587242_w15,chainlink,1760499863,0.001670365570072548
uni_weth_3000_month_23580043_23587242_w15,chainlink,1760500007,0.001652637907203804
uni_weth_3000_month_23580043_23587242_w15,chainlink,1760501927,0.00166949456539421
uni_weth_3000_month_23580043_23587242_w15,chainlink,1760501939,0.001660440267495099
uni_weth_3000_month_23580043_23587242_w15,chainlink,1760503883,0.001651375277756176
uni_weth_3000_month_23580043_23587242_w15,chainlink,1760505551,0.001663151668006065
uni_weth_3000_month_23580043_23587242_w15,chainlink,1760506319,0.001673012853775118
uni_weth_3000_month_23580043_23587242_w15,chainlink,1760506979,0.001664294914579113
uni_weth_3000_month_23580043_23587242_w15,chainlink,1760508647,0.001645664570612494
uni_weth_3000_month_23580043_23587242_w15,chainlink,1760509043,0.001654653227131469
uni_weth_3000_month_23580043_23587242_w15,chainlink,1760510459,0.001644765739129168
uni_weth_3000_month_23580043_23587242_w15,chainlink,1760511623,0.001661522851018689
uni_weth_3000_month_23580043_23587242_w15,chainlink,1760514083,0.001663659211223512
uni_weth_3000_month_23580043_23587242_w15,chainlink,1760515247,0.001664850513584591
uni_weth_3000_month_23580043_23587242_w15,chainlink,1760515739,0.001656463955695819
uni_weth_3000_month_23580043_23587242_w15,chainlink,1760516855,0.00164424885281049
uni_weth_3000_month_23580043_23587242_w15,chainlink,1760517047,0.001662849743952923
uni_weth_3000_month_23580043_23587242_w15,chainlink,1760517059,0.001654396612566044
uni_weth_3000_month_23580043_23587242_w15,chainlink,1760517215,0.001646021680236599
uni_weth_3000_month_23580043_23587242_w15,chainlink,1760518175,0.001654398414323651
uni_weth_3000_month_23580043_23587242_w15,chainlink,1760519207,0.001635934448887161
uni_weth_3000_month_23580043_23587242_w15,chainlink,1760519891,0.001644488534956917
uni_weth_3000_month_23580043_23587242_w15,chainlink,1760520755,0.00165298508154233
uni_weth_3000_month_23580043_23587242_w15,chainlink,1760521055,0.001644398842655974
uni_weth_3000_month_23580043_23587242_w15,chainlink,1760522819,0.00163078368763384
uni_weth_3000_month_23580043_23587242_w15,chainlink,1760523899,0.001639504454900161
uni_weth_3000_month_23580043_23587242_w15,chainlink,1760524355,0.001648495865248231
uni_weth_3000_month_23580043_23587242_w15,chainlink,1760526443,0.001644512941034681
uni_weth_3000_month_23580043_23587242_w15,chainlink,1760527115,0.001652924220003556
uni_weth_3000_month_23580043_23587242_w15,chainlink,1760527139,0.001633196476125903
uni_weth_3000_month_23580043_23587242_w15,chainlink,1760528579,0.001650113112390472
uni_weth_3000_month_23580043_23587242_w15,chainlink,1760530751,0.001649297209859643
uni_weth_3000_month_23580043_23587242_w15,chainlink,1760530919,0.001632131436486102
uni_weth_3000_month_23580043_23587242_w15,chainlink,1760531411,0.001641135686052544
uni_weth_3000_month_23580043_23587242_w15,chainlink,1760534555,0.001637560695873869
uni_weth_3000_month_23580043_23587242_w15,chainlink,1760535059,0.001639906792849924
uni_weth_3000_month_23580043_23587242_w15,chainlink,1760535251,0.001630154532704934
uni_weth_3000_month_23580043_23587242_w15,chainlink,1760535671,0.001640502497556471
uni_weth_3000_month_23580043_23587242_w15,chainlink,1760535815,0.001632033676104478
uni_weth_3000_month_23580043_23587242_w15,chainlink,1760536031,0.001640555356574143
uni_weth_3000_month_23580043_23587242_w15,chainlink,1760536163,0.001622235995108659
uni_weth_3000_month_23580043_23587242_w15,chainlink,1760536175,0.001636784768745249
uni_weth_3000_month_23580043_23587242_w15,chainlink,1760536355,0.00163214619408692
uni_weth_3000_month_23580043_23587242_w15,chainlink,1760536415,0.001649647439542539
uni_weth_3000_month_23580043_23587242_w15,chainlink,1760536667,0.001639025212897698
uni_weth_3000_month_23580043_23587242_w15,chainlink,1760537291,0.001630092902911022
uni_weth_3000_month_23580043_23587242_w15,chainlink,1760537339,0.001646774288459098
uni_weth_3000_month_23580043_23587242_w15,chainlink,1760537495,0.001638407010551927
uni_weth_3000_month_23580043_23587242_w15,chainlink,1760538035,0.001646937689797421
uni_weth_3000_month_23580043_23587242_w15,chainlink,1760538875,0.001655543618138591
uni_weth_3000_month_23580043_23587242_w15,chainlink,1760539319,0.001637755061409714
uni_weth_3000_month_23580043_23587242_w15,chainlink,1760539343,0.001646415920858369
uni_weth_3000_month_23580043_23587242_w15,chainlink,1760539931,0.001654937073660436
uni_weth_3000_month_23580043_23587242_w15,chainlink,1760540219,0.001636819283372663
uni_weth_3000_month_23580043_23587242_w15,chainlink,1760540627,0.001647357114961923
uni_weth_3000_month_23580043_23587242_w15,chainlink,1760540831,0.001637188509733156
uni_weth_3000_month_23580043_23587242_w15,chainlink,1760541431,0.001645946740418808
uni_weth_3000_month_23580043_23587242_w15,chainlink,1760542055,0.001636651446442896
uni_weth_3000_month_23580043_23587242_w15,chainlink,1760542055,0.001653540070797594
uni_weth_3000_month_23580043_23587242_w15,chainlink,1760542487,0.001648772406441629
uni_weth_3000_month_23580043_23587242_w15,chainlink,1760542499,0.001661889093031568
uni_weth_3000_month_23580043_23587242_w15,chainlink,1760542511,0.001643119310980959
uni_weth_3000_month_23580043_23587242_w15,chainlink,1760543207,0.001652085073144779
uni_weth_3000_month_23580043_23587242_w15,chainlink,1760545571,0.001643718344511418
uni_weth_3000_month_23580043_23587242_w15,chainlink,1760546135,0.001639167525546122
uni_weth_3000_month_23580043_23587242_w15,chainlink,1760547527,0.001648024357221541
uni_weth_3000_month_23580043_23587242_w15,chainlink,1760548127,0.00165672573124098
uni_weth_3000_month_23580043_23587242_w15,chainlink,1760548547,0.001665508746399715
uni_weth_3000_month_23580043_23587242_w15,chainlink,1760549207,0.001656365960217813
uni_weth_3000_month_23580043_23587242_w15,chainlink,1760549771,0.001653068844627266
uni_weth_3000_month_23580043_23587242_w15,chainlink,1760550491,0.001644295161277471
uni_weth_3000_month_23580043_23587242_w15,chainlink,1760552567,0.001635927990092459
uni_weth_3000_month_23580043_23587242_w15,chainlink,1760553395,0.001641580784372543
uni_weth_3000_month_23580043_23587242_w15,chainlink,1760556203,0.001638252218573125
uni_weth_3000_month_23580043_23587242_w15,chainlink,1760557007,0.001642274449224871
uni_weth_3000_month_23580043_23587242_w15,chainlink,1760557187,0.001651315687788371
uni_weth_3000_month_23580043_23587242_w15,chainlink,1760560247,0.001661086876114977
uni_weth_3000_month_23580043_23587242_w15,chainlink,1760560283,0.001642925258535735
uni_weth_3000_month_23580043_23587242_w15,chainlink,1760560907,0.001634194424450136
uni_weth_3000_month_23580043_23587242_w15,chainlink,1760562263,0.001643692122176345
uni_weth_3000_month_23580043_23587242_w15,chainlink,1760563907,0.001651422470548126
uni_weth_3000_month_23580043_23587242_w15,chainlink,1760564027,0.001642568917382925
uni_weth_3000_month_23580043_23587242_w15,chainlink,1760564903,0.001651839617565707
uni_weth_3000_month_23580043_23587242_w15,chainlink,1760566847,0.001642408164900758
uni_weth_3000_month_23580043_23587242_w15,chainlink,1760567531,0.001641695018990053
uni_weth_3000_month_23580043_23587242_w15,chainlink,1760568647,0.00165105762034007
uni_weth_3000_month_23580043_23587242_w15,chainlink,1760569967,0.001641582970123325
uni_weth_3000_month_23580043_23587242_w15,chainlink,1760571155,0.001649143048998629
uni_weth_3000_month_23580043_23587242_w15,chainlink,1760573579,0.001648607952477404
uni_weth_3000_month_23580043_23587242_w15,chainlink,1760574791,0.001646355291844387
uni_weth_3000_month_23580043_23587242_w15,chainlink,1760577023,0.001638149013070166
uni_weth_3000_month_23580043_23587242_w15,chainlink,1760578415,0.001650985968078948
uni_weth_3000_month_23580043_23587242_w15,chainlink,1760580551,0.001639458448585912
uni_weth_3000_month_23587243_23594442_w16,chainlink,1760580551,0.001639458448585912
uni_weth_3000_month_23587243_23594442_w16,chainlink,1760582027,0.00164547640849126
uni_weth_3000_month_23587243_23594442_w16,chainlink,1760584163,0.001644392746137366
uni_weth_3000_month_23587243_23594442_w16,chainlink,1760585651,0.001644923913852908
uni_weth_3000_month_23587243_23594442_w16,chainlink,1760587775,0.001649335682396391
uni_weth_3000_month_23587243_23594442_w16,chainlink,1760589287,0.001650404237587369
uni_weth_3000_month_23587243_23594442_w16,chainlink,1760590055,0.001659488699564863
uni_weth_3000_month_23587243_23594442_w16,chainlink,1760592923,0.001650645804097245
uni_weth_3000_month_23587243_23594442_w16,chainlink,1760593355,0.001642422573133539
uni_weth_3000_month_23587243_23594442_w16,chainlink,1760593967,0.001655012671362095
uni_weth_3000_month_23587243_23594442_w16,chainlink,1760594855,0.001645911831708077
uni_weth_3000_month_23587243_23594442_w16,chainlink,1760596547,0.001647874606956738
uni_weth_3000_month_23587243_23594442_w16,chainlink,1760597447,0.001639221159729512
uni_weth_3000_month_23587243_23594442_w16,chainlink,1760599499,0.001648860405964789
uni_weth_3000_month_23587243_23594442_w16,chainlink,1760600183,0.001642812458231509
uni_weth_3000_month_23587243_23594442_w16,chainlink,1760603195,0.001647088430885001
uni_weth_3000_month_23587243_23594442_w16,chainlink,1760603819,0.001636522586569337
uni_weth_3000_month_23587243_23594442_w16,chainlink,1760606819,0.001638853651636163
uni_weth_3000_month_23587243_23594442_w16,chainlink,1760607239,0.001647403302324567
uni_weth_3000_month_23587243_23594442_w16,chainlink,1760607323,0.001620742724686623
uni_weth_3000_month_23587243_23594442_w16,chainlink,1760607491,0.001631686963004252
uni_weth_3000_month_23587243_23594442_w16,chainlink,1760607779,0.001623284679701996
uni_weth_3000_month_23587243_23594442_w16,chainlink,1760607947,0.001601423624882379
uni_weth_3000_month_23587243_23594442_w16,chainlink,1760607947,0.001625554430077936
uni_weth_3000_month_23587243_23594442_w16,chainlink,1760607995,0.001637154164204054
uni_weth_3000_month_23587243_23594442_w16,chainlink,1760608211,0.001628816318603425
uni_weth_3000_month_23587243_23594442_w16,chainlink,1760609651,0.001645639020359287
uni_weth_3000_month_23587243_23594442_w16,chainlink,1760609795,0.001636191407421448
uni_weth_3000_month_23587243_23594442_w16,chainlink,1760612579,0.001644772656528972
uni_weth_3000_month_23587243_23594442_w16,chainlink,1760613263,0.001639307820702888
uni_weth_3000_month_23587243_23594442_w16,chainlink,1760616131,0.00162995646638923
uni_weth_3000_month_23587243_23594442_w16,chainlink,1760616875,0.001627817538719877
uni_weth_3000_month_23587243_23594442_w16,chainlink,1760617511,0.001636622016938007
uni_weth_3000_month_23587243_23594442_w16,chainlink,1760620523,0.00163396674197966
uni_weth_3000_month_23587243_23594442_w16,chainlink,1760621135,0.001634855699379377
uni_weth_3000_month_23587243_23594442_w16,chainlink,1760621891,0.001626080212351413
uni_weth_3000_month_23587243_23594442_w16,chainlink,1760622575,0.001635757108149869
uni_weth_3000_month_23587243_23594442_w16,chainlink,1760623115,0.001646724220229197
uni_weth_3000_month_23587243_23594442_w16,chainlink,1760623691,0.001629739897857498
uni_weth_3000_month_23587243_23594442_w16,chainlink,1760623967,0.0016380754056488
uni_weth_3000_month_23587243_23594442_w16,chainlink,1760624531,0.001621556294208844
uni_weth_3000_month_23587243_23594442_w16,chainlink,1760625587,0.00163892493283644
uni_weth_3000_month_23587243_23594442_w16,chainlink,1760625587,0.001629418293847518
uni_weth_3000_month_23587243_23594442_w16,chainlink,1760625671,0.001619930848430848
uni_weth_3000_month_23587243_23594442_w16,chainlink,1760625887,0.001636670322245322
uni_weth_3000_month_23587243_23594442_w16,chainlink,1760626691,0.001620232293832293
uni_weth_3000_month_23587243_23594442_w16,chainlink,1760626739,0.00162877445070051
uni_weth_3000_month_23587243_23594442_w16,chainlink,1760627075,0.001637502198894109
uni_weth_3000_month_23587243_23594442_w16,chainlink,1760627615,0.001628357152806797
uni_weth_3000_month_23587243_23594442_w16,chainlink,1760627699,0.001629062970134617
uni_weth_3000_month_23587243_23594442_w16,chainlink,1760628335,0.001637862575923251
uni_weth_3000_month_23587243_23594442_w16,chainlink,1760628491,0.001620566585014606
uni_weth_3000_month_23587243_23594442_w16,chainlink,1760628515,0.001629000359482299
uni_weth_3000_month_23587243_23594442_w16,chainlink,1760629307,0.001638675974592459
uni_weth_3000_month_23587243_23594442_w16,chainlink,1760629631,0.001618429616510816
uni_weth_3000_month_23587243_23594442_w16,chainlink,1760629799,0.00162959876054024
uni_weth_3000_month_23587243_23594442_w16,chainlink,1760630255,0.001640937466016952
uni_weth_3000_month_23587243_23594442_w16,chainlink,1760630591,0.001619080881979877
uni_weth_3000_month_23587243_23594442_w16,chainlink,1760630951,0.00163544840093583
uni_weth_3000_month_23587243_23594442_w16,chainlink,1760631959,0.001645328339066503
uni_weth_3000_month_23587243_23594442_w16,chainlink,1760632271,0.001628874302923013
uni_weth_3000_month_23587243_23594442_w16,chainlink,1760632919,0.001645699554335231
uni_weth_3000_month_23587243_23594442_w16,chainlink,1760632919,0.001636451227992743
uni_weth_3000_month_23587243_23594442_w16,chainlink,1760633471,0.001626062834040636
uni_weth_3000_month_23587243_23594442_w16,chainlink,1760633759,0.001643607305247462
uni_weth_3000_month_23587243_23594442_w16,chainlink,1760633795,0.001635345896174541
uni_weth_3000_month_23587243_23594442_w16,chainlink,1760635199,0.001626622790271843
uni_weth_3000_month_23587243_23594442_w16,chainlink,1760635295,0.001635453507076058
uni_weth_3000_month_23587243_23594442_w16,chainlink,1760637239,0.001644494878552167
uni_weth_3000_month_23587243_23594442_w16,chainlink,1760637371,0.001632619954130195
uni_weth_3000_month_23587243_23594442_w16,chainlink,1760637899,0.001641282832665346
uni_weth_3000_month_23587243_23594442_w16,chainlink,1760640995,0.001637679702005146
uni_weth_3000_month_23587243_23594442_w16,chainlink,1760641535,0.001637125847985601
uni_weth_3000_month_23587243_23594442_w16,chainlink,1760642399,0.001646773598801387
uni_weth_3000_month_23587243_23594442_w16,chainlink,1760642447,0.001628126008422554
uni_weth_3000_month_23587243_23594442_w16,chainlink,1760643215,0.001636927513534817
uni_weth_3000_month_23587243_23594442_w16,chainlink,1760644295,0.00162875840070081
uni_weth_3000_month_23587243_23594442_w16,chainlink,1760646071,0.001627723812402372
uni_weth_3000_month_23587243_23594442_w16,chainlink,1760646491,0.001636530132591354
uni_weth_3000_month_23587243_23594442_w16,chainlink,1760646767,0.001619880659557993
uni_weth_3000_month_23587243_23594442_w16,chainlink,1760646851,0.001628340673881603
uni_weth_3000_month_23587243_23594442_w16,chainlink,1760647595,0.001619672028804774
uni_weth_3000_month_23587243_23594442_w16,chainlink,1760650391,0.001631637373048688
uni_weth_3000_month_23587243_23594442_w16,chainlink,1760650475,0.001622401117300997
uni_weth_3000_month_23587243_23594442_w16,chainlink,1760654003,0.001617958961217848
uni_weth_3000_month_23587243_23594442_w16,chainlink,1760654111,0.001620361266884603
uni_weth_3000_month_23587243_23594442_w16,chainlink,1760656871,0.001612061590504889
uni_weth_3000_month_23587243_23594442_w16,chainlink,1760657627,0.001617391752494883
uni_weth_3000_month_23587243_23594442_w16,chainlink,1760660507,0.001612671454154636
uni_weth_3000_month_23587243_23594442_w16,chainlink,1760661263,0.001617934761722983
uni_weth_3000_month_23587243_23594442_w16,chainlink,1760661647,0.001608723940991658
uni_weth_3000_month_23587243_23594442_w16,chainlink,1760663219,0.00162486821021815
uni_weth_3000_month_23587243_23594442_w16,chainlink,1760663279,0.001615192585429064
uni_weth_3000_month_23587243_23594442_w16,chainlink,1760664191,0.00162384714386655
uni_weth_3000_month_23587243_23594442_w16,chainlink,1760666111,0.001632289697528365
uni_weth_3000_month_23587243_23594442_w16,chainlink,1760666843,0.001624205057178828
uni_weth_3000_month_23594443_23601642_w17,chainlink,1760666843,0.001624205057178828
uni_weth_3000_month_23594443_23601642_w17,chainlink,1760669747,0.001616369312822853
uni_weth_3000_month_23594443_23601642_w17,chainlink,1760670479,0.001623857279473799
uni_weth_3000_month_23594443_23601642_w17,chainlink,1760673383,0.001620842262580294
uni_weth_3000_month_23594443_23601642_w17,chainlink,1760674127,0.001621811129284772
uni_weth_3000_month_23594443_23601642_w17,chainlink,1760676587,0.001630052133717558
uni_weth_3000_month_23594443_23601642_w17,chainlink,1760677739,0.00162088882091791
uni_weth_3000_month_23594443_23601642_w17,chainlink,1760680283,0.001626333264345897
uni_weth_3000_month_23594443_23601642_w17,chainlink,1760681351,0.001621284145584494
uni_weth_3000_month_23594443_23601642_w17,chainlink,1760682227,0.001630444439453326
uni_weth_3000_month_23594443_23601642_w17,chainlink,1760682395,0.001613139709230404
uni_weth_3000_month_23594443_23601642_w17,chainlink,1760682731,0.001622537986827775
uni_weth_3000_month_23594443_23601642_w17,chainlink,1760682995,0.001600680884717108
uni_weth_3000_month_23594443_23601642_w17,chainlink,1760683067,0.00161067083607293
uni_weth_3000_month_23594443_23601642_w17,chainlink,1760683787,0.001618904452975598
uni_weth_3000_month_23594443_23601642_w17,chainlink,1760683835,0.001602256705302674
uni_weth_3000_month_23594443_23601642_w17,chainlink,1760684027,0.001593841836533115
uni_weth_3000_month_23594443_23601642_w17,chainlink,1760684627,0.001602639605137115
uni_weth_3000_month_23594443_23601642_w17,chainlink,1760684903,0.001613745475483618
uni_weth_3000_month_23594443_23601642_w17,chainlink,1760684951,0.001596913770060538
uni_weth_3000_month_23594443_23601642_w17,chainlink,1760686595,0.001580118738840582
uni_weth_3000_month_23594443_23601642_w17,chainlink,1760687663,0.001589735022494389
uni_weth_3000_month_23594443_23601642_w17,chainlink,1760688287,0.001598527364500165
uni_weth_3000_month_23594443_23601642_w17,chainlink,1760688659,0.001587524455051882
uni_weth_3000_month_23594443_23601642_w17,chainlink,1760688863,0.001596624609677333
uni_weth_3000_month_23594443_23601642_w17,chainlink,1760688995,0.001580017961514852
uni_weth_3000_month_23594443_23601642_w17,chainlink,1760689019,0.001589949393331201
uni_weth_3000_month_23594443_23601642_w17,chainlink,1760689415,0.001573715058917099
uni_weth_3000_month_23594443_23601642_w17,chainlink,1760689595,0.00159266321430667
uni_weth_3000_month_23594443_23601642_w17,chainlink,1760690003,0.001584402029436988
uni_weth_3000_month_23594443_23601642_w17,chainlink,1760690603,0.001592388776988043
uni_weth_3000_month_23594443_23601642_w17,chainlink,1760691107,0.00157645413827146
uni_weth_3000_month_23594443_23601642_w17,chainlink,1760691779,0.00158560619307905
uni_weth_3000_month_23594443_23601642_w17,chainlink,1760691899,0.001576990714153327
uni_weth_3000_month_23594443_23601642_w17,chainlink,1760692127,0.001597185891529921
uni_weth_3000_month_23594443_23601642_w17,chainlink,1760692739,0.00158904617390979
uni_weth_3000_month_23594443_23601642_w17,chainlink,1760693651,0.00160510868159297
uni_weth_3000_month_23594443_23601642_w17,chainlink,1760693879,0.001596548504352838
uni_weth_3000_month_23594443_23601642_w17,chainlink,1760694539,0.001604898523152069
uni_weth_3000_month_23594443_23601642_w17,chainlink,1760695739,0.001613606028810783
uni_weth_3000_month_23594443_23601642_w17,chainlink,1760696339,0.00159660641841249
uni_weth_3000_month_23594443_23601642_w17,chainlink,1760696519,0.001609415519104373
uni_weth_3000_month_23594443_23601642_w17,chainlink,1760698223,0.001600883060449045
uni_weth_3000_month_23594443_23601642_w17,chainlink,1760698871,0.001619239651912835
uni_weth_3000_month_23594443_23601642_w17,chainlink,1760698883,0.001610943008139014
uni_weth_3000_month_23594443_23601642_w17,chainlink,1760699651,0.001598001092611447
uni_weth_3000_month_23594443_23601642_w17,chainlink,1760699651,0.001615948594093517
uni_weth_3000_month_23594443_23601642_w17,chainlink,1760699747,0.001605288294807228
uni_weth_3000_month_23594443_23601642_w17,chainlink,1760699867,0.001628685858855282
uni_weth_3000_month_23594443_23601642_w17,chainlink,1760699939,0.001619792021811438
uni_weth_3000_month_23594443_23601642_w17,chainlink,1760700983,0.001628672955443348
uni_weth_3000_month_23594443_23601642_w17,chainlink,1760703491,0.001613023574989964
uni_weth_3000_month_23594443_23601642_w17,chainlink,1760703815,0.0016036598857893
uni_weth_3000_month_23594443_23601642_w17,chainlink,1760704019,0.001612366870376701
uni_weth_3000_month_23594443_23601642_w17,chainlink,1760706839,0.001621123541558289
uni_weth_3000_month_23594443_23601642_w17,chainlink,1760707103,0.001614769675028929
uni_weth_3000_month_23594443_23601642_w17,chainlink,1760707499,0.001605914769287561
uni_weth_3000_month_23594443_23601642_w17,chainlink,1760708303,0.00162272936473337
uni_weth_3000_month_23594443_23601642_w17,chainlink,1760708639,0.001632699764569907
uni_weth_3000_month_23594443_23601642_w17,chainlink,1760708675,0.001614553673844558
uni_weth_3000_month_23594443_23601642_w17,chainlink,1760709155,0.001605301834648412
uni_weth_3000_month_23594443_23601642_w17,chainlink,1760709227,0.001624368656173285
uni_weth_3000_month_23594443_23601642_w17,chainlink,1760709419,0.001616132756381
uni_weth_3000_month_23594443_23601642_w17,chainlink,1760709635,0.001625768449706644
uni_weth_3000_month_23594443_23601642_w17,chainlink,1760710067,0.001609228368306992
uni_weth_3000_month_23594443_23601642_w17,chainlink,1760710199,0.00161876435261371
uni_weth_3000_month_23594443_23601642_w17,chainlink,1760710439,0.001609324287271196
uni_weth_3000_month_23594443_23601642_w17,chainlink,1760710931,0.001618574099693379
uni_weth_3000_month_23594443_23601642_w17,chainlink,1760711579,0.001627578305008633
uni_weth_3000_month_23594443_23601642_w17,chainlink,1760711603,0.001610781176325932
uni_weth_3000_month_23594443_23601642_w17,chainlink,1760712131,0.001619064451907576
uni_weth_3000_month_23594443_23601642_w17,chainlink,1760712179,0.001610393766505997
uni_weth_3000_month_23594443_23601642_w17,chainlink,1760712407,0.001601974441116648
uni_weth_3000_month_23594443_23601642_w17,chainlink,1760712407,0.001620284032112775
uni_weth_3000_month_23594443_23601642_w17,chainlink,1760715707,0.001611113840453053
uni_weth_3000_month_23594443_23601642_w17,chainlink,1760716019,0.001618651467528427
uni_weth_3000_month_23594443_23601642_w17,chainlink,1760716859,0.001609902315440134
uni_weth_3000_month_23594443_23601642_w17,chainlink,1760716883,0.00162774995713776
uni_weth_3000_month_23594443_23601642_w17,chainlink,1760717003,0.001618295198515382
uni_weth_3000_month_23594443_23601642_w17,chainlink,1760718767,0.001627263115768063
uni_weth_3000_month_23594443_23601642_w17,chainlink,1760720123,0.001635524962599323
uni_weth_3000_month_23594443_23601642_w17,chainlink,1760720519,0.001621879711059752
uni_weth_3000_month_23594443_23601642_w17,chainlink,1760722583,0.001613184398131498
uni_weth_3000_month_23594443_23601642_w17,chainlink,1760723699,0.001604646899705978
uni_weth_3000_month_23594443_23601642_w17,chainlink,1760724143,0.001616680768376347
uni_weth_3000_month_23594443_23601642_w17,chainlink,1760726219,0.001607745432940246
uni_weth_3000_month_23594443_23601642_w17,chainlink,1760727755,0.001600163313200273
uni_weth_3000_month_23594443_23601642_w17,chainlink,1760729543,0.001608388143182578
uni_weth_3000_month_23594443_23601642_w17,chainlink,1760731379,0.001600164453059689
uni_weth_3000_month_23594443_23601642_w17,chainlink,1760732399,0.001591845882686182
uni_weth_3000_month_23594443_23601642_w17,chainlink,1760732795,0.001608039390396265
uni_weth_3000_month_23594443_23601642_w17,chainlink,1760735195,0.001596307459513601
uni_weth_3000_month_23594443_23601642_w17,chainlink,1760736419,0.001600783220820125
uni_weth_3000_month_23594443_23601642_w17,chainlink,1760738819,0.001599268172617484
uni_weth_3000_month_23594443_23601642_w17,chainlink,1760740031,0.001594906856798376
uni_weth_3000_month_23594443_23601642_w17,chainlink,1760740379,0.001604871246350688
uni_weth_3000_month_23594443_23601642_w17,chainlink,1760743655,0.001598097267159634
uni_weth_3000_month_23594443_23601642_w17,chainlink,1760743991,0.001603556126352606
uni_weth_3000_month_23594443_23601642_w17,chainlink,1760746475,0.001611933430917605
uni_weth_3000_month_23594443_23601642_w17,chainlink,1760747195,0.00160365624583831
uni_weth_3000_month_23594443_23601642_w17,chainlink,1760747291,0.001599343319452642
uni_weth_3000_month_23594443_23601642_w17,chainlink,1760750615,0.001591372561118875
uni_weth_3000_month_23594443_23601642_w17,chainlink,1760750915,0.001602213271913771
uni_weth_3000_month_23594443_23601642_w17,chainlink,1760753435,0.001594035754660798
uni_weth_3000_month_23594443_23601642_w17,chainlink,1760753675,0.001602793521396855
uni_weth_3000_month_23594443_23601642_w17,chainlink,1760754527,0.001597848984203387
uni_weth_3000_month_23601643_23608842_w18,chainlink,1760754527,0.001597848984203387
uni_weth_3000_month_23601643_23608842_w18,chainlink,1760757287,0.001597321508378326
uni_weth_3000_month_23601643_23608842_w18,chainlink,1760758151,0.001593931851902614
uni_weth_3000_month_23601643_23608842_w18,chainlink,1760760911,0.001597199286944468
uni_weth_3000_month_23601643_23608842_w18,chainlink,1760761751,0.001591534938835908
uni_weth_3000_month_23601643_23608842_w18,chainlink,1760764547,0.001590383641394728
uni_weth_3000_month_23601643_23608842_w18,chainlink,1760765363,0.001586091769441283
uni_weth_3000_month_23601643_23608842_w18,chainlink,1760767787,0.001577923326789256
uni_weth_3000_month_23601643_23608842_w18,chainlink,1760768987,0.001582345946750597
uni_weth_3000_month_23601643_23608842_w18,chainlink,1760771123,0.001570585918255516
uni_weth_3000_month_23601643_23608842_w18,chainlink,1760771267,0.001587252326301935
uni_weth_3000_month_23601643_23608842_w18,chainlink,1760771267,0.001578492505894616
uni_weth_3000_month_23601643_23608842_w18,chainlink,1760771747,0.001586668263335328
uni_weth_3000_month_23601643_23608842_w18,chainlink,1760771867,0.001570633992456575
uni_weth_3000_month_23601643_23608842_w18,chainlink,1760772083,0.001578889618793984
uni_weth_3000_month_23601643_23608842_w18,chainlink,1760774003,0.001569849265523008
uni_weth_3000_month_23601643_23608842_w18,chainlink,1760774303,0.001553790939078286
uni_weth_3000_month_23601643_23608842_w18,chainlink,1760774363,0.001562188763465995
uni_weth_3000_month_23601643_23608842_w18,chainlink,1760777939,0.001555533258273027
uni_weth_3000_month_23601643_23608842_w18,chainlink,1760777987,0.001559540058229943
uni_weth_3000_month_23601643_23608842_w18,chainlink,1760781563,0.001563443166491736
uni_weth_3000_month_23601643_23608842_w18,chainlink,1760781623,0.001562575339646985
uni_weth_3000_month_23601643_23608842_w18,chainlink,1760785163,0.001552368621134799
uni_weth_3000_month_23601643_23608842_w18,chainlink,1760785247,0.001553226773842495
uni_weth_3000_month_23601643_23608842_w18,chainlink,1760788775,0.001549039747378627
uni_weth_3000_month_23601643_23608842_w18,chainlink,1760788859,0.001546848173696708
uni_weth_3000_month_23601643_23608842_w18,chainlink,1760792399,0.001537057522348936
uni_weth_3000_month_23601643_23608842_w18,chainlink,1760792495,0.001538691607095441
uni_weth_3000_month_23601643_23608842_w18,chainlink,1760794763,0.001546739899767801
uni_weth_3000_month_23601643_23608842_w18,chainlink,1760796035,0.001540078325146334
uni_weth_3000_month_23601643_23608842_w18,chainlink,1760798387,0.001532824941428848
uni_weth_3000_month_23601643_23608842_w18,chainlink,1760799671,0.001538849109394685
uni_weth_3000_month_23601643_23608842_w18,chainlink,1760802023,0.001541277789830239
uni_weth_3000_month_23601643_23608842_w18,chainlink,1760803295,0.00153752196897918
uni_weth_3000_month_23601643_23608842_w18,chainlink,1760805707,0.001543010644567211
uni_weth_3000_month_23601643_23608842_w18,chainlink,1760806907,0.001546480130193461
uni_weth_3000_month_23601643_23608842_w18,chainlink,1760807987,0.001538570589999664
uni_weth_3000_month_23601643_23608842_w18,chainlink,1760808335,0.001554430815955499
uni_weth_3000_month_23601643_23608842_w18,chainlink,1760808647,0.0015549821687472
uni_weth_3000_month_23601643_23608842_w18,chainlink,1760810411,0.001547236967773039
uni_weth_3000_month_23601643_23608842_w18,chainlink,1760812271,0.001548431690364517
uni_weth_3000_month_23601643_23608842_w18,chainlink,1760814023,0.001551216289802162
uni_weth_3000_month_23601643_23608842_w18,chainlink,1760815907,0.001552832461338715
uni_weth_3000_month_23601643_23608842_w18,chainlink,1760817659,0.001551124843716688
uni_weth_3000_month_23601643_23608842_w18,chainlink,1760819531,0.001553487683222838
uni_weth_3000_month_23601643_23608842_w18,chainlink,1760821283,0.001555807824637832
uni_weth_3000_month_23601643_23608842_w18,chainlink,1760823143,0.001550732880655184
uni_weth_3000_month_23601643_23608842_w18,chainlink,1760824919,0.0015485085794417
uni_weth_3000_month_23601643_23608842_w18,chainlink,1760826767,0.001549554952858658
uni_weth_3000_month_23601643_23608842_w18,chainlink,1760828555,0.001553520937669781
uni_weth_3000_month_23601643_23608842_w18,chainlink,1760830379,0.00155314643108194
uni_weth_3000_month_23601643_23608842_w18,chainlink,1760832179,0.001550918772658459
uni_weth_3000_month_23601643_23608842_w18,chainlink,1760834003,0.001540056519405048
uni_weth_3000_month_23601643_23608842_w18,chainlink,1760834651,0.001548205039072241
uni_weth_3000_month_23601643_23608842_w18,chainlink,1760837639,0.001548908840046299
uni_weth_3000_month_23601643_23608842_w18,chainlink,1760838275,0.001549054687999407
uni_weth_3000_month_23601643_23608842_w18,chainlink,1760841275,0.001548011611984322
uni_weth_3000_month_23601643_23608842_w18,chainlink,1760841911,0.001547378165166553
uni_weth_3000_month_23608843_23616042_w19,chainlink,1760841911,0.001547378165166553
uni_weth_3000_month_23608843_23616042_w19,chainlink,1760844635,0.00153954946746348
uni_weth_3000_month_23608843_23616042_w19,chainlink,1760844899,0.001549644645291746
uni_weth_3000_month_23608843_23616042_w19,chainlink,1760848271,0.00154382900684558
uni_weth_3000_month_23608843_23616042_w19,chainlink,1760848535,0.001549597436630218
uni_weth_3000_month_23608843_23616042_w19,chainlink,1760851895,0.001547821318797415
uni_weth_3000_month_23608843_23616042_w19,chainlink,1760852159,0.001547814710647456
uni_weth_3000_month_23608843_23616042_w19,chainlink,1760854691,0.001555782504125318
uni_weth_3000_month_23608843_23616042_w19,chainlink,1760855771,0.001540510060838959
uni_weth_3000_month_23608843_23616042_w19,chainlink,1760858327,0.001539376655216824
uni_weth_3000_month_23608843_23616042_w19,chainlink,1760859395,0.001543854781742067
uni_weth_3000_month_23608843_23616042_w19,chainlink,1760861975,0.001534558373326726
uni_weth_3000_month_23608843_23616042_w19,chainlink,1760861999,0.001523183465874198
uni_weth_3000_month_23608843_23616042_w19,chainlink,1760862035,0.001538699194355686
uni_weth_3000_month_23608843_23616042_w19,chainlink,1760862107,0.001554564368722534
uni_weth_3000_month_23608843_23616042_w19,chainlink,1760862371,0.001582852136500169
uni_weth_3000_month_23608843_23616042_w19,chainlink,1760862419,0.001570559295303605
uni_weth_3000_month_23608843_23616042_w19,chainlink,1760862431,0.001550543445889105
uni_weth_3000_month_23608843_23616042_w19,chainlink,1760866031,0.001552622340784434
uni_weth_3000_month_23608843_23616042_w19,chainlink,1760866055,0.001546115941088657
uni_weth_3000_month_23608843_23616042_w19,chainlink,1760866931,0.001537937522552708
uni_weth_3000_month_23608843_23616042_w19,chainlink,1760866955,0.001554385143564101
uni_weth_3000_month_23608843_23616042_w19,chainlink,1760866967,0.001546381647448505
uni_weth_3000_month_23608843_23616042_w19,chainlink,1760867447,0.001536474136994007
uni_weth_3000_month_23608843_23616042_w19,chainlink,1760867447,0.001552027331864121
uni_weth_3000_month_23608843_23616042_w19,chainlink,1760868347,0.001560250951505248
uni_weth_3000_month_23608843_23616042_w19,chainlink,1760869487,0.001552405092731232
uni_weth_3000_month_23608843_23616042_w19,chainlink,1760869667,0.001570399762612135
uni_weth_3000_month_23608843_23616042_w19,chainlink,1760869727,0.001562195815630165
uni_weth_3000_month_23608843_23616042_w19,chainlink,1760870147,0.001571685151804148
uni_weth_3000_month_23608843_23616042_w19,chainlink,1760871719,0.00156238197002695
uni_weth_3000_month_23608843_23616042_w19,chainlink,1760873303,0.001565109613839019
uni_weth_3000_month_23608843_23616042_w19,chainlink,1760874287,0.001573109154734106
uni_weth_3000_month_23608843_23616042_w19,chainlink,1760876927,0.001561901620233161
uni_weth_3000_month_23608843_23616042_w19,chainlink,1760877923,0.001564967746304335
uni_weth_3000_month_23608843_23616042_w19,chainlink,1760880563,0.001576122081533877
uni_weth_3000_month_23608843_23616042_w19,chainlink,1760880659,0.001567309986247081
uni_weth_3000_month_23608843_23616042_w19,chainlink,1760881703,0.001584307789806299
uni_weth_3000_month_23608843_23616042_w19,chainlink,1760882003,0.001575358289704329
uni_weth_3000_month_23608843_23616042_w19,chainlink,1760882279,0.00156617253575596
uni_weth_3000_month_23608843_23616042_w19,chainlink,1760882579,0.001574371558442658
uni_weth_3000_month_23608843_23616042_w19,chainlink,1760883515,0.001565664669724683
uni_weth_3000_month_23608843_23616042_w19,chainlink,1760883731,0.001583100548399266
uni_weth_3000_month_23608843_23616042_w19,chainlink,1760887139,0.001584879010075585
uni_weth_3000_month_23608843_23616042_w19,chainlink,1760887343,0.001585111755854817
uni_weth_3000_month_23608843_23616042_w19,chainlink,1760890751,0.001588705324521515
uni_weth_3000_month_23608843_23616042_w19,chainlink,1760890979,0.001576969503691267
uni_weth_3000_month_23608843_23616042_w19,chainlink,1760893547,0.001564817918144859
uni_weth_3000_month_23608843_23616042_w19,chainlink,1760893571,0.001580748131809007
uni_weth_3000_month_23608843_23616042_w19,chainlink,1760893703,0.001572576750649943
uni_weth_3000_month_23608843_23616042_w19,chainlink,1760894447,0.001580775489986162
uni_weth_3000_month_23608843_23616042_w19,chainlink,1760897183,0.001575641519650269
uni_weth_3000_month_23608843_23616042_w19,chainlink,1760898083,0.001580380128823565
uni_weth_3000_month_23608843_23616042_w19,chainlink,1760900783,0.001579814891580039
uni_weth_3000_month_23608843_23616042_w19,chainlink,1760901707,0.001580255302895646
uni_weth_3000_month_23608843_23616042_w19,chainlink,1760904395,0.001581858442140681
uni_weth_3000_month_23608843_23616042_w19,chainlink,1760905343,0.001584702623760211
uni_weth_3000_month_23608843_23616042_w19,chainlink,1760907527,0.001576269350729055
uni_weth_3000_month_23608843_23616042_w19,chainlink,1760908019,0.001579726232569863
uni_weth_3000_month_23608843_23616042_w19,chainlink,1760911139,0.001582625188937186
uni_weth_3000_month_23608843_23616042_w19,chainlink,1760911631,0.001576009952074498
uni_weth_3000_month_23608843_23616042_w19,chainlink,1760912963,0.001566938425657673
uni_weth_3000_month_23608843_23616042_w19,chainlink,1760915255,0.001567715230857232
uni_weth_3000_month_23608843_23616042_w19,chainlink,1760916203,0.001576081306924762
uni_weth_3000_month_23608843_23616042_w19,chainlink,1760917487,0.001584016234680929
uni_weth_3000_month_23608843_23616042_w19,chainlink,1760918615,0.001565803101579685
uni_weth_3000_month_23608843_23616042_w19,chainlink,1760919311,0.001573862857995207
uni_weth_3000_month_23608843_23616042_w19,chainlink,1760919731,0.001582032539734947
uni_weth_3000_month_23608843_23616042_w19,chainlink,1760919887,0.001565215759878496
uni_weth_3000_month_23608843_23616042_w19,chainlink,1760920247,0.001573303367287023
uni_weth_3000_month_23608843_23616042_w19,chainlink,1760920847,0.001564400693854314
uni_weth_3000_month_23608843_23616042_w19,chainlink,1760922047,0.001581337700979672
uni_weth_3000_month_23608843_23616042_w19,chainlink,1760924471,0.001580971369648276
uni_weth_3000_month_23608843_23616042_w19,chainlink,1760925671,0.001577173662857265
uni_weth_3000_month_23608843_23616042_w19,chainlink,1760927783,0.001568631766747963
uni_weth_3000_month_23608843_23616042_w19,chainlink,1760929283,0.001575511288427325
uni_weth_3000_month_23616043_23623242_w20,chainlink,1760929283,0.001575511288427325
uni_weth_3000_month_23616043_23623242_w20,chainlink,1760931395,0.001576259639180985
uni_weth_3000_month_23616043_23623242_w20,chainlink,1760931803,0.001566548738417272
uni_weth_3000_month_23616043_23623242_w20,chainlink,1760932103,0.001582593780958811
uni_weth_3000_month_23616043_23623242_w20,chainlink,1760932283,0.001573668587133196
uni_weth_3000_month_23616043_23623242_w20,chainlink,1760932343,0.001590302319274193
uni_weth_3000_month_23616043_23623242_w20,chainlink,1760932511,0.001581043768871774
uni_weth_3000_month_23616043_23623242_w20,chainlink,1760935967,0.001586356869760252
uni_weth_3000_month_23616043_23623242_w20,chainlink,1760936123,0.001580392474935542
uni_weth_3000_month_23616043_23623242_w20,chainlink,1760939603,0.00157172054898115
uni_weth_3000_month_23616043_23623242_w20,chainlink,1760939615,0.001584833198218564
uni_weth_3000_month_23616043_23623242_w20,chainlink,1760942099,0.001600708267856197
uni_weth_3000_month_23616043_23623242_w20,chainlink,1760943215,0.001595941119022143
uni_weth_3000_month_23616043_23623242_w20,chainlink,1760945723,0.001590757627445069
uni_weth_3000_month_23616043_23623242_w20,chainlink,1760946227,0.001598968753049383
uni_weth_3000_month_23616043_23623242_w20,chainlink,1760948567,0.00160817418429924
uni_weth_3000_month_23616043_23623242_w20,chainlink,1760949167,0.00159663744748959
uni_weth_3000_month_23616043_23623242_w20,chainlink,1760949359,0.001597466258497588
uni_weth_3000_month_23616043_23623242_w20,chainlink,1760949815,0.001605691334042836
uni_weth_3000_month_23616043_23623242_w20,chainlink,1760951819,0.001588911068630825
uni_weth_3000_month_23616043_23623242_w20,chainlink,1760953439,0.001590233210443746
uni_weth_3000_month_23616043_23623242_w20,chainlink,1760955443,0.001597652271791653
uni_weth_3000_month_23616043_23623242_w20,chainlink,1760957063,0.001598195282851718
uni_weth_3000_month_23616043_23623242_w20,chainlink,1760957579,0.001606490002095093
uni_weth_3000_month_23616043_23623242_w20,chainlink,1760959055,0.001600002831937849
uni_weth_3000_month_23616043_23623242_w20,chainlink,1760961047,0.001592007448511616
uni_weth_3000_month_23616043_23623242_w20,chainlink,1760962691,0.001599318074983288
uni_weth_3000_month_23616043_23623242_w20,chainlink,1760964671,0.001602386894160022
uni_weth_3000_month_23616043_23623242_w20,chainlink,1760966315,0.001598137354323051
uni_weth_3000_month_23616043_23623242_w20,chainlink,1760968307,0.001597119142237372
uni_weth_3000_month_23616043_23623242_w20,chainlink,1760969927,0.001587153884102881
uni_weth_3000_month_23616043_23623242_w20,chainlink,1760971931,0.001585228940060603
uni_weth_3000_month_23616043_23623242_w20,chainlink,1760973551,0.001589941019234865
uni_weth_3000_month_23616043_23623242_w20,chainlink,1760975555,0.001590507407343189
uni_weth_3000_month_23616043_23623242_w20,chainlink,1760975867,0.001602014966780682
uni_weth_3000_month_23616043_23623242_w20,chainlink,1760976119,0.001584195937837588
uni_weth_3000_month_23616043_23623242_w20,chainlink,1760976131,0.001598760280106974
uni_weth_3000_month_23616043_23623242_w20,chainlink,1760976143,0.001580056807391308
uni_weth_3000_month_23616043_23623242_w20,chainlink,1760976491,0.001596169447452303
uni_weth_3000_month_23616043_23623242_w20,chainlink,1760977955,0.001604733578028097
uni_weth_3000_month_23616043_23623242_w20,chainlink,1760978771,0.001613159370145429
uni_weth_3000_month_23616043_23623242_w20,chainlink,1760979563,0.001603276607259824
uni_weth_3000_month_23616043_23623242_w20,chainlink,1760980127,0.001601549365340697
uni_weth_3000_month_23616043_23623242_w20,chainlink,1760981831,0.001610460868061471
uni_weth_3000_month_23616043_23623242_w20,chainlink,1760982515,0.001602249590128286
uni_weth_3000_month_23616043_23623242_w20,chainlink,1760983763,0.001600748052551393
uni_weth_3000_month_23616043_23623242_w20,chainlink,1760986115,0.001593618241483918
uni_weth_3000_month_23616043_23623242_w20,chainlink,1760987387,0.001597143705535959
uni_weth_3000_month_23616043_23623242_w20,chainlink,1760989727,0.001590451360130432
uni_weth_3000_month_23616043_23623242_w20,chainlink,1760991023,0.001600506678372107
uni_weth_3000_month_23616043_23623242_w20,chainlink,1760993351,0.001597149529552229
uni_weth_3000_month_23616043_23623242_w20,chainlink,1760994647,0.00160283106432081
uni_weth_3000_month_23616043_23623242_w20,chainlink,1760996963,0.001611020135038863
uni_weth_3000_month_23616043_23623242_w20,chainlink,1760997743,0.00159484978626735
uni_weth_3000_month_23616043_23623242_w20,chainlink,1761000587,0.001589665040664981
uni_weth_3000_month_23616043_23623242_w20,chainlink,1761001379,0.001594200196107965
uni_weth_3000_month_23616043_23623242_w20,chainlink,1761004223,0.001596608419250058
uni_weth_3000_month_23616043_23623242_w20,chainlink,1761005003,0.001591944477247111
uni_weth_3000_month_23616043_23623242_w20,chainlink,1761007847,0.001593702070594291
uni_weth_3000_month_23616043_23623242_w20,chainlink,1761008615,0.001588494735572643
uni_weth_3000_month_23616043_23623242_w20,chainlink,1761010607,0.001596619563624233
uni_weth_3000_month_23616043_23623242_w20,chainlink,1761012239,0.001585963675786047
uni_weth_3000_month_23616043_23623242_w20,chainlink,1761012287,0.001594004170957194
uni_weth_3000_month_23616043_23623242_w20,chainlink,1761015875,0.001594218258232839
uni_weth_3000_month_23616043_23623242_w20,chainlink,1761015899,0.001593902550526988
uni_weth_3000_month_23623243_23630442_w21,chainlink,1761015899,0.001593902550526988
uni_weth_3000_month_23623243_23630442_w21,chainlink,1761019319,0.001602593365227224
uni_weth_3000_month_23623243_23630442_w21,chainlink,1761019439,0.001583541999663504
uni_weth_3000_month_23623243_23630442_w21,chainlink,1761019439,0.001591955755367993
uni_weth_3000_month_23623243_23630442_w21,chainlink,1761019883,0.001593993677840887
uni_weth_3000_month_23623243_23630442_w21,chainlink,1761019931,0.001603386354313542
uni_weth_3000_month_23623243_23630442_w21,chainlink,1761022043,0.001612135475329076
uni_weth_3000_month_23623243_23630442_w21,chainlink,1761022175,0.001595806325643677
uni_weth_3000_month_23623243_23630442_w21,chainlink,1761025583,0.001587158750855269
uni_weth_3000_month_23623243_23630442_w21,chainlink,1761025811,0.001589186816591575
uni_weth_3000_month_23623243_23630442_w21,chainlink,1761029195,0.001585185635410909
uni_weth_3000_month_23623243_23630442_w21,chainlink,1761029435,0.001591366697863875
uni_weth_3000_month_23623243_23630442_w21,chainlink,1761032819,0.001587066349648055
uni_weth_3000_month_23623243_23630442_w21,chainlink,1761033095,0.001592717014763569
uni_weth_3000_month_23623243_23630442_w21,chainlink,1761033107,0.001592717017332053
uni_weth_3000_month_23623243_23630442_w21,chainlink,1761035555,0.001600975680484134
uni_weth_3000_month_23623243_23630442_w21,chainlink,1761036731,0.001590635561793053
uni_weth_3000_month_23623243_23630442_w21,chainlink,1761039179,0.0015903665715919
uni_weth_3000_month_23623243_23630442_w21,chainlink,1761040343,0.001586374923028963
uni_weth_3000_month_23623243_23630442_w21,chainlink,1761042803,0.001589208104886919
uni_weth_3000_month_23623243_23630442_w21,chainlink,1761043811,0.0015805479862147
uni_weth_3000_month_23623243_23630442_w21,chainlink,1761043907,0.001597507844246695
uni_weth_3000_month_23623243_23630442_w21,chainlink,1761047435,0.001595233019477824
uni_weth_3000_month_23623243_23630442_w21,chainlink,1761047543,0.00159871809651714
uni_weth_3000_month_23623243_23630442_w21,chainlink,1761049355,0.001588956465447217
uni_weth_3000_month_23623243_23630442_w21,chainlink,1761049487,0.001605315991097088
uni_weth_3000_month_23623243_23630442_w21,chainlink,1761051011,0.001613573077893886
uni_weth_3000_month_23623243_23630442_w21,chainlink,1761052151,0.001622806997399005
uni_weth_3000_month_23623243_23630442_w21,chainlink,1761053087,0.001624715379414982
uni_weth_3000_month_23623243_23630442_w21,chainlink,1761053915,0.001616302231934769
uni_weth_3000_month_23623243_23630442_w21,chainlink,1761054191,0.001624595780820689
uni_weth_3000_month_23623243_23630442_w21,chainlink,1761054995,0.001633135078563906
uni_weth_3000_month_23623243_23630442_w21,chainlink,1761055415,0.001624874703875552
uni_weth_3000_month_23623243_23630442_w21,chainlink,1761055799,0.001643368229137097
uni_weth_3000_month_23623243_23630442_w21,chainlink,1761055811,0.001631771627037296
uni_weth_3000_month_23623243_23630442_w21,chainlink,1761055931,0.001623555746902927
uni_weth_3000_month_23623243_23630442_w21,chainlink,1761056339,0.001640248019365446
uni_weth_3000_month_23623243_23630442_w21,chainlink,1761056351,0.001632035122537975
uni_weth_3000_month_23623243_23630442_w21,chainlink,1761056987,0.001640309749096699
uni_weth_3000_month_23623243_23630442_w21,chainlink,1761058127,0.001630460651149141
uni_weth_3000_month_23623243_23630442_w21,chainlink,1761058427,0.0016194377681402
uni_weth_3000_month_23623243_23630442_w21,chainlink,1761058559,0.001636026234453941
uni_weth_3000_month_23623243_23630442_w21,chainlink,1761058583,0.001625012204733091
uni_weth_3000_month_23623243_23630442_w21,chainlink,1761058787,0.001616648959064337
uni_weth_3000_month_23623243_23630442_w21,chainlink,1761059363,0.001634964768221936
uni_weth_3000_month_23623243_23630442_w21,chainlink,1761059471,0.001626590571850246
uni_weth_3000_month_23623243_23630442_w21,chainlink,1761060191,0.001617844003118501
uni_weth_3000_month_23623243_23630442_w21,chainlink,1761060203,0.00163548441700595
uni_weth_3000_month_23623243_23630442_w21,chainlink,1761061019,0.001618609239538357
uni_weth_3000_month_23623243_23630442_w21,chainlink,1761061091,0.001627431244107115
uni_weth_3000_month_23623243_23630442_w21,chainlink,1761061307,0.001617704382142103
uni_weth_3000_month_23623243_23630442_w21,chainlink,1761062447,0.001606754971038868
uni_weth_3000_month_23623243_23630442_w21,chainlink,1761062951,0.001615652373874482
uni_weth_3000_month_23623243_23630442_w21,chainlink,1761063587,0.001605977879639646
uni_weth_3000_month_23623243_23630442_w21,chainlink,1761064643,0.00161574684666424
uni_weth_3000_month_23623243_23630442_w21,chainlink,1761065723,0.001624936920677331
uni_weth_3000_month_23623243_23630442_w21,chainlink,1761065819,0.001607041654365538
uni_weth_3000_month_23623243_23630442_w21,chainlink,1761065867,0.001616476261468099
uni_weth_3000_month_23623243_23630442_w21,chainlink,1761066107,0.001625114292313538
uni_weth_3000_month_23623243_23630442_w21,chainlink,1761067139,0.00160789086113505
uni_weth_3000_month_23623243_23630442_w21,chainlink,1761067139,0.001619273531278536
uni_weth_3000_month_23623243_23630442_w21,chainlink,1761067211,0.001628713640854465
uni_weth_3000_month_23623243_23630442_w21,chainlink,1761067607,0.001620159183937168
uni_weth_3000_month_23623243_23630442_w21,chainlink,1761068399,0.00163734589550425
uni_weth_3000_month_23623243_23630442_w21,chainlink,1761068447,0.001628129747969421
uni_weth_3000_month_23623243_23630442_w21,chainlink,1761070307,0.001641452517966193
uni_weth_3000_month_23623243_23630442_w21,chainlink,1761072035,0.001635597673386686
uni_weth_3000_month_23623243_23630442_w21,chainlink,1761072443,0.00162729920849069
uni_weth_3000_month_23623243_23630442_w21,chainlink,1761075659,0.001631539928661822
uni_weth_3000_month_23623243_23630442_w21,chainlink,1761076079,0.001631544250117867
uni_weth_3000_month_23623243_23630442_w21,chainlink,1761077339,0.001639845024310207
uni_weth_3000_month_23623243_23630442_w21,chainlink,1761077819,0.001651658127038296
uni_weth_3000_month_23623243_23630442_w21,chainlink,1761077831,0.001632273887425889
uni_weth_3000_month_23623243_23630442_w21,chainlink,1761081443,0.001634686780117444
uni_weth_3000_month_23623243_23630442_w21,chainlink,1761081455,0.001633585361137529
uni_weth_3000_month_23623243_23630442_w21,chainlink,1761081779,0.001643319839266704
uni_weth_3000_month_23623243_23630442_w21,chainlink,1761082583,0.001635078976296979
uni_weth_3000_month_23623243_23630442_w21,chainlink,1761084575,0.001644119924305518
uni_weth_3000_month_23623243_23630442_w21,chainlink,1761085067,0.001636671391204464
uni_weth_3000_month_23623243_23630442_w21,chainlink,1761085955,0.001644904458279982
uni_weth_3000_month_23623243_23630442_w21,chainlink,1761086051,0.001628316566761386
uni_weth_3000_month_23623243_23630442_w21,chainlink,1761086843,0.001619878017983032
uni_weth_3000_month_23623243_23630442_w21,chainlink,1761087203,0.001628038210786609
uni_weth_3000_month_23623243_23630442_w21,chainlink,1761089531,0.001611670710352809
uni_weth_3000_month_23623243_23630442_w21,chainlink,1761089615,0.001620017692633353
uni_weth_3000_month_23623243_23630442_w21,chainlink,1761089879,0.001628538278161591
uni_weth_3000_month_23623243_23630442_w21,chainlink,1761092039,0.001618399742487946
uni_weth_3000_month_23623243_23630442_w21,chainlink,1761092795,0.001626534841188393
uni_weth_3000_month_23623243_23630442_w21,chainlink,1761093167,0.001618636659166961
uni_weth_3000_month_23623243_23630442_w21,chainlink,1761093335,0.001633253353557624
uni_weth_3000_month_23623243_23630442_w21,chainlink,1761095315,0.001624935962540572
uni_weth_3000_month_23623243_23630442_w21,chainlink,1761096791,0.001613593423073461
uni_weth_3000_month_23623243_23630442_w21,chainlink,1761098939,0.001607612302092508
uni_weth_3000_month_23623243_23630442_w21,chainlink,1761100391,0.001616772082744248
uni_weth_3000_month_23623243_23630442_w21,chainlink,1761102551,0.001622993449373982
uni_weth_3000_month_23623243_23630442_w21,chainlink,1761104003,0.001617666192960799
uni_weth_3000_month_23630443_23637642_w22,chainlink,1761104003,0.001617666192960799
uni_weth_3000_month_23630443_23637642_w22,chainlink,1761106175,0.00161088463013195
uni_weth_3000_month_23630443_23637642_w22,chainlink,1761107627,0.001617093753120077
uni_weth_3000_month_23630443_23637642_w22,chainlink,1761109811,0.001618106498050352
uni_weth_3000_month_23630443_23637642_w22,chainlink,1761110747,0.001601301411136635
uni_weth_3000_month_23630443_23637642_w22,chainlink,1761110831,0.00161136953000065
uni_weth_3000_month_23630443_23637642_w22,chainlink,1761112631,0.001603290023880179
uni_weth_3000_month_23630443_23637642_w22,chainlink,1761114359,0.001602249963131899
uni_weth_3000_month_23630443_23637642_w22,chainlink,1761116255,0.001602733842682523
uni_weth_3000_month_23630443_23637642_w22,chainlink,1761116927,0.001610854638296424
uni_weth_3000_month_23630443_23637642_w22,chainlink,1761117983,0.0016058683926791
uni_weth_3000_month_23630443_23637642_w22,chainlink,1761118307,0.00159772500998621
uni_weth_3000_month_23630443_23637642_w22,chainlink,1761121619,0.001599931186698199
uni_weth_3000_month_23630443_23637642_w22,chainlink,1761121943,0.001601040995493862
uni_weth_3000_month_23630443_23637642_w22,chainlink,1761124811,0.001612984347119036
uni_weth_3000_month_23630443_23637642_w22,chainlink,1761125255,0.001609509552879724
uni_weth_3000_month_23630443_23637642_w22,chainlink,1761125411,0.001601170451389519
uni_weth_3000_month_23630443_23637642_w22,chainlink,1761126371,0.001610004483731466
uni_weth_3000_month_23630443_23637642_w22,chainlink,1761128879,0.001603914187956561
uni_weth_3000_month_23630443_23637642_w22,chainlink,1761129971,0.001602355672485698
uni_weth_3000_month_23630443_23637642_w22,chainlink,1761130991,0.001611098171690504
uni_weth_3000_month_23630443_23637642_w22,chainlink,1761131075,0.001625486205129464
uni_weth_3000_month_23630443_23637642_w22,chainlink,1761131183,0.001616943699233625
uni_weth_3000_month_23630443_23637642_w22,chainlink,1761131567,0.0016088701123579
uni_weth_3000_month_23630443_23637642_w22,chainlink,1761132107,0.001600767070529339
uni_weth_3000_month_23630443_23637642_w22,chainlink,1761132515,0.001602169532469658
uni_weth_3000_month_23630443_23637642_w22,chainlink,1761135743,0.00160024373903294
uni_weth_3000_month_23630443_23637642_w22,chainlink,1761136151,0.001603042159089513
uni_weth_3000_month_23630443_23637642_w22,chainlink,1761138707,0.001594525357780852
uni_weth_3000_month_23630443_23637642_w22,chainlink,1761139775,0.001597091179355081
uni_weth_3000_month_23630443_23637642_w22,chainlink,1761139847,0.001605923836734269
uni_weth_3000_month_23630443_23637642_w22,chainlink,1761141527,0.001593924999806301
uni_weth_3000_month_23630443_23637642_w22,chainlink,1761141923,0.001602156389160407
uni_weth_3000_month_23630443_23637642_w22,chainlink,1761142979,0.001611684927897677
uni_weth_3000_month_23630443_23637642_w22,chainlink,1761143015,0.001594695019941602
uni_weth_3000_month_23630443_23637642_w22,chainlink,1761143027,0.001603727385724189
uni_weth_3000_month_23630443_23637642_w22,chainlink,1761145019,0.001594325715377933
uni_weth_3000_month_23630443_23637642_w22,chainlink,1761145211,0.001613181677755137
uni_weth_3000_month_23630443_23637642_w22,chainlink,1761145223,0.001604301829719505
uni_weth_3000_month_23630443_23637642_w22,chainlink,1761145919,0.001613055840177325
uni_weth_3000_month_23630443_23637642_w22,chainlink,1761146219,0.001621725842053737
uni_weth_3000_month_23630443_23637642_w22,chainlink,1761146267,0.001604449308798093
uni_weth_3000_month_23630443_23637642_w22,chainlink,1761147611,0.001593583663350876
uni_weth_3000_month_23630443_23637642_w22,chainlink,1761149891,0.001599840167182124
uni_weth_3000_month_23630443_23637642_w22,chainlink,1761150143,0.001608287515789363
uni_weth_3000_month_23630443_23637642_w22,chainlink,1761150443,0.001599289089028048
uni_weth_3000_month_23630443_23637642_w22,chainlink,1761150743,0.001607539431605814
uni_weth_3000_month_23630443_23637642_w22,chainlink,1761150923,0.001598188124644899
uni_weth_3000_month_23630443_23637642_w22,chainlink,1761153527,0.001599782823162102
uni_weth_3000_month_23630443_23637642_w22,chainlink,1761154559,0.001600836535922161
uni_weth_3000_month_23630443_23637642_w22,chainlink,1761155003,0.001609850103250558
uni_weth_3000_month_23630443_23637642_w22,chainlink,1761155807,0.001593687014538936
uni_weth_3000_month_23630443_23637642_w22,chainlink,1761157019,0.001602422112278051
uni_weth_3000_month_23630443_23637642_w22,chainlink,1761157343,0.001593262736800523
uni_weth_3000_month_23630443_23637642_w22,chainlink,1761158519,0.001601540352381514
uni_weth_3000_month_23630443_23637642_w22,chainlink,1761159443,0.001598167341190251
uni_weth_3000_month_23630443_23637642_w22,chainlink,1761159959,0.001589826426383944
uni_weth_3000_month_23630443_23637642_w22,chainlink,1761160127,0.001606844882465281
uni_weth_3000_month_23630443_23637642_w22,chainlink,1761162779,0.001615255260942882
uni_weth_3000_month_23630443_23637642_w22,chainlink,1761163103,0.001597347753845593
uni_weth_3000_month_23630443_23637642_w22,chainlink,1761165251,0.001606964906364608
uni_weth_3000_month_23630443_23637642_w22,chainlink,1761165587,0.001597789310342756
uni_weth_3000_month_23630443_23637642_w22,chainlink,1761166727,0.001587400379195737
uni_weth_3000_month_23630443_23637642_w22,chainlink,1761166943,0.001596328230305782
uni_weth_3000_month_23630443_23637642_w22,chainlink,1761167555,0.001611475955929209
uni_weth_3000_month_23630443_23637642_w22,chainlink,1761167567,0.001588304302493709
uni_weth_3000_month_23630443_23637642_w22,chainlink,1761170819,0.001579548362952928
uni_weth_3000_month_23630443_23637642_w22,chainlink,1761171191,0.00158632425367363
uni_weth_3000_month_23630443_23637642_w22,chainlink,1761171731,0.00159430762873799
uni_weth_3000_month_23630443_23637642_w22,chainlink,1761174131,0.001584756163704552
uni_weth_3000_month_23630443_23637642_w22,chainlink,1761174827,0.001590529548557485
uni_weth_3000_month_23630443_23637642_w22,chainlink,1761175211,0.001582261818700944
uni_weth_3000_month_23630443_23637642_w22,chainlink,1761175631,0.001598374870967477
uni_weth_3000_month_23630443_23637642_w22,chainlink,1761175631,0.001588230847440767
uni_weth_3000_month_23630443_23637642_w22,chainlink,1761179255,0.001589137727162842
uni_weth_3000_month_23630443_23637642_w22,chainlink,1761179267,0.001586264536319778
uni_weth_3000_month_23630443_23637642_w22,chainlink,1761181931,0.001578277019007032
uni_weth_3000_month_23630443_23637642_w22,chainlink,1761182891,0.001583912761117937
uni_weth_3000_month_23630443_23637642_w22,chainlink,1761185615,0.001586039874475444
uni_weth_3000_month_23630443_23637642_w22,chainlink,1761186503,0.001592116428433111
uni_weth_3000_month_23630443_23637642_w22,chainlink,1761189227,0.001588822229595395
uni_weth_3000_month_23630443_23637642_w22,chainlink,1761190127,0.001596205912704529
uni_weth_3000_month_23637643_23644842_w23,chainlink,1761190127,0.001596205912704529
uni_weth_3000_month_23637643_23644842_w23,chainlink,1761192851,0.00159766586138733
uni_weth_3000_month_23637643_23644842_w23,chainlink,1761193751,0.001600733568035916
uni_weth_3000_month_23637643_23644842_w23,chainlink,1761194507,0.001592386638535527
uni_weth_3000_month_23637643_23644842_w23,chainlink,1761197375,0.001595310612176404
uni_weth_3000_month_23637643_23644842_w23,chainlink,1761198131,0.001597749398833358
uni_weth_3000_month_23637643_23644842_w23,chainlink,1761200207,0.001588292233075888
uni_weth_3000_month_23637643_23644842_w23,chainlink,1761200267,0.001608093369751484
uni_weth_3000_month_23637643_23644842_w23,chainlink,1761200327,0.001598436386092249
uni_weth_3000_month_23637643_23644842_w23,chainlink,1761203879,0.001595082025422584
uni_weth_3000_month_23637643_23644842_w23,chainlink,1761203963,0.00159655017294477
uni_weth_3000_month_23637643_23644842_w23,chainlink,1761207515,0.001600742783737655
uni_weth_3000_month_23637643_23644842_w23,chainlink,1761207563,0.00159241839510226
uni_weth_3000_month_23637643_23644842_w23,chainlink,1761210323,0.001600492141348021
uni_weth_3000_month_23637643_23644842_w23,chainlink,1761211151,0.001592613881416217
uni_weth_3000_month_23637643_23644842_w23,chainlink,1761213947,0.001587050882866689
uni_weth_3000_month_23637643_23644842_w23,chainlink,1761214775,0.001596328395083509
uni_weth_3000_month_23637643_23644842_w23,chainlink,1761217619,0.001603448098729864
uni_weth_3000_month_23637643_23644842_w23,chainlink,1761218411,0.001596120699415942
uni_weth_3000_month_23637643_23644842_w23,chainlink,1761220979,0.001606409941708667
uni_weth_3000_month_23637643_23644842_w23,chainlink,1761221099,0.001589833018432103
uni_weth_3000_month_23637643_23644842_w23,chainlink,1761224603,0.001593283728617498
uni_weth_3000_month_23637643_23644842_w23,chainlink,1761224735,0.001603130057673194
uni_weth_3000_month_23637643_23644842_w23,chainlink,1761226583,0.001594623034738522
uni_weth_3000_month_23637643_23644842_w23,chainlink,1761226979,0.001606592021096995
uni_weth_3000_month_23637643_23644842_w23,chainlink,1761227459,0.00159813180490967
uni_weth_3000_month_23637643_23644842_w23,chainlink,1761228359,0.001605174732947231
uni_weth_3000_month_23637643_23644842_w23,chainlink,1761228491,0.001617276685789523
uni_weth_3000_month_23637643_23644842_w23,chainlink,1761230219,0.001608459630720881
uni_weth_3000_month_23637643_23644842_w23,chainlink,1761231995,0.001610056889361136
uni_weth_3000_month_23637643_23644842_w23,chainlink,1761232235,0.001601638520761279
uni_weth_3000_month_23637643_23644842_w23,chainlink,1761232559,0.001617700839961897
uni_weth_3000_month_23637643_23644842_w23,chainlink,1761235871,0.001618443197786786
uni_weth_3000_month_23637643_23644842_w23,chainlink,1761236171,0.001620932201472415
uni_weth_3000_month_23637643_23644842_w23,chainlink,1761237971,0.00161241362999164
uni_weth_3000_month_23637643_23644842_w23,chainlink,1761238535,0.001604358432180916
uni_weth_3000_month_23637643_23644842_w23,chainlink,1761238547,0.00159629573929785
uni_weth_3000_month_23637643_23644842_w23,chainlink,1761238895,0.00160656181601155
uni_weth_3000_month_23637643_23644842_w23,chainlink,1761239351,0.001615213080313842
uni_weth_3000_month_23637643_23644842_w23,chainlink,1761239795,0.001620776065145122
uni_weth_3000_month_23637643_23644842_w23,chainlink,1761240947,0.001607631949122608
uni_weth_3000_month_23637643_23644842_w23,chainlink,1761241163,0.001624616130118918
uni_weth_3000_month_23637643_23644842_w23,chainlink,1761243767,0.001633005621486731
uni_weth_3000_month_23637643_23644842_w23,chainlink,1761244775,0.001628698130294345
uni_weth_3000_month_23637643_23644842_w23,chainlink,1761244955,0.001636886147522571
uni_weth_3000_month_23637643_23644842_w23,chainlink,1761246323,0.001647678927977434
uni_weth_3000_month_23637643_23644842_w23,chainlink,1761247739,0.001638549365005287
uni_weth_3000_month_23637643_23644842_w23,chainlink,1761248387,0.001630077201857279
uni_weth_3000_month_23637643_23644842_w23,chainlink,1761249779,0.001640993235332379
uni_weth_3000_month_23637643_23644842_w23,chainlink,1761252023,0.00163236807597242
uni_weth_3000_month_23637643_23644842_w23,chainlink,1761253403,0.00163603978801847
uni_weth_3000_month_23637643_23644842_w23,chainlink,1761255647,0.001631047911042822
uni_weth_3000_month_23637643_23644842_w23,chainlink,1761257015,0.001631441067306563
uni_weth_3000_month_23637643_23644842_w23,chainlink,1761258755,0.001622307411698254
uni_weth_3000_month_23637643_23644842_w23,chainlink,1761259283,0.001630755268489766
uni_weth_3000_month_23637643_23644842_w23,chainlink,1761262379,0.001631237375777547
uni_weth_3000_month_23637643_23644842_w23,chainlink,1761262907,0.001632524993930306
uni_weth_3000_month_23637643_23644842_w23,chainlink,1761265991,0.001632936490646177
uni_weth_3000_month_23637643_23644842_w23,chainlink,1761266543,0.001637518915966823
uni_weth_3000_month_23637643_23644842_w23,chainlink,1761267071,0.001628318632997158
uni_weth_3000_month_23637643_23644842_w23,chainlink,1761270167,0.001622153978686006
uni_weth_3000_month_23637643_23644842_w23,chainlink,1761270707,0.001619694935612357
uni_weth_3000_month_23637643_23644842_w23,chainlink,1761273779,0.001620501816604639
uni_weth_3000_month_23637643_23644842_w23,chainlink,1761274319,0.001617533036336851
uni_weth_3000_month_23637643_23644842_w23,chainlink,1761277403,0.001610478727308344
uni_weth_3000_month_23637643_23644842_w23,chainlink,1761277931,0.001613751162751062
uni_weth_3000_month_23644843_23652042_w24,chainlink,1761277931,0.001613751162751062
uni_weth_3000_month_23644843_23652042_w24,chainlink,1761279275,0.001605586702206281
uni_weth_3000_month_23644843_23652042_w24,chainlink,1761279839,0.001624258165505524
uni_weth_3000_month_23644843_23652042_w24,chainlink,1761280067,0.001616000308675044
uni_weth_3000_month_23644843_23652042_w24,chainlink,1761280463,0.001603867465706528
uni_weth_3000_month_23644843_23652042_w24,chainlink,1761281099,0.001619979170200432
uni_weth_3000_month_23644843_23652042_w24,chainlink,1761281507,0.001610284650890446
uni_weth_3000_month_23644843_23652042_w24,chainlink,1761284735,0.001608072068810899
uni_weth_3000_month_23644843_23652042_w24,chainlink,1761285143,0.001605280738285033
uni_weth_3000_month_23644843_23652042_w24,chainlink,1761288359,0.001607994893714641
uni_weth_3000_month_23644843_23652042_w24,chainlink,1761288767,0.001607433974347704
uni_weth_3000_month_23644843_23652042_w24,chainlink,1761291527,0.001615524356537608
uni_weth_3000_month_23644843_23652042_w24,chainlink,1761291971,0.001601960739770355
uni_weth_3000_month_23644843_23652042_w24,chainlink,1761292043,0.001610611878218191
uni_weth_3000_month_23644843_23652042_w24,chainlink,1761295559,0.001601791413877097
uni_weth_3000_month_23644843_23652042_w24,chainlink,1761295571,0.00161859739495503
uni_weth_3000_month_23644843_23652042_w24,chainlink,1761299195,0.001618801745237771
uni_weth_3000_month_23644843_23652042_w24,chainlink,1761299195,0.001612195037230737
uni_weth_3000_month_23644843_23652042_w24,chainlink,1761302807,0.001613966641734094
uni_weth_3000_month_23644843_23652042_w24,chainlink,1761302807,0.001610072311198936
uni_weth_3000_month_23644843_23652042_w24,chainlink,1761305675,0.001618987720083084
uni_weth_3000_month_23644843_23652042_w24,chainlink,1761306431,0.001611170165434148
uni_weth_3000_month_23644843_23652042_w24,chainlink,1761307547,0.001602928025138528
uni_weth_3000_month_23644843_23652042_w24,chainlink,1761309059,0.00159303564516937
uni_weth_3000_month_23644843_23652042_w24,chainlink,1761309059,0.001613962292146974
uni_weth_3000_month_23644843_23652042_w24,chainlink,1761309119,0.001604773390388544
uni_weth_3000_month_23644843_23652042_w24,chainlink,1761309359,0.001613214037143537
uni_weth_3000_month_23644843_23652042_w24,chainlink,1761310163,0.001595967459954495
uni_weth_3000_month_23644843_23652042_w24,chainlink,1761310595,0.001605269181030127
uni_weth_3000_month_23644843_23652042_w24,chainlink,1761313007,0.001588493018650609
uni_weth_3000_month_23644843_23652042_w24,chainlink,1761313523,0.001597385493817753
uni_weth_3000_month_23644843_23652042_w24,chainlink,1761315707,0.001606795044281688
uni_weth_3000_month_23644843_23652042_w24,chainlink,1761315707,0.00158997033937173
uni_weth_3000_month_23644843_23652042_w24,chainlink,1761317663,0.001598635120307808
uni_weth_3000_month_23644843_23652042_w24,chainlink,1761318767,0.001588409564380645
uni_weth_3000_month_23644843_23652042_w24,chainlink,1761319343,0.001598365075921355
uni_weth_3000_month_23644843_23652042_w24,chainlink,1761320567,0.001582354493640677
uni_weth_3000_month_23644843_23652042_w24,chainlink,1761320747,0.001593592541089548
uni_weth_3000_month_23644843_23652042_w24,chainlink,1761323783,0.001601691925272133
uni_weth_3000_month_23644843_23652042_w24,chainlink,1761324203,0.001595825524315784
uni_weth_3000_month_23644843_23652042_w24,chainlink,1761325307,0.001586439060786393
uni_weth_3000_month_23644843_23652042_w24,chainlink,1761327839,0.001594156369511001
uni_weth_3000_month_23644843_23652042_w24,chainlink,1761328919,0.00159677478519501
uni_weth_3000_month_23644843_23652042_w24,chainlink,1761329747,0.001588509611392822
uni_weth_3000_month_23644843_23652042_w24,chainlink,1761331463,0.001596236154082766
uni_weth_3000_month_23644843_23652042_w24,chainlink,1761332939,0.001587832342102852
uni_weth_3000_month_23644843_23652042_w24,chainlink,1761335099,0.001595087579004213
uni_weth_3000_month_23644843_23652042_w24,chainlink,1761336575,0.00159389875652519
uni_weth_3000_month_23644843_23652042_w24,chainlink,1761338735,0.001600400878165925
uni_weth_3000_month_23644843_23652042_w24,chainlink,1761340187,0.001598662100708615
uni_weth_3000_month_23644843_23652042_w24,chainlink,1761342359,0.00159145580806523
uni_weth_3000_month_23644843_23652042_w24,chainlink,1761343883,0.001590059957091896
uni_weth_3000_month_23644843_23652042_w24,chainlink,1761345995,0.0015867110608965
uni_weth_3000_month_23644843_23652042_w24,chainlink,1761347519,0.001590446343675017
uni_weth_3000_month_23644843_23652042_w24,chainlink,1761349631,0.001587421281158581
uni_weth_3000_month_23644843_23652042_w24,chainlink,1761351143,0.001587647458282851
uni_weth_3000_month_23644843_23652042_w24,chainlink,1761353267,0.001592501768969975
uni_weth_3000_month_23644843_23652042_w24,chainlink,1761354755,0.00159589353626715
uni_weth_3000_month_23644843_23652042_w24,chainlink,1761356891,0.001596285428607138
uni_weth_3000_month_23644843_23652042_w24,chainlink,1761358379,0.001592826623484892
uni_weth_3000_month_23644843_23652042_w24,chainlink,1761360515,0.001585466202077254
uni_weth_3000_month_23644843_23652042_w24,chainlink,1761361991,0.001585246155538372
uni_weth_3000_month_23644843_23652042_w24,chainlink,1761364127,0.00157798762222744
uni_weth_3000_month_23644843_23652042_w24,chainlink,1761365615,0.001580192819950556
uni_weth_3000_month_23652043_23659242_w25,chainlink,1761365615,0.001580192819950556
uni_weth_3000_month_23652043_23659242_w25,chainlink,1761367751,0.00157869863212507
uni_weth_3000_month_23652043_23659242_w25,chainlink,1761369227,0.00157899530957227
uni_weth_3000_month_23652043_23659242_w25,chainlink,1761371387,0.001581756279617079
uni_weth_3000_month_23652043_23659242_w25,chainlink,1761372839,0.001577304097410691
uni_weth_3000_month_23652043_23659242_w25,chainlink,1761375023,0.001575588947219371
uni_weth_3000_month_23652043_23659242_w25,chainlink,1761376475,0.001576243761133222
uni_weth_3000_month_23652043_23659242_w25,chainlink,1761378647,0.001572030582841556
uni_weth_3000_month_23652043_23659242_w25,chainlink,1761380111,0.001571190545049772
uni_weth_3000_month_23652043_23659242_w25,chainlink,1761382295,0.001573958928757493
uni_weth_3000_month_23652043_23659242_w25,chainlink,1761382775,0.001565801371300282
uni_weth_3000_month_23652043_23659242_w25,chainlink,1761385919,0.00156520446886132
uni_weth_3000_month_23652043_23659242_w25,chainlink,1761386387,0.001570224846937234
uni_weth_3000_month_23652043_23659242_w25,chainlink,1761389543,0.001563469686881577
uni_weth_3000_month_23652043_23659242_w25,chainlink,1761389999,0.001563252928361847
uni_weth_3000_month_23652043_23659242_w25,chainlink,1761393179,0.001566369257858475
uni_weth_3000_month_23652043_23659242_w25,chainlink,1761393635,0.001567302309412027
uni_weth_3000_month_23652043_23659242_w25,chainlink,1761396815,0.001574006642511032
uni_weth_3000_month_23652043_23659242_w25,chainlink,1761397271,0.001567999873610345
uni_weth_3000_month_23652043_23659242_w25,chainlink,1761400439,0.001560623520609097
uni_weth_3000_month_23652043_23659242_w25,chainlink,1761400907,0.00156548761959343
uni_weth_3000_month_23652043_23659242_w25,chainlink,1761404075,0.001569075564515559
uni_weth_3000_month_23652043_23659242_w25,chainlink,1761404543,0.001572200557398953
uni_weth_3000_month_23652043_23659242_w25,chainlink,1761407711,0.00157024223516772
uni_weth_3000_month_23652043_23659242_w25,chainlink,1761408179,0.001571670131934251
uni_weth_3000_month_23652043_23659242_w25,chainlink,1761411335,0.0015778879090071
uni_weth_3000_month_23652043_23659242_w25,chainlink,1761411863,0.001577251645949312
uni_weth_3000_month_23652043_23659242_w25,chainlink,1761414971,0.001580861071710007
uni_weth_3000_month_23652043_23659242_w25,chainlink,1761415499,0.001581382967162463
uni_weth_3000_month_23652043_23659242_w25,chainlink,1761417083,0.001572889189347087
uni_weth_3000_month_23652043_23659242_w25,chainlink,1761418595,0.001581674864985228
uni_weth_3000_month_23652043_23659242_w25,chainlink,1761420695,0.001579141985970334
uni_weth_3000_month_23652043_23659242_w25,chainlink,1761422207,0.001581792034705493
uni_weth_3000_month_23652043_23659242_w25,chainlink,1761424307,0.001584913692509323
uni_weth_3000_month_23652043_23659242_w25,chainlink,1761425831,0.001584952623482559
uni_weth_3000_month_23652043_23659242_w25,chainlink,1761427931,0.001586895902258115
uni_weth_3000_month_23652043_23659242_w25,chainlink,1761429467,0.001583095026269524
uni_weth_3000_month_23652043_23659242_w25,chainlink,1761431603,0.001580254363393344
uni_weth_3000_month_23652043_23659242_w25,chainlink,1761433103,0.001584187491407702
uni_weth_3000_month_23652043_23659242_w25,chainlink,1761435227,0.001583768289176638
uni_weth_3000_month_23652043_23659242_w25,chainlink,1761436727,0.001579493019716997
uni_weth_3000_month_23652043_23659242_w25,chainlink,1761438839,0.001578544059548659
uni_weth_3000_month_23652043_23659242_w25,chainlink,1761440363,0.001575939142538232
uni_weth_3000_month_23652043_23659242_w25,chainlink,1761442463,0.001579236739083868
uni_weth_3000_month_23652043_23659242_w25,chainlink,1761443855,0.001563109450600782
uni_weth_3000_month_23652043_23659242_w25,chainlink,1761443867,0.00157264813720272
uni_weth_3000_month_23652043_23659242_w25,chainlink,1761447479,0.001573240176244236
uni_weth_3000_month_23652043_23659242_w25,chainlink,1761447479,0.001571090220639151
uni_weth_3000_month_23652043_23659242_w25,chainlink,1761451103,0.001567315236651764
uni_weth_3000_month_23652043_23659242_w25,chainlink,1761451115,0.001567578962231748
uni_weth_3000_month_23659243_23666442_w26,chainlink,1761451115,0.001567578962231748
uni_weth_3000_month_23659243_23666442_w26,chainlink,1761454715,0.001571747165155003
uni_weth_3000_month_23659243_23666442_w26,chainlink,1761454739,0.001567755968018989
uni_weth_3000_month_23659243_23666442_w26,chainlink,1761458339,0.001575335489014594
uni_weth_3000_month_23659243_23666442_w26,chainlink,1761458351,0.001573656237878904
uni_weth_3000_month_23659243_23666442_w26,chainlink,1761461975,0.001571552597327787
uni_weth_3000_month_23659243_23666442_w26,chainlink,1761461975,0.001571382032256168
uni_weth_3000_month_23659243_23666442_w26,chainlink,1761465599,0.001577814187063342
uni_weth_3000_month_23659243_23666442_w26,chainlink,1761465647,0.001575032825117953
uni_weth_3000_month_23659243_23666442_w26,chainlink,1761469211,0.001582044809765119
uni_weth_3000_month_23659243_23666442_w26,chainlink,1761469283,0.00157862636534411
uni_weth_3000_month_23659243_23666442_w26,chainlink,1761470747,0.00156926715065665
uni_weth_3000_month_23659243_23666442_w26,chainlink,1761470951,0.001586031467268722
uni_weth_3000_month_23659243_23666442_w26,chainlink,1761471023,0.00157732954515589
uni_weth_3000_month_23659243_23666442_w26,chainlink,1761471959,0.001585473011285231
uni_weth_3000_month_23659243_23666442_w26,chainlink,1761474575,0.001582782657674609
uni_weth_3000_month_23659243_23666442_w26,chainlink,1761475595,0.001583958980912829
uni_weth_3000_month_23659243_23666442_w26,chainlink,1761478187,0.001595856286312575
uni_weth_3000_month_23659243_23666442_w26,chainlink,1761478235,0.001587633742197768
uni_weth_3000_month_23659243_23666442_w26,chainlink,1761479015,0.001572234672074647
uni_weth_3000_month_23659243_23666442_w26,chainlink,1761479087,0.001588268164923415
uni_weth_3000_month_23659243_23666442_w26,chainlink,1761482315,0.001579764143608619
uni_weth_3000_month_23659243_23666442_w26,chainlink,1761482747,0.001583726110747518
uni_weth_3000_month_23659243_23666442_w26,chainlink,1761485927,0.001577704824843555
uni_weth_3000_month_23659243_23666442_w26,chainlink,1761485951,0.001593763400838437
uni_weth_3000_month_23659243_23666442_w26,chainlink,1761489563,0.001590674779594875
uni_weth_3000_month_23659243_23666442_w26,chainlink,1761489563,0.001591696015082799
uni_weth_3000_month_23659243_23666442_w26,chainlink,1761493187,0.001595001873379136
uni_weth_3000_month_23659243_23666442_w26,chainlink,1761493199,0.001598305866883287
uni_weth_3000_month_23659243_23666442_w26,chainlink,1761496823,0.001602432283089202
uni_weth_3000_month_23659243_23666442_w26,chainlink,1761496823,0.001606003230548608
uni_weth_3000_month_23659243_23666442_w26,chainlink,1761500435,0.001604226010097839
uni_weth_3000_month_23659243_23666442_w26,chainlink,1761500459,0.00160646229898193
uni_weth_3000_month_23659243_23666442_w26,chainlink,1761504071,0.00160203853069796
uni_weth_3000_month_23659243_23666442_w26,chainlink,1761504083,0.001610848643183793
uni_weth_3000_month_23659243_23666442_w26,chainlink,1761507695,0.001613480521298954
uni_weth_3000_month_23659243_23666442_w26,chainlink,1761507719,0.001616915749401452
uni_weth_3000_month_23659243_23666442_w26,chainlink,1761511295,0.001616350002934278
uni_weth_3000_month_23659243_23666442_w26,chainlink,1761511343,0.001611846250930517
uni_weth_3000_month_23659243_23666442_w26,chainlink,1761514907,0.001604962149429607
uni_weth_3000_month_23659243_23666442_w26,chainlink,1761514955,0.00160603848628824
uni_weth_3000_month_23659243_23666442_w26,chainlink,1761516263,0.001573949350659205
uni_weth_3000_month_23659243_23666442_w26,chainlink,1761516299,0.001590174628536892
uni_weth_3000_month_23659243_23666442_w26,chainlink,1761516335,0.001599231568295797
uni_weth_3000_month_23659243_23666442_w26,chainlink,1761516443,0.001607840579015812
uni_weth_3000_month_23659243_23666442_w26,chainlink,1761518087,0.001598939053524033
uni_weth_3000_month_23659243_23666442_w26,chainlink,1761519059,0.001615859176082329
uni_weth_3000_month_23659243_23666442_w26,chainlink,1761519707,0.001606778028041156
uni_weth_3000_month_23659243_23666442_w26,chainlink,1761522659,0.001599223386072405
uni_weth_3000_month_23659243_23666442_w26,chainlink,1761523343,0.001604317145665739
uni_weth_3000_month_23659243_23666442_w26,chainlink,1761525299,0.001594249514300939
uni_weth_3000_month_23659243_23666442_w26,chainlink,1761526271,0.001601431549290389
uni_weth_3000_month_23659243_23666442_w26,chainlink,1761528911,0.001599576755087007
uni_weth_3000_month_23659243_23666442_w26,chainlink,1761528995,0.001617542333030173
uni_weth_3000_month_23659243_23666442_w26,chainlink,1761531167,0.001635262132339544
uni_weth_3000_month_23659243_23666442_w26,chainlink,1761531911,0.001626484687262959
uni_weth_3000_month_23659243_23666442_w26,chainlink,1761532331,0.001636634512593859
uni_weth_3000_month_23659243_23666442_w26,chainlink,1761532487,0.001618645271485604
uni_weth_3000_month_23659243_23666442_w26,chainlink,1761533003,0.001610377728451939
uni_weth_3000_month_23659243_23666442_w26,chainlink,1761536111,0.001607159229193461
uni_weth_3000_month_23659243_23666442_w26,chainlink,1761536603,0.001608528743358033
uni_weth_3000_month_23659243_23666442_w26,chainlink,1761539747,0.001607587256995125
uni_weth_3000_month_23666443_23673642_w27,chainlink,1761539747,0.001607587256995125
uni_weth_3000_month_23666443_23673642_w27,chainlink,1761540215,0.001606039142203284
uni_weth_3000_month_23666443_23673642_w27,chainlink,1761541979,0.001597378969500406
uni_weth_3000_month_23666443_23673642_w27,chainlink,1761542567,0.001616023042347946
uni_weth_3000_month_23666443_23673642_w27,chainlink,1761545303,0.001599620328579981
uni_weth_3000_month_23666443_23673642_w27,chainlink,1761545603,0.00160145054563115
uni_weth_3000_month_23666443_23673642_w27,chainlink,1761548927,0.001604839021039532
uni_weth_3000_month_23666443_23673642_w27,chainlink,1761549215,0.001603817519024939
uni_weth_3000_month_23666443_23673642_w27,chainlink,1761550775,0.001612307337418411
uni_weth_3000_month_23666443_23673642_w27,chainlink,1761550847,0.001591253912081442
uni_weth_3000_month_23666443_23673642_w27,chainlink,1761553559,0.001599611463498891
uni_weth_3000_month_23666443_23673642_w27,chainlink,1761553799,0.001609238389441639
uni_weth_3000_month_23666443_23673642_w27,chainlink,1761554483,0.001618992360818274
uni_weth_3000_month_23666443_23673642_w27,chainlink,1761555983,0.001602679316831855
uni_weth_3000_month_23666443_23673642_w27,chainlink,1761557435,0.001602734706340581
uni_weth_3000_month_23666443_23673642_w27,chainlink,1761559619,0.001594558791990844
uni_weth_3000_month_23666443_23673642_w27,chainlink,1761561047,0.001590341323223676
uni_weth_3000_month_23666443_23673642_w27,chainlink,1761563243,0.001589457102297932
uni_weth_3000_month_23666443_23673642_w27,chainlink,1761564095,0.001599923067639555
uni_weth_3000_month_23666443_23673642_w27,chainlink,1761565451,0.001591900148179458
uni_weth_3000_month_23666443_23673642_w27,chainlink,1761566891,0.001598839747638615
uni_weth_3000_month_23666443_23673642_w27,chainlink,1761568583,0.001606979272567204
uni_weth_3000_month_23666443_23673642_w27,chainlink,1761570083,0.001590371857364718
uni_weth_3000_month_23666443_23673642_w27,chainlink,1761570647,0.001582273214383538
uni_weth_3000_month_23666443_23673642_w27,chainlink,1761572207,0.00159096309317982
uni_weth_3000_month_23666443_23673642_w27,chainlink,1761573047,0.001581429437054542
uni_weth_3000_month_23666443_23673642_w27,chainlink,1761573695,0.001580814969043496
uni_weth_3000_month_23666443_23673642_w27,chainlink,1761574247,0.001589249338247541
uni_weth_3000_month_23666443_23673642_w27,chainlink,1761574835,0.001572995837201463
uni_weth_3000_month_23666443_23673642_w27,chainlink,1761577595,0.001565068710908275
uni_weth_3000_month_23666443_23673642_w27,chainlink,1761577895,0.001580730708831396
uni_weth_3000_month_23666443_23673642_w27,chainlink,1761581231,0.001572922166116128
uni_weth_3000_month_23666443_23673642_w27,chainlink,1761581519,0.00158178606995736
uni_weth_3000_month_23666443_23673642_w27,chainlink,1761582971,0.001573708857873207
uni_weth_3000_month_23666443_23673642_w27,chainlink,1761585131,0.001584868377499008
uni_weth_3000_month_23666443_23673642_w27,chainlink,1761586607,0.001584301878229878
uni_weth_3000_month_23666443_23673642_w27,chainlink,1761588611,0.001576346568574289
uni_weth_3000_month_23666443_23673642_w27,chainlink,1761588755,0.001578476471856165
uni_weth_3000_month_23666443_23673642_w27,chainlink,1761589775,0.001586648254088377
uni_weth_3000_month_23666443_23673642_w27,chainlink,1761592391,0.001577225893098841
uni_weth_3000_month_23666443_23673642_w27,chainlink,1761593387,0.001574697928331466
uni_weth_3000_month_23666443_23673642_w27,chainlink,1761595187,0.00158470460250365
uni_weth_3000_month_23666443_23673642_w27,chainlink,1761595403,0.001595049668603617
uni_weth_3000_month_23666443_23673642_w27,chainlink,1761596015,0.00158101545715398
uni_weth_3000_month_23666443_23673642_w27,chainlink,1761597935,0.001589857670826285
uni_weth_3000_month_23666443_23673642_w27,chainlink,1761599627,0.001583465695629889
uni_weth_3000_month_23666443_23673642_w27,chainlink,1761600287,0.001596765662581605
uni_weth_3000_month_23666443_23673642_w27,chainlink,1761600971,0.001588153554836641
uni_weth_3000_month_23666443_23673642_w27,chainlink,1761603251,0.001588076857402372
uni_weth_3000_month_23666443_23673642_w27,chainlink,1761604595,0.001586507124486431
uni_weth_3000_month_23666443_23673642_w27,chainlink,1761606107,0.00157005075686129
uni_weth_3000_month_23666443_23673642_w27,chainlink,1761606995,0.001578238889496549
uni_weth_3000_month_23666443_23673642_w27,chainlink,1761609755,0.001584951720613864
uni_weth_3000_month_23666443_23673642_w27,chainlink,1761610595,0.001578551666969485
uni_weth_3000_month_23666443_23673642_w27,chainlink,1761613367,0.001582744382578463
uni_weth_3000_month_23666443_23673642_w27,chainlink,1761614207,0.001580968199197534
uni_weth_3000_month_23666443_23673642_w27,chainlink,1761617003,0.001583785537693382
uni_weth_3000_month_23666443_23673642_w27,chainlink,1761617819,0.001585671347653051
uni_weth_3000_month_23666443_23673642_w27,chainlink,1761619847,0.00159664959091439
uni_weth_3000_month_23666443_23673642_w27,chainlink,1761620639,0.001588605505612719
uni_weth_3000_month_23666443_23673642_w27,chainlink,1761623471,0.001593230774074473
uni_weth_3000_month_23666443_23673642_w27,chainlink,1761624263,0.001588318290995328
uni_weth_3000_month_23673643_23680842_w28,chainlink,1761624263,0.001588318290995328
uni_weth_3000_month_23673643_23680842_w28,chainlink,1761626999,0.001580088039591999
uni_weth_3000_month_23673643_23680842_w28,chainlink,1761627899,0.001587613958518027
uni_weth_3000_month_23673643_23680842_w28,chainlink,1761630299,0.001595707891048346
uni_weth_3000_month_23673643_23680842_w28,chainlink,1761630371,0.001579002179136669
uni_weth_3000_month_23673643_23680842_w28,chainlink,1761633695,0.001594891666768968
uni_weth_3000_month_23673643_23680842_w28,chainlink,1761633923,0.001589624256146626
uni_weth_3000_month_23673643_23680842_w28,chainlink,1761634439,0.001606585345204082
uni_weth_3000_month_23673643_23680842_w28,chainlink,1761635099,0.001597484347176329
uni_weth_3000_month_23673643_23680842_w28,chainlink,1761638075,0.001584448099681218
uni_weth_3000_month_23673643_23680842_w28,chainlink,1761638711,0.00158650280853022
uni_weth_3000_month_23673643_23680842_w28,chainlink,1761641711,0.001599196543576138
uni_weth_3000_month_23673643_23680842_w28,chainlink,1761642335,0.001595365514806996
uni_weth_3000_month_23673643_23680842_w28,chainlink,1761643811,0.00160342193059755
uni_weth_3000_month_23673643_23680842_w28,chainlink,1761645335,0.001599504245238427
uni_weth_3000_month_23673643_23680842_w28,chainlink,1761647435,0.001594318309518201
uni_weth_3000_month_23673643_23680842_w28,chainlink,1761648971,0.001592805904565702
uni_weth_3000_month_23673643_23680842_w28,chainlink,1761651047,0.001592368463972972
uni_weth_3000_month_23673643_23680842_w28,chainlink,1761652595,0.001584453818224181
uni_weth_3000_month_23673643_23680842_w28,chainlink,1761654683,0.001589910133703514
uni_weth_3000_month_23673643_23680842_w28,chainlink,1761655655,0.001607399554321619
uni_weth_3000_month_23673643_23680842_w28,chainlink,1761656579,0.001598899038985641
uni_weth_3000_month_23673643_23680842_w28,chainlink,1761657899,0.001589251938264117
uni_weth_3000_month_23673643_23680842_w28,chainlink,1761659267,0.00159515269295222
uni_weth_3000_month_23673643_23680842_w28,chainlink,1761661235,0.001586932031157269
uni_weth_3000_month_23673643_23680842_w28,chainlink,1761661631,0.001594967357414402
uni_weth_3000_month_23673643_23680842_w28,chainlink,1761662387,0.001578480677602101
uni_weth_3000_month_23673643_23680842_w28,chainlink,1761662435,0.001587761812244155
uni_weth_3000_month_23673643_23680842_w28,chainlink,1761662627,0.001596004461848363
uni_weth_3000_month_23673643_23680842_w28,chainlink,1761662735,0.001605048115905129
uni_weth_3000_month_23673643_23680842_w28,chainlink,1761662759,0.001583683826553594
uni_weth_3000_month_23673643_23680842_w28,chainlink,1761663071,0.001574714348254062
uni_weth_3000_month_23673643_23680842_w28,chainlink,1761663407,0.001590923019563734
uni_weth_3000_month_23673643_23680842_w28,chainlink,1761664067,0.001582429942751823
uni_weth_3000_month_23673643_23680842_w28,chainlink,1761665447,0.001592167633185522
uni_weth_3000_month_23673643_23680842_w28,chainlink,1761667031,0.001590468492577436
uni_weth_3000_month_23673643_23680842_w28,chainlink,1761669083,0.001581321142559128
uni_weth_3000_month_23673643_23680842_w28,chainlink,1761670307,0.001598026723698888
uni_weth_3000_month_23673643_23680842_w28,chainlink,1761672707,0.001597544914850453
uni_weth_3000_month_23673643_23680842_w28,chainlink,1761673943,0.001597986039247444
uni_weth_3000_month_23673643_23680842_w28,chainlink,1761676319,0.001597535293505336
uni_weth_3000_month_23673643_23680842_w28,chainlink,1761676667,0.001580999743399186
uni_weth_3000_month_23673643_23680842_w28,chainlink,1761677039,0.001589019238297437
uni_weth_3000_month_23673643_23680842_w28,chainlink,1761679079,0.001597418904871504
uni_weth_3000_month_23673643_23680842_w28,chainlink,1761679259,0.001607410112795235
uni_weth_3000_month_23673643_23680842_w28,chainlink,1761679259,0.001587329354511276
uni_weth_3000_month_23673643_23680842_w28,chainlink,1761681023,0.001598124854579751
uni_weth_3000_month_23673643_23680842_w28,chainlink,1761682391,0.001607967605215475
uni_weth_3000_month_23673643_23680842_w28,chainlink,1761682763,0.001589629874332677
uni_weth_3000_month_23673643_23680842_w28,chainlink,1761682763,0.001597669999770669
uni_weth_3000_month_23673643_23680842_w28,chainlink,1761683423,0.00160667199848284
uni_weth_3000_month_23673643_23680842_w28,chainlink,1761684011,0.001597834190318727
uni_weth_3000_month_23673643_23680842_w28,chainlink,1761684719,0.001605971493306201
uni_weth_3000_month_23673643_23680842_w28,chainlink,1761685379,0.001589492000108295
uni_weth_3000_month_23673643_23680842_w28,chainlink,1761685679,0.001602361224011689
uni_weth_3000_month_23673643_23680842_w28,chainlink,1761685991,0.001592383317439034
uni_weth_3000_month_23673643_23680842_w28,chainlink,1761687851,0.001584111848178716
uni_weth_3000_month_23673643_23680842_w28,chainlink,1761689003,0.001588574029606797
uni_weth_3000_month_23673643_23680842_w28,chainlink,1761691475,0.00158378614779064
uni_weth_3000_month_23673643_23680842_w28,chainlink,1761692615,0.001590240873940724
uni_weth_3000_month_23673643_23680842_w28,chainlink,1761695111,0.001595511031964433
uni_weth_3000_month_23673643_23680842_w28,chainlink,1761696239,0.001591788956326614
uni_weth_3000_month_23673643_23680842_w28,chainlink,1761698735,0.001591843881712965
uni_weth_3000_month_23673643_23680842_w28,chainlink,1761699875,0.001589697215032916
uni_weth_3000_month_23673643_23680842_w28,chainlink,1761702119,0.001580439215128794
uni_weth_3000_month_23673643_23680842_w28,chainlink,1761702587,0.001588485363622646
uni_weth_3000_month_23673643_23680842_w28,chainlink,1761703511,0.001592566851340872
uni_weth_3000_month_23673643_23680842_w28,chainlink,1761706211,0.001586712047002056
uni_weth_3000_month_23673643_23680842_w28,chainlink,1761707135,0.001578488474534135
uni_weth_3000_month_23673643_23680842_w28,chainlink,1761709847,0.001578812286570283
uni_weth_3000_month_23673643_23680842_w28,chainlink,1761710771,0.001578322417174117
uni_weth_3000_month_23673643_23680842_w28,chainlink,1761712427,0.00157013793181313
uni_weth_3000_month_23680843_23688042_w29,chainlink,1761712427,0.00157013793181313
uni_weth_3000_month_23680843_23688042_w29,chainlink,1761714407,0.001579686582181408
uni_weth_3000_month_23680843_23688042_w29,chainlink,1761716051,0.001577262932325825
uni_weth_3000_month_23680843_23688042_w29,chainlink,1761718031,0.001581378770327854
uni_weth_3000_month_23680843_23688042_w29,chainlink,1761719663,0.001582715772576396
uni_weth_3000_month_23680843_23688042_w29,chainlink,1761721667,0.001576756767817258
uni_weth_3000_month_23680843_23688042_w29,chainlink,1761723287,0.001576881087300131
uni_weth_3000_month_23680843_23688042_w29,chainlink,1761725303,0.001577416518624919
uni_weth_3000_month_23680843_23688042_w29,chainlink,1761726923,0.001579790290489681
uni_weth_3000_month_23680843_23688042_w29,chainlink,1761728927,0.001569020696319813
uni_weth_3000_month_23680843_23688042_w29,chainlink,1761729287,0.001577605807644201
uni_weth_3000_month_23680843_23688042_w29,chainlink,1761732563,0.00158332725585645
uni_weth_3000_month_23680843_23688042_w29,chainlink,1761732899,0.001583431737996147
uni_weth_3000_month_23680843_23688042_w29,chainlink,1761736187,0.001595663079801392
uni_weth_3000_month_23680843_23688042_w29,chainlink,1761736523,0.001592078534176841
uni_weth_3000_month_23680843_23688042_w29,chainlink,1761739799,0.001591888962582865
uni_weth_3000_month_23680843_23688042_w29,chainlink,1761740159,0.001587526924790155
uni_weth_3000_month_23680843_23688042_w29,chainlink,1761743423,0.001593396867583662
uni_weth_3000_month_23680843_23688042_w29,chainlink,1761743783,0.001589696568722295
uni_weth_3000_month_23680843_23688042_w29,chainlink,1761745055,0.001598373178273406
uni_weth_3000_month_23680843_23688042_w29,chainlink,1761746603,0.001581071642936074
uni_weth_3000_month_23680843_23688042_w29,chainlink,1761746615,0.001590684761932916
uni_weth_3000_month_23680843_23688042_w29,chainlink,1761749195,0.001581661944357796
uni_weth_3000_month_23680843_23688042_w29,chainlink,1761749759,0.001589651804603025
uni_weth_3000_month_23680843_23688042_w29,chainlink,1761750203,0.001582404171536438
uni_weth_3000_month_23680843_23688042_w29,chainlink,1761752015,0.001590976840820981
uni_weth_3000_month_23680843_23688042_w29,chainlink,1761752039,0.001574988010879566
uni_weth_3000_month_23680843_23688042_w29,chainlink,1761753959,0.001583962301422322
uni_weth_3000_month_23680843_23688042_w29,chainlink,1761754859,0.001574336194982312
uni_weth_3000_month_23680843_23688042_w29,chainlink,1761755675,0.001585652972690009
uni_weth_3000_month_23680843_23688042_w29,chainlink,1761758471,0.001584927245883021
uni_weth_3000_month_23680843_23688042_w29,chainlink,1761759299,0.001595342555366269
uni_weth_3000_month_23680843_23688042_w29,chainlink,1761759407,0.001585665881502998
uni_weth_3000_month_23680843_23688042_w29,chainlink,1761759599,0.00160208924526456
uni_weth_3000_month_23680843_23688042_w29,chainlink,1761759611,0.001592573069566256
uni_weth_3000_month_23680843_23688042_w29,chainlink,1761760835,0.001600827772804749
uni_weth_3000_month_23680843_23688042_w29,chainlink,1761760991,0.001589939089503957
uni_weth_3000_month_23680843_23688042_w29,chainlink,1761761135,0.00160332980969018
uni_weth_3000_month_23680843_23688042_w29,chainlink,1761762695,0.001595234398884992
uni_weth_3000_month_23680843_23688042_w29,chainlink,1761763031,0.001579066478334282
uni_weth_3000_month_23680843_23688042_w29,chainlink,1761763031,0.001597513637379355
uni_weth_3000_month_23680843_23688042_w29,chainlink,1761763043,0.001610901002254613
uni_weth_3000_month_23680843_23688042_w29,chainlink,1761763187,0.00162059369592691
uni_weth_3000_month_23680843_23688042_w29,chainlink,1761763211,0.001601140229225038
uni_weth_3000_month_23680843_23688042_w29,chainlink,1761763211,0.001610129401059556
uni_weth_3000_month_23680843_23688042_w29,chainlink,1761763355,0.001619311506084176
uni_weth_3000_month_23680843_23688042_w29,chainlink,1761763355,0.001602735164337125
uni_weth_3000_month_23680843_23688042_w29,chainlink,1761763451,0.001627465592468775
uni_weth_3000_month_23680843_23688042_w29,chainlink,1761763451,0.001618853303585918
uni_weth_3000_month_23680843_23688042_w29,chainlink,1761763571,0.001610431357350303
uni_weth_3000_month_23680843_23688042_w29,chainlink,1761763859,0.001630450497544884
uni_weth_3000_month_23680843_23688042_w29,chainlink,1761763871,0.001622079539774047
uni_weth_3000_month_23680843_23688042_w29,chainlink,1761764051,0.001611175094330821
uni_weth_3000_month_23680843_23688042_w29,chainlink,1761764351,0.001621419801040621
uni_weth_3000_month_23680843_23688042_w29,chainlink,1761764891,0.0016101986790034
uni_weth_3000_month_23680843_23688042_w29,chainlink,1761765191,0.00162708068365501
uni_weth_3000_month_23680843_23688042_w29,chainlink,1761765647,0.001635346454226688
uni_weth_3000_month_23680843_23688042_w29,chainlink,1761766571,0.001618974556093983
uni_weth_3000_month_23680843_23688042_w29,chainlink,1761766619,0.001628391303870954
uni_weth_3000_month_23680843_23688042_w29,chainlink,1761768095,0.001644930563705428
uni_weth_3000_month_23680843_23688042_w29,chainlink,1761768431,0.00162814802970579
uni_weth_3000_month_23680843_23688042_w29,chainlink,1761769427,0.001619331329446926
uni_weth_3000_month_23680843_23688042_w29,chainlink,1761769595,0.001636715539036311
uni_weth_3000_month_23680843_23688042_w29,chainlink,1761771071,0.00162824985932058
uni_weth_3000_month_23680843_23688042_w29,chainlink,1761773195,0.001621181775549771
uni_weth_3000_month_23680843_23688042_w29,chainlink,1761774707,0.001615408961321976
uni_weth_3000_month_23680843_23688042_w29,chainlink,1761776807,0.001613146209846646
uni_weth_3000_month_23680843_23688042_w29,chainlink,1761777047,0.00162150734444921
uni_weth_3000_month_23680843_23688042_w29,chainlink,1761779447,0.001629970532364856
uni_weth_3000_month_23680843_23688042_w29,chainlink,1761780431,0.001616426230674318
uni_weth_3000_month_23680843_23688042_w29,chainlink,1761781079,0.001625552669189813
uni_weth_3000_month_23680843_23688042_w29,chainlink,1761781307,0.001607338892809032
uni_weth_3000_month_23680843_23688042_w29,chainlink,1761781343,0.001616095417160698
uni_weth_3000_month_23680843_23688042_w29,chainlink,1761781607,0.001607990672362815
uni_weth_3000_month_23680843_23688042_w29,chainlink,1761783683,0.001599851267878836
uni_weth_3000_month_23680843_23688042_w29,chainlink,1761783971,0.001615961333647996
uni_weth_3000_month_23680843_23688042_w29,chainlink,1761787307,0.001615248816216371
uni_weth_3000_month_23680843_23688042_w29,chainlink,1761787583,0.001613209026290167
uni_weth_3000_month_23680843_23688042_w29,chainlink,1761790607,0.001605086413295921
uni_weth_3000_month_23680843_23688042_w29,chainlink,1761791207,0.001621283521801933
uni_weth_3000_month_23680843_23688042_w29,chainlink,1761794219,0.001616256414862241
uni_weth_3000_month_23680843_23688042_w29,chainlink,1761794807,0.001610025946716088
uni_weth_3000_month_23680843_23688042_w29,chainlink,1761795563,0.001592257293907235
uni_weth_3000_month_23680843_23688042_w29,chainlink,1761795647,0.001574968272112181
uni_weth_3000_month_23680843_23688042_w29,chainlink,1761796223,0.001557189422523195
uni_weth_3000_month_23680843_23688042_w29,chainlink,1761796439,0.001565067651753043
uni_weth_3000_month_23680843_23688042_w29,chainlink,1761796463,0.001545818882373696
uni_weth_3000_month_23680843_23688042_w29,chainlink,1761796607,0.001562621116580488
uni_weth_3000_month_23680843_23688042_w29,chainlink,1761796703,0.001538735213758086
uni_weth_3000_month_23680843_23688042_w29,chainlink,1761796763,0.001554354956261716
uni_weth_3000_month_23680843_23688042_w29,chainlink,1761797363,0.001535323176421953
uni_weth_3000_month_23680843_23688042_w29,chainlink,1761797399,0.001543709691051484
uni_weth_3000_month_23680843_23688042_w29,chainlink,1761797639,0.00155152225605522
uni_weth_3000_month_23680843_23688042_w29,chainlink,1761798299,0.001559366450235472
uni_weth_3000_month_23680843_23688042_w29,chainlink,1761798527,0.00154365486117214
uni_weth_3000_month_23680843_23688042_w29,chainlink,1761798575,0.001554264037163606
uni_weth_3000_month_23680843_23688042_w29,chainlink,1761798863,0.001545155443476816
uni_weth_3000_month_23680843_23688042_w29,chainlink,1761798959,0.001536679884340196
uni_weth_3000_month_23680843_23688042_w29,chainlink,1761798983,0.001552079884255557
uni_weth_3000_month_23680843_23688042_w29,chainlink,1761799043,0.001541837812225799
uni_weth_3000_month_23680843_23688042_w29,chainlink,1761799379,0.001549803674813663
uni_weth_3000_month_23680843_23688042_w29,chainlink,1761800399,0.001557735658928742
uni_weth_3000_month_23688043_23695242_w30,chainlink,1761800399,0.001557735658928742
uni_weth_3000_month_23688043_23695242_w30,chainlink,1761802619,0.001555326841878278
uni_weth_3000_month_23688043_23695242_w30,chainlink,1761802799,0.001545823223114203
uni_weth_3000_month_23688043_23695242_w30,chainlink,1761803039,0.001562597670607908
uni_weth_3000_month_23688043_23695242_w30,chainlink,1761803183,0.001552789775145578
uni_weth_3000_month_23688043_23695242_w30,chainlink,1761805019,0.001560797466843349
uni_weth_3000_month_23688043_23695242_w30,chainlink,1761806639,0.001551587286954629
uni_weth_3000_month_23688043_23695242_w30,chainlink,1761806663,0.001553073066857654
uni_weth_3000_month_23688043_23695242_w30,chainlink,1761810275,0.001547089117741822
uni_weth_3000_month_23688043_23695242_w30,chainlink,1761810275,0.001556769502391314
uni_weth_3000_month_23688043_23695242_w30,chainlink,1761812675,0.001541159193595227
uni_weth_3000_month_23688043_23695242_w30,chainlink,1761813899,0.001542878887078695
uni_weth_3000_month_23688043_23695242_w30,chainlink,1761815555,0.001551280897986302
uni_weth_3000_month_23688043_23695242_w30,chainlink,1761816035,0.00153482546764796
uni_weth_3000_month_23688043_23695242_w30,chainlink,1761819179,0.001540988318302523
uni_weth_3000_month_23688043_23695242_w30,chainlink,1761819659,0.001547631204218034
uni_weth_3000_month_23688043_23695242_w30,chainlink,1761822815,0.001553143526320719
uni_weth_3000_month_23688043_23695242_w30,chainlink,1761823271,0.001552620403762635
uni_weth_3000_month_23688043_23695242_w30,chainlink,1761826451,0.001555465283762202
uni_weth_3000_month_23688043_23695242_w30,chainlink,1761826895,0.001543615163738643
uni_weth_3000_month_23688043_23695242_w30,chainlink,1761827111,0.001553076582160424
uni_weth_3000_month_23688043_23695242_w30,chainlink,1761828191,0.00156439330842713
uni_weth_3000_month_23688043_23695242_w30,chainlink,1761828311,0.001546894298725669
uni_weth_3000_month_23688043_23695242_w30,chainlink,1761828731,0.001557379599500569
uni_weth_3000_month_23688043_23695242_w30,chainlink,1761829211,0.001549186724871965
uni_weth_3000_month_23688043_23695242_w30,chainlink,1761829595,0.001565284401873176
uni_weth_3000_month_23688043_23695242_w30,chainlink,1761831431,0.001579013568254095
uni_weth_3000_month_23688043_23695242_w30,chainlink,1761831431,0.00155893250333121
uni_weth_3000_month_23688043_23695242_w30,chainlink,1761832691,0.001567981542322989
uni_weth_3000_month_23688043_23695242_w30,chainlink,1761833183,0.001558177490503129
uni_weth_3000_month_23688043_23695242_w30,chainlink,1761835055,0.001551786343513485
uni_weth_3000_month_23688043_23695242_w30,chainlink,1761836807,0.001548745918418803
uni_weth_3000_month_23688043_23695242_w30,chainlink,1761837527,0.001532858486619485
uni_weth_3000_month_23688043_23695242_w30,chainlink,1761838631,0.001541590353860649
uni_weth_3000_month_23688043_23695242_w30,chainlink,1761841151,0.001544590315705129
uni_weth_3000_month_23688043_23695242_w30,chainlink,1761841667,0.001534332238383264
uni_weth_3000_month_23688043_23695242_w30,chainlink,1761842651,0.00154314086168926
uni_weth_3000_month_23688043_23695242_w30,chainlink,1761844067,0.001551615703205268
uni_weth_3000_month_23688043_23695242_w30,chainlink,1761844763,0.00154593681826167
uni_weth_3000_month_23688043_23695242_w30,chainlink,1761845027,0.001554275644378581
uni_weth_3000_month_23688043_23695242_w30,chainlink,1761845771,0.001538319031680235
uni_weth_3000_month_23688043_23695242_w30,chainlink,1761846407,0.001554079788781446
uni_weth_3000_month_23688043_23695242_w30,chainlink,1761846407,0.001545993030431298
uni_weth_3000_month_23688043_23695242_w30,chainlink,1761849227,0.001554119371028804
uni_weth_3000_month_23688043_23695242_w30,chainlink,1761849383,0.001538493843288803
uni_weth_3000_month_23688043_23695242_w30,chainlink,1761850907,0.001546351094275278
uni_weth_3000_month_23688043_23695242_w30,chainlink,1761853007,0.001537265728724273
uni_weth_3000_month_23688043_23695242_w30,chainlink,1761853247,0.001547165935847153
uni_weth_3000_month_23688043_23695242_w30,chainlink,1761853883,0.001538360777749914
uni_weth_3000_month_23688043_23695242_w30,chainlink,1761854375,0.00154630837297038
uni_weth_3000_month_23688043_23695242_w30,chainlink,1761855503,0.001537837480854744
uni_weth_3000_month_23688043_23695242_w30,chainlink,1761856631,0.00154181033882766
uni_weth_3000_month_23688043_23695242_w30,chainlink,1761856727,0.001533854672847172
uni_weth_3000_month_23688043_23695242_w30,chainlink,1761857927,0.001525916514348692
uni_weth_3000_month_23688043_23695242_w30,chainlink,1761860243,0.001528104955794609
uni_weth_3000_month_23688043_23695242_w30,chainlink,1761861047,0.001520444540879742
uni_weth_3000_month_23688043_23695242_w30,chainlink,1761863867,0.001529820079707251
uni_weth_3000_month_23688043_23695242_w30,chainlink,1761864647,0.001530829029076272
uni_weth_3000_month_23688043_23695242_w30,chainlink,1761867287,0.001523105029752788
uni_weth_3000_month_23688043_23695242_w30,chainlink,1761867503,0.001534461487866559
uni_weth_3000_month_23688043_23695242_w30,chainlink,1761869699,0.001526822593541017
uni_weth_3000_month_23688043_23695242_w30,chainlink,1761871139,0.001536487019322252
uni_weth_3000_month_23688043_23695242_w30,chainlink,1761871799,0.001528732236096503
uni_weth_3000_month_23688043_23695242_w30,chainlink,1761872903,0.001544341232025362
uni_weth_3000_month_23688043_23695242_w30,chainlink,1761873059,0.00153530926416368
uni_weth_3000_month_23688043_23695242_w30,chainlink,1761876539,0.001530965853975177
uni_weth_3000_month_23688043_23695242_w30,chainlink,1761876683,0.001537189270144217
uni_weth_3000_month_23688043_23695242_w30,chainlink,1761878723,0.001545087638463196
uni_weth_3000_month_23688043_23695242_w30,chainlink,1761878879,0.001529604609378921
uni_weth_3000_month_23688043_23695242_w30,chainlink,1761880295,0.001521946377537608
uni_weth_3000_month_23688043_23695242_w30,chainlink,1761882503,0.001535893944335814
uni_weth_3000_month_23688043_23695242_w30,chainlink,1761883823,0.001527839903828696
uni_weth_3000_month_23688043_23695242_w30,chainlink,1761886115,0.001539295511487127
uni_weth_3000_month_23688043_23695242_w30,chainlink,1761887435,0.001538513210547388
uni_weth_3000_month_23695243_23700766_w31,chainlink,1761887435,0.001538513210547388
uni_weth_3000_month_23695243_23700766_w31,chainlink,1761889739,0.001534562241798972
uni_weth_3000_month_23695243_23700766_w31,chainlink,1761890999,0.001542610352535284
uni_weth_3000_month_23695243_23700766_w31,chainlink,1761893375,0.001532364066166137
uni_weth_3000_month_23695243_23700766_w31,chainlink,1761894611,0.001535932683663351
uni_weth_3000_month_23695243_23700766_w31,chainlink,1761897011,0.001535953239809225
uni_weth_3000_month_23695243_23700766_w31,chainlink,1761898235,0.001534830221280283
uni_weth_3000_month_23695243_23700766_w31,chainlink,1761900635,0.001529787424243215
uni_weth_3000_month_23695243_23700766_w31,chainlink,1761901115,0.001521965746826173
uni_weth_3000_month_23695243_23700766_w31,chainlink,1761904271,0.001520675305048259
uni_weth_3000_month_23695243_23700766_w31,chainlink,1761904727,0.001523740741834834
uni_weth_3000_month_23695243_23700766_w31,chainlink,1761907907,0.001513211664317964
uni_weth_3000_month_23695243_23700766_w31,chainlink,1761908351,0.001517389232894585
uni_weth_3000_month_23695243_23700766_w31,chainlink,1761909491,0.001501784052087559
uni_weth_3000_month_23695243_23700766_w31,chainlink,1761911327,0.00149314375544764
uni_weth_3000_month_23695243_23700766_w31,chainlink,1761911327,0.001509693217428298
uni_weth_3000_month_23695243_23700766_w31,chainlink,1761911639,0.001501210619602181
uni_weth_3000_month_23695243_23700766_w31,chainlink,1761914387,0.001509335189627324
uni_weth_3000_month_23695243_23700766_w31,chainlink,1761914951,0.001496988781880106
uni_weth_3000_month_23695243_23700766_w31,chainlink,1761915611,0.001505207909793102
uni_weth_3000_month_23695243_23700766_w31,chainlink,1761916799,0.001497658573923151
uni_weth_3000_month_23695243_23700766_w31,chainlink,1761918287,0.001482405508981414
uni_weth_3000_month_23695243_23700766_w31,chainlink,1761918287,0.001491128619390405
uni_weth_3000_month_23695243_23700766_w31,chainlink,1761918827,0.001483548752304536
uni_weth_3000_month_23695243_23700766_w31,chainlink,1761921923,0.00148777778816442
uni_weth_3000_month_23695243_23700766_w31,chainlink,1761922463,0.001485756419761337
uni_weth_3000_month_23695243_23700766_w31,chainlink,1761923447,0.001478059441682375
uni_weth_3000_month_23695243_23700766_w31,chainlink,1761925127,0.001486146308547772
uni_weth_3000_month_23695243_23700766_w31,chainlink,1761925547,0.00148592873171287
uni_weth_3000_month_23695243_23700766_w31,chainlink,1761928763,0.001482873313459848
uni_weth_3000_month_23695243_23700766_w31,chainlink,1761929159,0.001471258843702804
uni_weth_3000_month_23695243_23700766_w31,chainlink,1761929447,0.001483973912385089
uni_weth_3000_month_23695243_23700766_w31,chainlink,1761931163,0.001492077878863701
uni_weth_3000_month_23695243_23700766_w31,chainlink,1761931199,0.001477122019076825
uni_weth_3000_month_23695243_23700766_w31,chainlink,1761933095,0.001469579086483713
uni_weth_3000_month_23695243_23700766_w31,chainlink,1761933179,0.001484377470260589
uni_weth_3000_month_23695243_23700766_w31,chainlink,1761935735,0.001492379125932881
uni_weth_3000_month_23695243_23700766_w31,chainlink,1761935879,0.001483129154236499
uni_weth_3000_month_23695243_23700766_w31,chainlink,1761935939,0.001475650019554389
uni_weth_3000_month_23695243_23700766_w31,chainlink,1761936803,0.001479827069771042
uni_weth_3000_month_23695243_23700766_w31,chainlink,1761938855,0.001471308166368088
uni_weth_3000_month_23695243_23700766_w31,chainlink,1761939239,0.001487863888136807
uni_weth_3000_month_23695243_23700766_w31,chainlink,1761939287,0.00147706819618587
uni_weth_3000_month_23695243_23700766_w31,chainlink,1761939635,0.001484831803909895
uni_weth_3000_month_23695243_23700766_w31,chainlink,1761942863,0.001484887283667947
uni_weth_3000_month_23695243_23700766_w31,chainlink,1761943247,0.001486461792797125
uni_weth_3000_month_23695243_23700766_w31,chainlink,1761944087,0.001494128630761475
uni_weth_3000_month_23695243_23700766_w31,chainlink,1761946475,0.001487741516004021
uni_weth_3000_month_23695243_23700766_w31,chainlink,1761947711,0.001487308331135294
uni_weth_3000_month_23695243_23700766_w31,chainlink,1761950099,0.001495907808093711
uni_weth_3000_month_23695243_23700766_w31,chainlink,1761951407,0.001496961324032448
uni_weth_3000_month_23695243_23700766_w31,chainlink,1761953699,0.001490337889737593
uni_weth_3000_month_23695243_23700766_w31,chainlink,1761955043,0.00149423012742679
wbtc_usdc_500_month_23479243_23486442_w01,chainlink,1759276523,114077.649377967272016033
wbtc_usdc_500_month_23479243_23486442_w01,chainlink,1759280135,114284.831063696692341008
wbtc_usdc_500_month_23479243_23486442_w01,chainlink,1759283759,114586.897605086765746728
wbtc_usdc_500_month_23479243_23486442_w01,chainlink,1759287395,114381.227052159404149531
wbtc_usdc_500_month_23479243_23486442_w01,chainlink,1759291031,114247.322743850898452592
wbtc_usdc_500_month_23479243_23486442_w01,chainlink,1759294655,114351.17279170618761146
wbtc_usdc_500_month_23479243_23486442_w01,chainlink,1759298291,114616.43862694714346399
wbtc_usdc_500_month_23479243_23486442_w01,chainlink,1759301915,114343.925557155289062832
wbtc_usdc_500_month_23479243_23486442_w01,chainlink,1759302047,114345.554426328174756184
wbtc_usdc_500_month_23479243_23486442_w01,chainlink,1759305527,114644.711030976352239793
wbtc_usdc_500_month_23479243_23486442_w01,chainlink,1759305647,114581.086186094602245035
wbtc_usdc_500_month_23479243_23486442_w01,chainlink,1759305647,114573.61088806856767655
wbtc_usdc_500_month_23479243_23486442_w01,chainlink,1759307447,115200.806810353252614286
wbtc_usdc_500_month_23479243_23486442_w01,chainlink,1759308407,115792.675787526869587633
wbtc_usdc_500_month_23479243_23486442_w01,chainlink,1759308659,116580.394896536395243444
wbtc_usdc_500_month_23479243_23486442_w01,chainlink,1759312271,116456.678606371557094166
wbtc_usdc_500_month_23479243_23486442_w01,chainlink,1759315907,116338.289752790290827243
wbtc_usdc_500_month_23479243_23486442_w01,chainlink,1759319555,116724.569140104174325293
wbtc_usdc_500_month_23479243_23486442_w01,chainlink,1759323167,116482.906520893433232331
wbtc_usdc_500_month_23479243_23486442_w01,chainlink,1759326803,116652.021135158239601748
wbtc_usdc_500_month_23479243_23486442_w01,chainlink,1759327523,117300.862745629968979374
wbtc_usdc_500_month_23479243_23486442_w01,chainlink,1759331159,117377.032093058476045116
wbtc_usdc_500_month_23479243_23486442_w01,chainlink,1759334783,117622.933533155338101412
wbtc_usdc_500_month_23479243_23486442_w01,chainlink,1759336703,118266.458081942826859174
wbtc_usdc_500_month_23479243_23486442_w01,chainlink,1759337819,117658.302662346126002898
wbtc_usdc_500_month_23479243_23486442_w01,chainlink,1759341119,116983.289914860581238358
wbtc_usdc_500_month_23479243_23486442_w01,chainlink,1759344755,117367.899259140111176498
wbtc_usdc_500_month_23479243_23486442_w01,chainlink,1759348379,117599.359040110146178359
wbtc_usdc_500_month_23479243_23486442_w01,chainlink,1759352015,117527.537695496912692008
wbtc_usdc_500_month_23479243_23486442_w01,chainlink,1759355651,117528.257937437987007368
wbtc_usdc_500_month_23479243_23486442_w01,chainlink,1759356515,118130.99604807371727447
wbtc_usdc_500_month_23479243_23486442_w01,chainlink,1759360151,117965.352945018839345849
wbtc_usdc_500_month_23479243_23486442_w01,chainlink,1759362995,118646.626326739187169778
wbtc_usdc_500_month_23479243_23486442_w01,chainlink,1759363631,119278.450729101240114807
wbtc_usdc_500_month_23486443_23493642_w02,chainlink,1759388471,118680.502938241405898704
wbtc_usdc_500_month_23486443_23493642_w02,chainlink,1759391195,118612.365240370206794091
wbtc_usdc_500_month_23486443_23493642_w02,chainlink,1759392035,118624.483671943231976123
wbtc_usdc_500_month_23486443_23493642_w02,chainlink,1759392047,118625.890944475163984997
wbtc_usdc_500_month_23486443_23493642_w02,chainlink,1759395671,118712.938104215796814645
wbtc_usdc_500_month_23486443_23493642_w02,chainlink,1759399295,118986.169804994490488189
wbtc_usdc_500_month_23486443_23493642_w02,chainlink,1759402907,118727.918940957398710206
wbtc_usdc_500_month_23486443_23493642_w02,chainlink,1759406531,118924.278007885363743811
wbtc_usdc_500_month_23486443_23493642_w02,chainlink,1759410167,119473.502898195264780655
wbtc_usdc_500_month_23486443_23493642_w02,chainlink,1759413779,119608.311257309005591134
wbtc_usdc_500_month_23486443_23493642_w02,chainlink,1759416527,118983.309019995086651777
wbtc_usdc_500_month_23486443_23493642_w02,chainlink,1759418759,119578.752409661211036308
wbtc_usdc_500_month_23486443_23493642_w02,chainlink,1759421543,120263.779412720850601405
wbtc_usdc_500_month_23486443_23493642_w02,chainlink,1759425179,119782.818405370433646992
wbtc_usdc_500_month_23486443_23493642_w02,chainlink,1759428803,120283.436514979710432542
wbtc_usdc_500_month_23486443_23493642_w02,chainlink,1759431995,120888.057111871497538924
wbtc_usdc_500_month_23486443_23493642_w02,chainlink,1759435619,120984.752385054458943534
wbtc_usdc_500_month_23486443_23493642_w02,chainlink,1759439255,120668.707719398202866866
wbtc_usdc_500_month_23486443_23493642_w02,chainlink,1759442879,120424.654525201715350692
wbtc_usdc_500_month_23486443_23493642_w02,chainlink,1759446491,120526.872573834260120977
wbtc_usdc_500_month_23486443_23493642_w02,chainlink,1759450115,120450.325134987040443897
wbtc_usdc_500_month_23493643_23500842_w03,chainlink,1759474883,120053.338260896852505714
wbtc_usdc_500_month_23493643_23500842_w03,chainlink,1759475483,119937.490029826567523333
wbtc_usdc_500_month_23493643_23500842_w03,chainlink,1759478447,119764.175100048348995298
wbtc_usdc_500_month_23493643_23500842_w03,chainlink,1759478459,119765.510927426961472284
wbtc_usdc_500_month_23493643_23500842_w03,chainlink,1759482083,120193.941329055710471867
wbtc_usdc_500_month_23493643_23500842_w03,chainlink,1759485719,120407.717031070285416206
wbtc_usdc_500_month_23493643_23500842_w03,chainlink,1759489343,120558.448578244788152652
wbtc_usdc_500_month_23493643_23500842_w03,chainlink,1759492979,120491.411193800055743063
wbtc_usdc_500_month_23493643_23500842_w03,chainlink,1759496603,120342.764818712703370298
wbtc_usdc_500_month_23493643_23500842_w03,chainlink,1759500215,120319.383354719647024889
wbtc_usdc_500_month_23493643_23500842_w03,chainlink,1759502879,121036.291991135128391207
wbtc_usdc_500_month_23493643_23500842_w03,chainlink,1759505495,121696.115854129795307399
wbtc_usdc_500_month_23493643_23500842_w03,chainlink,1759507079,122318.150361060475461398
wbtc_usdc_500_month_23493643_23500842_w03,chainlink,1759507631,123026.093882305870961751
wbtc_usdc_500_month_23493643_23500842_w03,chainlink,1759508747,123648.20521321881657089
wbtc_usdc_500_month_23493643_23500842_w03,chainlink,1759510427,122996.828716484463356778
wbtc_usdc_500_month_23493643_23500842_w03,chainlink,1759510895,122218.98028629830829547
wbtc_usdc_500_month_23493643_23500842_w03,chainlink,1759511411,122864.99229092365006985
wbtc_usdc_500_month_23493643_23500842_w03,chainlink,1759513907,122198.509446260432142584
wbtc_usdc_500_month_23493643_23500842_w03,chainlink,1759517339,122816.39756864052368629
wbtc_usdc_500_month_23493643_23500842_w03,chainlink,1759521023,122790.274515798912912237
wbtc_usdc_500_month_23493643_23500842_w03,chainlink,1759522295,122173.674446147093382995
wbtc_usdc_500_month_23493643_23500842_w03,chainlink,1759524371,122784.919986937132760661
wbtc_usdc_500_month_23493643_23500842_w03,chainlink,1759527983,122306.256208498182208351
wbtc_usdc_500_month_23493643_23500842_w03,chainlink,1759531631,122693.244675814234952068
wbtc_usdc_500_month_23493643_23500842_w03,chainlink,1759535255,122413.272891063285822485
wbtc_usdc_500_month_23500843_23508042_w04,chainlink,1759561271,122611.649046988808758519
wbtc_usdc_500_month_23500843_23508042_w04,chainlink,1759564271,122370.065901976849225856
wbtc_usdc_500_month_23500843_23508042_w04,chainlink,1759564835,122418.862991073616900805
wbtc_usdc_500_month_23500843_23508042_w04,chainlink,1759564847,122418.985456473459914767
wbtc_usdc_500_month_23500843_23508042_w04,chainlink,1759568447,122386.276785178367779756
wbtc_usdc_500_month_23500843_23508042_w04,chainlink,1759572071,122305.43173806046297593
wbtc_usdc_500_month_23500843_23508042_w04,chainlink,1759575707,122231.357916008083071567
wbtc_usdc_500_month_23500843_23508042_w04,chainlink,1759579343,122083.566013205017906804
wbtc_usdc_500_month_23500843_23508042_w04,chainlink,1759582979,122235.159360557011664432
wbtc_usdc_500_month_23500843_23508042_w04,chainlink,1759586603,122469.199927232348292351
wbtc_usdc_500_month_23500843_23508042_w04,chainlink,1759590239,122174.17370933954902863
wbtc_usdc_500_month_23500843_23508042_w04,chainlink,1759593875,122039.998192733238630679
wbtc_usdc_500_month_23500843_23508042_w04,chainlink,1759597511,121896.963434104959884756
wbtc_usdc_500_month_23500843_23508042_w04,chainlink,1759601135,121900.517491636821992357
wbtc_usdc_500_month_23500843_23508042_w04,chainlink,1759604747,121766.230997419019227306
wbtc_usdc_500_month_23500843_23508042_w04,chainlink,1759608359,122034.454240571417138512
wbtc_usdc_500_month_23500843_23508042_w04,chainlink,1759611971,122064.894659970788899781
wbtc_usdc_500_month_23500843_23508042_w04,chainlink,1759615595,122257.001853704407674916
wbtc_usdc_500_month_23500843_23508042_w04,chainlink,1759619207,122373.83635881635021308
wbtc_usdc_500_month_23500843_23508042_w04,chainlink,1759622831,122408.659477601488565654
wbtc_usdc_500_month_23508043_23515242_w05,chainlink,1759647659,125149.827962539563434501
wbtc_usdc_500_month_23508043_23515242_w05,chainlink,1759648151,125069.44545299903691991
wbtc_usdc_500_month_23508043_23515242_w05,chainlink,1759651223,125073.196160335947197597
wbtc_usdc_500_month_23508043_23515242_w05,chainlink,1759651247,124772.786826959560946666
wbtc_usdc_500_month_23508043_23515242_w05,chainlink,1759654883,124629.22375229463848333
wbtc_usdc_500_month_23508043_23515242_w05,chainlink,1759656647,123971.002067460320794651
wbtc_usdc_500_month_23508043_23515242_w05,chainlink,1759657199,123349.302987448354004135
wbtc_usdc_500_month_23508043_23515242_w05,chainlink,1759658699,122694.75333379027043274
wbtc_usdc_500_month_23508043_23515242_w05,chainlink,1759662311,123213.696042490588876286
wbtc_usdc_500_month_23508043_23515242_w05,chainlink,1759665935,123168.36871005776573203
wbtc_usdc_500_month_23508043_23515242_w05,chainlink,1759669571,123252.282776044124279048
wbtc_usdc_500_month_23508043_23515242_w05,chainlink,1759673207,123330.641800205733728347
wbtc_usdc_500_month_23508043_23515242_w05,chainlink,1759676831,122970.685705539089948548
wbtc_usdc_500_month_23508043_23515242_w05,chainlink,1759680467,123026.502871921691384282
wbtc_usdc_500_month_23508043_23515242_w05,chainlink,1759684103,123429.04365025682305719
wbtc_usdc_500_month_23508043_23515242_w05,chainlink,1759687739,123120.227786144954932277
wbtc_usdc_500_month_23508043_23515242_w05,chainlink,1759691375,122895.763644924023003862
wbtc_usdc_500_month_23508043_23515242_w05,chainlink,1759695011,122711.387516270381765344
wbtc_usdc_500_month_23508043_23515242_w05,chainlink,1759698635,122633.298853327952518873
wbtc_usdc_500_month_23508043_23515242_w05,chainlink,1759702247,123013.48621240316944696
wbtc_usdc_500_month_23508043_23515242_w05,chainlink,1759705859,123494.163188723144492273
wbtc_usdc_500_month_23508043_23515242_w05,chainlink,1759709495,123377.548199561796521428
wbtc_usdc_500_month_23508043_23515242_w05,chainlink,1759709819,124143.147910098946087784
wbtc_usdc_500_month_23515243_23522442_w06,chainlink,1759734035,123984.793261532352090624
wbtc_usdc_500_month_23515243_23522442_w06,chainlink,1759736027,123807.060043247205013605
wbtc_usdc_500_month_23515243_23522442_w06,chainlink,1759737635,123794.335878157931987699
wbtc_usdc_500_month_23515243_23522442_w06,chainlink,1759737647,123475.011688746387851289
wbtc_usdc_500_month_23515243_23522442_w06,chainlink,1759741271,123923.587086021731666072
wbtc_usdc_500_month_23515243_23522442_w06,chainlink,1759744895,124060.143533254573494588
wbtc_usdc_500_month_23515243_23522442_w06,chainlink,1759748519,123949.493172915908321819
wbtc_usdc_500_month_23515243_23522442_w06,chainlink,1759752143,124345.896686885550628975
wbtc_usdc_500_month_23515243_23522442_w06,chainlink,1759755755,124664.382314268560540984
wbtc_usdc_500_month_23515243_23522442_w06,chainlink,1759759427,125046.823280307941153853
wbtc_usdc_500_month_23515243_23522442_w06,chainlink,1759763039,124702.920198129752566663
wbtc_usdc_500_month_23515243_23522442_w06,chainlink,1759764155,125370.578947009389326116
wbtc_usdc_500_month_23515243_23522442_w06,chainlink,1759767791,124996.544055831358135907
wbtc_usdc_500_month_23515243_23522442_w06,chainlink,1759770575,125651.651951462515632673
wbtc_usdc_500_month_23515243_23522442_w06,chainlink,1759774211,125303.20334225729677445
wbtc_usdc_500_month_23515243_23522442_w06,chainlink,1759776671,125980.692252681690089903
wbtc_usdc_500_month_23515243_23522442_w06,chainlink,1759780307,125429.392641094951669844
wbtc_usdc_500_month_23515243_23522442_w06,chainlink,1759783943,125374.860688627399893879
wbtc_usdc_500_month_23515243_23522442_w06,chainlink,1759785827,124681.12941616762274464
wbtc_usdc_500_month_23515243_23522442_w06,chainlink,1759788287,125359.101056384208033519
wbtc_usdc_500_month_23515243_23522442_w06,chainlink,1759791923,125063.985033923570682167
wbtc_usdc_500_month_23515243_23522442_w06,chainlink,1759795547,124873.722217772287776736
wbtc_usdc_500_month_23522443_23529642_w07,chainlink,1759820447,123904.705417675121546241
wbtc_usdc_500_month_23522443_23529642_w07,chainlink,1759822979,123787.861058422839820277
wbtc_usdc_500_month_23522443_23529642_w07,chainlink,1759824035,123749.620117291690794595
wbtc_usdc_500_month_23522443_23529642_w07,chainlink,1759824047,123745.442480132003161743
wbtc_usdc_500_month_23522443_23529642_w07,chainlink,1759827671,123966.33967788154934611
wbtc_usdc_500_month_23522443_23529642_w07,chainlink,1759831295,124189.987895749142459273
wbtc_usdc_500_month_23522443_23529642_w07,chainlink,1759834931,124381.85769737720426004
wbtc_usdc_500_month_23522443_23529642_w07,chainlink,1759838555,124539.498876952659546806
wbtc_usdc_500_month_23522443_23529642_w07,chainlink,1759841807,125208.654588745996470341
wbtc_usdc_500_month_23522443_23529642_w07,chainlink,1759844363,124565.940024847868148557
wbtc_usdc_500_month_23522443_23529642_w07,chainlink,1759844651,123853.943525039002902845
wbtc_usdc_500_month_23522443_23529642_w07,chainlink,1759846127,123225.878807512383548561
wbtc_usdc_500_month_23522443_23529642_w07,chainlink,1759849583,122585.352474102533630529
wbtc_usdc_500_month_23522443_23529642_w07,chainlink,1759849823,121885.957291542561444169
wbtc_usdc_500_month_23522443_23529642_w07,chainlink,1759853459,121744.801519223469061231
wbtc_usdc_500_month_23522443_23529642_w07,chainlink,1759854347,121050.737508480832645545
wbtc_usdc_500_month_23522443_23529642_w07,chainlink,1759854959,121690.547266358905886791
wbtc_usdc_500_month_23522443_23529642_w07,chainlink,1759858583,121368.718465603781320315
wbtc_usdc_500_month_23522443_23529642_w07,chainlink,1759861703,120729.230482186818050606
wbtc_usdc_500_month_23522443_23529642_w07,chainlink,1759863863,121398.771314160789195035
wbtc_usdc_500_month_23522443_23529642_w07,chainlink,1759866719,122041.836893011619854764
wbtc_usdc_500_month_23522443_23529642_w07,chainlink,1759870355,122264.488667044918462725
wbtc_usdc_500_month_23522443_23529642_w07,chainlink,1759873979,121929.579488836739091552
wbtc_usdc_500_month_23522443_23529642_w07,chainlink,1759877579,122072.104075972016275556
wbtc_usdc_500_month_23522443_23529642_w07,chainlink,1759881047,121459.918827469978710158
wbtc_usdc_500_month_23522443_23529642_w07,chainlink,1759884611,122078.809627564151224205
wbtc_usdc_500_month_23529643_23536842_w08,chainlink,1759906859,121483.676160215424357511
wbtc_usdc_500_month_23529643_23536842_w08,chainlink,1759908947,121580.177783949032521953
wbtc_usdc_500_month_23529643_23536842_w08,chainlink,1759910423,121569.478324849682750987
wbtc_usdc_500_month_23529643_23536842_w08,chainlink,1759910423,121665.130817257883808135
wbtc_usdc_500_month_23529643_23536842_w08,chainlink,1759912403,122283.696414615387892803
wbtc_usdc_500_month_23529643_23536842_w08,chainlink,1759916039,122472.662888801591232817
wbtc_usdc_500_month_23529643_23536842_w08,chainlink,1759919663,122789.813010300978950154
wbtc_usdc_500_month_23529643_23536842_w08,chainlink,1759923299,123000.504896411022844197
wbtc_usdc_500_month_23529643_23536842_w08,chainlink,1759926923,122746.0297063557598807
wbtc_usdc_500_month_23529643_23536842_w08,chainlink,1759930523,122579.771222576824776661
wbtc_usdc_500_month_23529643_23536842_w08,chainlink,1759931039,121825.38705407676397746
wbtc_usdc_500_month_23529643_23536842_w08,chainlink,1759931855,122446.821101905562387811
wbtc_usdc_500_month_23529643_23536842_w08,chainlink,1759932119,123171.418170715956152804
wbtc_usdc_500_month_23529643_23536842_w08,chainlink,1759933559,122544.517766818830361786
wbtc_usdc_500_month_23529643_23536842_w08,chainlink,1759937195,122587.642413802904931632
wbtc_usdc_500_month_23529643_23536842_w08,chainlink,1759940819,122712.699474198425189668
wbtc_usdc_500_month_23529643_23536842_w08,chainlink,1759943399,123351.528020250584723492
wbtc_usdc_500_month_23529643_23536842_w08,chainlink,1759944239,123983.928935855152318751
wbtc_usdc_500_month_23529643_23536842_w08,chainlink,1759947851,123809.661197955698615428
wbtc_usdc_500_month_23529643_23536842_w08,chainlink,1759951487,123554.720313372225752645
wbtc_usdc_500_month_23529643_23536842_w08,chainlink,1759955111,123693.019701601640392256
wbtc_usdc_500_month_23529643_23536842_w08,chainlink,1759957127,123067.332851213702681763
wbtc_usdc_500_month_23529643_23536842_w08,chainlink,1759960763,123272.491078239780808427
wbtc_usdc_500_month_23529643_23536842_w08,chainlink,1759964387,123279.107143065031461861
wbtc_usdc_500_month_23529643_23536842_w08,chainlink,1759968023,123366.550293721451804516
wbtc_usdc_500_month_23529643_23536842_w08,chainlink,1759971647,122898.035924756852702087
wbtc_usdc_500_month_23536843_23544042_w09,chainlink,1759993235,122166.658751846825083296
wbtc_usdc_500_month_23536843_23544042_w09,chainlink,1759995551,121871.99049758693659069
wbtc_usdc_500_month_23536843_23544042_w09,chainlink,1759996835,121955.393081338564856591
wbtc_usdc_500_month_23536843_23544042_w09,chainlink,1759996835,121955.857859009505420093
wbtc_usdc_500_month_23536843_23544042_w09,chainlink,1759998635,121297.309007480364033159
wbtc_usdc_500_month_23536843_23544042_w09,chainlink,1760002271,121781.273708237544947467
wbtc_usdc_500_month_23536843_23544042_w09,chainlink,1760005895,121901.169245143023822911
wbtc_usdc_500_month_23536843_23544042_w09,chainlink,1760008811,122524.510139649246286537
wbtc_usdc_500_month_23536843_23544042_w09,chainlink,1760011955,123140.159921292787786598
wbtc_usdc_500_month_23536843_23544042_w09,chainlink,1760013731,123783.459032015601163923
wbtc_usdc_500_month_23536843_23544042_w09,chainlink,1760016971,123155.730148131375394369
wbtc_usdc_500_month_23536843_23544042_w09,chainlink,1760018171,122471.639487486869019364
wbtc_usdc_500_month_23536843_23544042_w09,chainlink,1760019827,121820.76841729970632636
wbtc_usdc_500_month_23536843_23544042_w09,chainlink,1760021231,120983.96098584710375622
wbtc_usdc_500_month_23536843_23544042_w09,chainlink,1760022071,121637.040314900068409784
wbtc_usdc_500_month_23536843_23544042_w09,chainlink,1760024123,120994.12377644777479448
wbtc_usdc_500_month_23536843_23544042_w09,chainlink,1760027747,121311.355192022177369683
wbtc_usdc_500_month_23536843_23544042_w09,chainlink,1760028707,120659.151796491798683
wbtc_usdc_500_month_23536843_23544042_w09,chainlink,1760029139,120051.995077328283573386
wbtc_usdc_500_month_23536843_23544042_w09,chainlink,1760031647,120662.192631474676631456
wbtc_usdc_500_month_23536843_23544042_w09,chainlink,1760035283,120600.63572856470658278
wbtc_usdc_500_month_23536843_23544042_w09,chainlink,1760038103,121209.250288496718313881
wbtc_usdc_500_month_23536843_23544042_w09,chainlink,1760041739,121020.971148467657734137
wbtc_usdc_500_month_23536843_23544042_w09,chainlink,1760045363,121430.198665421538100146
wbtc_usdc_500_month_23536843_23544042_w09,chainlink,1760048999,121648.852090815617060288
wbtc_usdc_500_month_23536843_23544042_w09,chainlink,1760052623,121599.540017693458446754
wbtc_usdc_500_month_23536843_23544042_w09,chainlink,1760056235,121948.915449653320305222
wbtc_usdc_500_month_23544043_23551242_w10,chainlink,1760079659,121564.841524590655850845
wbtc_usdc_500_month_23544043_23551242_w10,chainlink,1760081603,121317.756034888024245576
wbtc_usdc_500_month_23544043_23551242_w10,chainlink,1760083223,121315.711394883819486123
wbtc_usdc_500_month_23544043_23551242_w10,chainlink,1760083235,120994.781932768969705892
wbtc_usdc_500_month_23544043_23551242_w10,chainlink,1760086655,121617.112687569355408105
wbtc_usdc_500_month_23544043_23551242_w10,chainlink,1760090279,121396.473765323078614206
wbtc_usdc_500_month_23544043_23551242_w10,chainlink,1760093879,121591.946028796037875473
wbtc_usdc_500_month_23544043_23551242_w10,chainlink,1760097491,121643.278264762134048872
wbtc_usdc_500_month_23544043_23551242_w10,chainlink,1760101115,121660.620380764159880678
wbtc_usdc_500_month_23544043_23551242_w10,chainlink,1760103551,122364.949766762785487726
wbtc_usdc_500_month_23544043_23551242_w10,chainlink,1760104235,121740.57687496089791539
wbtc_usdc_500_month_23544043_23551242_w10,chainlink,1760107835,121414.189434477958976955
wbtc_usdc_500_month_23544043_23551242_w10,chainlink,1760108411,120708.499016565380910941
wbtc_usdc_500_month_23544043_23551242_w10,chainlink,1760108687,120022.332760227842564642
wbtc_usdc_500_month_23544043_23551242_w10,chainlink,1760109107,120642.114945080543917936
wbtc_usdc_500_month_23544043_23551242_w10,chainlink,1760109551,120019.032056682881956288
wbtc_usdc_500_month_23544043_23551242_w10,chainlink,1760109911,119410.692451776096074878
wbtc_usdc_500_month_23544043_23551242_w10,chainlink,1760110391,118774.642670585235242892
wbtc_usdc_500_month_23544043_23551242_w10,chainlink,1760110787,119419.576565744988544308
wbtc_usdc_500_month_23544043_23551242_w10,chainlink,1760112287,118722.305659451312047162
wbtc_usdc_500_month_23544043_23551242_w10,chainlink,1760113991,119337.560015917392792273
wbtc_usdc_500_month_23544043_23551242_w10,chainlink,1760115011,118665.633579797533844338
wbtc_usdc_500_month_23544043_23551242_w10,chainlink,1760115947,117976.438450855799913751
wbtc_usdc_500_month_23544043_23551242_w10,chainlink,1760119571,117703.894912080509960698
wbtc_usdc_500_month_23544043_23551242_w10,chainlink,1760123195,117265.195076330519850306
wbtc_usdc_500_month_23544043_23551242_w10,chainlink,1760123987,116651.156136470488684663
wbtc_usdc_500_month_23544043_23551242_w10,chainlink,1760124167,116047.125444788556680856
wbtc_usdc_500_month_23544043_23551242_w10,chainlink,1760124347,116729.787683774796597894
wbtc_usdc_500_month_23544043_23551242_w10,chainlink,1760124635,116115.767585860926256431
wbtc_usdc_500_month_23544043_23551242_w10,chainlink,1760125355,116820.315787500105647518
wbtc_usdc_500_month_23544043_23551242_w10,chainlink,1760128967,116991.516741793513287357
wbtc_usdc_500_month_23544043_23551242_w10,chainlink,1760129567,116247.768211794343964416
wbtc_usdc_500_month_23544043_23551242_w10,chainlink,1760129663,115346.06897222142899759
wbtc_usdc_500_month_23544043_23551242_w10,chainlink,1760129807,113591.001922059687022288
wbtc_usdc_500_month_23544043_23551242_w10,chainlink,1760129927,114372.184004010454828446
wbtc_usdc_500_month_23544043_23551242_w10,chainlink,1760130227,114982.137048451877517692
wbtc_usdc_500_month_23544043_23551242_w10,chainlink,1760130683,114369.969815996279606998
wbtc_usdc_500_month_23544043_23551242_w10,chainlink,1760130743,113785.624962960855106265
wbtc_usdc_500_month_23544043_23551242_w10,chainlink,1760130803,113026.351566836471193834
wbtc_usdc_500_month_23544043_23551242_w10,chainlink,1760130827,110331.997265217081020819
wbtc_usdc_500_month_23544043_23551242_w10,chainlink,1760130899,112196.105021705376501001
wbtc_usdc_500_month_23544043_23551242_w10,chainlink,1760130995,111173.034638613220407929
wbtc_usdc_500_month_23544043_23551242_w10,chainlink,1760131067,109592.627377185447078044
wbtc_usdc_500_month_23544043_23551242_w10,chainlink,1760131091,108975.718713403762011872
wbtc_usdc_500_month_23544043_23551242_w10,chainlink,1760131151,109649.173917190449144235
wbtc_usdc_500_month_23544043_23551242_w10,chainlink,1760131187,107966.263008960359900712
wbtc_usdc_500_month_23544043_23551242_w10,chainlink,1760131211,105102.902683707032153903
wbtc_usdc_500_month_23544043_23551242_w10,chainlink,1760131247,105777.976575707111970916
wbtc_usdc_500_month_23544043_23551242_w10,chainlink,1760131439,105179.579027269662528567
wbtc_usdc_500_month_23544043_23551242_w10,chainlink,1760131451,108512.376173851456437939
wbtc_usdc_500_month_23544043_23551242_w10,chainlink,1760131451,108470.64628515568093339
wbtc_usdc_500_month_23544043_23551242_w10,chainlink,1760131547,107910.611146765933158652
wbtc_usdc_500_month_23544043_23551242_w10,chainlink,1760131667,107043.694191436904776253
wbtc_usdc_500_month_23544043_23551242_w10,chainlink,1760131775,108245.228869533541074279
wbtc_usdc_500_month_23544043_23551242_w10,chainlink,1760131787,108971.666473828896629316
wbtc_usdc_500_month_23544043_23551242_w10,chainlink,1760131871,109635.488804438666101679
wbtc_usdc_500_month_23544043_23551242_w10,chainlink,1760131967,111078.956479573621117341
wbtc_usdc_500_month_23544043_23551242_w10,chainlink,1760132135,111788.837790775103713356
wbtc_usdc_500_month_23544043_23551242_w10,chainlink,1760132147,112406.959543426681397139
wbtc_usdc_500_month_23544043_23551242_w10,chainlink,1760132231,112061.169286702134406156
wbtc_usdc_500_month_23544043_23551242_w10,chainlink,1760132387,111313.576313912548274359
wbtc_usdc_500_month_23544043_23551242_w10,chainlink,1760132543,111625.34353063680723763
wbtc_usdc_500_month_23544043_23551242_w10,chainlink,1760132771,112525.231016996274624203
wbtc_usdc_500_month_23544043_23551242_w10,chainlink,1760132891,113676.225723071719753635
wbtc_usdc_500_month_23544043_23551242_w10,chainlink,1760133083,113010.018550054430139814
wbtc_usdc_500_month_23544043_23551242_w10,chainlink,1760133407,113645.190283105122184734
wbtc_usdc_500_month_23544043_23551242_w10,chainlink,1760133971,112438.975827834289992153
wbtc_usdc_500_month_23544043_23551242_w10,chainlink,1760134151,113061.171701702915229251
wbtc_usdc_500_month_23544043_23551242_w10,chainlink,1760134367,113819.869635915420878351
wbtc_usdc_500_month_23544043_23551242_w10,chainlink,1760134967,112988.42686076703440192
wbtc_usdc_500_month_23544043_23551242_w10,chainlink,1760135747,113849.005828506642308927
wbtc_usdc_500_month_23544043_23551242_w10,chainlink,1760136587,114471.544152928674298418
wbtc_usdc_500_month_23544043_23551242_w10,chainlink,1760136851,113867.154541399923917395
wbtc_usdc_500_month_23544043_23551242_w10,chainlink,1760137871,113297.404948041084926257
wbtc_usdc_500_month_23544043_23551242_w10,chainlink,1760138927,114081.679327302107734519
wbtc_usdc_500_month_23544043_23551242_w10,chainlink,1760139671,114714.994412596258673334
wbtc_usdc_500_month_23544043_23551242_w10,chainlink,1760140187,113860.095042059617131953
wbtc_usdc_500_month_23544043_23551242_w10,chainlink,1760140463,113265.547207392051755689
wbtc_usdc_500_month_23544043_23551242_w10,chainlink,1760140943,112631.295132549199610763
wbtc_usdc_500_month_23544043_23551242_w10,chainlink,1760141927,111951.910370516522968191
wbtc_usdc_500_month_23544043_23551242_w10,chainlink,1760142683,112587.798133356382365362
wbtc_usdc_500_month_23544043_23551242_w10,chainlink,1760143727,113286.30217638965044599
wbtc_usdc_500_month_23544043_23551242_w10,chainlink,1760144423,112661.000081874193482198
wbtc_usdc_500_month_23544043_23551242_w10,chainlink,1760145383,112095.050219038465792006
wbtc_usdc_500_month_23544043_23551242_w10,chainlink,1760145923,111469.439846936055294958
wbtc_usdc_500_month_23551243_23558442_w11,chainlink,1760145923,111469.439846936055294958
wbtc_usdc_500_month_23551243_23558442_w11,chainlink,1760146727,112052.813288531577340535
wbtc_usdc_500_month_23551243_23558442_w11,chainlink,1760147003,111447.733670728071965136
wbtc_usdc_500_month_23551243_23558442_w11,chainlink,1760148887,112040.345656026074630787
wbtc_usdc_500_month_23551243_23558442_w11,chainlink,1760150423,112657.160354187681009662
wbtc_usdc_500_month_23551243_23558442_w11,chainlink,1760150723,113226.749369014749473967
wbtc_usdc_500_month_23551243_23558442_w11,chainlink,1760152007,112547.918101648231107449
wbtc_usdc_500_month_23551243_23558442_w11,chainlink,1760153867,111960.926705708031186428
wbtc_usdc_500_month_23551243_23558442_w11,chainlink,1760155943,112542.563724380666923101
wbtc_usdc_500_month_23551243_23558442_w11,chainlink,1760157359,111966.332783448997797076
wbtc_usdc_500_month_23551243_23558442_w11,chainlink,1760158439,112599.224463001083963125
wbtc_usdc_500_month_23551243_23558442_w11,chainlink,1760162063,112626.772509293640894987
wbtc_usdc_500_month_23551243_23558442_w11,chainlink,1760165699,112188.752049704634947289
wbtc_usdc_500_month_23551243_23558442_w11,chainlink,1760166359,111621.730539870112411627
wbtc_usdc_500_month_23551243_23558442_w11,chainlink,1760167319,110886.555925453766818857
wbtc_usdc_500_month_23551243_23558442_w11,chainlink,1760169515,110312.085753878334948485
wbtc_usdc_500_month_23551243_23558442_w11,chainlink,1760169635,110325.160564642877000945
wbtc_usdc_500_month_23551243_23558442_w11,chainlink,1760169635,110523.43007927177333641
wbtc_usdc_500_month_23551243_23558442_w11,chainlink,1760171039,111085.875232091047533862
wbtc_usdc_500_month_23551243_23558442_w11,chainlink,1760173499,111714.077590093288440529
wbtc_usdc_500_month_23551243_23558442_w11,chainlink,1760177135,111875.097201306782202832
wbtc_usdc_500_month_23551243_23558442_w11,chainlink,1760180771,112046.683422130893430527
wbtc_usdc_500_month_23551243_23558442_w11,chainlink,1760184395,112417.593801464949731607
wbtc_usdc_500_month_23551243_23558442_w11,chainlink,1760188031,112324.355603326718351793
wbtc_usdc_500_month_23551243_23558442_w11,chainlink,1760191655,112427.021526224648293258
wbtc_usdc_500_month_23551243_23558442_w11,chainlink,1760195267,112242.76941271404518855
wbtc_usdc_500_month_23551243_23558442_w11,chainlink,1760198891,112019.262116876763333934
wbtc_usdc_500_month_23551243_23558442_w11,chainlink,1760202527,112029.379542746234720772
wbtc_usdc_500_month_23551243_23558442_w11,chainlink,1760206151,112021.64223017015609943
wbtc_usdc_500_month_23551243_23558442_w11,chainlink,1760209763,112044.442250781137182129
wbtc_usdc_500_month_23551243_23558442_w11,chainlink,1760210027,111455.135264438587276754
wbtc_usdc_500_month_23551243_23558442_w11,chainlink,1760213651,111002.868034608447362094
wbtc_usdc_500_month_23551243_23558442_w11,chainlink,1760215151,110447.447298491408191029
wbtc_usdc_500_month_23551243_23558442_w11,chainlink,1760216975,109760.407014013867060072
wbtc_usdc_500_month_23551243_23558442_w11,chainlink,1760217431,110370.283625500573827314
wbtc_usdc_500_month_23551243_23558442_w11,chainlink,1760218055,110923.23994622144014055
wbtc_usdc_500_month_23551243_23558442_w11,chainlink,1760221655,110986.768565133700364137
wbtc_usdc_500_month_23551243_23558442_w11,chainlink,1760225267,111079.779385498749740487
wbtc_usdc_500_month_23551243_23558442_w11,chainlink,1760227667,110515.280527353102007655
wbtc_usdc_500_month_23551243_23558442_w11,chainlink,1760229767,109953.763799156839865577
wbtc_usdc_500_month_23551243_23558442_w11,chainlink,1760233391,109937.253013243430387286
wbtc_usdc_500_month_23558443_23565642_w12,chainlink,1760252459,112148.691834355023954441
wbtc_usdc_500_month_23558443_23565642_w12,chainlink,1760254163,111731.971156566170273787
wbtc_usdc_500_month_23558443_23565642_w12,chainlink,1760256023,111630.043960589528800597
wbtc_usdc_500_month_23558443_23565642_w12,chainlink,1760256035,111631.19269310837984107
wbtc_usdc_500_month_23558443_23565642_w12,chainlink,1760259659,111364.518799541560307836
wbtc_usdc_500_month_23558443_23565642_w12,chainlink,1760263115,111929.85390877000523387
wbtc_usdc_500_month_23558443_23565642_w12,chainlink,1760266739,111693.622326401828446494
wbtc_usdc_500_month_23558443_23565642_w12,chainlink,1760270375,111894.385601847903499652
wbtc_usdc_500_month_23558443_23565642_w12,chainlink,1760274011,111852.308535305104567804
wbtc_usdc_500_month_23558443_23565642_w12,chainlink,1760277635,111338.893994041612070511
wbtc_usdc_500_month_23558443_23565642_w12,chainlink,1760280527,112014.298385940585409453
wbtc_usdc_500_month_23558443_23565642_w12,chainlink,1760280743,112721.595452052962097081
wbtc_usdc_500_month_23558443_23565642_w12,chainlink,1760281631,113327.256752628975865472
wbtc_usdc_500_month_23558443_23565642_w12,chainlink,1760283335,112582.71827488044582144
wbtc_usdc_500_month_23558443_23565642_w12,chainlink,1760284295,113175.238896346163169712
wbtc_usdc_500_month_23558443_23565642_w12,chainlink,1760285075,113767.44950179025252025
wbtc_usdc_500_month_23558443_23565642_w12,chainlink,1760287607,114468.667568379933874982
wbtc_usdc_500_month_23558443_23565642_w12,chainlink,1760291231,114393.938366734792854094
wbtc_usdc_500_month_23558443_23565642_w12,chainlink,1760291507,113691.075690791700115061
wbtc_usdc_500_month_23558443_23565642_w12,chainlink,1760292611,114269.539334192791083443
wbtc_usdc_500_month_23558443_23565642_w12,chainlink,1760294327,113665.824249797229520821
wbtc_usdc_500_month_23558443_23565642_w12,chainlink,1760296331,114238.202973329661676915
wbtc_usdc_500_month_23558443_23565642_w12,chainlink,1760299967,114604.022735894991053137
wbtc_usdc_500_month_23558443_23565642_w12,chainlink,1760300927,115279.857663044026115269
wbtc_usdc_500_month_23558443_23565642_w12,chainlink,1760304551,114908.809161637473424626
wbtc_usdc_500_month_23558443_23565642_w12,chainlink,1760306483,115573.832855681981644811
wbtc_usdc_500_month_23558443_23565642_w12,chainlink,1760310107,115191.51309739687347042
wbtc_usdc_500_month_23558443_23565642_w12,chainlink,1760313743,114938.550703070334674895
wbtc_usdc_500_month_23558443_23565642_w12,chainlink,1760314583,115571.060057223757323778
wbtc_usdc_500_month_23558443_23565642_w12,chainlink,1760318207,115296.916385118782938702
wbtc_usdc_500_month_23565643_23572842_w13,chainlink,1760338907,115117.48934300485634652
wbtc_usdc_500_month_23565643_23572842_w13,chainlink,1760340203,115523.345732179032417996
wbtc_usdc_500_month_23565643_23572842_w13,chainlink,1760342423,115451.376604899790067859
wbtc_usdc_500_month_23565643_23572842_w13,chainlink,1760342447,115462.733291992558660558
wbtc_usdc_500_month_23565643_23572842_w13,chainlink,1760346059,115292.832709887779800364
wbtc_usdc_500_month_23565643_23572842_w13,chainlink,1760349671,115166.230769008421515872
wbtc_usdc_500_month_23565643_23572842_w13,chainlink,1760353295,114829.309275669620531695
wbtc_usdc_500_month_23565643_23572842_w13,chainlink,1760354735,114234.802264407593366806
wbtc_usdc_500_month_23565643_23572842_w13,chainlink,1760358347,114433.863677771998959812
wbtc_usdc_500_month_23565643_23572842_w13,chainlink,1760361983,114493.078313706467164089
wbtc_usdc_500_month_23565643_23572842_w13,chainlink,1760362331,115114.730651517273109159
wbtc_usdc_500_month_23565643_23572842_w13,chainlink,1760365643,114531.247993258786581584
wbtc_usdc_500_month_23565643_23572842_w13,chainlink,1760369255,114503.254742813706467164
wbtc_usdc_500_month_23565643_23572842_w13,chainlink,1760371811,115139.366440589306075093
wbtc_usdc_500_month_23565643_23572842_w13,chainlink,1760372615,114531.85573403212578264
wbtc_usdc_500_month_23565643_23572842_w13,chainlink,1760376287,114732.68188273889300074
wbtc_usdc_500_month_23565643_23572842_w13,chainlink,1760379779,115334.81026584785261347
wbtc_usdc_500_month_23565643_23572842_w13,chainlink,1760383403,115702.908930467484147146
wbtc_usdc_500_month_23565643_23572842_w13,chainlink,1760387015,115739.563268988417915224
wbtc_usdc_500_month_23565643_23572842_w13,chainlink,1760390627,115816.176911844131943749
wbtc_usdc_500_month_23565643_23572842_w13,chainlink,1760394251,115860.074813466423956312
wbtc_usdc_500_month_23565643_23572842_w13,chainlink,1760397851,115499.83555772038967014
wbtc_usdc_500_month_23565643_23572842_w13,chainlink,1760401487,115271.748914804664839671
wbtc_usdc_500_month_23565643_23572842_w13,chainlink,1760404247,114670.698038646956452161
wbtc_usdc_500_month_23572843_23580042_w14,chainlink,1760425259,111845.405362160864825944
wbtc_usdc_500_month_23572843_23580042_w14,chainlink,1760428103,111750.222506675200256007
wbtc_usdc_500_month_23572843_23580042_w14,chainlink,1760428823,111770.243107293218796563
wbtc_usdc_500_month_23572843_23580042_w14,chainlink,1760428835,111779.464071913449543939
wbtc_usdc_500_month_23572843_23580042_w14,chainlink,1760432435,111913.409139394090441233
wbtc_usdc_500_month_23572843_23580042_w14,chainlink,1760435375,111334.584027357237415636
wbtc_usdc_500_month_23572843_23580042_w14,chainlink,1760437187,110694.360354596288536497
wbtc_usdc_500_month_23572843_23580042_w14,chainlink,1760440175,111318.892262190573817648
wbtc_usdc_500_month_23572843_23580042_w14,chainlink,1760443859,111200.032461391581939052
wbtc_usdc_500_month_23572843_23580042_w14,chainlink,1760447483,110779.631600758769353964
wbtc_usdc_500_month_23572843_23580042_w14,chainlink,1760449091,110018.944500066812515739
wbtc_usdc_500_month_23572843_23580042_w14,chainlink,1760449499,110608.848667376593192968
wbtc_usdc_500_month_23572843_23580042_w14,chainlink,1760449679,111232.512545336224871935
wbtc_usdc_500_month_23572843_23580042_w14,chainlink,1760451335,111788.845127188357418325
wbtc_usdc_500_month_23572843_23580042_w14,chainlink,1760454935,111208.509845272494702929
wbtc_usdc_500_month_23572843_23580042_w14,chainlink,1760456219,111791.585435445633279287
wbtc_usdc_500_month_23572843_23580042_w14,chainlink,1760456819,112360.232386541162015315
wbtc_usdc_500_month_23572843_23580042_w14,chainlink,1760457599,112949.987424575390485675
wbtc_usdc_500_month_23572843_23580042_w14,chainlink,1760458199,112370.600568857990835389
wbtc_usdc_500_month_23572843_23580042_w14,chainlink,1760458931,113025.244209721151532335
wbtc_usdc_500_month_23572843_23580042_w14,chainlink,1760459819,112459.335127068443929257
wbtc_usdc_500_month_23572843_23580042_w14,chainlink,1760461343,111888.286313327386197673
wbtc_usdc_500_month_23572843_23580042_w14,chainlink,1760461583,112613.307871002409060995
wbtc_usdc_500_month_23572843_23580042_w14,chainlink,1760465195,113088.126200316273577614
wbtc_usdc_500_month_23572843_23580042_w14,chainlink,1760468843,113230.903541339365265198
wbtc_usdc_500_month_23572843_23580042_w14,chainlink,1760470739,112530.22852540682301352
wbtc_usdc_500_month_23572843_23580042_w14,chainlink,1760474351,112807.389703267720585888
wbtc_usdc_500_month_23572843_23580042_w14,chainlink,1760477987,112948.755605518064727101
wbtc_usdc_500_month_23572843_23580042_w14,chainlink,1760479451,113531.561814538517437826
wbtc_usdc_500_month_23572843_23580042_w14,chainlink,1760482151,112939.321873317529488892
wbtc_usdc_500_month_23572843_23580042_w14,chainlink,1760483387,113544.422612099635087951
wbtc_usdc_500_month_23572843_23580042_w14,chainlink,1760487011,113092.131733898746269967
wbtc_usdc_500_month_23572843_23580042_w14,chainlink,1760490503,112490.874098427332090586
wbtc_usdc_500_month_23572843_23580042_w14,chainlink,1760494127,112899.243421632499439861
wbtc_usdc_500_month_23580043_23587242_w15,chainlink,1760511671,112047.955438438874840463
wbtc_usdc_500_month_23580043_23587242_w15,chainlink,1760512403,112663.937328019072438408
wbtc_usdc_500_month_23580043_23587242_w15,chainlink,1760516027,112850.94934007057716686
wbtc_usdc_500_month_23580043_23587242_w15,chainlink,1760517131,113426.073256935824226197
wbtc_usdc_500_month_23580043_23587242_w15,chainlink,1760519903,112744.97239169412532698
wbtc_usdc_500_month_23580043_23587242_w15,chainlink,1760523527,112617.361964646131235383
wbtc_usdc_500_month_23580043_23587242_w15,chainlink,1760527067,112027.503767332828765438
wbtc_usdc_500_month_23580043_23587242_w15,chainlink,1760530667,111999.647691212849001891
wbtc_usdc_500_month_23580043_23587242_w15,chainlink,1760534279,111650.022923373068813452
wbtc_usdc_500_month_23580043_23587242_w15,chainlink,1760536163,110912.062624637059094098
wbtc_usdc_500_month_23580043_23587242_w15,chainlink,1760536499,111472.858447263725919044
wbtc_usdc_500_month_23580043_23587242_w15,chainlink,1760537339,112106.927197021268607857
wbtc_usdc_500_month_23580043_23587242_w15,chainlink,1760539319,111483.109284859665883299
wbtc_usdc_500_month_23580043_23587242_w15,chainlink,1760540639,110922.113445889663644416
wbtc_usdc_500_month_23580043_23587242_w15,chainlink,1760542043,111600.732872172985254625
wbtc_usdc_500_month_23580043_23587242_w15,chainlink,1760542499,111041.22785547807111319
wbtc_usdc_500_month_23580043_23587242_w15,chainlink,1760546111,110830.765981888380099537
wbtc_usdc_500_month_23580043_23587242_w15,chainlink,1760548547,110251.255553091243085472
wbtc_usdc_500_month_23580043_23587242_w15,chainlink,1760550347,110890.150834224664497336
wbtc_usdc_500_month_23580043_23587242_w15,chainlink,1760553959,111222.829235066797308008
wbtc_usdc_500_month_23580043_23587242_w15,chainlink,1760557583,111343.326580144863636807
wbtc_usdc_500_month_23580043_23587242_w15,chainlink,1760560511,110700.127604476561779863
wbtc_usdc_500_month_23580043_23587242_w15,chainlink,1760560859,111279.192622829211374861
wbtc_usdc_500_month_23580043_23587242_w15,chainlink,1760562719,110637.150161539699408838
wbtc_usdc_500_month_23580043_23587242_w15,chainlink,1760564039,111211.887123296844585171
wbtc_usdc_500_month_23580043_23587242_w15,chainlink,1760567675,111255.410679606630657791
wbtc_usdc_500_month_23580043_23587242_w15,chainlink,1760569535,110681.710482333511471222
wbtc_usdc_500_month_23580043_23587242_w15,chainlink,1760573159,110833.706804633006562966
wbtc_usdc_500_month_23580043_23587242_w15,chainlink,1760576795,110761.090288687488654697
wbtc_usdc_500_month_23580043_23587242_w15,chainlink,1760579579,111327.125408047091527848
wbtc_usdc_500_month_23587243_23594442_w16,chainlink,1760594483,111349.959193795171739996
wbtc_usdc_500_month_23587243_23594442_w16,chainlink,1760597291,111457.713272719471887122
wbtc_usdc_500_month_23587243_23594442_w16,chainlink,1760599547,110892.703144128622652659
wbtc_usdc_500_month_23587243_23594442_w16,chainlink,1760603159,110654.82752492443436158
wbtc_usdc_500_month_23587243_23594442_w16,chainlink,1760606771,110841.939009831358837346
wbtc_usdc_500_month_23587243_23594442_w16,chainlink,1760607395,109906.3237937925914621
wbtc_usdc_500_month_23587243_23594442_w16,chainlink,1760607971,111289.865918559428850487
wbtc_usdc_500_month_23587243_23594442_w16,chainlink,1760611595,111615.631003459072542112
wbtc_usdc_500_month_23587243_23594442_w16,chainlink,1760615231,111128.861567530823069644
wbtc_usdc_500_month_23587243_23594442_w16,chainlink,1760616215,111756.226145555876367884
wbtc_usdc_500_month_23587243_23594442_w16,chainlink,1760619815,111465.334816559743484373
wbtc_usdc_500_month_23587243_23594442_w16,chainlink,1760622827,110902.724223398860057228
wbtc_usdc_500_month_23587243_23594442_w16,chainlink,1760623907,110308.010172695599316046
wbtc_usdc_500_month_23587243_23594442_w16,chainlink,1760625659,110948.249126430916609718
wbtc_usdc_500_month_23587243_23594442_w16,chainlink,1760627051,110374.82791296622646259
wbtc_usdc_500_month_23587243_23594442_w16,chainlink,1760629271,109753.326940311471545485
wbtc_usdc_500_month_23587243_23594442_w16,chainlink,1760629631,109119.302148841430222034
wbtc_usdc_500_month_23587243_23594442_w16,chainlink,1760630243,108443.211917523517282811
wbtc_usdc_500_month_23587243_23594442_w16,chainlink,1760632247,107821.34235857201820636
wbtc_usdc_500_month_23587243_23594442_w16,chainlink,1760632943,108383.082295273200923739
wbtc_usdc_500_month_23587243_23594442_w16,chainlink,1760633843,108979.577100453718865521
wbtc_usdc_500_month_23587243_23594442_w16,chainlink,1760637119,108355.479885183634277411
wbtc_usdc_500_month_23587243_23594442_w16,chainlink,1760638619,107767.93660677254940357
wbtc_usdc_500_month_23587243_23594442_w16,chainlink,1760639903,108343.858633574836009838
wbtc_usdc_500_month_23587243_23594442_w16,chainlink,1760643239,107745.474187570001289138
wbtc_usdc_500_month_23587243_23594442_w16,chainlink,1760644211,108288.547140527034761643
wbtc_usdc_500_month_23587243_23594442_w16,chainlink,1760646923,107724.9519773279582211
wbtc_usdc_500_month_23587243_23594442_w16,chainlink,1760650463,108289.544461938550781919
wbtc_usdc_500_month_23587243_23594442_w16,chainlink,1760654087,108041.648718566989664786
wbtc_usdc_500_month_23587243_23594442_w16,chainlink,1760657735,108260.079610574058826135
wbtc_usdc_500_month_23587243_23594442_w16,chainlink,1760661347,108539.945340953220661865
wbtc_usdc_500_month_23587243_23594442_w16,chainlink,1760663279,109085.6079889804131905
wbtc_usdc_500_month_23587243_23594442_w16,chainlink,1760666903,108653.929442270932579438
wbtc_usdc_500_month_23594443_23601642_w17,chainlink,1760677295,109131.010680268615839675
wbtc_usdc_500_month_23594443_23601642_w17,chainlink,1760677763,108872.298294936348228216
wbtc_usdc_500_month_23594443_23601642_w17,chainlink,1760681375,108522.966990389120435606
wbtc_usdc_500_month_23594443_23601642_w17,chainlink,1760682119,107968.721839930049450292
wbtc_usdc_500_month_23594443_23601642_w17,chainlink,1760683019,107380.746728479015405167
wbtc_usdc_500_month_23594443_23601642_w17,chainlink,1760683799,106806.762313581266956988
wbtc_usdc_500_month_23594443_23601642_w17,chainlink,1760685419,106241.897995742646610084
wbtc_usdc_500_month_23594443_23601642_w17,chainlink,1760687699,105701.337917908998156163
wbtc_usdc_500_month_23594443_23601642_w17,chainlink,1760688875,105138.138059682758582891
wbtc_usdc_500_month_23594443_23601642_w17,chainlink,1760689019,104568.793396083546124658
wbtc_usdc_500_month_23594443_23601642_w17,chainlink,1760689535,105118.641436243383602806
wbtc_usdc_500_month_23594443_23601642_w17,chainlink,1760690255,105669.79034077769759549
wbtc_usdc_500_month_23594443_23601642_w17,chainlink,1760690555,105141.124930992881787863
wbtc_usdc_500_month_23594443_23601642_w17,chainlink,1760694179,105222.782976751299596137
wbtc_usdc_500_month_23594443_23601642_w17,chainlink,1760695175,104654.156696360338704008
wbtc_usdc_500_month_23594443_23601642_w17,chainlink,1760696495,104073.652104620341983265
wbtc_usdc_500_month_23594443_23601642_w17,chainlink,1760698199,104637.334042618860216737
wbtc_usdc_500_month_23594443_23601642_w17,chainlink,1760699615,105289.705279121803997041
wbtc_usdc_500_month_23594443_23601642_w17,chainlink,1760699711,105827.929526387387874121
wbtc_usdc_500_month_23594443_23601642_w17,chainlink,1760700335,106361.355588091868244595
wbtc_usdc_500_month_23594443_23601642_w17,chainlink,1760701295,105748.169179820283351093
wbtc_usdc_500_month_23594443_23601642_w17,chainlink,1760704931,105705.473228858638317008
wbtc_usdc_500_month_23594443_23601642_w17,chainlink,1760706755,105144.740061129720260409
wbtc_usdc_500_month_23594443_23601642_w17,chainlink,1760707931,105866.379049771957215396
wbtc_usdc_500_month_23594443_23601642_w17,chainlink,1760708675,105283.98448175706730004
wbtc_usdc_500_month_23594443_23601642_w17,chainlink,1760709251,105933.214971502728050235
wbtc_usdc_500_month_23594443_23601642_w17,chainlink,1760710211,105252.736718943886398886
wbtc_usdc_500_month_23594443_23601642_w17,chainlink,1760711711,104710.184505516378872887
wbtc_usdc_500_month_23594443_23601642_w17,chainlink,1760712275,105300.056721905899244236
wbtc_usdc_500_month_23594443_23601642_w17,chainlink,1760714267,106061.072792325794369219
wbtc_usdc_500_month_23594443_23601642_w17,chainlink,1760716451,106612.259616745381971339
wbtc_usdc_500_month_23594443_23601642_w17,chainlink,1760716967,107192.230836824036534212
wbtc_usdc_500_month_23594443_23601642_w17,chainlink,1760718791,106646.861692642720542389
wbtc_usdc_500_month_23594443_23601642_w17,chainlink,1760722427,106370.393854495439574367
wbtc_usdc_500_month_23594443_23601642_w17,chainlink,1760724647,106921.802760868809894723
wbtc_usdc_500_month_23594443_23601642_w17,chainlink,1760728283,106890.058336330917803323
wbtc_usdc_500_month_23594443_23601642_w17,chainlink,1760729687,106346.008270602756612216
wbtc_usdc_500_month_23594443_23601642_w17,chainlink,1760732447,106903.400195919307233042
wbtc_usdc_500_month_23594443_23601642_w17,chainlink,1760735567,107455.509769951735872945
wbtc_usdc_500_month_23594443_23601642_w17,chainlink,1760739167,107285.713482745225029464
wbtc_usdc_500_month_23594443_23601642_w17,chainlink,1760742779,106870.895665437848727355
wbtc_usdc_500_month_23594443_23601642_w17,chainlink,1760746403,106444.376217157147363199
wbtc_usdc_500_month_23594443_23601642_w17,chainlink,1760749499,107013.205500582671212713
wbtc_usdc_500_month_23594443_23601642_w17,chainlink,1760753135,107313.237319017524662587
wbtc_usdc_500_month_23594443_23601642_w17,chainlink,1760755319,106757.279829662658381325
wbtc_usdc_500_month_23601643_23608842_w18,chainlink,1760760107,106991.474023879677345507
wbtc_usdc_500_month_23601643_23608842_w18,chainlink,1760762579,106548.230708850493868835
wbtc_usdc_500_month_23601643_23608842_w18,chainlink,1760766203,106759.984079621751837425
wbtc_usdc_500_month_23601643_23608842_w18,chainlink,1760769815,106803.978391510880986864
wbtc_usdc_500_month_23601643_23608842_w18,chainlink,1760771267,107370.553182387598923471
wbtc_usdc_500_month_23601643_23608842_w18,chainlink,1760774255,106812.93947258175635596
wbtc_usdc_500_month_23601643_23608842_w18,chainlink,1760777867,106864.740216796112555221
wbtc_usdc_500_month_23601643_23608842_w18,chainlink,1760781491,106984.863825309312291741
wbtc_usdc_500_month_23601643_23608842_w18,chainlink,1760785187,106900.947558464656278274
wbtc_usdc_500_month_23601643_23608842_w18,chainlink,1760788811,107248.606146128629704036
wbtc_usdc_500_month_23601643_23608842_w18,chainlink,1760792447,107088.40126204391179911
wbtc_usdc_500_month_23601643_23608842_w18,chainlink,1760796119,106977.034136845470837943
wbtc_usdc_500_month_23601643_23608842_w18,chainlink,1760799743,107140.908512891727267487
wbtc_usdc_500_month_23601643_23608842_w18,chainlink,1760803367,107024.448153422528812765
wbtc_usdc_500_month_23601643_23608842_w18,chainlink,1760806967,106609.202540444314947221
wbtc_usdc_500_month_23601643_23608842_w18,chainlink,1760810639,106917.001786733673479551
wbtc_usdc_500_month_23601643_23608842_w18,chainlink,1760814263,106827.209089361044405773
wbtc_usdc_500_month_23601643_23608842_w18,chainlink,1760817899,107128.138129269403252873
wbtc_usdc_500_month_23601643_23608842_w18,chainlink,1760821583,107058.097739636098668403
wbtc_usdc_500_month_23601643_23608842_w18,chainlink,1760825195,107186.035318500967769071
wbtc_usdc_500_month_23601643_23608842_w18,chainlink,1760828807,107167.439309876868701135
wbtc_usdc_500_month_23601643_23608842_w18,chainlink,1760832407,107166.684064709303867488
wbtc_usdc_500_month_23601643_23608842_w18,chainlink,1760836019,106862.92093286482325929
wbtc_usdc_500_month_23601643_23608842_w18,chainlink,1760839643,106939.852473168293975551
wbtc_usdc_500_month_23608843_23616042_w19,chainlink,1760842919,106940.933678487191260729
wbtc_usdc_500_month_23608843_23616042_w19,chainlink,1760843279,106865.065784461246119031
wbtc_usdc_500_month_23608843_23616042_w19,chainlink,1760846903,107142.423368988264878834
wbtc_usdc_500_month_23608843_23616042_w19,chainlink,1760850503,107118.277318724346782523
wbtc_usdc_500_month_23608843_23616042_w19,chainlink,1760854175,106929.823232402780971656
wbtc_usdc_500_month_23608843_23616042_w19,chainlink,1760857799,106873.940988730697537506
wbtc_usdc_500_month_23608843_23616042_w19,chainlink,1760861411,106861.180476396127304511
wbtc_usdc_500_month_23608843_23616042_w19,chainlink,1760863871,106322.67885555605057543
wbtc_usdc_500_month_23608843_23616042_w19,chainlink,1760866895,107055.398274240710764537
wbtc_usdc_500_month_23608843_23616042_w19,chainlink,1760867399,107819.944341745321074641
wbtc_usdc_500_month_23608843_23616042_w19,chainlink,1760868323,107147.314438674712789718
wbtc_usdc_500_month_23608843_23616042_w19,chainlink,1760869583,107755.741120225977072979
wbtc_usdc_500_month_23608843_23616042_w19,chainlink,1760873219,107930.58341292402889976
wbtc_usdc_500_month_23608843_23616042_w19,chainlink,1760876855,107561.948612236781306769
wbtc_usdc_500_month_23608843_23616042_w19,chainlink,1760880479,107525.190521799450247927
wbtc_usdc_500_month_23608843_23616042_w19,chainlink,1760882039,108066.252687045384872202
wbtc_usdc_500_month_23608843_23616042_w19,chainlink,1760885675,108446.623220792314811439
wbtc_usdc_500_month_23608843_23616042_w19,chainlink,1760889311,108435.043667003230179691
wbtc_usdc_500_month_23608843_23616042_w19,chainlink,1760892935,108722.432909921333341533
wbtc_usdc_500_month_23608843_23616042_w19,chainlink,1760894183,109375.901442442914083
wbtc_usdc_500_month_23608843_23616042_w19,chainlink,1760897807,109240.196770900351649118
wbtc_usdc_500_month_23608843_23616042_w19,chainlink,1760901431,109162.226013264432566967
wbtc_usdc_500_month_23608843_23616042_w19,chainlink,1760905067,108910.968786896793906275
wbtc_usdc_500_month_23608843_23616042_w19,chainlink,1760908691,108744.666098343848505517
wbtc_usdc_500_month_23608843_23616042_w19,chainlink,1760912291,109160.004086444070729439
wbtc_usdc_500_month_23608843_23616042_w19,chainlink,1760915903,108875.910425143569514315
wbtc_usdc_500_month_23608843_23616042_w19,chainlink,1760919167,108248.116161863898835538
wbtc_usdc_500_month_23608843_23616042_w19,chainlink,1760919827,107682.133437657521949506
wbtc_usdc_500_month_23608843_23616042_w19,chainlink,1760922731,108307.518546869656816721
wbtc_usdc_500_month_23608843_23616042_w19,chainlink,1760925755,108309.1779100986731734
wbtc_usdc_500_month_23608843_23616042_w19,chainlink,1760926367,107903.32284081798017336
wbtc_usdc_500_month_23608843_23616042_w19,chainlink,1760926727,108479.228368447597788249
wbtc_usdc_500_month_23616043_23623242_w20,chainlink,1760926727,108479.228368447597788249
wbtc_usdc_500_month_23616043_23623242_w20,chainlink,1760930363,108933.212525298778323233
wbtc_usdc_500_month_23616043_23623242_w20,chainlink,1760932259,109663.023007886247450146
wbtc_usdc_500_month_23616043_23623242_w20,chainlink,1760932547,110287.19800367326375594
wbtc_usdc_500_month_23616043_23623242_w20,chainlink,1760936171,110417.483218014103242306
wbtc_usdc_500_month_23616043_23623242_w20,chainlink,1760939711,111036.189177413671136337
wbtc_usdc_500_month_23616043_23623242_w20,chainlink,1760943323,111330.051363639141063154
wbtc_usdc_500_month_23616043_23623242_w20,chainlink,1760946959,111116.699352653091666994
wbtc_usdc_500_month_23616043_23623242_w20,chainlink,1760950583,111129.744366920033054233
wbtc_usdc_500_month_23616043_23623242_w20,chainlink,1760954219,111027.163198062596532229
wbtc_usdc_500_month_23616043_23623242_w20,chainlink,1760957843,110832.357016843724321388
wbtc_usdc_500_month_23616043_23623242_w20,chainlink,1760961479,111004.050010654090982426
wbtc_usdc_500_month_23616043_23623242_w20,chainlink,1760965115,110835.858065046868149776
wbtc_usdc_500_month_23616043_23623242_w20,chainlink,1760968739,111165.64635840350064218
wbtc_usdc_500_month_23616043_23623242_w20,chainlink,1760972375,111267.02198170932541628
wbtc_usdc_500_month_23616043_23623242_w20,chainlink,1760976011,111190.527034534605634574
wbtc_usdc_500_month_23616043_23623242_w20,chainlink,1760978639,110506.879816623428101556
wbtc_usdc_500_month_23616043_23623242_w20,chainlink,1760980031,111096.275405176725152944
wbtc_usdc_500_month_23616043_23623242_w20,chainlink,1760981003,110447.466298955603067302
wbtc_usdc_500_month_23616043_23623242_w20,chainlink,1760984615,110405.274180558795596391
wbtc_usdc_500_month_23616043_23623242_w20,chainlink,1760986715,110989.285830685028098508
wbtc_usdc_500_month_23616043_23623242_w20,chainlink,1760990327,110901.386032383216297007
wbtc_usdc_500_month_23616043_23623242_w20,chainlink,1760993951,111040.519417612094942906
wbtc_usdc_500_month_23616043_23623242_w20,chainlink,1760997587,110596.749083341652961489
wbtc_usdc_500_month_23616043_23623242_w20,chainlink,1761001211,110837.311896190881708208
wbtc_usdc_500_month_23616043_23623242_w20,chainlink,1761004823,110575.987692877323905157
wbtc_usdc_500_month_23616043_23623242_w20,chainlink,1761008447,110511.557496094308351284
wbtc_usdc_500_month_23616043_23623242_w20,chainlink,1761008591,110516.479067906790679067
wbtc_usdc_500_month_23616043_23623242_w20,chainlink,1761011783,109705.253376837683768376
wbtc_usdc_500_month_23616043_23623242_w20,chainlink,1761015419,109592.749274927492749274
wbtc_usdc_500_month_23623243_23630442_w21,chainlink,1761015419,109592.749274927492749274
wbtc_usdc_500_month_23623243_23630442_w21,chainlink,1761019043,109252.041119151915191519
wbtc_usdc_500_month_23623243_23630442_w21,chainlink,1761019427,108662.90629062906290629
wbtc_usdc_500_month_23623243_23630442_w21,chainlink,1761019943,108100.210021002100210021
wbtc_usdc_500_month_23623243_23630442_w21,chainlink,1761023579,107671.359344934493449344
wbtc_usdc_500_month_23623243_23630442_w21,chainlink,1761027203,107717.441184118411841184
wbtc_usdc_500_month_23623243_23630442_w21,chainlink,1761030803,107776.760128012801280128
wbtc_usdc_500_month_23623243_23630442_w21,chainlink,1761034475,107900.790079007900790079
wbtc_usdc_500_month_23623243_23630442_w21,chainlink,1761038099,107855.954105160516051605
wbtc_usdc_500_month_23623243_23630442_w21,chainlink,1761041735,107800.850007000700070007
wbtc_usdc_500_month_23623243_23630442_w21,chainlink,1761043775,108434.855028862886288628
wbtc_usdc_500_month_23623243_23630442_w21,chainlink,1761047399,108566.286628662866286628
wbtc_usdc_500_month_23623243_23630442_w21,chainlink,1761049307,109161.458832643264326432
wbtc_usdc_500_month_23623243_23630442_w21,chainlink,1761052199,108494.939493949394939493
wbtc_usdc_500_month_23623243_23630442_w21,chainlink,1761055715,109086.171167446744674467
wbtc_usdc_500_month_23623243_23630442_w21,chainlink,1761055895,109737.393739373937393739
wbtc_usdc_500_month_23623243_23630442_w21,chainlink,1761056495,110316.746052125212521252
wbtc_usdc_500_month_23623243_23630442_w21,chainlink,1761058235,110896.410052645264526452
wbtc_usdc_500_month_23623243_23630442_w21,chainlink,1761058583,111703.920392039203920392
wbtc_usdc_500_month_23623243_23630442_w21,chainlink,1761058787,112320.527802690269026902
wbtc_usdc_500_month_23623243_23630442_w21,chainlink,1761059291,112911.339952545254525452
wbtc_usdc_500_month_23623243_23630442_w21,chainlink,1761061607,113500.550055005500550055
wbtc_usdc_500_month_23623243_23630442_w21,chainlink,1761065231,113603.960396039603960396
wbtc_usdc_500_month_23623243_23630442_w21,chainlink,1761065831,112944.904361316131613161
wbtc_usdc_500_month_23623243_23630442_w21,chainlink,1761067091,112311.51322057205720572
wbtc_usdc_500_month_23623243_23630442_w21,chainlink,1761070703,111976.127612761276127612
wbtc_usdc_500_month_23623243_23630442_w21,chainlink,1761074327,112162.186218621862186218
wbtc_usdc_500_month_23623243_23630442_w21,chainlink,1761077423,111515.791579157915791579
wbtc_usdc_500_month_23623243_23630442_w21,chainlink,1761077879,110916.411641164116411641
wbtc_usdc_500_month_23623243_23630442_w21,chainlink,1761081503,110889.478514851485148514
wbtc_usdc_500_month_23623243_23630442_w21,chainlink,1761081779,110259.015901590159015901
wbtc_usdc_500_month_23623243_23630442_w21,chainlink,1761082463,110843.889502230223022302
wbtc_usdc_500_month_23623243_23630442_w21,chainlink,1761084575,110181.688168816881688168
wbtc_usdc_500_month_23623243_23630442_w21,chainlink,1761085955,109595.6331006600660066
wbtc_usdc_500_month_23623243_23630442_w21,chainlink,1761085955,108853.971512151215121512
wbtc_usdc_500_month_23623243_23630442_w21,chainlink,1761086855,109449.508327962796279627
wbtc_usdc_500_month_23623243_23630442_w21,chainlink,1761089615,108854.135413541354135413
wbtc_usdc_500_month_23623243_23630442_w21,chainlink,1761090059,108304.0004000400040004
wbtc_usdc_500_month_23623243_23630442_w21,chainlink,1761091427,108308.333166643330066209
wbtc_usdc_500_month_23623243_23630442_w21,chainlink,1761093707,108092.162902806392895005
wbtc_usdc_500_month_23623243_23630442_w21,chainlink,1761097319,108220.635470965935230932
wbtc_usdc_500_month_23623243_23630442_w21,chainlink,1761100919,108361.170563878943052027
wbtc_usdc_500_month_23630443_23637642_w22,chainlink,1761100919,108361.170563878943052027
wbtc_usdc_500_month_23630443_23637642_w22,chainlink,1761104531,108048.570711899665953233
wbtc_usdc_500_month_23630443_23637642_w22,chainlink,1761107951,108605.011722641169763766
wbtc_usdc_500_month_23630443_23637642_w22,chainlink,1761110843,108042.916008241153761526
wbtc_usdc_500_month_23630443_23637642_w22,chainlink,1761114479,108374.472426139659552337
wbtc_usdc_500_month_23630443_23637642_w22,chainlink,1761116819,107750.695097313623907347
wbtc_usdc_500_month_23630443_23637642_w22,chainlink,1761118895,108297.971716040245634388
wbtc_usdc_500_month_23630443_23637642_w22,chainlink,1761122519,108272.77818894645250335
wbtc_usdc_500_month_23630443_23637642_w22,chainlink,1761126155,108010.761506610925529574
wbtc_usdc_500_month_23630443_23637642_w22,chainlink,1761129791,107914.880414498029724161
wbtc_usdc_500_month_23630443_23637642_w22,chainlink,1761131075,107220.570549876982777588
wbtc_usdc_500_month_23630443_23637642_w22,chainlink,1761131567,107867.68508197147600664
wbtc_usdc_500_month_23630443_23637642_w22,chainlink,1761135191,107817.724481427399835977
wbtc_usdc_500_month_23630443_23637642_w22,chainlink,1761136955,108375.834921889064469025
wbtc_usdc_500_month_23630443_23637642_w22,chainlink,1761140051,107807.052987418238553397
wbtc_usdc_500_month_23630443_23637642_w22,chainlink,1761140351,108427.244176594723261256
wbtc_usdc_500_month_23630443_23637642_w22,chainlink,1761141095,107874.312403736523113235
wbtc_usdc_500_month_23630443_23637642_w22,chainlink,1761141431,108424.528543546096453503
wbtc_usdc_500_month_23630443_23637642_w22,chainlink,1761143027,107787.110195427359830376
wbtc_usdc_500_month_23630443_23637642_w22,chainlink,1761145019,108333.216650331046346488
wbtc_usdc_500_month_23630443_23637642_w22,chainlink,1761145175,108894.688417378432980617
wbtc_usdc_500_month_23630443_23637642_w22,chainlink,1761146183,108328.46994111175564579
wbtc_usdc_500_month_23630443_23637642_w22,chainlink,1761149807,108489.768567599463924949
wbtc_usdc_500_month_23630443_23637642_w22,chainlink,1761153431,108103.724521433000620086
wbtc_usdc_500_month_23630443_23637642_w22,chainlink,1761157031,107584.200276238673414277
wbtc_usdc_500_month_23630443_23637642_w22,chainlink,1761158183,108138.420392854999699957
wbtc_usdc_500_month_23630443_23637642_w22,chainlink,1761161807,108098.728161952673374272
wbtc_usdc_500_month_23630443_23637642_w22,chainlink,1761165443,107793.331066349288900446
wbtc_usdc_500_month_23630443_23637642_w22,chainlink,1761166967,107195.627995369351709239
wbtc_usdc_500_month_23630443_23637642_w22,chainlink,1761170579,107400.756105854819674754
wbtc_usdc_500_month_23630443_23637642_w22,chainlink,1761174203,107428.60000400056007841
wbtc_usdc_500_month_23630443_23637642_w22,chainlink,1761174251,107427.437476373197889703
wbtc_usdc_500_month_23630443_23637642_w22,chainlink,1761177839,107546.775278500476691579
wbtc_usdc_500_month_23630443_23637642_w22,chainlink,1761181463,107865.724094238493728619
wbtc_usdc_500_month_23630443_23637642_w22,chainlink,1761182183,108407.83412401213988823
wbtc_usdc_500_month_23630443_23637642_w22,chainlink,1761185783,108221.05138091738690804
wbtc_usdc_500_month_23630443_23637642_w22,chainlink,1761189395,108576.075857479269171991
wbtc_usdc_500_month_23637643_23644842_w23,chainlink,1761189395,108576.075857479269171991
wbtc_usdc_500_month_23637643_23644842_w23,chainlink,1761193019,108417.005308745783780348
wbtc_usdc_500_month_23637643_23644842_w23,chainlink,1761194675,108969.380700258859439462
wbtc_usdc_500_month_23637643_23644842_w23,chainlink,1761198311,108707.232800333147035934
wbtc_usdc_500_month_23637643_23644842_w23,chainlink,1761200207,109653.960699943218664987
wbtc_usdc_500_month_23637643_23644842_w23,chainlink,1761200735,110217.337875706783802331
wbtc_usdc_500_month_23637643_23644842_w23,chainlink,1761204299,109545.594033197208415383
wbtc_usdc_500_month_23637643_23644842_w23,chainlink,1761207911,109789.602620866563542678
wbtc_usdc_500_month_23637643_23644842_w23,chainlink,1761210767,109239.17151617645967506
wbtc_usdc_500_month_23637643_23644842_w23,chainlink,1761214403,109581.787346999485393523
wbtc_usdc_500_month_23637643_23644842_w23,chainlink,1761218027,109439.464082000112774568
wbtc_usdc_500_month_23637643_23644842_w23,chainlink,1761221063,108855.601966662053404058
wbtc_usdc_500_month_23637643_23644842_w23,chainlink,1761224699,109072.359967460596559863
wbtc_usdc_500_month_23637643_23644842_w23,chainlink,1761226787,109645.737249967950859892
wbtc_usdc_500_month_23637643_23644842_w23,chainlink,1761228839,109094.072772320728391693
wbtc_usdc_500_month_23637643_23644842_w23,chainlink,1761230123,109661.836019657019293752
wbtc_usdc_500_month_23637643_23644842_w23,chainlink,1761233735,110121.823757893044623504
wbtc_usdc_500_month_23637643_23644842_w23,chainlink,1761237359,109764.293934490457477296
wbtc_usdc_500_month_23637643_23644842_w23,chainlink,1761238547,110467.580202010495715836
wbtc_usdc_500_month_23637643_23644842_w23,chainlink,1761239327,109808.480614525784440834
wbtc_usdc_500_month_23637643_23644842_w23,chainlink,1761240923,110402.981958579409288091
wbtc_usdc_500_month_23637643_23644842_w23,chainlink,1761241151,110960.754184205515668514
wbtc_usdc_500_month_23637643_23644842_w23,chainlink,1761244787,110462.61956119491515914
wbtc_usdc_500_month_23637643_23644842_w23,chainlink,1761248411,110469.833859257938940552
wbtc_usdc_500_month_23637643_23644842_w23,chainlink,1761249767,109910.838282089280293228
wbtc_usdc_500_month_23637643_23644842_w23,chainlink,1761253391,109682.148739974229871014
wbtc_usdc_500_month_23637643_23644842_w23,chainlink,1761256991,109687.565632078351881496
wbtc_usdc_500_month_23637643_23644842_w23,chainlink,1761257087,109687.033581235154966817
wbtc_usdc_500_month_23637643_23644842_w23,chainlink,1761260615,109951.681859765624660113
wbtc_usdc_500_month_23637643_23644842_w23,chainlink,1761264251,110067.804730162101054024
wbtc_usdc_500_month_23637643_23644842_w23,chainlink,1761267071,110692.627773151035868289
wbtc_usdc_500_month_23637643_23644842_w23,chainlink,1761270695,110620.538750182810228795
wbtc_usdc_500_month_23637643_23644842_w23,chainlink,1761274319,110700.640598685634584947
wbtc_usdc_500_month_23637643_23644842_w23,chainlink,1761277943,110392.225065342374017361
wbtc_usdc_500_month_23644843_23652042_w24,chainlink,1761277943,110392.225065342374017361
wbtc_usdc_500_month_23644843_23652042_w24,chainlink,1761280007,110995.660090419041799466
wbtc_usdc_500_month_23644843_23652042_w24,chainlink,1761283619,111102.53337797488361728
wbtc_usdc_500_month_23644843_23652042_w24,chainlink,1761287243,111303.888412446319450897
wbtc_usdc_500_month_23644843_23652042_w24,chainlink,1761290855,111193.236171783237809956
wbtc_usdc_500_month_23644843_23652042_w24,chainlink,1761294467,110940.497026145260640255
wbtc_usdc_500_month_23644843_23652042_w24,chainlink,1761298079,111462.132630179910268243
wbtc_usdc_500_month_23644843_23652042_w24,chainlink,1761301703,111138.817889228167738094
wbtc_usdc_500_month_23644843_23652042_w24,chainlink,1761305327,111157.860256765723682425
wbtc_usdc_500_month_23644843_23652042_w24,chainlink,1761308951,110975.257553771660430541
wbtc_usdc_500_month_23644843_23652042_w24,chainlink,1761309059,111791.453441406370053988
wbtc_usdc_500_month_23644843_23652042_w24,chainlink,1761311747,111226.018730908813892831
wbtc_usdc_500_month_23644843_23652042_w24,chainlink,1761313751,110555.685388364335337812
wbtc_usdc_500_month_23644843_23652042_w24,chainlink,1761313943,110467.554431042411503022
wbtc_usdc_500_month_23644843_23652042_w24,chainlink,1761316007,109877.990241626741452764
wbtc_usdc_500_month_23644843_23652042_w24,chainlink,1761318779,110491.807446419813375396
wbtc_usdc_500_month_23644843_23652042_w24,chainlink,1761321755,109918.386152950396322774
wbtc_usdc_500_month_23644843_23652042_w24,chainlink,1761325367,110403.496877806817721647
wbtc_usdc_500_month_23644843_23652042_w24,chainlink,1761329003,110301.873831973529268894
wbtc_usdc_500_month_23644843_23652042_w24,chainlink,1761332639,110696.035863138864054967
wbtc_usdc_500_month_23644843_23652042_w24,chainlink,1761336275,110602.651227627130881182
wbtc_usdc_500_month_23644843_23652042_w24,chainlink,1761339899,110598.678029124554901898
wbtc_usdc_500_month_23644843_23652042_w24,chainlink,1761339899,110875.493574386911546849
wbtc_usdc_500_month_23644843_23652042_w24,chainlink,1761343511,110971.863401793352550298
wbtc_usdc_500_month_23644843_23652042_w24,chainlink,1761347147,110965.513118124773411217
wbtc_usdc_500_month_23644843_23652042_w24,chainlink,1761350771,111011.004482906333748966
wbtc_usdc_500_month_23644843_23652042_w24,chainlink,1761354383,110861.850943021872563753
wbtc_usdc_500_month_23644843_23652042_w24,chainlink,1761358019,111071.71985075200498476
wbtc_usdc_500_month_23644843_23652042_w24,chainlink,1761361655,111120.584170846544543003
wbtc_usdc_500_month_23644843_23652042_w24,chainlink,1761365291,111161.872286128816648679
wbtc_usdc_500_month_23652043_23659242_w25,chainlink,1761365291,111161.872286128816648679
wbtc_usdc_500_month_23652043_23659242_w25,chainlink,1761368915,111249.495567903158318226
wbtc_usdc_500_month_23652043_23659242_w25,chainlink,1761372551,111369.516178925378792739
wbtc_usdc_500_month_23652043_23659242_w25,chainlink,1761376175,111470.975148912915390849
wbtc_usdc_500_month_23652043_23659242_w25,chainlink,1761379787,111579.058577098801305023
wbtc_usdc_500_month_23652043_23659242_w25,chainlink,1761383411,111856.599241938979825206
wbtc_usdc_500_month_23652043_23659242_w25,chainlink,1761387035,111504.118079079371407226
wbtc_usdc_500_month_23652043_23659242_w25,chainlink,1761390647,111590.518919607682515211
wbtc_usdc_500_month_23652043_23659242_w25,chainlink,1761394283,111659.082543867703343652
wbtc_usdc_500_month_23652043_23659242_w25,chainlink,1761397895,111808.885023524929839047
wbtc_usdc_500_month_23652043_23659242_w25,chainlink,1761401507,111737.491739024647169056
wbtc_usdc_500_month_23652043_23659242_w25,chainlink,1761405119,111461.048150667000469511
wbtc_usdc_500_month_23652043_23659242_w25,chainlink,1761408743,111263.518822699114828742
wbtc_usdc_500_month_23652043_23659242_w25,chainlink,1761412355,111470.391635324479037191
wbtc_usdc_500_month_23652043_23659242_w25,chainlink,1761415979,111446.977149039746603997
wbtc_usdc_500_month_23652043_23659242_w25,chainlink,1761419591,111643.10036650340256582
wbtc_usdc_500_month_23652043_23659242_w25,chainlink,1761422699,111648.391851613449106388
wbtc_usdc_500_month_23652043_23659242_w25,chainlink,1761423191,111657.943148679590688415
wbtc_usdc_500_month_23652043_23659242_w25,chainlink,1761426803,111476.813846390339808145
wbtc_usdc_500_month_23652043_23659242_w25,chainlink,1761430415,111454.898480213613008646
wbtc_usdc_500_month_23652043_23659242_w25,chainlink,1761434027,111656.116904025566671954
wbtc_usdc_500_month_23652043_23659242_w25,chainlink,1761437663,111623.778509121538704956
wbtc_usdc_500_month_23652043_23659242_w25,chainlink,1761441287,111838.317643535992187739
wbtc_usdc_500_month_23652043_23659242_w25,chainlink,1761444923,111594.128283120847811132
wbtc_usdc_500_month_23652043_23659242_w25,chainlink,1761448535,111489.140225242587943442
wbtc_usdc_500_month_23652043_23659242_w25,chainlink,1761452171,111381.762724347966453844
wbtc_usdc_500_month_23659243_23666442_w26,chainlink,1761452171,111381.762724347966453844
wbtc_usdc_500_month_23659243_23666442_w26,chainlink,1761455795,111510.606182109530474238
wbtc_usdc_500_month_23659243_23666442_w26,chainlink,1761459407,111577.012158251090498089
wbtc_usdc_500_month_23659243_23666442_w26,chainlink,1761463019,111726.762494346732286244
wbtc_usdc_500_month_23659243_23666442_w26,chainlink,1761466691,111820.275193371259817083
wbtc_usdc_500_month_23659243_23666442_w26,chainlink,1761470315,111789.451007446811276971
wbtc_usdc_500_month_23659243_23666442_w26,chainlink,1761470771,112366.789410001878255067
wbtc_usdc_500_month_23659243_23666442_w26,chainlink,1761474455,112382.341537360773593053
wbtc_usdc_500_month_23659243_23666442_w26,chainlink,1761478067,112729.809300993074859565
wbtc_usdc_500_month_23659243_23666442_w26,chainlink,1761479063,113311.253845812261305085
wbtc_usdc_500_month_23659243_23666442_w26,chainlink,1761482699,113531.097523043629324862
wbtc_usdc_500_month_23659243_23666442_w26,chainlink,1761486323,113862.167322322371378033
wbtc_usdc_500_month_23659243_23666442_w26,chainlink,1761489947,113859.105088080961394557
wbtc_usdc_500_month_23659243_23666442_w26,chainlink,1761493583,113511.044799883824223329
wbtc_usdc_500_month_23659243_23666442_w26,chainlink,1761497243,113681.267916183017653797
wbtc_usdc_500_month_23659243_23666442_w26,chainlink,1761500855,113606.48991399031988544
wbtc_usdc_500_month_23659243_23666442_w26,chainlink,1761504491,113700.662069579048834831
wbtc_usdc_500_month_23659243_23666442_w26,chainlink,1761505511,113699.910411096009493466
wbtc_usdc_500_month_23659243_23666442_w26,chainlink,1761508115,113616.199736173916308247
wbtc_usdc_500_month_23659243_23666442_w26,chainlink,1761511727,113464.798517320452629275
wbtc_usdc_500_month_23659243_23666442_w26,chainlink,1761515423,113582.973784383204466184
wbtc_usdc_500_month_23659243_23666442_w26,chainlink,1761516263,114694.097330434118783805
wbtc_usdc_500_month_23659243_23666442_w26,chainlink,1761516299,115287.483990056675421897
wbtc_usdc_500_month_23659243_23666442_w26,chainlink,1761516347,114701.03822712856273902
wbtc_usdc_500_month_23659243_23666442_w26,chainlink,1761519959,114744.140705947801396462
wbtc_usdc_500_month_23659243_23666442_w26,chainlink,1761523595,114740.903377307314331938
wbtc_usdc_500_month_23659243_23666442_w26,chainlink,1761527279,114841.955751643554830848
wbtc_usdc_500_month_23659243_23666442_w26,chainlink,1761530843,115455.019248766748176196
wbtc_usdc_500_month_23659243_23666442_w26,chainlink,1761532331,114863.029154736500408487
wbtc_usdc_500_month_23659243_23666442_w26,chainlink,1761535955,114999.436777237251280492
wbtc_usdc_500_month_23659243_23666442_w26,chainlink,1761539567,115212.830113522365954457
wbtc_usdc_500_month_23666443_23673642_w27,chainlink,1761539567,115212.830113522365954457
wbtc_usdc_500_month_23666443_23673642_w27,chainlink,1761543191,115487.929885661928664564
wbtc_usdc_500_month_23666443_23673642_w27,chainlink,1761546803,115625.69768388378094566
wbtc_usdc_500_month_23666443_23673642_w27,chainlink,1761548843,116319.86373891643061367
wbtc_usdc_500_month_23666443_23673642_w27,chainlink,1761550823,115702.34758628467211679
wbtc_usdc_500_month_23666443_23673642_w27,chainlink,1761554459,115309.886884286580983397
wbtc_usdc_500_month_23666443_23673642_w27,chainlink,1761558095,115302.886575746720718849
wbtc_usdc_500_month_23666443_23673642_w27,chainlink,1761561719,115492.410464507909776864
wbtc_usdc_500_month_23666443_23673642_w27,chainlink,1761565331,115519.931899692121225141
wbtc_usdc_500_month_23666443_23673642_w27,chainlink,1761568955,115080.947307582666604698
wbtc_usdc_500_month_23666443_23673642_w27,chainlink,1761572567,114660.002925777981257398
wbtc_usdc_500_month_23666443_23673642_w27,chainlink,1761573179,115337.791462799079013017
wbtc_usdc_500_month_23666443_23673642_w27,chainlink,1761574067,114749.75414523802330023
wbtc_usdc_500_month_23666443_23673642_w27,chainlink,1761577679,114852.747826491704463299
wbtc_usdc_500_month_23666443_23673642_w27,chainlink,1761581303,115237.931278611883869277
wbtc_usdc_500_month_23666443_23673642_w27,chainlink,1761584939,115602.544692748856224735
wbtc_usdc_500_month_23666443_23673642_w27,chainlink,1761588335,115602.407108109838059271
wbtc_usdc_500_month_23666443_23673642_w27,chainlink,1761588575,115758.03702873967867887
wbtc_usdc_500_month_23666443_23673642_w27,chainlink,1761591755,115148.729037316776547398
wbtc_usdc_500_month_23666443_23673642_w27,chainlink,1761595367,114805.701426542597452473
wbtc_usdc_500_month_23666443_23673642_w27,chainlink,1761598991,114469.009296239918709594
wbtc_usdc_500_month_23666443_23673642_w27,chainlink,1761602615,114299.51502761353453242
wbtc_usdc_500_month_23666443_23673642_w27,chainlink,1761606251,114082.402547526083338667
wbtc_usdc_500_month_23666443_23673642_w27,chainlink,1761609875,114026.171429703001984253
wbtc_usdc_500_month_23666443_23673642_w27,chainlink,1761613499,114116.316888561735902195
wbtc_usdc_500_month_23666443_23673642_w27,chainlink,1761617111,114463.570183543493567176
wbtc_usdc_500_month_23666443_23673642_w27,chainlink,1761619835,113827.485199105485502144
wbtc_usdc_500_month_23666443_23673642_w27,chainlink,1761623459,113801.690247131632849004
wbtc_usdc_500_month_23673643_23680842_w28,chainlink,1761623459,113801.690247131632849004
wbtc_usdc_500_month_23673643_23680842_w28,chainlink,1761627083,114030.815944440888433719
wbtc_usdc_500_month_23673643_23680842_w28,chainlink,1761630707,113637.545605837547206042
wbtc_usdc_500_month_23673643_23680842_w28,chainlink,1761634331,114140.660004480573513409
wbtc_usdc_500_month_23673643_23680842_w28,chainlink,1761637943,114226.541095200185623759
wbtc_usdc_500_month_23673643_23680842_w28,chainlink,1761641567,114441.318488766562119951
wbtc_usdc_500_month_23673643_23680842_w28,chainlink,1761645179,114503.069517348220572233
wbtc_usdc_500_month_23673643_23680842_w28,chainlink,1761648803,114572.181790269154451769
wbtc_usdc_500_month_23673643_23680842_w28,chainlink,1761652415,114439.426365974844780131
wbtc_usdc_500_month_23673643_23680842_w28,chainlink,1761656039,114446.639169813736158228
wbtc_usdc_500_month_23673643_23680842_w28,chainlink,1761657719,115055.032159276387377584
wbtc_usdc_500_month_23673643_23680842_w28,chainlink,1761660815,115685.877792357421749983
wbtc_usdc_500_month_23673643_23680842_w28,chainlink,1761662495,115098.158523821049094284
wbtc_usdc_500_month_23673643_23680842_w28,chainlink,1761662735,114467.071785188504128528
wbtc_usdc_500_month_23673643_23680842_w28,chainlink,1761663371,115099.552742741070857069
wbtc_usdc_500_month_23673643_23680842_w28,chainlink,1761666995,114645.573744729325353645
wbtc_usdc_500_month_23673643_23680842_w28,chainlink,1761669119,115298.693998821849196697
wbtc_usdc_500_month_23673643_23680842_w28,chainlink,1761671159,115299.588838170670050166
wbtc_usdc_500_month_23673643_23680842_w28,chainlink,1761672743,115271.439250592660459583
wbtc_usdc_500_month_23673643_23680842_w28,chainlink,1761676367,115012.622196939456500614
wbtc_usdc_500_month_23673643_23680842_w28,chainlink,1761679079,114383.281298269053006636
wbtc_usdc_500_month_23673643_23680842_w28,chainlink,1761679739,113801.574630831881736264
wbtc_usdc_500_month_23673643_23680842_w28,chainlink,1761681935,113190.536747268809213538
wbtc_usdc_500_month_23673643_23680842_w28,chainlink,1761682811,112606.667481177244622729
wbtc_usdc_500_month_23673643_23680842_w28,chainlink,1761686435,112637.667114497464175736
wbtc_usdc_500_month_23673643_23680842_w28,chainlink,1761688019,113218.965884998547402795
wbtc_usdc_500_month_23673643_23680842_w28,chainlink,1761691655,113251.274993093062314139
wbtc_usdc_500_month_23673643_23680842_w28,chainlink,1761695291,113066.849955549965463311
wbtc_usdc_500_month_23673643_23680842_w28,chainlink,1761698915,112497.732692190291754008
wbtc_usdc_500_month_23673643_23680842_w28,chainlink,1761702551,112559.546544818924617206
wbtc_usdc_500_month_23673643_23680842_w28,chainlink,1761706175,112702.790530842467173343
wbtc_usdc_500_month_23673643_23680842_w28,chainlink,1761709787,112555.370379192679198127
wbtc_usdc_500_month_23673643_23680842_w28,chainlink,1761713411,112831.07794714210401204
wbtc_usdc_500_month_23680843_23688042_w29,chainlink,1761713411,112831.07794714210401204
wbtc_usdc_500_month_23680843_23688042_w29,chainlink,1761717023,113109.05568539984988362
wbtc_usdc_500_month_23680843_23688042_w29,chainlink,1761720647,113182.105602656616662278
wbtc_usdc_500_month_23680843_23688042_w29,chainlink,1761724283,113381.412660582800721025
wbtc_usdc_500_month_23680843_23688042_w29,chainlink,1761727907,113116.471191989024429956
wbtc_usdc_500_month_23680843_23688042_w29,chainlink,1761731519,113049.029580945909216635
wbtc_usdc_500_month_23680843_23688042_w29,chainlink,1761735143,112798.362620499358992976
wbtc_usdc_500_month_23680843_23688042_w29,chainlink,1761738839,113144.642681130390261781
wbtc_usdc_500_month_23680843_23688042_w29,chainlink,1761742463,113240.266053449416292755
wbtc_usdc_500_month_23680843_23688042_w29,chainlink,1761746075,112806.334587983664662314
wbtc_usdc_500_month_23680843_23688042_w29,chainlink,1761749699,112480.950916896477865835
wbtc_usdc_500_month_23680843_23688042_w29,chainlink,1761751955,111914.783551014885780893
wbtc_usdc_500_month_23680843_23688042_w29,chainlink,1761753935,111347.156489965077658942
wbtc_usdc_500_month_23680843_23688042_w29,chainlink,1761753983,111354.310862172434486897
wbtc_usdc_500_month_23680843_23688042_w29,chainlink,1761757559,111283.878518263652730546
wbtc_usdc_500_month_23680843_23688042_w29,chainlink,1761760187,111882.722184606921384276
wbtc_usdc_500_month_23680843_23688042_w29,chainlink,1761761723,111252.35047009401880376
wbtc_usdc_500_month_23680843_23688042_w29,chainlink,1761763043,110417.743548709741948389
wbtc_usdc_500_month_23680843_23688042_w29,chainlink,1761763187,109702.495309121824364872
wbtc_usdc_500_month_23680843_23688042_w29,chainlink,1761763667,110272.514502900580116023
wbtc_usdc_500_month_23680843_23688042_w29,chainlink,1761763943,110869.623924784956991398
wbtc_usdc_500_month_23680843_23688042_w29,chainlink,1761765179,111463.132626525305061012
wbtc_usdc_500_month_23680843_23688042_w29,chainlink,1761766319,110887.217443488697739547
wbtc_usdc_500_month_23680843_23688042_w29,chainlink,1761766859,110319.139564912982596519
wbtc_usdc_500_month_23680843_23688042_w29,chainlink,1761768119,110881.430806161232246449
wbtc_usdc_500_month_23680843_23688042_w29,chainlink,1761771083,111533.476695339067813562
wbtc_usdc_500_month_23680843_23688042_w29,chainlink,1761774719,111667.493498699739947989
wbtc_usdc_500_month_23680843_23688042_w29,chainlink,1761778367,111163.765586117223444688
wbtc_usdc_500_month_23680843_23688042_w29,chainlink,1761780275,110553.218476695339067813
wbtc_usdc_500_month_23680843_23688042_w29,chainlink,1761781259,109980.606121224244848969
wbtc_usdc_500_month_23680843_23688042_w29,chainlink,1761784895,110484.966993398679735947
wbtc_usdc_500_month_23680843_23688042_w29,chainlink,1761788519,110579.604095819163832766
wbtc_usdc_500_month_23680843_23688042_w29,chainlink,1761792131,110996.149229845969193838
wbtc_usdc_500_month_23680843_23688042_w29,chainlink,1761795755,110776.755351070214042808
wbtc_usdc_500_month_23680843_23688042_w29,chainlink,1761797507,110222.04440760152030406
wbtc_usdc_500_month_23680843_23688042_w29,chainlink,1761798275,109640.068266623324664932
wbtc_usdc_500_month_23680843_23688042_w29,chainlink,1761798467,109012.348359561912382476
wbtc_usdc_500_month_23680843_23688042_w29,chainlink,1761798515,108390.866777355471094218
wbtc_usdc_500_month_23680843_23688042_w29,chainlink,1761799031,109196.780058151630326065
wbtc_usdc_500_month_23680843_23688042_w29,chainlink,1761800375,108640.068013602720544108
wbtc_usdc_500_month_23688043_23695242_w30,chainlink,1761800375,108640.068013602720544108
wbtc_usdc_500_month_23688043_23695242_w30,chainlink,1761802355,109247.419483896779355871
wbtc_usdc_500_month_23688043_23695242_w30,chainlink,1761803015,109843.01099885977195439
wbtc_usdc_500_month_23688043_23695242_w30,chainlink,1761803711,110446.679335867173434686
wbtc_usdc_500_month_23688043_23695242_w30,chainlink,1761807347,110872.853857451490298059
wbtc_usdc_500_month_23688043_23695242_w30,chainlink,1761808631,111501.45029005801160232
wbtc_usdc_500_month_23688043_23695242_w30,chainlink,1761811991,110912.482496499299859971
wbtc_usdc_500_month_23688043_23695242_w30,chainlink,1761815627,110441.53701636327265453
wbtc_usdc_500_month_23688043_23695242_w30,chainlink,1761819263,110018.222107701540308061
wbtc_usdc_500_month_23688043_23695242_w30,chainlink,1761822887,110054.020623494698939787
wbtc_usdc_500_month_23688043_23695242_w30,chainlink,1761826127,109478.937238907781556311
wbtc_usdc_500_month_23688043_23695242_w30,chainlink,1761827207,108790.407397399479895979
wbtc_usdc_500_month_23688043_23695242_w30,chainlink,1761830819,108321.664332866573314662
wbtc_usdc_500_month_23688043_23695242_w30,chainlink,1761831599,107732.726545309061812362
wbtc_usdc_500_month_23688043_23695242_w30,chainlink,1761835235,108127.405481096219243848
wbtc_usdc_500_month_23688043_23695242_w30,chainlink,1761836879,108121.972346578623614672
wbtc_usdc_500_month_23688043_23695242_w30,chainlink,1761838679,107562.486348205507256766
wbtc_usdc_500_month_23688043_23695242_w30,chainlink,1761840719,108141.6123477451983209
wbtc_usdc_500_month_23688043_23695242_w30,chainlink,1761844331,107664.901782430936857103
wbtc_usdc_500_month_23688043_23695242_w30,chainlink,1761844955,107032.699217024741625305
wbtc_usdc_500_month_23688043_23695242_w30,chainlink,1761846527,107606.825374128029413684
wbtc_usdc_500_month_23688043_23695242_w30,chainlink,1761849551,106989.512749429354540135
wbtc_usdc_500_month_23688043_23695242_w30,chainlink,1761850175,107034.791858298698813134
wbtc_usdc_500_month_23688043_23695242_w30,chainlink,1761853235,106433.939546786526750246
wbtc_usdc_500_month_23688043_23695242_w30,chainlink,1761854003,106968.089541089673589516
wbtc_usdc_500_month_23688043_23695242_w30,chainlink,1761854387,106379.93145853523023608
wbtc_usdc_500_month_23688043_23695242_w30,chainlink,1761855035,106952.407573528211584966
wbtc_usdc_500_month_23688043_23695242_w30,chainlink,1761857591,107487.467323106308400746
wbtc_usdc_500_month_23688043_23695242_w30,chainlink,1761861227,107881.366313419097644063
wbtc_usdc_500_month_23688043_23695242_w30,chainlink,1761864851,107760.228171771004425622
wbtc_usdc_500_month_23688043_23695242_w30,chainlink,1761868487,108211.215711664978947247
wbtc_usdc_500_month_23688043_23695242_w30,chainlink,1761871547,108836.409340662857669564
wbtc_usdc_500_month_23688043_23695242_w30,chainlink,1761872087,109397.583382087301394256
wbtc_usdc_500_month_23688043_23695242_w30,chainlink,1761873047,110005.934488749035055489
wbtc_usdc_500_month_23688043_23695242_w30,chainlink,1761876407,109414.116218044814391403
wbtc_usdc_500_month_23688043_23695242_w30,chainlink,1761878483,108850.374198880024272435
wbtc_usdc_500_month_23688043_23695242_w30,chainlink,1761882107,108864.595407618244908357
wbtc_usdc_500_month_23688043_23695242_w30,chainlink,1761883823,109471.018031380379525637
wbtc_usdc_500_month_23688043_23695242_w30,chainlink,1761885647,110107.360256351991274213
wbtc_usdc_500_month_23695243_23700766_w31,chainlink,1761885647,110107.360256351991274213
wbtc_usdc_500_month_23695243_23700766_w31,chainlink,1761889259,109890.269473476347817849
wbtc_usdc_500_month_23695243_23700766_w31,chainlink,1761892883,109594.832755653486666163
wbtc_usdc_500_month_23695243_23700766_w31,chainlink,1761896495,109554.977127374595619439
wbtc_usdc_500_month_23695243_23700766_w31,chainlink,1761900119,109706.399630408649999423
wbtc_usdc_500_month_23695243_23700766_w31,chainlink,1761901379,110326.332471550939468694
wbtc_usdc_500_month_23695243_23700766_w31,chainlink,1761905015,109936.179565911790949812
wbtc_usdc_500_month_23695243_23700766_w31,chainlink,1761908639,109723.617398941665503825
wbtc_usdc_500_month_23695243_23700766_w31,chainlink,1761911615,110281.805803237092787015
wbtc_usdc_500_month_23695243_23700766_w31,chainlink,1761914579,109661.422894692709180126
wbtc_usdc_500_month_23695243_23700766_w31,chainlink,1761918191,109584.512359961027763517
wbtc_usdc_500_month_23695243_23700766_w31,chainlink,1761918995,110143.825139252854507491
wbtc_usdc_500_month_23695243_23700766_w31,chainlink,1761919679,110148.207491247891125283
wbtc_usdc_500_month_23695243_23700766_w31,chainlink,1761921095,109554.124888831429109073
wbtc_usdc_500_month_23695243_23700766_w31,chainlink,1761922367,110117.581686432846481722
wbtc_usdc_500_month_23695243_23700766_w31,chainlink,1761922571,110724.206666131498564237
wbtc_usdc_500_month_23695243_23700766_w31,chainlink,1761926171,110114.231051353473537374
wbtc_usdc_500_month_23695243_23700766_w31,chainlink,1761929207,109534.181108687340598537
wbtc_usdc_500_month_23695243_23700766_w31,chainlink,1761929495,108949.264823514648966565
wbtc_usdc_500_month_23695243_23700766_w31,chainlink,1761933107,109301.306161069769164047
wbtc_usdc_500_month_23695243_23700766_w31,chainlink,1761936743,109319.134729146562439444
wbtc_usdc_500_month_23695243_23700766_w31,chainlink,1761939239,109900.34557550038034209
wbtc_usdc_500_month_23695243_23700766_w31,chainlink,1761942875,109521.814242671555966717
wbtc_usdc_500_month_23695243_23700766_w31,chainlink,1761946511,109444.613391022134335341
wbtc_usdc_500_month_23695243_23700766_w31,chainlink,1761950135,109660.835114687637894886
wbtc_usdc_500_month_23695243_23700766_w31,chainlink,1761953771,109547.703671753944242591
weth_usdc_3000_month_23479243_23486442_w01,chainlink,1759276559,0.000241146568690735
weth_usdc_3000_month_23479243_23486442_w01,chainlink,1759280195,0.000241146267086687
weth_usdc_3000_month_23479243_23486442_w01,chainlink,1759283135,0.000239901865167542
weth_usdc_3000_month_23479243_23486442_w01,chainlink,1759286759,0.000240546387800236
weth_usdc_3000_month_23479243_23486442_w01,chainlink,1759290395,0.000241708763627959
weth_usdc_3000_month_23479243_23486442_w01,chainlink,1759293179,0.000240501848924688
weth_usdc_3000_month_23479243_23486442_w01,chainlink,1759296791,0.00024104692186338
weth_usdc_3000_month_23479243_23486442_w01,chainlink,1759300415,0.000241591621931333
weth_usdc_3000_month_23479243_23486442_w01,chainlink,1759302047,0.000241588180423289
weth_usdc_3000_month_23479243_23486442_w01,chainlink,1759304051,0.000241534929937738
weth_usdc_3000_month_23479243_23486442_w01,chainlink,1759305635,0.000241060906960344
weth_usdc_3000_month_23479243_23486442_w01,chainlink,1759305647,0.000241076634858836
weth_usdc_3000_month_23479243_23486442_w01,chainlink,1759307495,0.000239777419770488
weth_usdc_3000_month_23479243_23486442_w01,chainlink,1759307531,0.000238484698843467
weth_usdc_3000_month_23479243_23486442_w01,chainlink,1759307807,0.000237180322501494
weth_usdc_3000_month_23479243_23486442_w01,chainlink,1759308131,0.00023594253488018
weth_usdc_3000_month_23479243_23486442_w01,chainlink,1759308323,0.000234160496574339
weth_usdc_3000_month_23479243_23486442_w01,chainlink,1759308551,0.000232946144011256
weth_usdc_3000_month_23479243_23486442_w01,chainlink,1759308659,0.000231531946665718
weth_usdc_3000_month_23479243_23486442_w01,chainlink,1759308815,0.00023303095485773
weth_usdc_3000_month_23479243_23486442_w01,chainlink,1759312427,0.000232032317140498
weth_usdc_3000_month_23479243_23486442_w01,chainlink,1759314791,0.000233246044237456
weth_usdc_3000_month_23479243_23486442_w01,chainlink,1759318415,0.00023233373250161
weth_usdc_3000_month_23479243_23486442_w01,chainlink,1759322039,0.000232379093497539
weth_usdc_3000_month_23479243_23486442_w01,chainlink,1759325651,0.000232878620930638
weth_usdc_3000_month_23479243_23486442_w01,chainlink,1759327535,0.000231591924199601
weth_usdc_3000_month_23479243_23486442_w01,chainlink,1759329611,0.00023035439502833
weth_usdc_3000_month_23479243_23486442_w01,chainlink,1759331591,0.000231521662100414
weth_usdc_3000_month_23479243_23486442_w01,chainlink,1759332515,0.000230285898008008
weth_usdc_3000_month_23479243_23486442_w01,chainlink,1759336151,0.000230615608435263
weth_usdc_3000_month_23479243_23486442_w01,chainlink,1759339787,0.000231400433547212
weth_usdc_3000_month_23479243_23486442_w01,chainlink,1759341131,0.000232722680503883
weth_usdc_3000_month_23479243_23486442_w01,chainlink,1759343951,0.000231522317529735
weth_usdc_3000_month_23479243_23486442_w01,chainlink,1759347587,0.000231012866788987
weth_usdc_3000_month_23479243_23486442_w01,chainlink,1759351211,0.000230901565078806
weth_usdc_3000_month_23479243_23486442_w01,chainlink,1759354667,0.000232114873167528
weth_usdc_3000_month_23479243_23486442_w01,chainlink,1759356527,0.000230888050492644
weth_usdc_3000_month_23479243_23486442_w01,chainlink,1759360163,0.000231489495219415
weth_usdc_3000_month_23479243_23486442_w01,chainlink,1759362227,0.000230254775989951
weth_usdc_3000_month_23479243_23486442_w01,chainlink,1759363367,0.000228933252113137
weth_usdc_3000_month_23486443_23493642_w02,chainlink,1759388471,0.000226280474960018
weth_usdc_3000_month_23486443_23493642_w02,chainlink,1759389707,0.000227488112900142
weth_usdc_3000_month_23486443_23493642_w02,chainlink,1759392023,0.000228336990771079
weth_usdc_3000_month_23486443_23493642_w02,chainlink,1759392047,0.000228334281983203
weth_usdc_3000_month_23486443_23493642_w02,chainlink,1759395647,0.000227843602317847
weth_usdc_3000_month_23486443_23493642_w02,chainlink,1759399259,0.000227508710285988
weth_usdc_3000_month_23486443_23493642_w02,chainlink,1759402883,0.000228046191748804
weth_usdc_3000_month_23486443_23493642_w02,chainlink,1759406519,0.000228003144561104
weth_usdc_3000_month_23486443_23493642_w02,chainlink,1759409939,0.000226819644089103
weth_usdc_3000_month_23486443_23493642_w02,chainlink,1759411151,0.000228125041359012
weth_usdc_3000_month_23486443_23493642_w02,chainlink,1759412315,0.00022688251293936
weth_usdc_3000_month_23486443_23493642_w02,chainlink,1759415939,0.000226897348430687
weth_usdc_3000_month_23486443_23493642_w02,chainlink,1759416515,0.000228061447492688
weth_usdc_3000_month_23486443_23493642_w02,chainlink,1759417439,0.000229275405527512
weth_usdc_3000_month_23486443_23493642_w02,chainlink,1759417859,0.000227903397148601
weth_usdc_3000_month_23486443_23493642_w02,chainlink,1759418615,0.000226493741714193
weth_usdc_3000_month_23486443_23493642_w02,chainlink,1759420511,0.000225302339593529
weth_usdc_3000_month_23486443_23493642_w02,chainlink,1759421495,0.000224105574749531
weth_usdc_3000_month_23486443_23493642_w02,chainlink,1759423079,0.000225301684572061
weth_usdc_3000_month_23486443_23493642_w02,chainlink,1759425275,0.000224042269584171
weth_usdc_3000_month_23486443_23493642_w02,chainlink,1759428911,0.000223227835874152
weth_usdc_3000_month_23486443_23493642_w02,chainlink,1759432091,0.000222074220780161
weth_usdc_3000_month_23486443_23493642_w02,chainlink,1759435727,0.000222489195446772
weth_usdc_3000_month_23486443_23493642_w02,chainlink,1759439351,0.00022229978819324
weth_usdc_3000_month_23486443_23493642_w02,chainlink,1759442207,0.000223465696422593
weth_usdc_3000_month_23486443_23493642_w02,chainlink,1759445843,0.00022385409657195
weth_usdc_3000_month_23486443_23493642_w02,chainlink,1759449467,0.000222830106741899
weth_usdc_3000_month_23493643_23500842_w03,chainlink,1759474883,0.000223412224692985
weth_usdc_3000_month_23493643_23500842_w03,chainlink,1759477703,0.000223968531784354
weth_usdc_3000_month_23493643_23500842_w03,chainlink,1759478447,0.000223934778553392
weth_usdc_3000_month_23493643_23500842_w03,chainlink,1759478459,0.000223932280854297
weth_usdc_3000_month_23493643_23500842_w03,chainlink,1759479383,0.000225103594741107
weth_usdc_3000_month_23493643_23500842_w03,chainlink,1759481843,0.000223974821765626
weth_usdc_3000_month_23493643_23500842_w03,chainlink,1759485479,0.000223192230277755
weth_usdc_3000_month_23493643_23500842_w03,chainlink,1759489103,0.000222498455912833
weth_usdc_3000_month_23493643_23500842_w03,chainlink,1759492739,0.000223062638473308
weth_usdc_3000_month_23493643_23500842_w03,chainlink,1759496375,0.000222838065559876
weth_usdc_3000_month_23493643_23500842_w03,chainlink,1759496939,0.000224004573587024
weth_usdc_3000_month_23493643_23500842_w03,chainlink,1759497719,0.000222779415271404
weth_usdc_3000_month_23493643_23500842_w03,chainlink,1759500059,0.00022390307879599
weth_usdc_3000_month_23493643_23500842_w03,chainlink,1759501319,0.00022512690691421
weth_usdc_3000_month_23493643_23500842_w03,chainlink,1759501439,0.000223977867897472
weth_usdc_3000_month_23493643_23500842_w03,chainlink,1759502879,0.000222751119707294
weth_usdc_3000_month_23493643_23500842_w03,chainlink,1759504259,0.000224012071497213
weth_usdc_3000_month_23493643_23500842_w03,chainlink,1759504727,0.000222853707952542
weth_usdc_3000_month_23493643_23500842_w03,chainlink,1759506419,0.000221492627664793
weth_usdc_3000_month_23493643_23500842_w03,chainlink,1759507175,0.000220388991772269
weth_usdc_3000_month_23493643_23500842_w03,chainlink,1759509275,0.000219225290141318
weth_usdc_3000_month_23493643_23500842_w03,chainlink,1759509431,0.000217925731663451
weth_usdc_3000_month_23493643_23500842_w03,chainlink,1759510115,0.000219039756169174
weth_usdc_3000_month_23493643_23500842_w03,chainlink,1759510691,0.000220220184020307
weth_usdc_3000_month_23493643_23500842_w03,chainlink,1759510895,0.000222206897961054
weth_usdc_3000_month_23493643_23500842_w03,chainlink,1759511471,0.000220965761231336
weth_usdc_3000_month_23493643_23500842_w03,chainlink,1759511975,0.000222161037402493
weth_usdc_3000_month_23493643_23500842_w03,chainlink,1759513931,0.000223402234539519
weth_usdc_3000_month_23493643_23500842_w03,chainlink,1759515767,0.000222205362920585
weth_usdc_3000_month_23493643_23500842_w03,chainlink,1759518743,0.000221082321169285
weth_usdc_3000_month_23493643_23500842_w03,chainlink,1759522283,0.000222285026376803
weth_usdc_3000_month_23493643_23500842_w03,chainlink,1759522847,0.000221093801843671
weth_usdc_3000_month_23493643_23500842_w03,chainlink,1759524323,0.000219915746912433
weth_usdc_3000_month_23493643_23500842_w03,chainlink,1759527719,0.000221068284789818
weth_usdc_3000_month_23493643_23500842_w03,chainlink,1759531343,0.000220524160663844
weth_usdc_3000_month_23493643_23500842_w03,chainlink,1759534979,0.000220918962915945
weth_usdc_3000_month_23500843_23508042_w04,chainlink,1759561271,0.000221370091748401
weth_usdc_3000_month_23500843_23508042_w04,chainlink,1759562327,0.000221894732254707
weth_usdc_3000_month_23500843_23508042_w04,chainlink,1759564835,0.0002220921009658
weth_usdc_3000_month_23500843_23508042_w04,chainlink,1759564847,0.000222091878789494
weth_usdc_3000_month_23500843_23508042_w04,chainlink,1759568447,0.000222579969984814
weth_usdc_3000_month_23500843_23508042_w04,chainlink,1759572083,0.000222569920633196
weth_usdc_3000_month_23500843_23508042_w04,chainlink,1759575695,0.000222660366060649
weth_usdc_3000_month_23500843_23508042_w04,chainlink,1759579319,0.00022286808791831
weth_usdc_3000_month_23500843_23508042_w04,chainlink,1759582931,0.000222872340721195
weth_usdc_3000_month_23500843_23508042_w04,chainlink,1759583351,0.000221612209563453
weth_usdc_3000_month_23500843_23508042_w04,chainlink,1759586975,0.000222105332679643
weth_usdc_3000_month_23500843_23508042_w04,chainlink,1759589807,0.000223226827058051
weth_usdc_3000_month_23500843_23508042_w04,chainlink,1759591751,0.00022434936180168
weth_usdc_3000_month_23500843_23508042_w04,chainlink,1759595363,0.000224551725249419
weth_usdc_3000_month_23500843_23508042_w04,chainlink,1759597463,0.000223377812228623
weth_usdc_3000_month_23500843_23508042_w04,chainlink,1759601147,0.00022370270246077
weth_usdc_3000_month_23500843_23508042_w04,chainlink,1759604759,0.000224150650620348
weth_usdc_3000_month_23500843_23508042_w04,chainlink,1759608383,0.000223370098630848
weth_usdc_3000_month_23500843_23508042_w04,chainlink,1759611995,0.000223001219370631
weth_usdc_3000_month_23500843_23508042_w04,chainlink,1759615595,0.000222682607891752
weth_usdc_3000_month_23500843_23508042_w04,chainlink,1759619207,0.000222661775155309
weth_usdc_3000_month_23500843_23508042_w04,chainlink,1759622843,0.000222738564369767
weth_usdc_3000_month_23508043_23515242_w05,chainlink,1759647659,0.00021915188619406
weth_usdc_3000_month_23508043_23515242_w05,chainlink,1759650383,0.000217972296958465
weth_usdc_3000_month_23508043_23515242_w05,chainlink,1759650983,0.00021686868524721
weth_usdc_3000_month_23508043_23515242_w05,chainlink,1759651223,0.000216986427388284
weth_usdc_3000_month_23508043_23515242_w05,chainlink,1759651223,0.000216979920377907
weth_usdc_3000_month_23508043_23515242_w05,chainlink,1759654847,0.000217890035086645
weth_usdc_3000_month_23508043_23515242_w05,chainlink,1759656671,0.000219306511409554
weth_usdc_3000_month_23508043_23515242_w05,chainlink,1759658699,0.000220740121763232
weth_usdc_3000_month_23508043_23515242_w05,chainlink,1759662323,0.000219805097490831
weth_usdc_3000_month_23508043_23515242_w05,chainlink,1759665935,0.000220149435461447
weth_usdc_3000_month_23508043_23515242_w05,chainlink,1759669619,0.000220344385289762
weth_usdc_3000_month_23508043_23515242_w05,chainlink,1759673231,0.000219859302117771
weth_usdc_3000_month_23508043_23515242_w05,chainlink,1759676843,0.000220504215100249
weth_usdc_3000_month_23508043_23515242_w05,chainlink,1759680455,0.000220457669876346
weth_usdc_3000_month_23508043_23515242_w05,chainlink,1759682975,0.000221659836853138
weth_usdc_3000_month_23508043_23515242_w05,chainlink,1759683659,0.00022043272288071
weth_usdc_3000_month_23508043_23515242_w05,chainlink,1759685675,0.000221639373193096
weth_usdc_3000_month_23508043_23515242_w05,chainlink,1759689311,0.000221156788062118
weth_usdc_3000_month_23508043_23515242_w05,chainlink,1759691495,0.000222305869054511
weth_usdc_3000_month_23508043_23515242_w05,chainlink,1759695107,0.000222139750062217
weth_usdc_3000_month_23508043_23515242_w05,chainlink,1759698719,0.000222297576177451
weth_usdc_3000_month_23508043_23515242_w05,chainlink,1759701779,0.000221184572786824
weth_usdc_3000_month_23508043_23515242_w05,chainlink,1759705391,0.000221297913977643
weth_usdc_3000_month_23508043_23515242_w05,chainlink,1759709027,0.000221539363677484
weth_usdc_3000_month_23508043_23515242_w05,chainlink,1759709819,0.000220180493390653
weth_usdc_3000_month_23508043_23515242_w05,chainlink,1759710407,0.000221411064067544
weth_usdc_3000_month_23515243_23522442_w06,chainlink,1759734035,0.000219024693263684
weth_usdc_3000_month_23515243_23522442_w06,chainlink,1759735775,0.000218870386599387
weth_usdc_3000_month_23515243_23522442_w06,chainlink,1759736519,0.000220113088298159
weth_usdc_3000_month_23515243_23522442_w06,chainlink,1759737635,0.000220135712558421
weth_usdc_3000_month_23515243_23522442_w06,chainlink,1759737635,0.000220420550552498
weth_usdc_3000_month_23515243_23522442_w06,chainlink,1759739519,0.00021905676401396
weth_usdc_3000_month_23515243_23522442_w06,chainlink,1759743155,0.000218875471974011
weth_usdc_3000_month_23515243_23522442_w06,chainlink,1759746767,0.000219014875408455
weth_usdc_3000_month_23515243_23522442_w06,chainlink,1759750187,0.000217880531628937
weth_usdc_3000_month_23515243_23522442_w06,chainlink,1759753787,0.00021791992058526
weth_usdc_3000_month_23515243_23522442_w06,chainlink,1759757399,0.000217668444643735
weth_usdc_3000_month_23515243_23522442_w06,chainlink,1759757939,0.000215915652164523
weth_usdc_3000_month_23515243_23522442_w06,chainlink,1759758263,0.000217088686369923
weth_usdc_3000_month_23515243_23522442_w06,chainlink,1759758839,0.000215940908252376
weth_usdc_3000_month_23515243_23522442_w06,chainlink,1759759619,0.000214717194696618
weth_usdc_3000_month_23515243_23522442_w06,chainlink,1759763243,0.000214626138590905
weth_usdc_3000_month_23515243_23522442_w06,chainlink,1759764059,0.000213370605133195
weth_usdc_3000_month_23515243_23522442_w06,chainlink,1759767683,0.000214008174636092
weth_usdc_3000_month_23515243_23522442_w06,chainlink,1759770935,0.000212783120174354
weth_usdc_3000_month_23515243_23522442_w06,chainlink,1759774559,0.000212635772433916
weth_usdc_3000_month_23515243_23522442_w06,chainlink,1759778195,0.000212304529109236
weth_usdc_3000_month_23515243_23522442_w06,chainlink,1759780739,0.000211237765162138
weth_usdc_3000_month_23515243_23522442_w06,chainlink,1759781831,0.000212363027455029
weth_usdc_3000_month_23515243_23522442_w06,chainlink,1759785455,0.000212996033081796
weth_usdc_3000_month_23515243_23522442_w06,chainlink,1759789091,0.000212681122454406
weth_usdc_3000_month_23515243_23522442_w06,chainlink,1759792715,0.00021307414692465
weth_usdc_3000_month_23515243_23522442_w06,chainlink,1759796327,0.00021357462227768
weth_usdc_3000_month_23522443_23529642_w07,chainlink,1759820447,0.000213958462727103
weth_usdc_3000_month_23522443_23529642_w07,chainlink,1759822907,0.0002140807964435
weth_usdc_3000_month_23522443_23529642_w07,chainlink,1759824035,0.000213597639640157
weth_usdc_3000_month_23522443_23529642_w07,chainlink,1759824047,0.000213604850680973
weth_usdc_3000_month_23522443_23529642_w07,chainlink,1759824587,0.000214680792718403
weth_usdc_3000_month_23522443_23529642_w07,chainlink,1759828211,0.000213715848312481
weth_usdc_3000_month_23522443_23529642_w07,chainlink,1759831847,0.000213316543207691
weth_usdc_3000_month_23522443_23529642_w07,chainlink,1759835483,0.000212868371211092
weth_usdc_3000_month_23522443_23529642_w07,chainlink,1759839107,0.000212359501419992
weth_usdc_3000_month_23522443_23529642_w07,chainlink,1759841795,0.000211239982504775
weth_usdc_3000_month_23522443_23529642_w07,chainlink,1759844579,0.000212991086132587
weth_usdc_3000_month_23522443_23529642_w07,chainlink,1759846259,0.000214538255693181
weth_usdc_3000_month_23522443_23529642_w07,chainlink,1759847423,0.000215727549662137
weth_usdc_3000_month_23522443_23529642_w07,chainlink,1759848695,0.000217008334682029
weth_usdc_3000_month_23522443_23529642_w07,chainlink,1759849583,0.000218151836116584
weth_usdc_3000_month_23522443_23529642_w07,chainlink,1759849691,0.000219663144549617
weth_usdc_3000_month_23522443_23529642_w07,chainlink,1759850243,0.000218472672878733
weth_usdc_3000_month_23522443_23529642_w07,chainlink,1759850939,0.000219586913165905
weth_usdc_3000_month_23522443_23529642_w07,chainlink,1759851503,0.000221137526938276
weth_usdc_3000_month_23522443_23529642_w07,chainlink,1759852283,0.000222271881055359
weth_usdc_3000_month_23522443_23529642_w07,chainlink,1759854203,0.000223974086171823
weth_usdc_3000_month_23522443_23529642_w07,chainlink,1759854419,0.000222841650756645
weth_usdc_3000_month_23522443_23529642_w07,chainlink,1759855055,0.000221609304568187
weth_usdc_3000_month_23522443_23529642_w07,chainlink,1759857215,0.000222760435900342
weth_usdc_3000_month_23522443_23529642_w07,chainlink,1759860839,0.000222953347999901
weth_usdc_3000_month_23522443_23529642_w07,chainlink,1759861775,0.000224113568233524
weth_usdc_3000_month_23522443_23529642_w07,chainlink,1759864055,0.000222887024820473
weth_usdc_3000_month_23522443_23529642_w07,chainlink,1759867691,0.000222050882882082
weth_usdc_3000_month_23522443_23529642_w07,chainlink,1759871315,0.000221568389826611
weth_usdc_3000_month_23522443_23529642_w07,chainlink,1759873775,0.000222692900038313
weth_usdc_3000_month_23522443_23529642_w07,chainlink,1759877411,0.000222061546255536
weth_usdc_3000_month_23522443_23529642_w07,chainlink,1759879367,0.000223254851474535
weth_usdc_3000_month_23522443_23529642_w07,chainlink,1759881011,0.000224480487051862
weth_usdc_3000_month_23522443_23529642_w07,chainlink,1759884407,0.000223325976989513
weth_usdc_3000_month_23529643_23536842_w08,chainlink,1759906859,0.000224607623427196
weth_usdc_3000_month_23529643_23536842_w08,chainlink,1759908059,0.000224677941457385
weth_usdc_3000_month_23529643_23536842_w08,chainlink,1759910423,0.000224697715602
weth_usdc_3000_month_23529643_23536842_w08,chainlink,1759910423,0.000223873613172926
weth_usdc_3000_month_23529643_23536842_w08,chainlink,1759912859,0.000222737148159598
weth_usdc_3000_month_23529643_23536842_w08,chainlink,1759916483,0.000222921860370977
weth_usdc_3000_month_23529643_23536842_w08,chainlink,1759920083,0.000222421889282498
weth_usdc_3000_month_23529643_23536842_w08,chainlink,1759923695,0.000222891951379931
weth_usdc_3000_month_23529643_23536842_w08,chainlink,1759927319,0.000222960706912866
weth_usdc_3000_month_23529643_23536842_w08,chainlink,1759930739,0.000224157302639002
weth_usdc_3000_month_23529643_23536842_w08,chainlink,1759932059,0.000222543243299808
weth_usdc_3000_month_23529643_23536842_w08,chainlink,1759932239,0.000221412434688938
weth_usdc_3000_month_23529643_23536842_w08,chainlink,1759932935,0.000222602453634956
weth_usdc_3000_month_23529643_23536842_w08,chainlink,1759934495,0.00022378044214703
weth_usdc_3000_month_23529643_23536842_w08,chainlink,1759935371,0.000224945422230221
weth_usdc_3000_month_23529643_23536842_w08,chainlink,1759936331,0.000223799608164222
weth_usdc_3000_month_23529643_23536842_w08,chainlink,1759936847,0.000224997234894255
weth_usdc_3000_month_23529643_23536842_w08,chainlink,1759940471,0.000224183847229084
weth_usdc_3000_month_23529643_23536842_w08,chainlink,1759942415,0.000222522998673517
weth_usdc_3000_month_23529643_23536842_w08,chainlink,1759943831,0.000221226293227585
weth_usdc_3000_month_23529643_23536842_w08,chainlink,1759944215,0.000220115106805007
weth_usdc_3000_month_23529643_23536842_w08,chainlink,1759947827,0.000220292769114578
weth_usdc_3000_month_23529643_23536842_w08,chainlink,1759949087,0.000221440123493702
weth_usdc_3000_month_23529643_23536842_w08,chainlink,1759952711,0.000221449197584008
weth_usdc_3000_month_23529643_23536842_w08,chainlink,1759956347,0.000221348940795692
weth_usdc_3000_month_23529643_23536842_w08,chainlink,1759959971,0.000221003416070631
weth_usdc_3000_month_23529643_23536842_w08,chainlink,1759963583,0.000220821719730925
weth_usdc_3000_month_23529643_23536842_w08,chainlink,1759967207,0.000220782327008648
weth_usdc_3000_month_23529643_23536842_w08,chainlink,1759970843,0.000221209599703454
weth_usdc_3000_month_23536843_23544042_w09,chainlink,1759993235,0.000225474520116647
weth_usdc_3000_month_23536843_23544042_w09,chainlink,1759994699,0.000225846355772727
weth_usdc_3000_month_23536843_23544042_w09,chainlink,1759996835,0.000225906575887883
weth_usdc_3000_month_23536843_23544042_w09,chainlink,1759996835,0.000225905714950705
weth_usdc_3000_month_23536843_23544042_w09,chainlink,1759997795,0.000227718576672979
weth_usdc_3000_month_23536843_23544042_w09,chainlink,1759998215,0.000228934899330437
weth_usdc_3000_month_23536843_23544042_w09,chainlink,1759998635,0.000230105405536728
weth_usdc_3000_month_23536843_23544042_w09,chainlink,1760002259,0.000229764823200156
weth_usdc_3000_month_23536843_23544042_w09,chainlink,1760005595,0.000231022106453491
weth_usdc_3000_month_23536843_23544042_w09,chainlink,1760006219,0.000229868646869846
weth_usdc_3000_month_23536843_23544042_w09,chainlink,1760009039,0.000228673832985653
weth_usdc_3000_month_23536843_23544042_w09,chainlink,1760012663,0.000227654330642265
weth_usdc_3000_month_23536843_23544042_w09,chainlink,1760016299,0.000227124882113351
weth_usdc_3000_month_23536843_23544042_w09,chainlink,1760016839,0.000228315053977084
weth_usdc_3000_month_23536843_23544042_w09,chainlink,1760018363,0.000229549213885852
weth_usdc_3000_month_23536843_23544042_w09,chainlink,1760020283,0.000230853610156654
weth_usdc_3000_month_23536843_23544042_w09,chainlink,1760022059,0.000229327429588611
weth_usdc_3000_month_23536843_23544042_w09,chainlink,1760023259,0.000230573161099244
weth_usdc_3000_month_23536843_23544042_w09,chainlink,1760023859,0.000231812321890253
weth_usdc_3000_month_23536843_23544042_w09,chainlink,1760027495,0.000232090012977395
weth_usdc_3000_month_23536843_23544042_w09,chainlink,1760029139,0.000233644114720481
weth_usdc_3000_month_23536843_23544042_w09,chainlink,1760029775,0.000232331039123603
weth_usdc_3000_month_23536843_23544042_w09,chainlink,1760032271,0.00023096827217442
weth_usdc_3000_month_23536843_23544042_w09,chainlink,1760035895,0.000232121251747453
weth_usdc_3000_month_23536843_23544042_w09,chainlink,1760037515,0.000230891561502594
weth_usdc_3000_month_23536843_23544042_w09,chainlink,1760041151,0.000230667254746504
weth_usdc_3000_month_23536843_23544042_w09,chainlink,1760044487,0.000229453764113718
weth_usdc_3000_month_23536843_23544042_w09,chainlink,1760048111,0.000229003982856206
weth_usdc_3000_month_23536843_23544042_w09,chainlink,1760051747,0.000228750700201945
weth_usdc_3000_month_23536843_23544042_w09,chainlink,1760055371,0.000228690049021738
weth_usdc_3000_month_23536843_23544042_w09,chainlink,1760059007,0.000227825790175485
weth_usdc_3000_month_23544043_23551242_w10,chainlink,1760079659,0.000230184604474897
weth_usdc_3000_month_23544043_23551242_w10,chainlink,1760079959,0.000231347376264315
weth_usdc_3000_month_23544043_23551242_w10,chainlink,1760083223,0.000231160560256363
weth_usdc_3000_month_23544043_23551242_w10,chainlink,1760083223,0.000231164456207872
weth_usdc_3000_month_23544043_23551242_w10,chainlink,1760086679,0.000229978823482638
weth_usdc_3000_month_23544043_23551242_w10,chainlink,1760089859,0.000231275815883708
weth_usdc_3000_month_23544043_23551242_w10,chainlink,1760093435,0.000230057653233804
weth_usdc_3000_month_23544043_23551242_w10,chainlink,1760097059,0.000230302180189538
weth_usdc_3000_month_23544043_23551242_w10,chainlink,1760100659,0.000230169740098247
weth_usdc_3000_month_23544043_23551242_w10,chainlink,1760102435,0.000228937129372545
weth_usdc_3000_month_23544043_23551242_w10,chainlink,1760103611,0.000227673275919409
weth_usdc_3000_month_23544043_23551242_w10,chainlink,1760104175,0.000228852922075847
weth_usdc_3000_month_23544043_23551242_w10,chainlink,1760105807,0.000230010548231992
weth_usdc_3000_month_23544043_23551242_w10,chainlink,1760106275,0.000231178161223358
weth_usdc_3000_month_23544043_23551242_w10,chainlink,1760108375,0.000233065980335273
weth_usdc_3000_month_23544043_23551242_w10,chainlink,1760108495,0.000234340592383362
weth_usdc_3000_month_23544043_23551242_w10,chainlink,1760109491,0.000235672854976882
weth_usdc_3000_month_23544043_23551242_w10,chainlink,1760109671,0.000237039379046339
weth_usdc_3000_month_23544043_23551242_w10,chainlink,1760109755,0.000238581627505107
weth_usdc_3000_month_23544043_23551242_w10,chainlink,1760110211,0.000240059153793011
weth_usdc_3000_month_23544043_23551242_w10,chainlink,1760110271,0.000242402348692699
weth_usdc_3000_month_23544043_23551242_w10,chainlink,1760110331,0.000244858269151752
weth_usdc_3000_month_23544043_23551242_w10,chainlink,1760110427,0.000242317882005719
weth_usdc_3000_month_23544043_23551242_w10,chainlink,1760110523,0.000244083223269019
weth_usdc_3000_month_23544043_23551242_w10,chainlink,1760110715,0.000242446844007625
weth_usdc_3000_month_23544043_23551242_w10,chainlink,1760110871,0.00024424123719903
weth_usdc_3000_month_23544043_23551242_w10,chainlink,1760111015,0.000242572634020215
weth_usdc_3000_month_23544043_23551242_w10,chainlink,1760111795,0.000243850022995081
weth_usdc_3000_month_23544043_23551242_w10,chainlink,1760112431,0.000242515655053432
weth_usdc_3000_month_23544043_23551242_w10,chainlink,1760113115,0.000243806295461935
weth_usdc_3000_month_23544043_23551242_w10,chainlink,1760113451,0.00024236551668123
weth_usdc_3000_month_23544043_23551242_w10,chainlink,1760115035,0.000243613507255905
weth_usdc_3000_month_23544043_23551242_w10,chainlink,1760118647,0.000244145808099554
weth_usdc_3000_month_23544043_23551242_w10,chainlink,1760121647,0.000245701603053247
weth_usdc_3000_month_23544043_23551242_w10,chainlink,1760123207,0.000246989183753366
weth_usdc_3000_month_23544043_23551242_w10,chainlink,1760123567,0.0002483541415672
weth_usdc_3000_month_23544043_23551242_w10,chainlink,1760124143,0.000249610025081631
weth_usdc_3000_month_23544043_23551242_w10,chainlink,1760124407,0.000248248075046494
weth_usdc_3000_month_23544043_23551242_w10,chainlink,1760124527,0.000249988066775946
weth_usdc_3000_month_23544043_23551242_w10,chainlink,1760124611,0.000252172131561026
weth_usdc_3000_month_23544043_23551242_w10,chainlink,1760124671,0.000250634801642077
weth_usdc_3000_month_23544043_23551242_w10,chainlink,1760124851,0.00025229765603141
weth_usdc_3000_month_23544043_23551242_w10,chainlink,1760124971,0.000251024264407156
weth_usdc_3000_month_23544043_23551242_w10,chainlink,1760125331,0.000249373294506829
weth_usdc_3000_month_23544043_23551242_w10,chainlink,1760125547,0.000248069446960129
weth_usdc_3000_month_23544043_23551242_w10,chainlink,1760126087,0.000249355168193265
weth_usdc_3000_month_23544043_23551242_w10,chainlink,1760129447,0.000250660694423876
weth_usdc_3000_month_23544043_23551242_w10,chainlink,1760129615,0.000255791672924176
weth_usdc_3000_month_23544043_23551242_w10,chainlink,1760129675,0.000254114185136234
weth_usdc_3000_month_23544043_23551242_w10,chainlink,1760129687,0.000256796390234855
weth_usdc_3000_month_23544043_23551242_w10,chainlink,1760129711,0.00025502609269073
weth_usdc_3000_month_23544043_23551242_w10,chainlink,1760129843,0.000257644175489192
weth_usdc_3000_month_23544043_23551242_w10,chainlink,1760129867,0.00025617168443169
weth_usdc_3000_month_23544043_23551242_w10,chainlink,1760129999,0.000257724848425481
weth_usdc_3000_month_23544043_23551242_w10,chainlink,1760130143,0.000256387157906614
weth_usdc_3000_month_23544043_23551242_w10,chainlink,1760130707,0.000258252100037196
weth_usdc_3000_month_23544043_23551242_w10,chainlink,1760130791,0.00026276687858515
weth_usdc_3000_month_23544043_23551242_w10,chainlink,1760130827,0.000269045107656241
weth_usdc_3000_month_23544043_23551242_w10,chainlink,1760130863,0.000266353417110461
weth_usdc_3000_month_23544043_23551242_w10,chainlink,1760130899,0.000270290125851203
weth_usdc_3000_month_23544043_23551242_w10,chainlink,1760130995,0.000265194957557431
weth_usdc_3000_month_23544043_23551242_w10,chainlink,1760130995,0.000267760113947728
weth_usdc_3000_month_23544043_23551242_w10,chainlink,1760131067,0.000278982281275143
weth_usdc_3000_month_23544043_23551242_w10,chainlink,1760131091,0.00027382764705979
weth_usdc_3000_month_23544043_23551242_w10,chainlink,1760131127,0.000278136815981752
weth_usdc_3000_month_23544043_23551242_w10,chainlink,1760131211,0.000280038219361488
weth_usdc_3000_month_23544043_23551242_w10,chainlink,1760131211,0.000285652207126337
weth_usdc_3000_month_23544043_23551242_w10,chainlink,1760131247,0.000288589028750345
weth_usdc_3000_month_23544043_23551242_w10,chainlink,1760131295,0.000283756474674236
weth_usdc_3000_month_23544043_23551242_w10,chainlink,1760131451,0.000272684687322764
weth_usdc_3000_month_23544043_23551242_w10,chainlink,1760131535,0.000271969910633721
weth_usdc_3000_month_23544043_23551242_w10,chainlink,1760131535,0.000274524790329631
weth_usdc_3000_month_23544043_23551242_w10,chainlink,1760131679,0.000278038417193527
weth_usdc_3000_month_23544043_23551242_w10,chainlink,1760131679,0.000279963777252835
weth_usdc_3000_month_23544043_23551242_w10,chainlink,1760131883,0.000277968056364842
weth_usdc_3000_month_23544043_23551242_w10,chainlink,1760131943,0.000271833493467573
weth_usdc_3000_month_23544043_23551242_w10,chainlink,1760131967,0.00026784745441267
weth_usdc_3000_month_23544043_23551242_w10,chainlink,1760132123,0.000265596311143343
weth_usdc_3000_month_23544043_23551242_w10,chainlink,1760132231,0.000266415869043729
weth_usdc_3000_month_23544043_23551242_w10,chainlink,1760132327,0.000269809396076002
weth_usdc_3000_month_23544043_23551242_w10,chainlink,1760132543,0.000269055824155862
weth_usdc_3000_month_23544043_23551242_w10,chainlink,1760132567,0.000267514538450976
weth_usdc_3000_month_23544043_23551242_w10,chainlink,1760132699,0.000263003315490877
weth_usdc_3000_month_23544043_23551242_w10,chainlink,1760132843,0.000258526404901446
weth_usdc_3000_month_23544043_23551242_w10,chainlink,1760132915,0.000261452465069281
weth_usdc_3000_month_23544043_23551242_w10,chainlink,1760133047,0.000260052741192509
weth_usdc_3000_month_23544043_23551242_w10,chainlink,1760133119,0.000258133798939565
weth_usdc_3000_month_23544043_23551242_w10,chainlink,1760133143,0.000255338342716351
weth_usdc_3000_month_23544043_23551242_w10,chainlink,1760133323,0.000256699041307339
weth_usdc_3000_month_23544043_23551242_w10,chainlink,1760133431,0.00025369515875273
weth_usdc_3000_month_23544043_23551242_w10,chainlink,1760133443,0.000252373973609447
weth_usdc_3000_month_23544043_23551242_w10,chainlink,1760133803,0.000253983040215362
weth_usdc_3000_month_23544043_23551242_w10,chainlink,1760133899,0.000255956756824818
weth_usdc_3000_month_23544043_23551242_w10,chainlink,1760134007,0.000257890285842219
weth_usdc_3000_month_23544043_23551242_w10,chainlink,1760134223,0.00025579491694899
weth_usdc_3000_month_23544043_23551242_w10,chainlink,1760134799,0.000257238478398258
weth_usdc_3000_month_23544043_23551242_w10,chainlink,1760135099,0.000258804799971015
weth_usdc_3000_month_23544043_23551242_w10,chainlink,1760135447,0.000257230262948308
weth_usdc_3000_month_23544043_23551242_w10,chainlink,1760135759,0.000255768171800518
weth_usdc_3000_month_23544043_23551242_w10,chainlink,1760135939,0.000257159036441994
weth_usdc_3000_month_23544043_23551242_w10,chainlink,1760136539,0.00025548772213082
weth_usdc_3000_month_23544043_23551242_w10,chainlink,1760136659,0.000256875576833564
weth_usdc_3000_month_23544043_23551242_w10,chainlink,1760136983,0.000258962039297447
weth_usdc_3000_month_23544043_23551242_w10,chainlink,1760137439,0.000257611180191805
weth_usdc_3000_month_23544043_23551242_w10,chainlink,1760137583,0.000259250536001357
weth_usdc_3000_month_23544043_23551242_w10,chainlink,1760137943,0.000261318446206186
weth_usdc_3000_month_23544043_23551242_w10,chainlink,1760138279,0.0002595962917415
weth_usdc_3000_month_23544043_23551242_w10,chainlink,1760138843,0.000257237848628799
weth_usdc_3000_month_23544043_23551242_w10,chainlink,1760139623,0.000255913441854
weth_usdc_3000_month_23544043_23551242_w10,chainlink,1760140043,0.000257253227855328
weth_usdc_3000_month_23544043_23551242_w10,chainlink,1760140199,0.000258831195716602
weth_usdc_3000_month_23544043_23551242_w10,chainlink,1760140499,0.000260330698062404
weth_usdc_3000_month_23544043_23551242_w10,chainlink,1760141063,0.000258987529392165
weth_usdc_3000_month_23544043_23551242_w10,chainlink,1760141879,0.000260456612099151
weth_usdc_3000_month_23544043_23551242_w10,chainlink,1760141963,0.000262251087609252
weth_usdc_3000_month_23544043_23551242_w10,chainlink,1760142143,0.00026093349985064
weth_usdc_3000_month_23544043_23551242_w10,chainlink,1760142599,0.000259575292261051
weth_usdc_3000_month_23544043_23551242_w10,chainlink,1760142743,0.000261024016473832
weth_usdc_3000_month_23544043_23551242_w10,chainlink,1760143523,0.000259615291959266
weth_usdc_3000_month_23544043_23551242_w10,chainlink,1760143679,0.000258242901272896
weth_usdc_3000_month_23544043_23551242_w10,chainlink,1760144123,0.000259541875061692
weth_usdc_3000_month_23544043_23551242_w10,chainlink,1760144543,0.000261056727801607
weth_usdc_3000_month_23544043_23551242_w10,chainlink,1760145179,0.000262471154579317
weth_usdc_3000_month_23544043_23551242_w10,chainlink,1760145563,0.000264420746715241
weth_usdc_3000_month_23551243_23558442_w11,chainlink,1760145563,0.000264420746715241
weth_usdc_3000_month_23551243_23558442_w11,chainlink,1760146979,0.000266073390836128
weth_usdc_3000_month_23551243_23558442_w11,chainlink,1760147663,0.000267583189298706
weth_usdc_3000_month_23551243_23558442_w11,chainlink,1760148215,0.000266230538410853
weth_usdc_3000_month_23551243_23558442_w11,chainlink,1760148455,0.000264447039415767
weth_usdc_3000_month_23551243_23558442_w11,chainlink,1760149439,0.000262485805774278
weth_usdc_3000_month_23551243_23558442_w11,chainlink,1760150099,0.000261168311039846
weth_usdc_3000_month_23551243_23558442_w11,chainlink,1760150675,0.000259863944557186
weth_usdc_3000_month_23551243_23558442_w11,chainlink,1760151959,0.000261338249628272
weth_usdc_3000_month_23551243_23558442_w11,chainlink,1760152199,0.000262830946819563
weth_usdc_3000_month_23551243_23558442_w11,chainlink,1760152835,0.000264402998159674
weth_usdc_3000_month_23551243_23558442_w11,chainlink,1760155319,0.000262399716628402
weth_usdc_3000_month_23551243_23558442_w11,chainlink,1760155619,0.000263912039077323
weth_usdc_3000_month_23551243_23558442_w11,chainlink,1760156219,0.000262199012718515
weth_usdc_3000_month_23551243_23558442_w11,chainlink,1760157479,0.000263750519490029
weth_usdc_3000_month_23551243_23558442_w11,chainlink,1760158451,0.000262134229419335
weth_usdc_3000_month_23551243_23558442_w11,chainlink,1760160299,0.000263557328877773
weth_usdc_3000_month_23551243_23558442_w11,chainlink,1760160515,0.000264902846089169
weth_usdc_3000_month_23551243_23558442_w11,chainlink,1760161691,0.000263542195008671
weth_usdc_3000_month_23551243_23558442_w11,chainlink,1760165315,0.000263749880727575
weth_usdc_3000_month_23551243_23558442_w11,chainlink,1760166335,0.000265182382574453
weth_usdc_3000_month_23551243_23558442_w11,chainlink,1760169023,0.000266840702061465
weth_usdc_3000_month_23551243_23558442_w11,chainlink,1760169371,0.000265503480776755
weth_usdc_3000_month_23551243_23558442_w11,chainlink,1760169635,0.000265472015535728
weth_usdc_3000_month_23551243_23558442_w11,chainlink,1760169635,0.000265793089574719
weth_usdc_3000_month_23551243_23558442_w11,chainlink,1760170571,0.000264299734862791
weth_usdc_3000_month_23551243_23558442_w11,chainlink,1760170835,0.000262504994395251
weth_usdc_3000_month_23551243_23558442_w11,chainlink,1760173415,0.000261172579826956
weth_usdc_3000_month_23551243_23558442_w11,chainlink,1760173871,0.000259796495874728
weth_usdc_3000_month_23551243_23558442_w11,chainlink,1760174231,0.000261164349068402
weth_usdc_3000_month_23551243_23558442_w11,chainlink,1760177867,0.000261062042026986
weth_usdc_3000_month_23551243_23558442_w11,chainlink,1760178407,0.0002595831633199
weth_usdc_3000_month_23551243_23558442_w11,chainlink,1760179751,0.000261047557903323
weth_usdc_3000_month_23551243_23558442_w11,chainlink,1760181407,0.000262489145557159
weth_usdc_3000_month_23551243_23558442_w11,chainlink,1760182031,0.000261063606372876
weth_usdc_3000_month_23551243_23558442_w11,chainlink,1760185727,0.000260382572285642
weth_usdc_3000_month_23551243_23558442_w11,chainlink,1760186867,0.000261806023919736
weth_usdc_3000_month_23551243_23558442_w11,chainlink,1760189591,0.000263645830470717
weth_usdc_3000_month_23551243_23558442_w11,chainlink,1760190467,0.000262309568750019
weth_usdc_3000_month_23551243_23558442_w11,chainlink,1760190743,0.000260919707764381
weth_usdc_3000_month_23551243_23558442_w11,chainlink,1760192627,0.000262250132087871
weth_usdc_3000_month_23551243_23558442_w11,chainlink,1760195183,0.000260830181795678
weth_usdc_3000_month_23551243_23558442_w11,chainlink,1760195627,0.000259447323560331
weth_usdc_3000_month_23551243_23558442_w11,chainlink,1760196947,0.000260762915981477
weth_usdc_3000_month_23551243_23558442_w11,chainlink,1760200547,0.000261536136292262
weth_usdc_3000_month_23551243_23558442_w11,chainlink,1760203487,0.000260233272320625
weth_usdc_3000_month_23551243_23558442_w11,chainlink,1760204363,0.000261571885720975
weth_usdc_3000_month_23551243_23558442_w11,chainlink,1760207999,0.000261556014844461
weth_usdc_3000_month_23551243_23558442_w11,chainlink,1760209463,0.000262955639007623
weth_usdc_3000_month_23551243_23558442_w11,chainlink,1760210003,0.000264359348379504
weth_usdc_3000_month_23551243_23558442_w11,chainlink,1760210507,0.000265822489724099
weth_usdc_3000_month_23551243_23558442_w11,chainlink,1760213999,0.000267269086658387
weth_usdc_3000_month_23551243_23558442_w11,chainlink,1760214515,0.000269182131916291
weth_usdc_3000_month_23551243_23558442_w11,chainlink,1760214779,0.000270607455660831
weth_usdc_3000_month_23551243_23558442_w11,chainlink,1760215679,0.000269042702090533
weth_usdc_3000_month_23551243_23558442_w11,chainlink,1760215799,0.000270443909372744
weth_usdc_3000_month_23551243_23558442_w11,chainlink,1760216183,0.000271855511704684
weth_usdc_3000_month_23551243_23558442_w11,chainlink,1760216375,0.000270315121336717
weth_usdc_3000_month_23551243_23558442_w11,chainlink,1760216639,0.000271775857372755
weth_usdc_3000_month_23551243_23558442_w11,chainlink,1760216795,0.000273416474126734
weth_usdc_3000_month_23551243_23558442_w11,chainlink,1760217203,0.000272021107853684
weth_usdc_3000_month_23551243_23558442_w11,chainlink,1760217431,0.000270628209938677
weth_usdc_3000_month_23551243_23558442_w11,chainlink,1760217815,0.00026883644433805
weth_usdc_3000_month_23551243_23558442_w11,chainlink,1760217935,0.000267350007931557
weth_usdc_3000_month_23551243_23558442_w11,chainlink,1760218475,0.000268830974377865
weth_usdc_3000_month_23551243_23558442_w11,chainlink,1760218655,0.000267447071649518
weth_usdc_3000_month_23551243_23558442_w11,chainlink,1760222279,0.000265999944279286
weth_usdc_3000_month_23551243_23558442_w11,chainlink,1760224079,0.00026743273746483
weth_usdc_3000_month_23551243_23558442_w11,chainlink,1760227691,0.000267314775458266
weth_usdc_3000_month_23551243_23558442_w11,chainlink,1760228939,0.000268685151614198
weth_usdc_3000_month_23551243_23558442_w11,chainlink,1760229203,0.000267070603474753
weth_usdc_3000_month_23551243_23558442_w11,chainlink,1760229419,0.000265502957779006
weth_usdc_3000_month_23551243_23558442_w11,chainlink,1760229683,0.000267067750301133
weth_usdc_3000_month_23551243_23558442_w11,chainlink,1760229719,0.000267344556403871
weth_usdc_3000_month_23551243_23558442_w11,chainlink,1760230319,0.000268769113950481
weth_usdc_3000_month_23551243_23558442_w11,chainlink,1760230763,0.000270185114238101
weth_usdc_3000_month_23551243_23558442_w11,chainlink,1760231171,0.000268206862386296
weth_usdc_3000_month_23558443_23565642_w12,chainlink,1760252459,0.000261445984229641
weth_usdc_3000_month_23558443_23565642_w12,chainlink,1760252879,0.000260059670711245
weth_usdc_3000_month_23558443_23565642_w12,chainlink,1760254223,0.000261374786794361
weth_usdc_3000_month_23558443_23565642_w12,chainlink,1760256035,0.000260900233677353
weth_usdc_3000_month_23558443_23565642_w12,chainlink,1760256035,0.000260897548902826
weth_usdc_3000_month_23558443_23565642_w12,chainlink,1760259731,0.000261503117207517
weth_usdc_3000_month_23558443_23565642_w12,chainlink,1760262935,0.000260107123797057
weth_usdc_3000_month_23558443_23565642_w12,chainlink,1760264411,0.00026158508416656
weth_usdc_3000_month_23558443_23565642_w12,chainlink,1760268035,0.000261680536451889
weth_usdc_3000_month_23558443_23565642_w12,chainlink,1760271251,0.000260320993783515
weth_usdc_3000_month_23558443_23565642_w12,chainlink,1760274887,0.000260909608335713
weth_usdc_3000_month_23558443_23565642_w12,chainlink,1760275367,0.000262281657268235
weth_usdc_3000_month_23558443_23565642_w12,chainlink,1760278787,0.000260965179690695
weth_usdc_3000_month_23558443_23565642_w12,chainlink,1760280383,0.000259029139693863
weth_usdc_3000_month_23558443_23565642_w12,chainlink,1760280431,0.000257496940872683
weth_usdc_3000_month_23558443_23565642_w12,chainlink,1760280527,0.00025393900577741
weth_usdc_3000_month_23558443_23565642_w12,chainlink,1760280731,0.000251366453413104
weth_usdc_3000_month_23558443_23565642_w12,chainlink,1760280935,0.000250054854197534
weth_usdc_3000_month_23558443_23565642_w12,chainlink,1760281043,0.000248523103793125
weth_usdc_3000_month_23558443_23565642_w12,chainlink,1760281151,0.000250172589229228
weth_usdc_3000_month_23558443_23565642_w12,chainlink,1760281211,0.000251529524373852
weth_usdc_3000_month_23558443_23565642_w12,chainlink,1760281367,0.000250259671965428
weth_usdc_3000_month_23558443_23565642_w12,chainlink,1760281607,0.000248823209437854
weth_usdc_3000_month_23558443_23565642_w12,chainlink,1760282231,0.000247187754586954
weth_usdc_3000_month_23558443_23565642_w12,chainlink,1760282387,0.000245793142537645
weth_usdc_3000_month_23558443_23565642_w12,chainlink,1760282867,0.000247520794560239
weth_usdc_3000_month_23558443_23565642_w12,chainlink,1760283191,0.000249056852655332
weth_usdc_3000_month_23558443_23565642_w12,chainlink,1760283371,0.000250609688255048
weth_usdc_3000_month_23558443_23565642_w12,chainlink,1760283491,0.000249355201451761
weth_usdc_3000_month_23558443_23565642_w12,chainlink,1760284151,0.000247932018236027
weth_usdc_3000_month_23558443_23565642_w12,chainlink,1760284991,0.000246326665746999
weth_usdc_3000_month_23558443_23565642_w12,chainlink,1760285171,0.000244709075894406
weth_usdc_3000_month_23558443_23565642_w12,chainlink,1760287103,0.000246277524782956
weth_usdc_3000_month_23558443_23565642_w12,chainlink,1760287523,0.000244982311852925
weth_usdc_3000_month_23558443_23565642_w12,chainlink,1760287559,0.000240535189524097
weth_usdc_3000_month_23558443_23565642_w12,chainlink,1760287715,0.000243057841995621
weth_usdc_3000_month_23558443_23565642_w12,chainlink,1760288987,0.000241218853220853
weth_usdc_3000_month_23558443_23565642_w12,chainlink,1760291495,0.000242608862045922
weth_usdc_3000_month_23558443_23565642_w12,chainlink,1760292383,0.000241352687601071
weth_usdc_3000_month_23558443_23565642_w12,chainlink,1760293643,0.000242585316813389
weth_usdc_3000_month_23558443_23565642_w12,chainlink,1760294843,0.000243852531429846
weth_usdc_3000_month_23558443_23565642_w12,chainlink,1760296067,0.000242636214241864
weth_usdc_3000_month_23558443_23565642_w12,chainlink,1760298827,0.000241389393284682
weth_usdc_3000_month_23558443_23565642_w12,chainlink,1760302223,0.000240162885785017
weth_usdc_3000_month_23558443_23565642_w12,chainlink,1760302343,0.000238798994862189
weth_usdc_3000_month_23558443_23565642_w12,chainlink,1760302379,0.000240001099408157
weth_usdc_3000_month_23558443_23565642_w12,chainlink,1760302619,0.000241787988500276
weth_usdc_3000_month_23558443_23565642_w12,chainlink,1760303639,0.000240264041976094
weth_usdc_3000_month_23558443_23565642_w12,chainlink,1760304119,0.000241591766127083
weth_usdc_3000_month_23558443_23565642_w12,chainlink,1760304563,0.000243382885404547
weth_usdc_3000_month_23558443_23565642_w12,chainlink,1760305559,0.000242158206702147
weth_usdc_3000_month_23558443_23565642_w12,chainlink,1760306459,0.000240779969688469
weth_usdc_3000_month_23558443_23565642_w12,chainlink,1760306771,0.000242112375003026
weth_usdc_3000_month_23558443_23565642_w12,chainlink,1760309303,0.000240838237454689
weth_usdc_3000_month_23558443_23565642_w12,chainlink,1760310179,0.000242074681416116
weth_usdc_3000_month_23558443_23565642_w12,chainlink,1760311883,0.000240846567702249
weth_usdc_3000_month_23558443_23565642_w12,chainlink,1760314739,0.000239318271458385
weth_usdc_3000_month_23558443_23565642_w12,chainlink,1760315099,0.000240604120799135
weth_usdc_3000_month_23558443_23565642_w12,chainlink,1760316035,0.000241829564110742
weth_usdc_3000_month_23558443_23565642_w12,chainlink,1760318615,0.000240431764913725
weth_usdc_3000_month_23565643_23572842_w13,chainlink,1760338907,0.000239315002215456
weth_usdc_3000_month_23565643_23572842_w13,chainlink,1760341367,0.00023811945285207
weth_usdc_3000_month_23565643_23572842_w13,chainlink,1760341607,0.000239514435372387
weth_usdc_3000_month_23565643_23572842_w13,chainlink,1760342435,0.000239213880628644
weth_usdc_3000_month_23565643_23572842_w13,chainlink,1760342447,0.000239190352022374
weth_usdc_3000_month_23565643_23572842_w13,chainlink,1760346047,0.000239463062299558
weth_usdc_3000_month_23565643_23572842_w13,chainlink,1760346827,0.000240749882094333
weth_usdc_3000_month_23565643_23572842_w13,chainlink,1760350451,0.00024061608113256
weth_usdc_3000_month_23565643_23572842_w13,chainlink,1760353367,0.000241902715078528
weth_usdc_3000_month_23565643_23572842_w13,chainlink,1760354687,0.00024328411991192
weth_usdc_3000_month_23565643_23572842_w13,chainlink,1760354951,0.000245218358603794
weth_usdc_3000_month_23565643_23572842_w13,chainlink,1760357459,0.000243783617717481
weth_usdc_3000_month_23565643_23572842_w13,chainlink,1760358803,0.000242159033276711
weth_usdc_3000_month_23565643_23572842_w13,chainlink,1760359895,0.000243479658482653
weth_usdc_3000_month_23565643_23572842_w13,chainlink,1760362283,0.000242232833168597
weth_usdc_3000_month_23565643_23572842_w13,chainlink,1760362343,0.000240984357299525
weth_usdc_3000_month_23565643_23572842_w13,chainlink,1760362403,0.000239506527727871
weth_usdc_3000_month_23565643_23572842_w13,chainlink,1760362535,0.000240781334162619
weth_usdc_3000_month_23565643_23572842_w13,chainlink,1760362715,0.000242369706768338
weth_usdc_3000_month_23565643_23572842_w13,chainlink,1760363531,0.000240896102081235
weth_usdc_3000_month_23565643_23572842_w13,chainlink,1760363975,0.00023968207152528
weth_usdc_3000_month_23565643_23572842_w13,chainlink,1760364431,0.000241243108253206
weth_usdc_3000_month_23565643_23572842_w13,chainlink,1760365379,0.000242773162908266
weth_usdc_3000_month_23565643_23572842_w13,chainlink,1760365871,0.000244021800991981
weth_usdc_3000_month_23565643_23572842_w13,chainlink,1760366075,0.000242740333170136
weth_usdc_3000_month_23565643_23572842_w13,chainlink,1760366951,0.000243994028838107
weth_usdc_3000_month_23565643_23572842_w13,chainlink,1760368307,0.000242607655442373
weth_usdc_3000_month_23565643_23572842_w13,chainlink,1760370635,0.000240944647456612
weth_usdc_3000_month_23565643_23572842_w13,chainlink,1760374235,0.000240163762559141
weth_usdc_3000_month_23565643_23572842_w13,chainlink,1760375267,0.000238720126617029
weth_usdc_3000_month_23565643_23572842_w13,chainlink,1760375555,0.00023997565366592
weth_usdc_3000_month_23565643_23572842_w13,chainlink,1760377367,0.000238681008422204
weth_usdc_3000_month_23565643_23572842_w13,chainlink,1760378291,0.000237389965471872
weth_usdc_3000_month_23565643_23572842_w13,chainlink,1760378411,0.000235964546719174
weth_usdc_3000_month_23565643_23572842_w13,chainlink,1760379047,0.000237374189780081
weth_usdc_3000_month_23565643_23572842_w13,chainlink,1760380031,0.000236113997468402
weth_usdc_3000_month_23565643_23572842_w13,chainlink,1760382911,0.000234921580843675
weth_usdc_3000_month_23565643_23572842_w13,chainlink,1760386547,0.000234385915558993
weth_usdc_3000_month_23565643_23572842_w13,chainlink,1760389283,0.000233040084459906
weth_usdc_3000_month_23565643_23572842_w13,chainlink,1760391047,0.000234218818433457
weth_usdc_3000_month_23565643_23572842_w13,chainlink,1760394683,0.000234837345860246
weth_usdc_3000_month_23565643_23572842_w13,chainlink,1760396063,0.000233614625784622
weth_usdc_3000_month_23565643_23572842_w13,chainlink,1760397527,0.000234791021853586
weth_usdc_3000_month_23565643_23572842_w13,chainlink,1760401151,0.000234875411399616
weth_usdc_3000_month_23565643_23572842_w13,chainlink,1760402915,0.000236115459699402
weth_usdc_3000_month_23565643_23572842_w13,chainlink,1760404187,0.000237362529887469
weth_usdc_3000_month_23565643_23572842_w13,chainlink,1760404907,0.000236102846023784
weth_usdc_3000_month_23565643_23572842_w13,chainlink,1760406887,0.000237479900313404
weth_usdc_3000_month_23572843_23580042_w14,chainlink,1760425259,0.000250255268031433
weth_usdc_3000_month_23572843_23580042_w14,chainlink,1760425367,0.000248865401265539
weth_usdc_3000_month_23572843_23580042_w14,chainlink,1760425523,0.000250151086220384
weth_usdc_3000_month_23572843_23580042_w14,chainlink,1760426267,0.000248802601558048
weth_usdc_3000_month_23572843_23580042_w14,chainlink,1760427503,0.000251006566528776
weth_usdc_3000_month_23572843_23580042_w14,chainlink,1760428823,0.000251020468743053
weth_usdc_3000_month_23572843_23580042_w14,chainlink,1760428835,0.000250999761443367
weth_usdc_3000_month_23572843_23580042_w14,chainlink,1760429027,0.000252334357926082
weth_usdc_3000_month_23572843_23580042_w14,chainlink,1760429387,0.000250977670514587
weth_usdc_3000_month_23572843_23580042_w14,chainlink,1760430707,0.000249676011426459
weth_usdc_3000_month_23572843_23580042_w14,chainlink,1760434319,0.000248956471188785
weth_usdc_3000_month_23572843_23580042_w14,chainlink,1760435243,0.00025026754357598
weth_usdc_3000_month_23572843_23580042_w14,chainlink,1760436479,0.000251793604226579
weth_usdc_3000_month_23572843_23580042_w14,chainlink,1760437223,0.000253919890993028
weth_usdc_3000_month_23572843_23580042_w14,chainlink,1760437943,0.000255436055548217
weth_usdc_3000_month_23572843_23580042_w14,chainlink,1760438423,0.000254017704167985
weth_usdc_3000_month_23572843_23580042_w14,chainlink,1760439695,0.000252109132672228
weth_usdc_3000_month_23572843_23580042_w14,chainlink,1760441843,0.000250740983404794
weth_usdc_3000_month_23572843_23580042_w14,chainlink,1760443499,0.00025217528198692
weth_usdc_3000_month_23572843_23580042_w14,chainlink,1760444639,0.000253485754057033
weth_usdc_3000_month_23572843_23580042_w14,chainlink,1760448275,0.000253824940090574
weth_usdc_3000_month_23572843_23580042_w14,chainlink,1760448779,0.00025209307052565
weth_usdc_3000_month_23572843_23580042_w14,chainlink,1760448935,0.000253550103333291
weth_usdc_3000_month_23572843_23580042_w14,chainlink,1760449091,0.000255688810837065
weth_usdc_3000_month_23572843_23580042_w14,chainlink,1760449199,0.000253692274708601
weth_usdc_3000_month_23572843_23580042_w14,chainlink,1760449631,0.000252249692220753
weth_usdc_3000_month_23572843_23580042_w14,chainlink,1760451371,0.000250566054195574
weth_usdc_3000_month_23572843_23580042_w14,chainlink,1760451419,0.000248937684064007
weth_usdc_3000_month_23572843_23580042_w14,chainlink,1760451779,0.000250264687184005
weth_usdc_3000_month_23572843_23580042_w14,chainlink,1760452259,0.000251763172472139
weth_usdc_3000_month_23572843_23580042_w14,chainlink,1760453015,0.00025010590972034
weth_usdc_3000_month_23572843_23580042_w14,chainlink,1760453579,0.000251437127359688
weth_usdc_3000_month_23572843_23580042_w14,chainlink,1760454995,0.000252870182252756
weth_usdc_3000_month_23572843_23580042_w14,chainlink,1760455475,0.000251559660447141
weth_usdc_3000_month_23572843_23580042_w14,chainlink,1760456195,0.000250097379172837
weth_usdc_3000_month_23572843_23580042_w14,chainlink,1760456639,0.000248123974202129
weth_usdc_3000_month_23572843_23580042_w14,chainlink,1760457095,0.000246319281834982
weth_usdc_3000_month_23572843_23580042_w14,chainlink,1760457515,0.000244763913334035
weth_usdc_3000_month_23572843_23580042_w14,chainlink,1760457875,0.000246188136032272
weth_usdc_3000_month_23572843_23580042_w14,chainlink,1760458319,0.000244719226005455
weth_usdc_3000_month_23572843_23580042_w14,chainlink,1760458631,0.000243355584580226
weth_usdc_3000_month_23572843_23580042_w14,chainlink,1760458931,0.000241627863310239
weth_usdc_3000_month_23572843_23580042_w14,chainlink,1760459639,0.000242994296282255
weth_usdc_3000_month_23572843_23580042_w14,chainlink,1760460575,0.000241754833897997
weth_usdc_3000_month_23572843_23580042_w14,chainlink,1760461151,0.000243715101555321
weth_usdc_3000_month_23572843_23580042_w14,chainlink,1760461331,0.000245956635426659
weth_usdc_3000_month_23572843_23580042_w14,chainlink,1760461475,0.000244506461727814
weth_usdc_3000_month_23572843_23580042_w14,chainlink,1760461583,0.000242772066918403
weth_usdc_3000_month_23572843_23580042_w14,chainlink,1760462315,0.000241483724580978
weth_usdc_3000_month_23572843_23580042_w14,chainlink,1760463191,0.000242762439939885
weth_usdc_3000_month_23572843_23580042_w14,chainlink,1760466815,0.000242222680655114
weth_usdc_3000_month_23572843_23580042_w14,chainlink,1760467235,0.000243714507519438
weth_usdc_3000_month_23572843_23580042_w14,chainlink,1760467751,0.000242305839455842
weth_usdc_3000_month_23572843_23580042_w14,chainlink,1760469875,0.000241044057703684
weth_usdc_3000_month_23572843_23580042_w14,chainlink,1760470643,0.000242256915323233
weth_usdc_3000_month_23572843_23580042_w14,chainlink,1760470739,0.000244516626778978
weth_usdc_3000_month_23572843_23580042_w14,chainlink,1760471087,0.000245818165055966
weth_usdc_3000_month_23572843_23580042_w14,chainlink,1760471411,0.000244505988906542
weth_usdc_3000_month_23572843_23580042_w14,chainlink,1760471711,0.000243128958630359
weth_usdc_3000_month_23572843_23580042_w14,chainlink,1760472635,0.000244394191074806
weth_usdc_3000_month_23572843_23580042_w14,chainlink,1760473451,0.000243173949735153
weth_usdc_3000_month_23572843_23580042_w14,chainlink,1760477087,0.000243276873733074
weth_usdc_3000_month_23572843_23580042_w14,chainlink,1760479451,0.000241730090078764
weth_usdc_3000_month_23572843_23580042_w14,chainlink,1760481167,0.000242960796362706
weth_usdc_3000_month_23572843_23580042_w14,chainlink,1760483231,0.000241719908363207
weth_usdc_3000_month_23572843_23580042_w14,chainlink,1760486831,0.000242169772843417
weth_usdc_3000_month_23572843_23580042_w14,chainlink,1760487611,0.000243409663595506
weth_usdc_3000_month_23572843_23580042_w14,chainlink,1760491223,0.000243843501474654
weth_usdc_3000_month_23580043_23587242_w15,chainlink,1760511671,0.000242727482152003
weth_usdc_3000_month_23580043_23587242_w15,chainlink,1760514083,0.000243039577368249
weth_usdc_3000_month_23580043_23587242_w15,chainlink,1760515739,0.0002418152839748
weth_usdc_3000_month_23580043_23587242_w15,chainlink,1760516855,0.00024003208877587
weth_usdc_3000_month_23580043_23587242_w15,chainlink,1760517059,0.000238811880641691
weth_usdc_3000_month_23580043_23587242_w15,chainlink,1760517215,0.000237602960528672
weth_usdc_3000_month_23580043_23587242_w15,chainlink,1760518175,0.000238812140725107
weth_usdc_3000_month_23580043_23587242_w15,chainlink,1760519891,0.000240060857999601
weth_usdc_3000_month_23580043_23587242_w15,chainlink,1760520755,0.000241301175715395
weth_usdc_3000_month_23580043_23587242_w15,chainlink,1760521055,0.000240047764803593
weth_usdc_3000_month_23580043_23587242_w15,chainlink,1760523899,0.000241331442525861
weth_usdc_3000_month_23580043_23587242_w15,chainlink,1760524355,0.000242654958313303
weth_usdc_3000_month_23580043_23587242_w15,chainlink,1760527115,0.000243896078706232
weth_usdc_3000_month_23580043_23587242_w15,chainlink,1760530751,0.000243775483683757
weth_usdc_3000_month_23580043_23587242_w15,chainlink,1760531411,0.000245120360232421
weth_usdc_3000_month_23580043_23587242_w15,chainlink,1760535059,0.000245471538748955
weth_usdc_3000_month_23580043_23587242_w15,chainlink,1760535251,0.000244011759257518
weth_usdc_3000_month_23580043_23587242_w15,chainlink,1760535671,0.000245560707567325
weth_usdc_3000_month_23580043_23587242_w15,chainlink,1760535815,0.000244293041232705
weth_usdc_3000_month_23580043_23587242_w15,chainlink,1760536031,0.000245568619836768
weth_usdc_3000_month_23580043_23587242_w15,chainlink,1760536175,0.000247770964176942
weth_usdc_3000_month_23580043_23587242_w15,chainlink,1760536667,0.000246175544892547
weth_usdc_3000_month_23580043_23587242_w15,chainlink,1760537291,0.000244833944860519
weth_usdc_3000_month_23580043_23587242_w15,chainlink,1760537495,0.000243589940948074
weth_usdc_3000_month_23580043_23587242_w15,chainlink,1760538035,0.000244858238532419
weth_usdc_3000_month_23580043_23587242_w15,chainlink,1760538875,0.000246137723765897
weth_usdc_3000_month_23580043_23587242_w15,chainlink,1760539343,0.000247439361770736
weth_usdc_3000_month_23580043_23587242_w15,chainlink,1760539931,0.000248720003304982
weth_usdc_3000_month_23580043_23587242_w15,chainlink,1760540627,0.000250321261021294
weth_usdc_3000_month_23580043_23587242_w15,chainlink,1760540831,0.000248776108448986
weth_usdc_3000_month_23580043_23587242_w15,chainlink,1760541431,0.000250106950031322
weth_usdc_3000_month_23580043_23587242_w15,chainlink,1760542055,0.000248694499938697
weth_usdc_3000_month_23580043_23587242_w15,chainlink,1760542487,0.000247977437241625
weth_usdc_3000_month_23580043_23587242_w15,chainlink,1760542499,0.000249950203351106
weth_usdc_3000_month_23580043_23587242_w15,chainlink,1760543207,0.000251314069055238
weth_usdc_3000_month_23580043_23587242_w15,chainlink,1760545571,0.000250041327928458
weth_usdc_3000_month_23580043_23587242_w15,chainlink,1760547527,0.000251392363694386
weth_usdc_3000_month_23580043_23587242_w15,chainlink,1760548127,0.000252719685692116
weth_usdc_3000_month_23580043_23587242_w15,chainlink,1760548547,0.000254059461364389
weth_usdc_3000_month_23580043_23587242_w15,chainlink,1760549207,0.000252664805624655
weth_usdc_3000_month_23580043_23587242_w15,chainlink,1760550491,0.000251323784042043
weth_usdc_3000_month_23580043_23587242_w15,chainlink,1760552567,0.000250044896179653
weth_usdc_3000_month_23580043_23587242_w15,chainlink,1760556203,0.000249537890433931
weth_usdc_3000_month_23580043_23587242_w15,chainlink,1760557187,0.000250911675186602
weth_usdc_3000_month_23580043_23587242_w15,chainlink,1760560247,0.00025239637326688
weth_usdc_3000_month_23580043_23587242_w15,chainlink,1760560907,0.000251055088356108
weth_usdc_3000_month_23580043_23587242_w15,chainlink,1760562263,0.000252514183618066
weth_usdc_3000_month_23580043_23587242_w15,chainlink,1760564027,0.000251160412678466
weth_usdc_3000_month_23580043_23587242_w15,chainlink,1760564903,0.000252577968349394
weth_usdc_3000_month_23580043_23587242_w15,chainlink,1760566847,0.000251135832486224
weth_usdc_3000_month_23580043_23587242_w15,chainlink,1760568647,0.000252568062380982
weth_usdc_3000_month_23580043_23587242_w15,chainlink,1760569967,0.000251118691978944
weth_usdc_3000_month_23580043_23587242_w15,chainlink,1760573579,0.000251037211637639
weth_usdc_3000_month_23580043_23587242_w15,chainlink,1760577023,0.000249785913481277
weth_usdc_3000_month_23580043_23587242_w15,chainlink,1760580551,0.000248041857479341
weth_usdc_3000_month_23587243_23594442_w16,chainlink,1760594483,0.000250566045811564
weth_usdc_3000_month_23587243_23594442_w16,chainlink,1760594855,0.000249188194484422
weth_usdc_3000_month_23587243_23594442_w16,chainlink,1760597447,0.000247879638067863
weth_usdc_3000_month_23587243_23594442_w16,chainlink,1760599499,0.000249337264974315
weth_usdc_3000_month_23587243_23594442_w16,chainlink,1760603195,0.000249986249172837
weth_usdc_3000_month_23587243_23594442_w16,chainlink,1760606819,0.000250342329936656
weth_usdc_3000_month_23587243_23594442_w16,chainlink,1760607239,0.000251648327864746
weth_usdc_3000_month_23587243_23594442_w16,chainlink,1760607491,0.000253347610070636
weth_usdc_3000_month_23587243_23594442_w16,chainlink,1760607779,0.000252043010326918
weth_usdc_3000_month_23587243_23594442_w16,chainlink,1760607947,0.000248648703626093
weth_usdc_3000_month_23587243_23594442_w16,chainlink,1760608211,0.000247382363201373
weth_usdc_3000_month_23587243_23594442_w16,chainlink,1760609795,0.000245962141156162
weth_usdc_3000_month_23587243_23594442_w16,chainlink,1760612579,0.000247252126175462
weth_usdc_3000_month_23587243_23594442_w16,chainlink,1760616131,0.000245841688057939
weth_usdc_3000_month_23587243_23594442_w16,chainlink,1760617511,0.000247171387324674
weth_usdc_3000_month_23587243_23594442_w16,chainlink,1760621135,0.000247305860584206
weth_usdc_3000_month_23587243_23594442_w16,chainlink,1760621891,0.000245978386011178
weth_usdc_3000_month_23587243_23594442_w16,chainlink,1760622575,0.000247442217372031
weth_usdc_3000_month_23587243_23594442_w16,chainlink,1760623115,0.000249101220727453
weth_usdc_3000_month_23587243_23594442_w16,chainlink,1760623967,0.000250375279961645
weth_usdc_3000_month_23587243_23594442_w16,chainlink,1760625587,0.00024892296976082
weth_usdc_3000_month_23587243_23594442_w16,chainlink,1760625671,0.000247473591723591
weth_usdc_3000_month_23587243_23594442_w16,chainlink,1760626739,0.000248778317131973
weth_usdc_3000_month_23587243_23594442_w16,chainlink,1760627075,0.00025011138968049
weth_usdc_3000_month_23587243_23594442_w16,chainlink,1760627615,0.0002487145792291
weth_usdc_3000_month_23587243_23594442_w16,chainlink,1760627699,0.000248822385467676
weth_usdc_3000_month_23587243_23594442_w16,chainlink,1760628335,0.000250166433514708
weth_usdc_3000_month_23587243_23594442_w16,chainlink,1760628515,0.000251468353040361
weth_usdc_3000_month_23587243_23594442_w16,chainlink,1760629307,0.000252961975176318
weth_usdc_3000_month_23587243_23594442_w16,chainlink,1760629799,0.000254707722230059
weth_usdc_3000_month_23587243_23594442_w16,chainlink,1760630255,0.000256479971887425
weth_usdc_3000_month_23587243_23594442_w16,chainlink,1760631959,0.000258029397875157
weth_usdc_3000_month_23587243_23594442_w16,chainlink,1760632919,0.000256579351862068
weth_usdc_3000_month_23587243_23594442_w16,chainlink,1760633471,0.000254950554534336
weth_usdc_3000_month_23587243_23594442_w16,chainlink,1760633795,0.000253669073965558
weth_usdc_3000_month_23587243_23594442_w16,chainlink,1760635199,0.000252315976616784
weth_usdc_3000_month_23587243_23594442_w16,chainlink,1760635295,0.000253685766188163
weth_usdc_3000_month_23587243_23594442_w16,chainlink,1760637239,0.000255088231767518
weth_usdc_3000_month_23587243_23594442_w16,chainlink,1760637899,0.00025644176071463
weth_usdc_3000_month_23587243_23594442_w16,chainlink,1760641535,0.000256355033560488
weth_usdc_3000_month_23587243_23594442_w16,chainlink,1760642399,0.00025786576011044
weth_usdc_3000_month_23587243_23594442_w16,chainlink,1760643215,0.000259259759588458
weth_usdc_3000_month_23587243_23594442_w16,chainlink,1760644295,0.000257965919627993
weth_usdc_3000_month_23587243_23594442_w16,chainlink,1760646491,0.000259361568244042
weth_usdc_3000_month_23587243_23594442_w16,chainlink,1760646851,0.000260716114067768
weth_usdc_3000_month_23587243_23594442_w16,chainlink,1760647595,0.000259328164055271
weth_usdc_3000_month_23587243_23594442_w16,chainlink,1760650475,0.000257860177794747
weth_usdc_3000_month_23587243_23594442_w16,chainlink,1760654111,0.000258243042243843
weth_usdc_3000_month_23587243_23594442_w16,chainlink,1760656871,0.000256920291742618
weth_usdc_3000_month_23587243_23594442_w16,chainlink,1760660507,0.000256170479320972
weth_usdc_3000_month_23587243_23594442_w16,chainlink,1760661647,0.000254712113744371
weth_usdc_3000_month_23587243_23594442_w16,chainlink,1760663279,0.000253195376062923
weth_usdc_3000_month_23587243_23594442_w16,chainlink,1760664191,0.00025455205278247
weth_usdc_3000_month_23587243_23594442_w16,chainlink,1760666111,0.000255875495923937
weth_usdc_3000_month_23594443_23601642_w17,chainlink,1760677295,0.000255451695423977
weth_usdc_3000_month_23594443_23601642_w17,chainlink,1760680283,0.00025630973842259
weth_usdc_3000_month_23594443_23601642_w17,chainlink,1760682227,0.000257757894522672
weth_usdc_3000_month_23594443_23601642_w17,chainlink,1760682731,0.000259259612093553
weth_usdc_3000_month_23594443_23601642_w17,chainlink,1760683067,0.000260877667845998
weth_usdc_3000_month_23594443_23601642_w17,chainlink,1760683787,0.000262211253037583
weth_usdc_3000_month_23594443_23601642_w17,chainlink,1760684027,0.000260834149557903
weth_usdc_3000_month_23594443_23601642_w17,chainlink,1760684627,0.00026227391505987
weth_usdc_3000_month_23594443_23601642_w17,chainlink,1760684903,0.00026409140421126
weth_usdc_3000_month_23594443_23601642_w17,chainlink,1760687663,0.000265698611183118
weth_usdc_3000_month_23594443_23601642_w17,chainlink,1760688287,0.000267168109575571
weth_usdc_3000_month_23594443_23601642_w17,chainlink,1760688659,0.000265329150429539
weth_usdc_3000_month_23594443_23601642_w17,chainlink,1760688863,0.000266850094744989
weth_usdc_3000_month_23594443_23601642_w17,chainlink,1760689019,0.000268527419677805
weth_usdc_3000_month_23594443_23601642_w17,chainlink,1760690003,0.000267134561076809
weth_usdc_3000_month_23594443_23601642_w17,chainlink,1760690603,0.000268481148787404
weth_usdc_3000_month_23594443_23601642_w17,chainlink,1760691779,0.00027003980763377
weth_usdc_3000_month_23594443_23601642_w17,chainlink,1760691899,0.00026857253140722
weth_usdc_3000_month_23594443_23601642_w17,chainlink,1760692739,0.000267203808719541
weth_usdc_3000_month_23594443_23601642_w17,chainlink,1760693879,0.000265778788726746
weth_usdc_3000_month_23594443_23601642_w17,chainlink,1760694539,0.000267168823464967
weth_usdc_3000_month_23594443_23601642_w17,chainlink,1760695739,0.00026861836934503
weth_usdc_3000_month_23594443_23601642_w17,chainlink,1760696519,0.000270773415009979
weth_usdc_3000_month_23594443_23601642_w17,chainlink,1760698223,0.000269337885812509
weth_usdc_3000_month_23594443_23601642_w17,chainlink,1760698883,0.000267957855073551
weth_usdc_3000_month_23594443_23601642_w17,chainlink,1760699651,0.000265805148300072
weth_usdc_3000_month_23594443_23601642_w17,chainlink,1760699747,0.000264051650420824
weth_usdc_3000_month_23594443_23601642_w17,chainlink,1760699939,0.000262609731872056
weth_usdc_3000_month_23594443_23601642_w17,chainlink,1760700983,0.000264049558447594
weth_usdc_3000_month_23594443_23601642_w17,chainlink,1760703815,0.000262516736462093
weth_usdc_3000_month_23594443_23601642_w17,chainlink,1760704019,0.000263942056879823
weth_usdc_3000_month_23594443_23601642_w17,chainlink,1760706839,0.00026537551091907
weth_usdc_3000_month_23594443_23601642_w17,chainlink,1760707499,0.000263920272335144
weth_usdc_3000_month_23594443_23601642_w17,chainlink,1760708639,0.000265541855513052
weth_usdc_3000_month_23594443_23601642_w17,chainlink,1760709155,0.000264020227222304
weth_usdc_3000_month_23594443_23601642_w17,chainlink,1760709419,0.000262681587667622
weth_usdc_3000_month_23594443_23601642_w17,chainlink,1760709635,0.000264247745652518
weth_usdc_3000_month_23594443_23601642_w17,chainlink,1760710199,0.000265813628037676
weth_usdc_3000_month_23594443_23601642_w17,chainlink,1760710439,0.000264263496288385
weth_usdc_3000_month_23594443_23601642_w17,chainlink,1760710931,0.000265782387036528
weth_usdc_3000_month_23594443_23601642_w17,chainlink,1760711579,0.000267260947197912
weth_usdc_3000_month_23594443_23601642_w17,chainlink,1760712131,0.00026863530897367
weth_usdc_3000_month_23594443_23601642_w17,chainlink,1760712179,0.000267196668128259
weth_usdc_3000_month_23594443_23601642_w17,chainlink,1760712407,0.000265799732957054
weth_usdc_3000_month_23594443_23601642_w17,chainlink,1760715707,0.0002642954075141
weth_usdc_3000_month_23594443_23601642_w17,chainlink,1760716859,0.000262866835172885
weth_usdc_3000_month_23594443_23601642_w17,chainlink,1760717003,0.000261339977521628
weth_usdc_3000_month_23594443_23601642_w17,chainlink,1760718767,0.000262788214713076
weth_usdc_3000_month_23594443_23601642_w17,chainlink,1760720123,0.000264122427943857
weth_usdc_3000_month_23594443_23601642_w17,chainlink,1760722583,0.000262706399895241
weth_usdc_3000_month_23594443_23601642_w17,chainlink,1760723699,0.000261316071871937
weth_usdc_3000_month_23594443_23601642_w17,chainlink,1760726219,0.000259871787506901
weth_usdc_3000_month_23594443_23601642_w17,chainlink,1760729543,0.000261207526960374
weth_usdc_3000_month_23594443_23601642_w17,chainlink,1760732399,0.000259849620783322
weth_usdc_3000_month_23594443_23601642_w17,chainlink,1760735195,0.000257953810388922
weth_usdc_3000_month_23594443_23601642_w17,chainlink,1760738819,0.000257709672112289
weth_usdc_3000_month_23594443_23601642_w17,chainlink,1760740379,0.000259319747053895
weth_usdc_3000_month_23594443_23601642_w17,chainlink,1760743991,0.000260205544191662
weth_usdc_3000_month_23594443_23601642_w17,chainlink,1760746475,0.000261564911074662
weth_usdc_3000_month_23594443_23601642_w17,chainlink,1760747195,0.000260221790361555
weth_usdc_3000_month_23594443_23601642_w17,chainlink,1760750615,0.000258924904959325
weth_usdc_3000_month_23594443_23601642_w17,chainlink,1760753435,0.000257603381217982
weth_usdc_3000_month_23594443_23601642_w17,chainlink,1760753675,0.000259018675897873
weth_usdc_3000_month_23601643_23608842_w18,chainlink,1760760107,0.000258961485337852
weth_usdc_3000_month_23601643_23608842_w18,chainlink,1760760911,0.000259492336033052
weth_usdc_3000_month_23601643_23608842_w18,chainlink,1760764547,0.000259304622364196
weth_usdc_3000_month_23601643_23608842_w18,chainlink,1760767787,0.000257969192108522
weth_usdc_3000_month_23601643_23608842_w18,chainlink,1760771123,0.000256051959624514
weth_usdc_3000_month_23601643_23608842_w18,chainlink,1760771267,0.000254638845185123
weth_usdc_3000_month_23601643_23608842_w18,chainlink,1760771747,0.000255957739906158
weth_usdc_3000_month_23601643_23608842_w18,chainlink,1760772083,0.000257303114747771
weth_usdc_3000_month_23601643_23608842_w18,chainlink,1760774003,0.00025582985719553
weth_usdc_3000_month_23601643_23608842_w18,chainlink,1760774363,0.000257212549139361
weth_usdc_3000_month_23601643_23608842_w18,chainlink,1760777987,0.000257875086713102
weth_usdc_3000_month_23601643_23608842_w18,chainlink,1760781623,0.00025773194692546
weth_usdc_3000_month_23601643_23608842_w18,chainlink,1760785247,0.000257874421699237
weth_usdc_3000_month_23601643_23608842_w18,chainlink,1760788859,0.000257509582258033
weth_usdc_3000_month_23601643_23608842_w18,chainlink,1760792495,0.000257783347211087
weth_usdc_3000_month_23601643_23608842_w18,chainlink,1760794763,0.000259131710856438
weth_usdc_3000_month_23601643_23608842_w18,chainlink,1760798387,0.000257911265310572
weth_usdc_3000_month_23601643_23608842_w18,chainlink,1760802023,0.000258318312395529
weth_usdc_3000_month_23601643_23608842_w18,chainlink,1760805707,0.000259240462090814
weth_usdc_3000_month_23601643_23608842_w18,chainlink,1760807987,0.000257914565420865
weth_usdc_3000_month_23601643_23608842_w18,chainlink,1760810411,0.000256629920372518
weth_usdc_3000_month_23601643_23608842_w18,chainlink,1760814023,0.000257091427028833
weth_usdc_3000_month_23601643_23608842_w18,chainlink,1760817659,0.000256808708923566
weth_usdc_3000_month_23601643_23608842_w18,chainlink,1760821283,0.000257192253980112
weth_usdc_3000_month_23601643_23608842_w18,chainlink,1760824919,0.000256823349025711
weth_usdc_3000_month_23601643_23608842_w18,chainlink,1760828555,0.000257480671632759
weth_usdc_3000_month_23601643_23608842_w18,chainlink,1760832179,0.000257111370338581
weth_usdc_3000_month_23601643_23608842_w18,chainlink,1760834651,0.000258471760059001
weth_usdc_3000_month_23601643_23608842_w18,chainlink,1760838275,0.00025849609820994
weth_usdc_3000_month_23601643_23608842_w18,chainlink,1760841911,0.000258390321528713
weth_usdc_3000_month_23608843_23616042_w19,chainlink,1760842919,0.000258387709124086
weth_usdc_3000_month_23608843_23616042_w19,chainlink,1760844635,0.000257080440280271
weth_usdc_3000_month_23608843_23616042_w19,chainlink,1760848271,0.000256115646902128
weth_usdc_3000_month_23608843_23616042_w19,chainlink,1760851895,0.000255822092229818
weth_usdc_3000_month_23608843_23616042_w19,chainlink,1760854691,0.00025713900541325
weth_usdc_3000_month_23608843_23616042_w19,chainlink,1760858327,0.000256949819505404
weth_usdc_3000_month_23608843_23616042_w19,chainlink,1760861975,0.000255402581712951
weth_usdc_3000_month_23608843_23616042_w19,chainlink,1760861999,0.00025350941115612
weth_usdc_3000_month_23608843_23616042_w19,chainlink,1760862107,0.000256123288531491
weth_usdc_3000_month_23608843_23616042_w19,chainlink,1760862371,0.000260783858562681
weth_usdc_3000_month_23608843_23616042_w19,chainlink,1760862419,0.000258758543319384
weth_usdc_3000_month_23608843_23616042_w19,chainlink,1760866031,0.000259105474465529
weth_usdc_3000_month_23608843_23616042_w19,chainlink,1760866931,0.000257734896128666
weth_usdc_3000_month_23608843_23616042_w19,chainlink,1760866967,0.000256407824618391
weth_usdc_3000_month_23608843_23616042_w19,chainlink,1760867447,0.000254765045678784
weth_usdc_3000_month_23608843_23616042_w19,chainlink,1760868347,0.000256114951566718
weth_usdc_3000_month_23608843_23616042_w19,chainlink,1760869487,0.000254827055066499
weth_usdc_3000_month_23608843_23616042_w19,chainlink,1760869727,0.000253495809546021
weth_usdc_3000_month_23608843_23616042_w19,chainlink,1760870147,0.000255035633767422
weth_usdc_3000_month_23608843_23616042_w19,chainlink,1760871719,0.000253526016616762
weth_usdc_3000_month_23608843_23616042_w19,chainlink,1760874287,0.000254821831120718
weth_usdc_3000_month_23608843_23616042_w19,chainlink,1760877923,0.000255322064842089
weth_usdc_3000_month_23608843_23616042_w19,chainlink,1760880659,0.000253894559707448
weth_usdc_3000_month_23608843_23616042_w19,chainlink,1760882003,0.000252460350141219
weth_usdc_3000_month_23608843_23616042_w19,chainlink,1760882279,0.000250988279518763
weth_usdc_3000_month_23608843_23616042_w19,chainlink,1760882579,0.00025230222070397
weth_usdc_3000_month_23608843_23616042_w19,chainlink,1760883515,0.000250906891026431
weth_usdc_3000_month_23608843_23616042_w19,chainlink,1760887139,0.00025118876086121
weth_usdc_3000_month_23608843_23616042_w19,chainlink,1760890751,0.00025175822484829
weth_usdc_3000_month_23608843_23616042_w19,chainlink,1760893547,0.000249818262408246
weth_usdc_3000_month_23608843_23616042_w19,chainlink,1760893703,0.0002485268737287
weth_usdc_3000_month_23608843_23616042_w19,chainlink,1760894447,0.00024982258603966
weth_usdc_3000_month_23608843_23616042_w19,chainlink,1760898083,0.000250573906427667
weth_usdc_3000_month_23608843_23616042_w19,chainlink,1760901707,0.000250643759917702
weth_usdc_3000_month_23608843_23616042_w19,chainlink,1760905343,0.000251094417420306
weth_usdc_3000_month_23608843_23616042_w19,chainlink,1760907527,0.000249758174426223
weth_usdc_3000_month_23608843_23616042_w19,chainlink,1760911139,0.000250216505771944
weth_usdc_3000_month_23608843_23616042_w19,chainlink,1760912963,0.000248776257479699
weth_usdc_3000_month_23608843_23616042_w19,chainlink,1760916203,0.000250103846223436
weth_usdc_3000_month_23608843_23616042_w19,chainlink,1760917487,0.000251363017271657
weth_usdc_3000_month_23608843_23616042_w19,chainlink,1760919311,0.000252656873880471
weth_usdc_3000_month_23608843_23616042_w19,chainlink,1760919731,0.000253968377127705
weth_usdc_3000_month_23608843_23616042_w19,chainlink,1760920247,0.000255280654055296
weth_usdc_3000_month_23608843_23616042_w19,chainlink,1760920847,0.000253836126353901
weth_usdc_3000_month_23608843_23616042_w19,chainlink,1760924471,0.000253777322895244
weth_usdc_3000_month_23608843_23616042_w19,chainlink,1760925755,0.000253773434870553
weth_usdc_3000_month_23608843_23616042_w19,chainlink,1760927783,0.000252399010248195
weth_usdc_3000_month_23616043_23623242_w20,chainlink,1760927783,0.000252399010248195
weth_usdc_3000_month_23616043_23623242_w20,chainlink,1760931395,0.000252518897037283
weth_usdc_3000_month_23616043_23623242_w20,chainlink,1760931803,0.000250963197779917
weth_usdc_3000_month_23616043_23623242_w20,chainlink,1760932283,0.00024954786605662
weth_usdc_3000_month_23616043_23623242_w20,chainlink,1760932511,0.000248095028147942
weth_usdc_3000_month_23616043_23623242_w20,chainlink,1760936123,0.000247162238855615
weth_usdc_3000_month_23616043_23623242_w20,chainlink,1760939603,0.00024580601078691
weth_usdc_3000_month_23616043_23623242_w20,chainlink,1760943215,0.000245073963691722
weth_usdc_3000_month_23616043_23623242_w20,chainlink,1760946227,0.000246338979218602
weth_usdc_3000_month_23616043_23623242_w20,chainlink,1760948567,0.000247757178625584
weth_usdc_3000_month_23616043_23623242_w20,chainlink,1760949167,0.000245979815582195
weth_usdc_3000_month_23616043_23623242_w20,chainlink,1760949815,0.000247246322812008
weth_usdc_3000_month_23616043_23623242_w20,chainlink,1760953439,0.000247452057864104
weth_usdc_3000_month_23616043_23623242_w20,chainlink,1760957063,0.000247536162025334
weth_usdc_3000_month_23616043_23623242_w20,chainlink,1760957579,0.000248820887983803
weth_usdc_3000_month_23616043_23623242_w20,chainlink,1760961047,0.000247577503682116
weth_usdc_3000_month_23616043_23623242_w20,chainlink,1760964671,0.000248052562773183
weth_usdc_3000_month_23616043_23623242_w20,chainlink,1760968307,0.000247894522466687
weth_usdc_3000_month_23616043_23623242_w20,chainlink,1760971931,0.000247593869146983
weth_usdc_3000_month_23616043_23623242_w20,chainlink,1760975555,0.000247682070043421
weth_usdc_3000_month_23616043_23623242_w20,chainlink,1760975867,0.000249474086936562
weth_usdc_3000_month_23616043_23623242_w20,chainlink,1760976131,0.00025176763276805
weth_usdc_3000_month_23616043_23623242_w20,chainlink,1760977955,0.000253118473610935
weth_usdc_3000_month_23616043_23623242_w20,chainlink,1760978771,0.000254447493997187
weth_usdc_3000_month_23616043_23623242_w20,chainlink,1760979563,0.000252888662119476
weth_usdc_3000_month_23616043_23623242_w20,chainlink,1760981831,0.000254295810752731
weth_usdc_3000_month_23616043_23623242_w20,chainlink,1760982515,0.000252999229369882
weth_usdc_3000_month_23616043_23623242_w20,chainlink,1760986115,0.000251872358278114
weth_usdc_3000_month_23616043_23623242_w20,chainlink,1760989727,0.00025081696369223
weth_usdc_3000_month_23616043_23623242_w20,chainlink,1760993351,0.000250290861624027
weth_usdc_3000_month_23616043_23623242_w20,chainlink,1760996963,0.000251569629930648
weth_usdc_3000_month_23616043_23623242_w20,chainlink,1761000587,0.000250751794581072
weth_usdc_3000_month_23616043_23623242_w20,chainlink,1761004223,0.000251130584068181
weth_usdc_3000_month_23616043_23623242_w20,chainlink,1761007847,0.000251407845901203
weth_usdc_3000_month_23616043_23623242_w20,chainlink,1761008591,0.000251396650088794
weth_usdc_3000_month_23616043_23623242_w20,chainlink,1761010607,0.000252682492911547
weth_usdc_3000_month_23616043_23623242_w20,chainlink,1761012287,0.000253963538874394
weth_usdc_3000_month_23616043_23623242_w20,chainlink,1761015899,0.000253913245731775
weth_usdc_3000_month_23623243_23630442_w21,chainlink,1761015899,0.000253913245731775
weth_usdc_3000_month_23623243_23630442_w21,chainlink,1761019319,0.00025529771742853
weth_usdc_3000_month_23623243_23630442_w21,chainlink,1761019439,0.000256654178215054
weth_usdc_3000_month_23623243_23630442_w21,chainlink,1761019931,0.000258166524025982
weth_usdc_3000_month_23623243_23630442_w21,chainlink,1761022043,0.000259575248850655
weth_usdc_3000_month_23623243_23630442_w21,chainlink,1761025583,0.000258168626792837
weth_usdc_3000_month_23623243_23630442_w21,chainlink,1761029195,0.000257518621746119
weth_usdc_3000_month_23623243_23630442_w21,chainlink,1761032819,0.000256822729500132
weth_usdc_3000_month_23623243_23630442_w21,chainlink,1761035555,0.000258154423950344
weth_usdc_3000_month_23623243_23630442_w21,chainlink,1761039179,0.000258110767809305
weth_usdc_3000_month_23623243_23630442_w21,chainlink,1761042803,0.000258571740013344
weth_usdc_3000_month_23623243_23630442_w21,chainlink,1761043811,0.000257162697392109
weth_usdc_3000_month_23623243_23630442_w21,chainlink,1761047435,0.000256796501961042
weth_usdc_3000_month_23623243_23630442_w21,chainlink,1761049355,0.000255228525269184
weth_usdc_3000_month_23623243_23630442_w21,chainlink,1761051011,0.000256541316082864
weth_usdc_3000_month_23623243_23630442_w21,chainlink,1761052151,0.000258009413124703
weth_usdc_3000_month_23623243_23630442_w21,chainlink,1761053915,0.000256673381428688
weth_usdc_3000_month_23623243_23630442_w21,chainlink,1761054191,0.000257990420528513
weth_usdc_3000_month_23623243_23630442_w21,chainlink,1761054995,0.000259346485244302
weth_usdc_3000_month_23623243_23630442_w21,chainlink,1761055415,0.000258034714301197
weth_usdc_3000_month_23623243_23630442_w21,chainlink,1761055811,0.000256213864989015
weth_usdc_3000_month_23623243_23630442_w21,chainlink,1761055931,0.000254923842311433
weth_usdc_3000_month_23623243_23630442_w21,chainlink,1761056351,0.000253647411435707
weth_usdc_3000_month_23623243_23630442_w21,chainlink,1761056987,0.000254933436214361
weth_usdc_3000_month_23623243_23630442_w21,chainlink,1761058127,0.000253402710456762
weth_usdc_3000_month_23623243_23630442_w21,chainlink,1761058427,0.00025168955753305
weth_usdc_3000_month_23623243_23630442_w21,chainlink,1761058583,0.000249995137108294
weth_usdc_3000_month_23623243_23630442_w21,chainlink,1761058787,0.000248708518619189
weth_usdc_3000_month_23623243_23630442_w21,chainlink,1761059471,0.000247434647759883
weth_usdc_3000_month_23623243_23630442_w21,chainlink,1761060191,0.000246104132145997
weth_usdc_3000_month_23623243_23630442_w21,chainlink,1761061091,0.000247445488493871
weth_usdc_3000_month_23623243_23630442_w21,chainlink,1761061307,0.000245966551599203
weth_usdc_3000_month_23623243_23630442_w21,chainlink,1761062447,0.000244301730188793
weth_usdc_3000_month_23623243_23630442_w21,chainlink,1761062951,0.000245654550591472
weth_usdc_3000_month_23623243_23630442_w21,chainlink,1761063587,0.00024418357603538
weth_usdc_3000_month_23623243_23630442_w21,chainlink,1761065723,0.000245572447776755
weth_usdc_3000_month_23623243_23630442_w21,chainlink,1761065867,0.000247014152510228
weth_usdc_3000_month_23623243_23630442_w21,chainlink,1761066107,0.000248334132221347
weth_usdc_3000_month_23623243_23630442_w21,chainlink,1761067139,0.000250092152980573
weth_usdc_3000_month_23623243_23630442_w21,chainlink,1761067211,0.000251550150831221
weth_usdc_3000_month_23623243_23630442_w21,chainlink,1761067607,0.000250228939493729
weth_usdc_3000_month_23623243_23630442_w21,chainlink,1761068447,0.000248820473005255
weth_usdc_3000_month_23623243_23630442_w21,chainlink,1761070307,0.000250856537966583
weth_usdc_3000_month_23623243_23630442_w21,chainlink,1761072443,0.00024958377742888
weth_usdc_3000_month_23623243_23630442_w21,chainlink,1761076079,0.000249584438500855
weth_usdc_3000_month_23623243_23630442_w21,chainlink,1761077339,0.00025085424412566
weth_usdc_3000_month_23623243_23630442_w21,chainlink,1761077819,0.000252661345962542
weth_usdc_3000_month_23623243_23630442_w21,chainlink,1761081443,0.000253034840092301
weth_usdc_3000_month_23623243_23630442_w21,chainlink,1761081779,0.000254542665869512
weth_usdc_3000_month_23623243_23630442_w21,chainlink,1761082583,0.000253266194193545
weth_usdc_3000_month_23623243_23630442_w21,chainlink,1761084575,0.000254666595352888
weth_usdc_3000_month_23623243_23630442_w21,chainlink,1761085955,0.000255947663240249
weth_usdc_3000_month_23623243_23630442_w21,chainlink,1761086843,0.00025462124620007
weth_usdc_3000_month_23623243_23630442_w21,chainlink,1761087203,0.00025590390973264
weth_usdc_3000_month_23623243_23630442_w21,chainlink,1761089615,0.000257229258258452
weth_usdc_3000_month_23623243_23630442_w21,chainlink,1761089879,0.000258582171813238
weth_usdc_3000_month_23623243_23630442_w21,chainlink,1761091427,0.000258571827491933
weth_usdc_3000_month_23623243_23630442_w21,chainlink,1761092039,0.000256962077366695
weth_usdc_3000_month_23623243_23630442_w21,chainlink,1761092795,0.000258253730971654
weth_usdc_3000_month_23623243_23630442_w21,chainlink,1761093335,0.000260585826837322
weth_usdc_3000_month_23623243_23630442_w21,chainlink,1761095315,0.000259258785805637
weth_usdc_3000_month_23623243_23630442_w21,chainlink,1761098939,0.000258297788976383
weth_usdc_3000_month_23623243_23630442_w21,chainlink,1761102551,0.000259291723286619
weth_usdc_3000_month_23630443_23637642_w22,chainlink,1761102551,0.000259291723286619
weth_usdc_3000_month_23630443_23637642_w22,chainlink,1761106175,0.000258204723310901
weth_usdc_3000_month_23630443_23637642_w22,chainlink,1761109811,0.000258366430400549
weth_usdc_3000_month_23630443_23637642_w22,chainlink,1761110831,0.000259990899044399
weth_usdc_3000_month_23630443_23637642_w22,chainlink,1761112631,0.000258687288655232
weth_usdc_3000_month_23630443_23637642_w22,chainlink,1761116255,0.000258765412226377
weth_usdc_3000_month_23630443_23637642_w22,chainlink,1761116927,0.000260076535114455
weth_usdc_3000_month_23630443_23637642_w22,chainlink,1761118307,0.000258757683106075
weth_usdc_3000_month_23630443_23637642_w22,chainlink,1761121943,0.000258937173046045
weth_usdc_3000_month_23630443_23637642_w22,chainlink,1761124811,0.000260868777367996
weth_usdc_3000_month_23630443_23637642_w22,chainlink,1761125411,0.000259517178549459
weth_usdc_3000_month_23630443_23637642_w22,chainlink,1761126371,0.000260948995597174
weth_usdc_3000_month_23630443_23637642_w22,chainlink,1761129971,0.000260695432750858
weth_usdc_3000_month_23630443_23637642_w22,chainlink,1761130991,0.000262117794622605
weth_usdc_3000_month_23630443_23637642_w22,chainlink,1761131075,0.000264458657308843
weth_usdc_3000_month_23630443_23637642_w22,chainlink,1761131183,0.000263068833370542
weth_usdc_3000_month_23630443_23637642_w22,chainlink,1761131567,0.000261755300263904
weth_usdc_3000_month_23630443_23637642_w22,chainlink,1761132107,0.000260436974980468
weth_usdc_3000_month_23630443_23637642_w22,chainlink,1761135743,0.00026012393206776
weth_usdc_3000_month_23630443_23637642_w22,chainlink,1761138707,0.000258741919852743
weth_usdc_3000_month_23630443_23637642_w22,chainlink,1761139847,0.000260172883067139
weth_usdc_3000_month_23630443_23637642_w22,chainlink,1761141527,0.000258228972698793
weth_usdc_3000_month_23630443_23637642_w22,chainlink,1761141923,0.000259562525542906
weth_usdc_3000_month_23630443_23637642_w22,chainlink,1761142979,0.000261106227266478
weth_usdc_3000_month_23630443_23637642_w22,chainlink,1761143027,0.000262585135097311
weth_usdc_3000_month_23630443_23637642_w22,chainlink,1761145019,0.000261045759452804
weth_usdc_3000_month_23630443_23637642_w22,chainlink,1761145223,0.000259608818588516
weth_usdc_3000_month_23630443_23637642_w22,chainlink,1761145919,0.000261025396361331
weth_usdc_3000_month_23630443_23637642_w22,chainlink,1761146219,0.00026242837982903
weth_usdc_3000_month_23630443_23637642_w22,chainlink,1761147611,0.000260651163362998
weth_usdc_3000_month_23630443_23637642_w22,chainlink,1761150143,0.000262027432872275
weth_usdc_3000_month_23630443_23637642_w22,chainlink,1761150443,0.000260561379917807
weth_usdc_3000_month_23630443_23637642_w22,chainlink,1761150743,0.000261905552564019
weth_usdc_3000_month_23630443_23637642_w22,chainlink,1761150923,0.000260382007219724
weth_usdc_3000_month_23630443_23637642_w22,chainlink,1761154559,0.000260553510400984
weth_usdc_3000_month_23630443_23637642_w22,chainlink,1761155003,0.000262020566253315
weth_usdc_3000_month_23630443_23637642_w22,chainlink,1761157019,0.000263456717288619
weth_usdc_3000_month_23630443_23637642_w22,chainlink,1761157343,0.00026195081008899
weth_usdc_3000_month_23630443_23637642_w22,chainlink,1761158519,0.000263311745769567
weth_usdc_3000_month_23630443_23637642_w22,chainlink,1761159959,0.000261937508677894
weth_usdc_3000_month_23630443_23637642_w22,chainlink,1761162779,0.000263308514435514
weth_usdc_3000_month_23630443_23637642_w22,chainlink,1761165251,0.00026489381615631
weth_usdc_3000_month_23630443_23637642_w22,chainlink,1761165587,0.000263381301081394
weth_usdc_3000_month_23630443_23637642_w22,chainlink,1761166943,0.000264862609182389
weth_usdc_3000_month_23630443_23637642_w22,chainlink,1761167555,0.000267375918197184
weth_usdc_3000_month_23630443_23637642_w22,chainlink,1761170819,0.000265901939079505
weth_usdc_3000_month_23630443_23637642_w22,chainlink,1761171731,0.00026724012382017
weth_usdc_3000_month_23630443_23637642_w22,chainlink,1761174131,0.000265639093597276
weth_usdc_3000_month_23630443_23637642_w22,chainlink,1761174251,0.000265641968214715
weth_usdc_3000_month_23630443_23637642_w22,chainlink,1761175211,0.000264261134998664
weth_usdc_3000_month_23630443_23637642_w22,chainlink,1761175631,0.000262584012053782
weth_usdc_3000_month_23630443_23637642_w22,chainlink,1761179255,0.000262733947509485
weth_usdc_3000_month_23630443_23637642_w22,chainlink,1761181931,0.000261410970221443
weth_usdc_3000_month_23630443_23637642_w22,chainlink,1761185615,0.000261762031706777
weth_usdc_3000_month_23630443_23637642_w22,chainlink,1761189227,0.000261220427986592
weth_usdc_3000_month_23637643_23644842_w23,chainlink,1761189227,0.000261220427986592
weth_usdc_3000_month_23637643_23644842_w23,chainlink,1761192851,0.00026145934980534
weth_usdc_3000_month_23637643_23644842_w23,chainlink,1761194507,0.000260095985655539
weth_usdc_3000_month_23637643_23644842_w23,chainlink,1761198131,0.000260493600147979
weth_usdc_3000_month_23637643_23644842_w23,chainlink,1761200207,0.000258951724333688
weth_usdc_3000_month_23637643_23644842_w23,chainlink,1761200327,0.000257396657558674
weth_usdc_3000_month_23637643_23644842_w23,chainlink,1761203963,0.000257633570933027
weth_usdc_3000_month_23637643_23644842_w23,chainlink,1761207563,0.000256293791680696
weth_usdc_3000_month_23637643_23644842_w23,chainlink,1761210323,0.000257593230976774
weth_usdc_3000_month_23637643_23644842_w23,chainlink,1761213947,0.000256693458102123
weth_usdc_3000_month_23637643_23644842_w23,chainlink,1761217619,0.000257838323629337
weth_usdc_3000_month_23637643_23644842_w23,chainlink,1761220979,0.000259500454184466
weth_usdc_3000_month_23637643_23644842_w23,chainlink,1761224603,0.000260063696267117
weth_usdc_3000_month_23637643_23644842_w23,chainlink,1761226583,0.000258683666107973
weth_usdc_3000_month_23637643_23644842_w23,chainlink,1761226979,0.000260625304478519
weth_usdc_3000_month_23637643_23644842_w23,chainlink,1761227459,0.000259252867424917
weth_usdc_3000_month_23637643_23644842_w23,chainlink,1761228491,0.0002612074620939
weth_usdc_3000_month_23637643_23644842_w23,chainlink,1761230219,0.000259783413507867
weth_usdc_3000_month_23637643_23644842_w23,chainlink,1761232235,0.000258425105894336
weth_usdc_3000_month_23637643_23644842_w23,chainlink,1761235871,0.000258543696362221
weth_usdc_3000_month_23637643_23644842_w23,chainlink,1761237971,0.000257184957880522
weth_usdc_3000_month_23637643_23644842_w23,chainlink,1761238535,0.000255900128931463
weth_usdc_3000_month_23637643_23644842_w23,chainlink,1761238547,0.000254614104495198
weth_usdc_3000_month_23637643_23644842_w23,chainlink,1761238895,0.000256251575463008
weth_usdc_3000_month_23637643_23644842_w23,chainlink,1761239351,0.000257631478859886
weth_usdc_3000_month_23637643_23644842_w23,chainlink,1761240947,0.00025554214763023
weth_usdc_3000_month_23637643_23644842_w23,chainlink,1761243767,0.000256861763139341
weth_usdc_3000_month_23637643_23644842_w23,chainlink,1761244955,0.000258153094235471
weth_usdc_3000_month_23637643_23644842_w23,chainlink,1761246323,0.000259855222189845
weth_usdc_3000_month_23637643_23644842_w23,chainlink,1761247739,0.000258415400041039
weth_usdc_3000_month_23637643_23644842_w23,chainlink,1761249779,0.000260145913880577
weth_usdc_3000_month_23637643_23644842_w23,chainlink,1761253403,0.000260731064313121
weth_usdc_3000_month_23637643_23644842_w23,chainlink,1761257015,0.000260793912283676
weth_usdc_3000_month_23637643_23644842_w23,chainlink,1761257087,0.000260795177297565
weth_usdc_3000_month_23637643_23644842_w23,chainlink,1761258755,0.000259335110255317
weth_usdc_3000_month_23637643_23644842_w23,chainlink,1761262379,0.000259411778624291
weth_usdc_3000_month_23637643_23644842_w23,chainlink,1761265991,0.000259477166349048
weth_usdc_3000_month_23637643_23644842_w23,chainlink,1761267071,0.000258019312438904
weth_usdc_3000_month_23637643_23644842_w23,chainlink,1761270707,0.000257628177804672
weth_usdc_3000_month_23637643_23644842_w23,chainlink,1761274319,0.000257156199653919
weth_usdc_3000_month_23637643_23644842_w23,chainlink,1761277931,0.000257678731897154
weth_usdc_3000_month_23644843_23652042_w24,chainlink,1761277931,0.000257678731897154
weth_usdc_3000_month_23644843_23652042_w24,chainlink,1761279275,0.000256375056405936
weth_usdc_3000_month_23644843_23652042_w24,chainlink,1761280067,0.000255071625365435
weth_usdc_3000_month_23644843_23652042_w24,chainlink,1761280463,0.000253156561389476
weth_usdc_3000_month_23644843_23652042_w24,chainlink,1761281507,0.000251641584395953
weth_usdc_3000_month_23644843_23652042_w24,chainlink,1761285143,0.000251204778826274
weth_usdc_3000_month_23644843_23652042_w24,chainlink,1761288767,0.000251117150671445
weth_usdc_3000_month_23644843_23652042_w24,chainlink,1761291527,0.000252381049379444
weth_usdc_3000_month_23644843_23652042_w24,chainlink,1761292043,0.000253743993767272
weth_usdc_3000_month_23644843_23652042_w24,chainlink,1761295559,0.000252354372916303
weth_usdc_3000_month_23644843_23652042_w24,chainlink,1761299195,0.000252386233024083
weth_usdc_3000_month_23644843_23652042_w24,chainlink,1761302807,0.00025266357452228
weth_usdc_3000_month_23644843_23652042_w24,chainlink,1761305675,0.000254062641546368
weth_usdc_3000_month_23644843_23652042_w24,chainlink,1761307547,0.000252762952674003
weth_usdc_3000_month_23644843_23652042_w24,chainlink,1761309059,0.000251203040356816
weth_usdc_3000_month_23644843_23652042_w24,chainlink,1761309119,0.000249772845816034
weth_usdc_3000_month_23644843_23652042_w24,chainlink,1761309359,0.000251086579189948
weth_usdc_3000_month_23644843_23652042_w24,chainlink,1761310595,0.000252549978278001
weth_usdc_3000_month_23644843_23652042_w24,chainlink,1761313523,0.000253963767563778
weth_usdc_3000_month_23644843_23652042_w24,chainlink,1761315707,0.000255459765177473
weth_usdc_3000_month_23644843_23652042_w24,chainlink,1761317663,0.000256851931338333
weth_usdc_3000_month_23644843_23652042_w24,chainlink,1761318767,0.000255208996214779
weth_usdc_3000_month_23644843_23652042_w24,chainlink,1761320747,0.000257021517252491
weth_usdc_3000_month_23644843_23652042_w24,chainlink,1761323783,0.000258327821064628
weth_usdc_3000_month_23644843_23652042_w24,chainlink,1761325307,0.000256808366315908
weth_usdc_3000_month_23644843_23652042_w24,chainlink,1761328919,0.000257230176288259
weth_usdc_3000_month_23644843_23652042_w24,chainlink,1761329747,0.000255898709800998
weth_usdc_3000_month_23644843_23652042_w24,chainlink,1761332939,0.000254551462629851
weth_usdc_3000_month_23644843_23652042_w24,chainlink,1761336575,0.00025436174483327
weth_usdc_3000_month_23644843_23652042_w24,chainlink,1761339899,0.000254370882643248
weth_usdc_3000_month_23644843_23652042_w24,chainlink,1761340187,0.00025409451791328
weth_usdc_3000_month_23644843_23652042_w24,chainlink,1761343883,0.000253871653993119
weth_usdc_3000_month_23644843_23652042_w24,chainlink,1761347519,0.000254469294256986
weth_usdc_3000_month_23644843_23652042_w24,chainlink,1761351143,0.000254505551256859
weth_usdc_3000_month_23644843_23652042_w24,chainlink,1761354755,0.000255047606294111
weth_usdc_3000_month_23644843_23652042_w24,chainlink,1761358379,0.000254494973318042
weth_usdc_3000_month_23644843_23652042_w24,chainlink,1761361991,0.000254459652011307
weth_usdc_3000_month_23644843_23652042_w24,chainlink,1761365615,0.000254815252928156
weth_usdc_3000_month_23652043_23659242_w25,chainlink,1761365615,0.000254815252928156
weth_usdc_3000_month_23652043_23659242_w25,chainlink,1761369227,0.000254863139166357
weth_usdc_3000_month_23652043_23659242_w25,chainlink,1761372839,0.000254145773825133
weth_usdc_3000_month_23652043_23659242_w25,chainlink,1761376475,0.000254251396671207
weth_usdc_3000_month_23652043_23659242_w25,chainlink,1761380111,0.000254115533677097
weth_usdc_3000_month_23652043_23659242_w25,chainlink,1761382775,0.000252798496727234
weth_usdc_3000_month_23652043_23659242_w25,chainlink,1761386387,0.000253609345441151
weth_usdc_3000_month_23652043_23659242_w25,chainlink,1761389999,0.000253574185190352
weth_usdc_3000_month_23652043_23659242_w25,chainlink,1761393635,0.000253725233729031
weth_usdc_3000_month_23652043_23659242_w25,chainlink,1761397271,0.000252756960278259
weth_usdc_3000_month_23652043_23659242_w25,chainlink,1761400907,0.000253544744684643
weth_usdc_3000_month_23652043_23659242_w25,chainlink,1761404543,0.000254049707951346
weth_usdc_3000_month_23652043_23659242_w25,chainlink,1761408179,0.000254280727566281
weth_usdc_3000_month_23652043_23659242_w25,chainlink,1761411863,0.000254178192124863
weth_usdc_3000_month_23652043_23659242_w25,chainlink,1761415499,0.000254262104901866
weth_usdc_3000_month_23652043_23659242_w25,chainlink,1761417083,0.000252896435819328
weth_usdc_3000_month_23652043_23659242_w25,chainlink,1761420695,0.000252491449883591
weth_usdc_3000_month_23652043_23659242_w25,chainlink,1761422699,0.000252479483255811
weth_usdc_3000_month_23652043_23659242_w25,chainlink,1761424307,0.00025297775011512
weth_usdc_3000_month_23652043_23659242_w25,chainlink,1761427931,0.00025328792108503
weth_usdc_3000_month_23652043_23659242_w25,chainlink,1761431603,0.000252833428093471
weth_usdc_3000_month_23652043_23659242_w25,chainlink,1761435227,0.000252766524183599
weth_usdc_3000_month_23652043_23659242_w25,chainlink,1761438839,0.000252614661933912
weth_usdc_3000_month_23652043_23659242_w25,chainlink,1761442463,0.000253143249119854
weth_usdc_3000_month_23652043_23659242_w25,chainlink,1761443867,0.000254688025218433
weth_usdc_3000_month_23652043_23659242_w25,chainlink,1761447479,0.000254339974135302
weth_usdc_3000_month_23652043_23659242_w25,chainlink,1761451115,0.00025438277085904
weth_usdc_3000_month_23659243_23666442_w26,chainlink,1761451115,0.00025438277085904
weth_usdc_3000_month_23659243_23666442_w26,chainlink,1761454739,0.000253736807049457
weth_usdc_3000_month_23659243_23666442_w26,chainlink,1761458351,0.0002534663327128
weth_usdc_3000_month_23659243_23666442_w26,chainlink,1761461975,0.000253438823291056
weth_usdc_3000_month_23659243_23666442_w26,chainlink,1761465647,0.000252992062763508
weth_usdc_3000_month_23659243_23666442_w26,chainlink,1761469283,0.000252445403591672
weth_usdc_3000_month_23659243_23666442_w26,chainlink,1761470747,0.000250948728519631
weth_usdc_3000_month_23659243_23666442_w26,chainlink,1761471023,0.000249571872930723
weth_usdc_3000_month_23659243_23666442_w26,chainlink,1761471959,0.0002508603672091
weth_usdc_3000_month_23659243_23666442_w26,chainlink,1761475595,0.000251046806501991
weth_usdc_3000_month_23659243_23666442_w26,chainlink,1761478235,0.000249753304412204
weth_usdc_3000_month_23659243_23666442_w26,chainlink,1761479015,0.000247330851080618
weth_usdc_3000_month_23659243_23666442_w26,chainlink,1761482315,0.000246006574188437
weth_usdc_3000_month_23659243_23666442_w26,chainlink,1761485927,0.000245071263526201
weth_usdc_3000_month_23659243_23666442_w26,chainlink,1761489563,0.00024522860270992
weth_usdc_3000_month_23659243_23666442_w26,chainlink,1761493199,0.00024573658563076
weth_usdc_3000_month_23659243_23666442_w26,chainlink,1761496823,0.000246284198434997
weth_usdc_3000_month_23659243_23666442_w26,chainlink,1761500435,0.000246011657691719
weth_usdc_3000_month_23659243_23666442_w26,chainlink,1761504071,0.000245334207265728
weth_usdc_3000_month_23659243_23666442_w26,chainlink,1761505511,0.000245335829145089
weth_usdc_3000_month_23659243_23666442_w26,chainlink,1761507695,0.000245736670032484
weth_usdc_3000_month_23659243_23666442_w26,chainlink,1761511295,0.000245650688649114
weth_usdc_3000_month_23659243_23666442_w26,chainlink,1761514907,0.000244601528858934
weth_usdc_3000_month_23659243_23666442_w26,chainlink,1761516263,0.000239714316191469
weth_usdc_3000_month_23659243_23666442_w26,chainlink,1761516335,0.000241079624178486
weth_usdc_3000_month_23659243_23666442_w26,chainlink,1761516443,0.000242377408133028
weth_usdc_3000_month_23659243_23666442_w26,chainlink,1761518087,0.000241035528406091
weth_usdc_3000_month_23659243_23666442_w26,chainlink,1761519707,0.000239680905831898
weth_usdc_3000_month_23659243_23666442_w26,chainlink,1761523343,0.000240444324453744
weth_usdc_3000_month_23659243_23666442_w26,chainlink,1761525299,0.000238935455195008
weth_usdc_3000_month_23659243_23666442_w26,chainlink,1761528911,0.00023865871773628
weth_usdc_3000_month_23659243_23666442_w26,chainlink,1761531911,0.000237377691443583
weth_usdc_3000_month_23659243_23666442_w26,chainlink,1761532331,0.000238859010096302
weth_usdc_3000_month_23659243_23666442_w26,chainlink,1761533003,0.000237638991615577
weth_usdc_3000_month_23659243_23666442_w26,chainlink,1761536603,0.000237841491753187
weth_usdc_3000_month_23666443_23673642_w27,chainlink,1761536603,0.000237841491753187
weth_usdc_3000_month_23666443_23673642_w27,chainlink,1761540215,0.000237612449174071
weth_usdc_3000_month_23666443_23673642_w27,chainlink,1761541979,0.000236331182240951
weth_usdc_3000_month_23666443_23673642_w27,chainlink,1761545603,0.000236601582255087
weth_usdc_3000_month_23666443_23673642_w27,chainlink,1761549215,0.000236450982107807
weth_usdc_3000_month_23666443_23673642_w27,chainlink,1761550775,0.000237702636908456
weth_usdc_3000_month_23666443_23673642_w27,chainlink,1761553559,0.000238951093861141
weth_usdc_3000_month_23666443_23673642_w27,chainlink,1761553799,0.000240389170879862
weth_usdc_3000_month_23666443_23673642_w27,chainlink,1761557435,0.000240397478866331
weth_usdc_3000_month_23666443_23673642_w27,chainlink,1761561047,0.000239761648526354
weth_usdc_3000_month_23666443_23673642_w27,chainlink,1761564095,0.000241340387015175
weth_usdc_3000_month_23666443_23673642_w27,chainlink,1761565451,0.000240130169769949
weth_usdc_3000_month_23666443_23673642_w27,chainlink,1761568583,0.000241352647198244
weth_usdc_3000_month_23666443_23673642_w27,chainlink,1761570647,0.000240123608270543
weth_usdc_3000_month_23666443_23673642_w27,chainlink,1761572207,0.000241442372332924
weth_usdc_3000_month_23666443_23673642_w27,chainlink,1761573047,0.000239995557782818
weth_usdc_3000_month_23666443_23673642_w27,chainlink,1761574247,0.000241276043596345
weth_usdc_3000_month_23666443_23673642_w27,chainlink,1761577595,0.000240060130862265
weth_usdc_3000_month_23666443_23673642_w27,chainlink,1761581231,0.000238874274362104
weth_usdc_3000_month_23666443_23673642_w27,chainlink,1761582971,0.000237654489833642
weth_usdc_3000_month_23666443_23673642_w27,chainlink,1761586607,0.000237569542025542
weth_usdc_3000_month_23666443_23673642_w27,chainlink,1761588335,0.000237569824769824
weth_usdc_3000_month_23666443_23673642_w27,chainlink,1761588611,0.000236376907216145
weth_usdc_3000_month_23666443_23673642_w27,chainlink,1761589775,0.00023760063189303
weth_usdc_3000_month_23666443_23673642_w27,chainlink,1761593387,0.000237219807542657
weth_usdc_3000_month_23666443_23673642_w27,chainlink,1761595187,0.000238727259402826
weth_usdc_3000_month_23666443_23673642_w27,chainlink,1761595403,0.000240285688194214
weth_usdc_3000_month_23666443_23673642_w27,chainlink,1761597935,0.000241629544377147
weth_usdc_3000_month_23666443_23673642_w27,chainlink,1761600287,0.000243659057844754
weth_usdc_3000_month_23666443_23673642_w27,chainlink,1761600971,0.000242344890018899
weth_usdc_3000_month_23666443_23673642_w27,chainlink,1761604595,0.000242105344464728
weth_usdc_3000_month_23666443_23673642_w27,chainlink,1761606995,0.000243367972862898
weth_usdc_3000_month_23666443_23673642_w27,chainlink,1761610595,0.000242385250132995
weth_usdc_3000_month_23666443_23673642_w27,chainlink,1761614207,0.000242113241173237
weth_usdc_3000_month_23666443_23673642_w27,chainlink,1761617819,0.000242401524877505
weth_usdc_3000_month_23666443_23673642_w27,chainlink,1761619847,0.000244079768550737
weth_usdc_3000_month_23666443_23673642_w27,chainlink,1761623471,0.00024479041348533
weth_usdc_3000_month_23673643_23680842_w28,chainlink,1761623471,0.00024479041348533
weth_usdc_3000_month_23673643_23680842_w28,chainlink,1761626999,0.000243521973365027
weth_usdc_3000_month_23673643_23680842_w28,chainlink,1761630299,0.000244763490807911
weth_usdc_3000_month_23673643_23680842_w28,chainlink,1761633923,0.000243955116271693
weth_usdc_3000_month_23673643_23680842_w28,chainlink,1761635099,0.000242573157299718
weth_usdc_3000_month_23673643_23680842_w28,chainlink,1761638711,0.000242887725642432
weth_usdc_3000_month_23673643_23680842_w28,chainlink,1761642335,0.000242305864789653
weth_usdc_3000_month_23673643_23680842_w28,chainlink,1761643811,0.000243529482059248
weth_usdc_3000_month_23673643_23680842_w28,chainlink,1761647435,0.00024273990726212
weth_usdc_3000_month_23673643_23680842_w28,chainlink,1761651047,0.000242673242335397
weth_usdc_3000_month_23673643_23680842_w28,chainlink,1761654683,0.000243508925744623
weth_usdc_3000_month_23673643_23680842_w28,chainlink,1761656579,0.000242221161696055
weth_usdc_3000_month_23673643_23680842_w28,chainlink,1761657899,0.000240759698597517
weth_usdc_3000_month_23673643_23680842_w28,chainlink,1761661235,0.000239518937092509
weth_usdc_3000_month_23673643_23680842_w28,chainlink,1761661631,0.00024073172552107
weth_usdc_3000_month_23673643_23680842_w28,chainlink,1761662435,0.00024214717747362
weth_usdc_3000_month_23673643_23680842_w28,chainlink,1761662627,0.00024340425162742
weth_usdc_3000_month_23673643_23680842_w28,chainlink,1761662735,0.000244783485771362
weth_usdc_3000_month_23673643_23680842_w28,chainlink,1761663071,0.000243397110456481
weth_usdc_3000_month_23673643_23680842_w28,chainlink,1761664067,0.000242097745038115
weth_usdc_3000_month_23673643_23680842_w28,chainlink,1761665447,0.000243587525300853
weth_usdc_3000_month_23673643_23680842_w28,chainlink,1761669083,0.000242186566800625
weth_usdc_3000_month_23673643_23680842_w28,chainlink,1761671159,0.000242184687192277
weth_usdc_3000_month_23673643_23680842_w28,chainlink,1761672707,0.000242111667934518
weth_usdc_3000_month_23673643_23680842_w28,chainlink,1761676319,0.000242043375220591
weth_usdc_3000_month_23673643_23680842_w28,chainlink,1761677039,0.00024327112090546
weth_usdc_3000_month_23673643_23680842_w28,chainlink,1761679079,0.000244557069025821
weth_usdc_3000_month_23673643_23680842_w28,chainlink,1761679259,0.000246086674390077
weth_usdc_3000_month_23673643_23680842_w28,chainlink,1761681023,0.000247760321199845
weth_usdc_3000_month_23673643_23680842_w28,chainlink,1761682391,0.000249286261461651
weth_usdc_3000_month_23673643_23680842_w28,chainlink,1761682763,0.000250547116484875
weth_usdc_3000_month_23673643_23680842_w28,chainlink,1761683423,0.000251958812780267
weth_usdc_3000_month_23673643_23680842_w28,chainlink,1761684011,0.000250572864898738
weth_usdc_3000_month_23673643_23680842_w28,chainlink,1761684719,0.000251848959336118
weth_usdc_3000_month_23673643_23680842_w28,chainlink,1761685679,0.000253888038895695
weth_usdc_3000_month_23673643_23680842_w28,chainlink,1761685991,0.000252307077565594
weth_usdc_3000_month_23673643_23680842_w28,chainlink,1761687851,0.00025099649473457
weth_usdc_3000_month_23673643_23680842_w28,chainlink,1761691475,0.000250240003988366
weth_usdc_3000_month_23673643_23680842_w28,chainlink,1761695111,0.000251069315060973
weth_usdc_3000_month_23673643_23680842_w28,chainlink,1761698735,0.000251077978319426
weth_usdc_3000_month_23673643_23680842_w28,chainlink,1761702119,0.000249615762825037
weth_usdc_3000_month_23673643_23680842_w28,chainlink,1761702587,0.000250886577592774
weth_usdc_3000_month_23673643_23680842_w28,chainlink,1761706211,0.000249964235261082
weth_usdc_3000_month_23673643_23680842_w28,chainlink,1761709847,0.000250015513068484
weth_usdc_3000_month_23673643_23680842_w28,chainlink,1761712427,0.000248719042661385
weth_usdc_3000_month_23680843_23688042_w29,chainlink,1761712427,0.000248719042661385
weth_usdc_3000_month_23680843_23688042_w29,chainlink,1761716051,0.000248337442995586
weth_usdc_3000_month_23680843_23688042_w29,chainlink,1761719663,0.000248547403901798
weth_usdc_3000_month_23680843_23688042_w29,chainlink,1761723287,0.000248567000636915
weth_usdc_3000_month_23680843_23688042_w29,chainlink,1761726923,0.000248941056154689
weth_usdc_3000_month_23680843_23688042_w29,chainlink,1761729287,0.000250303171189444
weth_usdc_3000_month_23680843_23688042_w29,chainlink,1761732899,0.000250319688438675
weth_usdc_3000_month_23680843_23688042_w29,chainlink,1761736523,0.000249757362747688
weth_usdc_3000_month_23680843_23688042_w29,chainlink,1761740159,0.000249072986462079
weth_usdc_3000_month_23680843_23688042_w29,chainlink,1761743783,0.000248494571563097
weth_usdc_3000_month_23680843_23688042_w29,chainlink,1761745055,0.000249850862075038
weth_usdc_3000_month_23680843_23688042_w29,chainlink,1761746615,0.00025136998746023
weth_usdc_3000_month_23680843_23688042_w29,chainlink,1761749195,0.000249944145209778
weth_usdc_3000_month_23680843_23688042_w29,chainlink,1761749759,0.000251206753061262
weth_usdc_3000_month_23680843_23688042_w29,chainlink,1761752015,0.000252567664802253
weth_usdc_3000_month_23680843_23688042_w29,chainlink,1761753959,0.000254006796776582
weth_usdc_3000_month_23680843_23688042_w29,chainlink,1761753983,0.000253990477164406
weth_usdc_3000_month_23680843_23688042_w29,chainlink,1761754859,0.000252446918100066
weth_usdc_3000_month_23680843_23688042_w29,chainlink,1761758471,0.000252331377373966
weth_usdc_3000_month_23680843_23688042_w29,chainlink,1761759407,0.000250800841855996
weth_usdc_3000_month_23680843_23688042_w29,chainlink,1761759611,0.000249311121552687
weth_usdc_3000_month_23680843_23688042_w29,chainlink,1761760835,0.000250603363247464
weth_usdc_3000_month_23680843_23688042_w29,chainlink,1761760991,0.000248898782215781
weth_usdc_3000_month_23680843_23688042_w29,chainlink,1761761135,0.000250995047393073
weth_usdc_3000_month_23680843_23688042_w29,chainlink,1761762695,0.000249727742309344
weth_usdc_3000_month_23680843_23688042_w29,chainlink,1761763031,0.000252645141572488
weth_usdc_3000_month_23680843_23688042_w29,chainlink,1761763043,0.000254762339582604
weth_usdc_3000_month_23680843_23688042_w29,chainlink,1761763187,0.000256295229135317
weth_usdc_3000_month_23680843_23688042_w29,chainlink,1761763211,0.000257734129871813
weth_usdc_3000_month_23680843_23688042_w29,chainlink,1761763355,0.000259203913509919
weth_usdc_3000_month_23680843_23688042_w29,chainlink,1761763451,0.000257832247655326
weth_usdc_3000_month_23680843_23688042_w29,chainlink,1761763571,0.000256490897378096
weth_usdc_3000_month_23680843_23688042_w29,chainlink,1761763871,0.000255174037728698
weth_usdc_3000_month_23680843_23688042_w29,chainlink,1761764051,0.000253458627784419
weth_usdc_3000_month_23680843_23688042_w29,chainlink,1761764351,0.000255070252314774
weth_usdc_3000_month_23680843_23688042_w29,chainlink,1761764891,0.000253305025056878
weth_usdc_3000_month_23680843_23688042_w29,chainlink,1761765647,0.000254591845829078
weth_usdc_3000_month_23680843_23688042_w29,chainlink,1761766619,0.00025607267651244
weth_usdc_3000_month_23680843_23688042_w29,chainlink,1761769427,0.000254685999139067
weth_usdc_3000_month_23680843_23688042_w29,chainlink,1761771071,0.000253368671817752
weth_usdc_3000_month_23680843_23688042_w29,chainlink,1761774707,0.000252466459434412
weth_usdc_3000_month_23680843_23688042_w29,chainlink,1761777047,0.000253775024049993
weth_usdc_3000_month_23680843_23688042_w29,chainlink,1761779447,0.000255099560583352
weth_usdc_3000_month_23680843_23688042_w29,chainlink,1761781079,0.000256539867855539
weth_usdc_3000_month_23680843_23688042_w29,chainlink,1761781343,0.000257937455887596
weth_usdc_3000_month_23680843_23688042_w29,chainlink,1761781607,0.00025664389535176
weth_usdc_3000_month_23680843_23688042_w29,chainlink,1761783683,0.000255344802944997
weth_usdc_3000_month_23680843_23688042_w29,chainlink,1761787307,0.000255232215088231
weth_usdc_3000_month_23680843_23688042_w29,chainlink,1761790607,0.000253947104186271
weth_usdc_3000_month_23680843_23688042_w29,chainlink,1761794219,0.000253159691477388
weth_usdc_3000_month_23680843_23688042_w29,chainlink,1761796439,0.00025444049267753
weth_usdc_3000_month_23680843_23688042_w29,chainlink,1761797399,0.000255830342675859
weth_usdc_3000_month_23680843_23688042_w29,chainlink,1761797639,0.000257125075224129
weth_usdc_3000_month_23680843_23688042_w29,chainlink,1761798299,0.000258425049498296
weth_usdc_3000_month_23680843_23688042_w29,chainlink,1761798575,0.000260201143947705
weth_usdc_3000_month_23680843_23688042_w29,chainlink,1761798863,0.000258676263721188
weth_usdc_3000_month_23680843_23688042_w29,chainlink,1761798959,0.00025725736054244
weth_usdc_3000_month_23680843_23688042_w29,chainlink,1761799043,0.000255559736313436
weth_usdc_3000_month_23680843_23688042_w29,chainlink,1761799379,0.00025688007865186
weth_usdc_3000_month_23680843_23688042_w29,chainlink,1761800399,0.000258194805630805
weth_usdc_3000_month_23688043_23695242_w30,chainlink,1761800399,0.000258194805630805
weth_usdc_3000_month_23688043_23695242_w30,chainlink,1761802799,0.00025661714045233
weth_usdc_3000_month_23688043_23695242_w30,chainlink,1761803183,0.000255006441719866
weth_usdc_3000_month_23688043_23695242_w30,chainlink,1761805019,0.00025632150252135
weth_usdc_3000_month_23688043_23695242_w30,chainlink,1761806639,0.00025480896345224
weth_usdc_3000_month_23688043_23695242_w30,chainlink,1761810275,0.000253827191310224
weth_usdc_3000_month_23688043_23695242_w30,chainlink,1761813899,0.000254110422898912
weth_usdc_3000_month_23688043_23695242_w30,chainlink,1761815555,0.000255494224675457
weth_usdc_3000_month_23688043_23695242_w30,chainlink,1761819179,0.00025652012161486
weth_usdc_3000_month_23688043_23695242_w30,chainlink,1761822815,0.0002574337898921
weth_usdc_3000_month_23688043_23695242_w30,chainlink,1761826451,0.000257905488085878
weth_usdc_3000_month_23688043_23695242_w30,chainlink,1761827111,0.000259486291250667
weth_usdc_3000_month_23688043_23695242_w30,chainlink,1761828191,0.000261377077166685
weth_usdc_3000_month_23688043_23695242_w30,chainlink,1761828731,0.000263148767237567
weth_usdc_3000_month_23688043_23695242_w30,chainlink,1761829211,0.000261764425963712
weth_usdc_3000_month_23688043_23695242_w30,chainlink,1761831431,0.000264060371257974
weth_usdc_3000_month_23688043_23695242_w30,chainlink,1761832691,0.00026559314614758
weth_usdc_3000_month_23688043_23695242_w30,chainlink,1761833183,0.00026393248312474
weth_usdc_3000_month_23688043_23695242_w30,chainlink,1761836807,0.000263415358490703
weth_usdc_3000_month_23688043_23695242_w30,chainlink,1761836879,0.00026342859512564
weth_usdc_3000_month_23688043_23695242_w30,chainlink,1761838631,0.000264929205612676
weth_usdc_3000_month_23688043_23695242_w30,chainlink,1761841667,0.000263169733053278
weth_usdc_3000_month_23688043_23695242_w30,chainlink,1761842651,0.000264680594251404
weth_usdc_3000_month_23688043_23695242_w30,chainlink,1761844067,0.000266134204964678
weth_usdc_3000_month_23688043_23695242_w30,chainlink,1761845027,0.000267569740254832
weth_usdc_3000_month_23688043_23695242_w30,chainlink,1761846407,0.000266177423176344
weth_usdc_3000_month_23688043_23695242_w30,chainlink,1761849227,0.000267576555227732
weth_usdc_3000_month_23688043_23695242_w30,chainlink,1761850907,0.000268943097032037
weth_usdc_3000_month_23688043_23695242_w30,chainlink,1761853247,0.000270675128336147
weth_usdc_3000_month_23688043_23695242_w30,chainlink,1761853883,0.000269134674760503
weth_usdc_3000_month_23688043_23695242_w30,chainlink,1761854375,0.000270525098571176
weth_usdc_3000_month_23688043_23695242_w30,chainlink,1761855503,0.000269043124493673
weth_usdc_3000_month_23688043_23695242_w30,chainlink,1761856727,0.000267654875122841
weth_usdc_3000_month_23688043_23695242_w30,chainlink,1761857927,0.000266269680776058
weth_usdc_3000_month_23688043_23695242_w30,chainlink,1761861047,0.000264934866549941
weth_usdc_3000_month_23688043_23695242_w30,chainlink,1761864647,0.000265109596813965
weth_usdc_3000_month_23688043_23695242_w30,chainlink,1761867287,0.000263771951454786
weth_usdc_3000_month_23688043_23695242_w30,chainlink,1761869699,0.000262458835368695
weth_usdc_3000_month_23688043_23695242_w30,chainlink,1761871799,0.000261134182867001
weth_usdc_3000_month_23688043_23695242_w30,chainlink,1761873059,0.000259606958508594
weth_usdc_3000_month_23688043_23695242_w30,chainlink,1761876683,0.000260662267573118
weth_usdc_3000_month_23688043_23695242_w30,chainlink,1761878723,0.000262001599453805
weth_usdc_3000_month_23688043_23695242_w30,chainlink,1761880295,0.000260689842821333
weth_usdc_3000_month_23688043_23695242_w30,chainlink,1761883823,0.000259322817082596
weth_usdc_3000_month_23688043_23695242_w30,chainlink,1761887435,0.000259191024011034
weth_usdc_3000_month_23695243_23700766_w31,chainlink,1761887435,0.000259191024011034
weth_usdc_3000_month_23695243_23700766_w31,chainlink,1761890999,0.000260550368067782
weth_usdc_3000_month_23695243_23700766_w31,chainlink,1761894611,0.000261157145936646
weth_usdc_3000_month_23695243_23700766_w31,chainlink,1761898235,0.000260966199815208
weth_usdc_3000_month_23695243_23700766_w31,chainlink,1761901115,0.000259631901075816
weth_usdc_3000_month_23695243_23700766_w31,chainlink,1761904727,0.00026015527722185
weth_usdc_3000_month_23695243_23700766_w31,chainlink,1761908351,0.000260873495655392
weth_usdc_3000_month_23695243_23700766_w31,chainlink,1761911327,0.000259372597849997
weth_usdc_3000_month_23695243_23700766_w31,chainlink,1761911639,0.000257915246509157
weth_usdc_3000_month_23695243_23700766_w31,chainlink,1761914387,0.000259311086941841
weth_usdc_3000_month_23695243_23700766_w31,chainlink,1761915611,0.000260734819049009
weth_usdc_3000_month_23695243_23700766_w31,chainlink,1761916799,0.000259427109523179
weth_usdc_3000_month_23695243_23700766_w31,chainlink,1761918287,0.000260953690007227
weth_usdc_3000_month_23695243_23700766_w31,chainlink,1761918827,0.000259627181844148
weth_usdc_3000_month_23695243_23700766_w31,chainlink,1761919679,0.000259616852327906
weth_usdc_3000_month_23695243_23700766_w31,chainlink,1761922463,0.000259264124046587
weth_usdc_3000_month_23695243_23700766_w31,chainlink,1761923447,0.000257921003294823
weth_usdc_3000_month_23695243_23700766_w31,chainlink,1761925127,0.00025933215954241
weth_usdc_3000_month_23695243_23700766_w31,chainlink,1761928763,0.000258798911751348
weth_usdc_3000_month_23695243_23700766_w31,chainlink,1761929447,0.000261035531059979
weth_usdc_3000_month_23695243_23700766_w31,chainlink,1761931163,0.000262461043446538
weth_usdc_3000_month_23695243_23700766_w31,chainlink,1761933095,0.000261120784528543
weth_usdc_3000_month_23695243_23700766_w31,chainlink,1761935735,0.000262528377036875
weth_usdc_3000_month_23695243_23700766_w31,chainlink,1761935879,0.000260901189940185
weth_usdc_3000_month_23695243_23700766_w31,chainlink,1761935939,0.000259585515487484
weth_usdc_3000_month_23695243_23700766_w31,chainlink,1761938855,0.000258091162548267
weth_usdc_3000_month_23695243_23700766_w31,chainlink,1761939287,0.000256218496165041
weth_usdc_3000_month_23695243_23700766_w31,chainlink,1761939635,0.000257565204394899
weth_usdc_3000_month_23695243_23700766_w31,chainlink,1761943247,0.000257838315202796
weth_usdc_3000_month_23695243_23700766_w31,chainlink,1761944087,0.000259168187651075
weth_usdc_3000_month_23695243_23700766_w31,chainlink,1761947711,0.000259092725794201
weth_usdc_3000_month_23695243_23700766_w31,chainlink,1761951407,0.000259275195806563
weth_usdc_3000_month_23695243_23700766_w31,chainlink,1761955043,0.000259952331304454
