pool_family,month,window_id,quote_unit,realized_vol_annualised_pct,measured_regime,arm,adaptive,solver_gas_cost_quote,simulated_block_count,observed_time_span_seconds,trigger_count,clear_count,trade_count,fallback_count,auction_clear_rate,total_lp_net_quote,total_solver_payment_quote,total_winning_solver_profit_quote,total_potential_gross_lvr_quote,total_foregone_gross_lvr_quote,recapture_ratio,stale_time_share,cumulative_stale_time_seconds,cumulative_gap_time_bps_seconds,mean_delay_seconds,mean_effective_trigger_gap_bps,median_effective_trigger_gap_bps,mean_triggered_threshold_gap_bps,economic_threshold_feasible_rate,economic_threshold_minimum_bound_count,economic_threshold_interior_count,economic_threshold_maximum_escape_count,delta_total_lp_net_quote_vs_fixed10,delta_total_solver_payment_quote_vs_fixed10,delta_total_foregone_gross_lvr_quote_vs_fixed10,delta_stale_time_share_vs_fixed10,delta_cumulative_stale_time_seconds_vs_fixed10,delta_cumulative_gap_time_bps_seconds_vs_fixed10,delta_trigger_count_vs_fixed10,delta_clear_count_vs_fixed10,delta_trade_count_vs_fixed10,delta_fallback_count_vs_fixed10,lp_net_outcome_vs_fixed10
weth_usdc_3000,2026_01,weth_usdc_3000_month_24136052_24143251_w01,WETH,18.60330536644617,normal,fixed_10bps_control,False,5.047782716855625e-06,341,85704,22,0,6,22,0.0,-0.28612691185695244,0.0,0.0,7.766109985207997,6.662804652479485,0.7406638911557233,0.8499019882385886,72840,772777.6759092124,1468,10.0,10.0,10.0,,0,0,0,0.0,0.0,0.0,0.0,0.0,0.0,0.0,0.0,0.0,0.0,unchanged
weth_usdc_3000,2026_01,weth_usdc_3000_month_24136052_24143251_w01,WETH,18.60330536644617,normal,adaptive_5_100_h60,True,5.047782716855625e-06,341,85704,0,0,0,0,0.0,0.0,0.0,0.0,63.31772118675594,63.31772118675594,,1.0,85704,2764155.86092295,,100.0,100.0,,0.0,0,0,341,0.28612691185695244,0.0,56.65491653427645,0.15009801176141135,12864.0,1991378.1850137375,-22.0,0.0,-6.0,-22.0,improved
weth_usdc_3000,2026_01,weth_usdc_3000_month_24136052_24143251_w01,WETH,18.60330536644617,normal,adaptive_5_1000_h600,True,5.047782716855625e-06,341,85704,0,0,0,0,0.0,0.0,0.0,0.0,63.31772118675594,63.31772118675594,,1.0,85704,2764155.86092295,,320.01077965794764,320.010779606907,,1.0,0,341,0,0.28612691185695244,0.0,56.65491653427645,0.15009801176141135,12864.0,1991378.1850137375,-22.0,0.0,-6.0,-22.0,improved
weth_usdc_3000,2026_01,weth_usdc_3000_month_24136052_24143251_w01,WETH,18.60330536644617,normal,adaptive_10_1000_h600,True,5.047782716855625e-06,341,85704,0,0,0,0,0.0,0.0,0.0,0.0,63.31772118675594,63.31772118675594,,1.0,85704,2764155.86092295,,320.01077965794764,320.010779606907,,1.0,0,341,0,0.28612691185695244,0.0,56.65491653427645,0.15009801176141135,12864.0,1991378.1850137375,-22.0,0.0,-6.0,-22.0,improved
weth_usdc_3000,2026_01,weth_usdc_3000_month_24208052_24215251_w11,WETH,41.62573543989503,normal,fixed_10bps_control,False,4.843187474753745e-06,493,84084,26,0,11,25,0.0,-0.800063435741018,0.0,0.0,31.946280900009512,29.037275587637858,0.7249701015194288,0.4859426287997717,40860,685108.430983337,1078.909090909091,10.0,10.0,10.0,,0,0,0,0.0,0.0,0.0,0.0,0.0,0.0,0.0,0.0,0.0,0.0,unchanged
weth_usdc_3000,2026_01,weth_usdc_3000_month_24208052_24215251_w11,WETH,41.62573543989503,normal,adaptive_5_100_h60,True,4.843187474753745e-06,493,84084,1,0,1,1,0.0,-0.979448412440121,0.0,0.0,197.6813326080381,195.34347546239388,0.5810486477905674,0.7401170258313116,62232,2788268.129637971,696,100.0,100.0,100.0,0.0,0,0,433,-0.17938497669910303,0.0,166.30619987475603,0.2541743970315399,21372.0,2103159.698654634,-25.0,0.0,-10.0,-24.0,worsened
weth_usdc_3000,2026_01,weth_usdc_3000_month_24208052_24215251_w11,WETH,41.62573543989503,normal,adaptive_5_1000_h600,True,4.843187474753745e-06,493,84084,0,0,0,0,0.0,0.0,0.0,0.0,649.8980891483835,649.8980891483835,,0.7750820607963466,65172,5309047.982687725,,320.0099560828262,320.00995526614616,,1.0,0,450,0,0.800063435741018,0.0,620.8608135607457,0.2891394319965749,24312.0,4623939.551704388,-26.0,0.0,-11.0,-25.0,improved
weth_usdc_3000,2026_01,weth_usdc_3000_month_24208052_24215251_w11,WETH,41.62573543989503,normal,adaptive_10_1000_h600,True,4.843187474753745e-06,493,84084,0,0,0,0,0.0,0.0,0.0,0.0,649.8980891483835,649.8980891483835,,0.7750820607963466,65172,5309047.982687725,,320.0099560828262,320.00995526614616,,1.0,0,450,0,0.800063435741018,0.0,620.8608135607457,0.2891394319965749,24312.0,4623939.551704388,-26.0,0.0,-11.0,-25.0,improved
weth_usdc_3000,2026_01,weth_usdc_3000_month_24280052_24287251_w21,WETH,87.00301739835774,normal,fixed_10bps_control,False,5.033015319116504e-06,862,86580,34,1,29,33,0.029411764705882353,-6.03800688989371,0.23854762537310675,0.0018523420879237795,209.1296303471275,185.8545886685912,0.7405801900040497,0.4334026334026334,37524,1607187.2508701044,778.3448275862069,10.0,10.0,10.0,,0,0,0,0.0,0.0,0.0,0.0,0.0,0.0,0.0,0.0,0.0,0.0,unchanged
weth_usdc_3000,2026_01,weth_usdc_3000_month_24280052_24287251_w21,WETH,87.00301739835774,normal,adaptive_5_100_h60,True,5.033015319116504e-06,862,86580,12,1,12,11,0.08333333333333333,-6.708372508024974,0.25706803533699885,0.00032264233275653055,414.8855138828726,389.7995091943862,0.7325850572329727,0.6887040887040887,59628,2904500.976014729,704,100.0,100.0,100.0,0.0,0,0,658,-0.6703656181312638,0.018520409963892093,203.944920525795,0.2553014553014553,22104.0,1297313.7251446247,-22.0,0.0,-17.0,-22.0,worsened
weth_usdc_3000,2026_01,weth_usdc_3000_month_24280052_24287251_w21,WETH,87.00301739835774,normal,adaptive_5_1000_h600,True,5.033015319116504e-06,862,86580,1,0,1,1,0.0,-2.6799328300035077,0.0,0.0,1104.361390343642,1098.604251965321,0.5345026202435835,0.7936243936243936,68712,6946540.125311602,636,320.01397590488756,320.0139846771024,320.0140852712016,1.0,0,745,0,3.3580740598902024,-0.23854762537310675,912.7496632967299,0.3602217602217602,31188.0,5339352.874441497,-33.0,-1.0,-28.0,-32.0,improved
weth_usdc_3000,2026_01,weth_usdc_3000_month_24280052_24287251_w21,WETH,87.00301739835774,normal,adaptive_10_1000_h600,True,5.033015319116504e-06,862,86580,1,0,1,1,0.0,-2.6799328300035077,0.0,0.0,1104.361390343642,1098.604251965321,0.5345026202435835,0.7936243936243936,68712,6946540.125311602,636,320.01397590488756,320.0139846771024,320.0140852712016,1.0,0,745,0,3.3580740598902024,-0.23854762537310675,912.7496632967299,0.3602217602217602,31188.0,5339352.874441497,-33.0,-1.0,-28.0,-32.0,improved
weth_usdc_3000,2026_01,weth_usdc_3000_month_24352052_24358292_w31,WETH,161.45959979642197,stress,fixed_10bps_control,False,5.59200619839333e-06,873,75036,39,0,31,39,0.0,-11.036397184130758,0.0,0.0,379.2464262171812,353.69534748534323,0.5680653134077338,0.4620182312490005,34668,1739904.4107345382,713.4193548387096,10.0,10.0,10.0,,0,0,0,0.0,0.0,0.0,0.0,0.0,0.0,0.0,0.0,0.0,0.0,unchanged
weth_usdc_3000,2026_01,weth_usdc_3000_month_24352052_24358292_w31,WETH,161.45959979642197,stress,adaptive_5_100_h60,True,5.59200619839333e-06,873,75036,15,2,14,13,0.13333333333333333,-9.443736451341493,0.6658464834385376,0.07622766434842297,845.2715544841327,793.5017335870456,0.8175822074000485,0.6740764433072125,50580,3032251.273532865,684,100.0,100.0,100.0,0.0,0,0,734,1.5926607327892643,0.6658464834385376,439.80638610170234,0.21205821205821201,15912.0,1292346.8627983269,-24.0,2.0,-17.0,-26.0,improved
weth_usdc_3000,2026_01,weth_usdc_3000_month_24352052_24358292_w31,WETH,161.45959979642197,stress,adaptive_5_1000_h600,True,5.59200619839333e-06,873,75036,5,2,5,3,0.4,-6.396929788503247,0.45243684654660515,0.007932225277942807,1814.8078358933012,1783.0410688756674,0.7986282398535449,0.7842635534943228,58848,8525172.318694375,590.4,320.01674370365095,320.0166566839595,320.0167196434723,1.0,0,797,0,4.639467395627511,0.45243684654660515,1429.3457213903241,0.32224532224532226,24180.0,6785267.9079598375,-34.0,2.0,-26.0,-36.0,improved
weth_usdc_3000,2026_01,weth_usdc_3000_month_24352052_24358292_w31,WETH,161.45959979642197,stress,adaptive_10_1000_h600,True,5.59200619839333e-06,873,75036,5,2,5,3,0.4,-6.396929788503247,0.45243684654660515,0.007932225277942807,1814.8078358933012,1783.0410688756674,0.7986282398535449,0.7842635534943228,58848,8525172.318694375,590.4,320.01674370365095,320.0166566839595,320.0167196434723,1.0,0,797,0,4.639467395627511,0.45243684654660515,1429.3457213903241,0.32224532224532226,24180.0,6785267.9079598375,-34.0,2.0,-26.0,-36.0,improved
weth_usdc_3000,2026_02,weth_usdc_3000_month_24358292_24365491_w01,WETH,130.18547930936845,stress,fixed_10bps_control,False,6.14072879918676e-06,1239,86760,60,1,49,58,0.016666666666666666,-25.825284466285794,0.6372574597324194,0.025764174645838696,960.220078691283,872.213500604774,0.7065527938047995,0.5738589211618257,49788,2895006.875733286,704.5714285714286,10.0,10.0,10.0,,0,0,0,0.0,0.0,0.0,0.0,0.0,0.0,0.0,0.0,0.0,0.0,unchanged
weth_usdc_3000,2026_02,weth_usdc_3000_month_24358292_24365491_w01,WETH,130.18547930936845,stress,adaptive_5_100_h60,True,6.14072879918676e-06,1239,86760,20,0,19,20,0.0,-29.890458053555605,0.0,0.0,1209.7392659524057,1141.9115753675783,0.559317768365213,0.823789764868603,71472,4318560.353616715,711.7894736842105,100.0,100.0,100.0,0.0,0,0,1041,-4.065173587269811,-0.6372574597324194,269.69807476280425,0.24993084370677732,21684.0,1423553.4778834293,-40.0,-1.0,-30.0,-38.0,worsened
weth_usdc_3000,2026_02,weth_usdc_3000_month_24358292_24365491_w01,WETH,130.18547930936845,stress,adaptive_5_1000_h600,True,6.14072879918676e-06,1239,86760,2,2,2,0,1.0,-0.17503767914697066,1.4571361481693021,0.17502539768937228,4361.817096762374,4307.519782719688,0.9967763105370302,0.9975103734439834,86544,9383391.579495566,516,320.01085647356564,320.01084781702457,320.01081217534056,1.0,0,1230,0,25.650246787138823,0.8198786884368827,3435.306282114914,0.4236514522821577,36756.0,6488384.70376228,-58.0,1.0,-47.0,-58.0,improved
weth_usdc_3000,2026_02,weth_usdc_3000_month_24358292_24365491_w01,WETH,130.18547930936845,stress,adaptive_10_1000_h600,True,6.14072879918676e-06,1239,86760,2,2,2,0,1.0,-0.17503767914697066,1.4571361481693021,0.17502539768937228,4361.817096762374,4307.519782719688,0.9967763105370302,0.9975103734439834,86544,9383391.579495566,516,320.01085647356564,320.01084781702457,320.01081217534056,1.0,0,1230,0,25.650246787138823,0.8198786884368827,3435.306282114914,0.4236514522821577,36756.0,6488384.70376228,-58.0,1.0,-47.0,-58.0,improved
weth_usdc_3000,2026_02,weth_usdc_3000_month_24423092_24430291_w10,WETH,78.11849342554767,normal,fixed_10bps_control,False,7.484093308082999e-06,660,86628,35,1,25,34,0.02857142857142857,-1.922788465187638,0.25301523540385096,0.061248243755369185,134.91318210555056,120.72866950407004,0.8644445164096124,0.36930322759384954,31992,1574983.200075818,775.68,10.0,10.0,10.0,,0,0,0,0.0,0.0,0.0,0.0,0.0,0.0,0.0,0.0,0.0,0.0,unchanged
weth_usdc_3000,2026_02,weth_usdc_3000_month_24423092_24430291_w10,WETH,78.11849342554767,normal,adaptive_5_100_h60,True,7.484093308082999e-06,660,86628,5,1,5,4,0.2,-1.1997528872296115,0.25301523540385096,0.061248243755369185,152.44702369222804,140.56446513754867,0.899032444762736,0.7027289098213049,60876,2772592.598059401,787.2,100.0,100.0,100.0,0.0,0,0,429,0.7230355779580264,0.0,19.835795633478625,0.33342568222745533,28884.0,1197609.397983583,-30.0,0.0,-20.0,-30.0,improved
weth_usdc_3000,2026_02,weth_usdc_3000_month_24423092_24430291_w10,WETH,78.11849342554767,normal,adaptive_5_1000_h600,True,7.484093308082999e-06,660,86628,1,1,1,0,1.0,-0.06125572784867727,0.25301523540385096,0.061248243755369185,142.60916311542562,133.37503043645293,0.9933663799321224,0.766588170106663,66408,2590545.1568258903,528,320.0251842908863,320.0251822332546,320.025132014132,1.0,0,464,0,1.8615327373389607,0.0,12.64636093238289,0.3972849425128135,34416.0,1015561.9567500723,-34.0,0.0,-24.0,-34.0,improved
weth_usdc_3000,2026_02,weth_usdc_3000_month_24423092_24430291_w10,WETH,78.11849342554767,normal,adaptive_10_1000_h600,True,7.484093308082999e-06,660,86628,1,1,1,0,1.0,-0.06125572784867727,0.25301523540385096,0.061248243755369185,142.60916311542562,133.37503043645293,0.9933663799321224,0.766588170106663,66408,2590545.1568258903,528,320.0251842908863,320.0251822332546,320.025132014132,1.0,0,464,0,1.8615327373389607,0.0,12.64636093238289,0.3972849425128135,34416.0,1015561.9567500723,-34.0,0.0,-24.0,-34.0,improved
weth_usdc_3000,2026_02,weth_usdc_3000_month_24487892_24495091_w19,WETH,65.98024051063557,normal,fixed_10bps_control,False,7.565042249883854e-06,610,86556,31,0,20,31,0.0,-1.333931881354616,0.0,0.0,30.348017009201218,26.47952202120464,0.6551806618611044,0.4846804380978788,41952,1341647.7340931792,880.8,10.0,10.0,10.0,,0,0,0,0.0,0.0,0.0,0.0,0.0,0.0,0.0,0.0,0.0,0.0,unchanged
weth_usdc_3000,2026_02,weth_usdc_3000_month_24487892_24495091_w19,WETH,65.98024051063557,normal,adaptive_5_100_h60,True,7.565042249883854e-06,610,86556,6,0,6,6,0.0,-1.2766401039861417,0.0,0.0,83.66699754079222,80.49862253788245,0.5970678651315876,0.6633855538610841,57420,2750529.0685649747,944,100.0,100.0,100.0,0.0,0,0,432,0.05729177736847424,0.0,54.01910051667781,0.1787051157632053,15468.0,1408881.3344717955,-25.0,0.0,-14.0,-25.0,improved
weth_usdc_3000,2026_02,weth_usdc_3000_month_24487892_24495091_w19,WETH,65.98024051063557,normal,adaptive_5_1000_h600,True,7.565042249883854e-06,610,86556,0,0,0,0,0.0,0.0,0.0,0.0,546.2466877869895,546.2466877869895,,0.8106197144045474,70164,7730173.554098898,,320.0216440897976,320.02164097330405,,1.0,0,525,0,1.333931881354616,0.0,519.7671657657849,0.3259392763066686,28212.0,6388525.820005719,-31.0,0.0,-20.0,-31.0,improved
weth_usdc_3000,2026_02,weth_usdc_3000_month_24487892_24495091_w19,WETH,65.98024051063557,normal,adaptive_10_1000_h600,True,7.565042249883854e-06,610,86556,0,0,0,0,0.0,0.0,0.0,0.0,546.2466877869895,546.2466877869895,,0.8106197144045474,70164,7730173.554098898,,320.0216440897976,320.02164097330405,,1.0,0,525,0,1.333931881354616,0.0,519.7671657657849,0.3259392763066686,28212.0,6388525.820005719,-31.0,0.0,-20.0,-31.0,improved
weth_usdc_3000,2026_02,weth_usdc_3000_month_24552692_24558867_w28,WETH,93.16460137003169,normal,fixed_10bps_control,False,8.153603439135134e-06,744,73656,34,0,30,34,0.0,-6.818623043731729,0.0,0.0,243.93655415704998,227.7928489077811,0.5776296123815481,0.46236559139784944,34056,2030412.3023848827,828.4,10.0,10.0,10.0,,0,0,0,0.0,0.0,0.0,0.0,0.0,0.0,0.0,0.0,0.0,0.0,unchanged
weth_usdc_3000,2026_02,weth_usdc_3000_month_24552692_24558867_w28,WETH,93.16460137003169,normal,adaptive_5_100_h60,True,8.153603439135134e-06,744,73656,6,0,6,6,0.0,-5.824357919936982,0.0,0.0,282.1118217548932,269.4036871847939,0.5416827003358147,0.7932551319648093,58428,2982742.0934740654,638,100.0,100.0,100.0,0.0,0,0,582,0.9942651237947473,0.0,41.61083827701282,0.3308895405669599,24372.0,952329.7910891827,-28.0,0.0,-24.0,-28.0,improved
weth_usdc_3000,2026_02,weth_usdc_3000_month_24552692_24558867_w28,WETH,93.16460137003169,normal,adaptive_5_1000_h600,True,8.153603439135134e-06,744,73656,2,0,2,2,0.0,-5.664655676828164,0.0,0.0,892.9386056606235,880.9146050845306,0.5288876076660266,0.8175301401107853,60216,8429727.802830216,684,320.022816574262,320.022796201798,320.0227278807919,1.0,0,609,0,1.153967366903565,0.0,653.1217561767496,0.35516454871293585,26160.0,6399315.500445332,-32.0,0.0,-28.0,-32.0,improved
weth_usdc_3000,2026_02,weth_usdc_3000_month_24552692_24558867_w28,WETH,93.16460137003169,normal,adaptive_10_1000_h600,True,8.153603439135134e-06,744,73656,2,0,2,2,0.0,-5.664655676828164,0.0,0.0,892.9386056606235,880.9146050845306,0.5288876076660266,0.8175301401107853,60216,8429727.802830216,684,320.022816574262,320.022796201798,320.0227278807919,1.0,0,609,0,1.153967366903565,0.0,653.1217561767496,0.35516454871293585,26160.0,6399315.500445332,-32.0,0.0,-28.0,-32.0,improved
weth_usdc_3000,2026_03,weth_usdc_3000_month_24558867_24566066_w01,WETH,98.65974543944763,normal,fixed_10bps_control,False,7.645810547811465e-06,784,86256,42,0,32,42,0.0,-5.770152852294023,0.0,0.0,190.0604122043606,175.86902442790355,0.5934046096699237,0.5393711741791876,46524,2154474.928451862,842.25,10.0,10.0,10.0,,0,0,0,0.0,0.0,0.0,0.0,0.0,0.0,0.0,0.0,0.0,0.0,unchanged
weth_usdc_3000,2026_03,weth_usdc_3000_month_24558867_24566066_w01,WETH,98.65974543944763,normal,adaptive_5_100_h60,True,7.645810547811465e-06,784,86256,12,0,12,12,0.0,-6.641669855851821,0.0,0.0,326.80861659421345,311.64248587209596,0.5620722267568259,0.934613244296049,80616,5084405.614877778,898,100.0,100.0,100.0,0.0,0,0,723,-0.8715170035577975,0.0,135.7734614441924,0.3952420701168614,34092.0,2929930.686425916,-30.0,0.0,-20.0,-30.0,worsened
weth_usdc_3000,2026_03,weth_usdc_3000_month_24558867_24566066_w01,WETH,98.65974543944763,normal,adaptive_5_1000_h600,True,7.645810547811465e-06,784,86256,3,2,3,1,0.6666666666666666,-2.769872038358542,0.44125754124851585,0.051339769321546484,1043.6653815949885,1022.7553671318168,0.8675337100681093,0.9490818030050083,81864,9618474.514044989,632,320.02144739893714,320.0214532539649,320.0214246609248,1.0,0,742,0,3.0002808139354813,0.44125754124851585,846.8863427039132,0.40971062882582077,35340.0,7463999.585593127,-39.0,2.0,-29.0,-41.0,improved
weth_usdc_3000,2026_03,weth_usdc_3000_month_24558867_24566066_w01,WETH,98.65974543944763,normal,adaptive_10_1000_h600,True,7.645810547811465e-06,784,86256,3,2,3,1,0.6666666666666666,-2.769872038358542,0.44125754124851585,0.051339769321546484,1043.6653815949885,1022.7553671318168,0.8675337100681093,0.9490818030050083,81864,9618474.514044989,632,320.02144739893714,320.0214532539649,320.0214246609248,1.0,0,742,0,3.0002808139354813,0.44125754124851585,846.8863427039132,0.40971062882582077,35340.0,7463999.585593127,-39.0,2.0,-29.0,-41.0,improved
weth_usdc_3000,2026_03,weth_usdc_3000_month_24630867_24638066_w11,WETH,73.8775276702439,normal,fixed_10bps_control,False,7.417657446654105e-06,510,85248,29,0,27,29,0.0,-2.204731909955104,0.0,0.0,46.90874692871154,40.71480828143662,0.6440500890455064,0.3721846846846847,31728,1444367.8087569575,901.7777777777778,10.0,10.0,10.0,,0,0,0,0.0,0.0,0.0,0.0,0.0,0.0,0.0,0.0,0.0,0.0,unchanged
weth_usdc_3000,2026_03,weth_usdc_3000_month_24630867_24638066_w11,WETH,73.8775276702439,normal,adaptive_5_100_h60,True,7.417657446654105e-06,510,85248,6,0,6,6,0.0,-1.7868270961106771,0.0,0.0,82.50859594016967,78.21606651599734,0.5837356207627616,0.7246621621621622,61776,2994067.1695853504,822,100.0,100.0,100.0,0.0,0,0,380,0.4179048138444268,0.0,37.50125823456072,0.3524774774774775,30048.0,1549699.360828393,-23.0,0.0,-21.0,-23.0,improved
weth_usdc_3000,2026_03,weth_usdc_3000_month_24630867_24638066_w11,WETH,73.8775276702439,normal,adaptive_5_1000_h600,True,7.417657446654105e-06,510,85248,0,0,0,0,0.0,0.0,0.0,0.0,372.1745031745769,372.1745031745769,,0.7719594594594594,65808,7562925.883788591,,320.0196110466087,320.01962789670284,,1.0,0,426,0,2.204731909955104,0.0,331.4596948931403,0.39977477477477474,34080.0,6118558.0750316335,-29.0,0.0,-27.0,-29.0,improved
weth_usdc_3000,2026_03,weth_usdc_3000_month_24630867_24638066_w11,WETH,73.8775276702439,normal,adaptive_10_1000_h600,True,7.417657446654105e-06,510,85248,0,0,0,0,0.0,0.0,0.0,0.0,372.1745031745769,372.1745031745769,,0.7719594594594594,65808,7562925.883788591,,320.0196110466087,320.01962789670284,,1.0,0,426,0,2.204731909955104,0.0,331.4596948931403,0.39977477477477474,34080.0,6118558.0750316335,-29.0,0.0,-27.0,-29.0,improved
weth_usdc_3000,2026_03,weth_usdc_3000_month_24702867_24710066_w21,WETH,58.22496001370979,normal,fixed_10bps_control,False,6.96571279722288e-06,303,86316,21,1,10,20,0.047619047619047616,-0.41144424459412887,0.24330532535204785,0.00023288273509798924,69.53204003988091,60.13418318002137,0.9562193539729783,0.6093424162380092,52596,786765.9696427394,870,10.0,10.0,10.0,,0,0,0,0.0,0.0,0.0,0.0,0.0,0.0,0.0,0.0,0.0,0.0,unchanged
weth_usdc_3000,2026_03,weth_usdc_3000_month_24702867_24710066_w21,WETH,58.22496001370979,normal,adaptive_5_100_h60,True,6.96571279722288e-06,303,86316,3,0,3,3,0.0,-4.555379327295522,0.0,0.0,126.67927976005711,116.7939115624442,0.5391795999671979,0.7745029890170999,66852,1408932.254897083,680,100.0,100.0,100.0,0.0,0,0,259,-4.143935082701393,-0.24330532535204785,56.65972838242283,0.1651605727790907,14256.0,622166.2852543435,-18.0,-1.0,-7.0,-17.0,worsened
weth_usdc_3000,2026_03,weth_usdc_3000_month_24702867_24710066_w21,WETH,58.22496001370979,normal,adaptive_5_1000_h600,True,6.96571279722288e-06,303,86316,1,1,1,0,1.0,-0.057420005165339016,0.3637365229870685,0.057413039452541795,238.08127444289167,225.36321419858857,0.995485160153172,0.8096760739607952,69888,2268981.284633835,552,320.016225963865,320.0162720919413,320.01611001981587,1.0,0,266,0,0.35402423942878986,0.12043119763502064,165.22903101856718,0.200333657722786,17292.0,1482215.3149910956,-20.0,0.0,-9.0,-20.0,improved
weth_usdc_3000,2026_03,weth_usdc_3000_month_24702867_24710066_w21,WETH,58.22496001370979,normal,adaptive_10_1000_h600,True,6.96571279722288e-06,303,86316,1,1,1,0,1.0,-0.057420005165339016,0.3637365229870685,0.057413039452541795,238.08127444289167,225.36321419858857,0.995485160153172,0.8096760739607952,69888,2268981.284633835,552,320.016225963865,320.0162720919413,320.01611001981587,1.0,0,266,0,0.35402423942878986,0.12043119763502064,165.22903101856718,0.200333657722786,17292.0,1482215.3149910956,-20.0,0.0,-9.0,-20.0,improved
weth_usdc_3000,2026_03,weth_usdc_3000_month_24774867_24781026_w31,WETH,73.24097528132452,normal,fixed_10bps_control,False,7.291763443738485e-06,544,74220,37,0,24,37,0.0,-3.3251638358482265,0.0,0.0,69.90963226038784,61.122088099471554,0.6216048790244133,0.477445432497979,35436,1607780.3463490128,909.5,10.0,10.0,10.0,,0,0,0,0.0,0.0,0.0,0.0,0.0,0.0,0.0,0.0,0.0,0.0,unchanged
weth_usdc_3000,2026_03,weth_usdc_3000_month_24774867_24781026_w31,WETH,73.24097528132452,normal,adaptive_5_100_h60,True,7.291763443738485e-06,544,74220,10,0,10,10,0.0,-5.149923713111355,0.0,0.0,142.14562816818028,130.14152396298695,0.5709864205541185,0.7091350040420372,52632,2895489.905793946,895.2,100.0,100.0,100.0,0.0,0,0,430,-1.8247598772631286,0.0,69.0194358635154,0.23168957154405823,17196.0,1287709.559444933,-27.0,0.0,-14.0,-27.0,worsened
weth_usdc_3000,2026_03,weth_usdc_3000_month_24774867_24781026_w31,WETH,73.24097528132452,normal,adaptive_5_1000_h600,True,7.291763443738485e-06,544,74220,0,0,0,0,0.0,0.0,0.0,0.0,533.2531732866364,533.2531732866364,,0.8231204527081649,61092,7469076.315046031,,320.01781325851124,320.0178073830215,,1.0,0,494,0,3.3251638358482265,0.0,472.13108518716484,0.3456750202101859,25656.0,5861295.968697018,-37.0,0.0,-24.0,-37.0,improved
weth_usdc_3000,2026_03,weth_usdc_3000_month_24774867_24781026_w31,WETH,73.24097528132452,normal,adaptive_10_1000_h600,True,7.291763443738485e-06,544,74220,0,0,0,0,0.0,0.0,0.0,0.0,533.2531732866364,533.2531732866364,,0.8231204527081649,61092,7469076.315046031,,320.01781325851124,320.0178073830215,,1.0,0,494,0,3.3251638358482265,0.0,472.13108518716484,0.3456750202101859,25656.0,5861295.968697018,-37.0,0.0,-24.0,-37.0,improved
weth_usdc_3000,2026_04,weth_usdc_3000_month_24781026_24788225_w01,WETH,50.35357383741764,normal,fixed_10bps_control,False,7.121169533866305e-06,624,86448,37,0,28,37,0.0,-1.526425515561218,0.0,0.0,33.355413413324754,28.33819420049291,0.6957626424499668,0.496529705719045,42924,1380804.2476461541,877.2857142857143,10.0,10.0,10.0,,0,0,0,0.0,0.0,0.0,0.0,0.0,0.0,0.0,0.0,0.0,0.0,unchanged
weth_usdc_3000,2026_04,weth_usdc_3000_month_24781026_24788225_w01,WETH,50.35357383741764,normal,adaptive_5_100_h60,True,7.121169533866305e-06,624,86448,5,0,5,5,0.0,-2.023521244971823,0.0,0.0,132.216108674938,127.33574053022147,0.5853752862553045,0.9131038312048861,78936,3422048.0331189237,729.6,100.0,100.0,100.0,0.0,0,0,561,-0.49709572941060487,0.0,98.99754632972856,0.41657412548584116,36012.0,2041243.7854727695,-32.0,0.0,-23.0,-32.0,worsened
weth_usdc_3000,2026_04,weth_usdc_3000_month_24781026_24788225_w01,WETH,50.35357383741764,normal,adaptive_5_1000_h600,True,7.121169533866305e-06,624,86448,0,0,0,0,0.0,0.0,0.0,0.0,1228.5893266070411,1228.5893266070411,,1.0,86448,11563379.38526565,,320.0164273688454,320.0164349646291,,1.0,0,624,0,1.526425515561218,0.0,1200.2511324065483,0.503470294280955,43524.0,10182575.137619495,-37.0,0.0,-28.0,-37.0,improved
weth_usdc_3000,2026_04,weth_usdc_3000_month_24781026_24788225_w01,WETH,50.35357383741764,normal,adaptive_10_1000_h600,True,7.121169533866305e-06,624,86448,0,0,0,0,0.0,0.0,0.0,0.0,1228.5893266070411,1228.5893266070411,,1.0,86448,11563379.38526565,,320.0164273688454,320.0164349646291,,1.0,0,624,0,1.526425515561218,0.0,1200.2511324065483,0.503470294280955,43524.0,10182575.137619495,-37.0,0.0,-28.0,-37.0,improved
weth_usdc_3000,2026_04,weth_usdc_3000_month_24853026_24860225_w11,WETH,48.45291006552886,normal,fixed_10bps_control,False,6.71652219082632e-06,370,85896,21,0,11,20,0.0,-1.9547766407221108,0.0,0.0,25.587040583603383,20.579923158902012,0.6096003998071412,0.48672813635093604,41808,840453.2986172265,1015.6363636363636,10.0,10.0,10.0,,0,0,0,0.0,0.0,0.0,0.0,0.0,0.0,0.0,0.0,0.0,0.0,unchanged
weth_usdc_3000,2026_04,weth_usdc_3000_month_24853026_24860225_w11,WETH,48.45291006552886,normal,adaptive_5_100_h60,True,6.71652219082632e-06,370,85896,2,0,2,2,0.0,-1.5334142068687047,0.0,0.0,39.05966368280335,35.55053133998821,0.5630218364353419,0.7008941044984632,60204,2005693.4954489877,690,100.0,100.0,100.0,0.0,0,0,257,0.4213624338534061,0.0,14.970608181086199,0.2141659681475272,18396.0,1165240.1968317612,-19.0,0.0,-9.0,-18.0,improved
weth_usdc_3000,2026_04,weth_usdc_3000_month_24853026_24860225_w11,WETH,48.45291006552886,normal,adaptive_5_1000_h600,True,6.71652219082632e-06,370,85896,1,1,1,0,1.0,-0.008890322648705526,0.2753650158567135,0.0088836061265147,207.23263955907484,198.34989711208408,0.9989991466372283,0.7123498183850238,61188,3782814.027386163,600,320.0149950360814,320.0149681488807,320.0150909149521,1.0,0,260,0,1.9458863180734052,0.2753650158567135,177.76997395318207,0.22562168203408772,19380.0,2942360.7287689364,-20.0,1.0,-10.0,-20.0,improved
weth_usdc_3000,2026_04,weth_usdc_3000_month_24853026_24860225_w11,WETH,48.45291006552886,normal,adaptive_10_1000_h600,True,6.71652219082632e-06,370,85896,1,1,1,0,1.0,-0.008890322648705526,0.2753650158567135,0.0088836061265147,207.23263955907484,198.34989711208408,0.9989991466372283,0.7123498183850238,61188,3782814.027386163,600,320.0149950360814,320.0149681488807,320.0150909149521,1.0,0,260,0,1.9458863180734052,0.2753650158567135,177.76997395318207,0.22562168203408772,19380.0,2942360.7287689364,-20.0,1.0,-10.0,-20.0,improved
weth_usdc_3000,2026_04,weth_usdc_3000_month_24917826_24925025_w20,WETH,57.34814940043928,normal,fixed_10bps_control,False,6.56446988193384e-06,593,86388,29,0,21,29,0.0,-1.5972898173641483,0.0,0.0,61.03997549847906,56.18514117411534,0.6709898400964508,0.38241422419780524,33036,1029673.676522529,786.2857142857143,10.0,10.0,10.0,,0,0,0,0.0,0.0,0.0,0.0,0.0,0.0,0.0,0.0,0.0,0.0,unchanged
weth_usdc_3000,2026_04,weth_usdc_3000_month_24917826_24925025_w20,WETH,57.34814940043928,normal,adaptive_5_100_h60,True,6.56446988193384e-06,593,86388,3,0,3,3,0.0,-1.6357249778339389,0.0,0.0,132.2053994129296,128.35734826434523,0.5749211965553791,0.744408945686901,64308,2809393.2307343595,724,100.0,100.0,100.0,0.0,0,0,425,-0.038435160469790564,0.0,72.1722070902299,0.3619947214890957,31272.0,1779719.5542118305,-26.0,0.0,-18.0,-26.0,worsened
weth_usdc_3000,2026_04,weth_usdc_3000_month_24917826_24925025_w20,WETH,57.34814940043928,normal,adaptive_5_1000_h600,True,6.56446988193384e-06,593,86388,0,0,0,0,0.0,0.0,0.0,0.0,854.0171456692935,854.0171456692935,,0.7702458674815946,66540,10070145.059926786,,320.0152980078087,320.0152967976827,,1.0,0,449,0,1.5972898173641483,0.0,797.8320044951782,0.3878316432837894,33504.0,9040471.383404257,-29.0,0.0,-21.0,-29.0,improved
weth_usdc_3000,2026_04,weth_usdc_3000_month_24917826_24925025_w20,WETH,57.34814940043928,normal,adaptive_10_1000_h600,True,6.56446988193384e-06,593,86388,0,0,0,0,0.0,0.0,0.0,0.0,854.0171456692935,854.0171456692935,,0.7702458674815946,66540,10070145.059926786,,320.0152980078087,320.0152967976827,,1.0,0,449,0,1.5972898173641483,0.0,797.8320044951782,0.3878316432837894,33504.0,9040471.383404257,-29.0,0.0,-21.0,-29.0,improved
weth_usdc_3000,2026_04,weth_usdc_3000_month_24989826_24996367_w30,WETH,47.54698246742872,normal,fixed_10bps_control,False,6.671784738158145e-06,467,78480,23,0,14,22,0.0,-1.1550853835717207,0.0,0.0,23.523514840912153,19.98695342003952,0.6733874387832042,0.44250764525993885,34728,758819.2751317183,926.5714285714286,10.0,10.0,10.0,,0,0,0,0.0,0.0,0.0,0.0,0.0,0.0,0.0,0.0,0.0,0.0,unchanged
weth_usdc_3000,2026_04,weth_usdc_3000_month_24989826_24996367_w30,WETH,47.54698246742872,normal,adaptive_5_100_h60,True,6.671784738158145e-06,467,78480,3,0,3,3,0.0,-1.2786938997705828,0.0,0.0,105.48711382923881,102.33514215577527,0.5943193555526162,0.7480122324159021,58704,3255638.5863545737,812,100.0,100.0,100.0,0.0,0,0,300,-0.12360851619886204,0.0,82.34818873573576,0.30550458715596324,23976.0,2496819.3112228555,-20.0,0.0,-11.0,-19.0,worsened
weth_usdc_3000,2026_04,weth_usdc_3000_month_24989826_24996367_w30,WETH,47.54698246742872,normal,adaptive_5_1000_h600,True,6.671784738158145e-06,467,78480,0,0,0,0,0.0,0.0,0.0,0.0,107.13106738716523,107.13106738716523,,0.7756880733944954,60876,2955785.9519423563,,320.01393213979384,320.0139315894782,,1.0,0,324,0,1.1550853835717207,0.0,87.14411396712572,0.33318042813455656,26148.0,2196966.676810638,-23.0,0.0,-14.0,-22.0,improved
weth_usdc_3000,2026_04,weth_usdc_3000_month_24989826_24996367_w30,WETH,47.54698246742872,normal,adaptive_10_1000_h600,True,6.671784738158145e-06,467,78480,0,0,0,0,0.0,0.0,0.0,0.0,107.13106738716523,107.13106738716523,,0.7756880733944954,60876,2955785.9519423563,,320.01393213979384,320.0139315894782,,1.0,0,324,0,1.1550853835717207,0.0,87.14411396712572,0.33318042813455656,26148.0,2196966.676810638,-23.0,0.0,-14.0,-22.0,improved
weth_usdc_3000,2026_05,weth_usdc_3000_month_24996367_25003566_w01,WETH,38.99889769671367,normal,fixed_10bps_control,False,6.64500430579635e-06,325,85368,28,0,15,28,0.0,-1.0822330861612541,0.0,0.0,22.451000658228423,18.930432269865932,0.6925970562768619,0.6360697216755693,54300,1058899.3808123968,983.2,10.0,10.0,10.0,,0,0,0,0.0,0.0,0.0,0.0,0.0,0.0,0.0,0.0,0.0,0.0,unchanged
weth_usdc_3000,2026_05,weth_usdc_3000_month_24996367_25003566_w01,WETH,38.99889769671367,normal,adaptive_5_100_h60,True,6.64500430579635e-06,325,85368,3,0,3,3,0.0,-2.2688400652326997,0.0,0.0,86.54280769053923,81.21078767121733,0.5744877069082659,0.9226876581388811,78768,3526472.2581542265,924,100.0,100.0,100.0,0.0,0,0,296,-1.1866069790714455,0.0,62.2803554013514,0.2866179364633118,24468.0,2467572.8773418297,-25.0,0.0,-12.0,-25.0,worsened
weth_usdc_3000,2026_05,weth_usdc_3000_month_24996367_25003566_w01,WETH,38.99889769671367,normal,adaptive_5_1000_h600,True,6.64500430579635e-06,325,85368,0,0,0,0,0.0,0.0,0.0,0.0,736.8803414987236,736.8803414987236,,1.0,85368,11447345.354510272,,320.01339384093586,320.0133946197939,,1.0,0,325,0,1.0822330861612541,0.0,717.9499092288577,0.3639302783244307,31068.0,10388445.973697875,-28.0,0.0,-15.0,-28.0,improved
weth_usdc_3000,2026_05,weth_usdc_3000_month_24996367_25003566_w01,WETH,38.99889769671367,normal,adaptive_10_1000_h600,True,6.64500430579635e-06,325,85368,0,0,0,0,0.0,0.0,0.0,0.0,736.8803414987236,736.8803414987236,,1.0,85368,11447345.354510272,,320.01339384093586,320.0133946197939,,1.0,0,325,0,1.0822330861612541,0.0,717.9499092288577,0.3639302783244307,31068.0,10388445.973697875,-28.0,0.0,-15.0,-28.0,improved
weth_usdc_3000,2026_05,weth_usdc_3000_month_25068367_25075566_w11,WETH,33.987324036859775,normal,fixed_10bps_control,False,6.416926960763325e-06,456,86484,18,0,13,18,0.0,-1.2270379541923755,0.0,0.0,17.161850032968612,13.501763802771384,0.6647516268691148,0.45996947412238104,39780,708519.5230305817,1001.5384615384615,10.0,10.0,10.0,,0,0,0,0.0,0.0,0.0,0.0,0.0,0.0,0.0,0.0,0.0,0.0,unchanged
weth_usdc_3000,2026_05,weth_usdc_3000_month_25068367_25075566_w11,WETH,33.987324036859775,normal,adaptive_5_100_h60,True,6.416926960763325e-06,456,86484,1,0,1,1,0.0,-0.6344132045844447,0.0,0.0,46.263372537248436,44.74897571867244,0.5810786203440452,0.7223532676564451,62472,2280497.3217941863,864,100.0,100.0,100.0,0.0,0,0,274,0.5926247496079308,0.0,31.247211915901055,0.2623837935340641,22692.0,1571977.7987636046,-17.0,0.0,-12.0,-17.0,improved
weth_usdc_3000,2026_05,weth_usdc_3000_month_25068367_25075566_w11,WETH,33.987324036859775,normal,adaptive_5_1000_h600,True,6.416926960763325e-06,456,86484,0,0,0,0,0.0,0.0,0.0,0.0,365.91586061554875,365.91586061554875,,0.7424725960871376,64212,6654685.641926686,,320.01323735544736,320.01323723204945,,1.0,0,277,0,1.2270379541923755,0.0,352.41409681277736,0.2825031219647565,24432.0,5946166.118896104,-18.0,0.0,-13.0,-18.0,improved
weth_usdc_3000,2026_05,weth_usdc_3000_month_25068367_25075566_w11,WETH,33.987324036859775,normal,adaptive_10_1000_h600,True,6.416926960763325e-06,456,86484,0,0,0,0,0.0,0.0,0.0,0.0,365.91586061554875,365.91586061554875,,0.7424725960871376,64212,6654685.641926686,,320.01323735544736,320.01323723204945,,1.0,0,277,0,1.2270379541923755,0.0,352.41409681277736,0.2825031219647565,24432.0,5946166.118896104,-18.0,0.0,-13.0,-18.0,improved
weth_usdc_3000,2026_05,weth_usdc_3000_month_25140367_25147566_w21,WETH,40.48958640985946,normal,fixed_10bps_control,False,7.029816967111275e-06,395,86268,22,0,16,22,0.0,-0.8577679712387187,0.0,0.0,18.68833322118355,15.850826812526405,0.6977036003789473,0.4004729447767422,34548,737197.5665764571,858.75,10.0,10.0,10.0,,0,0,0,0.0,0.0,0.0,0.0,0.0,0.0,0.0,0.0,0.0,0.0,unchanged
weth_usdc_3000,2026_05,weth_usdc_3000_month_25140367_25147566_w21,WETH,40.48958640985946,normal,adaptive_5_100_h60,True,7.029816967111275e-06,395,86268,2,0,2,2,0.0,-1.7675375410580034,0.0,0.0,89.43725653164685,85.38475931900592,0.5638399119573646,0.7014883850326888,60516,2805150.701800998,660,100.0,100.0,100.0,0.0,0,0,298,-0.9097695698192847,0.0,69.53393250647952,0.3010154402559466,25968.0,2067953.1352245407,-20.0,0.0,-14.0,-20.0,worsened
weth_usdc_3000,2026_05,weth_usdc_3000_month_25140367_25147566_w21,WETH,40.48958640985946,normal,adaptive_5_1000_h600,True,7.029816967111275e-06,395,86268,0,0,0,0,0.0,0.0,0.0,0.0,193.48589646069868,193.48589646069868,,0.7759076366671304,66936,4932164.609508815,,320.0152758620314,320.0152782754577,,1.0,0,323,0,0.8577679712387187,0.0,177.63506964817228,0.37543469189038814,32388.0,4194967.042932358,-22.0,0.0,-16.0,-22.0,improved
weth_usdc_3000,2026_05,weth_usdc_3000_month_25140367_25147566_w21,WETH,40.48958640985946,normal,adaptive_10_1000_h600,True,7.029816967111275e-06,395,86268,0,0,0,0,0.0,0.0,0.0,0.0,193.48589646069868,193.48589646069868,,0.7759076366671304,66936,4932164.609508815,,320.0152758620314,320.0152782754577,,1.0,0,323,0,0.8577679712387187,0.0,177.63506964817228,0.37543469189038814,32388.0,4194967.042932358,-22.0,0.0,-16.0,-22.0,improved
weth_usdc_3000,2026_05,weth_usdc_3000_month_25212367_25218797_w31,WETH,33.01359622329684,normal,fixed_10bps_control,False,7.400418332407875e-06,243,76824,23,0,9,23,0.0,-0.1622219675130566,0.0,0.0,3.8458184273158524,3.179560335700503,0.7565178276188019,0.5363948766010622,41208,736788.2063650978,965.3333333333334,10.0,10.0,10.0,,0,0,0,0.0,0.0,0.0,0.0,0.0,0.0,0.0,0.0,0.0,0.0,unchanged
weth_usdc_3000,2026_05,weth_usdc_3000_month_25212367_25218797_w31,WETH,33.01359622329684,normal,adaptive_5_100_h60,True,7.400418332407875e-06,243,76824,1,0,1,1,0.0,-0.3246115336091148,0.0,0.0,15.1763978611836,14.397607312889269,0.583185062633255,0.767260231177757,58944,1899800.7103075332,1464,100.0,100.0,100.0,0.0,0,0,215,-0.16238956609605823,0.0,11.218046977188767,0.23086535457669477,17736.0,1163012.5039424354,-22.0,0.0,-8.0,-22.0,worsened
weth_usdc_3000,2026_05,weth_usdc_3000_month_25212367_25218797_w31,WETH,33.01359622329684,normal,adaptive_5_1000_h600,True,7.400418332407875e-06,243,76824,0,0,0,0,0.0,0.0,0.0,0.0,138.42675630447556,138.42675630447556,,0.7955326460481099,61116,5367021.532215503,,320.02049235053556,320.0204841356268,,1.0,0,218,0,0.1622219675130566,0.0,135.24719596877506,0.2591377694470477,19908.0,4630233.325850405,-23.0,0.0,-9.0,-23.0,improved
weth_usdc_3000,2026_05,weth_usdc_3000_month_25212367_25218797_w31,WETH,33.01359622329684,normal,adaptive_10_1000_h600,True,7.400418332407875e-06,243,76824,0,0,0,0,0.0,0.0,0.0,0.0,138.42675630447556,138.42675630447556,,0.7955326460481099,61116,5367021.532215503,,320.02049235053556,320.0204841356268,,1.0,0,218,0,0.1622219675130566,0.0,135.24719596877506,0.2591377694470477,19908.0,4630233.325850405,-23.0,0.0,-9.0,-23.0,improved
weth_usdc_3000,2026_06,weth_usdc_3000_month_25218797_25225996_w01,WETH,47.18979660450306,normal,fixed_10bps_control,False,7.5034117011214645e-06,449,86472,30,0,25,30,0.0,-0.8328611252066795,0.0,0.0,19.272147567067783,16.337565124979328,0.7161909260882935,0.4095198445739661,35412,1032124.2731551238,908.64,10.0,10.0,10.0,,0,0,0,0.0,0.0,0.0,0.0,0.0,0.0,0.0,0.0,0.0,0.0,unchanged
weth_usdc_3000,2026_06,weth_usdc_3000_month_25218797_25225996_w01,WETH,47.18979660450306,normal,adaptive_5_100_h60,True,7.5034117011214645e-06,449,86472,2,0,2,2,0.0,-0.7000979486714201,0.0,0.0,59.180240306451594,57.49199292443956,0.5853108044882321,0.9392173189009159,81216,2846419.5227875025,1002,100.0,100.0,100.0,0.0,0,0,437,0.1327631765352595,0.0,41.15442779946023,0.5296974743269498,45804.0,1814295.2496323786,-28.0,0.0,-23.0,-28.0,improved
weth_usdc_3000,2026_06,weth_usdc_3000_month_25218797_25225996_w01,WETH,47.18979660450306,normal,adaptive_5_1000_h600,True,7.5034117011214645e-06,449,86472,0,0,0,0,0.0,0.0,0.0,0.0,304.0276990176722,304.0276990176722,,1.0,86472,7003274.423190017,,320.0189374925295,320.0189414890865,,1.0,0,449,0,0.8328611252066795,0.0,287.69013389269287,0.5904801554260339,51060.0,5971150.150034893,-30.0,0.0,-25.0,-30.0,improved
weth_usdc_3000,2026_06,weth_usdc_3000_month_25218797_25225996_w01,WETH,47.18979660450306,normal,adaptive_10_1000_h600,True,7.5034117011214645e-06,449,86472,0,0,0,0,0.0,0.0,0.0,0.0,304.0276990176722,304.0276990176722,,1.0,86472,7003274.423190017,,320.0189374925295,320.0189414890865,,1.0,0,449,0,0.8328611252066795,0.0,287.69013389269287,0.5904801554260339,51060.0,5971150.150034893,-30.0,0.0,-25.0,-30.0,improved
weth_usdc_3000,2026_06,weth_usdc_3000_month_25290797_25297996_w11,WETH,63.6462160360447,normal,fixed_10bps_control,False,9.040156768006965e-06,642,86724,26,0,18,25,0.0,-4.590741383138667,0.0,0.0,112.71954805302923,101.44513492099082,0.5928177077267818,0.41469489414694893,35964,1053979.5902998354,749.3333333333334,10.0,10.0,10.0,,0,0,0,0.0,0.0,0.0,0.0,0.0,0.0,0.0,0.0,0.0,0.0,unchanged
weth_usdc_3000,2026_06,weth_usdc_3000_month_25290797_25297996_w11,WETH,63.6462160360447,normal,adaptive_5_100_h60,True,9.040156768006965e-06,642,86724,3,0,3,3,0.0,-2.2912895924208723,0.0,0.0,118.06081583141163,112.81624862568998,0.5631117873899771,0.7222914072229141,62640,2311167.8953035674,656,100.0,100.0,100.0,0.0,0,0,457,2.2994517907177947,0.0,11.371113704699155,0.30759651307596514,26676.0,1257188.305003732,-23.0,0.0,-15.0,-22.0,improved
weth_usdc_3000,2026_06,weth_usdc_3000_month_25290797_25297996_w11,WETH,63.6462160360447,normal,adaptive_5_1000_h600,True,9.040156768006965e-06,642,86724,1,0,1,1,0.0,-4.654469617809737,0.0,0.0,723.6788228714024,713.8180341919115,0.5279820134985361,0.7505188875051889,65088,7597108.566753625,852,320.0182430543927,320.01825086324834,320.0183296091217,1.0,0,488,0,-0.06372823467107036,0.0,612.3728992709207,0.33582399335824,29124.0,6543128.9764537895,-25.0,0.0,-17.0,-24.0,worsened
weth_usdc_3000,2026_06,weth_usdc_3000_month_25290797_25297996_w11,WETH,63.6462160360447,normal,adaptive_10_1000_h600,True,9.040156768006965e-06,642,86724,1,0,1,1,0.0,-4.654469617809737,0.0,0.0,723.6788228714024,713.8180341919115,0.5279820134985361,0.7505188875051889,65088,7597108.566753625,852,320.0182430543927,320.01825086324834,320.0183296091217,1.0,0,488,0,-0.06372823467107036,0.0,612.3728992709207,0.33582399335824,29124.0,6543128.9764537895,-25.0,0.0,-17.0,-24.0,worsened
weth_usdc_3000,2026_06,weth_usdc_3000_month_25355597_25362796_w20,WETH,45.52098517606261,normal,fixed_10bps_control,False,8.703762161300054e-06,620,85812,28,0,11,28,0.0,-1.280064076927187,0.0,0.0,25.687064321518935,22.090610013398706,0.6440760907105081,0.48720458677108097,41808,834245.856152567,831.2727272727273,10.0,10.0,10.0,,0,0,0,0.0,0.0,0.0,0.0,0.0,0.0,0.0,0.0,0.0,0.0,unchanged
weth_usdc_3000,2026_06,weth_usdc_3000_month_25355597_25362796_w20,WETH,45.52098517606261,normal,adaptive_5_100_h60,True,8.703762161300054e-06,620,85812,1,0,1,1,0.0,-0.8231165051083666,0.0,0.0,151.52123381255413,149.62653473463052,0.5655687413906292,0.7735980981680883,66384,3628902.940904623,840,100.0,100.0,100.0,0.0,0,0,522,0.4569475718188203,0.0,127.53592472123182,0.28639351139700736,24576.0,2794657.084752056,-27.0,0.0,-10.0,-27.0,improved
weth_usdc_3000,2026_06,weth_usdc_3000_month_25355597_25362796_w20,WETH,45.52098517606261,normal,adaptive_5_1000_h600,True,8.703762161300054e-06,620,85812,0,0,0,0,0.0,0.0,0.0,0.0,578.6809498829512,578.6809498829512,,0.7873024751782968,67560,7098002.133029913,,320.01740594222855,320.01740079430505,,1.0,0,539,0,1.280064076927187,0.0,556.5903398695524,0.3000978884072158,25752.0,6263756.2768773455,-28.0,0.0,-11.0,-28.0,improved
weth_usdc_3000,2026_06,weth_usdc_3000_month_25355597_25362796_w20,WETH,45.52098517606261,normal,adaptive_10_1000_h600,True,8.703762161300054e-06,620,85812,0,0,0,0,0.0,0.0,0.0,0.0,578.6809498829512,578.6809498829512,,0.7873024751782968,67560,7098002.133029913,,320.01740594222855,320.01740079430505,,1.0,0,539,0,1.280064076927187,0.0,556.5903398695524,0.3000978884072158,25752.0,6263756.2768773455,-28.0,0.0,-11.0,-28.0,improved
weth_usdc_3000,2026_06,weth_usdc_3000_month_25427597_25433938_w30,WETH,52.877566232797236,normal,fixed_10bps_control,False,9.420392930453609e-06,600,74868,26,0,13,26,0.0,-1.4926492492106027,0.0,0.0,30.512394677130327,26.28986826589162,0.6465032769865556,0.5042474755569802,37752,715937.6257297561,689.5384615384615,10.0,10.0,10.0,,0,0,0,0.0,0.0,0.0,0.0,0.0,0.0,0.0,0.0,0.0,0.0,unchanged
weth_usdc_3000,2026_06,weth_usdc_3000_month_25427597_25433938_w30,WETH,52.877566232797236,normal,adaptive_5_100_h60,True,9.420392930453609e-06,600,74868,3,0,3,3,0.0,-1.3066719219090637,0.0,0.0,139.97622777627487,136.81068945125995,0.587219680272576,0.736977079660202,55176,2606118.698245993,728,100.0,100.0,100.0,0.0,0,0,441,0.18597732730153904,0.0,110.52082118536833,0.23272960410322174,17424.0,1890181.072516237,-23.0,0.0,-10.0,-23.0,improved
weth_usdc_3000,2026_06,weth_usdc_3000_month_25427597_25433938_w30,WETH,52.877566232797236,normal,adaptive_5_1000_h600,True,9.420392930453609e-06,600,74868,0,0,0,0,0.0,0.0,0.0,0.0,684.8904605748529,684.8904605748529,,0.7967623016509056,59652,5946863.78471494,,320.01768427110267,320.0176838031046,,1.0,0,488,0,1.4926492492106027,0.0,658.6005923089613,0.2925148260939253,21900.0,5230926.158985184,-26.0,0.0,-13.0,-26.0,improved
weth_usdc_3000,2026_06,weth_usdc_3000_month_25427597_25433938_w30,WETH,52.877566232797236,normal,adaptive_10_1000_h600,True,9.420392930453609e-06,600,74868,0,0,0,0,0.0,0.0,0.0,0.0,684.8904605748529,684.8904605748529,,0.7967623016509056,59652,5946863.78471494,,320.01768427110267,320.0176838031046,,1.0,0,488,0,1.4926492492106027,0.0,658.6005923089613,0.2925148260939253,21900.0,5230926.158985184,-26.0,0.0,-13.0,-26.0,improved
paxg_usdc_500,2026_01,paxg_usdc_500_month_24136052_24143251_w01,PAXG,7.257115626862245,normal,fixed_10bps_control,False,3.47634111397164e-06,1428,86520,3,0,3,3,0.0,-0.09325755854499584,0.0,0.0,6.2787487296889735,5.841728682516729,0.7866057652310856,0.5435506241331484,47028,75307.91582065327,620,10.0,10.0,10.0,,0,0,0,0.0,0.0,0.0,0.0,0.0,0.0,0.0,0.0,0.0,0.0,unchanged
paxg_usdc_500,2026_01,paxg_usdc_500_month_24136052_24143251_w01,PAXG,7.257115626862245,normal,adaptive_5_100_h60,True,3.47634111397164e-06,1428,86520,0,0,0,0,0.0,0.0,0.0,0.0,284.4222100950652,284.4222100950652,,1.0,86520,3272100.3972684233,,100.0,100.0,,0.0,0,0,1428,0.09325755854499584,0.0,278.5804814125485,0.45644937586685164,39492.0,3196792.4814477703,-3.0,0.0,-3.0,-3.0,improved
paxg_usdc_500,2026_01,paxg_usdc_500_month_24136052_24143251_w01,PAXG,7.257115626862245,normal,adaptive_5_1000_h600,True,3.47634111397164e-06,1428,86520,0,0,0,0,0.0,0.0,0.0,0.0,284.4222100950652,284.4222100950652,,1.0,86520,3272100.3972684233,,320.0095287692987,320.00952815364036,,1.0,0,1428,0,0.09325755854499584,0.0,278.5804814125485,0.45644937586685164,39492.0,3196792.4814477703,-3.0,0.0,-3.0,-3.0,improved
paxg_usdc_500,2026_01,paxg_usdc_500_month_24136052_24143251_w01,PAXG,7.257115626862245,normal,adaptive_10_1000_h600,True,3.47634111397164e-06,1428,86520,0,0,0,0,0.0,0.0,0.0,0.0,284.4222100950652,284.4222100950652,,1.0,86520,3272100.3972684233,,320.0095287692987,320.00952815364036,,1.0,0,1428,0,0.09325755854499584,0.0,278.5804814125485,0.45644937586685164,39492.0,3196792.4814477703,-3.0,0.0,-3.0,-3.0,improved
paxg_usdc_500,2026_01,paxg_usdc_500_month_24150452_24157651_w03,PAXG,2.9939256736609803,normal,fixed_10bps_control,False,3.465794218967115e-06,815,86508,17,0,1,16,0.0,-0.023555043162633328,0.0,0.0,3.0960505064164936,2.9581345579056233,0.8292072569056305,0.6845609654598419,59220,202042.26506126553,660,10.0,10.0,10.0,,0,0,0,0.0,0.0,0.0,0.0,0.0,0.0,0.0,0.0,0.0,0.0,unchanged
paxg_usdc_500,2026_01,paxg_usdc_500_month_24150452_24157651_w03,PAXG,2.9939256736609803,normal,adaptive_5_100_h60,True,3.465794218967115e-06,815,86508,0,0,0,0,0.0,0.0,0.0,0.0,83.1382211347867,83.1382211347867,,0.7182688306283812,62136,1704002.0164560007,,100.0,100.0,,0.0,0,0,677,0.023555043162633328,0.0,80.18008657688108,0.0337078651685393,2916.0,1501959.7513947352,-17.0,0.0,-1.0,-16.0,improved
paxg_usdc_500,2026_01,paxg_usdc_500_month_24150452_24157651_w03,PAXG,2.9939256736609803,normal,adaptive_5_1000_h600,True,3.465794218967115e-06,815,86508,0,0,0,0,0.0,0.0,0.0,0.0,83.1382211347867,83.1382211347867,,0.7182688306283812,62136,1704002.0164560007,,320.0091423545985,320.0091421642145,,1.0,0,677,0,0.023555043162633328,0.0,80.18008657688108,0.0337078651685393,2916.0,1501959.7513947352,-17.0,0.0,-1.0,-16.0,improved
paxg_usdc_500,2026_01,paxg_usdc_500_month_24150452_24157651_w03,PAXG,2.9939256736609803,normal,adaptive_10_1000_h600,True,3.465794218967115e-06,815,86508,0,0,0,0,0.0,0.0,0.0,0.0,83.1382211347867,83.1382211347867,,0.7182688306283812,62136,1704002.0164560007,,320.0091423545985,320.0091421642145,,1.0,0,677,0,0.023555043162633328,0.0,80.18008657688108,0.0337078651685393,2916.0,1501959.7513947352,-17.0,0.0,-1.0,-16.0,improved
paxg_usdc_500,2026_01,paxg_usdc_500_month_24344852_24352051_w30,PAXG,123.09568592303408,stress,fixed_10bps_control,False,2.90785794688278e-06,2962,86556,58,0,46,58,0.0,-0.9238944415418919,0.0,0.0,50.47027576967081,48.18961623853217,0.5949003220657721,0.4575072785248856,39600,1810668.628812816,628.1739130434783,10.0,10.0,10.0,,0,0,0,0.0,0.0,0.0,0.0,0.0,0.0,0.0,0.0,0.0,0.0,unchanged
paxg_usdc_500,2026_01,paxg_usdc_500_month_24344852_24352051_w30,PAXG,123.09568592303408,stress,adaptive_5_100_h60,True,2.90785794688278e-06,2962,86556,18,0,18,18,0.0,-1.1501072304042608,0.0,0.0,99.63733453252405,97.01804856124038,0.5609081089222901,0.7496187439345626,64884,4120080.2076833146,620.6666666666666,100.0,100.0,100.0,0.0,0,0,2257,-0.22621278886236884,0.0,48.82843232270821,0.29211146540967703,25284.0,2309411.5788704986,-40.0,0.0,-28.0,-40.0,worsened
paxg_usdc_500,2026_01,paxg_usdc_500_month_24344852_24352051_w30,PAXG,123.09568592303408,stress,adaptive_5_1000_h600,True,2.90785794688278e-06,2962,86556,4,3,4,1,0.75,-0.2473778156757237,0.07309074413195706,0.0007643496472421807,267.8104375687968,264.5535391230751,0.9240449710672792,0.8301677526687925,71856,5657341.987473955,543,320.052124225787,320.05222139023545,320.05175108040896,1.0,0,2480,0,0.6765166258661682,0.07309074413195706,216.36392288454294,0.3726604741439069,32256.0,3846673.3586611394,-54.0,3.0,-42.0,-57.0,improved
paxg_usdc_500,2026_01,paxg_usdc_500_month_24344852_24352051_w30,PAXG,123.09568592303408,stress,adaptive_10_1000_h600,True,2.90785794688278e-06,2962,86556,4,3,4,1,0.75,-0.2473778156757237,0.07309074413195706,0.0007643496472421807,267.8104375687968,264.5535391230751,0.9240449710672792,0.8301677526687925,71856,5657341.987473955,543,320.052124225787,320.05222139023545,320.05175108040896,1.0,0,2480,0,0.6765166258661682,0.07309074413195706,216.36392288454294,0.3726604741439069,32256.0,3846673.3586611394,-54.0,3.0,-42.0,-57.0,improved
paxg_usdc_500,2026_01,paxg_usdc_500_month_24352052_24358292_w31,PAXG,0.08536022342794537,normal,fixed_10bps_control,False,3.06044778522987e-06,1026,75108,1,0,1,1,0.0,-0.013430002480335485,0.0,0.0,0.3366916224852677,0.2993601429329568,0.6402499273698318,0.7747243968685094,58188,72412.3479156964,732,10.0,10.0,10.0,,0,0,0,0.0,0.0,0.0,0.0,0.0,0.0,0.0,0.0,0.0,0.0,unchanged
paxg_usdc_500,2026_01,paxg_usdc_500_month_24352052_24358292_w31,PAXG,0.08536022342794537,normal,adaptive_5_100_h60,True,3.06044778522987e-06,1026,75108,0,0,0,0,0.0,0.0,0.0,0.0,30.52491184238748,30.52491184238748,,0.8127496405176545,61044,4365088.136501588,,100.0,100.0,,0.0,0,0,810,0.013430002480335485,0.0,30.22555169945452,0.03802524364914517,2856.0,4292675.788585892,-1.0,0.0,-1.0,-1.0,improved
paxg_usdc_500,2026_01,paxg_usdc_500_month_24352052_24358292_w31,PAXG,0.08536022342794537,normal,adaptive_5_1000_h600,True,3.06044778522987e-06,1026,75108,0,0,0,0,0.0,0.0,0.0,0.0,30.52491184238748,30.52491184238748,,0.8127496405176545,61044,4365088.136501588,,320.04835055838885,320.0483505212403,,1.0,0,810,0,0.013430002480335485,0.0,30.22555169945452,0.03802524364914517,2856.0,4292675.788585892,-1.0,0.0,-1.0,-1.0,improved
paxg_usdc_500,2026_01,paxg_usdc_500_month_24352052_24358292_w31,PAXG,0.08536022342794537,normal,adaptive_10_1000_h600,True,3.06044778522987e-06,1026,75108,0,0,0,0,0.0,0.0,0.0,0.0,30.52491184238748,30.52491184238748,,0.8127496405176545,61044,4365088.136501588,,320.04835055838885,320.0483505212403,,1.0,0,810,0,0.013430002480335485,0.0,30.22555169945452,0.03802524364914517,2856.0,4292675.788585892,-1.0,0.0,-1.0,-1.0,improved
paxg_usdc_500,2026_02,paxg_usdc_500_month_24358292_24365491_w01,PAXG,49.06088475154629,normal,fixed_10bps_control,False,3.060555984229995e-06,1256,86784,11,0,5,10,0.0,-0.3301189131760006,0.0,0.0,18.049776351316527,17.286846438351926,0.5673011274479722,0.7060287610619469,61272,448614.4669221009,631.2,10.0,10.0,10.0,,0,0,0,0.0,0.0,0.0,0.0,0.0,0.0,0.0,0.0,0.0,0.0,unchanged
paxg_usdc_500,2026_02,paxg_usdc_500_month_24358292_24365491_w01,PAXG,49.06088475154629,normal,adaptive_5_100_h60,True,3.060555984229995e-06,1256,86784,3,0,3,3,0.0,-0.5717063017498784,0.0,0.0,18.21298099170518,16.977243636725174,0.5373561384659064,0.7111449115044248,61716,428906.03512388095,668,100.0,100.0,100.0,0.0,0,0,911,-0.24158738857387774,0.0,-0.30960280162675247,0.005116150442477929,444.0,-19708.431798219972,-8.0,0.0,-2.0,-7.0,worsened
paxg_usdc_500,2026_02,paxg_usdc_500_month_24358292_24365491_w01,PAXG,49.06088475154629,normal,adaptive_5_1000_h600,True,3.060555984229995e-06,1256,86784,0,0,0,0,0.0,0.0,0.0,0.0,211.00137253071654,211.00137253071654,,1.0,86784,11709022.531937767,,320.04252586789664,320.0425972840796,,1.0,0,1256,0,0.3301189131760006,0.0,193.71452609236462,0.2939712389380531,25512.0,11260408.065015666,-11.0,0.0,-5.0,-10.0,improved
paxg_usdc_500,2026_02,paxg_usdc_500_month_24358292_24365491_w01,PAXG,49.06088475154629,normal,adaptive_10_1000_h600,True,3.060555984229995e-06,1256,86784,0,0,0,0,0.0,0.0,0.0,0.0,211.00137253071654,211.00137253071654,,1.0,86784,11709022.531937767,,320.04252586789664,320.0425972840796,,1.0,0,1256,0,0.3301189131760006,0.0,193.71452609236462,0.2939712389380531,25512.0,11260408.065015666,-11.0,0.0,-5.0,-10.0,improved
paxg_usdc_500,2026_02,paxg_usdc_500_month_24365492_24372691_w02,PAXG,110.37685540300456,stress,fixed_10bps_control,False,3.3332444201414997e-06,3381,86808,62,1,47,61,0.016129032258064516,-0.6644492406117009,0.05303196486927492,0.00282881909455615,90.83080499204996,86.14706496752002,0.8581370364000114,0.4864528614874205,42228,1887740.5396546007,625.7872340425532,10.0,10.0,10.0,,0,0,0,0.0,0.0,0.0,0.0,0.0,0.0,0.0,0.0,0.0,0.0,unchanged
paxg_usdc_500,2026_02,paxg_usdc_500_month_24365492_24372691_w02,PAXG,110.37685540300456,stress,adaptive_5_100_h60,True,3.3332444201414997e-06,3381,86808,14,1,12,13,0.07142857142857142,-0.854019589676412,0.05303196486927492,0.00282881909455615,145.68525953766095,140.8344858973428,0.8239415703552802,0.6787392867016865,58920,3227149.206175929,606,100.0,100.0,100.0,0.0,0,0,2130,-0.18957034906471115,0.0,54.68742092982278,0.19228642521426598,16692.0,1339408.6665213283,-48.0,0.0,-35.0,-48.0,worsened
paxg_usdc_500,2026_02,paxg_usdc_500_month_24365492_24372691_w02,PAXG,110.37685540300456,stress,adaptive_5_1000_h600,True,3.3332444201414997e-06,3381,86808,2,2,2,0,1.0,-0.005186467521388435,0.08916880339726853,0.005179801032548152,334.33695890083743,330.13592417707275,0.9987654309325155,0.7137130218413049,61956,6066793.14759789,438,320.04451415506253,320.0445040654727,320.04412897380905,1.0,0,2229,0,0.6592627730903124,0.03613683852799361,243.98885920955274,0.2272601603538844,19728.0,4179052.60794329,-60.0,1.0,-45.0,-61.0,improved
paxg_usdc_500,2026_02,paxg_usdc_500_month_24365492_24372691_w02,PAXG,110.37685540300456,stress,adaptive_10_1000_h600,True,3.3332444201414997e-06,3381,86808,2,2,2,0,1.0,-0.005186467521388435,0.08916880339726853,0.005179801032548152,334.33695890083743,330.13592417707275,0.9987654309325155,0.7137130218413049,61956,6066793.14759789,438,320.04451415506253,320.0445040654727,320.04412897380905,1.0,0,2229,0,0.6592627730903124,0.03613683852799361,243.98885920955274,0.2272601603538844,19728.0,4179052.60794329,-60.0,1.0,-45.0,-61.0,improved
paxg_usdc_500,2026_02,paxg_usdc_500_month_24545492_24552691_w27,PAXG,26.626813751882427,normal,fixed_10bps_control,False,2.8900509034298997e-06,1032,86208,14,0,10,14,0.0,-0.08039122779761201,0.0,0.0,4.5672888265950125,4.2419941089744,0.7528664824758349,0.20183741648106904,17400,354596.05294623424,729.6,10.0,10.0,10.0,,0,0,0,0.0,0.0,0.0,0.0,0.0,0.0,0.0,0.0,0.0,0.0,unchanged
paxg_usdc_500,2026_02,paxg_usdc_500_month_24545492_24552691_w27,PAXG,26.626813751882427,normal,adaptive_5_100_h60,True,2.8900509034298997e-06,1032,86208,1,0,1,1,0.0,-0.15051173548176922,0.0,0.0,62.59721870617811,62.24014457781028,0.5784860242612655,0.7951002227171492,68544,3127167.5336186634,792,100.0,100.0,100.0,0.0,0,0,852,-0.0701205076841572,0.0,57.998150468835874,0.5932628062360802,51144.0,2772571.4806724293,-13.0,0.0,-9.0,-13.0,worsened
paxg_usdc_500,2026_02,paxg_usdc_500_month_24545492_24552691_w27,PAXG,26.626813751882427,normal,adaptive_5_1000_h600,True,2.8900509034298997e-06,1032,86208,0,0,0,0,0.0,0.0,0.0,0.0,186.49077515946763,186.49077515946763,,0.8443763919821826,72792,6149428.333762337,,320.0198453080116,320.01984134082966,,1.0,0,900,0,0.08039122779761201,0.0,182.24878105049322,0.6425389755011136,55392.0,5794832.280816103,-14.0,0.0,-10.0,-14.0,improved
paxg_usdc_500,2026_02,paxg_usdc_500_month_24545492_24552691_w27,PAXG,26.626813751882427,normal,adaptive_10_1000_h600,True,2.8900509034298997e-06,1032,86208,0,0,0,0,0.0,0.0,0.0,0.0,186.49077515946763,186.49077515946763,,0.8443763919821826,72792,6149428.333762337,,320.0198453080116,320.01984134082966,,1.0,0,900,0,0.08039122779761201,0.0,182.24878105049322,0.6425389755011136,55392.0,5794832.280816103,-14.0,0.0,-10.0,-14.0,improved
paxg_usdc_500,2026_02,paxg_usdc_500_month_24552692_24558867_w28,PAXG,0.32509625072461984,normal,fixed_10bps_control,False,2.842141762241565e-06,1844,74208,1,0,1,1,0.0,-0.017038259988894314,0.0,0.0,0.7797693344231975,0.724324498225835,0.6926988849196958,0.7826649417852523,58080,46846.5440259622,612,10.0,10.0,10.0,,0,0,0,0.0,0.0,0.0,0.0,0.0,0.0,0.0,0.0,0.0,0.0,unchanged
paxg_usdc_500,2026_02,paxg_usdc_500_month_24552692_24558867_w28,PAXG,0.32509625072461984,normal,adaptive_5_100_h60,True,2.842141762241565e-06,1844,74208,0,0,0,0,0.0,0.0,0.0,0.0,92.41076416117836,92.41076416117836,,0.8224450194049159,61032,3159200.56922558,,100.0,100.0,,0.0,0,0,1665,0.017038259988894314,0.0,91.68643966295252,0.03978007761966362,2952.0,3112354.0251996177,-1.0,0.0,-1.0,-1.0,improved
paxg_usdc_500,2026_02,paxg_usdc_500_month_24552692_24558867_w28,PAXG,0.32509625072461984,normal,adaptive_5_1000_h600,True,2.842141762241565e-06,1844,74208,0,0,0,0,0.0,0.0,0.0,0.0,92.41076416117836,92.41076416117836,,0.8224450194049159,61032,3159200.56922558,,320.0205952684856,320.02059520843346,,1.0,0,1665,0,0.017038259988894314,0.0,91.68643966295252,0.03978007761966362,2952.0,3112354.0251996177,-1.0,0.0,-1.0,-1.0,improved
paxg_usdc_500,2026_02,paxg_usdc_500_month_24552692_24558867_w28,PAXG,0.32509625072461984,normal,adaptive_10_1000_h600,True,2.842141762241565e-06,1844,74208,0,0,0,0,0.0,0.0,0.0,0.0,92.41076416117836,92.41076416117836,,0.8224450194049159,61032,3159200.56922558,,320.0205952684856,320.02059520843346,,1.0,0,1665,0,0.017038259988894314,0.0,91.68643966295252,0.03978007761966362,2952.0,3112354.0251996177,-1.0,0.0,-1.0,-1.0,improved
paxg_usdc_500,2026_03,paxg_usdc_500_month_24558867_24566066_w01,PAXG,32.252094623827816,normal,fixed_10bps_control,False,2.8417958329857297e-06,1598,86556,3,0,3,3,0.0,-0.40265631229224635,0.0,0.0,14.023547213631893,13.084045054782326,0.571415234654379,0.6949951476500763,60156,297148.3431496843,760,10.0,10.0,10.0,,0,0,0,0.0,0.0,0.0,0.0,0.0,0.0,0.0,0.0,0.0,0.0,unchanged
paxg_usdc_500,2026_03,paxg_usdc_500_month_24558867_24566066_w01,PAXG,32.252094623827816,normal,adaptive_5_100_h60,True,2.8417958329857297e-06,1598,86556,2,0,2,2,0.0,-0.37802574370347874,0.0,0.0,16.478473899001447,15.61117546619216,0.5641341787289912,0.7101067516983225,61464,379348.45845995017,834,100.0,100.0,100.0,0.0,0,0,1120,0.02463056858876761,0.0,2.527130411409834,0.015111604048246186,1308.0,82200.11531026586,-1.0,0.0,-1.0,-1.0,improved
paxg_usdc_500,2026_03,paxg_usdc_500_month_24558867_24566066_w01,PAXG,32.252094623827816,normal,adaptive_5_1000_h600,True,2.8417958329857297e-06,1598,86556,0,0,0,0,0.0,0.0,0.0,0.0,842.5473471560675,842.5473471560675,,1.0,86556,14609538.93732235,,320.02223059809404,320.02222254050304,,1.0,0,1598,0,0.40265631229224635,0.0,829.4633021012852,0.3050048523499237,26400.0,14312390.594172666,-3.0,0.0,-3.0,-3.0,improved
paxg_usdc_500,2026_03,paxg_usdc_500_month_24558867_24566066_w01,PAXG,32.252094623827816,normal,adaptive_10_1000_h600,True,2.8417958329857297e-06,1598,86556,0,0,0,0,0.0,0.0,0.0,0.0,842.5473471560675,842.5473471560675,,1.0,86556,14609538.93732235,,320.02223059809404,320.02222254050304,,1.0,0,1598,0,0.40265631229224635,0.0,829.4633021012852,0.3050048523499237,26400.0,14312390.594172666,-3.0,0.0,-3.0,-3.0,improved
paxg_usdc_500,2026_03,paxg_usdc_500_month_24566067_24573266_w02,PAXG,49.090061611502875,normal,fixed_10bps_control,False,2.78852910666681e-06,1610,86784,18,0,15,18,0.0,-0.1576593703197134,0.0,0.0,15.321828158106545,14.786233823526516,0.7056365981851968,0.1933075221238938,16776,447634.91996530414,669.6,10.0,10.0,10.0,,0,0,0,0.0,0.0,0.0,0.0,0.0,0.0,0.0,0.0,0.0,0.0,unchanged
paxg_usdc_500,2026_03,paxg_usdc_500_month_24566067_24573266_w02,PAXG,49.090061611502875,normal,adaptive_5_100_h60,True,2.78852910666681e-06,1610,86784,2,0,2,2,0.0,-0.26665456584679026,0.0,0.0,75.13653303725701,74.5107611163179,0.5738789854191351,0.703125,61020,3132912.6917488948,618,100.0,100.0,100.0,0.0,0,0,1162,-0.10899519552707687,0.0,59.72452729279138,0.5098174778761062,44244.0,2685277.771783591,-16.0,0.0,-13.0,-16.0,worsened
paxg_usdc_500,2026_03,paxg_usdc_500_month_24566067_24573266_w02,PAXG,49.090061611502875,normal,adaptive_5_1000_h600,True,2.78852910666681e-06,1610,86784,0,0,0,0,0.0,0.0,0.0,0.0,478.2876631869224,478.2876631869224,,0.7126659292035398,61848,7604392.678509961,,320.0217372606783,320.0217133975445,,1.0,0,1182,0,0.1576593703197134,0.0,463.50142936339586,0.519358407079646,45072.0,7156757.758544656,-18.0,0.0,-15.0,-18.0,improved
paxg_usdc_500,2026_03,paxg_usdc_500_month_24566067_24573266_w02,PAXG,49.090061611502875,normal,adaptive_10_1000_h600,True,2.78852910666681e-06,1610,86784,0,0,0,0,0.0,0.0,0.0,0.0,478.2876631869224,478.2876631869224,,0.7126659292035398,61848,7604392.678509961,,320.0217372606783,320.0217133975445,,1.0,0,1182,0,0.1576593703197134,0.0,463.50142936339586,0.519358407079646,45072.0,7156757.758544656,-18.0,0.0,-15.0,-18.0,improved
paxg_usdc_500,2026_03,paxg_usdc_500_month_24760467_24767666_w29,PAXG,34.74745879422978,normal,fixed_10bps_control,False,3.337038700354755e-06,667,86304,13,0,12,12,0.0,-0.062391371299606514,0.0,0.0,3.8247247629158108,3.577660196671265,0.7474693670242815,0.721357063403782,62256,431279.8780851432,666,10.0,10.0,10.0,,0,0,0,0.0,0.0,0.0,0.0,0.0,0.0,0.0,0.0,0.0,0.0,unchanged
paxg_usdc_500,2026_03,paxg_usdc_500_month_24760467_24767666_w29,PAXG,34.74745879422978,normal,adaptive_5_100_h60,True,3.337038700354755e-06,667,86304,2,0,2,2,0.0,-0.17710661837596517,0.0,0.0,18.971312565851754,18.549257083879912,0.5803712404148317,0.8320355951056729,71808,1035843.424888472,642,100.0,100.0,100.0,0.0,0,0,621,-0.11471524707635866,0.0,14.971596887208648,0.1106785317018909,9552.0,604563.5468033287,-11.0,0.0,-10.0,-10.0,worsened
paxg_usdc_500,2026_03,paxg_usdc_500_month_24760467_24767666_w29,PAXG,34.74745879422978,normal,adaptive_5_1000_h600,True,3.337038700354755e-06,667,86304,0,0,0,0,0.0,0.0,0.0,0.0,28.88256114742469,28.88256114742469,,0.8441323692992213,72852,1189707.1674701842,,320.0311944412183,320.03122984262944,,1.0,0,654,0,0.062391371299606514,0.0,25.304900950753424,0.12277530589543928,10596.0,758427.289385041,-13.0,0.0,-12.0,-12.0,improved
paxg_usdc_500,2026_03,paxg_usdc_500_month_24760467_24767666_w29,PAXG,34.74745879422978,normal,adaptive_10_1000_h600,True,3.337038700354755e-06,667,86304,0,0,0,0,0.0,0.0,0.0,0.0,28.88256114742469,28.88256114742469,,0.8441323692992213,72852,1189707.1674701842,,320.0311944412183,320.03122984262944,,1.0,0,654,0,0.062391371299606514,0.0,25.304900950753424,0.12277530589543928,10596.0,758427.289385041,-13.0,0.0,-12.0,-12.0,improved
paxg_usdc_500,2026_03,paxg_usdc_500_month_24774867_24781026_w31,PAXG,42.689496889713595,normal,fixed_10bps_control,False,3.2858868133912645e-06,883,74124,22,0,16,21,0.0,-0.08032010032029682,0.0,0.0,3.3805663993667046,3.095807298922695,0.7179366692932451,0.4872915654848632,36120,529251.5967789097,708,10.0,10.0,10.0,,0,0,0,0.0,0.0,0.0,0.0,0.0,0.0,0.0,0.0,0.0,0.0,unchanged
paxg_usdc_500,2026_03,paxg_usdc_500_month_24774867_24781026_w31,PAXG,42.689496889713595,normal,adaptive_5_100_h60,True,3.2858868133912645e-06,883,74124,2,0,2,2,0.0,-0.1232548772611927,0.0,0.0,12.753682406381378,12.46020000885756,0.5800263378617448,0.7830662133721872,58044,1674102.2662706648,690,100.0,100.0,100.0,0.0,0,0,732,-0.04293477694089588,0.0,9.364392709934865,0.295774647887324,21924.0,1144850.669491755,-20.0,0.0,-14.0,-19.0,worsened
paxg_usdc_500,2026_03,paxg_usdc_500_month_24774867_24781026_w31,PAXG,42.689496889713595,normal,adaptive_5_1000_h600,True,3.2858868133912645e-06,883,74124,0,0,0,0,0.0,0.0,0.0,0.0,194.47104874826152,194.47104874826152,,0.8243483891856889,61104,7903221.683172538,,320.0408636923829,320.04083219132605,,1.0,0,763,0,0.08032010032029682,0.0,191.37524144933883,0.3370568237008257,24984.0,7373970.086393628,-22.0,0.0,-16.0,-21.0,improved
paxg_usdc_500,2026_03,paxg_usdc_500_month_24774867_24781026_w31,PAXG,42.689496889713595,normal,adaptive_10_1000_h600,True,3.2858868133912645e-06,883,74124,0,0,0,0,0.0,0.0,0.0,0.0,194.47104874826152,194.47104874826152,,0.8243483891856889,61104,7903221.683172538,,320.0408636923829,320.04083219132605,,1.0,0,763,0,0.08032010032029682,0.0,191.37524144933883,0.3370568237008257,24984.0,7373970.086393628,-22.0,0.0,-16.0,-21.0,improved
paxg_usdc_500,2026_04,paxg_usdc_500_month_24781026_24788225_w01,PAXG,37.27335417718172,normal,fixed_10bps_control,False,3.19064626711635e-06,1068,86748,33,0,30,33,0.0,-0.06426860527460262,0.0,0.0,3.2404074547551067,2.930386541188604,0.7926959038496726,0.3340711025038041,28980,720899.199291758,712.4,10.0,10.0,10.0,,0,0,0,0.0,0.0,0.0,0.0,0.0,0.0,0.0,0.0,0.0,0.0,unchanged
paxg_usdc_500,2026_04,paxg_usdc_500_month_24781026_24788225_w01,PAXG,37.27335417718172,normal,adaptive_5_100_h60,True,3.19064626711635e-06,1068,86748,2,0,2,2,0.0,-0.08898822833438709,0.0,0.0,19.719013087424518,19.501638766544538,0.590622167447643,0.9128510167381381,79188,2733809.5738561708,624,100.0,100.0,100.0,0.0,0,0,992,-0.024719623059784465,0.0,16.571252225355934,0.578779914234334,50208.0,2012910.3745644127,-31.0,0.0,-28.0,-31.0,worsened
paxg_usdc_500,2026_04,paxg_usdc_500_month_24781026_24788225_w01,PAXG,37.27335417718172,normal,adaptive_5_1000_h600,True,3.19064626711635e-06,1068,86748,0,0,0,0,0.0,0.0,0.0,0.0,152.4616074386302,152.4616074386302,,1.0,86748,9659705.669581495,,320.0417139903404,320.04169535454645,,1.0,0,1068,0,0.06426860527460262,0.0,149.5312208974416,0.6659288974961959,57768.0,8938806.470289737,-33.0,0.0,-30.0,-33.0,improved
paxg_usdc_500,2026_04,paxg_usdc_500_month_24781026_24788225_w01,PAXG,37.27335417718172,normal,adaptive_10_1000_h600,True,3.19064626711635e-06,1068,86748,0,0,0,0,0.0,0.0,0.0,0.0,152.4616074386302,152.4616074386302,,1.0,86748,9659705.669581495,,320.0417139903404,320.04169535454645,,1.0,0,1068,0,0.06426860527460262,0.0,149.5312208974416,0.6659288974961959,57768.0,8938806.470289737,-33.0,0.0,-30.0,-33.0,improved
paxg_usdc_500,2026_04,paxg_usdc_500_month_24802626_24809825_w04,PAXG,0.14894151480418175,normal,fixed_10bps_control,False,3.2071207217840546e-06,142,86208,1,0,1,1,0.0,-0.012179169330060772,0.0,0.0,0.11144938013590258,0.07430958137004118,0.6720722853981705,0.6852728285077951,59076,52345.48881688054,744,10.0,10.0,10.0,,0,0,0,0.0,0.0,0.0,0.0,0.0,0.0,0.0,0.0,0.0,0.0,unchanged
paxg_usdc_500,2026_04,paxg_usdc_500_month_24802626_24809825_w04,PAXG,0.14894151480418175,normal,adaptive_5_100_h60,True,3.2071207217840546e-06,142,86208,0,0,0,0,0.0,0.0,0.0,0.0,4.218930587033767,4.218930587033767,,0.7174276169265034,61848,3598261.951570798,,100.0,100.0,,0.0,0,0,113,0.012179169330060772,0.0,4.144621005663725,0.032154788418708224,2772.0,3545916.4627539176,-1.0,0.0,-1.0,-1.0,improved
paxg_usdc_500,2026_04,paxg_usdc_500_month_24802626_24809825_w04,PAXG,0.14894151480418175,normal,adaptive_5_1000_h600,True,3.2071207217840546e-06,142,86208,0,0,0,0,0.0,0.0,0.0,0.0,4.218930587033767,4.218930587033767,,0.7174276169265034,61848,3598261.951570798,,320.03590446776013,320.03590447382777,,1.0,0,113,0,0.012179169330060772,0.0,4.144621005663725,0.032154788418708224,2772.0,3545916.4627539176,-1.0,0.0,-1.0,-1.0,improved
paxg_usdc_500,2026_04,paxg_usdc_500_month_24802626_24809825_w04,PAXG,0.14894151480418175,normal,adaptive_10_1000_h600,True,3.2071207217840546e-06,142,86208,0,0,0,0,0.0,0.0,0.0,0.0,4.218930587033767,4.218930587033767,,0.7174276169265034,61848,3598261.951570798,,320.03590446776013,320.03590447382777,,1.0,0,113,0,0.012179169330060772,0.0,4.144621005663725,0.032154788418708224,2772.0,3545916.4627539176,-1.0,0.0,-1.0,-1.0,improved
paxg_usdc_500,2026_04,paxg_usdc_500_month_24961026_24968225_w26,PAXG,16.063219292366764,normal,fixed_10bps_control,False,3.18583136695236e-06,155,83940,5,0,5,5,0.0,-0.05758442372775918,0.0,0.0,1.602163205090112,1.3909168857146124,0.7274062625185894,0.6456040028591852,54192,122558.98246018066,676.8,10.0,10.0,10.0,,0,0,0,0.0,0.0,0.0,0.0,0.0,0.0,0.0,0.0,0.0,0.0,unchanged
paxg_usdc_500,2026_04,paxg_usdc_500_month_24961026_24968225_w26,PAXG,16.063219292366764,normal,adaptive_5_100_h60,True,3.18583136695236e-06,155,83940,0,0,0,0,0.0,0.0,0.0,0.0,2.6422434909198507,2.6422434909198507,,0.8081486776268764,67836,2037524.5148041388,,100.0,100.0,,0.0,0,0,143,0.05758442372775918,0.0,1.2513266052052383,0.1625446747676912,13644.0,1914965.532343958,-5.0,0.0,-5.0,-5.0,improved
paxg_usdc_500,2026_04,paxg_usdc_500_month_24961026_24968225_w26,PAXG,16.063219292366764,normal,adaptive_5_1000_h600,True,3.18583136695236e-06,155,83940,0,0,0,0,0.0,0.0,0.0,0.0,2.6422434909198507,2.6422434909198507,,0.8081486776268764,67836,2037524.5148041388,,320.0198966854343,320.01991036514033,,1.0,0,143,0,0.05758442372775918,0.0,1.2513266052052383,0.1625446747676912,13644.0,1914965.532343958,-5.0,0.0,-5.0,-5.0,improved
paxg_usdc_500,2026_04,paxg_usdc_500_month_24961026_24968225_w26,PAXG,16.063219292366764,normal,adaptive_10_1000_h600,True,3.18583136695236e-06,155,83940,0,0,0,0,0.0,0.0,0.0,0.0,2.6422434909198507,2.6422434909198507,,0.8081486776268764,67836,2037524.5148041388,,320.0198966854343,320.01991036514033,,1.0,0,143,0,0.05758442372775918,0.0,1.2513266052052383,0.1625446747676912,13644.0,1914965.532343958,-5.0,0.0,-5.0,-5.0,improved
paxg_usdc_500,2026_04,paxg_usdc_500_month_24989826_24996367_w30,PAXG,24.780215705831083,normal,fixed_10bps_control,False,3.2764167691672346e-06,340,78456,9,0,9,9,0.0,-0.04701966709212564,0.0,0.0,1.3217584045969053,1.1153334289634107,0.7722190982567507,0.10553686142551238,8280,270347.57188219344,890.6666666666666,10.0,10.0,10.0,,0,0,0,0.0,0.0,0.0,0.0,0.0,0.0,0.0,0.0,0.0,0.0,unchanged
paxg_usdc_500,2026_04,paxg_usdc_500_month_24989826_24996367_w30,PAXG,24.780215705831083,normal,adaptive_5_100_h60,True,3.2764167691672346e-06,340,78456,1,0,1,1,0.0,-0.12385657265021828,0.0,0.0,8.226478020267422,7.933147985132434,0.5777569365059354,0.7416641174671154,58188,1840433.1008617221,648,100.0,100.0,100.0,0.0,0,0,226,-0.07683690555809264,0.0,6.817814556169024,0.6361272560416029,49908.0,1570085.5289795287,-8.0,0.0,-8.0,-8.0,worsened
paxg_usdc_500,2026_04,paxg_usdc_500_month_24989826_24996367_w30,PAXG,24.780215705831083,normal,adaptive_5_1000_h600,True,3.2764167691672346e-06,340,78456,0,0,0,0,0.0,0.0,0.0,0.0,55.663768483054845,55.663768483054845,,0.7788314469256653,61104,6577281.605666331,,320.0251634345738,320.0251540887253,,1.0,0,246,0,0.04701966709212564,0.0,54.548435054091435,0.6732945855001529,52824.0,6306934.033784138,-9.0,0.0,-9.0,-9.0,improved
paxg_usdc_500,2026_04,paxg_usdc_500_month_24989826_24996367_w30,PAXG,24.780215705831083,normal,adaptive_10_1000_h600,True,3.2764167691672346e-06,340,78456,0,0,0,0,0.0,0.0,0.0,0.0,55.663768483054845,55.663768483054845,,0.7788314469256653,61104,6577281.605666331,,320.0251634345738,320.0251540887253,,1.0,0,246,0,0.04701966709212564,0.0,54.548435054091435,0.6732945855001529,52824.0,6306934.033784138,-9.0,0.0,-9.0,-9.0,improved
paxg_usdc_500,2026_05,paxg_usdc_500_month_24996367_25003566_w01,PAXG,30.52425407785013,normal,fixed_10bps_control,False,3.23805482859585e-06,484,86544,20,0,19,20,0.0,-0.13271105083081872,0.0,0.0,4.41339259684803,3.8117186279370103,0.7794302933347527,0.2454242928452579,21240,488746.30125750817,771.7894736842105,10.0,10.0,10.0,,0,0,0,0.0,0.0,0.0,0.0,0.0,0.0,0.0,0.0,0.0,0.0,unchanged
paxg_usdc_500,2026_05,paxg_usdc_500_month_24996367_25003566_w01,PAXG,30.52425407785013,normal,adaptive_5_100_h60,True,3.23805482859585e-06,484,86544,0,0,0,0,0.0,0.0,0.0,0.0,37.82322811886388,37.82322811886388,,1.0,86544,3199761.7005233183,,100.0,100.0,,0.0,0,0,484,0.13271105083081872,0.0,34.01150949092687,0.7545757071547421,65304.0,2711015.39926581,-20.0,0.0,-19.0,-20.0,improved
paxg_usdc_500,2026_05,paxg_usdc_500_month_24996367_25003566_w01,PAXG,30.52425407785013,normal,adaptive_5_1000_h600,True,3.23805482859585e-06,484,86544,0,0,0,0,0.0,0.0,0.0,0.0,37.82322811886388,37.82322811886388,,1.0,86544,3199761.7005233183,,320.01896835280314,320.01897602049854,,1.0,0,484,0,0.13271105083081872,0.0,34.01150949092687,0.7545757071547421,65304.0,2711015.39926581,-20.0,0.0,-19.0,-20.0,improved
paxg_usdc_500,2026_05,paxg_usdc_500_month_24996367_25003566_w01,PAXG,30.52425407785013,normal,adaptive_10_1000_h600,True,3.23805482859585e-06,484,86544,0,0,0,0,0.0,0.0,0.0,0.0,37.82322811886388,37.82322811886388,,1.0,86544,3199761.7005233183,,320.01896835280314,320.01897602049854,,1.0,0,484,0,0.13271105083081872,0.0,34.01150949092687,0.7545757071547421,65304.0,2711015.39926581,-20.0,0.0,-19.0,-20.0,improved
paxg_usdc_500,2026_05,paxg_usdc_500_month_25003567_25010766_w02,PAXG,4.108453423529993,normal,fixed_10bps_control,False,3.2454260892710996e-06,80,79776,10,0,1,9,0.0,-0.00980608833562194,0.0,0.0,0.270757629329535,0.2303920930481427,0.7570678048902241,0.7232250300842359,57696,348842.1757133973,1080,10.0,10.0,10.0,,0,0,0,0.0,0.0,0.0,0.0,0.0,0.0,0.0,0.0,0.0,0.0,unchanged
paxg_usdc_500,2026_05,paxg_usdc_500_month_25003567_25010766_w02,PAXG,4.108453423529993,normal,adaptive_5_100_h60,True,3.2454260892710996e-06,80,79776,0,0,0,0,0.0,0.0,0.0,0.0,2.2179344835686345,2.2179344835686345,,0.7548134777376655,60216,2033271.231190429,,100.0,100.0,,0.0,0,0,71,0.00980608833562194,0.0,1.9875423905204919,0.03158844765342961,2520.0,1684429.0554770317,-10.0,0.0,-1.0,-9.0,improved
paxg_usdc_500,2026_05,paxg_usdc_500_month_25003567_25010766_w02,PAXG,4.108453423529993,normal,adaptive_5_1000_h600,True,3.2454260892710996e-06,80,79776,0,0,0,0,0.0,0.0,0.0,0.0,2.2179344835686345,2.2179344835686345,,0.7548134777376655,60216,2033271.231190429,,320.0189660658784,320.0189691865353,,1.0,0,71,0,0.00980608833562194,0.0,1.9875423905204919,0.03158844765342961,2520.0,1684429.0554770317,-10.0,0.0,-1.0,-9.0,improved
paxg_usdc_500,2026_05,paxg_usdc_500_month_25003567_25010766_w02,PAXG,4.108453423529993,normal,adaptive_10_1000_h600,True,3.2454260892710996e-06,80,79776,0,0,0,0,0.0,0.0,0.0,0.0,2.2179344835686345,2.2179344835686345,,0.7548134777376655,60216,2033271.231190429,,320.0189660658784,320.0189691865353,,1.0,0,71,0,0.00980608833562194,0.0,1.9875423905204919,0.03158844765342961,2520.0,1684429.0554770317,-10.0,0.0,-1.0,-9.0,improved
paxg_usdc_500,2026_05,paxg_usdc_500_month_25197967_25205166_w29,PAXG,27.76714248266868,normal,fixed_10bps_control,False,3.317095271493105e-06,542,86220,11,0,11,11,0.0,-0.09181617015810865,0.0,0.0,2.525896940806563,2.186567903779987,0.7294184695696475,0.16450939457202504,14184,273613.71246363746,712.3636363636364,10.0,10.0,10.0,,0,0,0,0.0,0.0,0.0,0.0,0.0,0.0,0.0,0.0,0.0,0.0,unchanged
paxg_usdc_500,2026_05,paxg_usdc_500_month_25197967_25205166_w29,PAXG,27.76714248266868,normal,adaptive_5_100_h60,True,3.317095271493105e-06,542,86220,1,0,1,1,0.0,-0.1120537802255376,0.0,0.0,31.35513162515681,31.086520856874134,0.5828395825605354,0.8,68976,2946378.860776063,648,100.0,100.0,100.0,0.0,0,0,448,-0.02023761006742894,0.0,28.899952953094147,0.635490605427975,54792.0,2672765.1483124257,-10.0,0.0,-10.0,-10.0,worsened
paxg_usdc_500,2026_05,paxg_usdc_500_month_25197967_25205166_w29,PAXG,27.76714248266868,normal,adaptive_5_1000_h600,True,3.317095271493105e-06,542,86220,0,0,0,0,0.0,0.0,0.0,0.0,108.00487281360085,108.00487281360085,,0.8054279749478079,69444,7348560.965157631,,320.0246999096834,320.02468600172307,,1.0,0,454,0,0.09181617015810865,0.0,105.81830490982087,0.6409185803757829,55260.0,7074947.252693993,-11.0,0.0,-11.0,-11.0,improved
paxg_usdc_500,2026_05,paxg_usdc_500_month_25197967_25205166_w29,PAXG,27.76714248266868,normal,adaptive_10_1000_h600,True,3.317095271493105e-06,542,86220,0,0,0,0,0.0,0.0,0.0,0.0,108.00487281360085,108.00487281360085,,0.8054279749478079,69444,7348560.965157631,,320.0246999096834,320.02468600172307,,1.0,0,454,0,0.09181617015810865,0.0,105.81830490982087,0.6409185803757829,55260.0,7074947.252693993,-11.0,0.0,-11.0,-11.0,improved
paxg_usdc_500,2026_05,paxg_usdc_500_month_25212367_25218797_w31,PAXG,11.49332773108572,normal,fixed_10bps_control,False,3.302303277598815e-06,204,76800,3,0,3,3,0.0,-0.22250721181683625,0.0,0.0,4.96412026303713,4.089968535673232,0.7454592780044818,0.6878125,52824,95508.04752496713,796,10.0,10.0,10.0,,0,0,0,0.0,0.0,0.0,0.0,0.0,0.0,0.0,0.0,0.0,0.0,unchanged
paxg_usdc_500,2026_05,paxg_usdc_500_month_25212367_25218797_w31,PAXG,11.49332773108572,normal,adaptive_5_100_h60,True,3.302303277598815e-06,204,76800,0,0,0,0,0.0,0.0,0.0,0.0,49.216716704655,49.216716704655,,0.795625,61104,2865529.2790232864,,100.0,100.0,,0.0,0,0,139,0.22250721181683625,0.0,45.12674816898177,0.10781249999999998,8280.0,2770021.231498319,-3.0,0.0,-3.0,-3.0,improved
paxg_usdc_500,2026_05,paxg_usdc_500_month_25212367_25218797_w31,PAXG,11.49332773108572,normal,adaptive_5_1000_h600,True,3.302303277598815e-06,204,76800,0,0,0,0,0.0,0.0,0.0,0.0,49.216716704655,49.216716704655,,0.795625,61104,2865529.2790232864,,320.00864142539706,320.0086420635131,,1.0,0,139,0,0.22250721181683625,0.0,45.12674816898177,0.10781249999999998,8280.0,2770021.231498319,-3.0,0.0,-3.0,-3.0,improved
paxg_usdc_500,2026_05,paxg_usdc_500_month_25212367_25218797_w31,PAXG,11.49332773108572,normal,adaptive_10_1000_h600,True,3.302303277598815e-06,204,76800,0,0,0,0,0.0,0.0,0.0,0.0,49.216716704655,49.216716704655,,0.795625,61104,2865529.2790232864,,320.00864142539706,320.0086420635131,,1.0,0,139,0,0.22250721181683625,0.0,45.12674816898177,0.10781249999999998,8280.0,2770021.231498319,-3.0,0.0,-3.0,-3.0,improved
paxg_usdc_500,2026_06,paxg_usdc_500_month_25218797_25225996_w01,PAXG,24.84177326850616,normal,fixed_10bps_control,False,3.304398969485655e-06,564,86328,33,0,9,33,0.0,-0.12521372288946003,0.0,0.0,3.6994868179564944,3.2558023160395564,0.7177865750359222,0.39671948846260774,34248,589760.1739773225,697.3333333333334,10.0,10.0,10.0,,0,0,0,0.0,0.0,0.0,0.0,0.0,0.0,0.0,0.0,0.0,0.0,unchanged
paxg_usdc_500,2026_06,paxg_usdc_500_month_25218797_25225996_w01,PAXG,24.84177326850616,normal,adaptive_5_100_h60,True,3.304398969485655e-06,564,86328,1,0,1,1,0.0,-0.19746327541810405,0.0,0.0,38.13895425160047,37.67378505640313,0.5755022528215001,0.9862385321100917,85140,3349642.508384643,624,100.0,100.0,100.0,0.0,0,0,535,-0.07224955252864401,0.0,34.41798274036358,0.589519043647484,50892.0,2759882.3344073207,-32.0,0.0,-8.0,-32.0,worsened
paxg_usdc_500,2026_06,paxg_usdc_500_month_25218797_25225996_w01,PAXG,24.84177326850616,normal,adaptive_5_1000_h600,True,3.304398969485655e-06,564,86328,0,0,0,0,0.0,0.0,0.0,0.0,115.05347621265874,115.05347621265874,,1.0,86328,6111340.755781304,,320.01924441316237,320.0192531791693,,1.0,0,564,0,0.12521372288946003,0.0,111.79767389661919,0.6032805115373923,52080.0,5521580.581803981,-33.0,0.0,-9.0,-33.0,improved
paxg_usdc_500,2026_06,paxg_usdc_500_month_25218797_25225996_w01,PAXG,24.84177326850616,normal,adaptive_10_1000_h600,True,3.304398969485655e-06,564,86328,0,0,0,0,0.0,0.0,0.0,0.0,115.05347621265874,115.05347621265874,,1.0,86328,6111340.755781304,,320.01924441316237,320.0192531791693,,1.0,0,564,0,0.12521372288946003,0.0,111.79767389661919,0.6032805115373923,52080.0,5521580.581803981,-33.0,0.0,-9.0,-33.0,improved
paxg_usdc_500,2026_06,paxg_usdc_500_month_25254797_25261996_w06,PAXG,2.552172579587726,normal,fixed_10bps_control,False,3.46760231159334e-06,288,85848,0,0,0,0,0.0,0.0,0.0,0.0,0.1436476759067369,0.1436476759067369,,0.7328767123287672,62916,398349.44684452657,,10.0,10.0,,,0,0,0,0.0,0.0,0.0,0.0,0.0,0.0,0.0,0.0,0.0,0.0,unchanged
paxg_usdc_500,2026_06,paxg_usdc_500_month_25254797_25261996_w06,PAXG,2.552172579587726,normal,adaptive_5_100_h60,True,3.46760231159334e-06,288,85848,0,0,0,0,0.0,0.0,0.0,0.0,0.1436476759067369,0.1436476759067369,,0.7328767123287672,62916,398349.44684452657,,100.0,100.0,,0.0,0,0,191,0.0,0.0,0.0,0.0,0.0,0.0,0.0,0.0,0.0,0.0,unchanged
paxg_usdc_500,2026_06,paxg_usdc_500_month_25254797_25261996_w06,PAXG,2.552172579587726,normal,adaptive_5_1000_h600,True,3.46760231159334e-06,288,85848,0,0,0,0,0.0,0.0,0.0,0.0,0.1436476759067369,0.1436476759067369,,0.7328767123287672,62916,398349.44684452657,,320.0359600943991,320.0359559168949,,1.0,0,191,0,0.0,0.0,0.0,0.0,0.0,0.0,0.0,0.0,0.0,0.0,unchanged
paxg_usdc_500,2026_06,paxg_usdc_500_month_25254797_25261996_w06,PAXG,2.552172579587726,normal,adaptive_10_1000_h600,True,3.46760231159334e-06,288,85848,0,0,0,0,0.0,0.0,0.0,0.0,0.1436476759067369,0.1436476759067369,,0.7328767123287672,62916,398349.44684452657,,320.0359600943991,320.0359559168949,,1.0,0,191,0,0.0,0.0,0.0,0.0,0.0,0.0,0.0,0.0,0.0,0.0,unchanged
paxg_usdc_500,2026_06,paxg_usdc_500_month_25413197_25420396_w28,PAXG,14.88950027962356,normal,fixed_10bps_control,False,3.6752170376531546e-06,322,85800,6,0,6,6,0.0,-0.004751101619324056,0.0,0.0,0.20376722691430726,0.1740603338035238,0.8400673674757517,0.6288111888111888,53952,254415.493632972,1260,10.0,10.0,10.0,,0,0,0,0.0,0.0,0.0,0.0,0.0,0.0,0.0,0.0,0.0,0.0,unchanged
paxg_usdc_500,2026_06,paxg_usdc_500_month_25413197_25420396_w28,PAXG,14.88950027962356,normal,adaptive_5_100_h60,True,3.6752170376531546e-06,322,85800,0,0,0,0,0.0,0.0,0.0,0.0,0.8561414504274492,0.8561414504274492,,0.8241958041958042,70716,1589952.4501840973,,100.0,100.0,,0.0,0,0,305,0.004751101619324056,0.0,0.6820811166239253,0.19538461538461538,16764.0,1335536.9565511253,-6.0,0.0,-6.0,-6.0,improved
paxg_usdc_500,2026_06,paxg_usdc_500_month_25413197_25420396_w28,PAXG,14.88950027962356,normal,adaptive_5_1000_h600,True,3.6752170376531546e-06,322,85800,0,0,0,0,0.0,0.0,0.0,0.0,0.8561414504274492,0.8561414504274492,,0.8241958041958042,70716,1589952.4501840973,,320.06916514001523,320.0691149111148,,1.0,0,305,0,0.004751101619324056,0.0,0.6820811166239253,0.19538461538461538,16764.0,1335536.9565511253,-6.0,0.0,-6.0,-6.0,improved
paxg_usdc_500,2026_06,paxg_usdc_500_month_25413197_25420396_w28,PAXG,14.88950027962356,normal,adaptive_10_1000_h600,True,3.6752170376531546e-06,322,85800,0,0,0,0,0.0,0.0,0.0,0.0,0.8561414504274492,0.8561414504274492,,0.8241958041958042,70716,1589952.4501840973,,320.06916514001523,320.0691149111148,,1.0,0,305,0,0.004751101619324056,0.0,0.6820811166239253,0.19538461538461538,16764.0,1335536.9565511253,-6.0,0.0,-6.0,-6.0,improved
paxg_usdc_500,2026_06,paxg_usdc_500_month_25427597_25433938_w30,PAXG,27.66697963662596,normal,fixed_10bps_control,False,3.7230252454522353e-06,478,76164,11,0,10,11,0.0,-0.05138686181443873,0.0,0.0,1.1645801823238977,1.032102176510344,0.612110240497133,0.17252245155191429,13140,379355.5018581654,828,10.0,10.0,10.0,,0,0,0,0.0,0.0,0.0,0.0,0.0,0.0,0.0,0.0,0.0,0.0,unchanged
paxg_usdc_500,2026_06,paxg_usdc_500_month_25427597_25433938_w30,PAXG,27.66697963662596,normal,adaptive_5_100_h60,True,3.7230252454522353e-06,478,76164,1,0,1,1,0.0,-0.045703807803136584,0.0,0.0,1.6737767712569431,1.5710189712615732,0.5552278483463451,0.7628801008350402,58104,1029556.4584817606,648,100.0,100.0,100.0,0.0,0,0,328,0.005683054011302147,0.0,0.5389167947512292,0.590357649283126,44964.0,650200.9566235952,-10.0,0.0,-9.0,-10.0,improved
paxg_usdc_500,2026_06,paxg_usdc_500_month_25427597_25433938_w30,PAXG,27.66697963662596,normal,adaptive_5_1000_h600,True,3.7230252454522353e-06,478,76164,0,0,0,0,0.0,0.0,0.0,0.0,34.59619533020729,34.59619533020729,,0.8014810146525918,61044,10507089.235295268,,320.1244844678421,320.12449696672985,,1.0,0,342,0,0.05138686181443873,0.0,33.564093153696945,0.6289585631006775,47904.0,10127733.733437102,-11.0,0.0,-10.0,-11.0,improved
paxg_usdc_500,2026_06,paxg_usdc_500_month_25427597_25433938_w30,PAXG,27.66697963662596,normal,adaptive_10_1000_h600,True,3.7230252454522353e-06,478,76164,0,0,0,0,0.0,0.0,0.0,0.0,34.59619533020729,34.59619533020729,,0.8014810146525918,61044,10507089.235295268,,320.1244844678421,320.12449696672985,,1.0,0,342,0,0.05138686181443873,0.0,33.564093153696945,0.6289585631006775,47904.0,10127733.733437102,-11.0,0.0,-10.0,-11.0,improved
eurc_usdc_500,2026_01,eurc_usdc_500_month_24136052_24143251_w01,EURC,3.0759834888733657,normal,fixed_10bps_control,False,0.01277338886854281,119,86400,6,0,0,6,0.0,0.0,0.0,0.0,5696.002916147011,5696.002916147011,,1.0,86400,538347.1039810402,,10.0,10.0,10.0,,0,0,0,0.0,0.0,0.0,0.0,0.0,0.0,0.0,0.0,0.0,0.0,unchanged
eurc_usdc_500,2026_01,eurc_usdc_500_month_24136052_24143251_w01,EURC,3.0759834888733657,normal,adaptive_5_100_h60,True,0.01277338886854281,119,86400,0,0,0,0,0.0,0.0,0.0,0.0,5696.002916147011,5696.002916147011,,1.0,86400,538347.1039810402,,100.0,100.0,,0.0,0,0,119,0.0,0.0,0.0,0.0,0.0,0.0,-6.0,0.0,0.0,-6.0,unchanged
eurc_usdc_500,2026_01,eurc_usdc_500_month_24136052_24143251_w01,EURC,3.0759834888733657,normal,adaptive_5_1000_h600,True,0.01277338886854281,119,86400,0,0,0,0,0.0,0.0,0.0,0.0,5696.002916147011,5696.002916147011,,1.0,86400,538347.1039810402,,320.0076004062224,320.0076004882347,,1.0,0,119,0,0.0,0.0,0.0,0.0,0.0,0.0,-6.0,0.0,0.0,-6.0,unchanged
eurc_usdc_500,2026_01,eurc_usdc_500_month_24136052_24143251_w01,EURC,3.0759834888733657,normal,adaptive_10_1000_h600,True,0.01277338886854281,119,86400,0,0,0,0,0.0,0.0,0.0,0.0,5696.002916147011,5696.002916147011,,1.0,86400,538347.1039810402,,320.0076004062224,320.0076004882347,,1.0,0,119,0,0.0,0.0,0.0,0.0,0.0,0.0,-6.0,0.0,0.0,-6.0,unchanged
eurc_usdc_500,2026_01,eurc_usdc_500_month_24150452_24157651_w03,EURC,13.88636600927824,normal,fixed_10bps_control,False,0.01277949579478773,181,86496,5,0,0,5,0.0,0.0,0.0,0.0,8706.513466297953,8706.513466297953,,0.7175360710321864,62064,504005.47641234903,,10.0,10.0,10.0,,0,0,0,0.0,0.0,0.0,0.0,0.0,0.0,0.0,0.0,0.0,0.0,unchanged
eurc_usdc_500,2026_01,eurc_usdc_500_month_24150452_24157651_w03,EURC,13.88636600927824,normal,adaptive_5_100_h60,True,0.01277949579478773,181,86496,0,0,0,0,0.0,0.0,0.0,0.0,8706.513466297953,8706.513466297953,,0.7175360710321864,62064,504005.47641234903,,100.0,100.0,,0.0,0,0,137,0.0,0.0,0.0,0.0,0.0,0.0,-5.0,0.0,0.0,-5.0,unchanged
eurc_usdc_500,2026_01,eurc_usdc_500_month_24150452_24157651_w03,EURC,13.88636600927824,normal,adaptive_5_1000_h600,True,0.01277949579478773,181,86496,0,0,0,0,0.0,0.0,0.0,0.0,8706.513466297953,8706.513466297953,,0.7175360710321864,62064,504005.47641234903,,320.0081919658877,320.00819181826944,,1.0,0,137,0,0.0,0.0,0.0,0.0,0.0,0.0,-5.0,0.0,0.0,-5.0,unchanged
eurc_usdc_500,2026_01,eurc_usdc_500_month_24150452_24157651_w03,EURC,13.88636600927824,normal,adaptive_10_1000_h600,True,0.01277949579478773,181,86496,0,0,0,0,0.0,0.0,0.0,0.0,8706.513466297953,8706.513466297953,,0.7175360710321864,62064,504005.47641234903,,320.0081919658877,320.00819181826944,,1.0,0,137,0,0.0,0.0,0.0,0.0,0.0,0.0,-5.0,0.0,0.0,-5.0,unchanged
eurc_usdc_500,2026_01,eurc_usdc_500_month_24344852_24352051_w30,EURC,12.067941515474455,normal,fixed_10bps_control,False,0.012565247775112818,726,86604,3,0,3,3,0.0,-199.42676241354863,0.0,0.0,10301.986670753718,9004.623700488015,0.8462829855759599,0.3288069835111542,28476,84317.31179580037,812,10.0,10.0,10.0,,0,0,0,0.0,0.0,0.0,0.0,0.0,0.0,0.0,0.0,0.0,0.0,unchanged
eurc_usdc_500,2026_01,eurc_usdc_500_month_24344852_24352051_w30,EURC,12.067941515474455,normal,adaptive_5_100_h60,True,0.012565247775112818,726,86604,0,0,0,0,0.0,0.0,0.0,0.0,246717.53360595298,246717.53360595298,,0.8345572952750451,72276,1937139.1639663735,,100.0,100.0,,0.0,0,0,633,199.42676241354863,0.0,237712.90990546497,0.5057503117638908,43800.0,1852821.852170573,-3.0,0.0,-3.0,-3.0,improved
eurc_usdc_500,2026_01,eurc_usdc_500_month_24344852_24352051_w30,EURC,12.067941515474455,normal,adaptive_5_1000_h600,True,0.012565247775112818,726,86604,0,0,0,0,0.0,0.0,0.0,0.0,246717.53360595298,246717.53360595298,,0.8345572952750451,72276,1937139.1639663735,,320.0092274937287,320.0092304143224,,1.0,0,633,0,199.42676241354863,0.0,237712.90990546497,0.5057503117638908,43800.0,1852821.852170573,-3.0,0.0,-3.0,-3.0,improved
eurc_usdc_500,2026_01,eurc_usdc_500_month_24344852_24352051_w30,EURC,12.067941515474455,normal,adaptive_10_1000_h600,True,0.012565247775112818,726,86604,0,0,0,0,0.0,0.0,0.0,0.0,246717.53360595298,246717.53360595298,,0.8345572952750451,72276,1937139.1639663735,,320.0092274937287,320.0092304143224,,1.0,0,633,0,199.42676241354863,0.0,237712.90990546497,0.5057503117638908,43800.0,1852821.852170573,-3.0,0.0,-3.0,-3.0,improved
eurc_usdc_500,2026_01,eurc_usdc_500_month_24352052_24358292_w31,EURC,8.192749609021583,normal,fixed_10bps_control,False,0.012640920248633955,503,74376,2,0,2,2,0.0,-411.6265224925881,0.0,0.0,19938.45114341331,17964.487000241945,0.7914721379734538,0.6834462729912875,50832,175943.81038613463,1014,10.0,10.0,10.0,,0,0,0,0.0,0.0,0.0,0.0,0.0,0.0,0.0,0.0,0.0,0.0,unchanged
eurc_usdc_500,2026_01,eurc_usdc_500_month_24352052_24358292_w31,EURC,8.192749609021583,normal,adaptive_5_100_h60,True,0.012640920248633955,503,74376,0,0,0,0,0.0,0.0,0.0,0.0,150780.0380211647,150780.0380211647,,0.819135204904808,60924,1129490.4067807787,,100.0,100.0,,0.0,0,0,470,411.6265224925881,0.0,132815.55102092278,0.1356889319135205,10092.0,953546.596394644,-2.0,0.0,-2.0,-2.0,improved
eurc_usdc_500,2026_01,eurc_usdc_500_month_24352052_24358292_w31,EURC,8.192749609021583,normal,adaptive_5_1000_h600,True,0.012640920248633955,503,74376,0,0,0,0,0.0,0.0,0.0,0.0,150780.0380211647,150780.0380211647,,0.819135204904808,60924,1129490.4067807787,,320.00817891906667,320.00817941557284,,1.0,0,470,0,411.6265224925881,0.0,132815.55102092278,0.1356889319135205,10092.0,953546.596394644,-2.0,0.0,-2.0,-2.0,improved
eurc_usdc_500,2026_01,eurc_usdc_500_month_24352052_24358292_w31,EURC,8.192749609021583,normal,adaptive_10_1000_h600,True,0.012640920248633955,503,74376,0,0,0,0,0.0,0.0,0.0,0.0,150780.0380211647,150780.0380211647,,0.819135204904808,60924,1129490.4067807787,,320.00817891906667,320.00817941557284,,1.0,0,470,0,411.6265224925881,0.0,132815.55102092278,0.1356889319135205,10092.0,953546.596394644,-2.0,0.0,-2.0,-2.0,improved
eurc_usdc_500,2026_02,eurc_usdc_500_month_24358292_24365491_w01,EURC,4.855933380978151,normal,fixed_10bps_control,False,0.012693043636292806,451,86856,1,0,1,1,0.0,-98.43197653762465,0.0,0.0,9421.34428595349,8866.779095188778,0.822506031433576,0.9053605968499585,78636,497087.1833424775,996,10.0,10.0,10.0,,0,0,0,0.0,0.0,0.0,0.0,0.0,0.0,0.0,0.0,0.0,0.0,unchanged
eurc_usdc_500,2026_02,eurc_usdc_500_month_24358292_24365491_w01,EURC,4.855933380978151,normal,adaptive_5_100_h60,True,0.012693043636292806,451,86856,0,0,0,0,0.0,0.0,0.0,0.0,44358.951304130336,44358.951304130336,,1.0,86856,751768.7645793732,,100.0,100.0,,0.0,0,0,451,98.43197653762465,0.0,35492.172208941556,0.09463940315004149,8220.0,254681.5812368957,-1.0,0.0,-1.0,-1.0,improved
eurc_usdc_500,2026_02,eurc_usdc_500_month_24358292_24365491_w01,EURC,4.855933380978151,normal,adaptive_5_1000_h600,True,0.012693043636292806,451,86856,0,0,0,0,0.0,0.0,0.0,0.0,44358.951304130336,44358.951304130336,,1.0,86856,751768.7645793732,,320.00902173626434,320.00902130117447,,1.0,0,451,0,98.43197653762465,0.0,35492.172208941556,0.09463940315004149,8220.0,254681.5812368957,-1.0,0.0,-1.0,-1.0,improved
eurc_usdc_500,2026_02,eurc_usdc_500_month_24358292_24365491_w01,EURC,4.855933380978151,normal,adaptive_10_1000_h600,True,0.012693043636292806,451,86856,0,0,0,0,0.0,0.0,0.0,0.0,44358.951304130336,44358.951304130336,,1.0,86856,751768.7645793732,,320.00902173626434,320.00902130117447,,1.0,0,451,0,98.43197653762465,0.0,35492.172208941556,0.09463940315004149,8220.0,254681.5812368957,-1.0,0.0,-1.0,-1.0,improved
eurc_usdc_500,2026_02,eurc_usdc_500_month_24365492_24372691_w02,EURC,9.900715379122591,normal,fixed_10bps_control,False,0.012661613521453221,674,86796,1,0,1,1,0.0,-239.6808416570197,0.0,0.0,22051.67130772861,20870.603415730355,0.7970642980976291,0.34826489699986174,30228,121797.80014333985,648,10.0,10.0,10.0,,0,0,0,0.0,0.0,0.0,0.0,0.0,0.0,0.0,0.0,0.0,0.0,unchanged
eurc_usdc_500,2026_02,eurc_usdc_500_month_24365492_24372691_w02,EURC,9.900715379122591,normal,adaptive_5_100_h60,True,0.012661613521453221,674,86796,0,0,0,0,0.0,0.0,0.0,0.0,285429.81122333976,285429.81122333976,,0.7147794829254804,62040,1191776.8661042885,,100.0,100.0,,0.0,0,0,495,239.6808416570197,0.0,264559.2078076094,0.3665145859256187,31812.0,1069979.0659609486,-1.0,0.0,-1.0,-1.0,improved
eurc_usdc_500,2026_02,eurc_usdc_500_month_24365492_24372691_w02,EURC,9.900715379122591,normal,adaptive_5_1000_h600,True,0.012661613521453221,674,86796,0,0,0,0,0.0,0.0,0.0,0.0,285429.81122333976,285429.81122333976,,0.7147794829254804,62040,1191776.8661042885,,320.0080406545697,320.00804151589927,,1.0,0,495,0,239.6808416570197,0.0,264559.2078076094,0.3665145859256187,31812.0,1069979.0659609486,-1.0,0.0,-1.0,-1.0,improved
eurc_usdc_500,2026_02,eurc_usdc_500_month_24365492_24372691_w02,EURC,9.900715379122591,normal,adaptive_10_1000_h600,True,0.012661613521453221,674,86796,0,0,0,0,0.0,0.0,0.0,0.0,285429.81122333976,285429.81122333976,,0.7147794829254804,62040,1191776.8661042885,,320.0080406545697,320.00804151589927,,1.0,0,495,0,239.6808416570197,0.0,264559.2078076094,0.3665145859256187,31812.0,1069979.0659609486,-1.0,0.0,-1.0,-1.0,improved
eurc_usdc_500,2026_02,eurc_usdc_500_month_24545492_24552691_w27,EURC,26.610333472299143,normal,fixed_10bps_control,False,0.012737560059400167,352,86136,57,0,0,56,0.0,0.0,0.0,0.0,345819.8861320019,345819.8861320019,,0.8459180830314851,72864,1315736.6971972026,,10.0,10.0,10.0,,0,0,0,0.0,0.0,0.0,0.0,0.0,0.0,0.0,0.0,0.0,0.0,unchanged
eurc_usdc_500,2026_02,eurc_usdc_500_month_24545492_24552691_w27,EURC,26.610333472299143,normal,adaptive_5_100_h60,True,0.012737560059400167,352,86136,0,0,0,0,0.0,0.0,0.0,0.0,345819.8861320019,345819.8861320019,,0.8459180830314851,72864,1315736.6971972026,,100.0,100.0,,0.0,0,0,307,0.0,0.0,0.0,0.0,0.0,0.0,-57.0,0.0,0.0,-56.0,unchanged
eurc_usdc_500,2026_02,eurc_usdc_500_month_24545492_24552691_w27,EURC,26.610333472299143,normal,adaptive_5_1000_h600,True,0.012737560059400167,352,86136,0,0,0,0,0.0,0.0,0.0,0.0,345819.8861320019,345819.8861320019,,0.8459180830314851,72864,1315736.6971972026,,320.00719181290174,320.0071918606666,,1.0,0,307,0,0.0,0.0,0.0,0.0,0.0,0.0,-57.0,0.0,0.0,-56.0,unchanged
eurc_usdc_500,2026_02,eurc_usdc_500_month_24545492_24552691_w27,EURC,26.610333472299143,normal,adaptive_10_1000_h600,True,0.012737560059400167,352,86136,0,0,0,0,0.0,0.0,0.0,0.0,345819.8861320019,345819.8861320019,,0.8459180830314851,72864,1315736.6971972026,,320.00719181290174,320.0071918606666,,1.0,0,307,0,0.0,0.0,0.0,0.0,0.0,0.0,-57.0,0.0,0.0,-56.0,unchanged
eurc_usdc_500,2026_02,eurc_usdc_500_month_24552692_24558867_w28,EURC,,,fixed_10bps_control,False,0.01271634236445967,252,73272,47,0,0,46,0.0,0.0,0.0,0.0,183972.056222152,183972.056222152,,0.7777595807402555,56988,799625.8298369966,,10.0,10.0,10.0,,0,0,0,0.0,0.0,0.0,0.0,0.0,0.0,0.0,0.0,0.0,0.0,unchanged
eurc_usdc_500,2026_02,eurc_usdc_500_month_24552692_24558867_w28,EURC,,,adaptive_5_100_h60,True,0.01271634236445967,252,73272,0,0,0,0,0.0,0.0,0.0,0.0,183972.056222152,183972.056222152,,0.7777595807402555,56988,799625.8298369966,,100.0,100.0,,0.0,0,0,187,0.0,0.0,0.0,0.0,0.0,0.0,-47.0,0.0,0.0,-46.0,unchanged
eurc_usdc_500,2026_02,eurc_usdc_500_month_24552692_24558867_w28,EURC,,,adaptive_5_1000_h600,True,0.01271634236445967,252,73272,0,0,0,0,0.0,0.0,0.0,0.0,183972.056222152,183972.056222152,,0.7777595807402555,56988,799625.8298369966,,320.0070814116164,320.0070814116164,,1.0,0,187,0,0.0,0.0,0.0,0.0,0.0,0.0,-47.0,0.0,0.0,-46.0,unchanged
eurc_usdc_500,2026_02,eurc_usdc_500_month_24552692_24558867_w28,EURC,,,adaptive_10_1000_h600,True,0.01271634236445967,252,73272,0,0,0,0,0.0,0.0,0.0,0.0,183972.056222152,183972.056222152,,0.7777595807402555,56988,799625.8298369966,,320.0070814116164,320.0070814116164,,1.0,0,187,0,0.0,0.0,0.0,0.0,0.0,0.0,-47.0,0.0,0.0,-46.0,unchanged
eurc_usdc_500,2026_03,eurc_usdc_500_month_24558867_24566066_w01,EURC,4.692427216075146,normal,fixed_10bps_control,False,0.01271634236445967,465,84912,56,0,0,55,0.0,0.0,0.0,0.0,413252.3013078296,413252.3013078296,,1.0,84912,880150.369463871,,10.0,10.0,10.0,,0,0,0,0.0,0.0,0.0,0.0,0.0,0.0,0.0,0.0,0.0,0.0,unchanged
eurc_usdc_500,2026_03,eurc_usdc_500_month_24558867_24566066_w01,EURC,4.692427216075146,normal,adaptive_5_100_h60,True,0.01271634236445967,465,84912,0,0,0,0,0.0,0.0,0.0,0.0,413252.3013078296,413252.3013078296,,1.0,84912,880150.369463871,,100.0,100.0,,0.0,0,0,465,0.0,0.0,0.0,0.0,0.0,0.0,-56.0,0.0,0.0,-55.0,unchanged
eurc_usdc_500,2026_03,eurc_usdc_500_month_24558867_24566066_w01,EURC,4.692427216075146,normal,adaptive_5_1000_h600,True,0.01271634236445967,465,84912,0,0,0,0,0.0,0.0,0.0,0.0,413252.3013078296,413252.3013078296,,1.0,84912,880150.369463871,,320.0070347790118,320.00703483296905,,1.0,0,465,0,0.0,0.0,0.0,0.0,0.0,0.0,-56.0,0.0,0.0,-55.0,unchanged
eurc_usdc_500,2026_03,eurc_usdc_500_month_24558867_24566066_w01,EURC,4.692427216075146,normal,adaptive_10_1000_h600,True,0.01271634236445967,465,84912,0,0,0,0,0.0,0.0,0.0,0.0,413252.3013078296,413252.3013078296,,1.0,84912,880150.369463871,,320.0070347790118,320.00703483296905,,1.0,0,465,0,0.0,0.0,0.0,0.0,0.0,0.0,-56.0,0.0,0.0,-55.0,unchanged
eurc_usdc_500,2026_03,eurc_usdc_500_month_24566067_24573266_w02,EURC,13.589408535403253,normal,fixed_10bps_control,False,0.012746929264740123,702,86388,2,0,2,2,0.0,-235.83496564929555,0.0,0.0,16100.339782228346,14565.980709754465,0.8462974085531011,0.3417141269620781,29520,45548.23751080267,648,10.0,10.0,10.0,,0,0,0,0.0,0.0,0.0,0.0,0.0,0.0,0.0,0.0,0.0,0.0,unchanged
eurc_usdc_500,2026_03,eurc_usdc_500_month_24566067_24573266_w02,EURC,13.589408535403253,normal,adaptive_5_100_h60,True,0.012746929264740123,702,86388,0,0,0,0,0.0,0.0,0.0,0.0,974272.7834706225,974272.7834706225,,0.711904431170996,61500,2586983.069052565,,100.0,100.0,,0.0,0,0,586,235.83496564929555,0.0,959706.802760868,0.3701903042089179,31980.0,2541434.831541762,-2.0,0.0,-2.0,-2.0,improved
eurc_usdc_500,2026_03,eurc_usdc_500_month_24566067_24573266_w02,EURC,13.589408535403253,normal,adaptive_5_1000_h600,True,0.012746929264740123,702,86388,0,0,0,0,0.0,0.0,0.0,0.0,974272.7834706225,974272.7834706225,,0.711904431170996,61500,2586983.069052565,,320.00820864700273,320.008209487908,,1.0,0,586,0,235.83496564929555,0.0,959706.802760868,0.3701903042089179,31980.0,2541434.831541762,-2.0,0.0,-2.0,-2.0,improved
eurc_usdc_500,2026_03,eurc_usdc_500_month_24566067_24573266_w02,EURC,13.589408535403253,normal,adaptive_10_1000_h600,True,0.012746929264740123,702,86388,0,0,0,0,0.0,0.0,0.0,0.0,974272.7834706225,974272.7834706225,,0.711904431170996,61500,2586983.069052565,,320.00820864700273,320.008209487908,,1.0,0,586,0,235.83496564929555,0.0,959706.802760868,0.3701903042089179,31980.0,2541434.831541762,-2.0,0.0,-2.0,-2.0,improved
eurc_usdc_500,2026_03,eurc_usdc_500_month_24760467_24767666_w29,EURC,,,fixed_10bps_control,False,0.01304439627626406,147,86160,0,0,0,0,0.0,0.0,0.0,0.0,444.6965625697707,444.6965625697707,,0.6810584958217271,58680,122683.53840454142,,10.0,10.0,,,0,0,0,0.0,0.0,0.0,0.0,0.0,0.0,0.0,0.0,0.0,0.0,unchanged
eurc_usdc_500,2026_03,eurc_usdc_500_month_24760467_24767666_w29,EURC,,,adaptive_5_100_h60,True,0.01304439627626406,147,86160,0,0,0,0,0.0,0.0,0.0,0.0,444.6965625697707,444.6965625697707,,0.6810584958217271,58680,122683.53840454142,,100.0,100.0,,0.0,0,0,120,0.0,0.0,0.0,0.0,0.0,0.0,0.0,0.0,0.0,0.0,unchanged
eurc_usdc_500,2026_03,eurc_usdc_500_month_24760467_24767666_w29,EURC,,,adaptive_5_1000_h600,True,0.01304439627626406,147,86160,0,0,0,0,0.0,0.0,0.0,0.0,444.6965625697707,444.6965625697707,,0.6810584958217271,58680,122683.53840454142,,320.0083655501414,320.0083655501414,,1.0,0,120,0,0.0,0.0,0.0,0.0,0.0,0.0,0.0,0.0,0.0,0.0,unchanged
eurc_usdc_500,2026_03,eurc_usdc_500_month_24760467_24767666_w29,EURC,,,adaptive_10_1000_h600,True,0.01304439627626406,147,86160,0,0,0,0,0.0,0.0,0.0,0.0,444.6965625697707,444.6965625697707,,0.6810584958217271,58680,122683.53840454142,,320.0083655501414,320.0083655501414,,1.0,0,120,0,0.0,0.0,0.0,0.0,0.0,0.0,0.0,0.0,0.0,0.0,unchanged
eurc_usdc_500,2026_03,eurc_usdc_500_month_24774867_24781026_w31,EURC,12.142780351936873,normal,fixed_10bps_control,False,0.013090083121237751,385,73824,27,0,2,27,0.0,-424.1619480911453,0.0,0.0,39339.47431905249,37480.6905069978,0.7718067344140044,0.34947984395318593,25800,452540.31372287706,726,10.0,10.0,10.0,,0,0,0,0.0,0.0,0.0,0.0,0.0,0.0,0.0,0.0,0.0,0.0,unchanged
eurc_usdc_500,2026_03,eurc_usdc_500_month_24774867_24781026_w31,EURC,12.142780351936873,normal,adaptive_5_100_h60,True,0.013090083121237751,385,73824,0,0,0,0,0.0,0.0,0.0,0.0,291343.03369103745,291343.03369103745,,0.826885565669701,61044,1979115.942738668,,100.0,100.0,,0.0,0,0,353,424.1619480911453,0.0,253862.34318403964,0.477405721716515,35244.0,1526575.629015791,-27.0,0.0,-2.0,-27.0,improved
eurc_usdc_500,2026_03,eurc_usdc_500_month_24774867_24781026_w31,EURC,12.142780351936873,normal,adaptive_5_1000_h600,True,0.013090083121237751,385,73824,0,0,0,0,0.0,0.0,0.0,0.0,291343.03369103745,291343.03369103745,,0.826885565669701,61044,1979115.942738668,,320.008683396965,320.00868545524924,,1.0,0,353,0,424.1619480911453,0.0,253862.34318403964,0.477405721716515,35244.0,1526575.629015791,-27.0,0.0,-2.0,-27.0,improved
eurc_usdc_500,2026_03,eurc_usdc_500_month_24774867_24781026_w31,EURC,12.142780351936873,normal,adaptive_10_1000_h600,True,0.013090083121237751,385,73824,0,0,0,0,0.0,0.0,0.0,0.0,291343.03369103745,291343.03369103745,,0.826885565669701,61044,1979115.942738668,,320.008683396965,320.00868545524924,,1.0,0,353,0,424.1619480911453,0.0,253862.34318403964,0.477405721716515,35244.0,1526575.629015791,-27.0,0.0,-2.0,-27.0,improved
eurc_usdc_500,2026_04,eurc_usdc_500_month_24781026_24788225_w01,EURC,9.421229779057432,normal,fixed_10bps_control,False,0.012971456473412938,362,86436,1,0,1,1,0.0,-65.29101645897676,0.0,0.0,2791.4977032013194,2286.8182061856405,0.8706287518215776,0.35943356934610576,31068,74095.70163240534,624,10.0,10.0,10.0,,0,0,0,0.0,0.0,0.0,0.0,0.0,0.0,0.0,0.0,0.0,0.0,unchanged
eurc_usdc_500,2026_04,eurc_usdc_500_month_24781026_24788225_w01,EURC,9.421229779057432,normal,adaptive_5_100_h60,True,0.012971456473412938,362,86436,0,0,0,0,0.0,0.0,0.0,0.0,138045.60290340323,138045.60290340323,,1.0,86436,1566982.7466312824,,100.0,100.0,,0.0,0,0,362,65.29101645897676,0.0,135758.78469721758,0.6405664306538943,55368.0,1492887.044998877,-1.0,0.0,-1.0,-1.0,improved
eurc_usdc_500,2026_04,eurc_usdc_500_month_24781026_24788225_w01,EURC,9.421229779057432,normal,adaptive_5_1000_h600,True,0.012971456473412938,362,86436,0,0,0,0,0.0,0.0,0.0,0.0,138045.60290340323,138045.60290340323,,1.0,86436,1566982.7466312824,,320.0086948237774,320.00869548791667,,1.0,0,362,0,65.29101645897676,0.0,135758.78469721758,0.6405664306538943,55368.0,1492887.044998877,-1.0,0.0,-1.0,-1.0,improved
eurc_usdc_500,2026_04,eurc_usdc_500_month_24781026_24788225_w01,EURC,9.421229779057432,normal,adaptive_10_1000_h600,True,0.012971456473412938,362,86436,0,0,0,0,0.0,0.0,0.0,0.0,138045.60290340323,138045.60290340323,,1.0,86436,1566982.7466312824,,320.0086948237774,320.00869548791667,,1.0,0,362,0,65.29101645897676,0.0,135758.78469721758,0.6405664306538943,55368.0,1492887.044998877,-1.0,0.0,-1.0,-1.0,improved
eurc_usdc_500,2026_04,eurc_usdc_500_month_24802626_24809825_w04,EURC,0.14894151479155984,normal,fixed_10bps_control,False,0.013021769562306072,83,85236,0,0,0,0,0.0,0.0,0.0,0.0,331.28657470340244,331.28657470340244,,0.7168801914683937,61104,125614.62393515297,,10.0,10.0,,,0,0,0,0.0,0.0,0.0,0.0,0.0,0.0,0.0,0.0,0.0,0.0,unchanged
eurc_usdc_500,2026_04,eurc_usdc_500_month_24802626_24809825_w04,EURC,0.14894151479155984,normal,adaptive_5_100_h60,True,0.013021769562306072,83,85236,0,0,0,0,0.0,0.0,0.0,0.0,331.28657470340244,331.28657470340244,,0.7168801914683937,61104,125614.62393515297,,100.0,100.0,,0.0,0,0,68,0.0,0.0,0.0,0.0,0.0,0.0,0.0,0.0,0.0,0.0,unchanged
eurc_usdc_500,2026_04,eurc_usdc_500_month_24802626_24809825_w04,EURC,0.14894151479155984,normal,adaptive_5_1000_h600,True,0.013021769562306072,83,85236,0,0,0,0,0.0,0.0,0.0,0.0,331.28657470340244,331.28657470340244,,0.7168801914683937,61104,125614.62393515297,,320.00796234350366,320.00796234429134,,1.0,0,68,0,0.0,0.0,0.0,0.0,0.0,0.0,0.0,0.0,0.0,0.0,unchanged
eurc_usdc_500,2026_04,eurc_usdc_500_month_24802626_24809825_w04,EURC,0.14894151479155984,normal,adaptive_10_1000_h600,True,0.013021769562306072,83,85236,0,0,0,0,0.0,0.0,0.0,0.0,331.28657470340244,331.28657470340244,,0.7168801914683937,61104,125614.62393515297,,320.00796234350366,320.00796234429134,,1.0,0,68,0,0.0,0.0,0.0,0.0,0.0,0.0,0.0,0.0,0.0,0.0,unchanged
eurc_usdc_500,2026_04,eurc_usdc_500_month_24961026_24968225_w26,EURC,0.26192423988707386,normal,fixed_10bps_control,False,0.012800967866088636,113,85128,0,0,0,0,0.0,0.0,0.0,0.0,381.57436937862155,381.57436937862155,,0.79771638003947,67908,149097.93300325284,,10.0,10.0,,,0,0,0,0.0,0.0,0.0,0.0,0.0,0.0,0.0,0.0,0.0,0.0,unchanged
eurc_usdc_500,2026_04,eurc_usdc_500_month_24961026_24968225_w26,EURC,0.26192423988707386,normal,adaptive_5_100_h60,True,0.012800967866088636,113,85128,0,0,0,0,0.0,0.0,0.0,0.0,381.57436937862155,381.57436937862155,,0.79771638003947,67908,149097.93300325284,,100.0,100.0,,0.0,0,0,105,0.0,0.0,0.0,0.0,0.0,0.0,0.0,0.0,0.0,0.0,unchanged
eurc_usdc_500,2026_04,eurc_usdc_500_month_24961026_24968225_w26,EURC,0.26192423988707386,normal,adaptive_5_1000_h600,True,0.012800967866088636,113,85128,0,0,0,0,0.0,0.0,0.0,0.0,381.57436937862155,381.57436937862155,,0.79771638003947,67908,149097.93300325284,,320.0085923924797,320.0085923855469,,1.0,0,105,0,0.0,0.0,0.0,0.0,0.0,0.0,0.0,0.0,0.0,0.0,unchanged
eurc_usdc_500,2026_04,eurc_usdc_500_month_24961026_24968225_w26,EURC,0.26192423988707386,normal,adaptive_10_1000_h600,True,0.012800967866088636,113,85128,0,0,0,0,0.0,0.0,0.0,0.0,381.57436937862155,381.57436937862155,,0.79771638003947,67908,149097.93300325284,,320.0085923924797,320.0085923855469,,1.0,0,105,0,0.0,0.0,0.0,0.0,0.0,0.0,0.0,0.0,0.0,0.0,unchanged
eurc_usdc_500,2026_04,eurc_usdc_500_month_24989826_24996367_w30,EURC,15.46199539666925,normal,fixed_10bps_control,False,0.012853794364318855,250,77292,4,0,1,4,0.0,-11.506166362976073,0.0,0.0,7018.163013793907,6679.50080400069,0.966024652204326,0.17186772240335352,13284,136042.1068715228,612,10.0,10.0,10.0,,0,0,0,0.0,0.0,0.0,0.0,0.0,0.0,0.0,0.0,0.0,0.0,unchanged
eurc_usdc_500,2026_04,eurc_usdc_500_month_24989826_24996367_w30,EURC,15.46199539666925,normal,adaptive_5_100_h60,True,0.012853794364318855,250,77292,0,0,0,0,0.0,0.0,0.0,0.0,53753.54796525793,53753.54796525793,,0.7789163173420276,60204,1142316.0759636825,,100.0,100.0,,0.0,0,0,217,11.506166362976073,0.0,47074.047161257244,0.6070485949386741,46920.0,1006273.9690921598,-4.0,0.0,-1.0,-4.0,improved
eurc_usdc_500,2026_04,eurc_usdc_500_month_24989826_24996367_w30,EURC,15.46199539666925,normal,adaptive_5_1000_h600,True,0.012853794364318855,250,77292,0,0,0,0,0.0,0.0,0.0,0.0,53753.54796525793,53753.54796525793,,0.7789163173420276,60204,1142316.0759636825,,320.0085717539931,320.00857266556295,,1.0,0,217,0,11.506166362976073,0.0,47074.047161257244,0.6070485949386741,46920.0,1006273.9690921598,-4.0,0.0,-1.0,-4.0,improved
eurc_usdc_500,2026_04,eurc_usdc_500_month_24989826_24996367_w30,EURC,15.46199539666925,normal,adaptive_10_1000_h600,True,0.012853794364318855,250,77292,0,0,0,0,0.0,0.0,0.0,0.0,53753.54796525793,53753.54796525793,,0.7789163173420276,60204,1142316.0759636825,,320.0085717539931,320.00857266556295,,1.0,0,217,0,11.506166362976073,0.0,47074.047161257244,0.6070485949386741,46920.0,1006273.9690921598,-4.0,0.0,-1.0,-4.0,improved
eurc_usdc_500,2026_05,eurc_usdc_500_month_24996367_25003566_w01,EURC,8.839321258160092,normal,fixed_10bps_control,False,0.012813270381652512,201,83040,4,0,4,4,0.0,-376.5998394734757,0.0,0.0,10903.14919086193,8451.40074164188,0.8463954001507455,0.1939306358381503,16104,278781.1411491232,2709,10.0,10.0,10.0,,0,0,0,0.0,0.0,0.0,0.0,0.0,0.0,0.0,0.0,0.0,0.0,unchanged
eurc_usdc_500,2026_05,eurc_usdc_500_month_24996367_25003566_w01,EURC,8.839321258160092,normal,adaptive_5_100_h60,True,0.012813270381652512,201,83040,0,0,0,0,0.0,0.0,0.0,0.0,71586.54410294477,71586.54410294477,,1.0,83040,1402041.3791241576,,100.0,100.0,,0.0,0,0,201,376.5998394734757,0.0,63135.143361302886,0.8060693641618497,66936.0,1123260.2379750344,-4.0,0.0,-4.0,-4.0,improved
eurc_usdc_500,2026_05,eurc_usdc_500_month_24996367_25003566_w01,EURC,8.839321258160092,normal,adaptive_5_1000_h600,True,0.012813270381652512,201,83040,0,0,0,0,0.0,0.0,0.0,0.0,71586.54410294477,71586.54410294477,,1.0,83040,1402041.3791241576,,320.0085486758035,320.00854864243775,,1.0,0,201,0,376.5998394734757,0.0,63135.143361302886,0.8060693641618497,66936.0,1123260.2379750344,-4.0,0.0,-4.0,-4.0,improved
eurc_usdc_500,2026_05,eurc_usdc_500_month_24996367_25003566_w01,EURC,8.839321258160092,normal,adaptive_10_1000_h600,True,0.012813270381652512,201,83040,0,0,0,0,0.0,0.0,0.0,0.0,71586.54410294477,71586.54410294477,,1.0,83040,1402041.3791241576,,320.0085486758035,320.00854864243775,,1.0,0,201,0,376.5998394734757,0.0,63135.143361302886,0.8060693641618497,66936.0,1123260.2379750344,-4.0,0.0,-4.0,-4.0,improved
eurc_usdc_500,2026_05,eurc_usdc_500_month_25003567_25010766_w02,EURC,4.009661202563226,normal,fixed_10bps_control,False,0.012775612732466067,87,81108,18,0,0,18,0.0,0.0,0.0,0.0,8291.483772393723,8291.483772393723,,0.738126941855304,59868,522734.67389761115,,10.0,10.0,10.0,,0,0,0,0.0,0.0,0.0,0.0,0.0,0.0,0.0,0.0,0.0,0.0,unchanged
eurc_usdc_500,2026_05,eurc_usdc_500_month_25003567_25010766_w02,EURC,4.009661202563226,normal,adaptive_5_100_h60,True,0.012775612732466067,87,81108,0,0,0,0,0.0,0.0,0.0,0.0,8291.483772393723,8291.483772393723,,0.738126941855304,59868,522734.67389761115,,100.0,100.0,,0.0,0,0,82,0.0,0.0,0.0,0.0,0.0,0.0,-18.0,0.0,0.0,-18.0,unchanged
eurc_usdc_500,2026_05,eurc_usdc_500_month_25003567_25010766_w02,EURC,4.009661202563226,normal,adaptive_5_1000_h600,True,0.012775612732466067,87,81108,0,0,0,0,0.0,0.0,0.0,0.0,8291.483772393723,8291.483772393723,,0.738126941855304,59868,522734.67389761115,,320.0083853181629,320.00838566179243,,1.0,0,82,0,0.0,0.0,0.0,0.0,0.0,0.0,-18.0,0.0,0.0,-18.0,unchanged
eurc_usdc_500,2026_05,eurc_usdc_500_month_25003567_25010766_w02,EURC,4.009661202563226,normal,adaptive_10_1000_h600,True,0.012775612732466067,87,81108,0,0,0,0,0.0,0.0,0.0,0.0,8291.483772393723,8291.483772393723,,0.738126941855304,59868,522734.67389761115,,320.0083853181629,320.00838566179243,,1.0,0,82,0,0.0,0.0,0.0,0.0,0.0,0.0,-18.0,0.0,0.0,-18.0,unchanged
eurc_usdc_500,2026_05,eurc_usdc_500_month_25197967_25205166_w29,EURC,9.967715473042793,normal,fixed_10bps_control,False,0.012882714376304383,210,84444,1,0,1,1,0.0,-72.08837409602555,0.0,0.0,4568.080581764874,4090.828939723139,0.8489510192408696,0.3781440954952395,31932,263193.2910907229,1116,10.0,10.0,10.0,,0,0,0,0.0,0.0,0.0,0.0,0.0,0.0,0.0,0.0,0.0,0.0,unchanged
eurc_usdc_500,2026_05,eurc_usdc_500_month_25197967_25205166_w29,EURC,9.967715473042793,normal,adaptive_5_100_h60,True,0.012882714376304383,210,84444,0,0,0,0,0.0,0.0,0.0,0.0,34157.6823883525,34157.6823883525,,0.8230780162000852,69504,1339135.3516480483,,100.0,100.0,,0.0,0,0,184,72.08837409602555,0.0,30066.85344862936,0.4449339207048458,37572.0,1075942.0605573254,-1.0,0.0,-1.0,-1.0,improved
eurc_usdc_500,2026_05,eurc_usdc_500_month_25197967_25205166_w29,EURC,9.967715473042793,normal,adaptive_5_1000_h600,True,0.012882714376304383,210,84444,0,0,0,0,0.0,0.0,0.0,0.0,34157.6823883525,34157.6823883525,,0.8230780162000852,69504,1339135.3516480483,,320.00903803318073,320.0090372031595,,1.0,0,184,0,72.08837409602555,0.0,30066.85344862936,0.4449339207048458,37572.0,1075942.0605573254,-1.0,0.0,-1.0,-1.0,improved
eurc_usdc_500,2026_05,eurc_usdc_500_month_25197967_25205166_w29,EURC,9.967715473042793,normal,adaptive_10_1000_h600,True,0.012882714376304383,210,84444,0,0,0,0,0.0,0.0,0.0,0.0,34157.6823883525,34157.6823883525,,0.8230780162000852,69504,1339135.3516480483,,320.00903803318073,320.0090372031595,,1.0,0,184,0,72.08837409602555,0.0,30066.85344862936,0.4449339207048458,37572.0,1075942.0605573254,-1.0,0.0,-1.0,-1.0,improved
eurc_usdc_500,2026_05,eurc_usdc_500_month_25212367_25218797_w31,EURC,0.47686357344292285,normal,fixed_10bps_control,False,0.012862588564179074,97,71232,0,0,0,0,0.0,0.0,0.0,0.0,25.160370938387377,25.160370938387377,,0.8502358490566038,60564,45575.971991256556,,10.0,10.0,,,0,0,0,0.0,0.0,0.0,0.0,0.0,0.0,0.0,0.0,0.0,0.0,unchanged
eurc_usdc_500,2026_05,eurc_usdc_500_month_25212367_25218797_w31,EURC,0.47686357344292285,normal,adaptive_5_100_h60,True,0.012862588564179074,97,71232,0,0,0,0,0.0,0.0,0.0,0.0,25.160370938387377,25.160370938387377,,0.8502358490566038,60564,45575.971991256556,,100.0,100.0,,0.0,0,0,91,0.0,0.0,0.0,0.0,0.0,0.0,0.0,0.0,0.0,0.0,unchanged
eurc_usdc_500,2026_05,eurc_usdc_500_month_25212367_25218797_w31,EURC,0.47686357344292285,normal,adaptive_5_1000_h600,True,0.012862588564179074,97,71232,0,0,0,0,0.0,0.0,0.0,0.0,25.160370938387377,25.160370938387377,,0.8502358490566038,60564,45575.971991256556,,320.00904574662457,320.00904569570326,,1.0,0,91,0,0.0,0.0,0.0,0.0,0.0,0.0,0.0,0.0,0.0,0.0,unchanged
eurc_usdc_500,2026_05,eurc_usdc_500_month_25212367_25218797_w31,EURC,0.47686357344292285,normal,adaptive_10_1000_h600,True,0.012862588564179074,97,71232,0,0,0,0,0.0,0.0,0.0,0.0,25.160370938387377,25.160370938387377,,0.8502358490566038,60564,45575.971991256556,,320.00904574662457,320.00904569570326,,1.0,0,91,0,0.0,0.0,0.0,0.0,0.0,0.0,0.0,0.0,0.0,0.0,unchanged
eurc_usdc_500,2026_06,eurc_usdc_500_month_25218797_25225996_w01,EURC,5.9845332312709845,normal,fixed_10bps_control,False,0.012864520012114774,168,85464,1,0,1,1,0.0,-63.51904893171076,0.0,0.0,3594.6748079328822,3137.9971665639664,0.860910534745452,0.5808761583824769,49644,141141.99449103244,624,10.0,10.0,10.0,,0,0,0,0.0,0.0,0.0,0.0,0.0,0.0,0.0,0.0,0.0,0.0,unchanged
eurc_usdc_500,2026_06,eurc_usdc_500_month_25218797_25225996_w01,EURC,5.9845332312709845,normal,adaptive_5_100_h60,True,0.012864520012114774,168,85464,0,0,0,0,0.0,0.0,0.0,0.0,28711.94508322325,28711.94508322325,,1.0,85464,1132944.8709157736,,100.0,100.0,,0.0,0,0,168,63.51904893171076,0.0,25573.947916659283,0.41912384161752314,35820.0,991802.8764247411,-1.0,0.0,-1.0,-1.0,improved
eurc_usdc_500,2026_06,eurc_usdc_500_month_25218797_25225996_w01,EURC,5.9845332312709845,normal,adaptive_5_1000_h600,True,0.012864520012114774,168,85464,0,0,0,0,0.0,0.0,0.0,0.0,28711.94508322325,28711.94508322325,,1.0,85464,1132944.8709157736,,320.00898862388374,320.00898982603735,,1.0,0,168,0,63.51904893171076,0.0,25573.947916659283,0.41912384161752314,35820.0,991802.8764247411,-1.0,0.0,-1.0,-1.0,improved
eurc_usdc_500,2026_06,eurc_usdc_500_month_25218797_25225996_w01,EURC,5.9845332312709845,normal,adaptive_10_1000_h600,True,0.012864520012114774,168,85464,0,0,0,0,0.0,0.0,0.0,0.0,28711.94508322325,28711.94508322325,,1.0,85464,1132944.8709157736,,320.00898862388374,320.00898982603735,,1.0,0,168,0,63.51904893171076,0.0,25573.947916659283,0.41912384161752314,35820.0,991802.8764247411,-1.0,0.0,-1.0,-1.0,improved
eurc_usdc_500,2026_06,eurc_usdc_500_month_25254797_25261996_w06,EURC,7.952710682031173,normal,fixed_10bps_control,False,0.013004772330896815,126,83880,27,0,0,26,0.0,0.0,0.0,0.0,4195.105420298712,4195.105420298712,,0.751788268955651,63060,806690.761766624,,10.0,10.0,10.0,,0,0,0,0.0,0.0,0.0,0.0,0.0,0.0,0.0,0.0,0.0,0.0,unchanged
eurc_usdc_500,2026_06,eurc_usdc_500_month_25254797_25261996_w06,EURC,7.952710682031173,normal,adaptive_5_100_h60,True,0.013004772330896815,126,83880,0,0,0,0,0.0,0.0,0.0,0.0,4195.105420298712,4195.105420298712,,0.751788268955651,63060,806690.761766624,,100.0,100.0,,0.0,0,0,89,0.0,0.0,0.0,0.0,0.0,0.0,-27.0,0.0,0.0,-26.0,unchanged
eurc_usdc_500,2026_06,eurc_usdc_500_month_25254797_25261996_w06,EURC,7.952710682031173,normal,adaptive_5_1000_h600,True,0.013004772330896815,126,83880,0,0,0,0,0.0,0.0,0.0,0.0,4195.105420298712,4195.105420298712,,0.751788268955651,63060,806690.761766624,,320.0114165628244,320.0114182115905,,1.0,0,89,0,0.0,0.0,0.0,0.0,0.0,0.0,-27.0,0.0,0.0,-26.0,unchanged
eurc_usdc_500,2026_06,eurc_usdc_500_month_25254797_25261996_w06,EURC,7.952710682031173,normal,adaptive_10_1000_h600,True,0.013004772330896815,126,83880,0,0,0,0,0.0,0.0,0.0,0.0,4195.105420298712,4195.105420298712,,0.751788268955651,63060,806690.761766624,,320.0114165628244,320.0114182115905,,1.0,0,89,0,0.0,0.0,0.0,0.0,0.0,0.0,-27.0,0.0,0.0,-26.0,unchanged
eurc_usdc_500,2026_06,eurc_usdc_500_month_25413197_25420396_w28,EURC,0.970295188629801,normal,fixed_10bps_control,False,0.013162369550420166,88,77448,30,0,0,30,0.0,0.0,0.0,0.0,3739.7170834215317,3739.7170834215317,,0.9048651998760459,70080,873004.1605114858,,10.0,10.0,10.0,,0,0,0,0.0,0.0,0.0,0.0,0.0,0.0,0.0,0.0,0.0,0.0,unchanged
eurc_usdc_500,2026_06,eurc_usdc_500_month_25413197_25420396_w28,EURC,0.970295188629801,normal,adaptive_5_100_h60,True,0.013162369550420166,88,77448,0,0,0,0,0.0,0.0,0.0,0.0,3739.7170834215317,3739.7170834215317,,0.9048651998760459,70080,873004.1605114858,,100.0,100.0,,0.0,0,0,85,0.0,0.0,0.0,0.0,0.0,0.0,-30.0,0.0,0.0,-30.0,unchanged
eurc_usdc_500,2026_06,eurc_usdc_500_month_25413197_25420396_w28,EURC,0.970295188629801,normal,adaptive_5_1000_h600,True,0.013162369550420166,88,77448,0,0,0,0,0.0,0.0,0.0,0.0,3739.7170834215317,3739.7170834215317,,0.9048651998760459,70080,873004.1605114858,,320.0116041730045,320.0116042975488,,1.0,0,85,0,0.0,0.0,0.0,0.0,0.0,0.0,-30.0,0.0,0.0,-30.0,unchanged
eurc_usdc_500,2026_06,eurc_usdc_500_month_25413197_25420396_w28,EURC,0.970295188629801,normal,adaptive_10_1000_h600,True,0.013162369550420166,88,77448,0,0,0,0,0.0,0.0,0.0,0.0,3739.7170834215317,3739.7170834215317,,0.9048651998760459,70080,873004.1605114858,,320.0116041730045,320.0116042975488,,1.0,0,85,0,0.0,0.0,0.0,0.0,0.0,0.0,-30.0,0.0,0.0,-30.0,unchanged
eurc_usdc_500,2026_06,eurc_usdc_500_month_25427597_25433938_w30,EURC,10.302813770037464,normal,fixed_10bps_control,False,0.013166958278465849,178,72708,38,0,0,38,0.0,0.0,0.0,0.0,23596.237531346724,23596.237531346724,,0.8047532596137976,58512,901709.9271977503,,10.0,10.0,10.0,,0,0,0,0.0,0.0,0.0,0.0,0.0,0.0,0.0,0.0,0.0,0.0,unchanged
eurc_usdc_500,2026_06,eurc_usdc_500_month_25427597_25433938_w30,EURC,10.302813770037464,normal,adaptive_5_100_h60,True,0.013166958278465849,178,72708,0,0,0,0,0.0,0.0,0.0,0.0,23596.237531346724,23596.237531346724,,0.8047532596137976,58512,901709.9271977503,,100.0,100.0,,0.0,0,0,155,0.0,0.0,0.0,0.0,0.0,0.0,-38.0,0.0,0.0,-38.0,unchanged
eurc_usdc_500,2026_06,eurc_usdc_500_month_25427597_25433938_w30,EURC,10.302813770037464,normal,adaptive_5_1000_h600,True,0.013166958278465849,178,72708,0,0,0,0,0.0,0.0,0.0,0.0,23596.237531346724,23596.237531346724,,0.8047532596137976,58512,901709.9271977503,,320.00937096330534,320.00936976333395,,1.0,0,155,0,0.0,0.0,0.0,0.0,0.0,0.0,-38.0,0.0,0.0,-38.0,unchanged
eurc_usdc_500,2026_06,eurc_usdc_500_month_25427597_25433938_w30,EURC,10.302813770037464,normal,adaptive_10_1000_h600,True,0.013166958278465849,178,72708,0,0,0,0,0.0,0.0,0.0,0.0,23596.237531346724,23596.237531346724,,0.8047532596137976,58512,901709.9271977503,,320.00937096330534,320.00936976333395,,1.0,0,155,0,0.0,0.0,0.0,0.0,0.0,0.0,-38.0,0.0,0.0,-38.0,unchanged
