solver_count,solver_competition_mode,pool,pool_label,window_id,trigger_count,clear_count,auction_clear_rate,recapture_pct,mean_solver_payout_bps,winning_solver_profit_bps,mean_solver_payment_quote,mean_winning_solver_profit_quote,mean_delay_seconds,stale_time_share,observed_time_span_seconds,cumulative_stale_time_seconds,total_gross_lvr_quote,total_fee_revenue_quote,total_solver_payment_quote,total_winning_solver_profit_quote
1,single,weth_usdc_3000,WETH/USDC,weth_usdc_3000_month_23479243_23486442_w01,33,30,0.9090909090909091,97.88694592382143,76.20856129940482,48.459470526109946,10.690484376504164,6.797861076496773,285.8181818181818,0.2647261691267761,86988.0,23028.0,42083.79292650807,41194.53962466394,320.7145312951249,203.93583229490318
1,single,weth_usdc_3000,WETH/USDC,weth_usdc_3000_month_23486443_23493642_w02,24,21,0.875,98.20009347166959,78.76210150592068,51.93769790863816,15.67192255869916,10.334457358785702,233.7391304347826,0.15068874356476972,86244.0,12996.0,41785.37233518872,41033.27469064049,329.1103737326824,217.02360453449975
1,single,weth_usdc_3000,WETH/USDC,weth_usdc_3000_month_23493643_23500842_w03,30,24,0.8,98.46147675867701,85.76981776754175,56.58432076890267,17.07374793215983,11.263944064089273,246.92307692307693,0.1855858387187412,85416.0,15852.0,47775.54168092298,47040.50386849403,409.76995037183593,270.33465753814255
1,single,weth_usdc_3000,WETH/USDC,weth_usdc_3000_month_23500843_23508042_w04,15,12,0.8,98.06044689554814,78.99226619162917,39.640904400625665,14.532652756076573,7.292960771546628,331.38461538461536,0.30557095343680707,86592.0,26460.0,22077.07684317572,21648.880213891684,174.39183307291887,87.51552925855954
1,single,weth_usdc_3000,WETH/USDC,weth_usdc_3000_month_23508043_23515242_w05,20,16,0.8,97.66050986701619,40.1058877486101,21.000553548376068,12.638034592985731,6.617624920306715,279.7894736842105,0.3053583855254001,86220.0,26328.0,50418.6703845695,49239.13056574087,202.2085534877717,105.88199872490745
1,single,weth_usdc_3000,WETH/USDC,weth_usdc_3000_month_23515243_23522442_w06,21,19,0.9047619047619048,99.17532554566017,82.4674454339822,55.645223575567904,21.147941824054403,14.269654465102377,193.26315789473685,0.2751798561151079,86736.0,23868.0,48723.577230083596,48321.76633542656,401.81089465703366,271.12343483694514
1,single,weth_usdc_3000,WETH/USDC,weth_usdc_3000_month_23522443_23529642_w07,31,29,0.9354838709677419,97.81662989661636,54.40665120829577,27.052401027231355,6.863760976955375,3.4128403491105868,185.41935483870967,0.09170305676855896,85188.0,7812.0,36585.42915454342,35786.63383218851,199.04906833170588,98.97237012420702
1,single,weth_usdc_3000,WETH/USDC,weth_usdc_3000_month_23529643_23536842_w08,23,18,0.782608695652174,99.11578009840102,85.99120632635831,56.72919332247485,16.663329641944834,10.992952524312457,209.05263157894737,0.35757997218358833,86280.0,30852.0,34880.30304129695,34571.88446006777,299.939933555007,197.87314543762423
1,single,weth_usdc_3000,WETH/USDC,weth_usdc_3000_month_23536843_23544042_w09,29,25,0.8620689655172413,86.83776495170726,58.68637046623681,37.87800689945709,15.04063992915109,9.707696326805518,232.44444444444446,0.18688750862663905,86940.0,16248.0,64072.11678648711,55638.79417463304,376.0159982287773,242.69240817013792
1,single,weth_usdc_3000,WETH/USDC,weth_usdc_3000_month_23544043_23551242_w10,106,104,0.9811320754716981,99.75093200103414,24.743808995392563,13.13647732360017,20.684754577220893,10.981527116479674,87.77142857142857,0.1767306895122288,86844.0,15348.0,869395.0379392038,867229.6531151001,2151.214476030973,1142.078820113886
1,single,weth_usdc_3000,WETH/USDC,weth_usdc_3000_month_23551243_23558442_w11,70,67,0.9571428571428572,98.5639180281177,60.38674371061771,33.154539689796,1.8408552511059628,1.0106971288009814,142.95652173913044,0.20864999309105983,86844.0,18120.0,20424.56576482254,20131.252258038676,123.33730182409951,67.71670762966575
1,single,weth_usdc_3000,WETH/USDC,weth_usdc_3000_month_23558443_23565642_w12,53,53,1.0,99.55219064485534,44.78093551446579,27.423330753977982,25.74544148044,15.766212764742708,119.09433962264151,0.10995562950637826,86544.0,9516.0,304707.43471237586,303342.92631391255,1364.50839846332,835.6092765313635
1,single,weth_usdc_3000,WETH/USDC,weth_usdc_3000_month_23565643_23572842_w13,44,43,0.9772727272727273,98.54484994816221,80.03523926736871,53.16584433158859,10.574634193414905,7.024522704460882,204,0.15755894590846048,86520.0,13632.0,56813.6329046037,55986.90929594143,454.70927031684096,302.05447629181793
1,single,weth_usdc_3000,WETH/USDC,weth_usdc_3000_month_23572843_23580042_w14,63,60,0.9523809523809523,99.32280269666403,31.17459608497502,19.032464164453277,12.306999427678205,7.513570502750594,144,0.14621013392240784,86916.0,12708.0,236865.92879918113,235261.87911683138,738.4199656606924,450.8142301650356
1,single,weth_usdc_3000,WETH/USDC,weth_usdc_3000_month_23580043_23587242_w15,52,50,0.9615384615384616,99.27757814674061,72.24218532594024,43.32538855221366,11.027092163469762,6.613214293392222,135.36,0.1423794928949568,86136.0,12264.0,76320.31141996909,75768.95681179561,551.354608173488,330.6607146696111
1,single,weth_usdc_3000,WETH/USDC,weth_usdc_3000_month_23587243_23594442_w16,50,46,0.92,97.79211507963286,55.9646451617319,30.946608785110204,11.569110124078295,6.397337532777261,165.55102040816325,0.13674496644295303,85824.0,11736.0,95092.01106692635,92992.48889410585,532.1790657076016,294.277526507754
1,single,weth_usdc_3000,WETH/USDC,weth_usdc_3000_month_23594443_23601642_w17,58,57,0.9827586206896551,99.41199017539432,58.800982460569124,30.914183509293757,15.046876488139947,7.910784506159658,101.05263157894737,0.12921741565168696,85716.0,11076.0,145860.14109528126,145002.4691354573,857.6719598239771,450.9147168511005
1,single,weth_usdc_3000,WETH/USDC,weth_usdc_3000_month_23601643_23608842_w18,27,20,0.7407407407407407,97.13435867900924,62.01619126416487,31.589889436373003,9.463782747255483,4.82067415849842,280.90909090909093,0.3274789102475453,86772.0,28416.0,30520.361068107024,29645.756990023772,189.27565494510964,96.4134831699684
1,single,weth_usdc_3000,WETH/USDC,weth_usdc_3000_month_23608843_23616042_w19,43,36,0.8372093023255814,98.69272515769268,50.34920689718777,29.39474383318071,16.13355279240338,9.419049090886139,210.76923076923077,0.25841762505196064,86604.0,22380.0,115355.91845816388,113847.89955704776,580.8079005265215,339.085767271901
1,single,weth_usdc_3000,WETH/USDC,weth_usdc_3000_month_23616043_23623242_w20,34,32,0.9411764705882353,99.32176849413094,67.82315058690736,37.96590116020212,12.734988259585807,7.128765050810004,172.875,0.1855641592920354,86784.0,16104.0,60085.622796976604,59678.103172669864,407.5196243067458,228.1204816259201
1,single,weth_usdc_3000,WETH/USDC,weth_usdc_3000_month_23623243_23630442_w21,58,55,0.9482758620689655,99.52102573732289,47.897426267711694,19.835228136820675,11.309003924278564,4.683271948361045,103.63636363636364,0.2070367255396692,85608.0,17724.0,129859.84097742982,129237.84576159451,621.995215835321,257.5799571598575
1,single,weth_usdc_3000,WETH/USDC,weth_usdc_3000_month_23630443_23637642_w22,48,47,0.9791666666666666,99.33288013909348,66.7119860906514,39.39303259070644,18.19874986915647,10.746253989974642,133.27659574468086,0.21259187352655665,86532.0,18396.0,128214.02778926054,127358.68654541018,855.3412438503541,505.0739375288082
1,single,weth_usdc_3000,WETH/USDC,weth_usdc_3000_month_23637643_23644842_w23,33,31,0.9393939393939394,99.44559647700856,52.52416794856705,25.530360954821266,12.355172102611304,6.005464070320605,145.125,0.22265193370165745,86880.0,19344.0,72920.78106901256,72516.50568977308,383.01033518095045,186.16938617993878
1,single,weth_usdc_3000,WETH/USDC,weth_usdc_3000_month_23644843_23652042_w24,31,27,0.8709677419354839,99.24542669168183,68.70976013025408,39.88658629629438,14.534095759660122,8.437163274290503,222.20689655172413,0.33245528906141686,86556.0,28776.0,57112.78641737447,56681.82857543219,392.4205855108233,227.8034084058436
1,single,weth_usdc_3000,WETH/USDC,weth_usdc_3000_month_23652043_23659242_w25,20,15,0.75,98.63966209504291,136.03379049570842,91.00757727895368,10.312003892507718,6.898804243625589,337.6,0.5355062413314841,86520.0,46332.0,11370.708544102183,11216.028485714567,154.6800583876158,103.48206365438384
1,single,weth_usdc_3000,WETH/USDC,weth_usdc_3000_month_23659243_23666442_w26,34,28,0.8235294117647058,99.49257128345356,50.742871654644496,29.427067672876984,14.270968432292939,8.276093569807596,183.85714285714286,0.39571823204419887,86880.0,34380.0,78747.43842323084,78347.85130712664,399.58711610420227,231.7306199546127
1,single,weth_usdc_3000,WETH/USDC,weth_usdc_3000_month_23666443_23673642_w27,30,29,0.9666666666666667,99.27652686588212,55.68352883432411,26.935304306432563,7.827844478753789,3.7864944537906733,164.4,0.1916919679823351,86952.0,16668.0,40767.43960665246,40472.498133630594,227.00748988385988,109.80833915992953
1,single,weth_usdc_3000,WETH/USDC,weth_usdc_3000_month_23673643_23680842_w28,38,37,0.9736842105263158,99.20851603489122,57.77356702346577,28.26473318634219,15.5373026299458,7.601360551140959,143.05263157894737,0.24043111786651927,86844.0,20880.0,99505.74751157337,98718.17547565763,574.8801973079946,281.2503403922155
1,single,weth_usdc_3000,WETH/USDC,weth_usdc_3000_month_23680843_23688042_w29,51,50,0.9803921568627451,99.4631389368103,53.68610631897064,30.21965105053221,20.079700943303628,11.302767090249146,132.48,0.27686577458959855,86988.0,24084.0,187010.21847256058,186006.2334253954,1003.9850471651814,565.1383545124573
1,single,weth_usdc_3000,WETH/USDC,weth_usdc_3000_month_23688043_23695242_w30,41,39,0.9512195121951219,98.39692848815261,61.35081781591379,33.969227896586276,21.714910720812757,12.023291250047151,163.609756097561,0.12529616724738676,86100.0,10788.0,138039.1571393242,135826.29073602945,846.8815181116975,468.9083587518389
1,single,weth_usdc_3000,WETH/USDC,weth_usdc_3000_month_23695243_23700766_w31,28,26,0.9285714285714286,99.31498834026813,63.2451069424975,34.67721853169004,18.846579916070752,10.333557834264575,162.66666666666666,0.29902667627974044,66576.0,19908.0,77478.10091670143,76947.3668916832,490.0110778178395,268.67250369087895
1,single,wbtc_usdc_500,WBTC/USDC,wbtc_usdc_500_month_23479243_23486442_w01,28,25,0.8928571428571429,99.14765369608376,63.45675356822488,27.724609651558595,0.39032882712139555,0.17053684216694967,203.53846153846155,0.2548911545880408,87096.0,22200.0,1537.7749615796902,1524.6677935321163,9.758220678034888,4.263421054173742
1,single,wbtc_usdc_500,WBTC/USDC,wbtc_usdc_500_month_23486443_23493642_w02,14,13,0.9285714285714286,95.96491612341673,77.31232026666967,43.1423415056679,0.5221271978555762,0.2913609344744223,267.42857142857144,0.22706517227065173,86724.0,19692.0,877.9523818079915,842.5262668055784,6.7876535721224895,3.78769214816749
1,single,wbtc_usdc_500,WBTC/USDC,wbtc_usdc_500_month_23493643_23500842_w03,21,21,1.0,99.28959926462872,71.04007353712872,37.339382947565205,0.4457257588867841,0.23427797821703136,167.42857142857142,0.16187448161459772,86808.0,14052.0,1317.600119280618,1308.2398783439955,9.360240936622466,4.919837542557659
1,single,wbtc_usdc_500,WBTC/USDC,wbtc_usdc_500_month_23500843_23508042_w04,15,13,0.8666666666666667,98.25571611020403,174.42838897959734,85.19506750120559,0.3077092834101601,0.1502926979044825,335.0769230769231,0.3280386740331492,86880.0,28500.0,229.33312104372993,225.33290035939785,4.0002206843320804,1.9538050727582725
1,single,wbtc_usdc_500,WBTC/USDC,wbtc_usdc_500_month_23508043_23515242_w05,15,15,1.0,99.74836921586463,25.16307841353726,8.65044695902012,0.44921507360557056,0.1544290846912737,178.4,0.2800332548150201,86604.0,24252.0,2677.8226389258157,2671.0844128217323,6.738226104083558,2.3164362703691057
1,single,wbtc_usdc_500,WBTC/USDC,wbtc_usdc_500_month_23515243_23522442_w06,19,17,0.8947368421052632,98.3661759806499,79.9016671351178,43.322360042580534,0.34371250507400786,0.18635952702680117,245.05263157894737,0.11736178467507274,86604.0,10164.0,731.2879437643186,719.3399856884857,5.843112586258133,3.16811195945562
1,single,wbtc_usdc_500,WBTC/USDC,wbtc_usdc_500_month_23522443_23529642_w07,25,24,0.96,99.23686304942491,76.31369505751121,44.263552015829205,0.9029350878330786,0.5237213870603034,196.5,0.074622732936453,86676.0,6468.0,2839.65310442152,2817.9826623135264,21.67044210799389,12.569313289447281
1,single,wbtc_usdc_500,WBTC/USDC,wbtc_usdc_500_month_23529643_23536842_w08,21,21,1.0,99.44191314344498,55.80868565550208,17.9407747356858,0.29356796903083926,0.094373066488367,172.57142857142858,0.18406859355552482,86772.0,15972.0,1104.6537429142688,1098.4888155646213,6.164927349647624,1.981834396255707
1,single,wbtc_usdc_500,WBTC/USDC,wbtc_usdc_500_month_23536843_23544042_w09,22,22,1.0,99.29631688226006,70.36831177399498,37.57167785158473,0.4166448630159636,0.2224587485064333,163.63636363636363,0.16961081976262765,86952.0,14748.0,1302.6015198134423,1293.4353328270913,9.1661869863512,4.894092467141532
1,single,wbtc_usdc_500,WBTC/USDC,wbtc_usdc_500_month_23544043_23551242_w10,73,73,1.0,99.69004688418708,30.995311581291894,16.985631711934086,0.9710350553371023,0.5321335062586939,96.82191780821918,0.15109206524744262,86808.0,13116.0,22869.76817564676,22798.882616607152,70.88555903960848,38.845745956884656
1,single,wbtc_usdc_500,WBTC/USDC,wbtc_usdc_500_month_23551243_23558442_w11,31,31,1.0,99.27466219970228,72.5337800297723,40.34350421918838,0.5753218220583983,0.31999570884182693,149.03225806451613,0.3072347489279292,86748.0,26652.0,2458.85110034108,2441.0161238572696,17.834976483810348,9.919866974096635
1,single,wbtc_usdc_500,WBTC/USDC,wbtc_usdc_500_month_23558443_23565642_w12,26,26,1.0,99.66173411685747,33.82658831425314,11.049256027280874,0.4772028823336328,0.1558755135125165,100.61538461538461,0.11670353982300885,86784.0,10128.0,3667.9060936945084,3655.498818753834,12.407274940674453,4.052763351325429
1,single,wbtc_usdc_500,WBTC/USDC,wbtc_usdc_500_month_23565643_23572842_w13,18,18,1.0,99.40227635517459,59.77236448254061,23.05610188210286,0.6565550361295948,0.25325415742309015,172,0.19398454746136864,86976.0,16872.0,1977.166329731647,1965.3483390813142,11.817990650332707,4.558574833615623
1,single,wbtc_usdc_500,WBTC/USDC,wbtc_usdc_500_month_23572843_23580042_w14,30,30,1.0,99.63438488768729,36.5615112312703,15.321548214003009,0.7232182891985334,0.3030734648005169,117.2,0.12391334345246309,86964.0,10776.0,5934.259264808342,5912.5627161323855,21.696548675956002,9.092203944015505
1,single,wbtc_usdc_500,WBTC/USDC,wbtc_usdc_500_month_23580043_23587242_w15,27,27,1.0,99.31208153644629,68.79184635537217,38.431132843697,0.6645132921975134,0.37123583624893847,152.44444444444446,0.14210816777041943,86976.0,12360.0,2608.1374232415446,2590.195564352212,17.941858889332863,10.023367578721338
1,single,wbtc_usdc_500,WBTC/USDC,wbtc_usdc_500_month_23587243_23594442_w16,31,31,1.0,99.57900937555074,42.09906244492572,14.514963032210897,0.5048151644309318,0.17405075135343354,99.87096774193549,0.09392265193370165,86880.0,8160.0,3717.2490759934058,3701.5998058960467,15.649270097358883,5.39557329195644
1,single,wbtc_usdc_500,WBTC/USDC,wbtc_usdc_500_month_23594443_23601642_w17,42,42,1.0,99.471389134779,52.8610865220982,22.47936893922765,0.5350749037642647,0.22754254524848552,104.85714285714286,0.09937888198757763,86940.0,8640.0,4251.359068963591,4228.885923005491,22.47314595809912,9.556786900436393
1,single,wbtc_usdc_500,WBTC/USDC,wbtc_usdc_500_month_23601643_23608842_w18,16,14,0.875,96.01575530480879,82.80255211612688,41.23691380574818,0.3214133249285209,0.1600686601725521,290.4,0.4051034482758621,87000.0,35244.0,543.4357316292068,521.7839223199966,4.499786548999293,2.2409612424157297
1,single,wbtc_usdc_500,WBTC/USDC,wbtc_usdc_500_month_23608843_23616042_w19,24,24,1.0,99.46674103315692,53.32589668430793,20.667998570237977,1.3921486542387478,0.5395676056926408,150.5,0.30420353982300885,86784.0,26400.0,6265.542593597283,6232.131025895553,33.41156770172994,12.949622536623378
1,single,wbtc_usdc_500,WBTC/USDC,wbtc_usdc_500_month_23616043_23623242_w20,24,21,0.875,99.4783085131145,52.16914868854984,18.692841878017617,0.40026324101777133,0.14341919816625698,158.85714285714286,0.36351128233351676,87216.0,31704.0,1611.206675338763,1602.8011472773899,8.405528061373198,3.0118031614913967
1,single,wbtc_usdc_500,WBTC/USDC,wbtc_usdc_500_month_23623243_23630442_w21,33,33,1.0,99.65253045873706,34.74564881082947,6.750149654772448,0.43035516388594897,0.08360649060692932,89.6470588235294,0.21924029727497935,87192.0,19116.0,4087.337808989178,4073.1355550544167,14.201720408236316,2.7590141900286675
1,single,wbtc_usdc_500,WBTC/USDC,wbtc_usdc_500_month_23630443_23637642_w22,31,30,0.967741935483871,99.4667732496392,53.32267503607899,20.54898324403196,0.5017872024332665,0.19337395972527874,140.4,0.2168226872246696,87168.0,18900.0,2823.1171941040975,2808.0635780310995,15.053616072997993,5.801218791758362
1,single,wbtc_usdc_500,WBTC/USDC,wbtc_usdc_500_month_23637643_23644842_w23,29,29,1.0,99.4294363032282,57.05636967718104,24.62246830123956,0.5177227884206961,0.22342138167644737,141.51724137931035,0.18731909028256374,87060.0,16308.0,2631.4258949785276,2616.411934114328,15.013960864200184,6.479220068616974
1,single,wbtc_usdc_500,WBTC/USDC,wbtc_usdc_500_month_23644843_23652042_w24,17,17,1.0,99.15307668933235,84.6923310667657,49.83741705852039,0.7066462786501222,0.4158277952483622,179.2941176470588,0.4120242691671263,87024.0,35856.0,1418.4267436896798,1406.4137569526279,12.012986737052078,7.069072519222158
1,single,wbtc_usdc_500,WBTC/USDC,wbtc_usdc_500_month_23652043_23659242_w25,16,14,0.875,95.82225756912595,122.89439880181762,59.72038012556501,0.27505594704180836,0.13366309509047472,405,0.45614277808522413,86736.0,39564.0,313.3408272573252,300.2502545637442,3.850783258585317,1.8712833312666461
1,single,wbtc_usdc_500,WBTC/USDC,wbtc_usdc_500_month_23659243_23666442_w26,18,16,0.8888888888888888,99.35097894058102,64.90210594189651,32.27650242842436,0.49902966241600827,0.24817271916023467,228,0.5000692424871901,86652.0,43332.0,1230.2335159669885,1222.2490413683322,7.984474598656132,3.9707635065637548
1,single,wbtc_usdc_500,WBTC/USDC,wbtc_usdc_500_month_23666443_23673642_w27,20,20,1.0,99.2588123597163,74.11876402836981,36.07225347558071,0.5349606758928765,0.26035562456073313,210.6,0.3333795205764168,86604.0,28872.0,1443.5229267668687,1432.8237132490112,10.69921351785753,5.207112491214662
1,single,wbtc_usdc_500,WBTC/USDC,wbtc_usdc_500_month_23673643_23680842_w28,25,23,0.92,99.26390659912839,73.60934008716067,39.12389288474028,0.5849075296038083,0.310882552521198,181.04347826086956,0.3725247524752475,87264.0,32508.0,1827.6041009141059,1814.1512277332183,13.452873180887593,7.150298707987555
1,single,wbtc_usdc_500,WBTC/USDC,wbtc_usdc_500_month_23680843_23688042_w29,33,33,1.0,99.48117384139896,51.88261586010545,20.606784099859063,0.5271947118565872,0.20939167051848068,113.81818181818181,0.26686135447086634,86292.0,23028.0,3353.228283280321,3335.830857789054,17.397425491267377,6.9099251271098625
1,single,wbtc_usdc_500,WBTC/USDC,wbtc_usdc_500_month_23688043_23695242_w30,35,35,1.0,99.44323263980024,55.67673601997566,24.5528594049196,0.5709787000070204,0.25179564655956765,107.65714285714286,0.15596583080738496,87096.0,13584.0,3589.336575526945,3569.3523210266994,19.984254500245715,8.812847629584867
1,single,wbtc_usdc_500,WBTC/USDC,wbtc_usdc_500_month_23695243_23700766_w31,21,20,0.9523809523809523,98.51939838159487,81.4190928205343,48.051386206801396,0.6547772147662844,0.3864321221989022,218.28571428571428,0.2474820143884892,66720.0,16512.0,1608.4119635416678,1584.5977899788481,13.095544295325688,7.728642443978044
1,single,link_weth_3000,LINK/WETH,link_weth_3000_month_23479243_23486442_w01,49,30,0.6122448979591837,91.0157350474279,61.62783428217983,41.079995571911006,0.0037998244027834622,0.002532893966801631,444.8780487804878,0.5191060835977376,86988.0,45156.0,18.49728023242678,16.835435567325813,0.11399473208350386,0.07598681900404892
1,single,link_weth_3000,LINK/WETH,link_weth_3000_month_23486443_23493642_w02,45,36,0.8,95.90965496924628,95.5657000229416,66.85239357690149,0.0037318369635307856,0.0026105834351749435,374.0487804878049,0.41057082452431287,85140.0,34956.0,14.057986354398809,13.482966208127621,0.1343461306871083,0.09398100366629797
1,single,link_weth_3000,LINK/WETH,link_weth_3000_month_23493643_23500842_w03,51,33,0.6470588235294118,88.19721712443042,85.2001917059829,62.960902214189,0.0029687332535377523,0.0021938228111155313,420,0.5826989619377163,86700.0,50520.0,11.498588841774442,10.141435367025334,0.09796819736674584,0.07239615276681254
1,single,link_weth_3000,LINK/WETH,link_weth_3000_month_23500843_23508042_w04,40,20,0.5,91.48734191300291,67.5850286935269,41.86237176821071,0.0014761008101789159,0.0009143013190580352,548,0.5282094358112838,85716.0,45276.0,4.368129565713398,3.996285630987185,0.02952201620357832,0.018286026381160704
1,single,link_weth_3000,LINK/WETH,link_weth_3000_month_23508043_23515242_w05,50,32,0.64,90.95772029052279,68.05827542625933,45.51398713116057,0.0019803030902299282,0.001324328140847167,519.4666666666667,0.5105438401775805,86496.0,44160.0,9.311093836930725,8.469158688183555,0.0633696988873577,0.04237850050710935
1,single,link_weth_3000,LINK/WETH,link_weth_3000_month_23515243_23522442_w06,49,33,0.673469387755102,92.47714421211903,85.36860264101031,62.3278921295198,0.0032230767106437653,0.002353178701904481,494,0.48606512141280356,86976.0,42276.0,12.459092472031294,11.521812912881646,0.10636153145124425,0.07765489716284787
1,single,link_weth_3000,LINK/WETH,link_weth_3000_month_23522443_23529642_w07,64,51,0.796875,96.61607983651825,94.12993977305845,65.68467004488541,0.002675092021307836,0.001866701892967774,319.92857142857144,0.43060547414984796,86808.0,37380.0,14.493761858939177,14.003304528947508,0.13642969308669964,0.09520179654135648
1,single,link_weth_3000,LINK/WETH,link_weth_3000_month_23529643_23536842_w08,46,24,0.5217391304347826,88.6987762043136,78.50764164953486,59.13810946477991,0.0035769686325648285,0.002694453152586277,515.2941176470588,0.6427173609169695,85848.0,55176.0,10.934890588713092,9.699114131469175,0.08584724718155587,0.06466687566207065
1,single,link_weth_3000,LINK/WETH,link_weth_3000_month_23536843_23544042_w09,60,50,0.8333333333333334,94.9256879619794,83.46947745023849,55.45160729250737,0.002947131842769712,0.0019578797253395615,300.6545454545454,0.40726869191288667,86508.0,35232.0,17.65394928060192,16.75813280707029,0.1473565921384856,0.09789398626697807
1,single,link_weth_3000,LINK/WETH,link_weth_3000_month_23544043_23551242_w10,199,180,0.9045226130653267,99.77524580357111,15.199579719149039,11.38060615814866,0.011936885343202405,0.008937680735659802,125.46031746031746,0.5362846735780331,85656.0,45936.0,1413.6176140906653,1410.4404491815385,2.148639361776433,1.6087825324187643
1,single,link_weth_3000,LINK/WETH,link_weth_3000_month_23551243_23558442_w11,132,121,0.9166666666666666,98.13709970205157,87.74153697016585,60.92415850485677,0.0005850989136811733,0.00040626891423445213,178.93548387096774,0.4084409273913647,86436.0,35304.0,8.068808799131771,7.918494935971856,0.07079696855542197,0.04915853862236871
1,single,link_weth_3000,LINK/WETH,link_weth_3000_month_23558443_23565642_w12,103,89,0.8640776699029126,95.33784677078494,87.49878635358327,62.53385550953918,0.000796599054626405,0.0005693154414707274,230.4742268041237,0.46065551099432994,86772.0,39972.0,8.102662770115856,7.724904216126492,0.07089731586175005,0.05066907429089474
1,single,link_weth_3000,LINK/WETH,link_weth_3000_month_23565643_23572842_w13,93,74,0.7956989247311828,95.44585008117167,88.71543274038166,63.84581200714417,0.0009608868175212546,0.0006915211617254534,261.2530120481928,0.40201629609170003,86892.0,34932.0,8.015023125081013,7.650006955936064,0.07110562449657283,0.051172565967683555
1,single,link_weth_3000,LINK/WETH,link_weth_3000_month_23572843_23580042_w14,99,78,0.7878787878787878,94.8301646382268,111.81027066283215,88.96211534732517,0.0016860444729729735,0.0013415054090840568,339.5056179775281,0.5607217210270645,86460.0,48480.0,11.76202043982788,11.153943347870667,0.13151146889189194,0.10463742190855642
1,single,link_weth_3000,LINK/WETH,link_weth_3000_month_23580043_23587242_w15,67,40,0.5970149253731343,91.65501755979784,128.9692937726515,109.55376425771222,0.002622202273417547,0.0022274459392204586,444.6666666666667,0.6435178793317686,86916.0,55932.0,8.132795634408897,7.454115266819947,0.10488809093670187,0.08909783756881834
1,single,link_weth_3000,LINK/WETH,link_weth_3000_month_23587243_23594442_w16,78,64,0.8205128205128205,96.8946435280059,113.82243554675742,86.3372145048271,0.0021961376451115674,0.0016658263024975735,277.7391304347826,0.5304784488771098,86028.0,45636.0,12.3484274969149,11.964964804449954,0.1405528092871403,0.1066128833598447
1,single,link_weth_3000,LINK/WETH,link_weth_3000_month_23594443_23601642_w17,112,98,0.875,96.70206625003502,82.0800108500296,57.59600593927708,0.001494331558744681,0.0010485808717784397,265.0093457943925,0.42355228440494375,86412.0,36600.0,17.841675609004376,17.25326896753575,0.14644449275697874,0.1027609254342871
1,single,link_weth_3000,LINK/WETH,link_weth_3000_month_23601643_23608842_w18,48,30,0.625,89.05701438199101,63.56675319917249,44.584205145140395,0.0011426372686686554,0.0008014185376620654,629.4545454545455,0.5480862908837857,86220.0,47256.0,5.39261741946353,4.802504070817388,0.03427911806005966,0.02404255612986196
1,single,link_weth_3000,LINK/WETH,link_weth_3000_month_23608843_23616042_w19,63,39,0.6190476190476191,95.17790284580627,68.01728510331529,44.099751861552285,0.0012037096559874064,0.0007804383409565357,346.95652173913044,0.574205192280994,86436.0,49632.0,6.901874503253391,6.569059409245987,0.04694467658350885,0.030437095297304897
1,single,link_weth_3000,LINK/WETH,link_weth_3000_month_23616043_23623242_w20,85,79,0.9294117647058824,98.2381124434807,87.49117162462234,60.67943893815919,0.0018836415125985195,0.001306398211644672,234.66666666666666,0.36693939814172793,86532.0,31752.0,17.00830800777671,16.708640745413216,0.14880767949528304,0.10320545871992907
1,single,link_weth_3000,LINK/WETH,link_weth_3000_month_23623243_23630442_w21,83,63,0.7590361445783133,95.89368900690349,93.87446838675054,69.62491194989762,0.0026576662196521185,0.0019711406063377774,319.77464788732397,0.4910665200659703,87312.0,42876.0,17.83583701888798,17.103442082670604,0.16743297183808345,0.12418185819927999
1,single,link_weth_3000,LINK/WETH,link_weth_3000_month_23630443_23637642_w22,69,45,0.6521739130434783,92.65738545247211,91.4429423825929,72.64127816613953,0.0035927947548544253,0.0028540770493722493,395.1864406779661,0.4910726838183607,85356.0,41916.0,17.680507621026177,16.38229609636793,0.16167576396844913,0.12843346722175122
1,single,link_weth_3000,LINK/WETH,link_weth_3000_month_23637643_23644842_w23,42,25,0.5952380952380952,88.50997081216696,67.67128117235399,44.357973299363735,0.0012079907691129343,0.0007918281042398868,476.625,0.6548476454293629,86640.0,56736.0,4.46271574952256,3.9499484073323954,0.03019976922782336,0.01979570260599717
1,single,link_weth_3000,LINK/WETH,link_weth_3000_month_23644843_23652042_w24,50,32,0.64,92.53448827980705,78.22104929603697,55.23853720364775,0.0017291532057234944,0.001221102178311015,468.5581395348837,0.5509695290858726,86640.0,47736.0,7.073914640768599,6.545810714185574,0.05533290258315182,0.03907526970595248
1,single,link_weth_3000,LINK/WETH,link_weth_3000_month_23652043_23659242_w25,28,17,0.6071428571428571,80.79874423010425,53.028311777513345,36.3567334189008,0.001459177185778772,0.001000426266196861,701.5384615384615,0.4835766423357664,85488.0,41340.0,4.6778808011682,3.7796689439250457,0.024806012158239125,0.017007246525346638
1,single,link_weth_3000,LINK/WETH,link_weth_3000_month_23659243_23666442_w26,45,29,0.6444444444444445,97.07505357636825,59.13808738872528,40.661550089730646,0.0021420375023934513,0.0014727998324521104,334.62857142857143,0.5125071880391029,83472.0,42780.0,10.504074499584364,10.196835948173156,0.06211908756941009,0.0427111951411112
1,single,link_weth_3000,LINK/WETH,link_weth_3000_month_23666443_23673642_w27,52,37,0.7115384615384616,95.9745823615809,114.66359996942964,87.7757905995211,0.0023882531521347856,0.00182822455108961,364,0.5167416994935284,85296.0,44076.0,7.706488079263696,7.39626974881835,0.08836536662898707,0.06764430839031557
1,single,link_weth_3000,LINK/WETH,link_weth_3000_month_23673643_23680842_w28,71,49,0.6901408450704225,92.44129400327907,70.59405277740429,46.3202156372549,0.0018192775558153664,0.0011937171103506708,323.7931034482759,0.5303844563869368,87084.0,46188.0,12.627777656574255,11.673281069594191,0.08914460023495295,0.05849213840718288
1,single,link_weth_3000,LINK/WETH,link_weth_3000_month_23680843_23688042_w29,74,59,0.7972972972972973,94.38588552717378,70.21255122303832,45.7321753071589,0.0018139866268098142,0.0011815202976827313,295.82608695652175,0.42398766988930925,85644.0,36312.0,15.243031212724494,14.387269991313511,0.10702521098177904,0.06970969756328114
1,single,link_weth_3000,LINK/WETH,link_weth_3000_month_23688043_23695242_w30,79,63,0.7974683544303798,96.42286203882658,108.76796055773508,82.40350031417535,0.003445185890223556,0.002610101128417635,271.2352941176471,0.42562612425626123,86724.0,36912.0,19.955022597750514,19.241203909245645,0.21704671108408402,0.16443637109031103
1,single,link_weth_3000,LINK/WETH,link_weth_3000_month_23695243_23700766_w31,50,38,0.76,95.91189498838872,73.36516284037809,45.06683785618168,0.0009108363868858605,0.0005595096387996227,224.4878048780488,0.3535772211209227,66588.0,23544.0,4.717740867960477,4.5248746671025515,0.0346117827016627,0.021261366274385664
1,single,uni_weth_3000,UNI/WETH,uni_weth_3000_month_23479243_23486442_w01,44,33,0.75,88.68016348493826,98.04984277170774,77.14892695051746,0.000549704837324273,0.0004325263268174619,497.14285714285717,0.3237256850773818,84516.0,27360.0,1.85010593784811,1.6406769703282542,0.01814025963170101,0.014273368784976244
1,single,uni_weth_3000,UNI/WETH,uni_weth_3000_month_23486443_23493642_w02,44,29,0.6590909090909091,95.89094650065945,83.16179105162539,65.48675938481938,0.0008893858104574705,0.0007003576261788869,482.6666666666667,0.49682320441988953,86880.0,43164.0,3.101446971873815,2.9740068565458424,0.025792188503266644,0.02031037115918772
1,single,uni_weth_3000,UNI/WETH,uni_weth_3000_month_23493643_23500842_w03,52,36,0.6923076923076923,94.44078828005543,90.08124467667244,72.39219178779743,0.0009261642190040646,0.000744295419205064,582.3829787234042,0.4328547297297297,85248.0,36900.0,3.701315629443183,3.4955516571790377,0.03334191188414633,0.026794635091382305
1,single,uni_weth_3000,UNI/WETH,uni_weth_3000_month_23500843_23508042_w04,26,15,0.5769230769230769,88.66395986463253,105.51688687220775,85.59963936564041,0.00011023344867546446,8.942590832952197e-05,817.0909090909091,0.5027839643652561,86208.0,43344.0,0.15670493881557884,0.1389408040573418,0.001653501730131967,0.0013413886249428295
1,single,uni_weth_3000,UNI/WETH,uni_weth_3000_month_23508043_23515242_w05,43,31,0.7209302325581395,95.55348961853217,86.7235571469248,67.28107709026854,0.00024911575289021713,0.00019326670544903175,460.6829268292683,0.4095715080690039,86256.0,35328.0,0.8904833465852102,0.8508879121340567,0.007722588339596732,0.005991267868919984
1,single,uni_weth_3000,UNI/WETH,uni_weth_3000_month_23515243_23522442_w06,38,20,0.5263157894736842,85.99733217683372,101.52501882451931,86.31807369899066,0.00020086617493918465,0.00017077939499822578,652,0.5747484766898115,84684.0,48672.0,0.39569788267928585,0.3402896225844032,0.004017323498783693,0.003415587899964516
1,single,uni_weth_3000,UNI/WETH,uni_weth_3000_month_23522443_23529642_w07,48,32,0.6666666666666666,90.37738537654923,78.15455547883465,62.8145087273442,0.00016766812272178656,0.00013475850119648225,425.45454545454544,0.397310170916223,85656.0,34032.0,0.6865089173912824,0.6204488099150952,0.00536537992709717,0.004312272038287432
1,single,uni_weth_3000,UNI/WETH,uni_weth_3000_month_23529643_23536842_w08,41,23,0.5609756097560976,87.95804970911635,86.51406616234411,70.31243809855613,0.0013661662490406913,0.0011103221022782117,709.4545454545455,0.5978445830969937,84624.0,50592.0,3.6319901631918072,3.1946277131704663,0.0314218237279359,0.02553740835239887
1,single,uni_weth_3000,UNI/WETH,uni_weth_3000_month_23536843_23544042_w09,40,22,0.55,84.96141003304503,86.3762592202376,71.23131423267682,0.00021188513757489867,0.00017473385571547615,632.1176470588235,0.4829308909242298,86472.0,41760.0,0.5396706304173458,0.45851177713680014,0.00466147302664777,0.003844144825740475
1,single,uni_weth_3000,UNI/WETH,uni_weth_3000_month_23544043_23551242_w10,165,153,0.9272727272727272,99.79457403091807,15.41644465477778,12.241787184339376,0.0005610510951035466,0.00044551569830788396,130.03773584905662,0.3868664239708765,85704.0,33156.0,55.68133215737217,55.56694824119016,0.08584081755084264,0.06816390184110625
1,single,uni_weth_3000,UNI/WETH,uni_weth_3000_month_23551243_23558442_w11,89,81,0.9101123595505618,97.99208835635197,91.10294910696408,73.25224220963338,7.989614993666952e-05,6.424130265976998e-05,219.24705882352941,0.3402604599612081,86616.0,29472.0,0.7103598959537448,0.6960964968910835,0.006471588144870231,0.005203545515441368
1,single,uni_weth_3000,UNI/WETH,uni_weth_3000_month_23558443_23565642_w12,72,61,0.8472222222222222,96.1532251700538,87.18082818596832,70.76408768773763,0.00029499777879732277,0.00023944769877583507,302.95652173913044,0.3711008532661911,85788.0,31836.0,2.06408506102411,1.984684356427955,0.01799486450663669,0.01460630962532594
1,single,uni_weth_3000,UNI/WETH,uni_weth_3000_month_23565643_23572842_w13,57,39,0.6842105263157895,88.87795950617571,80.90496884171387,66.21595274752582,0.0002587921257358474,0.0002118061154276272,399.52941176470586,0.439712389380531,86784.0,38160.0,1.2474997578262763,1.108752329600478,0.010092892903698048,0.008260438501677462
1,single,uni_weth_3000,UNI/WETH,uni_weth_3000_month_23572843_23580042_w14,86,71,0.8255813953488372,95.1783298696861,86.7221583797743,69.95210399612576,0.00032672882062610747,0.0002635470434082209,287.7073170731707,0.3620036480987793,85524.0,30960.0,2.6749502892750767,2.545973010176355,0.023197746264453627,0.018711840081983684
1,single,uni_weth_3000,UNI/WETH,uni_weth_3000_month_23580043_23587242_w15,65,47,0.7230769230769231,93.83664496754733,118.69425913530513,100.09265358625372,0.0003359237536246967,0.0002832782322236984,396.82758620689657,0.40548738453053906,87036.0,35292.0,1.330175236391407,1.248191814018838,0.015788416420360742,0.013314076914513825
1,single,uni_weth_3000,UNI/WETH,uni_weth_3000_month_23587243_23594442_w16,58,41,0.7068965517241379,94.31750675432204,108.6455315010492,90.13026049995526,0.000432345313175678,0.00035866542474489424,420.72,0.47058823529411764,86292.0,40608.0,1.6315588497104103,1.5388456282763552,0.0177261578402028,0.014705282414540664
1,single,uni_weth_3000,UNI/WETH,uni_weth_3000_month_23594443_23601642_w17,68,47,0.6911764705882353,92.16189971014458,94.75615835827189,80.14453916476431,0.00042899173752068345,0.00036284021750957075,374.2,0.4509070765821908,86652.0,39072.0,2.127841821872678,1.9610594458648107,0.02016261166347212,0.017053490222949826
1,single,uni_weth_3000,UNI/WETH,uni_weth_3000_month_23601643_23608842_w18,41,25,0.6097560975609756,94.53680050973172,73.81117243547976,51.44966004360375,0.00014048362266864335,9.792331417460741e-05,541.125,0.553465209572555,86748.0,48012.0,0.4758209971242623,0.44982594683478017,0.003512090566716084,0.0024480828543651852
1,single,uni_weth_3000,UNI/WETH,uni_weth_3000_month_23608843_23616042_w19,50,35,0.7,94.55642199369414,49.37804107239203,36.138600307279894,0.0002438079722179597,0.00017843718925171243,401.6,0.3982533961741059,86568.0,34476.0,1.7281526043364381,1.634079269251378,0.00853327902762859,0.006245301623809935
1,single,uni_weth_3000,UNI/WETH,uni_weth_3000_month_23616043_23623242_w20,47,28,0.5957446808510638,94.3776342663012,73.9811723293399,55.78343336486908,0.0009596353024472229,0.0007235861539248777,490.6666666666667,0.5961511448237112,85428.0,50928.0,3.6319765722158013,3.4277735659635717,0.02686978846852224,0.020260412309896576
1,single,uni_weth_3000,UNI/WETH,uni_weth_3000_month_23623243_23630442_w21,53,38,0.7169811320754716,94.18054362432127,109.90407144753102,90.51032039740757,0.0016262640432078079,0.0013392923270526282,331.3636363636364,0.45098039215686275,86292.0,38916.0,5.622906670150024,5.295684069435514,0.0617980336418967,0.05089310842799987
1,single,uni_weth_3000,UNI/WETH,uni_weth_3000_month_23630443_23637642_w22,50,34,0.68,91.60064895801013,89.82375673440674,72.21156393208261,0.0003739562524935215,0.00030063278153221747,444.85714285714283,0.46312517660356034,84936.0,39336.0,1.415495526687259,1.2966030884171327,0.01271451258477973,0.010221514572095395
1,single,uni_weth_3000,UNI/WETH,uni_weth_3000_month_23637643_23644842_w23,42,28,0.6666666666666666,93.84463213616637,51.63754783911123,31.565275821051173,0.000642020360302721,0.00039245763216386783,332.57142857142856,0.43569444444444444,86400.0,37644.0,3.48129817172697,3.2670114628202604,0.01797657008847619,0.0109888137005883
1,single,uni_weth_3000,UNI/WETH,uni_weth_3000_month_23644843_23652042_w24,42,26,0.6190476190476191,91.2138950630413,95.44192239868435,74.89592660101782,0.0003001187760947306,0.00023551153687038576,524.5714285714286,0.44112746459316854,86424.0,38124.0,0.8175744979095853,0.745741544585436,0.007803088178462997,0.006123299958630029
1,single,uni_weth_3000,UNI/WETH,uni_weth_3000_month_23652043_23659242_w25,27,14,0.5185185185185185,87.5118565283152,117.85733387440645,92.27251889088672,0.0006080448758130962,0.0004760487145395587,782.1818181818181,0.6420787929589271,85896.0,55152.0,0.7222824394156708,0.6320827721106571,0.008512628261383347,0.006664682003553822
1,single,uni_weth_3000,UNI/WETH,uni_weth_3000_month_23659243_23666442_w26,39,27,0.6923076923076923,96.44319601626214,68.3016445414473,52.274726965004355,0.00036356228440776416,0.0002782527313915013,546.8571428571429,0.397121083827265,85032.0,33768.0,1.4371808680320877,1.386063161664404,0.009816181679009633,0.007512823747570534
1,single,uni_weth_3000,UNI/WETH,uni_weth_3000_month_23666443_23673642_w27,45,23,0.5111111111111111,88.39097260626092,76.73038518393459,62.4862713141418,0.00046958707155757404,0.00038241363038411444,516.3529411764706,0.5345525617757922,85956.0,45948.0,1.4075913498848898,1.2441836844848513,0.010800502645824203,0.008795513498834633
1,single,uni_weth_3000,UNI/WETH,uni_weth_3000_month_23673643_23680842_w28,48,25,0.5208333333333334,88.55565716436861,45.86785965975781,31.36595079433741,0.0002528747969758638,0.0001729241019290868,540.5714285714286,0.5039621854580842,86316.0,43500.0,1.3782788146844993,1.2205438619011286,0.0063218699243965965,0.00432310254822717
1,single,uni_weth_3000,UNI/WETH,uni_weth_3000_month_23680843_23688042_w29,56,40,0.7142857142857143,96.01335432815496,71.38559725563142,54.42014739883252,0.00039121933455280814,0.00029824242802643867,466.56,0.5118240907205089,86772.0,44412.0,2.1921471534480768,2.1047540138346648,0.015648773382112326,0.011929697121057547
1,single,uni_weth_3000,UNI/WETH,uni_weth_3000_month_23688043_23695242_w30,46,20,0.43478260869565216,76.89195523331738,45.81004341657789,35.76552866197899,0.0002114435722672657,0.00016508151008604838,804.9230769230769,0.502106149957877,85464.0,42912.0,0.9231319444274868,0.7098142014536354,0.004228871445345314,0.0033016302017209675
1,single,uni_weth_3000,UNI/WETH,uni_weth_3000_month_23695243_23700766_w31,30,22,0.7333333333333333,87.7243458349295,92.14612619611475,74.09066117580426,0.0001216181828488431,9.778785012723164e-05,478.22222222222223,0.4193311282616685,65304.0,27384.0,0.2903648946652477,0.2547207043793706,0.002675600022674548,0.002151332702799096
2,synthetic_n_solvers,weth_usdc_3000,WETH/USDC,weth_usdc_3000_month_23479243_23486442_w01,33,30,0.9090909090909091,98.01209329184036,63.693824497512445,44.03821853309524,8.93492573616887,6.177650898663634,260.72727272727275,0.2552076148434267,86988.0,22200.0,42083.79292650807,41247.206383874,268.0477720850661,185.329526959909
2,synthetic_n_solvers,weth_usdc_3000,WETH/USDC,weth_usdc_3000_month_23486443_23493642_w02,23,21,0.9130434782608695,98.27256198186541,71.5152504863372,52.514631271595405,14.229958901028027,10.44925438442266,209.2173913043478,0.13510505078614166,86244.0,11652.0,41785.37233518872,41063.555927451576,298.82913692158854,219.4343420728759
2,synthetic_n_solvers,weth_usdc_3000,WETH/USDC,weth_usdc_3000_month_23493643_23500842_w03,31,26,0.8387096774193549,98.81630273558109,57.02620446206579,36.48906447737348,11.629835372465882,7.441523011573298,192,0.1586119696543973,85416.0,13548.0,53023.99529066594,52396.35170892471,302.37571968411294,193.47959830090574
2,synthetic_n_solvers,weth_usdc_3000,WETH/USDC,weth_usdc_3000_month_23500843_23508042_w04,14,12,0.8571428571428571,98.10355398277986,74.68155746845657,46.8076761998291,13.739587358326329,8.61147220261762,305.53846153846155,0.2803492239467849,86592.0,24276.0,22077.07684317572,21658.396998664684,164.87504829991596,103.33766643141144
2,synthetic_n_solvers,weth_usdc_3000,WETH/USDC,weth_usdc_3000_month_23508043_23515242_w05,20,17,0.85,98.78829308304537,35.32121469437103,20.989125263382643,10.475580477988858,6.224963460676059,212.21052631578948,0.2904662491301322,86220.0,25044.0,50418.6703845695,49807.74386808312,178.08486812581057,105.82437883149301
2,synthetic_n_solvers,weth_usdc_3000,WETH/USDC,weth_usdc_3000_month_23515243_23522442_w06,21,19,0.9047619047619048,99.38766789234462,61.23321076553757,42.234136949160785,15.702637230424507,10.830517017833488,144,0.2643884892086331,86736.0,22932.0,48723.577230083596,48425.22712270553,298.3501073780656,205.77982333883628
2,synthetic_n_solvers,weth_usdc_3000,WETH/USDC,weth_usdc_3000_month_23522443_23529642_w07,31,29,0.9354838709677419,97.93557529404966,42.512111464966246,23.136184253378943,5.363185662798536,2.918783551408477,164.90322580645162,0.08423721650936751,85188.0,7176.0,36585.42915454342,35830.150516299065,155.53238422115754,84.64472299084582
2,synthetic_n_solvers,weth_usdc_3000,WETH/USDC,weth_usdc_3000_month_23529643_23536842_w08,23,18,0.782608695652174,99.365362881314,61.03292803505964,40.305668823975516,11.826927918669716,7.810410793680116,166.10526315789474,0.34812239221140473,86280.0,30036.0,34880.30304129695,34658.93969108672,212.88470253605487,140.5873942862421
2,synthetic_n_solvers,weth_usdc_3000,WETH/USDC,weth_usdc_3000_month_23536843_23544042_w09,28,26,0.9285714285714286,98.64572668503946,46.58753982122073,29.877798161652343,11.480624200847588,7.362822204371072,155.11111111111111,0.15376121463077985,86940.0,13368.0,64072.11678648711,63204.40520651737,298.4962292220373,191.43337731364787
2,synthetic_n_solvers,weth_usdc_3000,WETH/USDC,weth_usdc_3000_month_23544043_23551242_w10,107,105,0.9813084112149533,99.78433360885482,21.40152745163876,13.072688505671836,17.49275599816501,10.685094827295773,68.15094339622641,0.1537930081525494,86844.0,13356.0,858228.1727123561,856377.2629844762,1836.739379807326,1121.9349568660562
2,synthetic_n_solvers,weth_usdc_3000,WETH/USDC,weth_usdc_3000_month_23551243_23558442_w11,70,67,0.9571428571428572,98.6982079538415,46.957751138233846,27.668273290151813,1.4314801138672055,0.8434514439011769,115.47826086956522,0.1868177421583529,86844.0,16224.0,20424.56576482254,20158.68039223367,95.90916762910277,56.511246741378855
2,synthetic_n_solvers,weth_usdc_3000,WETH/USDC,weth_usdc_3000_month_23558443_23565642_w12,57,57,1.0,99.64630599464981,35.36940053502124,21.86209634849528,17.779788615506583,10.98982300769297,89.26315789473684,0.09581253466444814,86544.0,8292.0,286532.4081702779,285518.96021919406,1013.4479510838752,626.4199114384992
2,synthetic_n_solvers,weth_usdc_3000,WETH/USDC,weth_usdc_3000_month_23565643_23572842_w13,43,42,0.9767441860465116,98.5400827130602,73.00456934569173,52.92900993038178,8.859597066973292,6.423292477989036,183.62790697674419,0.14507628294036062,86520.0,12552.0,50969.8338265504,50225.716411392095,372.10307681287827,269.77828407553955
2,synthetic_n_solvers,weth_usdc_3000,WETH/USDC,weth_usdc_3000_month_23572843_23580042_w14,65,64,0.9846153846153847,99.57680846436686,25.308064406205947,16.305097742303786,9.325706713672147,6.0082255616986755,98.03076923076924,0.10271986745823554,86916.0,8928.0,235832.03365353428,234834.01244880102,596.8452296750174,384.52643594871523
2,synthetic_n_solvers,weth_usdc_3000,WETH/USDC,weth_usdc_3000_month_23580043_23587242_w15,53,51,0.9622641509433962,99.45267279659346,54.7327203406532,34.267759189720245,8.28677275167966,5.188288309937584,94.58823529411765,0.11981053218166621,86136.0,10320.0,77216.22599886634,76793.60058853068,422.62541033566265,264.60270380681675
2,synthetic_n_solvers,weth_usdc_3000,WETH/USDC,weth_usdc_3000_month_23587243_23594442_w16,50,46,0.92,97.87504645447659,47.671507677360815,29.95039857725379,9.854738120940565,6.191399202102332,149.6326530612245,0.12765659955257272,85824.0,10956.0,95092.01106692635,93071.35000625018,453.317953563266,284.80436329670727
2,synthetic_n_solvers,weth_usdc_3000,WETH/USDC,weth_usdc_3000_month_23594443_23601642_w17,58,57,0.9827586206896551,99.51869346386016,48.1306536139857,28.37750435683232,12.316392854638707,7.261661034069334,81.05263157894737,0.11591768164636708,85716.0,9936.0,145860.14109528126,145158.10670256687,702.0343927144063,413.91467894195205
2,synthetic_n_solvers,weth_usdc_3000,WETH/USDC,weth_usdc_3000_month_23601643_23608842_w18,27,20,0.7407407407407407,97.19868749784256,55.58330938083342,34.031345586147516,8.482113358316681,5.193244774613763,262.90909090909093,0.322915226109805,86772.0,28020.0,30520.361068107024,29665.39037780255,169.64226716633362,103.86489549227525
2,synthetic_n_solvers,weth_usdc_3000,WETH/USDC,weth_usdc_3000_month_23608843_23616042_w19,43,37,0.8604651162790697,98.83252518244404,38.35138631626421,23.339602020231577,11.956917277450044,7.276651966194137,157.84615384615384,0.2345850076208951,86604.0,20316.0,115355.91845816388,114009.16715960443,442.4059392656516,269.2361227491831
2,synthetic_n_solvers,weth_usdc_3000,WETH/USDC,weth_usdc_3000_month_23616043_23623242_w20,33,32,0.9696969696969697,99.42605993977863,57.394006022137674,36.24512101155479,10.776733114542399,6.805658341659537,153,0.1670353982300885,86784.0,14496.0,60085.622796976604,59740.76733731125,344.85545966535676,217.7810669331052
2,synthetic_n_solvers,weth_usdc_3000,WETH/USDC,weth_usdc_3000_month_23623243_23630442_w21,58,55,0.9482758620689655,99.61154920039797,38.84507996020303,18.967689617488563,9.17166528434093,4.478438468066021,77.89090909090909,0.19049621530698066,85608.0,16308.0,129859.84097742982,129355.39938679108,504.44159063875117,246.31411574363116
2,synthetic_n_solvers,weth_usdc_3000,WETH/USDC,weth_usdc_3000_month_23630443_23637642_w22,48,47,0.9791666666666666,99.4905830751089,50.941692489109485,31.59076709331514,13.896679949852443,8.617828702098647,97.7872340425532,0.19331576757731245,86532.0,16728.0,128214.02778926054,127560.88383161747,653.1439576430648,405.03794899863647
2,synthetic_n_solvers,weth_usdc_3000,WETH/USDC,weth_usdc_3000_month_23637643_23644842_w23,33,31,0.9393939393939394,99.52932600415913,44.15121523351042,25.030601946273823,10.385616451527953,5.887906595322043,118.125,0.212707182320442,86880.0,18480.0,72920.78106901256,72577.56191495666,321.9541099973666,182.52510445498334
2,synthetic_n_solvers,weth_usdc_3000,WETH/USDC,weth_usdc_3000_month_23644843_23652042_w24,32,29,0.90625,99.38742008523995,58.76522440026934,37.973248660604995,11.753246570695804,7.59478006173306,184,0.32178011922916955,86556.0,27852.0,58000.99532141259,57645.6928737127,340.8441505501783,220.24862179025874
2,synthetic_n_solvers,weth_usdc_3000,WETH/USDC,weth_usdc_3000_month_23652043_23659242_w25,19,15,0.7894736842105263,98.7340735155148,126.59264844852069,94.69908075331944,9.59632072889412,7.178637644269278,287.2,0.5097087378640777,86520.0,44100.0,11370.708544102183,11226.763733168771,143.94481093341182,107.67956466403918
2,synthetic_n_solvers,weth_usdc_3000,WETH/USDC,weth_usdc_3000_month_23659243_23666442_w26,32,28,0.875,99.58804556822358,41.19544317764004,26.09674869055472,11.585841517674693,7.339471823414242,138,0.3636740331491713,86880.0,31596.0,78747.43842323084,78423.03486073593,324.4035624948914,205.50521105559878
2,synthetic_n_solvers,weth_usdc_3000,WETH/USDC,weth_usdc_3000_month_23666443_23673642_w27,30,29,0.9666666666666667,99.34531330674852,48.8048847476844,28.441559040427887,6.86086272917537,3.9982397948264965,145.2,0.18506762351642286,86952.0,16092.0,40767.43960665246,40500.54060436837,198.96501914608572,115.9489540499684
2,synthetic_n_solvers,weth_usdc_3000,WETH/USDC,weth_usdc_3000_month_23673643_23680842_w28,38,37,0.9736842105263158,99.29574548641436,49.05062187115095,28.14853123652175,13.191402149179474,7.570109843359377,123.47368421052632,0.23186403205748238,86844.0,20136.0,99505.74751157337,98804.97379344598,488.0818795196405,280.09406420429696
2,synthetic_n_solvers,weth_usdc_3000,WETH/USDC,weth_usdc_3000_month_23680843_23688042_w29,52,52,1.0,99.5674229034303,43.257709656970306,26.50707945900219,16.03513763309756,9.825870827353521,99.6923076923077,0.23341150503517727,86988.0,20304.0,192758.04556765634,191924.21841073528,833.8271569210731,510.94528302238314
2,synthetic_n_solvers,weth_usdc_3000,WETH/USDC,weth_usdc_3000_month_23688043_23695242_w30,41,39,0.9512195121951219,98.5141573008417,49.62793654700392,30.232643687480262,17.56563726028791,10.700740135162272,141.3658536585366,0.11470383275261324,86100.0,9876.0,138039.1571393242,135988.11240098992,685.0598531512285,417.3288652713286
2,synthetic_n_solvers,weth_usdc_3000,WETH/USDC,weth_usdc_3000_month_23695243_23700766_w31,28,26,0.9285714285714286,99.52912006233815,41.831934735495835,21.59634711117388,12.465611003760056,6.435553695814013,116,0.2801009372746936,66576.0,18648.0,77478.10091670143,77113.27208340328,324.1058860977614,167.32439609116435
2,synthetic_n_solvers,wbtc_usdc_500,WBTC/USDC,wbtc_usdc_500_month_23479243_23486442_w01,28,25,0.8928571428571429,99.26641093495223,51.58102968137731,26.270761073738683,0.3172800637460834,0.1615940744033509,162,0.2424910443648388,87096.0,21120.0,1537.7749615796902,1526.494012616499,7.932001593652085,4.039851860083773
2,synthetic_n_solvers,wbtc_usdc_500,WBTC/USDC,wbtc_usdc_500_month_23486443_23493642_w02,14,13,0.9285714285714286,96.0329530013423,70.50863247411255,46.304897518402946,0.4761786293743954,0.3127191928127448,258,0.22554310225543103,86724.0,19560.0,877.9523818079915,843.1235981958338,6.19032218186714,4.065349506565682
2,synthetic_n_solvers,wbtc_usdc_500,WBTC/USDC,wbtc_usdc_500_month_23493643_23500842_w03,21,21,1.0,99.42046641173053,57.95335882694756,34.08203632600673,0.3636159643004693,0.21384045299272772,145.71428571428572,0.1566215095382914,86808.0,13596.0,1317.600119280618,1309.9641840303082,7.6359352503098545,4.490649512847282
2,synthetic_n_solvers,wbtc_usdc_500,WBTC/USDC,wbtc_usdc_500_month_23500843_23508042_w04,15,13,0.8666666666666667,98.51981648884515,148.0183511154856,84.81141506829144,0.26111931102354596,0.1496158962903577,279.6923076923077,0.3197513812154696,86880.0,27780.0,229.33312104372993,225.93857000042385,3.3945510433060977,1.9450066517746503
2,synthetic_n_solvers,wbtc_usdc_500,WBTC/USDC,wbtc_usdc_500_month_23508043_23515242_w05,15,15,1.0,99.78127979664552,21.8720203354495,10.175573055166522,0.39046260808874983,0.18165586594112293,156,0.27615352639600943,86604.0,23916.0,2677.8226389258157,2671.9656998044848,5.856939121331248,2.724837989116844
2,synthetic_n_solvers,wbtc_usdc_500,WBTC/USDC,wbtc_usdc_500_month_23515243_23522442_w06,19,17,0.8947368421052632,98.46535651295531,69.98361390457679,44.07327138069623,0.30104807711455256,0.18958971766444782,219.78947368421052,0.1118193155050575,86604.0,9684.0,731.2879437643186,720.0652809637965,5.117817310947394,3.2230252002956132
2,synthetic_n_solvers,wbtc_usdc_500,WBTC/USDC,wbtc_usdc_500_month_23522443_23529642_w07,25,24,0.96,99.30292584414123,69.70741558587703,47.00523093135228,0.8247703294568197,0.5561606247427706,159.5,0.06437768240343347,86676.0,5580.0,2839.65310442152,2819.858616514556,19.794487906963674,13.347854993826495
2,synthetic_n_solvers,wbtc_usdc_500,WBTC/USDC,wbtc_usdc_500_month_23529643_23536842_w08,21,21,1.0,99.49436932571071,50.56306742892885,23.739963860725652,0.26597467470758485,0.12487828540666698,154.28571428571428,0.17964320287650395,86772.0,15588.0,1104.6537429142688,1099.0682747454096,5.585468168859281,2.622443993540007
2,synthetic_n_solvers,wbtc_usdc_500,WBTC/USDC,wbtc_usdc_500_month_23536843_23544042_w09,22,22,1.0,99.34920749166068,65.0792508339336,41.848301805559686,0.3853287774754643,0.24778027969788033,147.27272727272728,0.16547060447143253,86952.0,14388.0,1302.6015198134423,1294.1242867089823,8.477233104460215,5.451166153353367
2,synthetic_n_solvers,wbtc_usdc_500,WBTC/USDC,wbtc_usdc_500_month_23544043_23551242_w10,75,75,1.0,99.73327155641013,26.672844358986943,16.73976222926172,0.8306316838100711,0.5213008669016207,71.2,0.13118606580038705,86808.0,11388.0,23356.105350933576,23293.80797464782,62.297376285755334,39.09756501762155
2,synthetic_n_solvers,wbtc_usdc_500,WBTC/USDC,wbtc_usdc_500_month_23551243_23558442_w11,31,31,1.0,99.5050290587335,49.49709412664958,26.695648760819292,0.39259994953870425,0.21174395267696616,104.12903225806451,0.2911882694701895,86748.0,25260.0,2458.85110034108,2446.68050190538,12.170598435699832,6.564062532985951
2,synthetic_n_solvers,wbtc_usdc_500,WBTC/USDC,wbtc_usdc_500_month_23558443_23565642_w12,26,26,1.0,99.72926927861306,27.073072138693806,10.939128435421784,0.38192879335594626,0.15432190710765553,64.15384615384616,0.10577986725663717,86784.0,9180.0,3667.9060936945084,3657.9759450672536,9.930148627254603,4.0123695847990435
2,synthetic_n_solvers,wbtc_usdc_500,WBTC/USDC,wbtc_usdc_500_month_23565643_23572842_w13,18,18,1.0,99.47875066055049,52.12493394495133,26.117581269641263,0.5725536907524665,0.2868822350020257,134.66666666666666,0.18625827814569537,86976.0,16200.0,1977.166329731647,1966.8603632981026,10.305966433544397,5.163880230036463
2,synthetic_n_solvers,wbtc_usdc_500,WBTC/USDC,wbtc_usdc_500_month_23572843_23580042_w14,30,30,1.0,99.68444842032523,31.555157967477438,16.510184163579773,0.6241882950699792,0.3265857111213841,99.2,0.11770387746653788,86964.0,10236.0,5934.259264808342,5915.533615956242,18.725648852099376,9.797571333641523
2,synthetic_n_solvers,wbtc_usdc_500,WBTC/USDC,wbtc_usdc_500_month_23580043_23587242_w15,27,27,1.0,99.40120744450091,59.879255549908336,38.373750145805076,0.5784197306502218,0.37068153268664783,126.22222222222223,0.13396799116997793,86976.0,11652.0,2608.1374232415446,2592.5200905139886,15.617332727555988,10.00840138253949
2,synthetic_n_solvers,wbtc_usdc_500,WBTC/USDC,wbtc_usdc_500_month_23587243_23594442_w16,31,31,1.0,99.6511112991755,34.8888700824491,15.350132998442762,0.41835683895625125,0.18406537969302336,81.29032258064517,0.08729281767955802,86880.0,7584.0,3717.2490759934058,3704.280013985762,12.969062007643789,5.706026770483724
2,synthetic_n_solvers,wbtc_usdc_500,WBTC/USDC,wbtc_usdc_500_month_23594443_23601642_w17,42,42,1.0,99.57440621768018,42.55937823198074,21.038994944114105,0.43079809194281654,0.21296267132747296,86,0.09026915113871635,86940.0,7848.0,4251.359068963591,4233.265549101992,18.093519861598296,8.944432195753864
2,synthetic_n_solvers,wbtc_usdc_500,WBTC/USDC,wbtc_usdc_500_month_23601643_23608842_w18,15,14,0.9333333333333333,96.17494599474017,66.88348312299082,37.44115598647258,0.2596205327489444,0.14533472854679985,260,0.38648275862068965,87000.0,33624.0,543.4357316292068,522.6490214105107,3.634687458485222,2.034686199655198
2,synthetic_n_solvers,wbtc_usdc_500,WBTC/USDC,wbtc_usdc_500_month_23608843_23616042_w19,24,24,1.0,99.55046017177604,44.95398282239718,21.82130499159762,1.1735878921898752,0.5696763161363829,129,0.29825774336283184,86784.0,25884.0,6265.542593597283,6237.376484184726,28.16610941255701,13.67223158727319
2,synthetic_n_solvers,wbtc_usdc_500,WBTC/USDC,wbtc_usdc_500_month_23616043_23623242_w20,24,21,0.875,99.55471813129276,44.528186870725804,20.81580287993214,0.3416386282230727,0.15970743120325007,140.57142857142858,0.35910842047330765,87216.0,31320.0,1611.206675338763,1604.0322641460787,7.174411192684527,3.3538560552682513
2,synthetic_n_solvers,wbtc_usdc_500,WBTC/USDC,wbtc_usdc_500_month_23623243_23630442_w21,33,33,1.0,99.74065223903234,25.93347078130157,6.10332554576118,0.3212086534628183,0.07559500989017934,66,0.21001926782273603,87192.0,18312.0,4087.337808989178,4076.73738989838,10.599885564273002,2.494635326375918
2,synthetic_n_solvers,wbtc_usdc_500,WBTC/USDC,wbtc_usdc_500_month_23630443_23637642_w22,30,30,1.0,99.54676431025472,45.323568974530595,22.10887062183061,0.42651248956720117,0.20805310931570983,100.8,0.19479625550660792,87168.0,16980.0,2823.1171941040975,2810.3218194170818,12.795374687016034,6.241593279471295
2,synthetic_n_solvers,wbtc_usdc_500,WBTC/USDC,wbtc_usdc_500_month_23637643_23644842_w23,29,29,1.0,99.53284737474155,46.71526252584627,23.741249051221057,0.42388879828011006,0.21542530183626724,119.17241379310344,0.17987594762232942,87060.0,15660.0,2631.4258949785276,2619.1331198284047,12.292775150123191,6.247333753251749
2,synthetic_n_solvers,wbtc_usdc_500,WBTC/USDC,wbtc_usdc_500_month_23644843_23652042_w24,17,17,1.0,99.40218709747126,59.78129025287588,35.09239283036878,0.49879635804090783,0.2927999322979945,140.47058823529412,0.40444015444015446,87024.0,35196.0,1418.4267436896798,1409.9472056029845,8.479538086695433,4.977598849065906
2,synthetic_n_solvers,wbtc_usdc_500,WBTC/USDC,wbtc_usdc_500_month_23652043_23659242_w25,16,14,0.875,95.95234865231846,109.8852904825676,65.13702725355532,0.2459396273087087,0.14578635717651403,367.5,0.44922523519645824,86736.0,38964.0,313.3408272573252,300.6578830400076,3.4431547823219217,2.0410090004711963
2,synthetic_n_solvers,wbtc_usdc_500,WBTC/USDC,wbtc_usdc_500_month_23659243_23666442_w26,19,18,0.9473684210526315,99.59053342660224,40.94665733977673,18.026744554749055,0.3373889415858737,0.14853530570509957,170,0.4509070765821908,86652.0,39072.0,1483.1493809498934,1477.0763800013476,6.073000948545726,2.673635502691792
2,synthetic_n_solvers,wbtc_usdc_500,WBTC/USDC,wbtc_usdc_500_month_23666443_23673642_w27,20,20,1.0,99.42602259212504,57.397740787496254,30.448129145937315,0.4142747738568634,0.21976286249659516,165,0.32284882915338786,86604.0,27960.0,1443.5229267668687,1435.2374312897316,8.285495477137268,4.395257249931904
2,synthetic_n_solvers,wbtc_usdc_500,WBTC/USDC,wbtc_usdc_500_month_23673643_23680842_w28,25,23,0.92,99.45078787650873,54.92121234912792,30.49402058074681,0.43640970833235054,0.24230868289883487,147.65217391304347,0.36372387238723874,87264.0,31740.0,1827.6041009141059,1817.5666776224618,10.037423291644062,5.573099706673202
2,synthetic_n_solvers,wbtc_usdc_500,WBTC/USDC,wbtc_usdc_500_month_23680843_23688042_w29,33,33,1.0,99.58450637974587,41.54936202541259,19.39564786190474,0.4221954421086874,0.19708495449419536,87.63636363636364,0.25684883882631065,86292.0,22164.0,3353.228283280321,3339.2958336907345,13.932449589586685,6.5038034983084465
2,synthetic_n_solvers,wbtc_usdc_500,WBTC/USDC,wbtc_usdc_500_month_23688043_23695242_w30,35,35,1.0,99.5150606925617,48.49393074382884,26.447851474830806,0.4973172551711299,0.2712292589791842,91.54285714285714,0.1494902176908239,87096.0,13020.0,3589.336575526945,3571.9304715959556,17.406103930989545,9.493024064271447
2,synthetic_n_solvers,wbtc_usdc_500,WBTC/USDC,wbtc_usdc_500_month_23695243_23700766_w31,21,20,0.9523809523809523,98.72491436379681,60.86749460034035,37.23203574894621,0.4895000325299764,0.29942225862808075,180.57142857142858,0.2356115107913669,66720.0,15720.0,1608.4119635416678,1587.9033336235743,9.790000650599529,5.988445172561614
2,synthetic_n_solvers,link_weth_3000,LINK/WETH,link_weth_3000_month_23479243_23486442_w01,49,31,0.6326530612244898,91.61925876531187,65.77142152462925,51.450923461957565,0.004252230840988533,0.003326387030579079,427.42857142857144,0.49399917229962753,86988.0,42972.0,20.042011106796974,18.362342017708865,0.1318191560706445,0.10311799794795144
2,synthetic_n_solvers,link_weth_3000,LINK/WETH,link_weth_3000_month_23486443_23493642_w02,46,39,0.8478260869565217,96.10891277022729,84.3101564366204,63.76297900946638,0.0032537272195679984,0.002460763319301938,307.8139534883721,0.3664552501761804,85140.0,31200.0,15.051017211496301,14.465369002828877,0.12689536156315193,0.09596976945277559
2,synthetic_n_solvers,link_weth_3000,LINK/WETH,link_weth_3000_month_23493643_23500842_w03,51,34,0.6666666666666666,89.11006320099429,83.75911382447094,67.41273656596054,0.0028326812106440496,0.0022798568837377464,395.6923076923077,0.571764705882353,86700.0,49572.0,11.498588841774442,10.246399784127682,0.0963111611618977,0.07751513404708338
2,synthetic_n_solvers,link_weth_3000,LINK/WETH,link_weth_3000_month_23500843_23508042_w04,39,20,0.5128205128205128,91.70157898403318,59.63503024454042,41.4750529366491,0.0013252525667303882,0.0009216884796433047,520,0.505809883802324,85716.0,43356.0,4.444543957791368,4.0757169879341255,0.02650505133460776,0.018433769592866092
2,synthetic_n_solvers,link_weth_3000,LINK/WETH,link_weth_3000_month_23508043_23515242_w05,51,33,0.6470588235294118,90.70538135273722,63.39263646744259,47.64184377189873,0.0018739792141086638,0.0014083627046526635,509.8723404255319,0.4954217536071032,86496.0,42852.0,9.755283501632967,8.84856710219684,0.061841314065585906,0.04647596925353789
2,synthetic_n_solvers,link_weth_3000,LINK/WETH,link_weth_3000_month_23515243_23522442_w06,50,35,0.7,93.74685701159649,78.7209935928197,61.37916390745004,0.002618037896442849,0.002041297623768033,444,0.4928256070640177,86976.0,42864.0,11.640011411626492,10.912144854191002,0.09163132637549971,0.07144541683188115
2,synthetic_n_solvers,link_weth_3000,LINK/WETH,link_weth_3000_month_23522443_23529642_w07,68,56,0.8235294117647058,97.13476517843259,77.46928898866881,57.696363605911046,0.0023427169852245603,0.0017447720609005503,275.0163934426229,0.4026817804810617,86808.0,34956.0,16.934730250559607,16.449510462482063,0.13119215117257538,0.09770723541043082
2,synthetic_n_solvers,link_weth_3000,LINK/WETH,link_weth_3000_month_23529643_23536842_w08,46,25,0.5434782608695652,89.47776989510892,74.79441386217393,60.79970392889896,0.0035197775692840574,0.0028611954163100693,489.25714285714287,0.6195135588481968,85848.0,53184.0,11.764841074127757,10.526917424833295,0.08799443923210143,0.07152988540775172
2,synthetic_n_solvers,link_weth_3000,LINK/WETH,link_weth_3000_month_23536843_23544042_w09,60,50,0.8333333333333334,95.01662334043498,74.37593960468375,54.52994824295754,0.0026260581309563973,0.0019253378811100405,284.94545454545454,0.3972811763073935,86508.0,34368.0,17.65394928060192,16.774186492660956,0.13130290654781987,0.09626689405550203
2,synthetic_n_solvers,link_weth_3000,LINK/WETH,link_weth_3000_month_23544043_23551242_w10,219,202,0.9223744292237442,99.8007837145932,13.905440513850035,11.13389139349116,0.010064982418361908,0.008058890404214349,102.68571428571428,0.4920145699075371,85656.0,42144.0,1462.1086232284983,1459.1958647406898,2.0331264485091056,1.6278958616512986
2,synthetic_n_solvers,link_weth_3000,LINK/WETH,link_weth_3000_month_23551243_23558442_w11,139,126,0.9064748201438849,98.32184575842165,74.14727050334699,55.29409678913796,0.0004995650817725176,0.0003725423713709908,151.4418604651163,0.3983062612800222,86436.0,34428.0,8.489213409480243,8.346751314572412,0.06294520030333721,0.04694033879274484
2,synthetic_n_solvers,link_weth_3000,LINK/WETH,link_weth_3000_month_23558443_23565642_w12,107,93,0.8691588785046729,95.89192937232619,77.31308015351988,59.772776378471114,0.0007115858532701039,0.0005501457450296789,202.56,0.4682616512238971,86772.0,40632.0,8.55967505404152,8.208037557322118,0.06617748435411966,0.05116355428776014
2,synthetic_n_solvers,link_weth_3000,LINK/WETH,link_weth_3000_month_23565643_23572842_w13,98,78,0.7959183673469388,95.62747014182057,77.81582090713543,59.99623739307429,0.0008186996334139923,0.0006312199368627973,249.95454545454547,0.40339732081204255,86892.0,35052.0,8.20637380186473,7.84754765710438,0.06385857140629139,0.049235155075298194
2,synthetic_n_solvers,link_weth_3000,LINK/WETH,link_weth_3000_month_23572843_23580042_w14,100,79,0.79,94.8482519948564,104.30939708021546,87.96570422106291,0.0015315087480590114,0.0012915446672568485,321.2,0.5455933379597502,86460.0,47172.0,11.599069161872293,11.00151434771031,0.1209891910966619,0.10203202871329102
2,synthetic_n_solvers,link_weth_3000,LINK/WETH,link_weth_3000_month_23580043_23587242_w15,68,42,0.6176470588235294,92.01690668806293,120.32094413647143,105.80900928294655,0.002259824699119056,0.0019872667579446104,414.3272727272727,0.6294353168576556,86916.0,54708.0,7.888288946216027,7.258559478924385,0.09491263736300036,0.08346520383367363
2,synthetic_n_solvers,link_weth_3000,LINK/WETH,link_weth_3000_month_23587243_23594442_w16,83,70,0.8433734939759037,97.24636293761294,101.29390291611503,82.05164053865731,0.0020193286711356275,0.0016357275757321545,244.8,0.4791463244525038,86028.0,41220.0,13.954739911300802,13.570477021143503,0.1413530069794939,0.1145009303012508
2,synthetic_n_solvers,link_weth_3000,LINK/WETH,link_weth_3000_month_23594443_23601642_w17,121,107,0.8842975206611571,97.40866705473248,68.5254645121163,51.33212714968941,0.001285063438423915,0.00096263542737357,228.52173913043478,0.40799888904318843,86412.0,35256.0,20.065794356935235,19.54582281703434,0.1375017879113589,0.10300199072897198
2,synthetic_n_solvers,link_weth_3000,LINK/WETH,link_weth_3000_month_23601643_23608842_w18,48,30,0.625,89.06977085069498,62.291106328775086,48.845134790502364,0.0011197070168873582,0.0008780104157576904,623.7272727272727,0.5451635351426584,86220.0,47004.0,5.39261741946353,4.803191978370827,0.03359121050662075,0.026340312472730713
2,synthetic_n_solvers,link_weth_3000,LINK/WETH,link_weth_3000_month_23608843_23616042_w19,65,41,0.6307692307692307,95.50721189028056,54.459839918593495,37.34528184167694,0.0009617533487736453,0.0006595125862620423,313,0.5382479522421213,86436.0,46524.0,7.240544107118603,6.915241802394987,0.039431887299719456,0.027040016036743733
2,synthetic_n_solvers,link_weth_3000,LINK/WETH,link_weth_3000_month_23616043_23623242_w20,88,83,0.9431818181818182,99.03431429249446,69.53934150299027,50.415659261919274,0.001525205672216685,0.0011057661434932683,187.90588235294118,0.31798640965192065,86532.0,27516.0,18.204381585715943,18.028584474602912,0.12659207079398485,0.09177858990994127
2,synthetic_n_solvers,link_weth_3000,LINK/WETH,link_weth_3000_month_23623243_23630442_w21,84,64,0.7619047619047619,96.30179100219021,91.92933892652647,74.47176560835426,0.0025601468961979415,0.0020739696575974575,282.92957746478874,0.4817207256734469,87312.0,42060.0,17.823406898163718,17.164260060539576,0.16384940135666823,0.13273405808623728
2,synthetic_n_solvers,link_weth_3000,LINK/WETH,link_weth_3000_month_23630443_23637642_w22,71,51,0.7183098591549296,93.56555122854132,87.61843279866243,71.22134087042076,0.0025067864817212167,0.0020376613550517086,324,0.45283284127653595,85356.0,38652.0,14.591234570647757,13.652369057076058,0.12784611056778206,0.10392072910763714
2,synthetic_n_solvers,link_weth_3000,LINK/WETH,link_weth_3000_month_23637643_23644842_w23,43,26,0.6046511627906976,90.91213001263769,69.60451211115226,51.46053398079224,0.0011425057909275943,0.000844686016667894,427.125,0.6497229916897507,86640.0,56292.0,4.2677047310784895,3.879861273673566,0.02970515056411745,0.021961836433365245
2,synthetic_n_solvers,link_weth_3000,LINK/WETH,link_weth_3000_month_23644843_23652042_w24,50,33,0.66,92.54484191490036,69.52521413255756,53.05933988470323,0.0014734608221355977,0.0011244964800745008,430.90909090909093,0.5092797783933518,86640.0,44124.0,6.993751509742531,6.4723562786121835,0.048624207130474724,0.03710838384245853
2,synthetic_n_solvers,link_weth_3000,LINK/WETH,link_weth_3000_month_23652043_23659242_w25,28,17,0.6071428571428571,80.80563266046973,52.339468740965664,40.530434070281785,0.0014402223292159203,0.0011152737611787333,691.8461538461538,0.480628860190904,85488.0,41088.0,4.6778808011682,3.779991176486614,0.024483779596670644,0.018959653940038467
2,synthetic_n_solvers,link_weth_3000,LINK/WETH,link_weth_3000_month_23659243_23666442_w26,45,34,0.7555555555555555,97.10487847856129,59.8399505551873,46.210229727048876,0.0018745950539595497,0.0014476193125990333,295.6923076923077,0.43962047153536515,83472.0,36696.0,10.651117061977525,10.342754279642582,0.0637362318346247,0.04921905662836713
2,synthetic_n_solvers,link_weth_3000,LINK/WETH,link_weth_3000_month_23666443_23673642_w27,54,41,0.7592592592592593,96.33116984859582,103.99695091855284,84.61449962661081,0.002140594574032505,0.0017416408575963945,327.9130434782609,0.4756612267867192,85296.0,40572.0,8.439129874496707,8.129512533145014,0.08776437753533271,0.07140727516145218
2,synthetic_n_solvers,link_weth_3000,LINK/WETH,link_weth_3000_month_23673643_23680842_w28,71,50,0.704225352112676,92.55466732555121,61.257565558702154,43.90631832393407,0.0015470938353166234,0.0011088784510268229,291.9310344827586,0.5091635662119333,87084.0,44340.0,12.627777656574255,11.687597600652587,0.07735469176583117,0.055443922551341146
2,synthetic_n_solvers,link_weth_3000,LINK/WETH,link_weth_3000_month_23680843_23688042_w29,81,67,0.8271604938271605,95.07513409652385,60.323798374735425,42.2374387456737,0.0014664440955967604,0.0010267729209781327,244.57894736842104,0.4147400868712344,85644.0,35520.0,16.287395199260587,15.48526282652779,0.09825175440498295,0.06879378570553489
2,synthetic_n_solvers,link_weth_3000,LINK/WETH,link_weth_3000_month_23688043_23695242_w30,81,67,0.8271604938271605,96.77728989944035,104.71039250051143,85.51112577448545,0.0031165085793759886,0.0025450783894920602,246.42253521126761,0.39172547391725476,86724.0,33972.0,19.941294252828953,19.29864414876071,0.20880607481819125,0.17052025209596805
2,synthetic_n_solvers,link_weth_3000,LINK/WETH,link_weth_3000_month_23695243_23700766_w31,50,38,0.76,95.95763812987173,68.7908486920795,48.746201828273726,0.0008540457847797605,0.0006051893382186754,215.70731707317074,0.3481708415930798,66588.0,23184.0,4.717740867960477,4.527032709982584,0.0324537398216309,0.022997194852309666
2,synthetic_n_solvers,uni_weth_3000,UNI/WETH,uni_weth_3000_month_23479243_23486442_w01,44,35,0.7954545454545454,88.9915740742076,95.15519998540454,79.9077931217013,0.0005162202527106896,0.0004335025428475303,410.7906976744186,0.2727530881726537,84516.0,23052.0,1.8987621115446622,1.6897382909882566,0.018067708844874134,0.015172588999663561
2,synthetic_n_solvers,uni_weth_3000,UNI/WETH,uni_weth_3000_month_23486443_23493642_w02,46,31,0.6739130434782609,95.99889665070889,70.4533641464426,57.64906295391198,0.0007007712941541934,0.00057341205693198,436.42105263157896,0.48770718232044197,86880.0,42372.0,3.0834453942646682,2.960073557321182,0.021723910118779995,0.01777577376489138
2,synthetic_n_solvers,uni_weth_3000,UNI/WETH,uni_weth_3000_month_23493643_23500842_w03,54,39,0.7222222222222222,94.90507863684863,90.77145037835865,77.75210658967764,0.000853789562461192,0.0007313305757364411,472.8979591836735,0.3835867117117117,85248.0,32700.0,3.6683112142851924,3.4814136425616984,0.03329779293598649,0.028521892453721207
2,synthetic_n_solvers,uni_weth_3000,UNI/WETH,uni_weth_3000_month_23500843_23508042_w04,27,16,0.5925925925925926,88.4707119536097,97.24237955546535,82.75559451757347,9.274986010131996e-05,7.893235284034252e-05,776.3478260869565,0.501391982182628,86208.0,43224.0,0.15260812913105168,0.13501349834132545,0.0014839977616211194,0.0012629176454454804
2,synthetic_n_solvers,uni_weth_3000,UNI/WETH,uni_weth_3000_month_23508043_23515242_w05,44,32,0.7272727272727273,95.23581495006901,85.45355023432816,71.71933245501647,0.00024034335492407842,0.00020171502445347783,466.2857142857143,0.41764051196438506,86256.0,36024.0,0.9000196406680021,0.8571410395008545,0.0076909873575705095,0.006454880782511291
2,synthetic_n_solvers,uni_weth_3000,UNI/WETH,uni_weth_3000_month_23515243_23522442_w06,38,21,0.5526315789473685,90.97424137135705,99.53026806838608,87.57442878076795,0.00018754245874839101,0.00016501436212094182,560.8,0.5424401303670114,84684.0,45936.0,0.39569788267928585,0.35998314689000277,0.003938391633716211,0.0034653016045397785
2,synthetic_n_solvers,uni_weth_3000,UNI/WETH,uni_weth_3000_month_23522443_23529642_w07,50,33,0.66,89.78597266419747,71.07204194747676,60.86114841729264,0.00017482404836436364,0.00014970714310246755,427.82608695652175,0.40851779209862704,85656.0,34992.0,0.8117388269620163,0.7288276012807932,0.005769193596024,0.0049403357223814295
2,synthetic_n_solvers,uni_weth_3000,UNI/WETH,uni_weth_3000_month_23529643_23536842_w08,41,24,0.5853658536585366,89.85385264440797,87.23279012064532,74.96515618426304,0.0013201193151081638,0.00113446962434742,670.5454545454545,0.5826715825297788,84624.0,49308.0,3.6319901631918072,3.2634830892937585,0.03168286356259593,0.02722727098433808
2,synthetic_n_solvers,uni_weth_3000,UNI/WETH,uni_weth_3000_month_23536843_23544042_w09,42,27,0.6428571428571429,86.3620280301462,74.0544337773604,61.8134115611273,0.00014262981735491578,0.00011905344692194715,528.3243243243244,0.44712739383846795,86472.0,38664.0,0.5200235653898199,0.44910289730532194,0.003851005068582726,0.003214443066892573
2,synthetic_n_solvers,uni_weth_3000,UNI/WETH,uni_weth_3000_month_23544043_23551242_w10,177,168,0.9491525423728814,99.8353798808652,15.04620736758958,12.69805272172561,0.0005059401719912982,0.00042698168522009637,97.6842105263158,0.34052086250350044,85704.0,29184.0,56.49127837864891,56.398282368881205,0.08499794889453811,0.07173292311697618
2,synthetic_n_solvers,uni_weth_3000,UNI/WETH,uni_weth_3000_month_23551243_23558442_w11,92,85,0.9239130434782609,98.41933705980591,69.4234471672826,56.70074893756233,6.0403726445867874e-05,4.933400267272278e-05,174.13636363636363,0.30202272097533944,86616.0,26160.0,0.7395652272246191,0.7278751937593174,0.00513431674789877,0.004193390227181437
2,synthetic_n_solvers,uni_weth_3000,UNI/WETH,uni_weth_3000_month_23558443_23565642_w12,74,63,0.8513513513513513,96.058984498474,78.25469465580417,66.27057791922837,0.00024149212413830114,0.00020450942528085436,275.32394366197184,0.3552944467757728,85788.0,30480.0,1.9441649970816854,1.867545153171454,0.015214003820712972,0.012884093792693825
2,synthetic_n_solvers,uni_weth_3000,UNI/WETH,uni_weth_3000_month_23565643_23572842_w13,59,40,0.6779661016949152,88.09783247172612,63.50658876297006,52.76429702744762,0.00018663935951660843,0.00015506886441819248,387.1698113207547,0.4296183628318584,86784.0,37284.0,1.1755590287692206,1.0356420237713586,0.007465574380664338,0.006202754576727699
2,synthetic_n_solvers,uni_weth_3000,UNI/WETH,uni_weth_3000_month_23572843_23580042_w14,89,74,0.8314606741573034,93.65913316720095,81.12827959698963,69.59569863440315,0.00031015815558135926,0.0002660684243776762,273.0352941176471,0.35751368037042236,85524.0,30576.0,2.8290632596962206,2.6496761257832393,0.022951703513020585,0.019689063403948038
2,synthetic_n_solvers,uni_weth_3000,UNI/WETH,uni_weth_3000_month_23580043_23587242_w15,66,50,0.7575757575757576,94.43237920728673,106.93710917002367,94.02359670924356,0.00031473141993106746,0.00027672508008680553,366.2950819672131,0.3690886529711843,87036.0,32124.0,1.4715725082424995,1.389640931293738,0.015736570996553373,0.013836254004340277
2,synthetic_n_solvers,uni_weth_3000,UNI/WETH,uni_weth_3000_month_23587243_23594442_w16,59,43,0.7288135593220338,95.2110387954577,99.35652517103257,87.29342949140873,0.0004565172538209131,0.0004010904833822226,387.9230769230769,0.45779446530385204,86292.0,39504.0,1.9757375653494036,1.881120259841252,0.019630241914299264,0.01724689078543557
2,synthetic_n_solvers,uni_weth_3000,UNI/WETH,uni_weth_3000_month_23594443_23601642_w17,69,48,0.6956521739130435,92.46264499268672,88.50021853917258,78.18173935827564,0.00040636879205233376,0.0003589891585353583,356.8524590163934,0.4430134330425149,86652.0,38388.0,2.204028683825032,2.0379032174621248,0.01950570201851202,0.017231479609697196
2,synthetic_n_solvers,uni_weth_3000,UNI/WETH,uni_weth_3000_month_23601643_23608842_w18,41,25,0.6097560975609756,94.67110569975415,60.38065343323842,44.54124882232626,0.00011492153089447207,8.47746457111966e-05,505.5,0.540323696223544,86748.0,46872.0,0.4758209971242623,0.45046499912913446,0.0028730382723618016,0.002119366142779915
2,synthetic_n_solvers,uni_weth_3000,UNI/WETH,uni_weth_3000_month_23608843_23616042_w19,49,36,0.7346938775510204,94.68161900628674,47.5665482004522,38.26347207476334,0.00023309364281143445,0.00018750513606609348,360,0.357915164957028,86568.0,30984.0,1.764132874609528,1.6703095671024475,0.008391371141211641,0.006750184898379365
2,synthetic_n_solvers,uni_weth_3000,UNI/WETH,uni_weth_3000_month_23616043_23623242_w20,47,29,0.6170212765957447,94.21344949658742,72.37624988600281,59.541036630134855,0.0009262899652819695,0.0007620215863608354,507.6923076923077,0.5290068829891839,85428.0,45192.0,3.7114950049894984,3.4967274720941455,0.026862408993177118,0.022098626004464227
2,synthetic_n_solvers,uni_weth_3000,UNI/WETH,uni_weth_3000_month_23623243_23630442_w21,53,38,0.7169811320754716,94.18132957823494,109.82547605616487,96.0882357289941,0.0016251010575489772,0.0014218294252723916,329.72727272727275,0.4501460158531498,86292.0,38844.0,5.622906670150024,5.29572826289055,0.06175384018686113,0.05402951816035088
2,synthetic_n_solvers,uni_weth_3000,UNI/WETH,uni_weth_3000_month_23630443_23637642_w22,51,35,0.6862745098039216,91.10717925896297,90.57467445303749,77.29115722543735,0.0003440212472321909,0.00029356771602310317,430.04651162790697,0.4608646510313648,84936.0,39144.0,1.3293720044635378,1.2111533351250645,0.012040743653126683,0.01027487006080861
2,synthetic_n_solvers,uni_weth_3000,UNI/WETH,uni_weth_3000_month_23637643_23644842_w23,44,31,0.7045454545454546,94.04732946889413,52.422583346472635,37.50789508156674,0.0005902459091821472,0.00042231573151607394,287.6666666666667,0.44458333333333333,86400.0,38412.0,3.490408525599255,3.282636005880702,0.01829762318464656,0.013091787676998291
2,synthetic_n_solvers,uni_weth_3000,UNI/WETH,uni_weth_3000_month_23644843_23652042_w24,43,29,0.6744186046511628,94.46954909369431,99.6271150874591,85.92755290494947,0.0003843083350447811,0.00033146272239624767,451.3333333333333,0.44112746459316854,86424.0,38124.0,1.118665506525498,1.0567982598813295,0.011144941716298653,0.009612418949491181
2,synthetic_n_solvers,uni_weth_3000,UNI/WETH,uni_weth_3000_month_23652043_23659242_w25,29,16,0.5517241379310345,87.06255809662954,97.1229861378105,79.01320103359636,0.00046519907368862076,0.00037845693786480643,602.5,0.647108130762783,85896.0,55584.0,0.7663670028078204,0.6672187170529573,0.007443185179017932,0.006055311005836903
2,synthetic_n_solvers,uni_weth_3000,UNI/WETH,uni_weth_3000_month_23659243_23666442_w26,39,27,0.6923076923076923,96.47330661452412,65.29058471524813,53.93818476526772,0.00034753473783475134,0.00028710713778156517,524.5714285714286,0.38794806661021736,85032.0,32988.0,1.4371808680320877,1.3864959054218753,0.009383437921538286,0.007751892720102259
2,synthetic_n_solvers,uni_weth_3000,UNI/WETH,uni_weth_3000_month_23666443_23673642_w27,46,25,0.5434782608695652,92.48161163648572,71.1035505856215,60.35103518670491,0.00043093324586481954,0.0003657660872081379,463.8857142857143,0.5191958676532179,85956.0,44628.0,1.5151607842209587,1.4012451121315583,0.010773331146620489,0.009144152180203449
2,synthetic_n_solvers,uni_weth_3000,UNI/WETH,uni_weth_3000_month_23673643_23680842_w28,49,26,0.5306122448979592,87.73932948565087,43.31705246403926,32.43086309529564,0.00021328287919779442,0.0001596818680489959,518.7906976744187,0.49937439176977616,86316.0,43104.0,1.2801782539904512,1.1232198162723344,0.005545354859142655,0.004151728569273893
2,synthetic_n_solvers,uni_weth_3000,UNI/WETH,uni_weth_3000_month_23680843_23688042_w29,60,45,0.75,95.81560028623069,53.86826916823582,42.153232444852655,0.0003061405754932822,0.00023956245557595882,415.41818181818184,0.4865163877748582,86772.0,42216.0,2.5574101618473946,2.4503978983551447,0.013776325897197699,0.010780310500918147
2,synthetic_n_solvers,uni_weth_3000,UNI/WETH,uni_weth_3000_month_23688043_23695242_w30,46,20,0.43478260869565216,76.89195523331738,45.81004341657789,38.695178798737004,0.0002114435722672657,0.00017860377822223676,804.9230769230769,0.502106149957877,85464.0,42912.0,0.9231319444274868,0.7098142014536354,0.004228871445345314,0.0035720755644447354
2,synthetic_n_solvers,uni_weth_3000,UNI/WETH,uni_weth_3000_month_23695243_23700766_w31,30,22,0.7333333333333333,87.72885232321121,91.69547736794259,78.90618964522267,0.00012102339830555569,0.00010414357929441425,476,0.418412348401323,65304.0,27324.0,0.2903648946652477,0.2547337896393229,0.002662514762722225,0.0022911587444771134
5,synthetic_n_solvers,weth_usdc_3000,WETH/USDC,weth_usdc_3000_month_23479243_23486442_w01,34,31,0.9117647058823529,98.12987866287588,41.631308511346326,29.1890438658432,5.251838032673959,3.6822318633161397,212.11764705882354,0.23920540764243345,86988.0,20808.0,39106.86087815875,38375.51512859686,162.80697901289273,114.14918776280032
5,synthetic_n_solvers,weth_usdc_3000,WETH/USDC,weth_usdc_3000_month_23486443_23493642_w02,23,21,0.9130434782608695,98.48560697737345,50.21075093553372,39.03391610333266,9.99083296700334,7.766889133706067,173.7391304347826,0.12564352302768889,86244.0,10836.0,41785.37233518872,41152.5775720661,209.80749230707016,163.1046718078274
5,synthetic_n_solvers,weth_usdc_3000,WETH/USDC,weth_usdc_3000_month_23493643_23500842_w03,32,28,0.875,99.43600324424196,32.3382790477345,19.92489118268551,6.214292481050402,3.828871081220517,123.3103448275862,0.13753863444787862,85416.0,11748.0,53806.2613698675,53502.79580134675,174.00018946941125,107.20839027417448
5,synthetic_n_solvers,weth_usdc_3000,WETH/USDC,weth_usdc_3000_month_23500843_23508042_w04,13,12,0.9230769230769231,98.2058448991736,64.45246582908327,48.05606508283181,11.857683673673574,8.841145346786096,274.15384615384613,0.26759977827050996,86592.0,23172.0,22077.07684317572,21680.97984288052,142.29220408408287,106.09374416143315
5,synthetic_n_solvers,weth_usdc_3000,WETH/USDC,weth_usdc_3000_month_23508043_23515242_w05,19,18,0.9473684210526315,99.12131011022421,21.074580664781788,12.371086474680775,5.903068533503636,3.465187395921866,130.10526315789474,0.2612386917188587,86220.0,22524.0,50418.6703845695,49975.64662534091,106.25523360306545,62.373373126593584
5,synthetic_n_solvers,weth_usdc_3000,WETH/USDC,weth_usdc_3000_month_23515243_23522442_w06,20,19,0.95,99.68519416152985,31.480583847015033,20.304658072675743,8.072877149042942,5.2069240828129315,110.52631578947368,0.24875484228002215,86736.0,21576.0,48723.577230083596,48570.19256425178,153.3846658318159,98.93155757344569
5,synthetic_n_solvers,weth_usdc_3000,WETH/USDC,weth_usdc_3000_month_23522443_23529642_w07,31,29,0.9354838709677419,98.07121811549942,28.94782931998977,17.550225077879595,3.6519612371182775,2.2140776421829487,142.06451612903226,0.0759261867868714,85188.0,6468.0,36585.42915454342,35879.77602464379,105.90687587643005,64.20825162330551
5,synthetic_n_solvers,weth_usdc_3000,WETH/USDC,weth_usdc_3000_month_23529643_23536842_w08,23,18,0.782608695652174,99.76836637785745,20.73257838071424,8.540072962429463,4.017547870815302,1.6548907384684792,100.42105263157895,0.33365785813630044,86280.0,28788.0,34880.30304129695,34799.5085319481,72.31586167467545,29.788033292432626
5,synthetic_n_solvers,weth_usdc_3000,WETH/USDC,weth_usdc_3000_month_23536843_23544042_w09,28,27,0.9642857142857143,99.6049546658294,39.504533417060024,29.29394387658753,9.374589180346492,6.951574048879685,115.11111111111111,0.14133885438233265,86940.0,12288.0,64072.11678648711,63819.00287861775,253.11390786935527,187.6924993197515
5,synthetic_n_solvers,weth_usdc_3000,WETH/USDC,weth_usdc_3000_month_23544043_23551242_w10,109,107,0.981651376146789,99.85347695772268,14.484580147414817,9.445655453733627,11.43687126001152,7.458189625886945,37.44444444444444,0.11717562525908526,86844.0,10176.0,844860.6810599508,843622.7654870569,1223.7452248212326,798.0262899699031
5,synthetic_n_solvers,weth_usdc_3000,WETH/USDC,weth_usdc_3000_month_23551243_23558442_w11,71,68,0.9577464788732394,98.91290511954186,25.018055690124598,13.607036937468967,0.7472256474808601,0.40640756067665423,70.45714285714286,0.15185850490534752,86844.0,13188.0,20309.869263243865,20089.0817142554,50.811344028698485,27.63571412601249
5,synthetic_n_solvers,weth_usdc_3000,WETH/USDC,weth_usdc_3000_month_23558443_23565642_w12,58,58,1.0,99.82862124286271,17.137875713729454,9.13693896260304,8.639865760949741,4.606284198901027,33.310344827586206,0.059345535219079315,86544.0,5136.0,292400.42494510283,291899.31273096777,501.11221413508497,267.1644835362596
5,synthetic_n_solvers,weth_usdc_3000,WETH/USDC,weth_usdc_3000_month_23565643_23572842_w13,45,45,1.0,99.63492302365988,36.50769763401018,24.487270866334132,4.393490904921974,2.946901853853834,86.4,0.09875173370319001,86520.0,8544.0,54154.905276005964,53957.19818528447,197.70709072148884,132.61058342342253
5,synthetic_n_solvers,weth_usdc_3000,WETH/USDC,weth_usdc_3000_month_23572843_23580042_w14,65,65,1.0,99.80284501167849,19.715498832152644,14.351482963009216,7.153147975508366,5.2069837124777125,62.95384615384615,0.07648764324175066,86916.0,6648.0,235832.03365353428,235367.07903512625,464.9546184080438,338.4539413110513
5,synthetic_n_solvers,weth_usdc_3000,WETH/USDC,weth_usdc_3000_month_23580043_23587242_w15,53,52,0.9811320754716981,99.63406953937391,36.59304606260777,24.636201918973303,5.613621681137725,3.7793606194088905,61.61538461538461,0.10100306492059069,86136.0,8700.0,79771.5300660486,79479.62173862943,291.9083274191617,196.5267522092623
5,synthetic_n_solvers,weth_usdc_3000,WETH/USDC,weth_usdc_3000_month_23587243_23594442_w16,50,48,0.96,99.2391820705453,25.539572941356987,14.671089084998695,5.059602818300191,2.9064653450719966,80.08163265306122,0.08794742729306487,85824.0,7548.0,95092.01106692635,94368.53399725012,242.86093527840916,139.51033656345584
5,synthetic_n_solvers,weth_usdc_3000,WETH/USDC,weth_usdc_3000_month_23594443_23601642_w17,58,57,0.9827586206896551,99.72778703456551,27.221296543450674,15.601796980419273,6.965793253726679,3.992421594568225,38.31578947368421,0.0874982500349993,85716.0,7500.0,145860.14109528126,145463.09087981886,397.05021546242074,227.56803089038883
5,synthetic_n_solvers,weth_usdc_3000,WETH/USDC,weth_usdc_3000_month_23601643_23608842_w18,26,22,0.8461538461538461,97.5079638457309,28.26801379282979,15.341799141079889,3.985709610855316,2.163150079540579,192,0.25307702945650673,86772.0,21960.0,31019.374789274545,30246.360754697587,87.68561143881695,47.58930174989273
5,synthetic_n_solvers,weth_usdc_3000,WETH/USDC,weth_usdc_3000_month_23608843_23616042_w19,45,40,0.8888888888888888,98.99295407309341,19.829240737262623,10.246712364331367,5.543246924414103,2.864459489474983,99.71428571428571,0.197450464181793,86604.0,17100.0,111819.6505425923,110693.57530632195,221.72987697656413,114.57837957899932
5,synthetic_n_solvers,weth_usdc_3000,WETH/USDC,weth_usdc_3000_month_23616043_23623242_w20,33,32,0.9696969696969697,99.70904398617722,29.0956013822793,16.65508078781878,5.463210405333828,3.1272840683439096,105,0.14933628318584072,86784.0,12960.0,60085.622796976604,59910.800064005925,174.8227329706825,100.0730901870051
5,synthetic_n_solvers,weth_usdc_3000,WETH/USDC,weth_usdc_3000_month_23623243_23630442_w21,59,57,0.9661016949152542,99.72811342538506,27.188657461494067,15.460977682503643,6.393800589904772,3.6358694196982273,55.578947368421055,0.14507989907485283,85608.0,12420.0,134043.62982641548,133679.1831927909,364.446633624572,207.24455692279895
5,synthetic_n_solvers,weth_usdc_3000,WETH/USDC,weth_usdc_3000_month_23630443_23637642_w22,48,47,0.9791666666666666,99.74618822931873,25.381177068126277,13.998279776482548,6.923878599865713,3.8186719835399514,47.744680851063826,0.16613507141866593,86532.0,14376.0,128214.02778926054,127888.60549506685,325.4222941936885,179.47758322637773
5,synthetic_n_solvers,weth_usdc_3000,WETH/USDC,weth_usdc_3000_month_23637643_23644842_w23,33,32,0.9696969696969697,99.7019814160245,26.858786669368104,15.5076652711337,6.064595669867403,3.5015624797500644,97.45454545454545,0.19544198895027623,86880.0,16980.0,72254.58983859699,72039.2577331027,194.0670614357569,112.04999935200205
5,synthetic_n_solvers,weth_usdc_3000,WETH/USDC,weth_usdc_3000_month_23644843_23652042_w24,32,29,0.90625,99.61546592369871,35.9606405543942,23.730066589885762,7.192251532932476,4.7460947629543915,136,0.3051434909191737,86556.0,26412.0,58000.99532141259,57777.961729807845,208.5752944550418,137.63674812567734
5,synthetic_n_solvers,weth_usdc_3000,WETH/USDC,weth_usdc_3000_month_23652043_23659242_w25,19,15,0.7894736842105263,99.1146742626968,88.53257373032142,69.77165155667362,6.711187283644814,5.28902076327726,236,0.5008321775312067,86520.0,43332.0,11370.708544102183,11270.040734847511,100.6678092546722,79.33531144915891
5,synthetic_n_solvers,weth_usdc_3000,WETH/USDC,weth_usdc_3000_month_23659243_23666442_w26,32,28,0.875,99.71878834401508,28.121165598490837,19.239580606087706,7.908820558416552,5.410956032380993,94.28571428571429,0.349585635359116,86880.0,30372.0,78747.43842323084,78525.99144759517,221.44697563566345,151.5067689066678
5,synthetic_n_solvers,weth_usdc_3000,WETH/USDC,weth_usdc_3000_month_23666443_23673642_w27,30,29,0.9666666666666667,99.5281560910533,30.52060631720444,18.54217943058296,4.290506809638095,2.606610965903463,103.2,0.17057686999723987,86952.0,14832.0,40767.43960665246,40575.08092603495,124.42469747950474,75.59171801120043
5,synthetic_n_solvers,weth_usdc_3000,WETH/USDC,weth_usdc_3000_month_23673643_23680842_w28,38,37,0.9736842105263158,99.48338549088194,30.28662142439157,17.991273992256748,8.145115957930043,4.838473425094693,74.52631578947368,0.21044631753489015,86844.0,18276.0,99505.74751157337,98991.68638252221,301.3692904434116,179.02351672850364
5,synthetic_n_solvers,weth_usdc_3000,WETH/USDC,weth_usdc_3000_month_23680843_23688042_w29,53,53,1.0,99.70726813576627,29.27318642337298,19.075452422473056,10.292654976355346,6.707061112610308,71.32075471698113,0.22734170230376605,86988.0,19776.0,186351.66867631258,185806.15796256575,545.5107137468333,355.4742389683463
5,synthetic_n_solvers,weth_usdc_3000,WETH/USDC,weth_usdc_3000_month_23688043_23695242_w30,41,40,0.975609756097561,99.43518979470228,25.939455765342966,14.240904842795604,8.951651526251819,4.914506253502064,73.17073170731707,0.08222996515679443,86100.0,7080.0,138039.1571393242,137259.49789249434,358.06606105007273,196.58025014008257
5,synthetic_n_solvers,weth_usdc_3000,WETH/USDC,weth_usdc_3000_month_23695243_23700766_w31,28,26,0.9285714285714286,99.69829593865214,24.91434710409686,13.011060266260415,7.424293458480555,3.877200924394648,80.88888888888889,0.2658615717375631,66576.0,17700.0,77478.10091670143,77244.34633958054,193.03162992049442,100.80722403426086
5,synthetic_n_solvers,wbtc_usdc_500,WBTC/USDC,wbtc_usdc_500_month_23479243_23486442_w01,27,25,0.9259259259259259,99.42262763188494,35.95935998810791,21.070966689496963,0.22118961369657159,0.12960961996555248,109.84615384615384,0.21824193992835492,87096.0,19008.0,1537.7749615796902,1528.896273867737,5.52974034241429,3.240240499138812
5,synthetic_n_solvers,wbtc_usdc_500,WBTC/USDC,wbtc_usdc_500_month_23486443_23493642_w02,14,13,0.9285714285714286,96.24572160934198,49.231771674144326,34.994280523726914,0.3324857784764786,0.2363331687343312,217.71428571428572,0.2190397121903971,86724.0,18996.0,877.9523818079915,844.9916052575068,4.322315120194222,3.0723311935463054
5,synthetic_n_solvers,wbtc_usdc_500,WBTC/USDC,wbtc_usdc_500_month_23493643_23500842_w03,21,21,1.0,99.66067289456002,33.93271054399784,19.89075613167971,0.21290354028707728,0.12480029834134698,103.42857142857143,0.14639203760022118,86808.0,12708.0,1317.600119280618,1313.1291449345892,4.4709743460286235,2.6208062651682864
5,synthetic_n_solvers,wbtc_usdc_500,WBTC/USDC,wbtc_usdc_500_month_23500843_23508042_w04,15,13,0.8666666666666667,98.69093694300068,130.90630569993212,93.72575508393554,0.23093193577284649,0.1653416918121475,211.3846153846154,0.3095303867403315,86880.0,26892.0,229.33312104372993,226.33100587868293,3.0021151650470044,2.1494419935579177
5,synthetic_n_solvers,wbtc_usdc_500,WBTC/USDC,wbtc_usdc_500_month_23508043_23515242_w05,15,15,1.0,99.81896021085022,18.103978914978967,11.223715808930155,0.32319496395444197,0.20036746857348497,104,0.2671470139947347,86604.0,23136.0,2677.8226389258157,2672.9747144664993,4.84792445931663,3.0055120286022747
5,synthetic_n_solvers,wbtc_usdc_500,WBTC/USDC,wbtc_usdc_500_month_23515243_23522442_w06,19,17,0.8947368421052632,98.60899153348515,55.62011185159417,40.378733896370306,0.23926068957584534,0.17369694872284255,184.42105263157896,0.10405985866703617,86604.0,9012.0,731.2879437643186,721.1156665519545,4.067431722789371,2.9528481282883234
5,synthetic_n_solvers,wbtc_usdc_500,WBTC/USDC,wbtc_usdc_500_month_23522443_23529642_w07,24,24,1.0,99.70878731073724,29.1212689262768,15.767042658909304,0.3445595904633161,0.18655388180799307,107,0.04181088190502561,86676.0,3624.0,2839.65310442152,2831.3836742504004,8.269430171119586,4.477293163391834
5,synthetic_n_solvers,wbtc_usdc_500,WBTC/USDC,wbtc_usdc_500_month_23529643_23536842_w08,21,21,1.0,99.66531512236844,33.468487763154954,17.69019154656484,0.17605281084404537,0.09305493478468194,109.14285714285714,0.16871801963767113,86772.0,14640.0,1104.6537429142688,1100.9566338865438,3.6971090277249528,1.9541536304783207
5,synthetic_n_solvers,wbtc_usdc_500,WBTC/USDC,wbtc_usdc_500_month_23536843_23544042_w09,22,22,1.0,99.57921547557795,42.07845244220539,28.413188307867795,0.24914298228461088,0.16823210123897328,80.18181818181819,0.14849572177753242,86952.0,12912.0,1302.6015198134423,1297.120374203181,5.481145610261439,3.701106227257412
5,synthetic_n_solvers,wbtc_usdc_500,WBTC/USDC,wbtc_usdc_500_month_23544043_23551242_w10,77,77,1.0,99.82570579378024,17.429420621975485,11.190065277831811,0.4952728985070057,0.31797592041853,34.285714285714285,0.10008294166436273,86808.0,8688.0,21880.252942519797,21842.11692933476,38.13601318503943,24.48414587222681
5,synthetic_n_solvers,wbtc_usdc_500,WBTC/USDC,wbtc_usdc_500_month_23551243_23558442_w11,31,31,1.0,99.73767533872315,26.232466127683196,12.819851206606561,0.2080700909764966,0.10168421046959182,52.645161290322584,0.2727901507815742,86748.0,23664.0,2458.85110034108,2452.400927520808,6.450172820271394,3.1522105245573466
5,synthetic_n_solvers,wbtc_usdc_500,WBTC/USDC,wbtc_usdc_500_month_23558443_23565642_w12,26,26,1.0,99.79192677888082,20.807322111917067,11.316766992345288,0.29353578295294264,0.15964937927747752,43.84615384615385,0.099695796460177,86784.0,8652.0,3667.9060936945084,3660.274163337732,7.631930356776509,4.150883861214416
5,synthetic_n_solvers,wbtc_usdc_500,WBTC/USDC,wbtc_usdc_500_month_23565643_23572842_w13,18,18,1.0,99.6092480029908,39.07519970091889,23.776756950736495,0.42921205097887194,0.261170018184495,88.66666666666667,0.1767384105960265,86976.0,15372.0,1977.166329731647,1969.4405128140272,7.725816917619695,4.70106032732091
5,synthetic_n_solvers,wbtc_usdc_500,WBTC/USDC,wbtc_usdc_500_month_23572843_23580042_w14,30,30,1.0,99.80795810600398,19.204189399601514,10.354204809073478,0.37987546289239815,0.20481511939322458,42,0.09797157444459777,86964.0,8520.0,5934.259264808342,5922.863000921569,11.396263886771944,6.144453581796737
5,synthetic_n_solvers,wbtc_usdc_500,WBTC/USDC,wbtc_usdc_500_month_23580043_23587242_w15,27,27,1.0,99.73281983453114,26.718016546887192,14.06771925035587,0.25808984752119746,0.13589090754262456,68.44444444444444,0.11603200883002207,86976.0,10092.0,2608.1374232415446,2601.1689973584726,6.968425883072332,3.6690545036508633
5,synthetic_n_solvers,wbtc_usdc_500,WBTC/USDC,wbtc_usdc_500_month_23587243_23594442_w16,31,31,1.0,99.73426887807541,26.57311219245958,15.079737437161736,0.3186415378828693,0.1808230324339117,53.41935483870968,0.07734806629834254,86880.0,6720.0,3717.2490759934058,3707.3711883190367,9.877887674368948,5.605514005451263
5,synthetic_n_solvers,wbtc_usdc_500,WBTC/USDC,wbtc_usdc_500_month_23594443_23601642_w17,42,42,1.0,99.70964984905287,29.03501509471222,16.375966101849496,0.2939006541438085,0.1657621714289005,56.285714285714285,0.0759144237405107,86940.0,6600.0,4251.359068963591,4239.015241489551,12.343827474039957,6.962011200013821
5,synthetic_n_solvers,wbtc_usdc_500,WBTC/USDC,wbtc_usdc_500_month_23601643_23608842_w18,15,15,1.0,99.42087171825996,57.91282817400339,38.64164941836075,0.20981266766304044,0.13999502015350793,131.2,0.3642758620689655,87000.0,31692.0,543.4357316292068,540.2885416142611,3.1471900149456067,2.0999253023026188
5,synthetic_n_solvers,wbtc_usdc_500,WBTC/USDC,wbtc_usdc_500_month_23608843_23616042_w19,24,24,1.0,99.7155545466597,28.444545334029264,14.837087786500115,0.742585459774455,0.3873433562135771,87,0.28664269911504425,86784.0,24876.0,6265.542593597283,6247.720542562695,17.82205103458692,9.29624054912585
5,synthetic_n_solvers,wbtc_usdc_500,WBTC/USDC,wbtc_usdc_500_month_23616043_23623242_w20,21,21,1.0,99.78267137673458,21.732862326541944,7.784401155486851,0.16674348978448905,0.05972513859635807,66.85714285714286,0.31645569620253167,87216.0,27600.0,1611.206675338763,1607.7050620532889,3.50161328547427,1.2542279105235195
5,synthetic_n_solvers,wbtc_usdc_500,WBTC/USDC,wbtc_usdc_500_month_23623243_23630442_w21,33,33,1.0,99.81448957011234,18.549737673301955,6.884946358278197,0.22975467920884252,0.0852760653425843,39.88235294117647,0.19983484723369116,87192.0,17424.0,4087.337808989178,4079.7553710487614,7.581904413891802,2.8141101563052824
5,synthetic_n_solvers,wbtc_usdc_500,WBTC/USDC,wbtc_usdc_500_month_23630443_23637642_w22,30,30,1.0,99.66210781384453,33.78921861554802,20.133513702195092,0.3179697468296529,0.189464229034658,79.6,0.1875,87168.0,16344.0,2823.1171941040975,2813.578101699208,9.539092404889587,5.68392687103974
5,synthetic_n_solvers,wbtc_usdc_500,WBTC/USDC,wbtc_usdc_500_month_23637643_23644842_w23,29,29,1.0,99.72986869594857,27.013130405144615,13.499004831835663,0.24511396845699773,0.12248838231356078,82.34482758620689,0.16760854583046175,87060.0,14592.0,2631.4258949785276,2624.317589893275,7.108305085252934,3.5521630870932626
5,synthetic_n_solvers,wbtc_usdc_500,WBTC/USDC,wbtc_usdc_500_month_23644843_23652042_w24,18,18,1.0,99.60578076815425,39.42192318457512,25.266415034078836,0.33308189992756004,0.21347983162836018,106.66666666666667,0.3990623276337562,87024.0,34728.0,1520.8477198397998,1514.8522456411038,5.995474198696081,3.842636969310483
5,synthetic_n_solvers,wbtc_usdc_500,WBTC/USDC,wbtc_usdc_500_month_23652043_23659242_w25,16,15,0.9375,98.76734385620082,92.28321213408424,62.814214965531036,0.19277398688038125,0.13121505387212637,260.25,0.4294410625345877,86736.0,37248.0,313.3408272573252,309.4784122991066,2.8916098032057187,1.9682258080818953
5,synthetic_n_solvers,wbtc_usdc_500,WBTC/USDC,wbtc_usdc_500_month_23659243_23666442_w26,19,18,0.9473684210526315,99.72946841361527,27.053158638473878,13.570857000222306,0.22291041937439884,0.11182004532688468,100.66666666666667,0.43650463924664173,86652.0,37824.0,1483.1493809498934,1479.1369934011543,4.01238754873918,2.012760815883924
5,synthetic_n_solvers,wbtc_usdc_500,WBTC/USDC,wbtc_usdc_500_month_23666443_23673642_w27,20,20,1.0,99.64228847650504,35.771152349494386,19.918439619165596,0.25818239266682846,0.1437636212784354,102,0.30829984758209783,86604.0,26700.0,1443.5229267668687,1438.359278913532,5.163647853336569,2.8752724255687077
5,synthetic_n_solvers,wbtc_usdc_500,WBTC/USDC,wbtc_usdc_500_month_23673643_23680842_w28,25,25,1.0,99.61524154569125,38.47584543087558,23.81527315496435,0.288031895620253,0.17828219743376814,105.12,0.2933168316831683,87264.0,25596.0,1871.5111545613827,1864.3103571708764,7.200797390506326,4.457054935844203
5,synthetic_n_solvers,wbtc_usdc_500,WBTC/USDC,wbtc_usdc_500_month_23680843_23688042_w29,33,33,1.0,99.67784891656956,32.21510834304392,19.193726277793754,0.3278820978648224,0.19535179490293625,66.18181818181819,0.29008482825754417,86292.0,25032.0,3358.706453605792,3347.8863443762525,10.820109229539142,6.446609231796896
5,synthetic_n_solvers,wbtc_usdc_500,WBTC/USDC,wbtc_usdc_500_month_23688043_23695242_w30,35,35,1.0,99.64176397597178,35.82360240282115,22.85532047988113,0.3673799039188026,0.23438696498236397,61.02857142857143,0.13722788647010195,87096.0,11952.0,3589.336575526945,3576.478278889787,12.858296637158091,8.203543774382739
5,synthetic_n_solvers,wbtc_usdc_500,WBTC/USDC,wbtc_usdc_500_month_23695243_23700766_w31,21,20,0.9523809523809523,98.83048211613541,50.31071936647995,36.407508277424576,0.40460181461716915,0.29279135938075995,138.28571428571428,0.2223021582733813,66720.0,14832.0,1608.4119635416678,1589.6012979818304,8.092036292343384,5.855827187615199
5,synthetic_n_solvers,link_weth_3000,LINK/WETH,link_weth_3000_month_23479243_23486442_w01,54,41,0.7592592592592593,94.22200910085522,52.50428848702853,42.786579313402086,0.0027586259880739853,0.0022480481697014186,295.68,0.3534280590426266,86988.0,30744.0,21.541795683789953,20.297112689668207,0.11310366551103339,0.09216997495775815
5,synthetic_n_solvers,link_weth_3000,LINK/WETH,link_weth_3000_month_23486443_23493642_w02,46,39,0.8478260869565217,96.26656497821254,68.54493563809623,56.458360680946804,0.0026453102719228012,0.0021788609188251188,283.8139534883721,0.35433403805496827,85140.0,30168.0,15.051017211496301,14.489097263787041,0.10316710060498925,0.08497557583417964
5,synthetic_n_solvers,link_weth_3000,LINK/WETH,link_weth_3000_month_23493643_23500842_w03,55,41,0.7454545454545455,91.64860325143896,77.32796392330974,68.02291718675706,0.0028767582349650115,0.002530591486637591,347.4782608695652,0.5298269896193771,86700.0,45936.0,15.252837608725853,13.979012624607426,0.11794708763356547,0.10375425095214122
5,synthetic_n_solvers,link_weth_3000,LINK/WETH,link_weth_3000_month_23500843_23508042_w04,38,22,0.5789473684210527,93.59308901756265,48.9075808076202,37.1292735973046,0.0009864246608087782,0.0007488661370997727,459.6,0.5168696626067478,85716.0,44304.0,4.43721447256943,4.15292609121208,0.02170134253779312,0.016475055016195
5,synthetic_n_solvers,link_weth_3000,LINK/WETH,link_weth_3000_month_23508043_23515242_w05,52,36,0.6923076923076923,92.43579892162226,56.14875216267015,46.11402274882554,0.001455644395080594,0.0011954961804756651,423.5,0.47350166481687017,86496.0,40956.0,9.33292303114459,8.626961966578587,0.05240319822290138,0.04303786249712394
5,synthetic_n_solvers,link_weth_3000,LINK/WETH,link_weth_3000_month_23515243_23522442_w06,52,38,0.7307692307692307,94.70852063843537,74.03141048484626,64.1715507381022,0.002700645105878122,0.0023409601857165693,315.73333333333335,0.44177704194260486,86976.0,38424.0,13.862293498294916,13.128773098793125,0.10262451402336864,0.08895648705722964
5,synthetic_n_solvers,link_weth_3000,LINK/WETH,link_weth_3000_month_23522443_23529642_w07,72,61,0.8472222222222222,97.74238985302576,57.101237665225966,46.00244004904053,0.0019649039740148914,0.001582984554497464,223.45454545454547,0.3654962676251037,86808.0,31728.0,20.990638262102205,20.51675148278233,0.11985914241490837,0.0965620578243453
5,synthetic_n_solvers,link_weth_3000,LINK/WETH,link_weth_3000_month_23529643_23536842_w08,50,30,0.6,90.53412883117336,56.44480813026337,48.35395562893514,0.0030147257160679478,0.0025825920635914315,428.57142857142856,0.5273972602739726,85848.0,45276.0,16.02304525038279,14.50632442965876,0.09044177148203843,0.07747776190774294
5,synthetic_n_solvers,link_weth_3000,LINK/WETH,link_weth_3000_month_23536843_23544042_w09,59,49,0.8305084745762712,95.17722414351769,67.85369278435998,56.44221180741333,0.002500927768273768,0.0020803273782099285,272.8888888888889,0.38646136773477596,86508.0,33432.0,18.06024928294852,17.189243940909957,0.12254546064541463,0.1019360415322865
5,synthetic_n_solvers,link_weth_3000,LINK/WETH,link_weth_3000_month_23544043_23551242_w10,250,236,0.944,99.82737767328828,11.344037208296507,9.645913629297597,0.007311592162705128,0.00621709759930289,74.60655737704919,0.4064163631269263,85656.0,34812.0,1521.094931825887,1518.469182363075,1.7255357503984101,1.4672350334354822
5,synthetic_n_solvers,link_weth_3000,LINK/WETH,link_weth_3000_month_23551243_23558442_w11,157,145,0.9235668789808917,98.67128217138341,47.860834104731374,36.698946549040954,0.00032172087198023086,0.0002466905833416337,102.16216216216216,0.33847008191031513,86436.0,29256.0,9.746910456063667,9.617401519094654,0.04664952643713348,0.035770134584536886
5,synthetic_n_solvers,link_weth_3000,LINK/WETH,link_weth_3000_month_23558443_23565642_w12,115,102,0.8869565217391304,95.79011373239074,70.51835889775282,60.52240553078044,0.0006875983596688132,0.0005901315262670055,161,0.4352095145899599,86772.0,37764.0,9.945641643179803,9.526941441417948,0.07013503268621894,0.06019341567923456
5,synthetic_n_solvers,link_weth_3000,LINK/WETH,link_weth_3000_month_23565643_23572842_w13,106,86,0.8113207547169812,96.41927749738653,60.25965729289828,49.7706710370167,0.0006606095603829829,0.0005456217740157063,219.340206185567,0.38723933158403534,86892.0,33648.0,9.42793649104141,9.090348247574582,0.05681242219293653,0.046923472565350746
5,synthetic_n_solvers,link_weth_3000,LINK/WETH,link_weth_3000_month_23572843_23580042_w14,117,103,0.8803418803418803,96.75772455729825,75.34361600555557,65.53501066140497,0.001102022090575852,0.0009585553930629895,236.67857142857142,0.45676613462873006,86460.0,39492.0,15.06541381302207,14.57695160062106,0.11350827532931276,0.09873120548548792
5,synthetic_n_solvers,link_weth_3000,LINK/WETH,link_weth_3000_month_23580043_23587242_w15,74,49,0.6621621621621622,93.35297443484093,95.37341864335929,86.83897958872181,0.0017959162461689074,0.0016352096471166453,343.8688524590164,0.6085876018224493,86916.0,52896.0,9.226878653825393,8.613565670839414,0.08799989606227646,0.08012527270871563
5,synthetic_n_solvers,link_weth_3000,LINK/WETH,link_weth_3000_month_23587243_23594442_w16,89,79,0.8876404494382022,97.98931085389904,83.53349208796422,72.41805080924843,0.0017111662311047504,0.0014834687257743492,184.6265060240964,0.4198633003208258,86028.0,36120.0,16.18298587528496,15.857596334775554,0.1351821322572753,0.11719402933617358
5,synthetic_n_solvers,link_weth_3000,LINK/WETH,link_weth_3000_month_23594443_23601642_w17,128,117,0.9140625,98.66969386559326,59.47950596028454,48.93650419134547,0.0010740103242942007,0.0008836373115046639,165.6198347107438,0.34786835161783086,86412.0,30060.0,21.126471364157975,20.8454246196169,0.1256592079424215,0.10338556544604567
5,synthetic_n_solvers,link_weth_3000,LINK/WETH,link_weth_3000_month_23601643_23608842_w18,52,37,0.7115384615384616,90.52799496323821,49.91103534909039,41.29574251379075,0.0007743180819228588,0.0006406607258537157,515.76,0.4527487821851079,86220.0,39036.0,5.740167245732743,5.196458315098387,0.028649769031145775,0.023704446856587482
5,synthetic_n_solvers,link_weth_3000,LINK/WETH,link_weth_3000_month_23608843_23616042_w19,71,47,0.6619718309859155,95.54057967517922,38.105912104277365,28.141847674186412,0.000689700863210119,0.0005093555189047777,264.6545454545454,0.5231153685964182,86436.0,45216.0,8.506800856037486,8.127446849671323,0.03241594057087559,0.023939709388524553
5,synthetic_n_solvers,link_weth_3000,LINK/WETH,link_weth_3000_month_23616043_23623242_w20,92,87,0.9456521739130435,99.21443827348448,53.61611533460632,42.450865906390256,0.0012158730625908528,0.000962674449969368,151.2808988764045,0.28900291221744556,86532.0,25008.0,19.72932126567705,19.574335268912602,0.1057809564454042,0.08375267714733502
5,synthetic_n_solvers,link_weth_3000,LINK/WETH,link_weth_3000_month_23623243_23630442_w21,92,77,0.8369565217391305,97.61380436289193,73.90498991312099,63.175606876154724,0.0020400643613806475,0.001743891775753505,224.4878048780488,0.41190214403518416,87312.0,35964.0,21.25498643744774,20.74780087840945,0.15708495582630985,0.1342796667330199
5,synthetic_n_solvers,link_weth_3000,LINK/WETH,link_weth_3000_month_23630443_23637642_w22,78,60,0.7692307692307693,95.56839478628957,61.22235587931387,52.18199200564127,0.0021422878236957124,0.0018259481276780482,263.32394366197184,0.4532546042457472,85356.0,38688.0,20.995152436656493,20.064730166647173,0.12853726942174276,0.10955688766068289
5,synthetic_n_solvers,link_weth_3000,LINK/WETH,link_weth_3000_month_23637643_23644842_w23,45,29,0.6444444444444445,93.85226414373375,62.92093045961432,52.67496921606326,0.001291406882826861,0.0010811158910305485,284.9142857142857,0.5678670360110804,86640.0,49200.0,5.952041606571075,5.586125810544019,0.03745079960197897,0.03135236083988591
5,synthetic_n_solvers,link_weth_3000,LINK/WETH,link_weth_3000_month_23644843_23652042_w24,50,35,0.7,93.79562294431327,67.84534060932658,58.03796704679092,0.001497161695939107,0.001280739699915171,387.2,0.4814404432132964,86640.0,41712.0,7.723545771493306,7.244347869761312,0.052400659357868744,0.044825889497030987
5,synthetic_n_solvers,link_weth_3000,LINK/WETH,link_weth_3000_month_23652043_23659242_w25,29,19,0.6551724137931034,85.01230283902537,58.25929089525827,49.382694382917286,0.001200899133986059,0.0010179257935865184,548.7692307692307,0.4686973610331275,85488.0,40068.0,3.9164712091599125,3.3294823649342633,0.022817083545735122,0.01934059007814385
5,synthetic_n_solvers,link_weth_3000,LINK/WETH,link_weth_3000_month_23659243_23666442_w26,49,38,0.7755102040816326,96.64750167882355,54.50078581824363,46.00734447285258,0.0015890777565266139,0.001341434745225179,298.6363636363636,0.48102357676825763,83472.0,40152.0,11.07964845670134,10.708203428198175,0.06038495474801133,0.0509745203185568
5,synthetic_n_solvers,link_weth_3000,LINK/WETH,link_weth_3000_month_23666443_23673642_w27,61,49,0.8032786885245902,97.43169946683608,66.9517178919599,56.29870515601176,0.0015964505251590167,0.0013424315348729969,244.44444444444446,0.4331738885762521,85296.0,36948.0,11.683953481078015,11.383874441528864,0.07822607573279182,0.06577914520877685
5,synthetic_n_solvers,link_weth_3000,LINK/WETH,link_weth_3000_month_23673643_23680842_w28,72,55,0.7638888888888888,94.19416541611506,50.199573146498786,40.01313238227925,0.0013255188081988092,0.001056546026653997,252.58064516129033,0.4585917045611134,87084.0,39936.0,14.522739912185733,13.679573655836391,0.0729035344509345,0.05811003146596984
5,synthetic_n_solvers,link_weth_3000,LINK/WETH,link_weth_3000_month_23680843_23688042_w29,89,76,0.8539325842696629,96.17638141488253,38.99009908398823,28.719799922938645,0.0010621834962445144,0.000782395998221955,194.8235294117647,0.37985147821213394,85644.0,32532.0,20.704216611681865,19.912566337414617,0.0807259457145831,0.059462095864868586
5,synthetic_n_solvers,link_weth_3000,LINK/WETH,link_weth_3000_month_23688043_23695242_w30,84,70,0.8333333333333334,97.33224348292661,72.13963254985447,61.16700360637768,0.0022971338273594616,0.001947733695556671,193.45945945945945,0.35505742355057424,86724.0,30792.0,22.290017599415496,21.695374202250285,0.1607993679151623,0.13634135868896696
5,synthetic_n_solvers,link_weth_3000,LINK/WETH,link_weth_3000_month_23695243_23700766_w31,54,42,0.7777777777777778,96.80993841430528,60.885201780565744,49.70876952590367,0.0008887815621290754,0.0007256317879995752,179.73333333333332,0.3368174445846098,66588.0,22428.0,6.131017803629312,5.935434559863629,0.03732882560942117,0.03047653509598216
5,synthetic_n_solvers,uni_weth_3000,UNI/WETH,uni_weth_3000_month_23479243_23486442_w01,49,40,0.8163265306122449,94.13437837080431,42.9874169749863,34.865270406989154,0.00031645301218763985,0.00025666161443122664,378.75,0.31321879880732645,84516.0,26472.0,2.9446106275404165,2.771890909675811,0.012658120487505595,0.010266464577249066
5,synthetic_n_solvers,uni_weth_3000,UNI/WETH,uni_weth_3000_month_23486443_23493642_w02,49,35,0.7142857142857143,97.89887371595823,31.451687260188955,23.754740465387556,0.0003149283378218662,0.0002378581749292576,304.9756097560976,0.44917127071823204,86880.0,39024.0,3.5045788585458215,3.4309432310039445,0.011022491823765317,0.008325036122524016
5,synthetic_n_solvers,uni_weth_3000,UNI/WETH,uni_weth_3000_month_23493643_23500842_w03,55,41,0.7454545454545455,96.21500307691477,51.749778549311486,43.62924882826566,0.00045295340932549567,0.00038187635883779543,376.25,0.3865427927927928,85248.0,32952.0,3.588631739679668,3.4528021387519328,0.018571089782345323,0.015656930712349613
5,synthetic_n_solvers,uni_weth_3000,UNI/WETH,uni_weth_3000_month_23500843_23508042_w04,27,19,0.7037037037037037,94.21841485943733,73.05830063939722,63.275162786293784,6.233571066813834e-05,5.398842028086772e-05,659.52,0.4696547884187082,86208.0,40488.0,0.16211415983250282,0.15274139165687883,0.0011843785026946284,0.0010257799853364865
5,synthetic_n_solvers,uni_weth_3000,UNI/WETH,uni_weth_3000_month_23508043_23515242_w05,45,33,0.7333333333333333,95.90730359304547,44.66700436534571,36.7207335826508,0.0001306299917696211,0.00010739088492349574,419.72093023255815,0.3998330550918197,86256.0,34488.0,0.9650948814785449,0.9255964779405704,0.004310789728397497,0.00354389920247536
5,synthetic_n_solvers,uni_weth_3000,UNI/WETH,uni_weth_3000_month_23515243_23522442_w06,42,24,0.5714285714285714,91.78546939417987,66.31112060492306,59.51235115971413,0.00013956266769582558,0.00012525353836478271,503.6470588235294,0.5237352982853903,84684.0,44352.0,0.5051195024520729,0.463626306327181,0.003349504024699814,0.003006084920754785
5,synthetic_n_solvers,uni_weth_3000,UNI/WETH,uni_weth_3000_month_23522443_23529642_w07,52,39,0.75,96.41338812021493,47.4681471301617,40.4531609653376,0.00011005609218007938,9.37916704431016e-05,304,0.34911739983188567,85656.0,29904.0,0.9042248022139041,0.8717937680377371,0.004292187595023096,0.0036578751472809623
5,synthetic_n_solvers,uni_weth_3000,UNI/WETH,uni_weth_3000_month_23529643_23536842_w08,41,26,0.6341463414634146,93.32555167194948,60.84543005229869,52.821325179321676,0.0008874911242498798,0.0007704515725744903,481.8181818181818,0.5090754395916052,84624.0,43080.0,3.792358639040489,3.5392396212633717,0.023074769230496874,0.02003174088693675
5,synthetic_n_solvers,uni_weth_3000,UNI/WETH,uni_weth_3000_month_23536843_23544042_w09,45,32,0.7111111111111111,92.6294018733742,29.065535260077354,21.68515903502047,6.490814261911142e-05,4.8426543078204965e-05,418.2439024390244,0.4186788787121843,86472.0,36204.0,0.7146128723335398,0.6619416293526971,0.0020770605638115655,0.0015496493785025589
5,synthetic_n_solvers,uni_weth_3000,UNI/WETH,uni_weth_3000_month_23544043_23551242_w10,196,187,0.9540816326530612,99.83060694998872,11.464871400492148,10.035358277636524,0.00035464505213844173,0.0003104256502561008,59.30890052356021,0.27779333520022403,85704.0,23808.0,57.84506640610183,57.74708088383548,0.0663186247498886,0.05804959659789084
5,synthetic_n_solvers,uni_weth_3000,UNI/WETH,uni_weth_3000_month_23551243_23558442_w11,96,89,0.9270833333333334,98.82083358417198,32.15126093525833,24.50999665470995,2.7613163397275373e-05,2.1050450987164087e-05,121.04347826086956,0.26447769465225823,86616.0,22908.0,0.7643779655504707,0.7553646772907101,0.0024575715423575083,0.0018734901378576036
5,synthetic_n_solvers,uni_weth_3000,UNI/WETH,uni_weth_3000_month_23558443_23565642_w12,84,76,0.9047619047619048,98.93443410790537,43.499780027681986,36.20084444622849,0.00013699503514653797,0.00011400829967621559,174.8148148148148,0.292488459924465,85788.0,25092.0,2.3934885795999965,2.367984381664599,0.010411622671136886,0.008664630775392385
5,synthetic_n_solvers,uni_weth_3000,UNI/WETH,uni_weth_3000_month_23565643_23572842_w13,64,49,0.765625,95.13598524613252,29.758741349272345,22.284878247619332,8.268866880743346e-05,6.192153408653591e-05,236.06896551724137,0.3509402654867257,86784.0,30456.0,1.3615309612761268,1.2953058944411822,0.00405174477156424,0.0030341551702402596
5,synthetic_n_solvers,uni_weth_3000,UNI/WETH,uni_weth_3000_month_23572843_23580042_w14,101,89,0.8811881188118812,97.42350072829437,42.190957641458695,34.877070084941074,0.00016008567160101248,0.0001323344977250992,169.48453608247422,0.27837799915813105,85524.0,23808.0,3.3769379907342434,3.289931207997025,0.01424762477249011,0.011777770297533829
5,synthetic_n_solvers,uni_weth_3000,UNI/WETH,uni_weth_3000_month_23580043_23587242_w15,69,55,0.7971014492753623,96.23516951600561,76.44860052010091,68.48901378586388,0.00021879276767483688,0.00019601275601623583,291.1875,0.3264855921687578,87036.0,28416.0,1.5740775030867948,1.5148161534088855,0.01203360222211603,0.01078070158089297
5,synthetic_n_solvers,uni_weth_3000,UNI/WETH,uni_weth_3000_month_23587243_23594442_w16,67,51,0.7611940298507462,94.54360331246234,59.87363973130495,52.95052773179724,0.0003074516909907202,0.00027190144716524104,379.6190476190476,0.4153803365317758,86292.0,35844.0,2.618854693132748,2.475959592405228,0.015680036240526732,0.013866973805427292
5,synthetic_n_solvers,uni_weth_3000,UNI/WETH,uni_weth_3000_month_23594443_23601642_w17,72,53,0.7361111111111112,94.53087248433003,48.45603345222904,41.21822077094354,0.0001770007945431613,0.0001505624234246278,266.95384615384614,0.37875640493006507,86652.0,32820.0,1.93599051396478,1.8301087240647718,0.009381042110787548,0.007979808441505275
5,synthetic_n_solvers,uni_weth_3000,UNI/WETH,uni_weth_3000_month_23601643_23608842_w18,41,27,0.6585365853658537,94.80921422728022,35.77015918749908,26.637329618752222,7.491493831612323e-05,5.578767192046665e-05,467.29411764705884,0.49384423848388437,86748.0,42840.0,0.5654722764673128,0.5361198219917729,0.002022703334535327,0.0015062671418525995
5,synthetic_n_solvers,uni_weth_3000,UNI/WETH,uni_weth_3000_month_23608843_23616042_w19,53,40,0.7547169811320755,95.32687914716479,35.60070942500795,29.552937192518268,0.00016136272148559156,0.00013395076812507763,307.3469387755102,0.3512614360964791,86568.0,30408.0,1.8130281569303928,1.7283031600611047,0.006454508859423663,0.005358030725003105
5,synthetic_n_solvers,uni_weth_3000,UNI/WETH,uni_weth_3000_month_23616043_23623242_w20,51,34,0.6666666666666666,96.7305148952499,35.48691793423745,27.674131980265415,0.00046814564494870604,0.0003650788831057542,406.04651162790697,0.5016153954207051,85428.0,42852.0,4.485301303920643,4.338655045885796,0.015916951928256005,0.012412682025595643
5,synthetic_n_solvers,uni_weth_3000,UNI/WETH,uni_weth_3000_month_23623243_23630442_w21,64,49,0.765625,97.76244587620928,51.136574809896466,42.53239497826396,0.0007325834282444923,0.0006093198036915709,235.4181818181818,0.38575997774996523,86292.0,33288.0,7.019748216893293,6.862677551186472,0.03589658798398012,0.029856670380886973
5,synthetic_n_solvers,uni_weth_3000,UNI/WETH,uni_weth_3000_month_23630443_23637642_w22,53,40,0.7547169811320755,97.88175312681088,73.61404804499799,64.72603944785419,0.0002669358295597108,0.00023470654709229144,332.26666666666665,0.4327493642271828,84936.0,36756.0,1.4504613543140092,1.4197370020294362,0.010677433182388433,0.009388261883691658
5,synthetic_n_solvers,uni_weth_3000,UNI/WETH,uni_weth_3000_month_23637643_23644842_w23,44,34,0.7727272727272727,99.32285782336791,44.77312463944883,34.881502179271486,0.0004596367528213243,0.0003580902723301123,170.33333333333334,0.39569444444444446,86400.0,34188.0,3.490408525599255,3.46677349733566,0.01562764959592503,0.012175069259223818
5,synthetic_n_solvers,uni_weth_3000,UNI/WETH,uni_weth_3000_month_23644843_23652042_w24,45,31,0.6888888888888889,95.31079419461292,66.4081708026809,58.489327662716775,0.0002699476369312178,0.00023775772766216144,383.6842105263158,0.4329352957511802,86424.0,37416.0,1.260142636624155,1.2010519549514174,0.008368376744867753,0.007370489557527005
5,synthetic_n_solvers,uni_weth_3000,UNI/WETH,uni_weth_3000_month_23652043_23659242_w25,29,16,0.5517241379310345,87.20992515842211,82.38627995855525,71.73346519137047,0.00039461329027702495,0.0003435885044983106,573.5,0.6390053087454596,85896.0,54888.0,0.7663670028078204,0.6683480895875429,0.006313812644432399,0.00549741607197297
5,synthetic_n_solvers,uni_weth_3000,UNI/WETH,uni_weth_3000_month_23659243_23666442_w26,41,30,0.7317073170731707,96.915272742325,27.37023785948671,20.417657602128596,0.00013603658186159926,0.00010148060693054423,408.3243243243243,0.34970364098221846,85032.0,29736.0,1.491071241981714,1.4450757609489508,0.004081097455847978,0.003044418207916327
5,synthetic_n_solvers,uni_weth_3000,UNI/WETH,uni_weth_3000_month_23666443_23673642_w27,47,31,0.6595744680851063,96.16510441412571,38.83685504039625,31.50527066017931,0.00019883993389653454,0.00016130312119625655,271.13513513513516,0.46223649308948767,85956.0,39732.0,1.58716197395001,1.5262959694703258,0.006164037950792571,0.005000396757083953
5,synthetic_n_solvers,uni_weth_3000,UNI/WETH,uni_weth_3000_month_23673643_23680842_w28,53,35,0.660377358490566,94.64937232263877,34.09586533442525,27.210102250077014,0.00018837479898796232,0.00015033193882968982,382.53061224489795,0.4131794800500487,86316.0,35664.0,1.9337001422051812,1.8302350471991773,0.006593117964578682,0.005261617859039144
5,synthetic_n_solvers,uni_weth_3000,UNI/WETH,uni_weth_3000_month_23680843_23688042_w29,69,59,0.855072463768116,98.78298372210793,32.31038477944074,24.546556791227797,0.00016887993653992922,0.00012829995623617804,195.1875,0.36716913290001385,86772.0,31860.0,3.0838123172695595,3.0462818193887484,0.009963916255855824,0.007569697417934504
5,synthetic_n_solvers,uni_weth_3000,UNI/WETH,uni_weth_3000_month_23688043_23695242_w30,49,30,0.6122448979591837,89.38595567017535,44.89242894651476,38.46955318223678,0.0001657765332815408,0.0001420584564724513,559.2558139534884,0.40550407188991855,85464.0,34656.0,1.1078251088555384,0.9902400607046834,0.004973295998446224,0.004261753694173539
5,synthetic_n_solvers,uni_weth_3000,UNI/WETH,uni_weth_3000_month_23695243_23700766_w31,33,26,0.7878787878787878,96.34935567037577,57.00275770689694,47.631425103907695,6.150101199202314e-05,5.1390160131816655e-05,324.4,0.3706357956633591,65304.0,24204.0,0.28051736023275425,0.2702766691278056,0.0015990263117926019,0.001336144163427233
10,synthetic_n_solvers,weth_usdc_3000,WETH/USDC,weth_usdc_3000_month_23479243_23486442_w01,34,32,0.9411764705882353,99.62149919461139,22.07440836931281,13.25898079943496,2.6976900533324355,1.6203659922177536,149.2941176470588,0.21465029659263346,86988.0,18672.0,39106.86087815875,38958.84109477272,86.32608170663794,51.851711750968114
10,synthetic_n_solvers,weth_usdc_3000,WETH/USDC,weth_usdc_3000_month_23486443_23493642_w02,23,22,0.9565217391304348,99.82401791143431,14.905883704810895,6.939467539247812,2.8311268208661162,1.3180374315246621,78.26086956521739,0.10018088214832337,86244.0,8640.0,41785.37233518872,41711.8375642383,62.28479005905455,28.996823493542564
10,synthetic_n_solvers,weth_usdc_3000,WETH/USDC,weth_usdc_3000_month_23493643_23500842_w03,34,32,0.9411764705882353,99.66714965111069,12.735316309697254,4.317877166554472,2.5073070754843085,0.850096197652395,75.27272727272727,0.08134307389716212,85416.0,6948.0,63001.04721733858,62791.34801187175,80.23382641549787,27.20307832487664
10,synthetic_n_solvers,weth_usdc_3000,WETH/USDC,weth_usdc_3000_month_23500843_23508042_w04,13,12,0.9230769230769231,98.39534397067443,45.5025586790004,34.32319453382895,8.37136237097837,6.314631693555089,260.3076923076923,0.2655210643015521,86592.0,22992.0,22077.07684317572,21722.815698512863,100.45634845174042,75.77558032266107
10,synthetic_n_solvers,weth_usdc_3000,WETH/USDC,weth_usdc_3000_month_23508043_23515242_w05,19,18,0.9473684210526315,99.2076333508406,12.442256603142724,6.508056018982942,3.485122413967146,1.8229307292523027,107.36842105263158,0.2562282533054976,86220.0,22092.0,50418.6703845695,50019.169655492566,62.73220345140863,32.81275312654145
10,synthetic_n_solvers,weth_usdc_3000,WETH/USDC,weth_usdc_3000_month_23515243_23522442_w06,20,19,0.95,99.83699875442713,16.30012455728771,8.680175165692742,4.180001988036789,2.2259430792435997,78.94736842105263,0.24183729939125623,86736.0,20976.0,48723.577230083596,48644.1571923109,79.42003777269899,42.29291850562839
10,synthetic_n_solvers,weth_usdc_3000,WETH/USDC,weth_usdc_3000_month_23522443_23529642_w07,31,30,0.967741935483871,99.6696540938435,14.229108138376281,6.13347402038022,1.7352600924296753,0.7479859308128437,53.03225806451613,0.04352725736019158,85188.0,3708.0,36585.42915454342,36464.5706870816,52.057802772890255,22.43957792438531
10,synthetic_n_solvers,weth_usdc_3000,WETH/USDC,weth_usdc_3000_month_23529643_23536842_w08,23,18,0.782608695652174,99.85435779536522,12.133436629938364,3.8203647538351064,2.3512108143590167,0.7403082241225464,85.26315789473684,0.33031988873435325,86280.0,28500.0,34880.30304129695,34829.50259896432,42.321794658462295,13.325548034205834
10,synthetic_n_solvers,weth_usdc_3000,WETH/USDC,weth_usdc_3000_month_23536843_23544042_w09,28,27,0.9642857142857143,99.85228983828907,14.771016171092695,7.809250575315993,3.5052232339605216,1.8531674625058814,63.55555555555556,0.125327812284334,86940.0,10896.0,64072.11678648711,63977.47575917017,94.64102731693409,50.0355214876588
10,synthetic_n_solvers,weth_usdc_3000,WETH/USDC,weth_usdc_3000_month_23544043_23551242_w10,114,113,0.9912280701754386,99.89736617638833,10.09923212310393,6.592527186531669,7.715230614256547,5.036310380319822,12.526315789473685,0.07641287826447422,86844.0,6636.0,863254.7987648804,862368.8073573967,871.8210594109898,569.1030729761399
10,synthetic_n_solvers,weth_usdc_3000,WETH/USDC,weth_usdc_3000_month_23551243_23558442_w11,72,72,1.0,99.89780996363773,10.219003636227574,2.1954050596891355,0.2957339212891851,0.06353415364471514,5.166666666666667,0.053337018101423245,86844.0,4632.0,20836.515076025305,20815.222233692486,21.292842332821326,4.57445906241949
10,synthetic_n_solvers,weth_usdc_3000,WETH/USDC,weth_usdc_3000_month_23558443_23565642_w12,58,58,1.0,99.89711331060094,10.288668939906719,4.833484791411435,5.186915810600354,2.436746563748958,7.448275862068965,0.04201331114808652,86544.0,3636.0,292400.42494510283,292099.583828088,300.84111701482055,141.33130069743956
10,synthetic_n_solvers,weth_usdc_3000,WETH/USDC,weth_usdc_3000_month_23565643_23572842_w13,45,45,1.0,99.86122151066795,13.87784893320431,5.68210340978882,1.6701190986942218,0.6838083820568536,42.4,0.07586685159500693,86520.0,6564.0,54154.905276005964,54079.749916564724,75.15535944123998,30.771377192558408
10,synthetic_n_solvers,weth_usdc_3000,WETH/USDC,weth_usdc_3000_month_23572843_23580042_w14,65,65,1.0,99.89830146638239,10.169853361760923,6.5125698146176765,3.689811077326632,2.3628808979875497,7.015384615384615,0.034654148833356345,86916.0,3012.0,235832.03365353428,235592.19593350805,239.8377200262311,153.58725836919075
10,synthetic_n_solvers,weth_usdc_3000,WETH/USDC,weth_usdc_3000_month_23580043_23587242_w15,53,52,0.9811320754716981,99.89222058065744,10.777941934255002,2.6255481999587733,1.6534094597279785,0.4027769176401366,12.461538461538462,0.07132906101978267,86136.0,6144.0,79771.5300660486,79685.55277414274,85.97729190585488,20.944399717287105
10,synthetic_n_solvers,weth_usdc_3000,WETH/USDC,weth_usdc_3000_month_23587243_23594442_w16,51,51,1.0,99.88480599302304,11.51940069769486,3.9529352180107655,2.2360520073259833,0.7673115087342439,20.941176470588236,0.03831096196868009,85824.0,3288.0,98997.03584097509,98882.99718860145,114.03865237362515,39.132886945446444
10,synthetic_n_solvers,weth_usdc_3000,WETH/USDC,weth_usdc_3000_month_23594443_23601642_w17,61,61,1.0,99.89725238952755,10.274761047244631,2.2944131817963402,2.59418780801271,0.5792970440276947,1.7704918032786885,0.05431891362172757,85716.0,4656.0,154013.75814108277,153855.512684794,158.2454562887753,35.33711968568937
10,synthetic_n_solvers,weth_usdc_3000,WETH/USDC,weth_usdc_3000_month_23601643_23608842_w18,25,23,0.92,99.65132048426953,17.7984443531658,8.414747166546647,2.4004200698125957,1.1348704178960716,149,0.22956714147420826,86772.0,19920.0,31019.374789274545,30911.216583476686,55.2096616056897,26.10201961160965
10,synthetic_n_solvers,weth_usdc_3000,WETH/USDC,weth_usdc_3000_month_23608843_23616042_w19,46,42,0.9130434782608695,99.66258376734918,11.626680199088332,4.913891119049414,3.125006715460531,1.3207504191330013,56.372093023255815,0.17708188998198698,86604.0,15336.0,112887.15248195599,112506.25290490458,131.2502820493423,55.47151760358605
10,synthetic_n_solvers,weth_usdc_3000,WETH/USDC,weth_usdc_3000_month_23616043_23623242_w20,33,32,0.9696969696969697,99.81808971667616,18.191028332384967,9.708855199798249,3.415685208339992,1.8230081603923203,82.875,0.14117809734513273,86784.0,12252.0,60085.622796976604,59976.320870309726,109.30192666687974,58.33626113255425
10,synthetic_n_solvers,weth_usdc_3000,WETH/USDC,weth_usdc_3000_month_23623243_23630442_w21,60,59,0.9833333333333333,99.86817618520297,13.182381479702553,5.163750355460947,3.0879268080116953,1.2095904808292324,26.033898305084747,0.1135407905803196,85608.0,9720.0,138205.43879208152,138023.25111040883,182.18768167269002,71.36583836892471
10,synthetic_n_solvers,weth_usdc_3000,WETH/USDC,weth_usdc_3000_month_23630443_23637642_w22,47,47,1.0,99.88900040301456,11.099959698544197,3.3388933633325615,3.0280224281889736,0.9108360988759544,14.808510638297872,0.13576480377201497,86532.0,11748.0,128214.02778926054,128071.71073513565,142.31705412488176,42.80929664716986
10,synthetic_n_solvers,weth_usdc_3000,WETH/USDC,weth_usdc_3000_month_23637643_23644842_w23,33,32,0.9696969696969697,99.8415199290568,12.90493536613915,5.16553441279751,2.913877536793715,1.1663549071682566,65.81818181818181,0.18342541436464088,86880.0,15936.0,72254.58983859699,72140.08071336107,93.24408117739888,37.323357029384205
10,synthetic_n_solvers,weth_usdc_3000,WETH/USDC,weth_usdc_3000_month_23644843_23652042_w24,32,29,0.90625,99.85148644139574,12.358588784692117,4.019561081618182,2.471760173379964,0.8039260120312699,94,0.29058644114792737,86556.0,25152.0,58000.99532141259,57914.85597923487,71.68104502801896,23.31385434890683
10,synthetic_n_solvers,weth_usdc_3000,WETH/USDC,weth_usdc_3000_month_23652043_23659242_w25,18,15,0.8333333333333334,99.50410192535402,49.58980746459961,36.798269618930654,3.759141649587366,2.78948265842767,192,0.4829403606102635,86520.0,41784.0,11370.708544102183,11314.321419358374,56.387124743810496,41.84223987641506
10,synthetic_n_solvers,weth_usdc_3000,WETH/USDC,weth_usdc_3000_month_23659243_23666442_w26,32,28,0.875,99.85893964791245,14.106035208754438,8.050409077570484,3.9671933535618433,2.264103903992144,65.57142857142857,0.34033149171270716,86880.0,29568.0,78747.43842323084,78636.3570093311,111.08141389973161,63.394909311780026
10,synthetic_n_solvers,weth_usdc_3000,WETH/USDC,weth_usdc_3000_month_23666443_23673642_w27,30,29,0.9666666666666667,99.71456697511613,11.879517910923152,3.712408670044872,1.6699914792748476,0.5218806767285079,67.2,0.15815622412365443,86952.0,13752.0,40767.43960665246,40651.07587061548,48.42975289897058,15.13453962512673
10,synthetic_n_solvers,weth_usdc_3000,WETH/USDC,weth_usdc_3000_month_23673643_23680842_w28,38,37,0.9736842105263158,99.63862534101735,14.762636410853023,6.379444979852007,3.970181544063515,1.7156525444030486,48.94736842105263,0.19925383446179357,86844.0,17304.0,99505.74751157337,99146.15895583527,146.89671713035005,63.4791441429128
10,synthetic_n_solvers,weth_usdc_3000,WETH/USDC,weth_usdc_3000_month_23680843_23688042_w29,53,53,1.0,99.87470654975712,12.52934502428796,5.5763445691289215,4.405404439051538,1.9606813501344675,32.15094339622642,0.2034763415643537,86988.0,17700.0,186351.66867631258,186118.18224104284,233.48643526973152,103.91611155712678
10,synthetic_n_solvers,weth_usdc_3000,WETH/USDC,weth_usdc_3000_month_23688043_23695242_w30,41,40,0.975609756097561,99.57330437082898,12.127998152672596,4.151713432753938,4.185346606955515,1.4327475573534099,44.19512195121951,0.06843205574912892,86100.0,5892.0,138039.1571393242,137450.1500892662,167.41386427822061,57.30990229413639
10,synthetic_n_solvers,weth_usdc_3000,WETH/USDC,weth_usdc_3000_month_23695243_23700766_w31,28,26,0.9285714285714286,99.82604026048824,12.139914920486328,4.0240375310523895,3.6176059743446505,1.1991337920133502,56.888888888888886,0.2561283345349676,66576.0,17052.0,77478.10091670143,77343.32021416808,94.05775533296091,31.177478592347107
10,synthetic_n_solvers,wbtc_usdc_500,WBTC/USDC,wbtc_usdc_500_month_23479243_23486442_w01,27,25,0.9259259259259259,99.58675492470857,19.546630705745077,9.395453456692154,0.12023327713015812,0.05779237231355418,84,0.21052631578947367,87096.0,18336.0,1537.7749615796902,1531.4201822818973,3.005831928253953,1.4448093078388544
10,synthetic_n_solvers,wbtc_usdc_500,WBTC/USDC,wbtc_usdc_500_month_23486443_23493642_w02,14,14,1.0,99.62963607640587,37.036392359413625,26.290466277314795,0.23225849203944635,0.16486983919293718,112.28571428571429,0.20202020202020202,86724.0,17520.0,877.9523818079915,874.7007629194393,3.251618888552249,2.3081777487011204
10,synthetic_n_solvers,wbtc_usdc_500,WBTC/USDC,wbtc_usdc_500_month_23493643_23500842_w03,21,21,1.0,99.77351771588025,22.648228411975385,13.074168585394839,0.14210146884339736,0.08203107660767214,83.42857142857143,0.1415537738457285,86808.0,12288.0,1317.600119280618,1314.6159884349065,2.9841308457113445,1.722652608761115
10,synthetic_n_solvers,wbtc_usdc_500,WBTC/USDC,wbtc_usdc_500_month_23500843_23508042_w04,15,13,0.8666666666666667,98.74746043335854,125.25395666414644,99.9035812441488,0.22096062157588306,0.1762400006935883,184.6153846153846,0.305524861878453,86880.0,26544.0,229.33312104372993,226.46063296324346,2.87248808048648,2.291120009016648
10,synthetic_n_solvers,wbtc_usdc_500,WBTC/USDC,wbtc_usdc_500_month_23508043_23515242_w05,15,15,1.0,99.85324291388493,14.675708611508306,9.98462013011139,0.2619929650811699,0.17824694550324469,64.8,0.26035748926146596,86604.0,22548.0,2677.8226389258157,2673.8927444495985,3.929894476217549,2.6737041825486703
10,synthetic_n_solvers,wbtc_usdc_500,WBTC/USDC,wbtc_usdc_500_month_23515243_23522442_w06,19,17,0.8947368421052632,98.79263389471677,37.25587572843086,26.86402712259641,0.160263369144607,0.1155608185630142,152.8421052631579,0.09713177220451712,86604.0,8412.0,731.2879437643186,722.4586209992856,2.724477275458319,1.9645339155712414
10,synthetic_n_solvers,wbtc_usdc_500,WBTC/USDC,wbtc_usdc_500_month_23522443_23529642_w07,24,24,1.0,99.82906973384735,17.09302661526741,7.987872342062295,0.202242775383349,0.09451161039108329,77.5,0.03364253080437491,86676.0,2916.0,2839.65310442152,2834.79927781232,4.853826609200376,2.268278649385999
10,synthetic_n_solvers,wbtc_usdc_500,WBTC/USDC,wbtc_usdc_500_month_23529643_23536842_w08,21,21,1.0,99.76330003856675,23.669996143323733,12.91206690473956,0.12451023730708985,0.06792077635752387,90.28571428571429,0.16415433549993086,86772.0,14244.0,1104.6537429142688,1102.0390279308199,2.614714983448887,1.4263363035080014
10,synthetic_n_solvers,wbtc_usdc_500,WBTC/USDC,wbtc_usdc_500_month_23536843_23544042_w09,22,22,1.0,99.80102993958168,19.897006041832274,10.579780495693004,0.11780850140830894,0.06264199160446511,40.36363636363637,0.13842119790229093,86952.0,12036.0,1302.6015198134423,1300.0097327824597,2.5917870309827964,1.3781238152982322
10,synthetic_n_solvers,wbtc_usdc_500,WBTC/USDC,wbtc_usdc_500_month_23544043_23551242_w10,80,80,1.0,99.89675688779795,10.324311220204356,6.068183683535562,0.28780746236123117,0.1691607807872368,10.65,0.07948576168095106,86808.0,6900.0,22301.339525526964,22278.314928538064,23.02459698889849,13.532862462978942
10,synthetic_n_solvers,wbtc_usdc_500,WBTC/USDC,wbtc_usdc_500_month_23551243_23558442_w11,31,31,1.0,99.87969561055417,12.030438944582627,2.8854742256667403,0.09542276785959089,0.02288694024124674,22.451612903225808,0.26200027666343895,86748.0,22728.0,2458.85110034108,2455.8929945374325,2.9581058036473173,0.709495147478649
10,synthetic_n_solvers,wbtc_usdc_500,WBTC/USDC,wbtc_usdc_500_month_23558443_23565642_w12,26,26,1.0,99.87923276571081,12.076723428918537,5.605890392846869,0.17037033637228283,0.07908415204810205,19.846153846153847,0.09250553097345132,86784.0,8028.0,3667.9060936945084,3663.476464948829,4.429628745679354,2.0561879532506535
10,synthetic_n_solvers,wbtc_usdc_500,WBTC/USDC,wbtc_usdc_500_month_23565643_23572842_w13,18,18,1.0,99.81831371037877,18.16862896212114,7.737872541542234,0.19956889689607307,0.08499478362717972,46.666666666666664,0.16804635761589404,86976.0,14616.0,1977.166329731647,1973.5740895875176,3.5922401441293155,1.5299061052892349
10,synthetic_n_solvers,wbtc_usdc_500,WBTC/USDC,wbtc_usdc_500_month_23572843_23580042_w14,30,30,1.0,99.88592919922742,11.40708007725754,5.372999674624786,0.22564190210958734,0.10628257699651447,18.8,0.08996826272940527,86964.0,7824.0,5934.259264808342,5927.490007745054,6.76925706328762,3.188477309895434
10,synthetic_n_solvers,wbtc_usdc_500,WBTC/USDC,wbtc_usdc_500_month_23580043_23587242_w15,27,27,1.0,99.84991731751556,15.008268248442455,6.383065546262006,0.14497639287707628,0.06165893380077656,47.55555555555556,0.10954746136865343,86976.0,9528.0,2608.1374232415446,2604.2230606338635,3.9143626076810594,1.6647912126209672
10,synthetic_n_solvers,wbtc_usdc_500,WBTC/USDC,wbtc_usdc_500_month_23587243_23594442_w16,31,31,1.0,99.85849295589098,14.150704410901696,6.314312532289529,0.16968288030993595,0.0757157175038285,27.483870967741936,0.0680939226519337,86880.0,5916.0,3717.2490759934058,3711.9889067037975,5.260169289608014,2.3471872426186833
10,synthetic_n_solvers,wbtc_usdc_500,WBTC/USDC,wbtc_usdc_500_month_23594443_23601642_w17,42,42,1.0,99.83931479069149,16.06852093084936,7.437351162988412,0.1626501242480898,0.07528297694247071,33.142857142857146,0.0647342995169082,86940.0,5628.0,4251.359068963591,4244.527763745171,6.831305218419772,3.1618850315837697
10,synthetic_n_solvers,wbtc_usdc_500,WBTC/USDC,wbtc_usdc_500_month_23601643_23608842_w18,15,15,1.0,99.71507924782267,28.492075217734403,15.352635157068976,0.10322407827722592,0.055621136793453735,78.4,0.35517241379310344,87000.0,30900.0,543.4357316292068,541.8873704550484,1.5483611741583887,0.834317051901806
10,synthetic_n_solvers,wbtc_usdc_500,WBTC/USDC,wbtc_usdc_500_month_23608843_23616042_w19,24,24,1.0,99.81536857143585,18.4631428564136,9.185330892189182,0.48200669991054507,0.23979617475540105,57,0.2783462389380531,86784.0,24156.0,6265.542593597283,6253.974432799429,11.568160797853082,5.755108194129625
10,synthetic_n_solvers,wbtc_usdc_500,WBTC/USDC,wbtc_usdc_500_month_23616043_23623242_w20,21,21,1.0,99.83560754494411,16.439245505590073,6.928931070779781,0.12612867664828323,0.053161619020012124,41.714285714285715,0.3104017611447441,87216.0,27072.0,1611.206675338763,1608.557973129149,2.648702209613948,1.1163939994202545
10,synthetic_n_solvers,wbtc_usdc_500,WBTC/USDC,wbtc_usdc_500_month_23623243_23630442_w21,33,33,1.0,99.88420718650437,11.577976034099091,3.624709228401073,0.14340333089619328,0.04489518507828998,23.647058823529413,0.19350399119185246,87192.0,16872.0,4087.337808989178,4082.604965543079,4.732309919574379,1.4815411075835694
10,synthetic_n_solvers,wbtc_usdc_500,WBTC/USDC,wbtc_usdc_500_month_23630443_23637642_w22,31,31,1.0,99.81204114940711,18.795885059289468,9.397898130081947,0.17353106502392884,0.08676512259759261,53.03225806451613,0.1789647577092511,87168.0,15600.0,2862.042941193189,2856.6634781774474,5.379463015741795,2.689718800525371
10,synthetic_n_solvers,wbtc_usdc_500,WBTC/USDC,wbtc_usdc_500_month_23637643_23644842_w23,29,29,1.0,99.825606078355,17.439392164500624,8.225215637244522,0.15824299356673302,0.07463463937802602,67.03448275862068,0.16250861474844935,87060.0,14148.0,2631.4258949785276,2626.8368481650923,4.5890468134352576,2.164404541962755
10,synthetic_n_solvers,wbtc_usdc_500,WBTC/USDC,wbtc_usdc_500_month_23644843_23652042_w24,18,18,1.0,99.81300965726903,18.699034273096856,9.047551443213024,0.1579910202080312,0.07644415545857676,70.66666666666667,0.39161610590182017,87024.0,34080.0,1520.8477198397998,1518.0038814760553,2.843838363744562,1.3759947982543816
10,synthetic_n_solvers,wbtc_usdc_500,WBTC/USDC,wbtc_usdc_500_month_23652043_23659242_w25,16,15,0.9375,98.79017035787354,90.00056196681135,69.90806389734324,0.18800567026869883,0.14603367049034321,250.5,0.42764250138350857,86736.0,37092.0,313.3408272573252,309.54993704828183,2.8200850540304825,2.190505057355148
10,synthetic_n_solvers,wbtc_usdc_500,WBTC/USDC,wbtc_usdc_500_month_23659243_23666442_w26,19,18,0.9473684210526315,99.78203869858332,21.79613014166816,12.603651751951181,0.1795939829262136,0.10385054607563575,87.33333333333333,0.43373493975903615,86652.0,37584.0,1483.1493809498934,1479.9166892572216,3.2326916926718448,1.8693098293614434
10,synthetic_n_solvers,wbtc_usdc_500,WBTC/USDC,wbtc_usdc_500_month_23666443_23673642_w27,20,20,1.0,99.73714072818368,26.28592718163363,15.477259410954915,0.1897216926900629,0.11170889401615851,73.8,0.3017874463073299,86604.0,26136.0,1443.5229267668687,1439.7284929130676,3.7944338538012574,2.23417788032317
10,synthetic_n_solvers,wbtc_usdc_500,WBTC/USDC,wbtc_usdc_500_month_23673643_23680842_w28,25,25,1.0,99.80644736721575,19.355263278425213,9.359418544849378,0.14489436450018042,0.07006502482757711,75.84,0.28492849284928495,87264.0,24864.0,1871.5111545613827,1867.8887954488782,3.6223591125045105,1.7516256206894276
10,synthetic_n_solvers,wbtc_usdc_500,WBTC/USDC,wbtc_usdc_500_month_23680843_23688042_w29,33,33,1.0,99.83853322437245,16.146677562754494,7.268462518265745,0.16433924283125867,0.07397767262997262,33.45454545454545,0.2775691837018495,86292.0,23952.0,3358.706453605792,3353.28325859236,5.4231950134315365,2.4412631967890963
10,synthetic_n_solvers,wbtc_usdc_500,WBTC/USDC,wbtc_usdc_500_month_23688043_23695242_w30,35,35,1.0,99.8540046447875,14.599535521251008,5.7575251192464485,0.14972184809180314,0.05904484427150405,20.571428571428573,0.12096996417745935,87096.0,10536.0,3589.336575526945,3584.096310843732,5.240264683213109,2.0665695495026415
10,synthetic_n_solvers,wbtc_usdc_500,WBTC/USDC,wbtc_usdc_500_month_23695243_23700766_w31,21,20,0.9523809523809523,99.17828016081988,15.53091489803244,6.051452791858322,0.1249005466337145,0.04866614533616276,85.14285714285714,0.20557553956834532,66720.0,13716.0,1608.4119635416678,1595.1953233414995,2.49801093267429,0.973322906723255
10,synthetic_n_solvers,link_weth_3000,LINK/WETH,link_weth_3000_month_23479243_23486442_w01,65,59,0.9076923076923077,97.71540782602767,21.782548342314534,14.001310510066817,0.0009582203225520872,0.000615921519478312,151.93846153846152,0.2633466685060008,86988.0,22908.0,25.95426308351116,25.361314020293076,0.056534999030573144,0.0363393696492204
10,synthetic_n_solvers,link_weth_3000,LINK/WETH,link_weth_3000_month_23486443_23493642_w02,52,51,0.9807692307692307,99.56796901183708,15.783871386323701,7.049378358557705,0.0006152973228593951,0.0002748035336629649,58.61538461538461,0.19422128259337562,85140.0,16536.0,19.881157605617098,19.795264843955323,0.031380163465829156,0.01401498021681121
10,synthetic_n_solvers,link_weth_3000,LINK/WETH,link_weth_3000_month_23493643_23500842_w03,75,72,0.96,98.35080481050319,17.001217836109273,8.985077178909572,0.0005389547376657327,0.00028483547240835695,89.26027397260275,0.26325259515570937,86700.0,22824.0,22.824683199761417,22.448259622413065,0.03880474111193275,0.0205081540134017
10,synthetic_n_solvers,link_weth_3000,LINK/WETH,link_weth_3000_month_23500843_23508042_w04,42,30,0.7142857142857143,98.87156012515985,17.582277096137428,8.487145051079706,0.00035537231232964854,0.00017154185122824166,271.3333333333333,0.4013719725605488,85716.0,34404.0,6.063588528150065,5.995164577352186,0.010661169369889456,0.0051462555368472504
10,synthetic_n_solvers,link_weth_3000,LINK/WETH,link_weth_3000_month_23508043_23515242_w05,61,54,0.8852459016393442,98.54356825029281,14.772836161551426,6.585176228688483,0.00034730169739427314,0.00015481406934007082,148.0677966101695,0.30840732519422864,86496.0,26676.0,12.695119240611138,12.51022349332769,0.01875429165929075,0.008359959744363824
10,synthetic_n_solvers,link_weth_3000,LINK/WETH,link_weth_3000_month_23515243_23522442_w06,65,61,0.9384615384615385,99.22251592064525,14.162817478089664,5.911039051172688,0.0004552217183898937,0.00018999280040905736,87.5625,0.25538079470198677,86976.0,22212.0,19.606638908354444,19.454200412345415,0.027768524821783516,0.011589560824952497
10,synthetic_n_solvers,link_weth_3000,LINK/WETH,link_weth_3000_month_23522443_23529642_w07,78,73,0.9358974358974359,99.58961031275358,15.781865874495752,7.830657141944556,0.0005310272283634512,0.0002634854580199722,77.12,0.2134365496267625,86808.0,18528.0,24.56299399501171,24.462190000777223,0.038764987670531936,0.019234438435457968
10,synthetic_n_solvers,link_weth_3000,LINK/WETH,link_weth_3000_month_23529643_23536842_w08,61,53,0.8688524590163934,99.26579662568673,13.482844137346632,5.487585153457524,0.0004987904360198044,0.00020301020789872785,131.78947368421052,0.411797595750629,85848.0,35352.0,19.607059786313087,19.463104091758357,0.026435893109049632,0.010759541018632576
10,synthetic_n_solvers,link_weth_3000,LINK/WETH,link_weth_3000_month_23536843_23544042_w09,71,68,0.9577464788732394,99.4791920777347,28.756591972561523,20.267573215678507,0.0010360223742914097,0.0007301859463759619,97.37142857142857,0.17103620474406991,86508.0,14796.0,24.498564196701818,24.370973733524142,0.07044952145181586,0.049652644353565416
10,synthetic_n_solvers,link_weth_3000,LINK/WETH,link_weth_3000_month_23544043_23551242_w10,289,286,0.9896193771626297,99.89485196854496,10.146189938022065,8.881345198628095,0.005449807227095055,0.0047704231386826315,12.209059233449477,0.1566265060240964,85656.0,13416.0,1536.1873535486302,1534.5720827869125,1.5586448669491857,1.3643410176632327
10,synthetic_n_solvers,link_weth_3000,LINK/WETH,link_weth_3000_month_23551243_23558442_w11,192,191,0.9947916666666666,99.85719823654098,10.902994822401164,3.0063659844578106,7.16349002911482e-05,1.9752437843303135e-05,13.3125,0.09398861585450506,86436.0,8124.0,12.549089656997621,12.531169335669375,0.013682265955609306,0.0037727156280708985
10,synthetic_n_solvers,link_weth_3000,LINK/WETH,link_weth_3000_month_23558443_23565642_w12,152,149,0.9802631578947368,99.14060417665796,11.305870446198927,3.5383406660184007,9.682278135819332e-05,3.03021325343317e-05,16.56,0.14631447932512792,86772.0,12696.0,12.760268650717713,12.650607434886222,0.014426594422370806,0.004515017747615423
10,synthetic_n_solvers,link_weth_3000,LINK/WETH,link_weth_3000_month_23565643_23572842_w13,140,138,0.9857142857142858,99.81859722944466,12.1773500818711,4.16919945017544,0.00012098760974623424,4.1422926387161397e-05,33.6,0.08230907333241265,86892.0,7152.0,13.710938777917494,13.686066755105205,0.016696290144980325,0.005716363841428273
10,synthetic_n_solvers,link_weth_3000,LINK/WETH,link_weth_3000_month_23572843_23580042_w14,156,155,0.9935897435897436,99.8668179217252,12.499022069281047,5.047735217303022,0.0001707318167704969,6.895011461293754e-05,31.23076923076923,0.10506592643997224,86460.0,9084.0,21.17240169090222,21.144203846309587,0.026463431599427018,0.01068726776500532
10,synthetic_n_solvers,link_weth_3000,LINK/WETH,link_weth_3000_month_23580043_23587242_w15,120,119,0.9916666666666667,99.85026527322557,14.973472677441642,6.844025125293877,0.00019793902546166942,9.047331188420836e-05,15.932773109243698,0.10202954576832804,86916.0,8868.0,15.730982743518927,15.707427999488988,0.02355474402993866,0.010766324114220795
10,synthetic_n_solvers,link_weth_3000,LINK/WETH,link_weth_3000_month_23587243_23594442_w16,114,113,0.9912280701754386,99.85653157530805,14.34684246919344,6.298992661577228,0.000290062255779495,0.00012735206540943452,20.07079646017699,0.19416934021481377,86028.0,16704.0,22.846166306951595,22.81338927204851,0.03277703490308294,0.014390783391266102
10,synthetic_n_solvers,link_weth_3000,LINK/WETH,link_weth_3000_month_23594443_23601642_w17,168,165,0.9821428571428571,99.23880765339136,10.672544833373516,3.057386404844823,0.00018212425310602296,5.217351851244122e-05,25.142857142857142,0.0722121927510068,86412.0,6240.0,28.156828789816416,27.942501164020634,0.030050501762493787,0.008608630554552802
10,synthetic_n_solvers,link_weth_3000,LINK/WETH,link_weth_3000_month_23601643_23608842_w18,56,48,0.8571428571428571,96.08688879483428,11.941697158472378,4.045359873673751,0.00014697911388571576,4.979052823823746e-05,226.66666666666666,0.295615866388309,86220.0,25488.0,5.907868348100745,5.676686889784776,0.007054997466514356,0.0023899453554353982
10,synthetic_n_solvers,link_weth_3000,LINK/WETH,link_weth_3000_month_23608843_23616042_w19,93,88,0.946236559139785,99.79704723941444,12.57265463438536,4.468837901015711,0.000203106510794122,7.219239689424597e-05,32.89887640449438,0.19672358739414134,86436.0,17004.0,14.216069294546806,14.187217389466767,0.017873372949882733,0.006352930926693645
10,synthetic_n_solvers,link_weth_3000,LINK/WETH,link_weth_3000_month_23616043_23623242_w20,100,97,0.97,99.71359534766755,10.768896585094712,3.0813420676568244,0.0002434192223099401,6.96503939705472e-05,39.673469387755105,0.18194425183747054,86532.0,15744.0,21.925797483045034,21.863000978992602,0.023611664564064192,0.006756088215143078
10,synthetic_n_solvers,link_weth_3000,LINK/WETH,link_weth_3000_month_23623243_23630442_w21,131,128,0.9770992366412213,99.41150460168502,19.172607257620403,11.403766461152637,0.000518899722624128,0.00030863883946772474,45.323076923076925,0.12891698735568993,87312.0,11256.0,34.64273982323882,34.43886889352883,0.06641916449588839,0.03950577145186877
10,synthetic_n_solvers,link_weth_3000,LINK/WETH,link_weth_3000_month_23630443_23637642_w22,97,90,0.9278350515463918,99.13930758803467,17.805876523305447,10.360975906935522,0.0004909255659860585,0.00028566231797815455,56.25806451612903,0.23871784057359763,85356.0,20376.0,24.813887078749197,24.60031583554876,0.044183300938745264,0.02570960861803391
10,synthetic_n_solvers,link_weth_3000,LINK/WETH,link_weth_3000_month_23637643_23644842_w23,60,55,0.9166666666666666,99.8017732819741,19.8226718025886,11.556195029810445,0.0003725291775592846,0.00021717656797444395,46.69090909090909,0.35969529085872576,86640.0,31164.0,10.336197345044587,10.315708240278825,0.02048910476576065,0.011944711238594417
10,synthetic_n_solvers,link_weth_3000,LINK/WETH,link_weth_3000_month_23644843_23652042_w24,67,61,0.9104477611940298,98.59612662650531,17.351472904814745,9.382834058627026,0.0003374393476676535,0.00018247081509365087,125.81818181818181,0.26301939058171747,86640.0,22788.0,11.862854710169993,11.696315251557555,0.020583800207726863,0.011130719720712704
10,synthetic_n_solvers,link_weth_3000,LINK/WETH,link_weth_3000_month_23652043_23659242_w25,30,21,0.7,84.89730604980224,14.825802883225975,9.142608573450111,0.00037497310312610636,0.00023123417560965011,489.42857142857144,0.43051656372824254,85488.0,36804.0,5.311304370947376,4.509154327039717,0.007874435165648234,0.004855917687802653
10,synthetic_n_solvers,link_weth_3000,LINK/WETH,link_weth_3000_month_23659243_23666442_w26,56,49,0.875,99.36837254264577,14.791675545485523,8.062838425835324,0.0003914651132305899,0.00021338488311372522,115.15384615384616,0.4286946520989074,83472.0,35784.0,12.967963290780308,12.886054073976121,0.019181790548298903,0.010455859272572537
10,synthetic_n_solvers,link_weth_3000,LINK/WETH,link_weth_3000_month_23666443_23673642_w27,73,71,0.9726027397260274,99.50576199462382,18.3700558061799,10.197357966954732,0.00038618744563655573,0.00021437559401289404,75.45205479452055,0.1805008441193022,85296.0,15396.0,14.926088918560218,14.85231851440845,0.027419308640195456,0.015220667174915478
10,synthetic_n_solvers,link_weth_3000,LINK/WETH,link_weth_3000_month_23673643_23680842_w28,91,86,0.945054945054945,97.37865165848648,13.986191300272363,6.321168301364341,0.0003374377922082214,0.00015250764343166382,72.9438202247191,0.1696293234118782,87084.0,14772.0,20.748786790397983,20.204888811983707,0.02901965012990704,0.013115657335123088
10,synthetic_n_solvers,link_weth_3000,LINK/WETH,link_weth_3000_month_23680843_23688042_w29,111,108,0.972972972972973,99.14171333463658,14.055125492067,6.318583741704167,0.00034973624860076743,0.0001572264705527313,48.43636363636364,0.2058287795992714,85644.0,17628.0,26.87383678658856,26.64318222897774,0.03777151484888288,0.016980458819694982
10,synthetic_n_solvers,link_weth_3000,LINK/WETH,link_weth_3000_month_23688043_23695242_w30,109,108,0.9908256880733946,99.88569868014649,11.430131985351776,3.470186035018791,0.0003561336041798273,0.00010812209880074377,16.666666666666668,0.06973848069738481,86724.0,6048.0,33.650030726427886,33.61156829717647,0.03846242925142135,0.011677186670480327
10,synthetic_n_solvers,link_weth_3000,LINK/WETH,link_weth_3000_month_23695243_23700766_w31,64,60,0.9375,99.07070765894359,18.869193125532362,10.814469480474227,0.00027355302111201757,0.00015678099102735068,37.377049180327866,0.11803928635790233,66588.0,7860.0,8.698401228673621,8.6175676522612,0.016413181266721054,0.00940685946164104
10,synthetic_n_solvers,uni_weth_3000,UNI/WETH,uni_weth_3000_month_23479243_23486442_w01,56,52,0.9285714285714286,99.32260961844159,19.180190283328063,12.24933059712226,0.00011691884423014936,7.466962292096901e-05,142.07142857142858,0.15944909839557006,84516.0,13476.0,3.169822514874879,3.148350442046644,0.006079779899967767,0.003882820391890388
10,synthetic_n_solvers,uni_weth_3000,UNI/WETH,uni_weth_3000_month_23486443_23493642_w02,52,43,0.8269230769230769,99.1971869593725,12.483684593108256,6.817918996472216,0.00011727986687866118,6.405197330419471e-05,165.19148936170214,0.35662983425414363,86880.0,30984.0,4.039700168783893,4.007268929026646,0.005043034275782431,0.0027542348520803728
10,synthetic_n_solvers,uni_weth_3000,UNI/WETH,uni_weth_3000_month_23493643_23500842_w03,63,57,0.9047619047619048,99.2366179258784,13.160112680403136,7.016789282029483,0.0001113951547886533,5.939434921062498e-05,144,0.23170045045045046,85248.0,19752.0,4.8248248150704525,4.787992967324434,0.006349523822953238,0.0033854779050056234
10,synthetic_n_solvers,uni_weth_3000,UNI/WETH,uni_weth_3000_month_23500843_23508042_w04,29,22,0.7586206896551724,95.10248244143511,27.517666290875553,20.188186644930404,2.1984072181369678e-05,1.612849533538667e-05,549.3333333333334,0.45044543429844097,86208.0,38832.0,0.17575966758144163,0.16715180700076523,0.0004836495879901329,0.0003548268973785067
10,synthetic_n_solvers,uni_weth_3000,UNI/WETH,uni_weth_3000_month_23508043_23515242_w05,49,41,0.8367346938775511,98.09522948427536,13.581997189313965,7.627935473974132,3.6131357154473175e-05,2.02921306137714e-05,237.25,0.3224819143016138,86256.0,27816.0,1.090697945732844,1.0699226528469106,0.0014813856433334002,0.0008319773551646274
10,synthetic_n_solvers,uni_weth_3000,UNI/WETH,uni_weth_3000_month_23515243_23522442_w06,46,36,0.782608695652174,96.47129375685381,31.090432053460177,24.97781510623337,4.7037184519265065e-05,3.778931396063463e-05,175.8,0.34944027207028483,84684.0,29592.0,0.5446494406323581,0.5254303618175032,0.0016933386426935422,0.0013604153025828468
10,synthetic_n_solvers,uni_weth_3000,UNI/WETH,uni_weth_3000_month_23522443_23529642_w07,57,50,0.8771929824561403,99.6143303243712,16.27792940197868,10.545623332286464,2.9877953842345073e-05,1.9356371402035458e-05,143.34545454545454,0.25651442981227235,85656.0,21972.0,0.9177442997975291,0.9142048383333982,0.0014938976921172538,0.0009678185701017728
10,synthetic_n_solvers,uni_weth_3000,UNI/WETH,uni_weth_3000_month_23529643_23536842_w08,44,32,0.7272727272727273,98.31403930161369,24.399720689293478,17.786106226226583,0.0003058622121654137,0.0002229573799404105,322.3783783783784,0.4883720930232558,84624.0,41328.0,4.011353619137125,3.9437237736451762,0.009787590789293239,0.007134636158093136
10,synthetic_n_solvers,uni_weth_3000,UNI/WETH,uni_weth_3000_month_23536843_23544042_w09,50,44,0.88,96.96740715420339,13.484640705289916,7.625007781495765,2.712596897612656e-05,1.533861591450766e-05,158,0.2453510963086317,86472.0,21216.0,0.8851126708043109,0.85827080727226,0.0011935426349495685,0.000674899100238337
10,synthetic_n_solvers,uni_weth_3000,UNI/WETH,uni_weth_3000_month_23544043_23551242_w10,220,217,0.9863636363636363,99.89694952373499,10.175787027205041,9.143074167785333,0.00027460464158187494,0.0002467357658025599,9.137614678899082,0.09353122374684962,85704.0,8016.0,58.55980187473919,58.499455720007425,0.059589207223266855,0.0535416611791555
10,synthetic_n_solvers,uni_weth_3000,UNI/WETH,uni_weth_3000_month_23551243_23558442_w11,110,109,0.990909090909091,99.87776688991941,12.223311008058616,6.79938404777848,9.89760075191199e-06,5.505675885974149e-06,16.954128440366972,0.09337766694375173,86616.0,8088.0,0.8826074058388499,0.8815285673568916,0.0010788384819584071,0.0006001186715711823
10,synthetic_n_solvers,uni_weth_3000,UNI/WETH,uni_weth_3000_month_23558443_23565642_w12,97,94,0.9690721649484536,99.84112789738091,15.153939921278411,9.569387867192532,3.963621625773891e-05,2.502942000090945e-05,49.26315789473684,0.15694502727654217,85788.0,13464.0,2.4586373890765314,2.4547313001607267,0.003725804328227457,0.0023527654800854884
10,synthetic_n_solvers,uni_weth_3000,UNI/WETH,uni_weth_3000_month_23565643_23572842_w13,78,76,0.9743589743589743,99.38580865106869,17.656909445837837,11.462899008903749,3.900221500239561e-05,2.5320311749200187e-05,70.46153846153847,0.0947179203539823,86784.0,8220.0,1.6787583066417056,1.6684475183528464,0.002964168340182066,0.0019243436929392143
10,synthetic_n_solvers,uni_weth_3000,UNI/WETH,uni_weth_3000_month_23572843_23580042_w14,114,112,0.9824561403508771,99.06865851567332,11.527662179614982,5.957242850378799,3.706108596434189e-05,1.9152355954598576e-05,28.353982300884955,0.1029886347691876,85524.0,8808.0,3.6007661946812255,3.5672307653565483,0.004150841628006292,0.0021450638669150406
10,synthetic_n_solvers,uni_weth_3000,UNI/WETH,uni_weth_3000_month_23580043_23587242_w15,85,79,0.9294117647058824,99.21820421428322,13.06345279854962,6.875872926506568,3.222350961205493e-05,1.6960658162530512e-05,56.81927710843374,0.11278091824072797,87036.0,9816.0,1.9486863837675235,1.933451635742392,0.0025456572593523393,0.0013398919948399103
10,synthetic_n_solvers,uni_weth_3000,UNI/WETH,uni_weth_3000_month_23587243_23594442_w16,80,72,0.9,99.39654089137849,13.564985618932527,7.7974296487990316,5.490884162210166e-05,3.156271902329359e-05,133.07692307692307,0.19482686691697956,86292.0,16812.0,2.9144421585479185,2.896854691876656,0.003953436596791319,0.0022725157696771386
10,synthetic_n_solvers,uni_weth_3000,UNI/WETH,uni_weth_3000_month_23594443_23601642_w17,99,94,0.9494949494949495,99.71437969428676,15.631930187450438,9.77295536464456,4.998355287328763e-05,3.1249309927775676e-05,48.24742268041237,0.10497161058025205,86652.0,9096.0,3.005677426746078,2.997092601691052,0.004698453970089037,0.0029374351332109136
10,synthetic_n_solvers,uni_weth_3000,UNI/WETH,uni_weth_3000_month_23601643_23608842_w18,41,30,0.7317073170731707,96.61902344904617,16.91535158829174,10.224032490435162,3.242890163034689e-05,1.960078347572057e-05,313.37142857142857,0.4606446258126988,86748.0,39960.0,0.5751385324936397,0.5556932335745297,0.0009728670489104067,0.0005880235042716171
10,synthetic_n_solvers,uni_weth_3000,UNI/WETH,uni_weth_3000_month_23608843_23616042_w19,61,57,0.9344262295081968,99.24007976372262,14.34983895224711,9.087556905103748,4.619345375743039e-05,2.9253682989814393e-05,111.8,0.16731355697255337,86568.0,14484.0,1.8348825188461186,1.820938875273491,0.0026330268641735323,0.0016674599304194204
10,synthetic_n_solvers,uni_weth_3000,UNI/WETH,uni_weth_3000_month_23616043_23623242_w20,54,43,0.7962962962962963,98.85721130607408,11.900589087674048,5.911332337287354,0.00014164682863727608,7.035966643575488e-05,233.14285714285714,0.35145385587863465,85428.0,30024.0,5.118077421655865,5.0595886115348065,0.0060908136314028714,0.00302546565673746
10,synthetic_n_solvers,uni_weth_3000,UNI/WETH,uni_weth_3000_month_23623243_23630442_w21,79,77,0.9746835443037974,99.73742870046655,16.49411744445079,9.909052248334163,0.00020658976063262733,0.00012411144391167607,41.53846153846154,0.11361424002225004,86292.0,9804.0,9.644293865546667,9.618970717813076,0.015907411568712303,0.009556581181199057
10,synthetic_n_solvers,uni_weth_3000,UNI/WETH,uni_weth_3000_month_23630443_23637642_w22,61,57,0.9344262295081968,99.0471449687113,39.674624712476316,33.07263667924649,0.00014180998173974837,0.0001182123343965601,160.2,0.2431477818592823,84936.0,20652.0,2.037364944909933,2.0179518105266463,0.008083168959165658,0.006738103060603926
10,synthetic_n_solvers,uni_weth_3000,UNI/WETH,uni_weth_3000_month_23637643_23644842_w23,50,43,0.86,99.57623460428606,26.8650583417745,20.36800102897291,0.0003022847972879823,0.0002291801113504603,98.93333333333334,0.23375,86400.0,20196.0,4.838346568252669,4.817843329771701,0.012998246283383239,0.009854744788069792
10,synthetic_n_solvers,uni_weth_3000,UNI/WETH,uni_weth_3000_month_23644843_23652042_w24,51,45,0.8823529411764706,99.39652427726519,16.734277591415992,9.911025021347974,5.3205116004158214e-05,3.151120406006807e-05,127,0.22868647597889474,86424.0,19764.0,1.4307341366293953,1.4221000034579574,0.0023942302201871196,0.001418004182703063
10,synthetic_n_solvers,uni_weth_3000,UNI/WETH,uni_weth_3000_month_23652043_23659242_w25,30,20,0.6666666666666666,95.50091341869388,43.50582468702898,33.9124751075643,0.00019013261016500484,0.00014820699195432904,390.24,0.5923442302319084,85896.0,50880.0,0.8740558834720439,0.8347313525056366,0.003802652203300097,0.0029641398390865808
10,synthetic_n_solvers,uni_weth_3000,UNI/WETH,uni_weth_3000_month_23659243_23666442_w26,46,39,0.8478260869565217,99.70140701469434,13.87883448471196,8.446682426889398,5.870496302921422e-05,3.572794099794661e-05,145.14285714285714,0.23948631103584533,85032.0,20364.0,1.6496295569064643,1.6447038787660129,0.0022894935581393547,0.0013933896989199177
10,synthetic_n_solvers,uni_weth_3000,UNI/WETH,uni_weth_3000_month_23666443_23673642_w27,52,45,0.8653846153846154,98.19568336041894,12.616926302435724,6.695092432787651,5.0990171426170166e-05,2.705761313640962e-05,94.97872340425532,0.2631578947368421,85956.0,22620.0,1.8186344749708871,1.7858205505258298,0.002294557714177657,0.0012175925911384329
10,synthetic_n_solvers,uni_weth_3000,UNI/WETH,uni_weth_3000_month_23673643_23680842_w28,60,51,0.85,99.26192003894229,11.611792841978877,5.680232649418304,4.932320360917558e-05,2.4127822062230304e-05,180.61016949152543,0.25636035034060894,86316.0,22128.0,2.1663178273160333,2.150328669539793,0.0025154833840679547,0.0012305189251737454
10,synthetic_n_solvers,uni_weth_3000,UNI/WETH,uni_weth_3000_month_23680843_23688042_w29,83,77,0.927710843373494,99.39941455615727,14.425746988974188,8.915199208110172,7.28083429654959e-05,4.4995997922736354e-05,86.25,0.24975798644724104,86772.0,21672.0,3.8862752914134138,3.8629348877055283,0.005606242408343184,0.0034646918400506994
10,synthetic_n_solvers,uni_weth_3000,UNI/WETH,uni_weth_3000_month_23688043_23695242_w30,58,55,0.9482758620689655,99.50767496741051,27.901560416206824,21.50430553290974,7.077413375331123e-05,5.4547078133099306e-05,90.10526315789474,0.14307778713844427,85464.0,12228.0,1.3951109896244676,1.3882425089901393,0.0038925773564321173,0.003000089297320462
10,synthetic_n_solvers,uni_weth_3000,UNI/WETH,uni_weth_3000_month_23695243_23700766_w31,39,34,0.8717948717948718,98.40430816860516,12.411339880079524,6.019589504328007,1.4623970567111202e-05,7.092731372111956e-06,149.1891891891892,0.3085262771040059,65304.0,20148.0,0.40061347452084684,0.39422091803245063,0.0004972149992817809,0.0002411528666518065
